{"type": "FeatureCollection", "crs": {"type": "name", "properties": {"name": "urn:ogc:def:crs:OGC:1.3:CRS84"}}, "metadata": {"source": "BMC_GIS", "layer_id": 7, "layer_name": "Storm Water Drains", "retrieved_at": "2026-09-12T13:52:11.992342+00:00", "attribution": "Brihanmumbai Municipal Corporation (BMC/MCGM) GIS Portal", "feature_count": 2197}, "features": [{"type": "Feature", "id": 18991, "geometry": {"type": "LineString", "coordinates": [[72.84913864397602, 19.070729534398527], [72.85000355026341, 19.071212930966755]]}, "properties": {"OBJECTID": 18991, "US_NODE_ID": "2173106002", "DS_NODE_ID": "2173107001", "CONDUIT_LE": 105.60000000000001, "SHAPE_1": "RECT", "CONDUIT_WI": 1500, "CONDUIT_HE": 1500, "US_INVERT": 25.313000000000002, "DS_INVERT": 24.946, "USER_TEXT2": "Existing", "SHAPE.LEN": 105.61557650271101}}, {"type": "Feature", "id": 19025, "geometry": {"type": "LineString", "coordinates": [[72.85036042755783, 19.071385098963045], [72.85048610387013, 19.071142684791504]]}, "properties": {"OBJECTID": 19025, "US_NODE_ID": "2173108101", "DS_NODE_ID": "2173108001", "CONDUIT_LE": 29.900000000000002, "SHAPE_1": "OREC", "CONDUIT_WI": 60000, "CONDUIT_HE": 4806, "US_INVERT": 23.562, "DS_INVERT": 23.551000000000002, "USER_TEXT2": "Existing", "SHAPE.LEN": 29.9234022129837}}, {"type": "Feature", "id": 19015, "geometry": {"type": "LineString", "coordinates": [[72.8498539072725, 19.072355613176615], [72.84998147323259, 19.072114124798286]]}, "properties": {"OBJECTID": 19015, "US_NODE_ID": "2173107204", "DS_NODE_ID": "2173107101", "CONDUIT_LE": 29.900000000000002, "SHAPE_1": "OREC", "CONDUIT_WI": 60000, "CONDUIT_HE": 4640, "US_INVERT": 23.608, "DS_INVERT": 23.597, "USER_TEXT2": "Existing", "SHAPE.LEN": 29.920227271864096}}, {"type": "Feature", "id": 19311, "geometry": {"type": "LineString", "coordinates": [[72.85001159524217, 19.113106044050483], [72.84992887892282, 19.113109593774436]]}, "properties": {"OBJECTID": 19311, "US_NODE_ID": "2173148703", "DS_NODE_ID": "2173148702", "CONDUIT_LE": 8.700000000000001, "SHAPE_1": "OREC", "CONDUIT_WI": 4500, "CONDUIT_HE": 2644, "US_INVERT": 34.354, "DS_INVERT": 34.306000000000004, "USER_TEXT2": "Existing", "SHAPE.LEN": 8.71435597161374}}, {"type": "Feature", "id": 18903, "geometry": {"type": "LineString", "coordinates": [[72.85092823336511, 19.06713466226139], [72.85117679277545, 19.067234208018]]}, "properties": {"OBJECTID": 18903, "US_NODE_ID": "2173098601", "DS_NODE_ID": "2173098602", "CONDUIT_LE": 28.400000000000002, "SHAPE_1": "RECT", "CONDUIT_WI": 1500, "CONDUIT_HE": 1500, "US_INVERT": 24.7, "DS_INVERT": 24.650000000000002, "USER_TEXT2": "Existing", "SHAPE.LEN": 28.3933090709766}}, {"type": "Feature", "id": 18905, "geometry": {"type": "LineString", "coordinates": [[72.85098791355153, 19.070168500144046], [72.85111442208196, 19.069926445523336]]}, "properties": {"OBJECTID": 18905, "US_NODE_ID": "2173098901", "DS_NODE_ID": "2173098902", "CONDUIT_LE": 29.900000000000002, "SHAPE_1": "OREC", "CONDUIT_WI": 60000, "CONDUIT_HE": 4865, "US_INVERT": 23.505000000000003, "DS_INVERT": 23.494, "USER_TEXT2": "Existing", "SHAPE.LEN": 29.926614281104396}}, {"type": "Feature", "id": 19105, "geometry": {"type": "LineString", "coordinates": [[72.8512349503571, 19.086221368973366], [72.85114430389832, 19.08588339669671]]}, "properties": {"OBJECTID": 19105, "US_NODE_ID": "2173119702", "DS_NODE_ID": "2173119701", "CONDUIT_LE": 38.6, "SHAPE_1": "RECT", "CONDUIT_WI": 3000, "CONDUIT_HE": 2000, "US_INVERT": 26.922, "DS_INVERT": 26.844, "USER_TEXT2": "Proposal", "SHAPE.LEN": 38.6172241363876}}, {"type": "Feature", "id": 19233, "geometry": {"type": "LineString", "coordinates": [[72.85091692229079, 19.092825885683673], [72.85071709918374, 19.092632870899976]]}, "properties": {"OBJECTID": 19233, "US_NODE_ID": "2173128404", "DS_NODE_ID": "2173128403", "CONDUIT_LE": 30, "SHAPE_1": "OREC", "CONDUIT_WI": 3200, "CONDUIT_HE": 2356, "US_INVERT": 28.642000000000003, "DS_INVERT": 28.558, "USER_TEXT2": "Existing", "SHAPE.LEN": 29.984647605899898}}, {"type": "Feature", "id": 19236, "geometry": {"type": "LineString", "coordinates": [[72.85090590198362, 19.093234049783693], [72.85106207628664, 19.093043379228344]]}, "properties": {"OBJECTID": 19236, "US_NODE_ID": "2173128503", "DS_NODE_ID": "2173129501", "CONDUIT_LE": 26.8, "SHAPE_1": "RECT", "CONDUIT_WI": 9000, "CONDUIT_HE": 3344, "US_INVERT": 28.814, "DS_INVERT": 28.698, "USER_TEXT2": "Existing", "SHAPE.LEN": 26.7561745442057}}, {"type": "Feature", "id": 19237, "geometry": {"type": "LineString", "coordinates": [[72.85106207628664, 19.093043379228344], [72.85108726437504, 19.093025686593055]]}, "properties": {"OBJECTID": 19237, "US_NODE_ID": "2173129501", "DS_NODE_ID": "2173129504", "CONDUIT_LE": 3.3000000000000003, "SHAPE_1": "RECT", "CONDUIT_WI": 10260, "CONDUIT_HE": 3350, "US_INVERT": 28.698, "DS_INVERT": 28.697000000000003, "USER_TEXT2": "Existing", "SHAPE.LEN": 3.2964230144203297}}, {"type": "Feature", "id": 19312, "geometry": {"type": "LineString", "coordinates": [[72.85012887687485, 19.113074897274043], [72.85001159524217, 19.113106044050483]]}, "properties": {"OBJECTID": 19312, "US_NODE_ID": "2173148704", "DS_NODE_ID": "2173148703", "CONDUIT_LE": 12.8, "SHAPE_1": "OREC", "CONDUIT_WI": 4500, "CONDUIT_HE": 2573, "US_INVERT": 34.425000000000004, "DS_INVERT": 34.354, "USER_TEXT2": "Existing", "SHAPE.LEN": 12.816005617976298}}, {"type": "Feature", "id": 19317, "geometry": {"type": "LineString", "coordinates": [[72.85050917756861, 19.112985401915953], [72.85044893652568, 19.113014505565534]]}, "properties": {"OBJECTID": 19317, "US_NODE_ID": "2173148709", "DS_NODE_ID": "2173148708", "CONDUIT_LE": 7.1000000000000005, "SHAPE_1": "OREC", "CONDUIT_WI": 4500, "CONDUIT_HE": 2924, "US_INVERT": 34.674, "DS_INVERT": 34.635000000000005, "USER_TEXT2": "Existing", "SHAPE.LEN": 7.11196175467782}}, {"type": "Feature", "id": 18909, "geometry": {"type": "LineString", "coordinates": [[72.85198959094207, 19.068221908849715], [72.85211242425008, 19.067978556702645]]}, "properties": {"OBJECTID": 18909, "US_NODE_ID": "2173099702", "DS_NODE_ID": "2173099703", "CONDUIT_LE": 29.900000000000002, "SHAPE_1": "OREC", "CONDUIT_WI": 60000, "CONDUIT_HE": 4695, "US_INVERT": 23.413, "DS_INVERT": 23.402, "USER_TEXT2": "Existing", "SHAPE.LEN": 29.8859498761542}}, {"type": "Feature", "id": 22426, "geometry": {"type": "LineString", "coordinates": [[72.85237415539659, 19.067498361995618], [72.85249460652291, 19.067366082637875]]}, "properties": {"OBJECTID": 22426, "US_NODE_ID": "2174090602", "DS_NODE_ID": "2174090603", "CONDUIT_LE": 19.400000000000002, "SHAPE_1": "RECT", "CONDUIT_WI": 60000, "CONDUIT_HE": 5000, "US_INVERT": 23.379, "DS_INVERT": 23.371000000000002, "USER_TEXT2": "Existing", "SHAPE.LEN": 19.3724030517641}}, {"type": "Feature", "id": 18915, "geometry": {"type": "LineString", "coordinates": [[72.85174012380449, 19.06870856850279], [72.85186579576813, 19.068466152929922]]}, "properties": {"OBJECTID": 18915, "US_NODE_ID": "2173099804", "DS_NODE_ID": "2173099701", "CONDUIT_LE": 29.900000000000002, "SHAPE_1": "OREC", "CONDUIT_WI": 60000, "CONDUIT_HE": 4562, "US_INVERT": 23.436, "DS_INVERT": 23.425, "USER_TEXT2": "Existing", "SHAPE.LEN": 29.9234022129837}}, {"type": "Feature", "id": 22489, "geometry": {"type": "LineString", "coordinates": [[72.85273729620985, 19.073967217805365], [72.85244964634012, 19.07380398970331]]}, "properties": {"OBJECTID": 22489, "US_NODE_ID": "2174100302", "DS_NODE_ID": "2174100301", "CONDUIT_LE": 35.300000000000004, "SHAPE_1": "RECT", "CONDUIT_WI": 6800, "CONDUIT_HE": 3500, "US_INVERT": 24.351000000000003, "DS_INVERT": 24.323, "USER_TEXT2": "Existing", "SHAPE.LEN": 35.263862522418}}, {"type": "Feature", "id": 22490, "geometry": {"type": "LineString", "coordinates": [[72.85296024753106, 19.07458041810587], [72.85315131602113, 19.07449773739572]]}, "properties": {"OBJECTID": 22490, "US_NODE_ID": "2174100401", "DS_NODE_ID": "2174101401", "CONDUIT_LE": 22.1, "SHAPE_1": "RECT", "CONDUIT_WI": 1500, "CONDUIT_HE": 2000, "US_INVERT": 24.647000000000002, "DS_INVERT": 24.6, "USER_TEXT2": "Existing", "SHAPE.LEN": 22.098868749327398}}, {"type": "Feature", "id": 22495, "geometry": {"type": "LineString", "coordinates": [[72.85317106119855, 19.074587390033262], [72.85315131602113, 19.07449773739572]]}, "properties": {"OBJECTID": 22495, "US_NODE_ID": "2174101402", "DS_NODE_ID": "2174101401", "CONDUIT_LE": 10.1, "SHAPE_1": "RECT", "CONDUIT_WI": 2000, "CONDUIT_HE": 2000, "US_INVERT": 24.607000000000003, "DS_INVERT": 24.582, "USER_TEXT2": "Existing", "SHAPE.LEN": 10.1414989030222}}, {"type": "Feature", "id": 22507, "geometry": {"type": "LineString", "coordinates": [[72.85448399267138, 19.074881785342125], [72.85329822592527, 19.074229374030885]]}, "properties": {"OBJECTID": 22507, "US_NODE_ID": "2174102401", "DS_NODE_ID": "2174101403", "CONDUIT_LE": 144.20000000000002, "SHAPE_1": "RECT", "CONDUIT_WI": 6800, "CONDUIT_HE": 3500, "US_INVERT": 24.517, "DS_INVERT": 24.403000000000002, "USER_TEXT2": "Existing", "SHAPE.LEN": 144.218514761455}}, {"type": "Feature", "id": 22499, "geometry": {"type": "LineString", "coordinates": [[72.85366313828226, 19.075696000550984], [72.85370139023043, 19.07545527579724]]}, "properties": {"OBJECTID": 22499, "US_NODE_ID": "2174101502", "DS_NODE_ID": "2174101503", "CONDUIT_LE": 27, "SHAPE_1": "RECT", "CONDUIT_WI": 1500, "CONDUIT_HE": 1500, "US_INVERT": 25.073, "DS_INVERT": 24.900000000000002, "USER_TEXT2": "Existing", "SHAPE.LEN": 26.9551479313322}}, {"type": "Feature", "id": 22506, "geometry": {"type": "LineString", "coordinates": [[72.85390596708378, 19.076831515445797], [72.85363355911241, 19.076812084402835]]}, "properties": {"OBJECTID": 22506, "US_NODE_ID": "2174101702", "DS_NODE_ID": "2174101701", "CONDUIT_LE": 28.8, "SHAPE_1": "RECT", "CONDUIT_WI": 1500, "CONDUIT_HE": 1500, "US_INVERT": 26.082, "DS_INVERT": 25.897000000000002, "USER_TEXT2": "Existing", "SHAPE.LEN": 28.7563905940923}}, {"type": "Feature", "id": 22548, "geometry": {"type": "LineString", "coordinates": [[72.85483150488534, 19.086846790433622], [72.85346478033422, 19.086811901304678]]}, "properties": {"OBJECTID": 22548, "US_NODE_ID": "2174112801", "DS_NODE_ID": "2174111801", "CONDUIT_LE": 143.9, "SHAPE_1": "RECT", "CONDUIT_WI": 3000, "CONDUIT_HE": 2000, "US_INVERT": 27.8, "DS_INVERT": 27.511000000000003, "USER_TEXT2": "Proposal", "SHAPE.LEN": 143.915322325317}}, {"type": "Feature", "id": 22558, "geometry": {"type": "LineString", "coordinates": [[72.8527164909494, 19.096391456804508], [72.85262123869889, 19.096134683615002]]}, "properties": {"OBJECTID": 22558, "US_NODE_ID": "2174120803", "DS_NODE_ID": "2174120802", "CONDUIT_LE": 30.1, "SHAPE_1": "RECT", "CONDUIT_WI": 3000, "CONDUIT_HE": 2587, "US_INVERT": 30.471, "DS_INVERT": 30.3, "USER_TEXT2": "Existing", "SHAPE.LEN": 30.1456538607143}}, {"type": "Feature", "id": 22559, "geometry": {"type": "LineString", "coordinates": [[72.85281100881687, 19.096645298460214], [72.8527164909494, 19.096391456804508]]}, "properties": {"OBJECTID": 22559, "US_NODE_ID": "2174120901", "DS_NODE_ID": "2174120803", "CONDUIT_LE": 29.8, "SHAPE_1": "RECT", "CONDUIT_WI": 3000, "CONDUIT_HE": 2847, "US_INVERT": 30.641000000000002, "DS_INVERT": 30.471, "USER_TEXT2": "Existing", "SHAPE.LEN": 29.8138612235987}}, {"type": "Feature", "id": 22566, "geometry": {"type": "LineString", "coordinates": [[72.85344855702422, 19.096763806353167], [72.85318323461166, 19.096045333357942]]}, "properties": {"OBJECTID": 22566, "US_NODE_ID": "2174121904", "DS_NODE_ID": "2174121801", "CONDUIT_LE": 84.3, "SHAPE_1": "RECT", "CONDUIT_WI": 3000, "CONDUIT_HE": 2500, "US_INVERT": 30.433, "DS_INVERT": 30.142000000000003, "USER_TEXT2": "Proposal", "SHAPE.LEN": 84.3080660435287}}, {"type": "Feature", "id": 22563, "geometry": {"type": "LineString", "coordinates": [[72.85290478561623, 19.0969021754211], [72.85281100881687, 19.096645298460214]]}, "properties": {"OBJECTID": 22563, "US_NODE_ID": "2174121901", "DS_NODE_ID": "2174120901", "CONDUIT_LE": 30.1, "SHAPE_1": "RECT", "CONDUIT_WI": 3000, "CONDUIT_HE": 2726, "US_INVERT": 30.812, "DS_INVERT": 30.641000000000002, "USER_TEXT2": "Existing", "SHAPE.LEN": 30.105202978389}}, {"type": "Feature", "id": 22565, "geometry": {"type": "LineString", "coordinates": [[72.85309828381665, 19.097412562579535], [72.8530043004349, 19.097155382485674]]}, "properties": {"OBJECTID": 22565, "US_NODE_ID": "2174121903", "DS_NODE_ID": "2174121902", "CONDUIT_LE": 30.1, "SHAPE_1": "RECT", "CONDUIT_WI": 3000, "CONDUIT_HE": 2559, "US_INVERT": 31.154, "DS_INVERT": 30.982000000000003, "USER_TEXT2": "Existing", "SHAPE.LEN": 30.1440288934641}}, {"type": "Feature", "id": 22571, "geometry": {"type": "LineString", "coordinates": [[72.85347346500326, 19.098434615079444], [72.85338440429155, 19.098176919829815]]}, "properties": {"OBJECTID": 22571, "US_NODE_ID": "2174131101", "DS_NODE_ID": "2174131003", "CONDUIT_LE": 30, "SHAPE_1": "RECT", "CONDUIT_WI": 3000, "CONDUIT_HE": 1998, "US_INVERT": 31.8, "DS_INVERT": 31.665000000000003, "USER_TEXT2": "Existing", "SHAPE.LEN": 30.032151294903898}}, {"type": "Feature", "id": 22446, "geometry": {"type": "LineString", "coordinates": [[72.85455708559097, 19.062118665658495], [72.85512799023299, 19.062636552315603]]}, "properties": {"OBJECTID": 22446, "US_NODE_ID": "2174092001", "DS_NODE_ID": "2174092101", "CONDUIT_LE": 83.10000000000001, "SHAPE_1": "RECT", "CONDUIT_WI": 5000, "CONDUIT_HE": 2500, "US_INVERT": 24.209, "DS_INVERT": 24.077, "USER_TEXT2": "Proposal", "SHAPE.LEN": 83.0674424789881}}, {"type": "Feature", "id": 22456, "geometry": {"type": "LineString", "coordinates": [[72.85480499712153, 19.066771535744525], [72.85429054763567, 19.067032914507926]]}, "properties": {"OBJECTID": 22456, "US_NODE_ID": "2174092501", "DS_NODE_ID": "2174092601", "CONDUIT_LE": 61.4, "SHAPE_1": "OREC", "CONDUIT_WI": 1500, "CONDUIT_HE": 2000, "US_INVERT": 25.158, "DS_INVERT": 25.079, "USER_TEXT2": "Existing", "SHAPE.LEN": 61.405211505213494}}, {"type": "Feature", "id": 22508, "geometry": {"type": "LineString", "coordinates": [[72.85415398055733, 19.076827177308957], [72.85390596708378, 19.076831515445797]]}, "properties": {"OBJECTID": 22508, "US_NODE_ID": "2174102701", "DS_NODE_ID": "2174101702", "CONDUIT_LE": 26.1, "SHAPE_1": "RECT", "CONDUIT_WI": 1500, "CONDUIT_HE": 1500, "US_INVERT": 26.249000000000002, "DS_INVERT": 26.082, "USER_TEXT2": "Existing", "SHAPE.LEN": 26.1122576580425}}, {"type": "Feature", "id": 22576, "geometry": {"type": "LineString", "coordinates": [[72.8543096927985, 19.099097925171375], [72.85401867214674, 19.09830869932852]]}, "properties": {"OBJECTID": 22576, "US_NODE_ID": "2174132102", "DS_NODE_ID": "2174132001", "CONDUIT_LE": 92.60000000000001, "SHAPE_1": "RECT", "CONDUIT_WI": 3000, "CONDUIT_HE": 2500, "US_INVERT": 31.378, "DS_INVERT": 31.058, "USER_TEXT2": "Proposal", "SHAPE.LEN": 92.59530225664801}}, {"type": "Feature", "id": 22592, "geometry": {"type": "LineString", "coordinates": [[72.85434378716916, 19.10207851206441], [72.85439009341196, 19.101810974939387]]}, "properties": {"OBJECTID": 22592, "US_NODE_ID": "2174132504", "DS_NODE_ID": "2174132401", "CONDUIT_LE": 30, "SHAPE_1": "RECT", "CONDUIT_WI": 3000, "CONDUIT_HE": 2153, "US_INVERT": 34.224000000000004, "DS_INVERT": 34.053000000000004, "USER_TEXT2": "Existing", "SHAPE.LEN": 30.0196587472276}}, {"type": "Feature", "id": 22466, "geometry": {"type": "LineString", "coordinates": [[72.8561551527012, 19.061803043583236], [72.85630345654832, 19.061572629312625]]}, "properties": {"OBJECTID": 22466, "US_NODE_ID": "2174094001", "DS_NODE_ID": "2174094002", "CONDUIT_LE": 29.900000000000002, "SHAPE_1": "OREC", "CONDUIT_WI": 62000, "CONDUIT_HE": 4328, "US_INVERT": 23.092000000000002, "DS_INVERT": 23.080000000000002, "USER_TEXT2": "Existing", "SHAPE.LEN": 29.9095302537502}}, {"type": "Feature", "id": 22518, "geometry": {"type": "LineString", "coordinates": [[72.85612005604962, 19.070662724366887], [72.8560147385816, 19.070652466914307]]}, "properties": {"OBJECTID": 22518, "US_NODE_ID": "2174104001", "DS_NODE_ID": "2174103002", "CONDUIT_LE": 11.1, "SHAPE_1": "RECT", "CONDUIT_WI": 3000, "CONDUIT_HE": 1500, "US_INVERT": 26.323, "DS_INVERT": 26.3, "USER_TEXT2": "Proposal", "SHAPE.LEN": 11.1449540151586}}, {"type": "Feature", "id": 22600, "geometry": {"type": "LineString", "coordinates": [[72.85521840947749, 19.101059550402393], [72.85503158048677, 19.10103208247239]]}, "properties": {"OBJECTID": 22600, "US_NODE_ID": "2174133303", "DS_NODE_ID": "2174133302", "CONDUIT_LE": 19.900000000000002, "SHAPE_1": "RECT", "CONDUIT_WI": 2000, "CONDUIT_HE": 2000, "US_INVERT": 33.962, "DS_INVERT": 33.868, "USER_TEXT2": "Existing", "SHAPE.LEN": 19.8979898482234}}, {"type": "Feature", "id": 22417, "geometry": {"type": "LineString", "coordinates": [[72.85690038130535, 19.06064864989967], [72.85704700757879, 19.06041614325075]]}, "properties": {"OBJECTID": 22417, "US_NODE_ID": "2174084904", "DS_NODE_ID": "2174084801", "CONDUIT_LE": 30, "SHAPE_1": "OREC", "CONDUIT_WI": 62000, "CONDUIT_HE": 4674, "US_INVERT": 23.034000000000002, "DS_INVERT": 23.023, "USER_TEXT2": "Existing", "SHAPE.LEN": 30.016201908302797}}, {"type": "Feature", "id": 22522, "geometry": {"type": "LineString", "coordinates": [[72.85679542809157, 19.076060335217456], [72.85661429851655, 19.07492734650333]]}, "properties": {"OBJECTID": 22522, "US_NODE_ID": "2174104601", "DS_NODE_ID": "2174104401", "CONDUIT_LE": 126.9, "SHAPE_1": "RECT", "CONDUIT_WI": 3000, "CONDUIT_HE": 2000, "US_INVERT": 25.049, "DS_INVERT": 24.698, "USER_TEXT2": "Existing", "SHAPE.LEN": 126.883411051248}}, {"type": "Feature", "id": 22531, "geometry": {"type": "LineString", "coordinates": [[72.85740041089353, 19.07400612782803], [72.85661429851655, 19.07492734650333]]}, "properties": {"OBJECTID": 22531, "US_NODE_ID": "2174105301", "DS_NODE_ID": "2174104401", "CONDUIT_LE": 131.3, "SHAPE_1": "OREC", "CONDUIT_WI": 1500, "CONDUIT_HE": 2000, "US_INVERT": 25, "DS_INVERT": 24.8, "USER_TEXT2": "Existing", "SHAPE.LEN": 131.344013948105}}, {"type": "Feature", "id": 22526, "geometry": {"type": "LineString", "coordinates": [[72.85662899198236, 19.078068154277936], [72.85651894994719, 19.07761253439869]]}, "properties": {"OBJECTID": 22526, "US_NODE_ID": "2174104802", "DS_NODE_ID": "2174104701", "CONDUIT_LE": 51.800000000000004, "SHAPE_1": "RECT", "CONDUIT_WI": 2000, "CONDUIT_HE": 1500, "US_INVERT": 27.78, "DS_INVERT": 26.888, "USER_TEXT2": "Existing", "SHAPE.LEN": 51.758380963859395}}, {"type": "Feature", "id": 22478, "geometry": {"type": "LineString", "coordinates": [[72.85873654427296, 19.069094361003366], [72.85780864142885, 19.06981522329489]]}, "properties": {"OBJECTID": 22478, "US_NODE_ID": "2174096801", "DS_NODE_ID": "2174095905", "CONDUIT_LE": 126.10000000000001, "SHAPE_1": "RECT", "CONDUIT_WI": 3000, "CONDUIT_HE": 1500, "US_INVERT": 27.082, "DS_INVERT": 26.817, "USER_TEXT2": "Proposal", "SHAPE.LEN": 126.142340235149}}, {"type": "Feature", "id": 22538, "geometry": {"type": "LineString", "coordinates": [[72.85793384025898, 19.07648184418628], [72.85766160594414, 19.07644887222059]]}, "properties": {"OBJECTID": 22538, "US_NODE_ID": "2174106601", "DS_NODE_ID": "2174105604", "CONDUIT_LE": 28.900000000000002, "SHAPE_1": "RECT", "CONDUIT_WI": 1500, "CONDUIT_HE": 1500, "US_INVERT": 26.317, "DS_INVERT": 26.033, "USER_TEXT2": "Existing", "SHAPE.LEN": 28.889098289839396}}, {"type": "Feature", "id": 22604, "geometry": {"type": "LineString", "coordinates": [[72.86104179709059, 19.10477013730687], [72.86122215233726, 19.104560404055004]]}, "properties": {"OBJECTID": 22604, "US_NODE_ID": "2174139701", "DS_NODE_ID": "2174139702", "CONDUIT_LE": 30, "SHAPE_1": "RECT", "CONDUIT_WI": 3500, "CONDUIT_HE": 1840, "US_INVERT": 38.558, "DS_INVERT": 38.123000000000005, "USER_TEXT2": "Existing", "SHAPE.LEN": 29.992650615942598}}, {"type": "Feature", "id": 22605, "geometry": {"type": "LineString", "coordinates": [[72.86122215233726, 19.104560404055004], [72.8613780461984, 19.10433597756921]]}, "properties": {"OBJECTID": 22605, "US_NODE_ID": "2174139702", "DS_NODE_ID": "2175130701", "CONDUIT_LE": 29.8, "SHAPE_1": "RECT", "CONDUIT_WI": 3500, "CONDUIT_HE": 1575, "US_INVERT": 38.123000000000005, "DS_INVERT": 37.692, "USER_TEXT2": "Existing", "SHAPE.LEN": 29.7765944770385}}, {"type": "Feature", "id": 22617, "geometry": {"type": "LineString", "coordinates": [[72.86068367916494, 19.110302069298328], [72.86078446285336, 19.11014968677971]]}, "properties": {"OBJECTID": 22617, "US_NODE_ID": "2174149403", "DS_NODE_ID": "2174149301", "CONDUIT_LE": 19.900000000000002, "SHAPE_1": "OREC", "CONDUIT_WI": 3000, "CONDUIT_HE": 1990, "US_INVERT": 41.5, "DS_INVERT": 41.4, "USER_TEXT2": "Existing", "SHAPE.LEN": 19.928873525616}}, {"type": "Feature", "id": 22613, "geometry": {"type": "LineString", "coordinates": [[72.86094049687199, 19.110134338633944], [72.86107600084155, 19.110089847417548]]}, "properties": {"OBJECTID": 22613, "US_NODE_ID": "2174149302", "DS_NODE_ID": "2174149303", "CONDUIT_LE": 15.1, "SHAPE_1": "OREC", "CONDUIT_WI": 3000, "CONDUIT_HE": 1694, "US_INVERT": 41.296, "DS_INVERT": 41.2, "USER_TEXT2": "Existing", "SHAPE.LEN": 15.0880747612146}}, {"type": "Feature", "id": 24904, "geometry": {"type": "LineString", "coordinates": [[72.86277140083425, 19.075907006301293], [72.8627698528387, 19.075639242090478]]}, "properties": {"OBJECTID": 24904, "US_NODE_ID": "2175101503", "DS_NODE_ID": "2175101502", "CONDUIT_LE": 29.6, "SHAPE_1": "RECT", "CONDUIT_WI": 2488, "CONDUIT_HE": 911, "US_INVERT": 29.209, "DS_INVERT": 28.793000000000003, "USER_TEXT2": "Existing", "SHAPE.LEN": 29.646740000546398}}, {"type": "Feature", "id": 24898, "geometry": {"type": "LineString", "coordinates": [[72.86260456844334, 19.075171569306143], [72.86288255825919, 19.075056731838266]]}, "properties": {"OBJECTID": 24898, "US_NODE_ID": "2175100501", "DS_NODE_ID": "2175101504", "CONDUIT_LE": 31.900000000000002, "SHAPE_1": "RECT", "CONDUIT_WI": 4000, "CONDUIT_HE": 1500, "US_INVERT": 27.395, "DS_INVERT": 27.334, "USER_TEXT2": "Proposal", "SHAPE.LEN": 31.9063421585741}}, {"type": "Feature", "id": 25032, "geometry": {"type": "LineString", "coordinates": [[72.86211160268996, 19.103226262081076], [72.8622495378902, 19.102992112903536]]}, "properties": {"OBJECTID": 25032, "US_NODE_ID": "2175130605", "DS_NODE_ID": "2175130501", "CONDUIT_LE": 29.7, "SHAPE_1": "OREC", "CONDUIT_WI": 1573, "CONDUIT_HE": 1669, "US_INVERT": 36.139, "DS_INVERT": 36.08, "USER_TEXT2": "Existing", "SHAPE.LEN": 29.7127918580533}}, {"type": "Feature", "id": 25057, "geometry": {"type": "LineString", "coordinates": [[72.86248064537179, 19.10334526190753], [72.86257594435853, 19.103101584748458]]}, "properties": {"OBJECTID": 25057, "US_NODE_ID": "2175131602", "DS_NODE_ID": "2175131603", "CONDUIT_LE": 28.8, "SHAPE_1": "OREC", "CONDUIT_WI": 2093, "CONDUIT_HE": 1962, "US_INVERT": 36.386, "DS_INVERT": 36.288000000000004, "USER_TEXT2": "Existing", "SHAPE.LEN": 28.7836759292485}}, {"type": "Feature", "id": 25038, "geometry": {"type": "LineString", "coordinates": [[72.86189539672931, 19.104227273587394], [72.86194246169315, 19.10411400942504]]}, "properties": {"OBJECTID": 25038, "US_NODE_ID": "2175130705", "DS_NODE_ID": "2175130706", "CONDUIT_LE": 13.5, "SHAPE_1": "RECT", "CONDUIT_WI": 5500, "CONDUIT_HE": 2566, "US_INVERT": 37.022, "DS_INVERT": 36.937000000000005, "USER_TEXT2": "Existing", "SHAPE.LEN": 13.4833230325465}}, {"type": "Feature", "id": 25033, "geometry": {"type": "LineString", "coordinates": [[72.8621877316923, 19.103808846216378], [72.8623350981709, 19.10358022611713]]}, "properties": {"OBJECTID": 25033, "US_NODE_ID": "2175130606", "DS_NODE_ID": "2175131601", "CONDUIT_LE": 29.7, "SHAPE_1": "OREC", "CONDUIT_WI": 1824, "CONDUIT_HE": 2197, "US_INVERT": 36.671, "DS_INVERT": 36.485, "USER_TEXT2": "Existing", "SHAPE.LEN": 29.686528931486798}}, {"type": "Feature", "id": 24915, "geometry": {"type": "LineString", "coordinates": [[72.86399788535776, 19.072974647210938], [72.8641726345932, 19.072820908726975]]}, "properties": {"OBJECTID": 24915, "US_NODE_ID": "2175102202", "DS_NODE_ID": "2175102203", "CONDUIT_LE": 25.1, "SHAPE_1": "RECT", "CONDUIT_WI": 4000, "CONDUIT_HE": 1500, "US_INVERT": 26.773, "DS_INVERT": 26.725, "USER_TEXT2": "Proposal", "SHAPE.LEN": 25.0627163182685}}, {"type": "Feature", "id": 24901, "geometry": {"type": "LineString", "coordinates": [[72.86335422666315, 19.074519647724298], [72.86362768944343, 19.07444323284197]]}, "properties": {"OBJECTID": 24901, "US_NODE_ID": "2175101403", "DS_NODE_ID": "2175102401", "CONDUIT_LE": 30, "SHAPE_1": "RECT", "CONDUIT_WI": 4000, "CONDUIT_HE": 1500, "US_INVERT": 27.172, "DS_INVERT": 27.114, "USER_TEXT2": "Proposal", "SHAPE.LEN": 30.0045971124426}}, {"type": "Feature", "id": 24912, "geometry": {"type": "LineString", "coordinates": [[72.86335480766316, 19.077136579308586], [72.86322860391095, 19.076895416127595]]}, "properties": {"OBJECTID": 24912, "US_NODE_ID": "2175101702", "DS_NODE_ID": "2175101701", "CONDUIT_LE": 29.8, "SHAPE_1": "OREC", "CONDUIT_WI": 2103, "CONDUIT_HE": 912, "US_INVERT": 30.138, "DS_INVERT": 29.953000000000003, "USER_TEXT2": "Existing", "SHAPE.LEN": 29.8235076826989}}, {"type": "Feature", "id": 25069, "geometry": {"type": "LineString", "coordinates": [[72.86350168798029, 19.10086140367567], [72.86354827519501, 19.100785167077234]]}, "properties": {"OBJECTID": 25069, "US_NODE_ID": "2175132303", "DS_NODE_ID": "2175132304", "CONDUIT_LE": 9.8, "SHAPE_1": "OREC", "CONDUIT_WI": 2046, "CONDUIT_HE": 1632, "US_INVERT": 35.476, "DS_INVERT": 35.457, "USER_TEXT2": "Existing", "SHAPE.LEN": 9.76165969494942}}, {"type": "Feature", "id": 25042, "geometry": {"type": "LineString", "coordinates": [[72.86287315509757, 19.101933505679387], [72.86288970016138, 19.101902986868055]]}, "properties": {"OBJECTID": 25042, "US_NODE_ID": "2175131402", "DS_NODE_ID": "2175131403", "CONDUIT_LE": 3.8000000000000003, "SHAPE_1": "RECT", "CONDUIT_WI": 2200, "CONDUIT_HE": 2178, "US_INVERT": 35.81, "DS_INVERT": 35.802, "USER_TEXT2": "Existing", "SHAPE.LEN": 3.80131556174964}}, {"type": "Feature", "id": 25055, "geometry": {"type": "LineString", "coordinates": [[72.86316290069058, 19.102159974727662], [72.8633008682472, 19.101923115125906]]}, "properties": {"OBJECTID": 25055, "US_NODE_ID": "2175131510", "DS_NODE_ID": "2175132402", "CONDUIT_LE": 30, "SHAPE_1": "OREC", "CONDUIT_WI": 2034, "CONDUIT_HE": 1693, "US_INVERT": 36.065000000000005, "DS_INVERT": 36.001000000000005, "USER_TEXT2": "Existing", "SHAPE.LEN": 29.9766575855281}}, {"type": "Feature", "id": 25067, "geometry": {"type": "LineString", "coordinates": [[72.86336361734871, 19.101106391709816], [72.863393729426, 19.10105525527755]]}, "properties": {"OBJECTID": 25067, "US_NODE_ID": "2175132301", "DS_NODE_ID": "2175132302", "CONDUIT_LE": 6.5, "SHAPE_1": "RECT", "CONDUIT_WI": 2600, "CONDUIT_HE": 1965, "US_INVERT": 35.533, "DS_INVERT": 35.521, "USER_TEXT2": "Existing", "SHAPE.LEN": 6.488451279003329}}, {"type": "Feature", "id": 25171, "geometry": {"type": "LineString", "coordinates": [[72.86448417461969, 19.107156681202646], [72.86449713459395, 19.10711597344142]]}, "properties": {"OBJECTID": 25171, "US_NODE_ID": "2175143001", "DS_NODE_ID": "2175143002", "CONDUIT_LE": 4.7, "SHAPE_1": "RECT", "CONDUIT_WI": 3000, "CONDUIT_HE": 2488, "US_INVERT": 36.343, "DS_INVERT": 36.329, "USER_TEXT2": "Existing", "SHAPE.LEN": 4.7089666350485}}, {"type": "Feature", "id": 25182, "geometry": {"type": "LineString", "coordinates": [[72.86483970038384, 19.108384679632692], [72.86482299244666, 19.108274801821523]]}, "properties": {"OBJECTID": 25182, "US_NODE_ID": "2175143106", "DS_NODE_ID": "2175143105", "CONDUIT_LE": 12.3, "SHAPE_1": "OREC", "CONDUIT_WI": 3000, "CONDUIT_HE": 2053, "US_INVERT": 36.77, "DS_INVERT": 36.733000000000004, "USER_TEXT2": "Existing", "SHAPE.LEN": 12.2918983013203}}, {"type": "Feature", "id": 25180, "geometry": {"type": "LineString", "coordinates": [[72.864743657118, 19.108462037995867], [72.86483970038384, 19.108384679632692]]}, "properties": {"OBJECTID": 25180, "US_NODE_ID": "2175143104", "DS_NODE_ID": "2175143106", "CONDUIT_LE": 13.200000000000001, "SHAPE_1": "RECT", "CONDUIT_WI": 3000, "CONDUIT_HE": 2558, "US_INVERT": 36.81, "DS_INVERT": 36.77, "USER_TEXT2": "Existing", "SHAPE.LEN": 13.249005256622098}}, {"type": "Feature", "id": 24928, "geometry": {"type": "LineString", "coordinates": [[72.8654850775536, 19.071103627457457], [72.86576560257967, 19.071075226868892]]}, "properties": {"OBJECTID": 24928, "US_NODE_ID": "2175103004", "DS_NODE_ID": "2175104001", "CONDUIT_LE": 29.7, "SHAPE_1": "OREC", "CONDUIT_WI": 3500, "CONDUIT_HE": 2936, "US_INVERT": 26.185000000000002, "DS_INVERT": 26.128, "USER_TEXT2": "Proposal", "SHAPE.LEN": 29.698015132328297}}, {"type": "Feature", "id": 24939, "geometry": {"type": "LineString", "coordinates": [[72.86544104525638, 19.07372796862864], [72.86531188596192, 19.07325898991561]]}, "properties": {"OBJECTID": 24939, "US_NODE_ID": "2175103302", "DS_NODE_ID": "2175103301", "CONDUIT_LE": 53.7, "SHAPE_1": "OREC", "CONDUIT_WI": 2500, "CONDUIT_HE": 1292, "US_INVERT": 27.456000000000003, "DS_INVERT": 27.322000000000003, "USER_TEXT2": "Existing", "SHAPE.LEN": 53.67487737713049}}, {"type": "Feature", "id": 25017, "geometry": {"type": "LineString", "coordinates": [[72.86569849012187, 19.09700917735159], [72.86576646219574, 19.097043385955015]]}, "properties": {"OBJECTID": 25017, "US_NODE_ID": "2175124905", "DS_NODE_ID": "2175124906", "CONDUIT_LE": 8.1, "SHAPE_1": "OREC", "CONDUIT_WI": 7000, "CONDUIT_HE": 1955, "US_INVERT": 33.493, "DS_INVERT": 33.476, "USER_TEXT2": "Existing", "SHAPE.LEN": 8.09506022213547}}, {"type": "Feature", "id": 25103, "geometry": {"type": "LineString", "coordinates": [[72.86553140274745, 19.106487215044606], [72.86579530408612, 19.106383833998777]]}, "properties": {"OBJECTID": 25103, "US_NODE_ID": "2175134902", "DS_NODE_ID": "2175134903", "CONDUIT_LE": 30, "SHAPE_1": "RECT", "CONDUIT_WI": 3000, "CONDUIT_HE": 3055, "US_INVERT": 34.544000000000004, "DS_INVERT": 34.511, "USER_TEXT2": "Existing", "SHAPE.LEN": 30.0412272562224}}, {"type": "Feature", "id": 25194, "geometry": {"type": "LineString", "coordinates": [[72.86511989500299, 19.106821060767633], [72.86521259382069, 19.10677690063933]]}, "properties": {"OBJECTID": 25194, "US_NODE_ID": "2175144001", "DS_NODE_ID": "2175144002", "CONDUIT_LE": 10.9, "SHAPE_1": "RECT", "CONDUIT_WI": 3000, "CONDUIT_HE": 2557, "US_INVERT": 36.108000000000004, "DS_INVERT": 36.076, "USER_TEXT2": "Existing", "SHAPE.LEN": 10.9129501052648}}, {"type": "Feature", "id": 24866, "geometry": {"type": "LineString", "coordinates": [[72.86743426709992, 19.057669419795715], [72.8676418366974, 19.05772787086959]]}, "properties": {"OBJECTID": 24866, "US_NODE_ID": "2175085505", "DS_NODE_ID": "2175086501", "CONDUIT_LE": 22.8, "SHAPE_1": "OREC", "CONDUIT_WI": 5000, "CONDUIT_HE": 1499, "US_INVERT": 26.399, "DS_INVERT": 26.226000000000003, "USER_TEXT2": "Existing", "SHAPE.LEN": 22.790855999720602}}, {"type": "Feature", "id": 24871, "geometry": {"type": "LineString", "coordinates": [[72.8676418366974, 19.05772787086959], [72.86779064878323, 19.057755853655145]]}, "properties": {"OBJECTID": 24871, "US_NODE_ID": "2175086501", "DS_NODE_ID": "2175086502", "CONDUIT_LE": 16, "SHAPE_1": "OREC", "CONDUIT_WI": 5000, "CONDUIT_HE": 1482, "US_INVERT": 26.226000000000003, "DS_INVERT": 26.104000000000003, "USER_TEXT2": "Existing", "SHAPE.LEN": 15.970196840991001}}, {"type": "Feature", "id": 24944, "geometry": {"type": "LineString", "coordinates": [[72.86692971720106, 19.071092304856514], [72.86730742660396, 19.071183560200296]]}, "properties": {"OBJECTID": 24944, "US_NODE_ID": "2175105001", "DS_NODE_ID": "2175105002", "CONDUIT_LE": 41, "SHAPE_1": "OREC", "CONDUIT_WI": 8000, "CONDUIT_HE": 2213, "US_INVERT": 25.995, "DS_INVERT": 25.964000000000002, "USER_TEXT2": "Existing", "SHAPE.LEN": 41.025298973804006}}, {"type": "Feature", "id": 25109, "geometry": {"type": "LineString", "coordinates": [[72.86632662514153, 19.106189092344025], [72.86646597980447, 19.10612392504697]]}, "properties": {"OBJECTID": 25109, "US_NODE_ID": "2175135902", "DS_NODE_ID": "2175135903", "CONDUIT_LE": 16.3, "SHAPE_1": "OREC", "CONDUIT_WI": 3000, "CONDUIT_HE": 2853, "US_INVERT": 34.445, "DS_INVERT": 34.427, "USER_TEXT2": "Existing", "SHAPE.LEN": 16.345522172448298}}, {"type": "Feature", "id": 25110, "geometry": {"type": "LineString", "coordinates": [[72.86646597980447, 19.10612392504697], [72.86656625246266, 19.10606380098494]]}, "properties": {"OBJECTID": 25110, "US_NODE_ID": "2175135903", "DS_NODE_ID": "2175135904", "CONDUIT_LE": 12.5, "SHAPE_1": "RECT", "CONDUIT_WI": 3000, "CONDUIT_HE": 2851, "US_INVERT": 34.427, "DS_INVERT": 34.413000000000004, "USER_TEXT2": "Existing", "SHAPE.LEN": 12.4776052013197}}, {"type": "Feature", "id": 25112, "geometry": {"type": "LineString", "coordinates": [[72.86686192005816, 19.10604574468569], [72.86743021351532, 19.106022172845712]]}, "properties": {"OBJECTID": 25112, "US_NODE_ID": "2175135905", "DS_NODE_ID": "2175136901", "CONDUIT_LE": 59.9, "SHAPE_1": "OREC", "CONDUIT_WI": 3000, "CONDUIT_HE": 2527, "US_INVERT": 34.379000000000005, "DS_INVERT": 34.313, "USER_TEXT2": "Existing", "SHAPE.LEN": 59.8689667802109}}, {"type": "Feature", "id": 25203, "geometry": {"type": "LineString", "coordinates": [[72.8665107593715, 19.114087204502642], [72.86679097003775, 19.114030220373703]]}, "properties": {"OBJECTID": 25203, "US_NODE_ID": "2175145803", "DS_NODE_ID": "2175145804", "CONDUIT_LE": 30.2, "SHAPE_1": "OREC", "CONDUIT_WI": 4500, "CONDUIT_HE": 3175, "US_INVERT": 39.623000000000005, "DS_INVERT": 39.486000000000004, "USER_TEXT2": "Existing", "SHAPE.LEN": 30.1576896329941}}, {"type": "Feature", "id": 24870, "geometry": {"type": "LineString", "coordinates": [[72.86821771716941, 19.05532734544695], [72.86783891721414, 19.05553342891241]]}, "properties": {"OBJECTID": 24870, "US_NODE_ID": "2175086302", "DS_NODE_ID": "2175086301", "CONDUIT_LE": 45.9, "SHAPE_1": "OREC", "CONDUIT_WI": 3000, "CONDUIT_HE": 1500, "US_INVERT": 24.596, "DS_INVERT": 24.5, "USER_TEXT2": "Proposal", "SHAPE.LEN": 45.9461641489254}}, {"type": "Feature", "id": 24952, "geometry": {"type": "LineString", "coordinates": [[72.86806583923648, 19.07440981221113], [72.86813587146374, 19.074684208892045]]}, "properties": {"OBJECTID": 24952, "US_NODE_ID": "2175106401", "DS_NODE_ID": "2175106402", "CONDUIT_LE": 31.3, "SHAPE_1": "OREC", "CONDUIT_WI": 1500, "CONDUIT_HE": 1299, "US_INVERT": 27.1, "DS_INVERT": 27.041, "USER_TEXT2": "Existing", "SHAPE.LEN": 31.262205094970497}}, {"type": "Feature", "id": 24953, "geometry": {"type": "LineString", "coordinates": [[72.86813587146374, 19.074684208892045], [72.86824550687346, 19.074913812697105]]}, "properties": {"OBJECTID": 24953, "US_NODE_ID": "2175106402", "DS_NODE_ID": "2175106403", "CONDUIT_LE": 27.900000000000002, "SHAPE_1": "OREC", "CONDUIT_WI": 1500, "CONDUIT_HE": 1357, "US_INVERT": 27.041, "DS_INVERT": 27.029, "USER_TEXT2": "Existing", "SHAPE.LEN": 27.918335112610098}}, {"type": "Feature", "id": 24954, "geometry": {"type": "LineString", "coordinates": [[72.86824550687346, 19.074913812697105], [72.86830035813647, 19.07512375463414]]}, "properties": {"OBJECTID": 24954, "US_NODE_ID": "2175106403", "DS_NODE_ID": "2175106502", "CONDUIT_LE": 24, "SHAPE_1": "OREC", "CONDUIT_WI": 1500, "CONDUIT_HE": 1370, "US_INVERT": 27.029, "DS_INVERT": 27.01, "USER_TEXT2": "Existing", "SHAPE.LEN": 23.9506882625531}}, {"type": "Feature", "id": 24967, "geometry": {"type": "LineString", "coordinates": [[72.86835066988037, 19.07549300277991], [72.86855976070147, 19.07555189226478]]}, "properties": {"OBJECTID": 24967, "US_NODE_ID": "2175107501", "DS_NODE_ID": "2175107502", "CONDUIT_LE": 23, "SHAPE_1": "OREC", "CONDUIT_WI": 1500, "CONDUIT_HE": 1672, "US_INVERT": 26.926000000000002, "DS_INVERT": 26.91, "USER_TEXT2": "Existing", "SHAPE.LEN": 22.955932410817}}, {"type": "Feature", "id": 24959, "geometry": {"type": "LineString", "coordinates": [[72.86800185148246, 19.076584345964786], [72.8680245631889, 19.076577056492756]]}, "properties": {"OBJECTID": 24959, "US_NODE_ID": "2175106603", "DS_NODE_ID": "2175106604", "CONDUIT_LE": 2.5, "SHAPE_1": "OREC", "CONDUIT_WI": 2000, "CONDUIT_HE": 1429, "US_INVERT": 28.139000000000003, "DS_INVERT": 28.065, "USER_TEXT2": "Existing", "SHAPE.LEN": 2.52334536875157}}, {"type": "Feature", "id": 25209, "geometry": {"type": "LineString", "coordinates": [[72.86810533790343, 19.114230045307764], [72.8683326597993, 19.114417593302957]]}, "properties": {"OBJECTID": 25209, "US_NODE_ID": "2175147802", "DS_NODE_ID": "2175147804", "CONDUIT_LE": 31.7, "SHAPE_1": "OREC", "CONDUIT_WI": 5000, "CONDUIT_HE": 3310, "US_INVERT": 38.666000000000004, "DS_INVERT": 38.551, "USER_TEXT2": "Existing", "SHAPE.LEN": 31.678771447137898}}, {"type": "Feature", "id": 24879, "geometry": {"type": "LineString", "coordinates": [[72.86982826147157, 19.056111018528767], [72.86962591640697, 19.05618636284236]]}, "properties": {"OBJECTID": 24879, "US_NODE_ID": "2175088301", "DS_NODE_ID": "2175088401", "CONDUIT_LE": 22.900000000000002, "SHAPE_1": "RECT", "CONDUIT_WI": 3000, "CONDUIT_HE": 1500, "US_INVERT": 25.13, "DS_INVERT": 25.075000000000003, "USER_TEXT2": "Proposal", "SHAPE.LEN": 22.877936969928}}, {"type": "Feature", "id": 25004, "geometry": {"type": "LineString", "coordinates": [[72.86922549047529, 19.082828114260966], [72.86923461274105, 19.082634920858794]]}, "properties": {"OBJECTID": 25004, "US_NODE_ID": "2175118301", "DS_NODE_ID": "2175118302", "CONDUIT_LE": 21.400000000000002, "SHAPE_1": "OREC", "CONDUIT_WI": 2000, "CONDUIT_HE": 1198, "US_INVERT": 27.95, "DS_INVERT": 27.89, "USER_TEXT2": "Existing", "SHAPE.LEN": 21.4114455373756}}, {"type": "Feature", "id": 25124, "geometry": {"type": "LineString", "coordinates": [[72.86881077152368, 19.097709125708576], [72.86887868679881, 19.097747848902554]]}, "properties": {"OBJECTID": 25124, "US_NODE_ID": "2175137004", "DS_NODE_ID": "2175137005", "CONDUIT_LE": 8.3, "SHAPE_1": "OREC", "CONDUIT_WI": 7391, "CONDUIT_HE": 2002, "US_INVERT": 32.876000000000005, "DS_INVERT": 32.868, "USER_TEXT2": "Existing", "SHAPE.LEN": 8.335466393669881}}, {"type": "Feature", "id": 25216, "geometry": {"type": "LineString", "coordinates": [[72.86951108323737, 19.10772920537205], [72.86938020823222, 19.107492696284638]]}, "properties": {"OBJECTID": 25216, "US_NODE_ID": "2175148101", "DS_NODE_ID": "2175148001", "CONDUIT_LE": 29.6, "SHAPE_1": "OREC", "CONDUIT_WI": 10000, "CONDUIT_HE": 3410, "US_INVERT": 33.947, "DS_INVERT": 33.856, "USER_TEXT2": "Existing", "SHAPE.LEN": 29.587577488196}}, {"type": "Feature", "id": 25214, "geometry": {"type": "LineString", "coordinates": [[72.86938020823222, 19.107492696284638], [72.86979039429605, 19.107191178264134]]}, "properties": {"OBJECTID": 25214, "US_NODE_ID": "2175148001", "DS_NODE_ID": "2175148002", "CONDUIT_LE": 54.6, "SHAPE_1": "OREC", "CONDUIT_WI": 10000, "CONDUIT_HE": 3263, "US_INVERT": 33.856, "DS_INVERT": 33.688, "USER_TEXT2": "Existing", "SHAPE.LEN": 54.5728398887212}}, {"type": "Feature", "id": 25234, "geometry": {"type": "LineString", "coordinates": [[72.86932154982885, 19.11465213936743], [72.86953883509159, 19.11460316952551]]}, "properties": {"OBJECTID": 25234, "US_NODE_ID": "2175148804", "DS_NODE_ID": "2175148805", "CONDUIT_LE": 23.5, "SHAPE_1": "OREC", "CONDUIT_WI": 5000, "CONDUIT_HE": 3323, "US_INVERT": 39.345, "DS_INVERT": 39.138000000000005, "USER_TEXT2": "Existing", "SHAPE.LEN": 23.501702066020698}}, {"type": "Feature", "id": 26760, "geometry": {"type": "LineString", "coordinates": [[72.87158182566691, 19.05916172787825], [72.87101699070418, 19.059429802558114]]}, "properties": {"OBJECTID": 26760, "US_NODE_ID": "2176080701", "DS_NODE_ID": "2175089701", "CONDUIT_LE": 66.5, "SHAPE_1": "OREC", "CONDUIT_WI": 3500, "CONDUIT_HE": 1999, "US_INVERT": 25.775000000000002, "DS_INVERT": 25.645, "USER_TEXT2": "Proposal", "SHAPE.LEN": 66.46028889494839}}, {"type": "Feature", "id": 24994, "geometry": {"type": "LineString", "coordinates": [[72.87050771946548, 19.076258191734215], [72.87077222159722, 19.076269836898927]]}, "properties": {"OBJECTID": 24994, "US_NODE_ID": "2175109602", "DS_NODE_ID": "2175109603", "CONDUIT_LE": 27.900000000000002, "SHAPE_1": "OREC", "CONDUIT_WI": 2416, "CONDUIT_HE": 1918, "US_INVERT": 26.3, "DS_INVERT": 25.93, "USER_TEXT2": "Existing", "SHAPE.LEN": 27.873224783114}}, {"type": "Feature", "id": 25011, "geometry": {"type": "LineString", "coordinates": [[72.8707914281885, 19.08451997027424], [72.87165559445404, 19.08373417744554]]}, "properties": {"OBJECTID": 25011, "US_NODE_ID": "2175119502", "DS_NODE_ID": "2176110402", "CONDUIT_LE": 125.9, "SHAPE_1": "OREC", "CONDUIT_WI": 2000, "CONDUIT_HE": 2519, "US_INVERT": 27, "DS_INVERT": 26.874000000000002, "USER_TEXT2": "Proposal", "SHAPE.LEN": 125.87144235290201}}, {"type": "Feature", "id": 25155, "geometry": {"type": "LineString", "coordinates": [[72.87034392524285, 19.105526700343237], [72.87059570484935, 19.105398446690668]]}, "properties": {"OBJECTID": 25155, "US_NODE_ID": "2175139802", "DS_NODE_ID": "2175139803", "CONDUIT_LE": 30.1, "SHAPE_1": "RECT", "CONDUIT_WI": 13000, "CONDUIT_HE": 3552, "US_INVERT": 32.998000000000005, "DS_INVERT": 32.876000000000005, "USER_TEXT2": "Existing", "SHAPE.LEN": 30.0642792704232}}, {"type": "Feature", "id": 25158, "geometry": {"type": "LineString", "coordinates": [[72.86996052352868, 19.106412547291924], [72.87000212724094, 19.106161476895064]]}, "properties": {"OBJECTID": 25158, "US_NODE_ID": "2175139902", "DS_NODE_ID": "2175139903", "CONDUIT_LE": 28.1, "SHAPE_1": "OREC", "CONDUIT_WI": 10000, "CONDUIT_HE": 3796, "US_INVERT": 33.413000000000004, "DS_INVERT": 33.326, "USER_TEXT2": "Existing", "SHAPE.LEN": 28.140709668379003}}, {"type": "Feature", "id": 25160, "geometry": {"type": "LineString", "coordinates": [[72.8700353737045, 19.105884292135208], [72.869999042951, 19.10568289901106]]}, "properties": {"OBJECTID": 25160, "US_NODE_ID": "2175139904", "DS_NODE_ID": "2175139801", "CONDUIT_LE": 22.6, "SHAPE_1": "OREC", "CONDUIT_WI": 10000, "CONDUIT_HE": 3767, "US_INVERT": 33.231, "DS_INVERT": 33.161, "USER_TEXT2": "Existing", "SHAPE.LEN": 22.6232823915983}}, {"type": "Feature", "id": 25242, "geometry": {"type": "LineString", "coordinates": [[72.86988547269463, 19.106979120107102], [72.86990481964534, 19.106649511691295]]}, "properties": {"OBJECTID": 25242, "US_NODE_ID": "2175149001", "DS_NODE_ID": "2175139901", "CONDUIT_LE": 36.6, "SHAPE_1": "OREC", "CONDUIT_WI": 10000, "CONDUIT_HE": 3389, "US_INVERT": 33.609, "DS_INVERT": 33.496, "USER_TEXT2": "Existing", "SHAPE.LEN": 36.5502786665163}}, {"type": "Feature", "id": 25258, "geometry": {"type": "LineString", "coordinates": [[72.87036199271549, 19.110554968800574], [72.87032599577597, 19.110326261253054]]}, "properties": {"OBJECTID": 25258, "US_NODE_ID": "2175149403", "DS_NODE_ID": "2175149303", "CONDUIT_LE": 25.6, "SHAPE_1": "OREC", "CONDUIT_WI": 6000, "CONDUIT_HE": 4109, "US_INVERT": 34.889, "DS_INVERT": 34.86, "USER_TEXT2": "Existing", "SHAPE.LEN": 25.6038354206943}}, {"type": "Feature", "id": 25259, "geometry": {"type": "LineString", "coordinates": [[72.87051083524429, 19.110778271897612], [72.8704719779481, 19.11074714376904], [72.87036199271549, 19.110554968800574]]}, "properties": {"OBJECTID": 25259, "US_NODE_ID": "2175149404", "DS_NODE_ID": "2175149403", "CONDUIT_LE": 29.6, "SHAPE_1": "OREC", "CONDUIT_WI": 6000, "CONDUIT_HE": 4176, "US_INVERT": 34.922000000000004, "DS_INVERT": 34.889, "USER_TEXT2": "Existing", "SHAPE.LEN": 29.5702059289359}}, {"type": "Feature", "id": 25222, "geometry": {"type": "LineString", "coordinates": [[72.86949255037361, 19.111322172199408], [72.86942129779523, 19.11109460187463]]}, "properties": {"OBJECTID": 25222, "US_NODE_ID": "2175148501", "DS_NODE_ID": "2175148402", "CONDUIT_LE": 26.3, "SHAPE_1": "OREC", "CONDUIT_WI": 8000, "CONDUIT_HE": 3769, "US_INVERT": 35.573, "DS_INVERT": 35.480000000000004, "USER_TEXT2": "Existing", "SHAPE.LEN": 26.2883680836221}}, {"type": "Feature", "id": 25223, "geometry": {"type": "LineString", "coordinates": [[72.86961024956358, 19.111855743226954], [72.86963032358727, 19.111703244596566]]}, "properties": {"OBJECTID": 25223, "US_NODE_ID": "2175148502", "DS_NODE_ID": "2175148503", "CONDUIT_LE": 17, "SHAPE_1": "OREC", "CONDUIT_WI": 7000, "CONDUIT_HE": 3858, "US_INVERT": 35.791000000000004, "DS_INVERT": 35.730000000000004, "USER_TEXT2": "Existing", "SHAPE.LEN": 17.0159861615482}}, {"type": "Feature", "id": 27076, "geometry": {"type": "LineString", "coordinates": [[72.87073345027666, 19.111475446314163], [72.87009409741944, 19.111611666009367]]}, "properties": {"OBJECTID": 27076, "US_NODE_ID": "2176140501", "DS_NODE_ID": "2175149501", "CONDUIT_LE": 69, "SHAPE_1": "RECT", "CONDUIT_WI": 2000, "CONDUIT_HE": 2000, "US_INVERT": 36.964, "DS_INVERT": 36.695, "USER_TEXT2": "Existing", "SHAPE.LEN": 68.958103222174}}, {"type": "Feature", "id": 25228, "geometry": {"type": "LineString", "coordinates": [[72.86955050768199, 19.113834549874756], [72.86948730147867, 19.113721060021515]]}, "properties": {"OBJECTID": 25228, "US_NODE_ID": "2175148702", "DS_NODE_ID": "2175148701", "CONDUIT_LE": 14.200000000000001, "SHAPE_1": "RECT", "CONDUIT_WI": 6000, "CONDUIT_HE": 3389, "US_INVERT": 38.029, "DS_INVERT": 37.904, "USER_TEXT2": "Existing", "SHAPE.LEN": 14.2175193588755}}, {"type": "Feature", "id": 26762, "geometry": {"type": "LineString", "coordinates": [[72.87210116761179, 19.060597595349282], [72.87180828641097, 19.060695382029646]]}, "properties": {"OBJECTID": 26762, "US_NODE_ID": "2176080801", "DS_NODE_ID": "2176080902", "CONDUIT_LE": 32.7, "SHAPE_1": "RECT", "CONDUIT_WI": 1500, "CONDUIT_HE": 1500, "US_INVERT": 25.913, "DS_INVERT": 25.811, "USER_TEXT2": "Proposal", "SHAPE.LEN": 32.6791982765796}}, {"type": "Feature", "id": 26935, "geometry": {"type": "LineString", "coordinates": [[72.87150037518327, 19.083539085165942], [72.87166177305103, 19.083325068895753]]}, "properties": {"OBJECTID": 26935, "US_NODE_ID": "2176110401", "DS_NODE_ID": "2176110403", "CONDUIT_LE": 29.2, "SHAPE_1": "OREC", "CONDUIT_WI": 2000, "CONDUIT_HE": 2151, "US_INVERT": 26.878, "DS_INVERT": 26.85, "USER_TEXT2": "Proposal", "SHAPE.LEN": 29.1564744096401}}, {"type": "Feature", "id": 27004, "geometry": {"type": "LineString", "coordinates": [[72.87132183092285, 19.104992266122427], [72.87155882839613, 19.10486708187651]]}, "properties": {"OBJECTID": 27004, "US_NODE_ID": "2176130803", "DS_NODE_ID": "2176130701", "CONDUIT_LE": 28.5, "SHAPE_1": "OREC", "CONDUIT_WI": 13000, "CONDUIT_HE": 3583, "US_INVERT": 32.516, "DS_INVERT": 32.4, "USER_TEXT2": "Existing", "SHAPE.LEN": 28.535816076292598}}, {"type": "Feature", "id": 27001, "geometry": {"type": "LineString", "coordinates": [[72.87172443173554, 19.104777227713058], [72.87178706427429, 19.10474252582875]]}, "properties": {"OBJECTID": 27001, "US_NODE_ID": "2176130702", "DS_NODE_ID": "2176131701", "CONDUIT_LE": 7.6000000000000005, "SHAPE_1": "RECT", "CONDUIT_WI": 15000, "CONDUIT_HE": 4962, "US_INVERT": 31.793000000000003, "DS_INVERT": 31.776, "USER_TEXT2": "Existing", "SHAPE.LEN": 7.629973200477179}}, {"type": "Feature", "id": 26771, "geometry": {"type": "LineString", "coordinates": [[72.87374263958765, 19.06060026818502], [72.87306131157385, 19.059872506123554]]}, "properties": {"OBJECTID": 26771, "US_NODE_ID": "2176082801", "DS_NODE_ID": "2176081804", "CONDUIT_LE": 107.9, "SHAPE_1": "OREC", "CONDUIT_WI": 3500, "CONDUIT_HE": 1542, "US_INVERT": 26.400000000000002, "DS_INVERT": 26.203000000000003, "USER_TEXT2": "Proposal", "SHAPE.LEN": 107.87668886279401}}, {"type": "Feature", "id": 26820, "geometry": {"type": "LineString", "coordinates": [[72.8729435835855, 19.061729173687322], [72.87255510552785, 19.060608251857214]]}, "properties": {"OBJECTID": 26820, "US_NODE_ID": "2176091001", "DS_NODE_ID": "2176081802", "CONDUIT_LE": 130.7, "SHAPE_1": "RECT", "CONDUIT_WI": 5000, "CONDUIT_HE": 2616, "US_INVERT": 25.611, "DS_INVERT": 25.512, "USER_TEXT2": "Proposal", "SHAPE.LEN": 130.67027205910298}}, {"type": "Feature", "id": 26943, "geometry": {"type": "LineString", "coordinates": [[72.87273420517631, 19.08557213779636], [72.87318365695474, 19.085344284131303]]}, "properties": {"OBJECTID": 26943, "US_NODE_ID": "2176111601", "DS_NODE_ID": "2176112601", "CONDUIT_LE": 53.6, "SHAPE_1": "OREC", "CONDUIT_WI": 2000, "CONDUIT_HE": 1909, "US_INVERT": 28.699, "DS_INVERT": 28.651, "USER_TEXT2": "Proposal", "SHAPE.LEN": 53.6156693514126}}, {"type": "Feature", "id": 26983, "geometry": {"type": "LineString", "coordinates": [[72.87230736831306, 19.091984919159337], [72.87326690301364, 19.091843349823005]]}, "properties": {"OBJECTID": 26983, "US_NODE_ID": "2176121301", "DS_NODE_ID": "2176122301", "CONDUIT_LE": 102.2, "SHAPE_1": "RECT", "CONDUIT_WI": 6500, "CONDUIT_HE": 1239, "US_INVERT": 31.01, "DS_INVERT": 30.852, "USER_TEXT2": "Proposal", "SHAPE.LEN": 102.206898005957}}, {"type": "Feature", "id": 27005, "geometry": {"type": "LineString", "coordinates": [[72.87200686501971, 19.10003045104507], [72.87223960518781, 19.100183083154793]]}, "properties": {"OBJECTID": 27005, "US_NODE_ID": "2176131201", "DS_NODE_ID": "2176131202", "CONDUIT_LE": 29.8, "SHAPE_1": "RECT", "CONDUIT_WI": 8373, "CONDUIT_HE": 2452, "US_INVERT": 32.426, "DS_INVERT": 32.394, "USER_TEXT2": "Existing", "SHAPE.LEN": 29.759872311554002}}, {"type": "Feature", "id": 27010, "geometry": {"type": "LineString", "coordinates": [[72.87270486922597, 19.101099855154683], [72.87283222240933, 19.100874606942366]]}, "properties": {"OBJECTID": 27010, "US_NODE_ID": "2176131303", "DS_NODE_ID": "2176132301", "CONDUIT_LE": 28.3, "SHAPE_1": "OREC", "CONDUIT_WI": 20000, "CONDUIT_HE": 5467, "US_INVERT": 30.622, "DS_INVERT": 30.558, "USER_TEXT2": "Existing", "SHAPE.LEN": 28.3128945888618}}, {"type": "Feature", "id": 27020, "geometry": {"type": "LineString", "coordinates": [[72.87255674416264, 19.103395148343942], [72.87263569631975, 19.103239795826717]]}, "properties": {"OBJECTID": 27020, "US_NODE_ID": "2176131601", "DS_NODE_ID": "2176131602", "CONDUIT_LE": 19.1, "SHAPE_1": "OREC", "CONDUIT_WI": 20000, "CONDUIT_HE": 4154, "US_INVERT": 31.129, "DS_INVERT": 31.117, "USER_TEXT2": "Existing", "SHAPE.LEN": 19.1023558756505}}, {"type": "Feature", "id": 27018, "geometry": {"type": "LineString", "coordinates": [[72.8726698115119, 19.102729301158963], [72.87267806050853, 19.102527608712922]]}, "properties": {"OBJECTID": 27018, "US_NODE_ID": "2176131506", "DS_NODE_ID": "2176131507", "CONDUIT_LE": 22.3, "SHAPE_1": "OREC", "CONDUIT_WI": 20000, "CONDUIT_HE": 4848, "US_INVERT": 31.024, "DS_INVERT": 30.974, "USER_TEXT2": "Existing", "SHAPE.LEN": 22.347767560318}}, {"type": "Feature", "id": 27032, "geometry": {"type": "LineString", "coordinates": [[72.87308427235708, 19.104245610092264], [72.87277986051996, 19.10417871748762]]}, "properties": {"OBJECTID": 27032, "US_NODE_ID": "2176132702", "DS_NODE_ID": "2176132701", "CONDUIT_LE": 32.9, "SHAPE_1": "OREC", "CONDUIT_WI": 10000, "CONDUIT_HE": 4486, "US_INVERT": 31.224, "DS_INVERT": 31.19, "USER_TEXT2": "Existing", "SHAPE.LEN": 32.8840134515238}}, {"type": "Feature", "id": 27023, "geometry": {"type": "LineString", "coordinates": [[72.87178706427429, 19.10474252582875], [72.87205715028009, 19.104599402514502]]}, "properties": {"OBJECTID": 27023, "US_NODE_ID": "2176131701", "DS_NODE_ID": "2176131702", "CONDUIT_LE": 32.5, "SHAPE_1": "OREC", "CONDUIT_WI": 15000, "CONDUIT_HE": 4830, "US_INVERT": 31.776, "DS_INVERT": 31.702, "USER_TEXT2": "Existing", "SHAPE.LEN": 32.5447322448657}}, {"type": "Feature", "id": 27082, "geometry": {"type": "LineString", "coordinates": [[72.87255766513438, 19.1149099837003], [72.87367576666242, 19.114640187047396]]}, "properties": {"OBJECTID": 27082, "US_NODE_ID": "2176142901", "DS_NODE_ID": "2176143801", "CONDUIT_LE": 121.4, "SHAPE_1": "RECT", "CONDUIT_WI": 2000, "CONDUIT_HE": 2000, "US_INVERT": 39.519, "DS_INVERT": 39.045, "USER_TEXT2": "Existing", "SHAPE.LEN": 121.404200915784}}, {"type": "Feature", "id": 26827, "geometry": {"type": "LineString", "coordinates": [[72.8747843571166, 19.062641923330748], [72.87453001297217, 19.06202657491701]]}, "properties": {"OBJECTID": 26827, "US_NODE_ID": "2176093102", "DS_NODE_ID": "2176093001", "CONDUIT_LE": 73.2, "SHAPE_1": "RECT", "CONDUIT_WI": 3000, "CONDUIT_HE": 3218, "US_INVERT": 26.279, "DS_INVERT": 26.135, "USER_TEXT2": "Proposal", "SHAPE.LEN": 73.20245897509179}}, {"type": "Feature", "id": 26829, "geometry": {"type": "LineString", "coordinates": [[72.87421902106459, 19.06421522628637], [72.87363572476362, 19.063099286036152]]}, "properties": {"OBJECTID": 26829, "US_NODE_ID": "2176093201", "DS_NODE_ID": "2176092101", "CONDUIT_LE": 138, "SHAPE_1": "RECT", "CONDUIT_WI": 5000, "CONDUIT_HE": 2083, "US_INVERT": 25.841, "DS_INVERT": 25.737000000000002, "USER_TEXT2": "Proposal", "SHAPE.LEN": 137.971917432498}}, {"type": "Feature", "id": 26836, "geometry": {"type": "LineString", "coordinates": [[72.87451589541972, 19.070062803090895], [72.87419009844105, 19.070133114588334]]}, "properties": {"OBJECTID": 26836, "US_NODE_ID": "2176093902", "DS_NODE_ID": "2176093901", "CONDUIT_LE": 35.2, "SHAPE_1": "RECT", "CONDUIT_WI": 1500, "CONDUIT_HE": 1500, "US_INVERT": 25.279, "DS_INVERT": 25.157, "USER_TEXT2": "Proposal", "SHAPE.LEN": 35.1693047983607}}, {"type": "Feature", "id": 27038, "geometry": {"type": "LineString", "coordinates": [[72.87427642887373, 19.104586263556453], [72.87391292818022, 19.10447532814392]]}, "properties": {"OBJECTID": 27038, "US_NODE_ID": "2176133702", "DS_NODE_ID": "2176133701", "CONDUIT_LE": 40.2, "SHAPE_1": "OREC", "CONDUIT_WI": 10000, "CONDUIT_HE": 4758, "US_INVERT": 31.36, "DS_INVERT": 31.318, "USER_TEXT2": "Existing", "SHAPE.LEN": 40.181368599016096}}, {"type": "Feature", "id": 26839, "geometry": {"type": "LineString", "coordinates": [[72.8754811242433, 19.06215947588714], [72.87492741476181, 19.061703267575535]]}, "properties": {"OBJECTID": 26839, "US_NODE_ID": "2176094001", "DS_NODE_ID": "2176093002", "CONDUIT_LE": 77.10000000000001, "SHAPE_1": "OREC", "CONDUIT_WI": 3500, "CONDUIT_HE": 1199, "US_INVERT": 28, "DS_INVERT": 27.678, "USER_TEXT2": "Proposal", "SHAPE.LEN": 77.13138142157189}}, {"type": "Feature", "id": 26847, "geometry": {"type": "LineString", "coordinates": [[72.87530148808492, 19.070067342599643], [72.87508513262706, 19.070122658172057]]}, "properties": {"OBJECTID": 26847, "US_NODE_ID": "2176094902", "DS_NODE_ID": "2176094901", "CONDUIT_LE": 23.6, "SHAPE_1": "RECT", "CONDUIT_WI": 1500, "CONDUIT_HE": 1500, "US_INVERT": 25.6, "DS_INVERT": 25.518, "USER_TEXT2": "Proposal", "SHAPE.LEN": 23.584952830141496}}, {"type": "Feature", "id": 26888, "geometry": {"type": "LineString", "coordinates": [[72.8751897443687, 19.079522576250433], [72.87545408777481, 19.079408004051952]]}, "properties": {"OBJECTID": 26888, "US_NODE_ID": "2176104902", "DS_NODE_ID": "2176104903", "CONDUIT_LE": 30.6, "SHAPE_1": "OREC", "CONDUIT_WI": 6511, "CONDUIT_HE": 2786, "US_INVERT": 26.342000000000002, "DS_INVERT": 26.279, "USER_TEXT2": "Existing", "SHAPE.LEN": 30.5810731433676}}, {"type": "Feature", "id": 26955, "geometry": {"type": "LineString", "coordinates": [[72.87460343231281, 19.084051833779], [72.87554295588046, 19.082868548663477]]}, "properties": {"OBJECTID": 26955, "US_NODE_ID": "2176113401", "DS_NODE_ID": "2176114301", "CONDUIT_LE": 164.1, "SHAPE_1": "OREC", "CONDUIT_WI": 2000, "CONDUIT_HE": 1645, "US_INVERT": 28.463, "DS_INVERT": 28.314, "USER_TEXT2": "Proposal", "SHAPE.LEN": 164.14667221725801}}, {"type": "Feature", "id": 27036, "geometry": {"type": "LineString", "coordinates": [[72.87430838983144, 19.100832041747644], [72.87497034598675, 19.100856845853247]]}, "properties": {"OBJECTID": 27036, "US_NODE_ID": "2176133303", "DS_NODE_ID": "2176134301", "CONDUIT_LE": 69.7, "SHAPE_1": "OREC", "CONDUIT_WI": 22000, "CONDUIT_HE": 5409, "US_INVERT": 29.789, "DS_INVERT": 29.743000000000002, "USER_TEXT2": "Existing", "SHAPE.LEN": 69.72589189103279}}, {"type": "Feature", "id": 27039, "geometry": {"type": "LineString", "coordinates": [[72.87427598898056, 19.104854816728835], [72.8742784457, 19.104703030413415]]}, "properties": {"OBJECTID": 27039, "US_NODE_ID": "2176133703", "DS_NODE_ID": "2176133704", "CONDUIT_LE": 16.8, "SHAPE_1": "OREC", "CONDUIT_WI": 10000, "CONDUIT_HE": 4204, "US_INVERT": 31.483, "DS_INVERT": 31.413, "USER_TEXT2": "Existing", "SHAPE.LEN": 16.807388037705298}}, {"type": "Feature", "id": 26891, "geometry": {"type": "LineString", "coordinates": [[72.87612497369443, 19.071943890898524], [72.87594226756924, 19.07191510763212], [72.87573770207091, 19.071917749959063]]}, "properties": {"OBJECTID": 26891, "US_NODE_ID": "2176105101", "DS_NODE_ID": "2176104103", "CONDUIT_LE": 41, "SHAPE_1": "RECT", "CONDUIT_WI": 2000, "CONDUIT_HE": 1730, "US_INVERT": 27.608, "DS_INVERT": 27.112000000000002, "USER_TEXT2": "Proposal", "SHAPE.LEN": 41.032133476402194}}, {"type": "Feature", "id": 26895, "geometry": {"type": "LineString", "coordinates": [[72.87598574946017, 19.07414626512297], [72.87579772970462, 19.07354342401666]]}, "properties": {"OBJECTID": 26895, "US_NODE_ID": "2176105301", "DS_NODE_ID": "2176104302", "CONDUIT_LE": 69.60000000000001, "SHAPE_1": "RECT", "CONDUIT_WI": 5000, "CONDUIT_HE": 1498, "US_INVERT": 27.226000000000003, "DS_INVERT": 27.132, "USER_TEXT2": "Proposal", "SHAPE.LEN": 69.6175983498426}}, {"type": "Feature", "id": 26962, "geometry": {"type": "LineString", "coordinates": [[72.87612011287013, 19.084322239623695], [72.87629310170296, 19.08394395751578]]}, "properties": {"OBJECTID": 26962, "US_NODE_ID": "2176115502", "DS_NODE_ID": "2176115401", "CONDUIT_LE": 45.7, "SHAPE_1": "OREC", "CONDUIT_WI": 5000, "CONDUIT_HE": 888, "US_INVERT": 27.611, "DS_INVERT": 27.448, "USER_TEXT2": "Proposal", "SHAPE.LEN": 45.669464634479795}}, {"type": "Feature", "id": 27052, "geometry": {"type": "LineString", "coordinates": [[72.87544104745224, 19.10625929881862], [72.87530152544217, 19.106023742178163]]}, "properties": {"OBJECTID": 27052, "US_NODE_ID": "2176134902", "DS_NODE_ID": "2176134901", "CONDUIT_LE": 29.900000000000002, "SHAPE_1": "OREC", "CONDUIT_WI": 5899, "CONDUIT_HE": 4260, "US_INVERT": 31.978, "DS_INVERT": 31.973000000000003, "USER_TEXT2": "Existing", "SHAPE.LEN": 29.930085198675897}}, {"type": "Feature", "id": 27056, "geometry": {"type": "LineString", "coordinates": [[72.87558246997192, 19.106494877318013], [72.87544104745224, 19.10625929881862]]}, "properties": {"OBJECTID": 27056, "US_NODE_ID": "2176135901", "DS_NODE_ID": "2176134902", "CONDUIT_LE": 30, "SHAPE_1": "OREC", "CONDUIT_WI": 6153, "CONDUIT_HE": 3745, "US_INVERT": 31.983, "DS_INVERT": 31.978, "USER_TEXT2": "Existing", "SHAPE.LEN": 30.0308175046901}}, {"type": "Feature", "id": 26787, "geometry": {"type": "LineString", "coordinates": [[72.8775418096325, 19.055806539136686], [72.87751429787234, 19.055539230740138]]}, "properties": {"OBJECTID": 26787, "US_NODE_ID": "2176086302", "DS_NODE_ID": "2176086301", "CONDUIT_LE": 29.7, "SHAPE_1": "OREC", "CONDUIT_WI": 22500, "CONDUIT_HE": 3013, "US_INVERT": 25.294, "DS_INVERT": 25.273, "USER_TEXT2": "Existing", "SHAPE.LEN": 29.73690581382}}, {"type": "Feature", "id": 26783, "geometry": {"type": "LineString", "coordinates": [[72.87752432177506, 19.054998500195467], [72.87755857229644, 19.054727999348685]]}, "properties": {"OBJECTID": 26783, "US_NODE_ID": "2176086202", "DS_NODE_ID": "2176086203", "CONDUIT_LE": 30.2, "SHAPE_1": "OREC", "CONDUIT_WI": 22500, "CONDUIT_HE": 2374, "US_INVERT": 25.263, "DS_INVERT": 25.253, "USER_TEXT2": "Existing", "SHAPE.LEN": 30.1652629202863}}, {"type": "Feature", "id": 26968, "geometry": {"type": "LineString", "coordinates": [[72.87724186563204, 19.085463351416976], [72.87825558724721, 19.085167014339994]]}, "properties": {"OBJECTID": 26968, "US_NODE_ID": "2176116601", "DS_NODE_ID": "2176117601", "CONDUIT_LE": 111.60000000000001, "SHAPE_1": "CIRC", "CONDUIT_WI": 1000, "CONDUIT_HE": 1000, "US_INVERT": 26.764000000000003, "DS_INVERT": 25.968, "USER_TEXT2": "Proposal", "SHAPE.LEN": 111.63556780883101}}, {"type": "Feature", "id": 27061, "geometry": {"type": "LineString", "coordinates": [[72.8771137713926, 19.10057265691425], [72.87737919507556, 19.100472744762417]]}, "properties": {"OBJECTID": 27061, "US_NODE_ID": "2176136303", "DS_NODE_ID": "2176136201", "CONDUIT_LE": 30, "SHAPE_1": "OREC", "CONDUIT_WI": 22000, "CONDUIT_HE": 6301, "US_INVERT": 28.997, "DS_INVERT": 28.747, "USER_TEXT2": "Existing", "SHAPE.LEN": 30.046630426721702}}, {"type": "Feature", "id": 27058, "geometry": {"type": "LineString", "coordinates": [[72.87737919507556, 19.100472744762417], [72.87764274144448, 19.100371004020733]]}, "properties": {"OBJECTID": 27058, "US_NODE_ID": "2176136201", "DS_NODE_ID": "2176137201", "CONDUIT_LE": 29.900000000000002, "SHAPE_1": "OREC", "CONDUIT_WI": 22000, "CONDUIT_HE": 6381, "US_INVERT": 28.747, "DS_INVERT": 28.498, "USER_TEXT2": "Existing", "SHAPE.LEN": 29.938603841862797}}, {"type": "Feature", "id": 27122, "geometry": {"type": "LineString", "coordinates": [[72.87651416882947, 19.11285559586599], [72.87644872265625, 19.112771740033363]]}, "properties": {"OBJECTID": 27122, "US_NODE_ID": "2176146602", "DS_NODE_ID": "2176146601", "CONDUIT_LE": 11.6, "SHAPE_1": "OREC", "CONDUIT_WI": 6000, "CONDUIT_HE": 2958, "US_INVERT": 35.230000000000004, "DS_INVERT": 35.171, "USER_TEXT2": "Existing", "SHAPE.LEN": 11.5602768132947}}, {"type": "Feature", "id": 27128, "geometry": {"type": "LineString", "coordinates": [[72.87733021067505, 19.11369150099587], [72.87722728075525, 19.11341752688157]]}, "properties": {"OBJECTID": 27128, "US_NODE_ID": "2176147701", "DS_NODE_ID": "2176146702", "CONDUIT_LE": 32.2, "SHAPE_1": "OREC", "CONDUIT_WI": 5664, "CONDUIT_HE": 2924, "US_INVERT": 35.944, "DS_INVERT": 35.78, "USER_TEXT2": "Existing", "SHAPE.LEN": 32.2099363551063}}, {"type": "Feature", "id": 26908, "geometry": {"type": "LineString", "coordinates": [[72.87875128540684, 19.07310051109764], [72.87857420442276, 19.072757036693307]]}, "properties": {"OBJECTID": 26908, "US_NODE_ID": "2176107202", "DS_NODE_ID": "2176107201", "CONDUIT_LE": 42.4, "SHAPE_1": "RECT", "CONDUIT_WI": 5000, "CONDUIT_HE": 3308, "US_INVERT": 31, "DS_INVERT": 30.900000000000002, "USER_TEXT2": "Proposal", "SHAPE.LEN": 42.351505286117}}, {"type": "Feature", "id": 27064, "geometry": {"type": "LineString", "coordinates": [[72.8781707948682, 19.100166629121492], [72.87843717895512, 19.10006582312833]]}, "properties": {"OBJECTID": 27064, "US_NODE_ID": "2176137203", "DS_NODE_ID": "2176137204", "CONDUIT_LE": 30.2, "SHAPE_1": "OREC", "CONDUIT_WI": 22000, "CONDUIT_HE": 5871, "US_INVERT": 27.377000000000002, "DS_INVERT": 27.021, "USER_TEXT2": "Existing", "SHAPE.LEN": 30.1771436686775}}, {"type": "Feature", "id": 27130, "geometry": {"type": "LineString", "coordinates": [[72.87775860518722, 19.113853611187842], [72.87751578683546, 19.113744224769274]]}, "properties": {"OBJECTID": 27130, "US_NODE_ID": "2176147703", "DS_NODE_ID": "2176147702", "CONDUIT_LE": 28.3, "SHAPE_1": "OREC", "CONDUIT_WI": 4827, "CONDUIT_HE": 2375, "US_INVERT": 36.193000000000005, "DS_INVERT": 36.048, "USER_TEXT2": "Existing", "SHAPE.LEN": 28.279497873901498}}, {"type": "Feature", "id": 26801, "geometry": {"type": "LineString", "coordinates": [[72.87947215463592, 19.05773395029656], [72.87924800849312, 19.057569011848347]]}, "properties": {"OBJECTID": 26801, "US_NODE_ID": "2176088503", "DS_NODE_ID": "2176088502", "CONDUIT_LE": 29.8, "SHAPE_1": "OREC", "CONDUIT_WI": 22500, "CONDUIT_HE": 2901, "US_INVERT": 25.506, "DS_INVERT": 25.484, "USER_TEXT2": "Existing", "SHAPE.LEN": 29.8384550082607}}, {"type": "Feature", "id": 26819, "geometry": {"type": "LineString", "coordinates": [[72.88012643336147, 19.059230350247237], [72.88029493004446, 19.05883785005725]]}, "properties": {"OBJECTID": 26819, "US_NODE_ID": "2176089701", "DS_NODE_ID": "2176089603", "CONDUIT_LE": 46.9, "SHAPE_1": "OREC", "CONDUIT_WI": 5200, "CONDUIT_HE": 1500, "US_INVERT": 27.066000000000003, "DS_INVERT": 27.031000000000002, "USER_TEXT2": "Existing", "SHAPE.LEN": 46.9373760452158}}, {"type": "Feature", "id": 26813, "geometry": {"type": "LineString", "coordinates": [[72.88029493004446, 19.05883785005725], [72.88046689494153, 19.058503282066965]]}, "properties": {"OBJECTID": 26813, "US_NODE_ID": "2176089603", "DS_NODE_ID": "2176089605", "CONDUIT_LE": 41.2, "SHAPE_1": "OREC", "CONDUIT_WI": 5200, "CONDUIT_HE": 1500, "US_INVERT": 27.031000000000002, "DS_INVERT": 27, "USER_TEXT2": "Existing", "SHAPE.LEN": 41.229643157563196}}, {"type": "Feature", "id": 26806, "geometry": {"type": "LineString", "coordinates": [[72.87972180422963, 19.06020570216231], [72.87989737139831, 19.05977757744778]]}, "properties": {"OBJECTID": 26806, "US_NODE_ID": "2176088802", "DS_NODE_ID": "2176088701", "CONDUIT_LE": 50.9, "SHAPE_1": "OREC", "CONDUIT_WI": 5200, "CONDUIT_HE": 1500, "US_INVERT": 27.153000000000002, "DS_INVERT": 27.115000000000002, "USER_TEXT2": "Existing", "SHAPE.LEN": 50.87668560047909}}, {"type": "Feature", "id": 28060, "geometry": {"type": "LineString", "coordinates": [[72.88130487909996, 19.05639221118011], [72.88119833043342, 19.05663637700037]]}, "properties": {"OBJECTID": 28060, "US_NODE_ID": "2177080404", "DS_NODE_ID": "2177080403", "CONDUIT_LE": 29.3, "SHAPE_1": "OREC", "CONDUIT_WI": 4824, "CONDUIT_HE": 1428, "US_INVERT": 26.791, "DS_INVERT": 26.585, "USER_TEXT2": "Existing", "SHAPE.LEN": 29.2681001927013}}, {"type": "Feature", "id": 28061, "geometry": {"type": "LineString", "coordinates": [[72.88090631149804, 19.057406823467826], [72.88081475435348, 19.057665708385176]]}, "properties": {"OBJECTID": 28061, "US_NODE_ID": "2177080501", "DS_NODE_ID": "2176089502", "CONDUIT_LE": 30.2, "SHAPE_1": "OREC", "CONDUIT_WI": 4263, "CONDUIT_HE": 2029, "US_INVERT": 25.97, "DS_INVERT": 25.87, "USER_TEXT2": "Existing", "SHAPE.LEN": 30.240180287822398}}, {"type": "Feature", "id": 28057, "geometry": {"type": "LineString", "coordinates": [[72.88097571831818, 19.057143416048103], [72.88090631149804, 19.057406823467826]]}, "properties": {"OBJECTID": 28057, "US_NODE_ID": "2177080401", "DS_NODE_ID": "2177080501", "CONDUIT_LE": 30.1, "SHAPE_1": "OREC", "CONDUIT_WI": 4251, "CONDUIT_HE": 2045, "US_INVERT": 26.174, "DS_INVERT": 25.97, "USER_TEXT2": "Existing", "SHAPE.LEN": 30.065026987016}}, {"type": "Feature", "id": 28310, "geometry": {"type": "LineString", "coordinates": [[72.88076529907632, 19.077732486649946], [72.88048356971863, 19.07772169442539]]}, "properties": {"OBJECTID": 28310, "US_NODE_ID": "2177100701", "DS_NODE_ID": "2176109705", "CONDUIT_LE": 29.7, "SHAPE_1": "OREC", "CONDUIT_WI": 3096, "CONDUIT_HE": 2078, "US_INVERT": 26.990000000000002, "DS_INVERT": 26.839000000000002, "USER_TEXT2": "Existing", "SHAPE.LEN": 29.680478818577}}, {"type": "Feature", "id": 28532, "geometry": {"type": "LineString", "coordinates": [[72.88082728117837, 19.085678468030878], [72.88071906907476, 19.08499536471998]]}, "properties": {"OBJECTID": 28532, "US_NODE_ID": "2177110601", "DS_NODE_ID": "2177110501", "CONDUIT_LE": 76.5, "SHAPE_1": "RECT", "CONDUIT_WI": 2000, "CONDUIT_HE": 1500, "US_INVERT": 28.502000000000002, "DS_INVERT": 28.066000000000003, "USER_TEXT2": "Existing", "SHAPE.LEN": 76.4839754025639}}, {"type": "Feature", "id": 28533, "geometry": {"type": "LineString", "coordinates": [[72.88090726781239, 19.085670536966777], [72.88082728117837, 19.085678468030878]]}, "properties": {"OBJECTID": 28533, "US_NODE_ID": "2177110602", "DS_NODE_ID": "2177110601", "CONDUIT_LE": 8.5, "SHAPE_1": "RECT", "CONDUIT_WI": 2000, "CONDUIT_HE": 1500, "US_INVERT": 28.55, "DS_INVERT": 28.502000000000002, "USER_TEXT2": "Existing", "SHAPE.LEN": 8.46510668863659}}, {"type": "Feature", "id": 28558, "geometry": {"type": "LineString", "coordinates": [[72.88358557939867, 19.085412481716514], [72.88090726781239, 19.085670536966777]]}, "properties": {"OBJECTID": 28558, "US_NODE_ID": "2177113602", "DS_NODE_ID": "2177110602", "CONDUIT_LE": 283.40000000000003, "SHAPE_1": "RECT", "CONDUIT_WI": 1500, "CONDUIT_HE": 1500, "US_INVERT": 30.165000000000003, "DS_INVERT": 28.55, "USER_TEXT2": "Existing", "SHAPE.LEN": 283.36470014349004}}, {"type": "Feature", "id": 26989, "geometry": {"type": "LineString", "coordinates": [[72.88017868023539, 19.094186628584804], [72.88015744857897, 19.094361618557098]]}, "properties": {"OBJECTID": 26989, "US_NODE_ID": "2176129501", "DS_NODE_ID": "2176129602", "CONDUIT_LE": 19.5, "SHAPE_1": "OREC", "CONDUIT_WI": 3000, "CONDUIT_HE": 2000, "US_INVERT": 28.5, "DS_INVERT": 27.8, "USER_TEXT2": "Proposal", "SHAPE.LEN": 19.5028203088682}}, {"type": "Feature", "id": 28075, "geometry": {"type": "LineString", "coordinates": [[72.88196626632812, 19.054891099446888], [72.88184517788008, 19.055140395700253]]}, "properties": {"OBJECTID": 28075, "US_NODE_ID": "2177081201", "DS_NODE_ID": "2177080201", "CONDUIT_LE": 30.400000000000002, "SHAPE_1": "OREC", "CONDUIT_WI": 4300, "CONDUIT_HE": 1402, "US_INVERT": 26.917, "DS_INVERT": 26.906000000000002, "USER_TEXT2": "Existing", "SHAPE.LEN": 30.4029925436625}}, {"type": "Feature", "id": 28085, "geometry": {"type": "LineString", "coordinates": [[72.88253523281449, 19.059620994538133], [72.88230667717343, 19.05946038149402]]}, "properties": {"OBJECTID": 28085, "US_NODE_ID": "2177081706", "DS_NODE_ID": "2177081705", "CONDUIT_LE": 29.900000000000002, "SHAPE_1": "OREC", "CONDUIT_WI": 15000, "CONDUIT_HE": 2048, "US_INVERT": 25.772000000000002, "DS_INVERT": 25.752000000000002, "USER_TEXT2": "Existing", "SHAPE.LEN": 29.9195720499141}}, {"type": "Feature", "id": 28138, "geometry": {"type": "LineString", "coordinates": [[72.88249799142102, 19.068329145240224], [72.88238189602033, 19.068195030650756]]}, "properties": {"OBJECTID": 28138, "US_NODE_ID": "2177091708", "DS_NODE_ID": "2177091705", "CONDUIT_LE": 19.2, "SHAPE_1": "OREC", "CONDUIT_WI": 10387, "CONDUIT_HE": 1455, "US_INVERT": 27.004, "DS_INVERT": 27.001, "USER_TEXT2": "Existing", "SHAPE.LEN": 19.231484602079}}, {"type": "Feature", "id": 28315, "geometry": {"type": "LineString", "coordinates": [[72.88198484092031, 19.073373942173717], [72.88226829418495, 19.07334907924603]]}, "properties": {"OBJECTID": 28315, "US_NODE_ID": "2177101202", "DS_NODE_ID": "2177101203", "CONDUIT_LE": 30, "SHAPE_1": "OREC", "CONDUIT_WI": 3301, "CONDUIT_HE": 1811, "US_INVERT": 27.847, "DS_INVERT": 27.797, "USER_TEXT2": "Existing", "SHAPE.LEN": 29.9653486856068}}, {"type": "Feature", "id": 28540, "geometry": {"type": "LineString", "coordinates": [[72.8822311845011, 19.08296722459196], [72.88210602077054, 19.082723709036667]]}, "properties": {"OBJECTID": 28540, "US_NODE_ID": "2177111303", "DS_NODE_ID": "2177111302", "CONDUIT_LE": 30, "SHAPE_1": "RECT", "CONDUIT_WI": 2000, "CONDUIT_HE": 1533, "US_INVERT": 28.472, "DS_INVERT": 28.174000000000003, "USER_TEXT2": "Existing", "SHAPE.LEN": 30.0081655553951}}, {"type": "Feature", "id": 28630, "geometry": {"type": "LineString", "coordinates": [[72.88157254597841, 19.105976794373426], [72.88213996421142, 19.106413280684002]]}, "properties": {"OBJECTID": 28630, "US_NODE_ID": "2177131901", "DS_NODE_ID": "2177131902", "CONDUIT_LE": 76.8, "SHAPE_1": "RECT", "CONDUIT_WI": 1500, "CONDUIT_HE": 1500, "US_INVERT": 34.506, "DS_INVERT": 34.139, "USER_TEXT2": "Proposal", "SHAPE.LEN": 76.8234990090923}}, {"type": "Feature", "id": 28094, "geometry": {"type": "LineString", "coordinates": [[72.88334783184212, 19.060179302280574], [72.88333726348377, 19.060162702558546]]}, "properties": {"OBJECTID": 28094, "US_NODE_ID": "2177082804", "DS_NODE_ID": "2177082803", "CONDUIT_LE": 2.1, "SHAPE_1": "RECT", "CONDUIT_WI": 15000, "CONDUIT_HE": 2364, "US_INVERT": 25.843, "DS_INVERT": 25.84, "USER_TEXT2": "Existing", "SHAPE.LEN": 2.14839814280314}}, {"type": "Feature", "id": 28147, "geometry": {"type": "LineString", "coordinates": [[72.88322144076797, 19.066509842139222], [72.88334070875901, 19.06624833971157]]}, "properties": {"OBJECTID": 28147, "US_NODE_ID": "2177092506", "DS_NODE_ID": "2177092508", "CONDUIT_LE": 31.6, "SHAPE_1": "OREC", "CONDUIT_WI": 5650, "CONDUIT_HE": 1669, "US_INVERT": 26.558, "DS_INVERT": 26.529, "USER_TEXT2": "Existing", "SHAPE.LEN": 31.557869564500102}}, {"type": "Feature", "id": 28155, "geometry": {"type": "LineString", "coordinates": [[72.88294600013742, 19.067229583130462], [72.88298357754906, 19.067130724063627]]}, "properties": {"OBJECTID": 28155, "US_NODE_ID": "2177092604", "DS_NODE_ID": "2177092605", "CONDUIT_LE": 11.6, "SHAPE_1": "RECT", "CONDUIT_WI": 4500, "CONDUIT_HE": 1506, "US_INVERT": 26.993000000000002, "DS_INVERT": 26.991, "USER_TEXT2": "Existing", "SHAPE.LEN": 11.6382578958365}}, {"type": "Feature", "id": 28143, "geometry": {"type": "LineString", "coordinates": [[72.88302301603281, 19.067017121442795], [72.88303414662357, 19.066965465469647]]}, "properties": {"OBJECTID": 28143, "US_NODE_ID": "2177092502", "DS_NODE_ID": "2177092503", "CONDUIT_LE": 5.8, "SHAPE_1": "RECT", "CONDUIT_WI": 6500, "CONDUIT_HE": 1269, "US_INVERT": 26.990000000000002, "DS_INVERT": 26.990000000000002, "USER_TEXT2": "Existing", "SHAPE.LEN": 5.8379678973081}}, {"type": "Feature", "id": 28144, "geometry": {"type": "LineString", "coordinates": [[72.88303414662357, 19.066965465469647], [72.88313977216274, 19.066889589215997]]}, "properties": {"OBJECTID": 28144, "US_NODE_ID": "2177092503", "DS_NODE_ID": "2177092505", "CONDUIT_LE": 13.9, "SHAPE_1": "OREC", "CONDUIT_WI": 6500, "CONDUIT_HE": 1149, "US_INVERT": 26.990000000000002, "DS_INVERT": 26.98, "USER_TEXT2": "Existing", "SHAPE.LEN": 13.936092680518499}}, {"type": "Feature", "id": 28158, "geometry": {"type": "LineString", "coordinates": [[72.8828541402016, 19.068705516798854], [72.88270194182621, 19.068502206223467]]}, "properties": {"OBJECTID": 28158, "US_NODE_ID": "2177092702", "DS_NODE_ID": "2177092701", "CONDUIT_LE": 27.6, "SHAPE_1": "OREC", "CONDUIT_WI": 7528, "CONDUIT_HE": 1661, "US_INVERT": 27.013, "DS_INVERT": 27.009, "USER_TEXT2": "Existing", "SHAPE.LEN": 27.629715306712797}}, {"type": "Feature", "id": 28324, "geometry": {"type": "LineString", "coordinates": [[72.88311676708233, 19.07331419027336], [72.88331303308073, 19.073120433903043]]}, "properties": {"OBJECTID": 28324, "US_NODE_ID": "2177102202", "DS_NODE_ID": "2177102203", "CONDUIT_LE": 29.8, "SHAPE_1": "RECT", "CONDUIT_WI": 5000, "CONDUIT_HE": 1399, "US_INVERT": 27.609, "DS_INVERT": 27.589000000000002, "USER_TEXT2": "Existing", "SHAPE.LEN": 29.7833846296891}}, {"type": "Feature", "id": 28549, "geometry": {"type": "LineString", "coordinates": [[72.88337814989139, 19.08392161432409], [72.88318669321104, 19.08383951211623]]}, "properties": {"OBJECTID": 28549, "US_NODE_ID": "2177112407", "DS_NODE_ID": "2177112405", "CONDUIT_LE": 22.1, "SHAPE_1": "RECT", "CONDUIT_WI": 1500, "CONDUIT_HE": 2008, "US_INVERT": 29.5, "DS_INVERT": 29.372, "USER_TEXT2": "Existing", "SHAPE.LEN": 22.1082400197302}}, {"type": "Feature", "id": 28612, "geometry": {"type": "LineString", "coordinates": [[72.88329763638974, 19.09675714284742], [72.88301559326034, 19.096715643270095]]}, "properties": {"OBJECTID": 28612, "US_NODE_ID": "2177123801", "DS_NODE_ID": "2177122803", "CONDUIT_LE": 30, "SHAPE_1": "OREC", "CONDUIT_WI": 14433, "CONDUIT_HE": 2692, "US_INVERT": 28.6, "DS_INVERT": 28.47, "USER_TEXT2": "Existing", "SHAPE.LEN": 30.0394827771718}}, {"type": "Feature", "id": 28108, "geometry": {"type": "LineString", "coordinates": [[72.88472226601868, 19.05502808134255], [72.88439773241258, 19.05474132391947]]}, "properties": {"OBJECTID": 28108, "US_NODE_ID": "2177084201", "DS_NODE_ID": "2177083203", "CONDUIT_LE": 46.6, "SHAPE_1": "OREC", "CONDUIT_WI": 4000, "CONDUIT_HE": 3697, "US_INVERT": 25.703000000000003, "DS_INVERT": 25.673000000000002, "USER_TEXT2": "Existing", "SHAPE.LEN": 46.640686650177}}, {"type": "Feature", "id": 28174, "geometry": {"type": "LineString", "coordinates": [[72.88430219717145, 19.064458528525176], [72.88441387590885, 19.064195850465214]]}, "properties": {"OBJECTID": 28174, "US_NODE_ID": "2177093307", "DS_NODE_ID": "2177093204", "CONDUIT_LE": 31.400000000000002, "SHAPE_1": "OREC", "CONDUIT_WI": 9810, "CONDUIT_HE": 1599, "US_INVERT": 26.8, "DS_INVERT": 26.79, "USER_TEXT2": "Existing", "SHAPE.LEN": 31.369265408357897}}, {"type": "Feature", "id": 28339, "geometry": {"type": "LineString", "coordinates": [[72.88413148352997, 19.072035062992995], [72.88431762053746, 19.07182783955258]]}, "properties": {"OBJECTID": 28339, "US_NODE_ID": "2177103103", "DS_NODE_ID": "2177103104", "CONDUIT_LE": 30.2, "SHAPE_1": "OREC", "CONDUIT_WI": 5184, "CONDUIT_HE": 1887, "US_INVERT": 27.331000000000003, "DS_INVERT": 27.295, "USER_TEXT2": "Existing", "SHAPE.LEN": 30.171621892434}}, {"type": "Feature", "id": 28342, "geometry": {"type": "LineString", "coordinates": [[72.88443981285658, 19.071694454515438], [72.884504527285, 19.071624676800724]]}, "properties": {"OBJECTID": 28342, "US_NODE_ID": "2177103106", "DS_NODE_ID": "2177103001", "CONDUIT_LE": 10.3, "SHAPE_1": "OREC", "CONDUIT_WI": 6000, "CONDUIT_HE": 1566, "US_INVERT": 27.284000000000002, "DS_INVERT": 27.278000000000002, "USER_TEXT2": "Existing", "SHAPE.LEN": 10.3001602671997}}, {"type": "Feature", "id": 28350, "geometry": {"type": "LineString", "coordinates": [[72.88468547689625, 19.071416581327732], [72.88479385203786, 19.0712956634122]]}, "properties": {"OBJECTID": 28350, "US_NODE_ID": "2177104001", "DS_NODE_ID": "2177104002", "CONDUIT_LE": 17.6, "SHAPE_1": "OREC", "CONDUIT_WI": 4996, "CONDUIT_HE": 2014, "US_INVERT": 27.194000000000003, "DS_INVERT": 27.169, "USER_TEXT2": "Existing", "SHAPE.LEN": 17.5893065505721}}, {"type": "Feature", "id": 28553, "geometry": {"type": "LineString", "coordinates": [[72.88353385344386, 19.085051590224513], [72.88346606398848, 19.084572407714123]]}, "properties": {"OBJECTID": 28553, "US_NODE_ID": "2177113502", "DS_NODE_ID": "2177113501", "CONDUIT_LE": 53.5, "SHAPE_1": "RECT", "CONDUIT_WI": 1500, "CONDUIT_HE": 1500, "US_INVERT": 30.264000000000003, "DS_INVERT": 30.1, "USER_TEXT2": "Existing", "SHAPE.LEN": 53.53120090909601}}, {"type": "Feature", "id": 28554, "geometry": {"type": "LineString", "coordinates": [[72.8837654405772, 19.084792942925244], [72.88385743006418, 19.084542112101815]]}, "properties": {"OBJECTID": 28554, "US_NODE_ID": "2177113503", "DS_NODE_ID": "2177113505", "CONDUIT_LE": 29.400000000000002, "SHAPE_1": "OREC", "CONDUIT_WI": 2165, "CONDUIT_HE": 1634, "US_INVERT": 30.082, "DS_INVERT": 30.01, "USER_TEXT2": "Existing", "SHAPE.LEN": 29.410803696941002}}, {"type": "Feature", "id": 28551, "geometry": {"type": "LineString", "coordinates": [[72.88391353154603, 19.084285455692534], [72.88365073082913, 19.084186716353805]]}, "properties": {"OBJECTID": 28551, "US_NODE_ID": "2177113402", "DS_NODE_ID": "2177113401", "CONDUIT_LE": 29.7, "SHAPE_1": "RECT", "CONDUIT_WI": 2000, "CONDUIT_HE": 1869, "US_INVERT": 29.92, "DS_INVERT": 29.864, "USER_TEXT2": "Existing", "SHAPE.LEN": 29.7445500932524}}, {"type": "Feature", "id": 28556, "geometry": {"type": "LineString", "coordinates": [[72.88385743006418, 19.084542112101815], [72.88391353154603, 19.084285455692534]]}, "properties": {"OBJECTID": 28556, "US_NODE_ID": "2177113505", "DS_NODE_ID": "2177113402", "CONDUIT_LE": 29, "SHAPE_1": "RECT", "CONDUIT_WI": 2000, "CONDUIT_HE": 1892, "US_INVERT": 30.01, "DS_INVERT": 29.92, "USER_TEXT2": "Existing", "SHAPE.LEN": 29.0232563252299}}, {"type": "Feature", "id": 28561, "geometry": {"type": "LineString", "coordinates": [[72.88384758897392, 19.085708260181516], [72.88381823287155, 19.085385828680433]]}, "properties": {"OBJECTID": 28561, "US_NODE_ID": "2177113605", "DS_NODE_ID": "2177113604", "CONDUIT_LE": 35.800000000000004, "SHAPE_1": "CIRC", "CONDUIT_WI": 900, "CONDUIT_HE": 900, "US_INVERT": 31.039, "DS_INVERT": 31, "USER_TEXT2": "Existing", "SHAPE.LEN": 35.8320233753273}}, {"type": "Feature", "id": 28617, "geometry": {"type": "LineString", "coordinates": [[72.88379238977926, 19.097524484309048], [72.88369779686509, 19.0972799952954]]}, "properties": {"OBJECTID": 28617, "US_NODE_ID": "2177123903", "DS_NODE_ID": "2177123902", "CONDUIT_LE": 28.8, "SHAPE_1": "OREC", "CONDUIT_WI": 12700, "CONDUIT_HE": 3157, "US_INVERT": 29.242, "DS_INVERT": 29.137, "USER_TEXT2": "Existing", "SHAPE.LEN": 28.841958327755798}}, {"type": "Feature", "id": 28185, "geometry": {"type": "LineString", "coordinates": [[72.88520447466561, 19.062029118655435], [72.88532247859366, 19.061768689150714]]}, "properties": {"OBJECTID": 28185, "US_NODE_ID": "2177094004", "DS_NODE_ID": "2177094006", "CONDUIT_LE": 31.400000000000002, "SHAPE_1": "OREC", "CONDUIT_WI": 5650, "CONDUIT_HE": 2221, "US_INVERT": 26.057000000000002, "DS_INVERT": 26.027, "USER_TEXT2": "Existing", "SHAPE.LEN": 31.3961154084387}}, {"type": "Feature", "id": 28195, "geometry": {"type": "LineString", "coordinates": [[72.88490444295647, 19.06268378942493], [72.88496895922125, 19.06255464838694]]}, "properties": {"OBJECTID": 28195, "US_NODE_ID": "2177094106", "DS_NODE_ID": "2177094001", "CONDUIT_LE": 15.8, "SHAPE_1": "RECT", "CONDUIT_WI": 5650, "CONDUIT_HE": 2212, "US_INVERT": 26.13, "DS_INVERT": 26.116, "USER_TEXT2": "Existing", "SHAPE.LEN": 15.82921116828}}, {"type": "Feature", "id": 28358, "geometry": {"type": "LineString", "coordinates": [[72.8852424290287, 19.070807615930914], [72.88525329087764, 19.07079568182246]]}, "properties": {"OBJECTID": 28358, "US_NODE_ID": "2177104009", "DS_NODE_ID": "2177104010", "CONDUIT_LE": 1.7, "SHAPE_1": "OREC", "CONDUIT_WI": 4977, "CONDUIT_HE": 1907, "US_INVERT": 27.066000000000003, "DS_INVERT": 27.064, "USER_TEXT2": "Existing", "SHAPE.LEN": 1.74735679241533}}, {"type": "Feature", "id": 28378, "geometry": {"type": "LineString", "coordinates": [[72.88561737511884, 19.07090676063419], [72.88561331822017, 19.07083722610176]]}, "properties": {"OBJECTID": 28378, "US_NODE_ID": "2177105004", "DS_NODE_ID": "2177105003", "CONDUIT_LE": 7.7, "SHAPE_1": "RECT", "CONDUIT_WI": 8000, "CONDUIT_HE": 1710, "US_INVERT": 27.09, "DS_INVERT": 27.089000000000002, "USER_TEXT2": "Existing", "SHAPE.LEN": 7.710447874151019}}, {"type": "Feature", "id": 28379, "geometry": {"type": "LineString", "coordinates": [[72.8856180962714, 19.0710153271394], [72.88561737511884, 19.07090676063419]]}, "properties": {"OBJECTID": 28379, "US_NODE_ID": "2177105005", "DS_NODE_ID": "2177105004", "CONDUIT_LE": 12, "SHAPE_1": "OREC", "CONDUIT_WI": 8000, "CONDUIT_HE": 1767, "US_INVERT": 27.092000000000002, "DS_INVERT": 27.09, "USER_TEXT2": "Existing", "SHAPE.LEN": 12.0203299330759}}, {"type": "Feature", "id": 28364, "geometry": {"type": "LineString", "coordinates": [[72.88527528035917, 19.072267918824714], [72.88524755101264, 19.072137453347597]]}, "properties": {"OBJECTID": 28364, "US_NODE_ID": "2177104104", "DS_NODE_ID": "2177104102", "CONDUIT_LE": 14.700000000000001, "SHAPE_1": "OREC", "CONDUIT_WI": 3090, "CONDUIT_HE": 1855, "US_INVERT": 27.194000000000003, "DS_INVERT": 27.19, "USER_TEXT2": "Existing", "SHAPE.LEN": 14.7366637394629}}, {"type": "Feature", "id": 28418, "geometry": {"type": "LineString", "coordinates": [[72.88557962221242, 19.073615599600263], [72.88545114992937, 19.073375309156493]]}, "properties": {"OBJECTID": 28418, "US_NODE_ID": "2177105301", "DS_NODE_ID": "2177105201", "CONDUIT_LE": 29.8, "SHAPE_1": "OREC", "CONDUIT_WI": 2670, "CONDUIT_HE": 1943, "US_INVERT": 27.226000000000003, "DS_INVERT": 27.222, "USER_TEXT2": "Existing", "SHAPE.LEN": 29.8442131241552}}, {"type": "Feature", "id": 28420, "geometry": {"type": "LineString", "coordinates": [[72.8856268784246, 19.074153598872744], [72.88566682077074, 19.074084549205566]]}, "properties": {"OBJECTID": 28420, "US_NODE_ID": "2177105303!", "DS_NODE_ID": "2177105308!", "CONDUIT_LE": 8.700000000000001, "SHAPE_1": "OREC", "CONDUIT_WI": 1465, "CONDUIT_HE": 3230, "US_INVERT": 26.77, "DS_INVERT": 26.762, "USER_TEXT2": "Existing", "SHAPE.LEN": 8.72490288885785}}, {"type": "Feature", "id": 28442, "geometry": {"type": "LineString", "coordinates": [[72.88573547891698, 19.073494217832963], [72.88575612326171, 19.07322434760839]]}, "properties": {"OBJECTID": 28442, "US_NODE_ID": "2177105314!", "DS_NODE_ID": "2177105204!", "CONDUIT_LE": 30, "SHAPE_1": "OREC", "CONDUIT_WI": 13000, "CONDUIT_HE": 2394, "US_INVERT": 26.413, "DS_INVERT": 26.392000000000003, "USER_TEXT2": "Existing", "SHAPE.LEN": 29.957985719503895}}, {"type": "Feature", "id": 28445, "geometry": {"type": "LineString", "coordinates": [[72.88579605325803, 19.073895938424123], [72.88570011974598, 19.073761746879217]]}, "properties": {"OBJECTID": 28445, "US_NODE_ID": "2177105315", "DS_NODE_ID": "2177105310", "CONDUIT_LE": 18, "SHAPE_1": "OREC", "CONDUIT_WI": 13000, "CONDUIT_HE": 3160, "US_INVERT": 26.447000000000003, "DS_INVERT": 26.434, "USER_TEXT2": "Existing", "SHAPE.LEN": 17.9644214025946}}, {"type": "Feature", "id": 28446, "geometry": {"type": "LineString", "coordinates": [[72.88585074017327, 19.07397482085891], [72.88579605325803, 19.073895938424123]]}, "properties": {"OBJECTID": 28446, "US_NODE_ID": "2177105316!", "DS_NODE_ID": "2177105315!", "CONDUIT_LE": 10.5, "SHAPE_1": "OREC", "CONDUIT_WI": 13000, "CONDUIT_HE": 3353, "US_INVERT": 26.454, "DS_INVERT": 26.447000000000003, "USER_TEXT2": "Existing", "SHAPE.LEN": 10.4601988097741}}, {"type": "Feature", "id": 28572, "geometry": {"type": "LineString", "coordinates": [[72.88612470663193, 19.085061071371697], [72.88492793683012, 19.08467048376233]]}, "properties": {"OBJECTID": 28572, "US_NODE_ID": "2177115501", "DS_NODE_ID": "2177114502", "CONDUIT_LE": 133.2, "SHAPE_1": "RECT", "CONDUIT_WI": 1800, "CONDUIT_HE": 1200, "US_INVERT": 31.464000000000002, "DS_INVERT": 30.869, "USER_TEXT2": "Existing", "SHAPE.LEN": 133.188867440676}}, {"type": "Feature", "id": 28623, "geometry": {"type": "LineString", "coordinates": [[72.88500370799206, 19.09782851056871], [72.8850043757791, 19.09756605722976]]}, "properties": {"OBJECTID": 28623, "US_NODE_ID": "2177124905", "DS_NODE_ID": "2177124904", "CONDUIT_LE": 29.1, "SHAPE_1": "OREC", "CONDUIT_WI": 13000, "CONDUIT_HE": 3157, "US_INVERT": 29.842000000000002, "DS_INVERT": 29.736, "USER_TEXT2": "Existing", "SHAPE.LEN": 29.058056774843}}, {"type": "Feature", "id": 28210, "geometry": {"type": "LineString", "coordinates": [[72.88623948647046, 19.062460515486354], [72.88613591194299, 19.062235284363847]]}, "properties": {"OBJECTID": 28210, "US_NODE_ID": "2177095007", "DS_NODE_ID": "2177095005", "CONDUIT_LE": 27.2, "SHAPE_1": "OREC", "CONDUIT_WI": 13000, "CONDUIT_HE": 1971, "US_INVERT": 26.035, "DS_INVERT": 26.033, "USER_TEXT2": "Existing", "SHAPE.LEN": 27.216433734234897}}, {"type": "Feature", "id": 28219, "geometry": {"type": "LineString", "coordinates": [[72.88711875265692, 19.063523894272183], [72.88695492945328, 19.063302933042714]]}, "properties": {"OBJECTID": 28219, "US_NODE_ID": "2177096104", "DS_NODE_ID": "2177096103", "CONDUIT_LE": 29.900000000000002, "SHAPE_1": "OREC", "CONDUIT_WI": 10687, "CONDUIT_HE": 2481, "US_INVERT": 26.05, "DS_INVERT": 26.047, "USER_TEXT2": "Existing", "SHAPE.LEN": 29.931989766301896}}, {"type": "Feature", "id": 28383, "geometry": {"type": "LineString", "coordinates": [[72.88613077136348, 19.07096750519886], [72.88616722536429, 19.070923002456883]]}, "properties": {"OBJECTID": 28383, "US_NODE_ID": "2177105007!", "DS_NODE_ID": "2177105008!", "CONDUIT_LE": 6.2, "SHAPE_1": "RECT", "CONDUIT_WI": 4000, "CONDUIT_HE": 1876, "US_INVERT": 26.433, "DS_INVERT": 26.429000000000002, "USER_TEXT2": "Existing", "SHAPE.LEN": 6.2452779321660294}}, {"type": "Feature", "id": 28241, "geometry": {"type": "LineString", "coordinates": [[72.8869017261352, 19.070029691022217], [72.88699042947465, 19.069927086726302]]}, "properties": {"OBJECTID": 28241, "US_NODE_ID": "2177096905", "DS_NODE_ID": "2177096906", "CONDUIT_LE": 14.700000000000001, "SHAPE_1": "OREC", "CONDUIT_WI": 10000, "CONDUIT_HE": 2672, "US_INVERT": 26.135, "DS_INVERT": 26.134, "USER_TEXT2": "Existing", "SHAPE.LEN": 14.705222913305299}}, {"type": "Feature", "id": 28409, "geometry": {"type": "LineString", "coordinates": [[72.8859032611187, 19.07187548276495], [72.88592959871572, 19.07160676617875]]}, "properties": {"OBJECTID": 28409, "US_NODE_ID": "2177105103!", "DS_NODE_ID": "2177105013!", "CONDUIT_LE": 29.900000000000002, "SHAPE_1": "OREC", "CONDUIT_WI": 13000, "CONDUIT_HE": 2233, "US_INVERT": 26.285, "DS_INVERT": 26.264000000000003, "USER_TEXT2": "Existing", "SHAPE.LEN": 29.880231675976002}}, {"type": "Feature", "id": 28410, "geometry": {"type": "LineString", "coordinates": [[72.8859032611187, 19.07187548276495], [72.88592959871572, 19.07160676617875]]}, "properties": {"OBJECTID": 28410, "US_NODE_ID": "2177105103", "DS_NODE_ID": "2177105013", "CONDUIT_LE": 29.900000000000002, "SHAPE_1": "OREC", "CONDUIT_WI": 13000, "CONDUIT_HE": 2233, "US_INVERT": 26.285, "DS_INVERT": 26.264000000000003, "USER_TEXT2": "Existing", "SHAPE.LEN": 29.880231675976002}}, {"type": "Feature", "id": 28461, "geometry": {"type": "LineString", "coordinates": [[72.88589135773896, 19.074593963694394], [72.88587650019015, 19.0745189398408], [72.885869602887, 19.07449618402707]]}, "properties": {"OBJECTID": 28461, "US_NODE_ID": "2177105403", "DS_NODE_ID": "2177105402", "CONDUIT_LE": 11.1, "SHAPE_1": "OREC", "CONDUIT_WI": 1624, "CONDUIT_HE": 3766, "US_INVERT": 26.833000000000002, "DS_INVERT": 26.822000000000003, "USER_TEXT2": "Existing", "SHAPE.LEN": 11.0743081080841}}, {"type": "Feature", "id": 28573, "geometry": {"type": "LineString", "coordinates": [[72.88612470663193, 19.085061071371697], [72.88620227552586, 19.084866352991195]]}, "properties": {"OBJECTID": 28573, "US_NODE_ID": "2177115501", "DS_NODE_ID": "2177115502", "CONDUIT_LE": 23.1, "SHAPE_1": "RECT", "CONDUIT_WI": 1800, "CONDUIT_HE": 1200, "US_INVERT": 31.464000000000002, "DS_INVERT": 31.29, "USER_TEXT2": "Existing", "SHAPE.LEN": 23.0529186414649}}, {"type": "Feature", "id": 28582, "geometry": {"type": "LineString", "coordinates": [[72.88666321983689, 19.084992635543145], [72.88620227552586, 19.084866352991195]]}, "properties": {"OBJECTID": 28582, "US_NODE_ID": "2177116503", "DS_NODE_ID": "2177115502", "CONDUIT_LE": 50.5, "SHAPE_1": "RECT", "CONDUIT_WI": 1500, "CONDUIT_HE": 1500, "US_INVERT": 32.11, "DS_INVERT": 31.29, "USER_TEXT2": "Existing", "SHAPE.LEN": 50.493655485219094}}, {"type": "Feature", "id": 28579, "geometry": {"type": "LineString", "coordinates": [[72.88623988414356, 19.085098138144218], [72.88612470663193, 19.085061071371697]]}, "properties": {"OBJECTID": 28579, "US_NODE_ID": "2177116501", "DS_NODE_ID": "2177115501", "CONDUIT_LE": 12.8, "SHAPE_1": "RECT", "CONDUIT_WI": 1800, "CONDUIT_HE": 1750, "US_INVERT": 31.586000000000002, "DS_INVERT": 31.464000000000002, "USER_TEXT2": "Existing", "SHAPE.LEN": 12.7994183688166}}, {"type": "Feature", "id": 28641, "geometry": {"type": "LineString", "coordinates": [[72.88603528758537, 19.099801850885065], [72.88592437419074, 19.099781608613615]]}, "properties": {"OBJECTID": 28641, "US_NODE_ID": "2177135202", "DS_NODE_ID": "2177135201", "CONDUIT_LE": 11.9, "SHAPE_1": "OREC", "CONDUIT_WI": 12000, "CONDUIT_HE": 4056, "US_INVERT": 30.642000000000003, "DS_INVERT": 30.64, "USER_TEXT2": "Existing", "SHAPE.LEN": 11.8869676536954}}, {"type": "Feature", "id": 28647, "geometry": {"type": "LineString", "coordinates": [[72.88678417089555, 19.10016453097711], [72.88652190469183, 19.100091065185875]]}, "properties": {"OBJECTID": 28647, "US_NODE_ID": "2177136206", "DS_NODE_ID": "2177136205", "CONDUIT_LE": 28.8, "SHAPE_1": "RECT", "CONDUIT_WI": 11000, "CONDUIT_HE": 3638, "US_INVERT": 30.66, "DS_INVERT": 30.657, "USER_TEXT2": "Existing", "SHAPE.LEN": 28.7772479573708}}, {"type": "Feature", "id": 28221, "geometry": {"type": "LineString", "coordinates": [[72.8873676532425, 19.064010805171986], [72.88724942871777, 19.063763989988352]]}, "properties": {"OBJECTID": 28221, "US_NODE_ID": "2177096202", "DS_NODE_ID": "2177096201", "CONDUIT_LE": 30, "SHAPE_1": "OREC", "CONDUIT_WI": 10874, "CONDUIT_HE": 2411, "US_INVERT": 26.055, "DS_INVERT": 26.053, "USER_TEXT2": "Existing", "SHAPE.LEN": 30.0272574628453}}, {"type": "Feature", "id": 28254, "geometry": {"type": "LineString", "coordinates": [[72.88784707155646, 19.067899804486448], [72.88788780318094, 19.067770206622477]]}, "properties": {"OBJECTID": 28254, "US_NODE_ID": "2177097602", "DS_NODE_ID": "2177097603", "CONDUIT_LE": 15, "SHAPE_1": "OREC", "CONDUIT_WI": 13000, "CONDUIT_HE": 2303, "US_INVERT": 26.103, "DS_INVERT": 26.101000000000003, "USER_TEXT2": "Existing", "SHAPE.LEN": 14.9755706645857}}, {"type": "Feature", "id": 28245, "geometry": {"type": "LineString", "coordinates": [[72.8870072154524, 19.069900834838], [72.88703648951015, 19.069864970707737]]}, "properties": {"OBJECTID": 28245, "US_NODE_ID": "2177096907", "DS_NODE_ID": "2177096801", "CONDUIT_LE": 5, "SHAPE_1": "RECT", "CONDUIT_WI": 10000, "CONDUIT_HE": 2874, "US_INVERT": 26.133000000000003, "DS_INVERT": 26.133000000000003, "USER_TEXT2": "Existing", "SHAPE.LEN": 5.0262895579144695}}, {"type": "Feature", "id": 28223, "geometry": {"type": "LineString", "coordinates": [[72.88703648951015, 19.069864970707737], [72.8870511234385, 19.069851479105804]]}, "properties": {"OBJECTID": 28223, "US_NODE_ID": "2177096801", "DS_NODE_ID": "2177096802", "CONDUIT_LE": 2.1, "SHAPE_1": "RECT", "CONDUIT_WI": 10000, "CONDUIT_HE": 2874, "US_INVERT": 26.133000000000003, "DS_INVERT": 26.133000000000003, "USER_TEXT2": "Existing", "SHAPE.LEN": 2.14579835958554}}, {"type": "Feature", "id": 28228, "geometry": {"type": "LineString", "coordinates": [[72.88728320442311, 19.06963209398232], [72.88734282551347, 19.069577102047543]]}, "properties": {"OBJECTID": 28228, "US_NODE_ID": "2177096804!", "DS_NODE_ID": "2177096805!", "CONDUIT_LE": 8.700000000000001, "SHAPE_1": "OREC", "CONDUIT_WI": 10000, "CONDUIT_HE": 2878, "US_INVERT": 26.129, "DS_INVERT": 26.129, "USER_TEXT2": "Existing", "SHAPE.LEN": 8.744266918387149}}, {"type": "Feature", "id": 28231, "geometry": {"type": "LineString", "coordinates": [[72.88734282551347, 19.069577102047543], [72.88739413626845, 19.069538796812477]]}, "properties": {"OBJECTID": 28231, "US_NODE_ID": "2177096805", "DS_NODE_ID": "2177097806", "CONDUIT_LE": 6.9, "SHAPE_1": "RECT", "CONDUIT_WI": 13000, "CONDUIT_HE": 2679, "US_INVERT": 26.129, "DS_INVERT": 26.128, "USER_TEXT2": "Existing", "SHAPE.LEN": 6.86748961702892}}, {"type": "Feature", "id": 28485, "geometry": {"type": "LineString", "coordinates": [[72.88738684254419, 19.075146463068418], [72.88716482283657, 19.0749767119829]]}, "properties": {"OBJECTID": 28485, "US_NODE_ID": "2177107401", "DS_NODE_ID": "2177106404", "CONDUIT_LE": 30, "SHAPE_1": "OREC", "CONDUIT_WI": 13000, "CONDUIT_HE": 2115, "US_INVERT": 26.602, "DS_INVERT": 26.580000000000002, "USER_TEXT2": "Existing", "SHAPE.LEN": 29.9906898495183}}, {"type": "Feature", "id": 28489, "geometry": {"type": "LineString", "coordinates": [[72.8878278986727, 19.075489834309053], [72.88760896719205, 19.075316216027677]]}, "properties": {"OBJECTID": 28489, "US_NODE_ID": "2177107502", "DS_NODE_ID": "2177107501", "CONDUIT_LE": 30, "SHAPE_1": "OREC", "CONDUIT_WI": 13000, "CONDUIT_HE": 2103, "US_INVERT": 26.644000000000002, "DS_INVERT": 26.623, "USER_TEXT2": "Existing", "SHAPE.LEN": 30.0104367292447}}, {"type": "Feature", "id": 28590, "geometry": {"type": "LineString", "coordinates": [[72.88743678114913, 19.087195602620927], [72.88694694353056, 19.08625062945416]]}, "properties": {"OBJECTID": 28590, "US_NODE_ID": "2177117802", "DS_NODE_ID": "2177116702", "CONDUIT_LE": 116.60000000000001, "SHAPE_1": "RECT", "CONDUIT_WI": 1800, "CONDUIT_HE": 1500, "US_INVERT": 33.410000000000004, "DS_INVERT": 32.567, "USER_TEXT2": "Proposal", "SHAPE.LEN": 116.63892750197101}}, {"type": "Feature", "id": 28589, "geometry": {"type": "LineString", "coordinates": [[72.88743678114913, 19.087195602620927], [72.88737814778735, 19.08719893712075]]}, "properties": {"OBJECTID": 28589, "US_NODE_ID": "2177117802", "DS_NODE_ID": "2177117801", "CONDUIT_LE": 6.2, "SHAPE_1": "OREC", "CONDUIT_WI": 1800, "CONDUIT_HE": 1598, "US_INVERT": 33.410000000000004, "DS_INVERT": 33.373000000000005, "USER_TEXT2": "Existing", "SHAPE.LEN": 6.18273428185297}}, {"type": "Feature", "id": 28649, "geometry": {"type": "LineString", "coordinates": [[72.88705451747656, 19.1002751233285], [72.8868314893635, 19.1001795264649]]}, "properties": {"OBJECTID": 28649, "US_NODE_ID": "2177137201", "DS_NODE_ID": "2177136207", "CONDUIT_LE": 25.7, "SHAPE_1": "OREC", "CONDUIT_WI": 13000, "CONDUIT_HE": 3601, "US_INVERT": 30.667, "DS_INVERT": 30.662000000000003, "USER_TEXT2": "Existing", "SHAPE.LEN": 25.749757280409497}}, {"type": "Feature", "id": 28728, "geometry": {"type": "LineString", "coordinates": [[72.8874709635017, 19.107137547452663], [72.88738997085868, 19.10737959801859]]}, "properties": {"OBJECTID": 28728, "US_NODE_ID": "2177147005", "DS_NODE_ID": "2177147003", "CONDUIT_LE": 28.1, "SHAPE_1": "RECT", "CONDUIT_WI": 6000, "CONDUIT_HE": 3000, "US_INVERT": 31.183, "DS_INVERT": 31.075000000000003, "USER_TEXT2": "Proposal", "SHAPE.LEN": 28.1220554014105}}, {"type": "Feature", "id": 28673, "geometry": {"type": "LineString", "coordinates": [[72.88788465745553, 19.106810794401223], [72.8874709635017, 19.107137547452663]]}, "properties": {"OBJECTID": 28673, "US_NODE_ID": "2177138901", "DS_NODE_ID": "2177147005", "CONDUIT_LE": 56.6, "SHAPE_1": "RECT", "CONDUIT_WI": 6000, "CONDUIT_HE": 3000, "US_INVERT": 31.400000000000002, "DS_INVERT": 31.183, "USER_TEXT2": "Proposal", "SHAPE.LEN": 56.6083032778761}}, {"type": "Feature", "id": 28276, "geometry": {"type": "LineString", "coordinates": [[72.8885078596077, 19.06621395102072], [72.88849809452744, 19.066125016433947]]}, "properties": {"OBJECTID": 28276, "US_NODE_ID": "2177098404", "DS_NODE_ID": "2177098403", "CONDUIT_LE": 9.9, "SHAPE_1": "RECT", "CONDUIT_WI": 4500, "CONDUIT_HE": 2325, "US_INVERT": 26.081, "DS_INVERT": 26.081, "USER_TEXT2": "Existing", "SHAPE.LEN": 9.900011000498939}}, {"type": "Feature", "id": 28279, "geometry": {"type": "LineString", "coordinates": [[72.88906314539324, 19.06590206945926], [72.88883248778257, 19.06595710193439]]}, "properties": {"OBJECTID": 28279, "US_NODE_ID": "2177098407", "DS_NODE_ID": "2177098406", "CONDUIT_LE": 25, "SHAPE_1": "OREC", "CONDUIT_WI": 12000, "CONDUIT_HE": 1521, "US_INVERT": 26.318, "DS_INVERT": 26.312, "USER_TEXT2": "Existing", "SHAPE.LEN": 25.0346982056904}}, {"type": "Feature", "id": 28291, "geometry": {"type": "LineString", "coordinates": [[72.88926231189416, 19.067694276761788], [72.88905633373072, 19.067553062398126]]}, "properties": {"OBJECTID": 28291, "US_NODE_ID": "2177098603", "DS_NODE_ID": "2177098602", "CONDUIT_LE": 26.7, "SHAPE_1": "OREC", "CONDUIT_WI": 7000, "CONDUIT_HE": 1597, "US_INVERT": 27.012, "DS_INVERT": 27.008000000000003, "USER_TEXT2": "Existing", "SHAPE.LEN": 26.7324480424072}}, {"type": "Feature", "id": 28295, "geometry": {"type": "LineString", "coordinates": [[72.88855346703241, 19.07033792838655], [72.89027726818348, 19.071425336789442]]}, "properties": {"OBJECTID": 28295, "US_NODE_ID": "2177098901!", "DS_NODE_ID": "2178100001!", "CONDUIT_LE": 217.8, "SHAPE_1": "OREC", "CONDUIT_WI": 15000, "CONDUIT_HE": 2242, "US_INVERT": 26.056, "DS_INVERT": 26.042, "USER_TEXT2": "Proposal", "SHAPE.LEN": 217.769717821372}}, {"type": "Feature", "id": 28496, "geometry": {"type": "LineString", "coordinates": [[72.88869224378566, 19.076198036477834], [72.88846921106881, 19.07602531421041]]}, "properties": {"OBJECTID": 28496, "US_NODE_ID": "2177108503!", "DS_NODE_ID": "2177108502!", "CONDUIT_LE": 30.3, "SHAPE_1": "OREC", "CONDUIT_WI": 13000, "CONDUIT_HE": 2169, "US_INVERT": 26.729000000000003, "DS_INVERT": 26.708000000000002, "USER_TEXT2": "Existing", "SHAPE.LEN": 30.280394572396197}}, {"type": "Feature", "id": 28595, "geometry": {"type": "LineString", "coordinates": [[72.88827850878664, 19.08103209106128], [72.88888274629637, 19.080697734051103]]}, "properties": {"OBJECTID": 28595, "US_NODE_ID": "2177118101!", "DS_NODE_ID": "2177118001!", "CONDUIT_LE": 73.60000000000001, "SHAPE_1": "OREC", "CONDUIT_WI": 4800, "CONDUIT_HE": 2223, "US_INVERT": 27.777, "DS_INVERT": 27.703000000000003, "USER_TEXT2": "Existing", "SHAPE.LEN": 73.5924692682614}}, {"type": "Feature", "id": 28602, "geometry": {"type": "LineString", "coordinates": [[72.88984781042276, 19.087361544458005], [72.88861664764384, 19.087407517656136]]}, "properties": {"OBJECTID": 28602, "US_NODE_ID": "2177119801", "DS_NODE_ID": "2177118801", "CONDUIT_LE": 129.7, "SHAPE_1": "OREC", "CONDUIT_WI": 1800, "CONDUIT_HE": 1500, "US_INVERT": 40.480000000000004, "DS_INVERT": 39.11, "USER_TEXT2": "Existing", "SHAPE.LEN": 129.690876047623}}, {"type": "Feature", "id": 28658, "geometry": {"type": "LineString", "coordinates": [[72.88833842574557, 19.10018326781525], [72.88805895320138, 19.100192707930017]]}, "properties": {"OBJECTID": 28658, "US_NODE_ID": "2177138202", "DS_NODE_ID": "2177138201", "CONDUIT_LE": 29.400000000000002, "SHAPE_1": "OREC", "CONDUIT_WI": 13000, "CONDUIT_HE": 3263, "US_INVERT": 31.235000000000003, "DS_INVERT": 31.134, "USER_TEXT2": "Existing", "SHAPE.LEN": 29.433314458280098}}, {"type": "Feature", "id": 28664, "geometry": {"type": "LineString", "coordinates": [[72.88839414268999, 19.10283049719722], [72.8879688320287, 19.102052416450018]]}, "properties": {"OBJECTID": 28664, "US_NODE_ID": "2177138501", "DS_NODE_ID": "2177138401", "CONDUIT_LE": 97.10000000000001, "SHAPE_1": "RECT", "CONDUIT_WI": 4000, "CONDUIT_HE": 2000, "US_INVERT": 32.7, "DS_INVERT": 32.3, "USER_TEXT2": "Existing", "SHAPE.LEN": 97.082439194738}}, {"type": "Feature", "id": 28668, "geometry": {"type": "LineString", "coordinates": [[72.88874845885799, 19.103503934457684], [72.88859346280691, 19.1032970658387]]}, "properties": {"OBJECTID": 28668, "US_NODE_ID": "2177138601", "DS_NODE_ID": "2177138502", "CONDUIT_LE": 28.1, "SHAPE_1": "OREC", "CONDUIT_WI": 4500, "CONDUIT_HE": 1982, "US_INVERT": 33.771, "DS_INVERT": 33.601, "USER_TEXT2": "Existing", "SHAPE.LEN": 28.119430025873598}}, {"type": "Feature", "id": 29106, "geometry": {"type": "LineString", "coordinates": [[72.8904417164976, 19.065563145246013], [72.89017011913718, 19.065630493361766]]}, "properties": {"OBJECTID": 29106, "US_NODE_ID": "2178090401", "DS_NODE_ID": "2177099404", "CONDUIT_LE": 29.5, "SHAPE_1": "OREC", "CONDUIT_WI": 12000, "CONDUIT_HE": 1743, "US_INVERT": 26.356, "DS_INVERT": 26.349, "USER_TEXT2": "Existing", "SHAPE.LEN": 29.548096385385}}, {"type": "Feature", "id": 29109, "geometry": {"type": "LineString", "coordinates": [[72.89065733246566, 19.067803854998637], [72.89037810374353, 19.06775794965126]]}, "properties": {"OBJECTID": 29109, "US_NODE_ID": "2178090602", "DS_NODE_ID": "2178090601", "CONDUIT_LE": 29.8, "SHAPE_1": "OREC", "CONDUIT_WI": 7000, "CONDUIT_HE": 1429, "US_INVERT": 27.09, "DS_INVERT": 27.075000000000003, "USER_TEXT2": "Existing", "SHAPE.LEN": 29.830925245456296}}, {"type": "Feature", "id": 29201, "geometry": {"type": "LineString", "coordinates": [[72.89027726818348, 19.071425336789442], [72.89139754588187, 19.07230981693307]]}, "properties": {"OBJECTID": 29201, "US_NODE_ID": "2178100001!", "DS_NODE_ID": "2178101101!", "CONDUIT_LE": 153.3, "SHAPE_1": "OREC", "CONDUIT_WI": 15000, "CONDUIT_HE": 2256, "US_INVERT": 26.042, "DS_INVERT": 26.033, "USER_TEXT2": "Proposal", "SHAPE.LEN": 153.287507644948}}, {"type": "Feature", "id": 28507, "geometry": {"type": "LineString", "coordinates": [[72.88979559479243, 19.077052653332956], [72.88957524456661, 19.076881957373974]]}, "properties": {"OBJECTID": 28507, "US_NODE_ID": "2177109603", "DS_NODE_ID": "2177109602", "CONDUIT_LE": 29.900000000000002, "SHAPE_1": "OREC", "CONDUIT_WI": 13000, "CONDUIT_HE": 2092, "US_INVERT": 26.836000000000002, "DS_INVERT": 26.815, "USER_TEXT2": "Existing", "SHAPE.LEN": 29.9196633846372}}, {"type": "Feature", "id": 29203, "geometry": {"type": "LineString", "coordinates": [[72.8902706804726, 19.0773486113945], [72.8900234544298, 19.077215716545826]]}, "properties": {"OBJECTID": 29203, "US_NODE_ID": "2178100701!", "DS_NODE_ID": "2177109701!", "CONDUIT_LE": 29.900000000000002, "SHAPE_1": "OREC", "CONDUIT_WI": 13000, "CONDUIT_HE": 2239, "US_INVERT": 26.878, "DS_INVERT": 26.857000000000003, "USER_TEXT2": "Existing", "SHAPE.LEN": 29.8957522200061}}, {"type": "Feature", "id": 29205, "geometry": {"type": "LineString", "coordinates": [[72.89031579005558, 19.07777215635732], [72.89044825896809, 19.077546758973238], [72.89052299095171, 19.077485534039983]]}, "properties": {"OBJECTID": 29205, "US_NODE_ID": "2178100702!", "DS_NODE_ID": "2178100704!", "CONDUIT_LE": 39, "SHAPE_1": "OREC", "CONDUIT_WI": 4800, "CONDUIT_HE": 2082, "US_INVERT": 27.317, "DS_INVERT": 27.278000000000002, "USER_TEXT2": "Existing", "SHAPE.LEN": 38.971076272171494}}, {"type": "Feature", "id": 28512, "geometry": {"type": "LineString", "coordinates": [[72.88975399937632, 19.078811042858884], [72.88989650032345, 19.078484196577527]]}, "properties": {"OBJECTID": 28512, "US_NODE_ID": "2177109802!", "DS_NODE_ID": "2177109803!", "CONDUIT_LE": 39.2, "SHAPE_1": "OREC", "CONDUIT_WI": 4800, "CONDUIT_HE": 2352, "US_INVERT": 27.447000000000003, "DS_INVERT": 27.408, "USER_TEXT2": "Existing", "SHAPE.LEN": 39.172954836213194}}, {"type": "Feature", "id": 28519, "geometry": {"type": "LineString", "coordinates": [[72.88961286919931, 19.07975020898902], [72.88962835840928, 19.079311424256677]]}, "properties": {"OBJECTID": 28519, "US_NODE_ID": "2177109901", "DS_NODE_ID": "2177109902", "CONDUIT_LE": 48.6, "SHAPE_1": "OREC", "CONDUIT_WI": 4800, "CONDUIT_HE": 2446, "US_INVERT": 27.553, "DS_INVERT": 27.504, "USER_TEXT2": "Existing", "SHAPE.LEN": 48.6079385895967}}, {"type": "Feature", "id": 28511, "geometry": {"type": "LineString", "coordinates": [[72.88972722406609, 19.078892098802672], [72.88975399937632, 19.078811042858884]]}, "properties": {"OBJECTID": 28511, "US_NODE_ID": "2177109801", "DS_NODE_ID": "2177109802", "CONDUIT_LE": 9.4, "SHAPE_1": "OREC", "CONDUIT_WI": 4800, "CONDUIT_HE": 2344, "US_INVERT": 27.456000000000003, "DS_INVERT": 27.447000000000003, "USER_TEXT2": "Existing", "SHAPE.LEN": 9.40639358574794}}, {"type": "Feature", "id": 29375, "geometry": {"type": "LineString", "coordinates": [[72.89024367762191, 19.083424247370452], [72.8901768903691, 19.083145204171732]]}, "properties": {"OBJECTID": 29375, "US_NODE_ID": "2178110303", "DS_NODE_ID": "2178110302", "CONDUIT_LE": 31.7, "SHAPE_1": "RECT", "CONDUIT_WI": 3500, "CONDUIT_HE": 2319, "US_INVERT": 30.887, "DS_INVERT": 30.734, "USER_TEXT2": "Existing", "SHAPE.LEN": 31.684373785511397}}, {"type": "Feature", "id": 29558, "geometry": {"type": "LineString", "coordinates": [[72.88989846591085, 19.1022931368353], [72.89016376261881, 19.101978225164633]]}, "properties": {"OBJECTID": 29558, "US_NODE_ID": "2178130402", "DS_NODE_ID": "2178130403", "CONDUIT_LE": 44.7, "SHAPE_1": "RECT", "CONDUIT_WI": 6000, "CONDUIT_HE": 2564, "US_INVERT": 32.547000000000004, "DS_INVERT": 32.227000000000004, "USER_TEXT2": "Existing", "SHAPE.LEN": 44.6686691093433}}, {"type": "Feature", "id": 28695, "geometry": {"type": "LineString", "coordinates": [[72.88960473725996, 19.10321549423192], [72.889577128574, 19.103113389620958]]}, "properties": {"OBJECTID": 28695, "US_NODE_ID": "2177139508", "DS_NODE_ID": "2177139506", "CONDUIT_LE": 11.700000000000001, "SHAPE_1": "OREC", "CONDUIT_WI": 2165, "CONDUIT_HE": 1672, "US_INVERT": 34.097, "DS_INVERT": 33.974000000000004, "USER_TEXT2": "Existing", "SHAPE.LEN": 11.6721467198626}}, {"type": "Feature", "id": 28703, "geometry": {"type": "LineString", "coordinates": [[72.88975665526212, 19.103339049502246], [72.88971347917851, 19.10331276156181]]}, "properties": {"OBJECTID": 28703, "US_NODE_ID": "2177139605", "DS_NODE_ID": "2177139511", "CONDUIT_LE": 5.4, "SHAPE_1": "RECT", "CONDUIT_WI": 2000, "CONDUIT_HE": 1348, "US_INVERT": 34.291000000000004, "DS_INVERT": 34.282000000000004, "USER_TEXT2": "Existing", "SHAPE.LEN": 5.3963989150173095}}, {"type": "Feature", "id": 28700, "geometry": {"type": "LineString", "coordinates": [[72.88888887967516, 19.104160959947176], [72.88894256923604, 19.10406293194184]]}, "properties": {"OBJECTID": 28700, "US_NODE_ID": "2177139602", "DS_NODE_ID": "2177139604", "CONDUIT_LE": 12.200000000000001, "SHAPE_1": "OREC", "CONDUIT_WI": 7874, "CONDUIT_HE": 2528, "US_INVERT": 34.271, "DS_INVERT": 34.236000000000004, "USER_TEXT2": "Existing", "SHAPE.LEN": 12.236235730403399}}, {"type": "Feature", "id": 28710, "geometry": {"type": "LineString", "coordinates": [[72.88978577705323, 19.10442512000265], [72.8895832752153, 19.104478368677075]]}, "properties": {"OBJECTID": 28710, "US_NODE_ID": "2177139708", "DS_NODE_ID": "2177139706", "CONDUIT_LE": 22.1, "SHAPE_1": "RECT", "CONDUIT_WI": 12000, "CONDUIT_HE": 2461, "US_INVERT": 34.595, "DS_INVERT": 34.523, "USER_TEXT2": "Existing", "SHAPE.LEN": 22.1133145073279}}, {"type": "Feature", "id": 29117, "geometry": {"type": "LineString", "coordinates": [[72.89157013528744, 19.066176731424672], [72.89173259915341, 19.066400795429963]]}, "properties": {"OBJECTID": 29117, "US_NODE_ID": "2178091403", "DS_NODE_ID": "2178091501", "CONDUIT_LE": 30.1, "SHAPE_1": "OREC", "CONDUIT_WI": 4981, "CONDUIT_HE": 1575, "US_INVERT": 26.783, "DS_INVERT": 26.758000000000003, "USER_TEXT2": "Existing", "SHAPE.LEN": 30.131710870775297}}, {"type": "Feature", "id": 29209, "geometry": {"type": "LineString", "coordinates": [[72.89052299095171, 19.077485534039983], [72.89044127751907, 19.07744153591034]]}, "properties": {"OBJECTID": 29209, "US_NODE_ID": "2178100704!", "DS_NODE_ID": "2178100703!", "CONDUIT_LE": 9.9, "SHAPE_1": "RECT", "CONDUIT_WI": 13000, "CONDUIT_HE": 3057, "US_INVERT": 26.900000000000002, "DS_INVERT": 26.893, "USER_TEXT2": "Existing", "SHAPE.LEN": 9.885179559320099}}, {"type": "Feature", "id": 29212, "geometry": {"type": "LineString", "coordinates": [[72.89060284014066, 19.077526178612807], [72.89052299095171, 19.077485534039983]]}, "properties": {"OBJECTID": 29212, "US_NODE_ID": "2178100705", "DS_NODE_ID": "2178100704", "CONDUIT_LE": 9.5, "SHAPE_1": "RECT", "CONDUIT_WI": 13000, "CONDUIT_HE": 2532, "US_INVERT": 27.277, "DS_INVERT": 27.263, "USER_TEXT2": "Existing", "SHAPE.LEN": 9.53413821275945}}, {"type": "Feature", "id": 29228, "geometry": {"type": "LineString", "coordinates": [[72.89068944736438, 19.07848489467713], [72.89067117284571, 19.078214800139715]]}, "properties": {"OBJECTID": 29228, "US_NODE_ID": "2178100804", "DS_NODE_ID": "2178100802", "CONDUIT_LE": 30, "SHAPE_1": "RECT", "CONDUIT_WI": 4500, "CONDUIT_HE": 1478, "US_INVERT": 28.068, "DS_INVERT": 28.048000000000002, "USER_TEXT2": "Existing", "SHAPE.LEN": 29.9656325563136}}, {"type": "Feature", "id": 29219, "geometry": {"type": "LineString", "coordinates": [[72.8908817194726, 19.07777880659435], [72.8906733750198, 19.077596240129434]]}, "properties": {"OBJECTID": 29219, "US_NODE_ID": "2178100709!", "DS_NODE_ID": "2178100708!", "CONDUIT_LE": 29.8, "SHAPE_1": "OREC", "CONDUIT_WI": 9600, "CONDUIT_HE": 2527, "US_INVERT": 27.301000000000002, "DS_INVERT": 27.283, "USER_TEXT2": "Existing", "SHAPE.LEN": 29.825376935924897}}, {"type": "Feature", "id": 29235, "geometry": {"type": "LineString", "coordinates": [[72.890728276318, 19.079565086484276], [72.89070486833704, 19.07929486455438]]}, "properties": {"OBJECTID": 29235, "US_NODE_ID": "2178100904!", "DS_NODE_ID": "2178100902!", "CONDUIT_LE": 30, "SHAPE_1": "RECT", "CONDUIT_WI": 4500, "CONDUIT_HE": 1785, "US_INVERT": 28.191000000000003, "DS_INVERT": 28.189, "USER_TEXT2": "Existing", "SHAPE.LEN": 30.0192263259732}}, {"type": "Feature", "id": 29233, "geometry": {"type": "LineString", "coordinates": [[72.89071248129522, 19.079835800888482], [72.890728276318, 19.079565086484276]]}, "properties": {"OBJECTID": 29233, "US_NODE_ID": "2178100903!", "DS_NODE_ID": "2178100904!", "CONDUIT_LE": 30, "SHAPE_1": "RECT", "CONDUIT_WI": 4500, "CONDUIT_HE": 2008, "US_INVERT": 28.298000000000002, "DS_INVERT": 28.191000000000003, "USER_TEXT2": "Existing", "SHAPE.LEN": 30.018536223140497}}, {"type": "Feature", "id": 29347, "geometry": {"type": "LineString", "coordinates": [[72.89063722031179, 19.08009318509867], [72.89071248129522, 19.079835800888482]]}, "properties": {"OBJECTID": 29347, "US_NODE_ID": "2178110001", "DS_NODE_ID": "2178100903", "CONDUIT_LE": 29.6, "SHAPE_1": "RECT", "CONDUIT_WI": 4500, "CONDUIT_HE": 1853, "US_INVERT": 28.403000000000002, "DS_INVERT": 28.298000000000002, "USER_TEXT2": "Existing", "SHAPE.LEN": 29.5773149553843}}, {"type": "Feature", "id": 29355, "geometry": {"type": "LineString", "coordinates": [[72.89058285777416, 19.08139825716031], [72.89069373457245, 19.081158910006994]]}, "properties": {"OBJECTID": 29355, "US_NODE_ID": "2178110102", "DS_NODE_ID": "2178110103", "CONDUIT_LE": 29, "SHAPE_1": "RECT", "CONDUIT_WI": 3500, "CONDUIT_HE": 2099, "US_INVERT": 28.807000000000002, "DS_INVERT": 28.706000000000003, "USER_TEXT2": "Existing", "SHAPE.LEN": 28.955927043180598}}, {"type": "Feature", "id": 29356, "geometry": {"type": "LineString", "coordinates": [[72.89069373457245, 19.081158910006994], [72.89070477455918, 19.08094096118428]]}, "properties": {"OBJECTID": 29356, "US_NODE_ID": "2178110103!", "DS_NODE_ID": "2178110104!", "CONDUIT_LE": 24.2, "SHAPE_1": "RECT", "CONDUIT_WI": 3334, "CONDUIT_HE": 1970, "US_INVERT": 28.706000000000003, "DS_INVERT": 28.621000000000002, "USER_TEXT2": "Existing", "SHAPE.LEN": 24.1584245252045}}, {"type": "Feature", "id": 29357, "geometry": {"type": "LineString", "coordinates": [[72.89069373457245, 19.081158910006994], [72.89070477455918, 19.08094096118428]]}, "properties": {"OBJECTID": 29357, "US_NODE_ID": "2178110103", "DS_NODE_ID": "2178110104", "CONDUIT_LE": 24.2, "SHAPE_1": "RECT", "CONDUIT_WI": 3334, "CONDUIT_HE": 1970, "US_INVERT": 28.706000000000003, "DS_INVERT": 28.621000000000002, "USER_TEXT2": "Existing", "SHAPE.LEN": 24.1584245252045}}, {"type": "Feature", "id": 29400, "geometry": {"type": "LineString", "coordinates": [[72.8913759154318, 19.08312222407467], [72.89089889062444, 19.082604084563744]]}, "properties": {"OBJECTID": 29400, "US_NODE_ID": "2178111301!", "DS_NODE_ID": "2178110304!", "CONDUIT_LE": 76.2, "SHAPE_1": "OREC", "CONDUIT_WI": 7090, "CONDUIT_HE": 3248, "US_INVERT": 27.96, "DS_INVERT": 27.884, "USER_TEXT2": "Existing", "SHAPE.LEN": 76.23776479672}}, {"type": "Feature", "id": 29434, "geometry": {"type": "LineString", "coordinates": [[72.89199480924222, 19.08369477058687], [72.8913759154318, 19.08312222407467]]}, "properties": {"OBJECTID": 29434, "US_NODE_ID": "2178112401!", "DS_NODE_ID": "2178111301!", "CONDUIT_LE": 90.9, "SHAPE_1": "OREC", "CONDUIT_WI": 7090, "CONDUIT_HE": 3057, "US_INVERT": 28.051000000000002, "DS_INVERT": 27.96, "USER_TEXT2": "Existing", "SHAPE.LEN": 90.89696725793439}}, {"type": "Feature", "id": 29560, "geometry": {"type": "LineString", "coordinates": [[72.89046468189304, 19.101830486389616], [72.89016376261881, 19.101978225164633]]}, "properties": {"OBJECTID": 29560, "US_NODE_ID": "2178130404", "DS_NODE_ID": "2178130403", "CONDUIT_LE": 35.6, "SHAPE_1": "OREC", "CONDUIT_WI": 4500, "CONDUIT_HE": 2109, "US_INVERT": 32.614000000000004, "DS_INVERT": 32.227000000000004, "USER_TEXT2": "Existing", "SHAPE.LEN": 35.646177552859704}}, {"type": "Feature", "id": 29580, "geometry": {"type": "LineString", "coordinates": [[72.89013532393602, 19.104548056440144], [72.8900558554298, 19.104465655798293]]}, "properties": {"OBJECTID": 29580, "US_NODE_ID": "2178130706", "DS_NODE_ID": "2178130704", "CONDUIT_LE": 12.4, "SHAPE_1": "OREC", "CONDUIT_WI": 3200, "CONDUIT_HE": 2246, "US_INVERT": 34.753, "DS_INVERT": 34.699000000000005, "USER_TEXT2": "Existing", "SHAPE.LEN": 12.3768364071761}}, {"type": "Feature", "id": 29583, "geometry": {"type": "LineString", "coordinates": [[72.89026165185939, 19.105067742345458], [72.89020024119218, 19.104935569681675]]}, "properties": {"OBJECTID": 29583, "US_NODE_ID": "2178130709", "DS_NODE_ID": "2178130708", "CONDUIT_LE": 16, "SHAPE_1": "OREC", "CONDUIT_WI": 4960, "CONDUIT_HE": 2515, "US_INVERT": 35.084, "DS_INVERT": 35.014, "USER_TEXT2": "Existing", "SHAPE.LEN": 15.9974871958067}}, {"type": "Feature", "id": 29588, "geometry": {"type": "LineString", "coordinates": [[72.89068193708825, 19.10552626815423], [72.89059938228174, 19.105419686911674]]}, "properties": {"OBJECTID": 29588, "US_NODE_ID": "2178130803", "DS_NODE_ID": "2178130802", "CONDUIT_LE": 14.700000000000001, "SHAPE_1": "OREC", "CONDUIT_WI": 4302, "CONDUIT_HE": 2560, "US_INVERT": 35.429, "DS_INVERT": 35.366, "USER_TEXT2": "Existing", "SHAPE.LEN": 14.654016725116698}}, {"type": "Feature", "id": 29088, "geometry": {"type": "LineString", "coordinates": [[72.89330740547311, 19.061641275496445], [72.89216629144059, 19.060725941204776]]}, "properties": {"OBJECTID": 29088, "US_NODE_ID": "2178083901", "DS_NODE_ID": "2178081802", "CONDUIT_LE": 157.20000000000002, "SHAPE_1": "OREC", "CONDUIT_WI": 4000, "CONDUIT_HE": 2325, "US_INVERT": 26.464000000000002, "DS_INVERT": 26.361, "USER_TEXT2": "Existing", "SHAPE.LEN": 157.16773197281898}}, {"type": "Feature", "id": 29129, "geometry": {"type": "LineString", "coordinates": [[72.89234995816096, 19.067312937866987], [72.89250192998648, 19.06754049452413]]}, "properties": {"OBJECTID": 29129, "US_NODE_ID": "2178092601!", "DS_NODE_ID": "2178092602!", "CONDUIT_LE": 29.8, "SHAPE_1": "OREC", "CONDUIT_WI": 5073, "CONDUIT_HE": 1535, "US_INVERT": 26.687, "DS_INVERT": 26.658, "USER_TEXT2": "Existing", "SHAPE.LEN": 29.844429966075698}}, {"type": "Feature", "id": 29133, "geometry": {"type": "LineString", "coordinates": [[72.89255494141015, 19.067630524985038], [72.89281157398582, 19.067995672703166]]}, "properties": {"OBJECTID": 29133, "US_NODE_ID": "2178092603!", "DS_NODE_ID": "2178092604", "CONDUIT_LE": 48.6, "SHAPE_1": "RECT", "CONDUIT_WI": 7000, "CONDUIT_HE": 1630, "US_INVERT": 26.658, "DS_INVERT": 26.587, "USER_TEXT2": "Existing", "SHAPE.LEN": 48.6236567937871}}, {"type": "Feature", "id": 29134, "geometry": {"type": "LineString", "coordinates": [[72.89235779208498, 19.067970613683556], [72.89227338018532, 19.067959712644107]]}, "properties": {"OBJECTID": 29134, "US_NODE_ID": "2178092603", "DS_NODE_ID": "2178092602", "CONDUIT_LE": 9, "SHAPE_1": "OREC", "CONDUIT_WI": 5000, "CONDUIT_HE": 567, "US_INVERT": 27.432000000000002, "DS_INVERT": 27.428, "USER_TEXT2": "Existing", "SHAPE.LEN": 8.967719888578149}}, {"type": "Feature", "id": 29253, "geometry": {"type": "LineString", "coordinates": [[72.89240638682827, 19.07899869720788], [72.89217249043672, 19.07884186245706]]}, "properties": {"OBJECTID": 29253, "US_NODE_ID": "2178102901!", "DS_NODE_ID": "2178102801!", "CONDUIT_LE": 30.1, "SHAPE_1": "OREC", "CONDUIT_WI": 9600, "CONDUIT_HE": 2549, "US_INVERT": 27.489, "DS_INVERT": 27.463, "USER_TEXT2": "Existing", "SHAPE.LEN": 30.1280904288672}}, {"type": "Feature", "id": 29254, "geometry": {"type": "LineString", "coordinates": [[72.89240638682827, 19.07899869720788], [72.89217249043672, 19.07884186245706]]}, "properties": {"OBJECTID": 29254, "US_NODE_ID": "2178102901", "DS_NODE_ID": "2178102801", "CONDUIT_LE": 30.1, "SHAPE_1": "OREC", "CONDUIT_WI": 9600, "CONDUIT_HE": 2549, "US_INVERT": 27.489, "DS_INVERT": 27.463, "USER_TEXT2": "Existing", "SHAPE.LEN": 30.1280904288672}}, {"type": "Feature", "id": 29420, "geometry": {"type": "LineString", "coordinates": [[72.89238628755962, 19.079913168827787], [72.89247716779744, 19.07965742831652]]}, "properties": {"OBJECTID": 29420, "US_NODE_ID": "2178112004!", "DS_NODE_ID": "2178102902!", "CONDUIT_LE": 29.900000000000002, "SHAPE_1": "OREC", "CONDUIT_WI": 7200, "CONDUIT_HE": 1633, "US_INVERT": 27.575000000000003, "DS_INVERT": 27.561, "USER_TEXT2": "Existing", "SHAPE.LEN": 29.8869689291169}}, {"type": "Feature", "id": 29260, "geometry": {"type": "LineString", "coordinates": [[72.89261188381388, 19.07914469278125], [72.89240638682827, 19.07899869720788]]}, "properties": {"OBJECTID": 29260, "US_NODE_ID": "2178102904", "DS_NODE_ID": "2178102901", "CONDUIT_LE": 27, "SHAPE_1": "OREC", "CONDUIT_WI": 9600, "CONDUIT_HE": 2490, "US_INVERT": 27.518, "DS_INVERT": 27.489, "USER_TEXT2": "Existing", "SHAPE.LEN": 27.0036282336282}}, {"type": "Feature", "id": 29258, "geometry": {"type": "LineString", "coordinates": [[72.89257043717721, 19.07940040710845], [72.89261188381388, 19.07914469278125]]}, "properties": {"OBJECTID": 29258, "US_NODE_ID": "2178102903", "DS_NODE_ID": "2178102904", "CONDUIT_LE": 28.6, "SHAPE_1": "OREC", "CONDUIT_WI": 7200, "CONDUIT_HE": 2674, "US_INVERT": 27.544, "DS_INVERT": 27.518, "USER_TEXT2": "Existing", "SHAPE.LEN": 28.6458583465394}}, {"type": "Feature", "id": 29425, "geometry": {"type": "LineString", "coordinates": [[72.89201182795769, 19.080951382367545], [72.89210540721487, 19.080688247201095]]}, "properties": {"OBJECTID": 29425, "US_NODE_ID": "2178112102", "DS_NODE_ID": "2178112001", "CONDUIT_LE": 30.8, "SHAPE_1": "OREC", "CONDUIT_WI": 7200, "CONDUIT_HE": 1621, "US_INVERT": 27.638, "DS_INVERT": 27.614, "USER_TEXT2": "Existing", "SHAPE.LEN": 30.7535323293114}}, {"type": "Feature", "id": 29415, "geometry": {"type": "LineString", "coordinates": [[72.89210540721487, 19.080688247201095], [72.89219968658095, 19.080424567158566]]}, "properties": {"OBJECTID": 29415, "US_NODE_ID": "2178112001", "DS_NODE_ID": "2178112002", "CONDUIT_LE": 30.8, "SHAPE_1": "OREC", "CONDUIT_WI": 7200, "CONDUIT_HE": 1594, "US_INVERT": 27.614, "DS_INVERT": 27.596, "USER_TEXT2": "Existing", "SHAPE.LEN": 30.8343294340902}}, {"type": "Feature", "id": 29394, "geometry": {"type": "LineString", "coordinates": [[72.89189950008506, 19.081479753327642], [72.891865312416, 19.081372882150923]]}, "properties": {"OBJECTID": 29394, "US_NODE_ID": "2178111102!", "DS_NODE_ID": "2178111101!", "CONDUIT_LE": 12.4, "SHAPE_1": "OREC", "CONDUIT_WI": 6000, "CONDUIT_HE": 2125, "US_INVERT": 27.675, "DS_INVERT": 27.663, "USER_TEXT2": "Existing", "SHAPE.LEN": 12.3675075856051}}, {"type": "Feature", "id": 29422, "geometry": {"type": "LineString", "coordinates": [[72.8919896841168, 19.081168218004127], [72.89195250209308, 19.08114051819223]]}, "properties": {"OBJECTID": 29422, "US_NODE_ID": "2178112101!", "DS_NODE_ID": "2178111103!", "CONDUIT_LE": 5, "SHAPE_1": "OREC", "CONDUIT_WI": 4800, "CONDUIT_HE": 1603, "US_INVERT": 27.659000000000002, "DS_INVERT": 27.649, "USER_TEXT2": "Existing", "SHAPE.LEN": 4.9723063562093595}}, {"type": "Feature", "id": 29426, "geometry": {"type": "LineString", "coordinates": [[72.8921290928149, 19.081215902518384], [72.8919896841168, 19.081168218004127]]}, "properties": {"OBJECTID": 29426, "US_NODE_ID": "2178112103!", "DS_NODE_ID": "2178112101!", "CONDUIT_LE": 15.6, "SHAPE_1": "RECT", "CONDUIT_WI": 4800, "CONDUIT_HE": 1611, "US_INVERT": 27.676000000000002, "DS_INVERT": 27.659000000000002, "USER_TEXT2": "Existing", "SHAPE.LEN": 15.5953414598719}}, {"type": "Feature", "id": 29429, "geometry": {"type": "LineString", "coordinates": [[72.89254080902735, 19.081340224732006], [72.8921290928149, 19.081215902518384]]}, "properties": {"OBJECTID": 29429, "US_NODE_ID": "2178112104", "DS_NODE_ID": "2178112103", "CONDUIT_LE": 45.5, "SHAPE_1": "OREC", "CONDUIT_WI": 4800, "CONDUIT_HE": 1436, "US_INVERT": 27.699, "DS_INVERT": 27.688000000000002, "USER_TEXT2": "Existing", "SHAPE.LEN": 45.4716704449045}}, {"type": "Feature", "id": 29442, "geometry": {"type": "LineString", "coordinates": [[72.89273971584544, 19.084906630746378], [72.89247559121982, 19.084807793512837]]}, "properties": {"OBJECTID": 29442, "US_NODE_ID": "2178112503!", "DS_NODE_ID": "2178112502!", "CONDUIT_LE": 29.900000000000002, "SHAPE_1": "OREC", "CONDUIT_WI": 4000, "CONDUIT_HE": 3889, "US_INVERT": 33.267, "DS_INVERT": 33.202, "USER_TEXT2": "Existing", "SHAPE.LEN": 29.8779160921574}}, {"type": "Feature", "id": 29620, "geometry": {"type": "LineString", "coordinates": [[72.89218252864764, 19.09943651778351], [72.89205631668, 19.0996712629514]]}, "properties": {"OBJECTID": 29620, "US_NODE_ID": "2178132102", "DS_NODE_ID": "2178132101", "CONDUIT_LE": 29.2, "SHAPE_1": "RECT", "CONDUIT_WI": 3000, "CONDUIT_HE": 1950, "US_INVERT": 35.478, "DS_INVERT": 35.209, "USER_TEXT2": "Existing", "SHAPE.LEN": 29.188169919335497}}, {"type": "Feature", "id": 29626, "geometry": {"type": "LineString", "coordinates": [[72.89181900701227, 19.10200436195014], [72.89177030220799, 19.10199663037822]]}, "properties": {"OBJECTID": 29626, "US_NODE_ID": "2178132402", "DS_NODE_ID": "2178132401", "CONDUIT_LE": 5.2, "SHAPE_1": "OREC", "CONDUIT_WI": 2127, "CONDUIT_HE": 2509, "US_INVERT": 34.29, "DS_INVERT": 34.226, "USER_TEXT2": "Existing", "SHAPE.LEN": 5.19714121897799}}, {"type": "Feature", "id": 29635, "geometry": {"type": "LineString", "coordinates": [[72.8919131658384, 19.10371907417036], [72.89177717379212, 19.103737307461127]]}, "properties": {"OBJECTID": 29635, "US_NODE_ID": "2178132602", "DS_NODE_ID": "2178132601", "CONDUIT_LE": 14.5, "SHAPE_1": "OREC", "CONDUIT_WI": 3097, "CONDUIT_HE": 1553, "US_INVERT": 35.768, "DS_INVERT": 35.757000000000005, "USER_TEXT2": "Existing", "SHAPE.LEN": 14.4546184577802}}, {"type": "Feature", "id": 29092, "geometry": {"type": "LineString", "coordinates": [[72.8950026854411, 19.060363603284863], [72.89327435900827, 19.060918354447995]]}, "properties": {"OBJECTID": 29092, "US_NODE_ID": "2178084801", "DS_NODE_ID": "2178083801", "CONDUIT_LE": 192, "SHAPE_1": "RECT", "CONDUIT_WI": 2000, "CONDUIT_HE": 1500, "US_INVERT": 28.276, "DS_INVERT": 27.5, "USER_TEXT2": "Proposal", "SHAPE.LEN": 192.03749633860602}}, {"type": "Feature", "id": 29141, "geometry": {"type": "LineString", "coordinates": [[72.89330508534891, 19.06250308440307], [72.89326037356842, 19.06243246474493]]}, "properties": {"OBJECTID": 29141, "US_NODE_ID": "2178093004", "DS_NODE_ID": "2178093003", "CONDUIT_LE": 9.1, "SHAPE_1": "OREC", "CONDUIT_WI": 4000, "CONDUIT_HE": 2594, "US_INVERT": 26.542, "DS_INVERT": 26.535, "USER_TEXT2": "Existing", "SHAPE.LEN": 9.12623662415127}}, {"type": "Feature", "id": 29145, "geometry": {"type": "LineString", "coordinates": [[72.89405572033071, 19.062637420544426], [72.89387527244527, 19.062503378997132]]}, "properties": {"OBJECTID": 29145, "US_NODE_ID": "2178093008", "DS_NODE_ID": "2178093007", "CONDUIT_LE": 24.1, "SHAPE_1": "OREC", "CONDUIT_WI": 4000, "CONDUIT_HE": 2417, "US_INVERT": 26.609, "DS_INVERT": 26.59, "USER_TEXT2": "Existing", "SHAPE.LEN": 24.1062098897774}}, {"type": "Feature", "id": 29433, "geometry": {"type": "LineString", "coordinates": [[72.89282018523579, 19.081437442853996], [72.892682580155, 19.0813900703147]]}, "properties": {"OBJECTID": 29433, "US_NODE_ID": "2178112106", "DS_NODE_ID": "2178112105", "CONDUIT_LE": 15.4, "SHAPE_1": "OREC", "CONDUIT_WI": 4800, "CONDUIT_HE": 1468, "US_INVERT": 27.731, "DS_INVERT": 27.719, "USER_TEXT2": "Existing", "SHAPE.LEN": 15.405012917229199}}, {"type": "Feature", "id": 29647, "geometry": {"type": "LineString", "coordinates": [[72.89279440308782, 19.09852850838308], [72.89259985584518, 19.098723003360067]]}, "properties": {"OBJECTID": 29647, "US_NODE_ID": "2178133001", "DS_NODE_ID": "2178132001", "CONDUIT_LE": 29.7, "SHAPE_1": "OREC", "CONDUIT_WI": 2364, "CONDUIT_HE": 2059, "US_INVERT": 36.655, "DS_INVERT": 36.29, "USER_TEXT2": "Existing", "SHAPE.LEN": 29.715085397487897}}, {"type": "Feature", "id": 29709, "geometry": {"type": "LineString", "coordinates": [[72.8923951535217, 19.107887873697944], [72.89237634667305, 19.107751935019248]]}, "properties": {"OBJECTID": 29709, "US_NODE_ID": "2178142103", "DS_NODE_ID": "2178142002", "CONDUIT_LE": 15.200000000000001, "SHAPE_1": "OREC", "CONDUIT_WI": 4711, "CONDUIT_HE": 2000, "US_INVERT": 37.574000000000005, "DS_INVERT": 37.435, "USER_TEXT2": "Proposal", "SHAPE.LEN": 15.1802312479092}}, {"type": "Feature", "id": 29716, "geometry": {"type": "LineString", "coordinates": [[72.8930069259712, 19.107451049928464], [72.89283402926364, 19.107510656677697]]}, "properties": {"OBJECTID": 29716, "US_NODE_ID": "2178143002", "DS_NODE_ID": "2178143001", "CONDUIT_LE": 19.400000000000002, "SHAPE_1": "RECT", "CONDUIT_WI": 5000, "CONDUIT_HE": 2313, "US_INVERT": 37.489000000000004, "DS_INVERT": 37.437000000000005, "USER_TEXT2": "Existing", "SHAPE.LEN": 19.3564542315993}}, {"type": "Feature", "id": 29714, "geometry": {"type": "LineString", "coordinates": [[72.89252081309053, 19.109406783916622], [72.89244624063194, 19.109144889951693]]}, "properties": {"OBJECTID": 29714, "US_NODE_ID": "2178142204", "DS_NODE_ID": "2178142203", "CONDUIT_LE": 30, "SHAPE_1": "OREC", "CONDUIT_WI": 3000, "CONDUIT_HE": 1408, "US_INVERT": 38.909, "DS_INVERT": 38.616, "USER_TEXT2": "Existing", "SHAPE.LEN": 30.0393406868393}}, {"type": "Feature", "id": 29722, "geometry": {"type": "LineString", "coordinates": [[72.89261068956753, 19.109655609308398], [72.89252081309053, 19.109406783916622]]}, "properties": {"OBJECTID": 29722, "US_NODE_ID": "2178143201", "DS_NODE_ID": "2178142204", "CONDUIT_LE": 29.1, "SHAPE_1": "OREC", "CONDUIT_WI": 3000, "CONDUIT_HE": 1500, "US_INVERT": 39.114000000000004, "DS_INVERT": 38.909, "USER_TEXT2": "Existing", "SHAPE.LEN": 29.127701448106098}}, {"type": "Feature", "id": 29160, "geometry": {"type": "LineString", "coordinates": [[72.89476704889088, 19.06343322719775], [72.8945938564175, 19.063249835309907]]}, "properties": {"OBJECTID": 29160, "US_NODE_ID": "2178094104", "DS_NODE_ID": "2178094103", "CONDUIT_LE": 27.3, "SHAPE_1": "OREC", "CONDUIT_WI": 4000, "CONDUIT_HE": 2178, "US_INVERT": 26.7, "DS_INVERT": 26.679000000000002, "USER_TEXT2": "Existing", "SHAPE.LEN": 27.289125599952797}}, {"type": "Feature", "id": 29161, "geometry": {"type": "LineString", "coordinates": [[72.89456077692198, 19.06451545035617], [72.8942826132944, 19.064576406907534]]}, "properties": {"OBJECTID": 29161, "US_NODE_ID": "2178094201", "DS_NODE_ID": "2178094301", "CONDUIT_LE": 30.1, "SHAPE_1": "OREC", "CONDUIT_WI": 3500, "CONDUIT_HE": 1664, "US_INVERT": 26.536, "DS_INVERT": 26.524, "USER_TEXT2": "Existing", "SHAPE.LEN": 30.0507903390244}}, {"type": "Feature", "id": 29165, "geometry": {"type": "LineString", "coordinates": [[72.8942826132944, 19.064576406907534], [72.89400440386953, 19.064640975613216]]}, "properties": {"OBJECTID": 29165, "US_NODE_ID": "2178094301", "DS_NODE_ID": "2178093304", "CONDUIT_LE": 30.1, "SHAPE_1": "OREC", "CONDUIT_WI": 3500, "CONDUIT_HE": 1626, "US_INVERT": 26.524, "DS_INVERT": 26.507, "USER_TEXT2": "Existing", "SHAPE.LEN": 30.147802573322}}, {"type": "Feature", "id": 29167, "geometry": {"type": "LineString", "coordinates": [[72.89429152807544, 19.069285301009586], [72.89444535833822, 19.069516490737886]]}, "properties": {"OBJECTID": 29167, "US_NODE_ID": "2178094801", "DS_NODE_ID": "2178094802", "CONDUIT_LE": 30.3, "SHAPE_1": "RECT", "CONDUIT_WI": 5000, "CONDUIT_HE": 2331, "US_INVERT": 26.186, "DS_INVERT": 26.158, "USER_TEXT2": "Existing", "SHAPE.LEN": 30.288776799336098}}, {"type": "Feature", "id": 29668, "geometry": {"type": "LineString", "coordinates": [[72.89441588357823, 19.10205498889255], [72.89420318809292, 19.10206193382821]]}, "properties": {"OBJECTID": 29668, "US_NODE_ID": "2178134403", "DS_NODE_ID": "2178134402", "CONDUIT_LE": 22.400000000000002, "SHAPE_1": "OREC", "CONDUIT_WI": 2500, "CONDUIT_HE": 1467, "US_INVERT": 37.631, "DS_INVERT": 37.46, "USER_TEXT2": "Proposal", "SHAPE.LEN": 22.399273074812097}}, {"type": "Feature", "id": 29671, "geometry": {"type": "LineString", "coordinates": [[72.89390586092748, 19.105586422136167], [72.89380724229284, 19.105512120259775]]}, "properties": {"OBJECTID": 29671, "US_NODE_ID": "2178134803", "DS_NODE_ID": "2178134802", "CONDUIT_LE": 13.200000000000001, "SHAPE_1": "RECT", "CONDUIT_WI": 4000, "CONDUIT_HE": 1835, "US_INVERT": 37.743, "DS_INVERT": 37.742000000000004, "USER_TEXT2": "Existing", "SHAPE.LEN": 13.2440432863231}}, {"type": "Feature", "id": 29174, "geometry": {"type": "LineString", "coordinates": [[72.89515024662947, 19.064176223915904], [72.89506226469108, 19.063956280055997]]}, "properties": {"OBJECTID": 29174, "US_NODE_ID": "2178095202", "DS_NODE_ID": "2178095201", "CONDUIT_LE": 26.1, "SHAPE_1": "OREC", "CONDUIT_WI": 4000, "CONDUIT_HE": 2225, "US_INVERT": 26.774, "DS_INVERT": 26.754, "USER_TEXT2": "Existing", "SHAPE.LEN": 26.0532201719864}}, {"type": "Feature", "id": 29177, "geometry": {"type": "LineString", "coordinates": [[72.89520427744245, 19.064376383199633], [72.89516505111723, 19.06439661061488]]}, "properties": {"OBJECTID": 29177, "US_NODE_ID": "2178095205", "DS_NODE_ID": "2178095203", "CONDUIT_LE": 4.7, "SHAPE_1": "OREC", "CONDUIT_WI": 3500, "CONDUIT_HE": 2433, "US_INVERT": 26.736, "DS_INVERT": 26.729000000000003, "USER_TEXT2": "Existing", "SHAPE.LEN": 4.69765138127554}}, {"type": "Feature", "id": 29181, "geometry": {"type": "LineString", "coordinates": [[72.89521578500569, 19.07064716066928], [72.89589144509613, 19.070405568689978]]}, "properties": {"OBJECTID": 29181, "US_NODE_ID": "2178095902", "DS_NODE_ID": "2178095905", "CONDUIT_LE": 76, "SHAPE_1": "RECT", "CONDUIT_WI": 5000, "CONDUIT_HE": 2007, "US_INVERT": 26.039, "DS_INVERT": 25.958000000000002, "USER_TEXT2": "Proposal", "SHAPE.LEN": 75.98947295514029}}, {"type": "Feature", "id": 29543, "geometry": {"type": "LineString", "coordinates": [[72.89546556557309, 19.08982751174429], [72.89520894162553, 19.089383780111586]]}, "properties": {"OBJECTID": 29543, "US_NODE_ID": "2178125004", "DS_NODE_ID": "2178125001", "CONDUIT_LE": 56.1, "SHAPE_1": "RECT", "CONDUIT_WI": 2000, "CONDUIT_HE": 2000, "US_INVERT": 38, "DS_INVERT": 37.6, "USER_TEXT2": "Existing", "SHAPE.LEN": 56.0642488578952}}, {"type": "Feature", "id": 29739, "geometry": {"type": "LineString", "coordinates": [[72.89500042268733, 19.108394294263505], [72.89481535903413, 19.108369432078483]]}, "properties": {"OBJECTID": 29739, "US_NODE_ID": "2178145105", "DS_NODE_ID": "2178145104", "CONDUIT_LE": 19.7, "SHAPE_1": "OREC", "CONDUIT_WI": 4200, "CONDUIT_HE": 2000, "US_INVERT": 38.544000000000004, "DS_INVERT": 38.351, "USER_TEXT2": "Proposal", "SHAPE.LEN": 19.6706406873289}}, {"type": "Feature", "id": 19008, "geometry": {"type": "LineString", "coordinates": [[72.85000355026341, 19.071212930966755], [72.85036042755783, 19.071385098963045]]}, "properties": {"OBJECTID": 19008, "US_NODE_ID": "2173107001", "DS_NODE_ID": "2173108101", "CONDUIT_LE": 42.1, "SHAPE_1": "RECT", "CONDUIT_WI": 1500, "CONDUIT_HE": 1500, "US_INVERT": 24.946, "DS_INVERT": 24.8, "USER_TEXT2": "Existing", "SHAPE.LEN": 42.1283752357007}}, {"type": "Feature", "id": 19230, "geometry": {"type": "LineString", "coordinates": [[72.85024844904764, 19.09218360045737], [72.85002384031043, 19.091993942170998]]}, "properties": {"OBJECTID": 19230, "US_NODE_ID": "2173128401", "DS_NODE_ID": "2173127305", "CONDUIT_LE": 31.6, "SHAPE_1": "OREC", "CONDUIT_WI": 3200, "CONDUIT_HE": 2500, "US_INVERT": 28.339000000000002, "DS_INVERT": 28.233, "USER_TEXT2": "Existing", "SHAPE.LEN": 31.6210390659447}}, {"type": "Feature", "id": 19022, "geometry": {"type": "LineString", "coordinates": [[72.85061179143561, 19.070899367370064], [72.85073654040241, 19.070655135624143]]}, "properties": {"OBJECTID": 19022, "US_NODE_ID": "2173108002", "DS_NODE_ID": "2173108003", "CONDUIT_LE": 30.1, "SHAPE_1": "OREC", "CONDUIT_WI": 60000, "CONDUIT_HE": 4809, "US_INVERT": 23.539, "DS_INVERT": 23.528000000000002, "USER_TEXT2": "Existing", "SHAPE.LEN": 30.0612707648895}}, {"type": "Feature", "id": 19027, "geometry": {"type": "LineString", "coordinates": [[72.85093308117833, 19.073904640326557], [72.85088124407437, 19.073577959751503]]}, "properties": {"OBJECTID": 19027, "US_NODE_ID": "2173108302", "DS_NODE_ID": "2173108301", "CONDUIT_LE": 36.6, "SHAPE_1": "RECT", "CONDUIT_WI": 3000, "CONDUIT_HE": 3000, "US_INVERT": 24.341, "DS_INVERT": 24.3, "USER_TEXT2": "Existing", "SHAPE.LEN": 36.5789556985981}}, {"type": "Feature", "id": 19103, "geometry": {"type": "LineString", "coordinates": [[72.85069146407868, 19.085856435762828], [72.85066833951586, 19.08573422627408]]}, "properties": {"OBJECTID": 19103, "US_NODE_ID": "2173118704", "DS_NODE_ID": "2173118703", "CONDUIT_LE": 13.700000000000001, "SHAPE_1": "RECT", "CONDUIT_WI": 3000, "CONDUIT_HE": 2000, "US_INVERT": 26.749000000000002, "DS_INVERT": 26.721, "USER_TEXT2": "Proposal", "SHAPE.LEN": 13.7480907765406}}, {"type": "Feature", "id": 19231, "geometry": {"type": "LineString", "coordinates": [[72.85051914034852, 19.092438850691778], [72.85024844904764, 19.09218360045737]]}, "properties": {"OBJECTID": 19231, "US_NODE_ID": "2173128402", "DS_NODE_ID": "2173128401", "CONDUIT_LE": 40.1, "SHAPE_1": "OREC", "CONDUIT_WI": 3200, "CONDUIT_HE": 2500, "US_INVERT": 28.473000000000003, "DS_INVERT": 28.339000000000002, "USER_TEXT2": "Existing", "SHAPE.LEN": 40.1311317321104}}, {"type": "Feature", "id": 18910, "geometry": {"type": "LineString", "coordinates": [[72.85211242425008, 19.067978556702645], [72.85223716847405, 19.067734323438714]]}, "properties": {"OBJECTID": 18910, "US_NODE_ID": "2173099703", "DS_NODE_ID": "2173099704", "CONDUIT_LE": 30.1, "SHAPE_1": "OREC", "CONDUIT_WI": 60000, "CONDUIT_HE": 5008, "US_INVERT": 23.402, "DS_INVERT": 23.39, "USER_TEXT2": "Existing", "SHAPE.LEN": 30.0612707648895}}, {"type": "Feature", "id": 22444, "geometry": {"type": "LineString", "coordinates": [[72.85345780607105, 19.067593178300587], [72.85249460652291, 19.067366082637875]]}, "properties": {"OBJECTID": 22444, "US_NODE_ID": "2174091601", "DS_NODE_ID": "2174090603", "CONDUIT_LE": 104.5, "SHAPE_1": "OREC", "CONDUIT_WI": 1500, "CONDUIT_HE": 2000, "US_INVERT": 24.900000000000002, "DS_INVERT": 24.8, "USER_TEXT2": "Proposal", "SHAPE.LEN": 104.470570018546}}, {"type": "Feature", "id": 22496, "geometry": {"type": "LineString", "coordinates": [[72.85329822592527, 19.074229374030885], [72.85273729620985, 19.073967217805365]]}, "properties": {"OBJECTID": 22496, "US_NODE_ID": "2174101403", "DS_NODE_ID": "2174100302", "CONDUIT_LE": 65.8, "SHAPE_1": "RECT", "CONDUIT_WI": 6800, "CONDUIT_HE": 3500, "US_INVERT": 24.403000000000002, "DS_INVERT": 24.351000000000003, "USER_TEXT2": "Existing", "SHAPE.LEN": 65.7970364074249}}, {"type": "Feature", "id": 19244, "geometry": {"type": "LineString", "coordinates": [[72.85175437544129, 19.093678395047313], [72.8514937664764, 19.093405281013727]]}, "properties": {"OBJECTID": 19244, "US_NODE_ID": "2173129507", "DS_NODE_ID": "2173129506", "CONDUIT_LE": 40.800000000000004, "SHAPE_1": "RECT", "CONDUIT_WI": 3000, "CONDUIT_HE": 2500, "US_INVERT": 29.044, "DS_INVERT": 28.894000000000002, "USER_TEXT2": "Proposal", "SHAPE.LEN": 40.8270743502397}}, {"type": "Feature", "id": 22550, "geometry": {"type": "LineString", "coordinates": [[72.85220097264123, 19.09426439846865], [72.85175437544129, 19.093678395047313]]}, "properties": {"OBJECTID": 22550, "US_NODE_ID": "2174120602", "DS_NODE_ID": "2173129507", "CONDUIT_LE": 80.10000000000001, "SHAPE_1": "RECT", "CONDUIT_WI": 3000, "CONDUIT_HE": 2500, "US_INVERT": 29.337, "DS_INVERT": 29.044, "USER_TEXT2": "Proposal", "SHAPE.LEN": 80.12072141462531}}, {"type": "Feature", "id": 22553, "geometry": {"type": "LineString", "coordinates": [[72.8522279053199, 19.095118112467652], [72.85211309499091, 19.094871349414422]]}, "properties": {"OBJECTID": 22553, "US_NODE_ID": "2174120702", "DS_NODE_ID": "2174120701", "CONDUIT_LE": 29.900000000000002, "SHAPE_1": "RECT", "CONDUIT_WI": 3000, "CONDUIT_HE": 1898, "US_INVERT": 29.8, "DS_INVERT": 29.7, "USER_TEXT2": "Existing", "SHAPE.LEN": 29.8745683557102}}, {"type": "Feature", "id": 22554, "geometry": {"type": "LineString", "coordinates": [[72.85233568137687, 19.09536795121812], [72.8522279053199, 19.095118112467652]]}, "properties": {"OBJECTID": 22554, "US_NODE_ID": "2174120703", "DS_NODE_ID": "2174120702", "CONDUIT_LE": 29.900000000000002, "SHAPE_1": "RECT", "CONDUIT_WI": 3000, "CONDUIT_HE": 1998, "US_INVERT": 29.900000000000002, "DS_INVERT": 29.8, "USER_TEXT2": "Existing", "SHAPE.LEN": 29.8976013606443}}, {"type": "Feature", "id": 22436, "geometry": {"type": "LineString", "coordinates": [[72.8539598923398, 19.061576986824182], [72.85455708559097, 19.062118665658495]]}, "properties": {"OBJECTID": 22436, "US_NODE_ID": "2174091002", "DS_NODE_ID": "2174092001", "CONDUIT_LE": 86.9, "SHAPE_1": "RECT", "CONDUIT_WI": 5000, "CONDUIT_HE": 2500, "US_INVERT": 24.346, "DS_INVERT": 24.209, "USER_TEXT2": "Proposal", "SHAPE.LEN": 86.88843421307578}}, {"type": "Feature", "id": 22442, "geometry": {"type": "LineString", "coordinates": [[72.85330261923227, 19.066144349261783], [72.85349236304539, 19.06594242154586]]}, "properties": {"OBJECTID": 22442, "US_NODE_ID": "2174091501", "DS_NODE_ID": "2174091502", "CONDUIT_LE": 30, "SHAPE_1": "OREC", "CONDUIT_WI": 60000, "CONDUIT_HE": 4800, "US_INVERT": 23.31, "DS_INVERT": 23.298000000000002, "USER_TEXT2": "Existing", "SHAPE.LEN": 29.9808272067333}}, {"type": "Feature", "id": 22494, "geometry": {"type": "LineString", "coordinates": [[72.85315131602113, 19.07449773739572], [72.85315454085887, 19.074375011208595], [72.85329822592527, 19.074229374030885]]}, "properties": {"OBJECTID": 22494, "US_NODE_ID": "2174101401", "DS_NODE_ID": "2174101403", "CONDUIT_LE": 35.7, "SHAPE_1": "CIRC", "CONDUIT_WI": 900, "CONDUIT_HE": 900, "US_INVERT": 24.582, "DS_INVERT": 24.403000000000002, "USER_TEXT2": "Existing", "SHAPE.LEN": 35.7009483214378}}, {"type": "Feature", "id": 22547, "geometry": {"type": "LineString", "coordinates": [[72.85346478033422, 19.086811901304678], [72.85341531415692, 19.086448215102116]]}, "properties": {"OBJECTID": 22547, "US_NODE_ID": "2174111801", "DS_NODE_ID": "2174111702", "CONDUIT_LE": 40.6, "SHAPE_1": "RECT", "CONDUIT_WI": 3000, "CONDUIT_HE": 2000, "US_INVERT": 27.511000000000003, "DS_INVERT": 27.43, "USER_TEXT2": "Proposal", "SHAPE.LEN": 40.602093542082294}}, {"type": "Feature", "id": 22568, "geometry": {"type": "LineString", "coordinates": [[72.85319456237018, 19.097666183474033], [72.85309828381665, 19.097412562579535]]}, "properties": {"OBJECTID": 22568, "US_NODE_ID": "2174131001", "DS_NODE_ID": "2174121903", "CONDUIT_LE": 29.900000000000002, "SHAPE_1": "RECT", "CONDUIT_WI": 3000, "CONDUIT_HE": 2281, "US_INVERT": 31.324, "DS_INVERT": 31.154, "USER_TEXT2": "Existing", "SHAPE.LEN": 29.8531942746501}}, {"type": "Feature", "id": 22447, "geometry": {"type": "LineString", "coordinates": [[72.85512799023299, 19.062636552315603], [72.85558074328667, 19.062739369934572]]}, "properties": {"OBJECTID": 22447, "US_NODE_ID": "2174092101", "DS_NODE_ID": "2174093103", "CONDUIT_LE": 49, "SHAPE_1": "RECT", "CONDUIT_WI": 5000, "CONDUIT_HE": 2500, "US_INVERT": 24.077, "DS_INVERT": 24, "USER_TEXT2": "Proposal", "SHAPE.LEN": 49.0048977144122}}, {"type": "Feature", "id": 22450, "geometry": {"type": "LineString", "coordinates": [[72.85515283926799, 19.063437130564], [72.85527756351692, 19.063193797486427]]}, "properties": {"OBJECTID": 22450, "US_NODE_ID": "2174092203", "DS_NODE_ID": "2174093101", "CONDUIT_LE": 30, "SHAPE_1": "OREC", "CONDUIT_WI": 60000, "CONDUIT_HE": 5366, "US_INVERT": 23.172, "DS_INVERT": 23.161, "USER_TEXT2": "Existing", "SHAPE.LEN": 29.9708191412914}}, {"type": "Feature", "id": 22575, "geometry": {"type": "LineString", "coordinates": [[72.85376572038423, 19.0991973860116], [72.85366415187643, 19.098945300591637]]}, "properties": {"OBJECTID": 22575, "US_NODE_ID": "2174132101", "DS_NODE_ID": "2174131103", "CONDUIT_LE": 29.900000000000002, "SHAPE_1": "RECT", "CONDUIT_WI": 3000, "CONDUIT_HE": 2268, "US_INVERT": 32.25, "DS_INVERT": 32, "USER_TEXT2": "Existing", "SHAPE.LEN": 29.887903378624596}}, {"type": "Feature", "id": 22580, "geometry": {"type": "LineString", "coordinates": [[72.85446801264405, 19.099567657644936], [72.8543096927985, 19.099097925171375]]}, "properties": {"OBJECTID": 22580, "US_NODE_ID": "2174132204", "DS_NODE_ID": "2174132102", "CONDUIT_LE": 54.6, "SHAPE_1": "RECT", "CONDUIT_WI": 3000, "CONDUIT_HE": 2500, "US_INVERT": 31.566000000000003, "DS_INVERT": 31.378, "USER_TEXT2": "Proposal", "SHAPE.LEN": 54.6125443465144}}, {"type": "Feature", "id": 22584, "geometry": {"type": "LineString", "coordinates": [[72.85431627340839, 19.100736422430117], [72.85423855841329, 19.1004758463979]]}, "properties": {"OBJECTID": 22584, "US_NODE_ID": "2174132303", "DS_NODE_ID": "2174132302", "CONDUIT_LE": 30, "SHAPE_1": "RECT", "CONDUIT_WI": 3000, "CONDUIT_HE": 2197, "US_INVERT": 33.371, "DS_INVERT": 33.2, "USER_TEXT2": "Existing", "SHAPE.LEN": 29.9877921674804}}, {"type": "Feature", "id": 22596, "geometry": {"type": "LineString", "coordinates": [[72.85394252618545, 19.103904992361066], [72.85398851491713, 19.10366770366454]]}, "properties": {"OBJECTID": 22596, "US_NODE_ID": "2174132701", "DS_NODE_ID": "2174132601", "CONDUIT_LE": 26.7, "SHAPE_1": "RECT", "CONDUIT_WI": 3000, "CONDUIT_HE": 2198, "US_INVERT": 35.4, "DS_INVERT": 35.248000000000005, "USER_TEXT2": "Existing", "SHAPE.LEN": 26.714483317668698}}, {"type": "Feature", "id": 22532, "geometry": {"type": "LineString", "coordinates": [[72.85689923105855, 19.07670556716098], [72.85679542809157, 19.076060335217456]]}, "properties": {"OBJECTID": 22532, "US_NODE_ID": "2174105601", "DS_NODE_ID": "2174104601", "CONDUIT_LE": 72.3, "SHAPE_1": "RECT", "CONDUIT_WI": 2000, "CONDUIT_HE": 1500, "US_INVERT": 26, "DS_INVERT": 25.049, "USER_TEXT2": "Existing", "SHAPE.LEN": 72.2698415661748}}, {"type": "Feature", "id": 22524, "geometry": {"type": "LineString", "coordinates": [[72.85683612969513, 19.077401247283476], [72.85696617745968, 19.077261850948084]]}, "properties": {"OBJECTID": 22524, "US_NODE_ID": "2174104702", "DS_NODE_ID": "2174105701", "CONDUIT_LE": 20.6, "SHAPE_1": "RECT", "CONDUIT_WI": 2000, "CONDUIT_HE": 1500, "US_INVERT": 26.607000000000003, "DS_INVERT": 26.455000000000002, "USER_TEXT2": "Existing", "SHAPE.LEN": 20.630317496345}}, {"type": "Feature", "id": 22541, "geometry": {"type": "LineString", "coordinates": [[72.85835010294674, 19.076765789645766], [72.85829094925604, 19.0765636749537]]}, "properties": {"OBJECTID": 22541, "US_NODE_ID": "2174106604", "DS_NODE_ID": "2174106603", "CONDUIT_LE": 23.2, "SHAPE_1": "RECT", "CONDUIT_WI": 1500, "CONDUIT_HE": 1500, "US_INVERT": 27, "DS_INVERT": 26.772000000000002, "USER_TEXT2": "Existing", "SHAPE.LEN": 23.2280003444119}}, {"type": "Feature", "id": 22542, "geometry": {"type": "LineString", "coordinates": [[72.86015090600577, 19.07421241012099], [72.85852810167435, 19.0746695815956]]}, "properties": {"OBJECTID": 22542, "US_NODE_ID": "2174108401", "DS_NODE_ID": "2174106401", "CONDUIT_LE": 178.20000000000002, "SHAPE_1": "RECT", "CONDUIT_WI": 6800, "CONDUIT_HE": 3500, "US_INVERT": 25, "DS_INVERT": 24.859, "USER_TEXT2": "Existing", "SHAPE.LEN": 178.172191994149}}, {"type": "Feature", "id": 22612, "geometry": {"type": "LineString", "coordinates": [[72.86078446285336, 19.11014968677971], [72.86094049687199, 19.110134338633944]]}, "properties": {"OBJECTID": 22612, "US_NODE_ID": "2174149301", "DS_NODE_ID": "2174149302", "CONDUIT_LE": 16.5, "SHAPE_1": "OREC", "CONDUIT_WI": 3000, "CONDUIT_HE": 1990, "US_INVERT": 41.4, "DS_INVERT": 41.296, "USER_TEXT2": "Existing", "SHAPE.LEN": 16.5096941219394}}, {"type": "Feature", "id": 25027, "geometry": {"type": "LineString", "coordinates": [[72.8622495378902, 19.102992112903536], [72.86239035761199, 19.102755287296652]]}, "properties": {"OBJECTID": 25027, "US_NODE_ID": "2175130501", "DS_NODE_ID": "2175131501", "CONDUIT_LE": 30.1, "SHAPE_1": "OREC", "CONDUIT_WI": 1781, "CONDUIT_HE": 1618, "US_INVERT": 36.08, "DS_INVERT": 36.019, "USER_TEXT2": "Existing", "SHAPE.LEN": 30.1199269587428}}, {"type": "Feature", "id": 25058, "geometry": {"type": "LineString", "coordinates": [[72.86257594435853, 19.103101584748458], [72.8628803604566, 19.102630003776735]]}, "properties": {"OBJECTID": 25058, "US_NODE_ID": "2175131603", "DS_NODE_ID": "2175131506", "CONDUIT_LE": 61.300000000000004, "SHAPE_1": "OREC", "CONDUIT_WI": 2262, "CONDUIT_HE": 2200, "US_INVERT": 36.288000000000004, "DS_INVERT": 36.139, "USER_TEXT2": "Existing", "SHAPE.LEN": 61.2594482508617}}, {"type": "Feature", "id": 25035, "geometry": {"type": "LineString", "coordinates": [[72.86152452227294, 19.104102831619336], [72.86165427825549, 19.103913751047777]]}, "properties": {"OBJECTID": 25035, "US_NODE_ID": "2175130702", "DS_NODE_ID": "2175130601", "CONDUIT_LE": 25, "SHAPE_1": "OREC", "CONDUIT_WI": 3500, "CONDUIT_HE": 2122, "US_INVERT": 37.256, "DS_INVERT": 36.894, "USER_TEXT2": "Existing", "SHAPE.LEN": 24.9953995767221}}, {"type": "Feature", "id": 25031, "geometry": {"type": "LineString", "coordinates": [[72.86195851281305, 19.103456622053955], [72.86211160268996, 19.103226262081076]]}, "properties": {"OBJECTID": 25031, "US_NODE_ID": "2175130604", "DS_NODE_ID": "2175130605", "CONDUIT_LE": 30.2, "SHAPE_1": "OREC", "CONDUIT_WI": 1529, "CONDUIT_HE": 1708, "US_INVERT": 36.2, "DS_INVERT": 36.139, "USER_TEXT2": "Existing", "SHAPE.LEN": 30.168360910066003}}, {"type": "Feature", "id": 25164, "geometry": {"type": "LineString", "coordinates": [[72.86179709060686, 19.109656533113064], [72.86251233150313, 19.1094561889173]]}, "properties": {"OBJECTID": 25164, "US_NODE_ID": "2175140304", "DS_NODE_ID": "2175141301", "CONDUIT_LE": 78.5, "SHAPE_1": "OREC", "CONDUIT_WI": 3000, "CONDUIT_HE": 2241, "US_INVERT": 39.949000000000005, "DS_INVERT": 39.4, "USER_TEXT2": "Existing", "SHAPE.LEN": 78.4768118618487}}, {"type": "Feature", "id": 24899, "geometry": {"type": "LineString", "coordinates": [[72.86311325461912, 19.07492804414195], [72.86314639864317, 19.0746602909603]]}, "properties": {"OBJECTID": 24899, "US_NODE_ID": "2175101401", "DS_NODE_ID": "2175101402", "CONDUIT_LE": 29.8, "SHAPE_1": "RECT", "CONDUIT_WI": 4000, "CONDUIT_HE": 1500, "US_INVERT": 27.28, "DS_INVERT": 27.223000000000003, "USER_TEXT2": "Proposal", "SHAPE.LEN": 29.8496730040716}}, {"type": "Feature", "id": 25073, "geometry": {"type": "LineString", "coordinates": [[72.86377567277243, 19.10039127391318], [72.86391082247447, 19.100151671131492]]}, "properties": {"OBJECTID": 25073, "US_NODE_ID": "2175132307", "DS_NODE_ID": "2175132201", "CONDUIT_LE": 30.1, "SHAPE_1": "OREC", "CONDUIT_WI": 3095, "CONDUIT_HE": 1523, "US_INVERT": 35.365, "DS_INVERT": 35.309000000000005, "USER_TEXT2": "Existing", "SHAPE.LEN": 30.1014949794857}}, {"type": "Feature", "id": 24925, "geometry": {"type": "LineString", "coordinates": [[72.86503757550153, 19.071237539901215], [72.86520279493948, 19.071152646860945]]}, "properties": {"OBJECTID": 24925, "US_NODE_ID": "2175103001", "DS_NODE_ID": "2175103002", "CONDUIT_LE": 19.8, "SHAPE_1": "OREC", "CONDUIT_WI": 3500, "CONDUIT_HE": 2368, "US_INVERT": 26.281000000000002, "DS_INVERT": 26.243000000000002, "USER_TEXT2": "Proposal", "SHAPE.LEN": 19.769992288567}}, {"type": "Feature", "id": 24926, "geometry": {"type": "LineString", "coordinates": [[72.86520279493948, 19.071152646860945], [72.8654850775536, 19.071103627457457]]}, "properties": {"OBJECTID": 24926, "US_NODE_ID": "2175103002", "DS_NODE_ID": "2175103004", "CONDUIT_LE": 30.2, "SHAPE_1": "OREC", "CONDUIT_WI": 3500, "CONDUIT_HE": 2796, "US_INVERT": 26.243000000000002, "DS_INVERT": 26.185000000000002, "USER_TEXT2": "Proposal", "SHAPE.LEN": 30.2076521808631}}, {"type": "Feature", "id": 25061, "geometry": {"type": "LineString", "coordinates": [[72.86407393631796, 19.098991968585775], [72.86410769709926, 19.09895261671159]]}, "properties": {"OBJECTID": 25061, "US_NODE_ID": "2175132103", "DS_NODE_ID": "2175132104", "CONDUIT_LE": 5.6000000000000005, "SHAPE_1": "RECT", "CONDUIT_WI": 2600, "CONDUIT_HE": 2172, "US_INVERT": 34.976, "DS_INVERT": 34.938, "USER_TEXT2": "Existing", "SHAPE.LEN": 5.622277118748239}}, {"type": "Feature", "id": 25076, "geometry": {"type": "LineString", "coordinates": [[72.8641475030425, 19.100514818641813], [72.86428849163627, 19.100264444141605]]}, "properties": {"OBJECTID": 25076, "US_NODE_ID": "2175132310", "DS_NODE_ID": "2175133203", "CONDUIT_LE": 31.400000000000002, "SHAPE_1": "OREC", "CONDUIT_WI": 2075, "CONDUIT_HE": 2692, "US_INVERT": 35.456, "DS_INVERT": 35.349000000000004, "USER_TEXT2": "Existing", "SHAPE.LEN": 31.4429642368527}}, {"type": "Feature", "id": 25091, "geometry": {"type": "LineString", "coordinates": [[72.86428849163627, 19.100264444141605], [72.86443198208467, 19.100041196377607]]}, "properties": {"OBJECTID": 25091, "US_NODE_ID": "2175133203", "DS_NODE_ID": "2175133204", "CONDUIT_LE": 29, "SHAPE_1": "OREC", "CONDUIT_WI": 2231, "CONDUIT_HE": 2219, "US_INVERT": 35.349000000000004, "DS_INVERT": 35.241, "USER_TEXT2": "Existing", "SHAPE.LEN": 28.966359798911597}}, {"type": "Feature", "id": 25173, "geometry": {"type": "LineString", "coordinates": [[72.86452029728608, 19.107261352984136], [72.86448417461969, 19.107156681202646]]}, "properties": {"OBJECTID": 25173, "US_NODE_ID": "2175143003", "DS_NODE_ID": "2175143001", "CONDUIT_LE": 12.200000000000001, "SHAPE_1": "RECT", "CONDUIT_WI": 3000, "CONDUIT_HE": 2446, "US_INVERT": 36.38, "DS_INVERT": 36.343, "USER_TEXT2": "Existing", "SHAPE.LEN": 12.1967371144909}}, {"type": "Feature", "id": 24927, "geometry": {"type": "LineString", "coordinates": [[72.86548745348504, 19.070667724758867], [72.86588798493858, 19.070880842896514]]}, "properties": {"OBJECTID": 24927, "US_NODE_ID": "2175103003", "DS_NODE_ID": "2175104002", "CONDUIT_LE": 48.300000000000004, "SHAPE_1": "OREC", "CONDUIT_WI": 7000, "CONDUIT_HE": 2108, "US_INVERT": 26.17, "DS_INVERT": 26.080000000000002, "USER_TEXT2": "Existing", "SHAPE.LEN": 48.3176829006731}}, {"type": "Feature", "id": 24941, "geometry": {"type": "LineString", "coordinates": [[72.86576560257967, 19.071075226868892], [72.86588798493858, 19.070880842896514]]}, "properties": {"OBJECTID": 24941, "US_NODE_ID": "2175104001", "DS_NODE_ID": "2175104002", "CONDUIT_LE": 25.1, "SHAPE_1": "OREC", "CONDUIT_WI": 3500, "CONDUIT_HE": 2883, "US_INVERT": 26.128, "DS_INVERT": 26.080000000000002, "USER_TEXT2": "Proposal", "SHAPE.LEN": 25.0831477508306}}, {"type": "Feature", "id": 24943, "geometry": {"type": "LineString", "coordinates": [[72.86642499354103, 19.070930070665185], [72.86692971720106, 19.071092304856514]]}, "properties": {"OBJECTID": 24943, "US_NODE_ID": "2175104003", "DS_NODE_ID": "2175105001", "CONDUIT_LE": 56.1, "SHAPE_1": "OREC", "CONDUIT_WI": 8000, "CONDUIT_HE": 2251, "US_INVERT": 26.037000000000003, "DS_INVERT": 25.995, "USER_TEXT2": "Existing", "SHAPE.LEN": 56.0866823669398}}, {"type": "Feature", "id": 25015, "geometry": {"type": "LineString", "coordinates": [[72.86558903058334, 19.097024167278153], [72.86563034432142, 19.09698851565669]]}, "properties": {"OBJECTID": 25015, "US_NODE_ID": "2175124903", "DS_NODE_ID": "2175124904", "CONDUIT_LE": 5.9, "SHAPE_1": "OREC", "CONDUIT_WI": 7000, "CONDUIT_HE": 1957, "US_INVERT": 33.521, "DS_INVERT": 33.508, "USER_TEXT2": "Existing", "SHAPE.LEN": 5.872818744010409}}, {"type": "Feature", "id": 25016, "geometry": {"type": "LineString", "coordinates": [[72.86563034432142, 19.09698851565669], [72.86569849012187, 19.09700917735159]]}, "properties": {"OBJECTID": 25016, "US_NODE_ID": "2175124904", "DS_NODE_ID": "2175124905", "CONDUIT_LE": 7.5, "SHAPE_1": "OREC", "CONDUIT_WI": 7000, "CONDUIT_HE": 1960, "US_INVERT": 33.508, "DS_INVERT": 33.493, "USER_TEXT2": "Existing", "SHAPE.LEN": 7.5286120898874795}}, {"type": "Feature", "id": 25019, "geometry": {"type": "LineString", "coordinates": [[72.86588979015761, 19.09720649949558], [72.86615932708034, 19.09730446595895]]}, "properties": {"OBJECTID": 25019, "US_NODE_ID": "2175124907", "DS_NODE_ID": "2175125901", "CONDUIT_LE": 30.400000000000002, "SHAPE_1": "RECT", "CONDUIT_WI": 7000, "CONDUIT_HE": 2067, "US_INVERT": 33.431000000000004, "DS_INVERT": 33.369, "USER_TEXT2": "Existing", "SHAPE.LEN": 30.372685096974898}}, {"type": "Feature", "id": 24946, "geometry": {"type": "LineString", "coordinates": [[72.86749838033506, 19.071229053804952], [72.86766651908438, 19.0713093535228]]}, "properties": {"OBJECTID": 24946, "US_NODE_ID": "2175106001", "DS_NODE_ID": "2175106002", "CONDUIT_LE": 19.8, "SHAPE_1": "OREC", "CONDUIT_WI": 8000, "CONDUIT_HE": 2180, "US_INVERT": 25.948, "DS_INVERT": 25.933, "USER_TEXT2": "Existing", "SHAPE.LEN": 19.807432260896398}}, {"type": "Feature", "id": 25020, "geometry": {"type": "LineString", "coordinates": [[72.86615932708034, 19.09730446595895], [72.86642601432195, 19.097402399032525]]}, "properties": {"OBJECTID": 25020, "US_NODE_ID": "2175125901", "DS_NODE_ID": "2175125902", "CONDUIT_LE": 30.1, "SHAPE_1": "RECT", "CONDUIT_WI": 6000, "CONDUIT_HE": 1969, "US_INVERT": 33.369, "DS_INVERT": 33.307, "USER_TEXT2": "Existing", "SHAPE.LEN": 30.091360886473698}}, {"type": "Feature", "id": 25022, "geometry": {"type": "LineString", "coordinates": [[72.86669178663571, 19.09749761135419], [72.86695751298139, 19.09759643583839]]}, "properties": {"OBJECTID": 25022, "US_NODE_ID": "2175125903", "DS_NODE_ID": "2175125904", "CONDUIT_LE": 30, "SHAPE_1": "RECT", "CONDUIT_WI": 6000, "CONDUIT_HE": 1952, "US_INVERT": 33.246, "DS_INVERT": 33.184000000000005, "USER_TEXT2": "Existing", "SHAPE.LEN": 30.032815385840898}}, {"type": "Feature", "id": 24874, "geometry": {"type": "LineString", "coordinates": [[72.86804357995857, 19.060147232921693], [72.8685069500203, 19.05994231346898]]}, "properties": {"OBJECTID": 24874, "US_NODE_ID": "2175086802", "DS_NODE_ID": "2175087801", "CONDUIT_LE": 53.800000000000004, "SHAPE_1": "OREC", "CONDUIT_WI": 2000, "CONDUIT_HE": 1198, "US_INVERT": 26.96, "DS_INVERT": 26.692, "USER_TEXT2": "Existing", "SHAPE.LEN": 53.8003826563529}}, {"type": "Feature", "id": 24949, "geometry": {"type": "LineString", "coordinates": [[72.86806288605344, 19.071249612817507], [72.86820545693543, 19.071061873760343]]}, "properties": {"OBJECTID": 24949, "US_NODE_ID": "2175106004", "DS_NODE_ID": "2175106005", "CONDUIT_LE": 25.6, "SHAPE_1": "OREC", "CONDUIT_WI": 5000, "CONDUIT_HE": 2743, "US_INVERT": 25.905, "DS_INVERT": 25.883000000000003, "USER_TEXT2": "Existing", "SHAPE.LEN": 25.638122204248898}}, {"type": "Feature", "id": 24951, "geometry": {"type": "LineString", "coordinates": [[72.8682730539373, 19.070967961526026], [72.86842523790536, 19.071024245180823]]}, "properties": {"OBJECTID": 24951, "US_NODE_ID": "2175106006", "DS_NODE_ID": "2175107001", "CONDUIT_LE": 17.2, "SHAPE_1": "RECT", "CONDUIT_WI": 5000, "CONDUIT_HE": 3037, "US_INVERT": 25.861, "DS_INVERT": 25.836000000000002, "USER_TEXT2": "Existing", "SHAPE.LEN": 17.1897981867153}}, {"type": "Feature", "id": 24963, "geometry": {"type": "LineString", "coordinates": [[72.86842523790536, 19.071024245180823], [72.8685638598322, 19.07109567414783]]}, "properties": {"OBJECTID": 24963, "US_NODE_ID": "2175107001", "DS_NODE_ID": "2175107002", "CONDUIT_LE": 16.6, "SHAPE_1": "RECT", "CONDUIT_WI": 5000, "CONDUIT_HE": 3202, "US_INVERT": 25.836000000000002, "DS_INVERT": 25.810000000000002, "USER_TEXT2": "Existing", "SHAPE.LEN": 16.597996583021697}}, {"type": "Feature", "id": 24955, "geometry": {"type": "LineString", "coordinates": [[72.86824069930846, 19.075289559132756], [72.86835066988037, 19.07549300277991]]}, "properties": {"OBJECTID": 24955, "US_NODE_ID": "2175106501", "DS_NODE_ID": "2175107501", "CONDUIT_LE": 25.3, "SHAPE_1": "OREC", "CONDUIT_WI": 1500, "CONDUIT_HE": 1399, "US_INVERT": 26.999000000000002, "DS_INVERT": 26.926000000000002, "USER_TEXT2": "Existing", "SHAPE.LEN": 25.325441823194296}}, {"type": "Feature", "id": 24958, "geometry": {"type": "LineString", "coordinates": [[72.86799658287524, 19.07661839865653], [72.86800185148246, 19.076584345964786]]}, "properties": {"OBJECTID": 24958, "US_NODE_ID": "2175106602", "DS_NODE_ID": "2175106603", "CONDUIT_LE": 3.8000000000000003, "SHAPE_1": "OREC", "CONDUIT_WI": 2000, "CONDUIT_HE": 1308, "US_INVERT": 28.25, "DS_INVERT": 28.139000000000003, "USER_TEXT2": "Existing", "SHAPE.LEN": 3.8108055027775998}}, {"type": "Feature", "id": 25025, "geometry": {"type": "LineString", "coordinates": [[72.86808469930162, 19.094012692296175], [72.86771413330725, 19.092678796944675]]}, "properties": {"OBJECTID": 25025, "US_NODE_ID": "2175127501", "DS_NODE_ID": "2175126401", "CONDUIT_LE": 152.70000000000002, "SHAPE_1": "RECT", "CONDUIT_WI": 2000, "CONDUIT_HE": 1799, "US_INVERT": 32, "DS_INVERT": 31.764000000000003, "USER_TEXT2": "Proposal", "SHAPE.LEN": 152.74972995066102}}, {"type": "Feature", "id": 25115, "geometry": {"type": "LineString", "coordinates": [[72.86739376455456, 19.09777565378567], [72.86774987460953, 19.09789827093714]]}, "properties": {"OBJECTID": 25115, "US_NODE_ID": "2175136003", "DS_NODE_ID": "2175136004", "CONDUIT_LE": 39.9, "SHAPE_1": "OREC", "CONDUIT_WI": 6198, "CONDUIT_HE": 2036, "US_INVERT": 33.082, "DS_INVERT": 33, "USER_TEXT2": "Existing", "SHAPE.LEN": 39.864748527239}}, {"type": "Feature", "id": 25121, "geometry": {"type": "LineString", "coordinates": [[72.86804229421521, 19.097916109315822], [72.86831062542961, 19.09781172768759]]}, "properties": {"OBJECTID": 25121, "US_NODE_ID": "2175137001", "DS_NODE_ID": "2175137002", "CONDUIT_LE": 30.5, "SHAPE_1": "OREC", "CONDUIT_WI": 6934, "CONDUIT_HE": 2012, "US_INVERT": 32.966, "DS_INVERT": 32.934000000000005, "USER_TEXT2": "Existing", "SHAPE.LEN": 30.5158974962232}}, {"type": "Feature", "id": 25122, "geometry": {"type": "LineString", "coordinates": [[72.86831062542961, 19.09781172768759], [72.86857959401411, 19.097731741152437]]}, "properties": {"OBJECTID": 25122, "US_NODE_ID": "2175137002", "DS_NODE_ID": "2175137003", "CONDUIT_LE": 29.7, "SHAPE_1": "OREC", "CONDUIT_WI": 5993, "CONDUIT_HE": 2034, "US_INVERT": 32.934000000000005, "DS_INVERT": 32.902, "USER_TEXT2": "Existing", "SHAPE.LEN": 29.6627712798383}}, {"type": "Feature", "id": 25126, "geometry": {"type": "LineString", "coordinates": [[72.86802661126248, 19.105698813711548], [72.86808806025685, 19.10567261092911]]}, "properties": {"OBJECTID": 25126, "US_NODE_ID": "2175137801", "DS_NODE_ID": "2175137802", "CONDUIT_LE": 7.1000000000000005, "SHAPE_1": "RECT", "CONDUIT_WI": 6000, "CONDUIT_HE": 3279, "US_INVERT": 33.9, "DS_INVERT": 33.888, "USER_TEXT2": "Existing", "SHAPE.LEN": 7.0883066137124695}}, {"type": "Feature", "id": 25132, "geometry": {"type": "LineString", "coordinates": [[72.86810723705474, 19.105961514228134], [72.86805933904625, 19.105816902469556]]}, "properties": {"OBJECTID": 25132, "US_NODE_ID": "2175137903", "DS_NODE_ID": "2175137902", "CONDUIT_LE": 16.8, "SHAPE_1": "OREC", "CONDUIT_WI": 3000, "CONDUIT_HE": 2960, "US_INVERT": 34.233000000000004, "DS_INVERT": 34.215, "USER_TEXT2": "Existing", "SHAPE.LEN": 16.7859852573508}}, {"type": "Feature", "id": 24965, "geometry": {"type": "LineString", "coordinates": [[72.8687897942851, 19.071230958159585], [72.86919115507848, 19.071431113668986]]}, "properties": {"OBJECTID": 24965, "US_NODE_ID": "2175107003", "DS_NODE_ID": "2175107004", "CONDUIT_LE": 47.7, "SHAPE_1": "OREC", "CONDUIT_WI": 5000, "CONDUIT_HE": 3330, "US_INVERT": 25.768, "DS_INVERT": 25.7, "USER_TEXT2": "Existing", "SHAPE.LEN": 47.7103568887301}}, {"type": "Feature", "id": 24982, "geometry": {"type": "LineString", "coordinates": [[72.86942209343223, 19.075790005426168], [72.8695584706854, 19.075935001686382]]}, "properties": {"OBJECTID": 24982, "US_NODE_ID": "2175108501", "DS_NODE_ID": "2175108502", "CONDUIT_LE": 21.5, "SHAPE_1": "OREC", "CONDUIT_WI": 2000, "CONDUIT_HE": 1898, "US_INVERT": 26.84, "DS_INVERT": 26.79, "USER_TEXT2": "Existing", "SHAPE.LEN": 21.5363884727686}}, {"type": "Feature", "id": 24983, "geometry": {"type": "LineString", "coordinates": [[72.8695584706854, 19.075935001686382], [72.8696042335737, 19.07598360162252]]}, "properties": {"OBJECTID": 24983, "US_NODE_ID": "2175108502", "DS_NODE_ID": "2175108503", "CONDUIT_LE": 7.2, "SHAPE_1": "OREC", "CONDUIT_WI": 2000, "CONDUIT_HE": 1918, "US_INVERT": 26.79, "DS_INVERT": 26.75, "USER_TEXT2": "Existing", "SHAPE.LEN": 7.22221914441815}}, {"type": "Feature", "id": 24984, "geometry": {"type": "LineString", "coordinates": [[72.8696042335737, 19.07598360162252], [72.86963202026696, 19.07609644544825]]}, "properties": {"OBJECTID": 24984, "US_NODE_ID": "2175108503", "DS_NODE_ID": "2175108601", "CONDUIT_LE": 12.8, "SHAPE_1": "OREC", "CONDUIT_WI": 2000, "CONDUIT_HE": 1969, "US_INVERT": 26.75, "DS_INVERT": 26.68, "USER_TEXT2": "Existing", "SHAPE.LEN": 12.8316174420842}}, {"type": "Feature", "id": 25141, "geometry": {"type": "LineString", "coordinates": [[72.86910914585258, 19.10275189087188], [72.86953820718514, 19.102784858238536]]}, "properties": {"OBJECTID": 25141, "US_NODE_ID": "2175138502", "DS_NODE_ID": "2175138503", "CONDUIT_LE": 45.300000000000004, "SHAPE_1": "OREC", "CONDUIT_WI": 3000, "CONDUIT_HE": 2820, "US_INVERT": 33.748000000000005, "DS_INVERT": 33.619, "USER_TEXT2": "Existing", "SHAPE.LEN": 45.3061805938219}}, {"type": "Feature", "id": 25133, "geometry": {"type": "LineString", "coordinates": [[72.8683537393794, 19.105861737730176], [72.86843293482866, 19.105960503639665]]}, "properties": {"OBJECTID": 25133, "US_NODE_ID": "2175137904", "DS_NODE_ID": "2175137905", "CONDUIT_LE": 13.700000000000001, "SHAPE_1": "OREC", "CONDUIT_WI": 6000, "CONDUIT_HE": 2756, "US_INVERT": 33.815000000000005, "DS_INVERT": 33.791000000000004, "USER_TEXT2": "Existing", "SHAPE.LEN": 13.7496615478346}}, {"type": "Feature", "id": 25134, "geometry": {"type": "LineString", "coordinates": [[72.86843293482866, 19.105960503639665], [72.86857598942451, 19.105917005246447]]}, "properties": {"OBJECTID": 25134, "US_NODE_ID": "2175137905", "DS_NODE_ID": "2175137906", "CONDUIT_LE": 15.8, "SHAPE_1": "OREC", "CONDUIT_WI": 6000, "CONDUIT_HE": 2681, "US_INVERT": 33.791000000000004, "DS_INVERT": 33.764, "USER_TEXT2": "Existing", "SHAPE.LEN": 15.807783306333599}}, {"type": "Feature", "id": 25135, "geometry": {"type": "LineString", "coordinates": [[72.86857598942451, 19.105917005246447], [72.86883477884443, 19.10580496764417]]}, "properties": {"OBJECTID": 25135, "US_NODE_ID": "2175137906", "DS_NODE_ID": "2175137804", "CONDUIT_LE": 29.900000000000002, "SHAPE_1": "OREC", "CONDUIT_WI": 6000, "CONDUIT_HE": 2614, "US_INVERT": 33.764, "DS_INVERT": 33.713, "USER_TEXT2": "Existing", "SHAPE.LEN": 29.9288971726323}}, {"type": "Feature", "id": 25211, "geometry": {"type": "LineString", "coordinates": [[72.8683326597993, 19.114417593302957], [72.86828841456642, 19.114598753014572]]}, "properties": {"OBJECTID": 25211, "US_NODE_ID": "2175147804", "DS_NODE_ID": "2175147803", "CONDUIT_LE": 20.6, "SHAPE_1": "OREC", "CONDUIT_WI": 5882, "CONDUIT_HE": 2592, "US_INVERT": 38.551, "DS_INVERT": 38.519, "USER_TEXT2": "Existing", "SHAPE.LEN": 20.591062218836598}}, {"type": "Feature", "id": 24988, "geometry": {"type": "LineString", "coordinates": [[72.86991758288525, 19.07629715233086], [72.87009013383614, 19.076372199152228]]}, "properties": {"OBJECTID": 24988, "US_NODE_ID": "2175108604", "DS_NODE_ID": "2175108605", "CONDUIT_LE": 20, "SHAPE_1": "OREC", "CONDUIT_WI": 2000, "CONDUIT_HE": 1888, "US_INVERT": 26.560000000000002, "DS_INVERT": 26.52, "USER_TEXT2": "Existing", "SHAPE.LEN": 19.9741923170876}}, {"type": "Feature", "id": 24996, "geometry": {"type": "LineString", "coordinates": [[72.87082958590203, 19.076307502866026], [72.8710309818281, 19.076254789748894]]}, "properties": {"OBJECTID": 24996, "US_NODE_ID": "2175109604", "DS_NODE_ID": "2175109605", "CONDUIT_LE": 22, "SHAPE_1": "RECT", "CONDUIT_WI": 3000, "CONDUIT_HE": 2258, "US_INVERT": 25.900000000000002, "DS_INVERT": 25.82, "USER_TEXT2": "Existing", "SHAPE.LEN": 21.989035494309398}}, {"type": "Feature", "id": 25009, "geometry": {"type": "LineString", "coordinates": [[72.87084741879015, 19.08155248328762], [72.87110073020037, 19.08143166265844]]}, "properties": {"OBJECTID": 25009, "US_NODE_ID": "2175119203", "DS_NODE_ID": "2176110101", "CONDUIT_LE": 29.8, "SHAPE_1": "OREC", "CONDUIT_WI": 6511, "CONDUIT_HE": 1995, "US_INVERT": 27.413, "DS_INVERT": 27.35, "USER_TEXT2": "Existing", "SHAPE.LEN": 29.8318621611189}}, {"type": "Feature", "id": 25139, "geometry": {"type": "LineString", "coordinates": [[72.8697967757182, 19.098323013437184], [72.87001690673428, 19.09849537395281]]}, "properties": {"OBJECTID": 25139, "US_NODE_ID": "2175138004", "DS_NODE_ID": "2175139001", "CONDUIT_LE": 30, "SHAPE_1": "OREC", "CONDUIT_WI": 4658, "CONDUIT_HE": 1933, "US_INVERT": 32.745000000000005, "DS_INVERT": 32.713, "USER_TEXT2": "Existing", "SHAPE.LEN": 30.0166620396073}}, {"type": "Feature", "id": 25148, "geometry": {"type": "LineString", "coordinates": [[72.87024285394173, 19.098658768869203], [72.8704427464444, 19.098853476463756]]}, "properties": {"OBJECTID": 25148, "US_NODE_ID": "2175139101", "DS_NODE_ID": "2175139102", "CONDUIT_LE": 30.1, "SHAPE_1": "OREC", "CONDUIT_WI": 6073, "CONDUIT_HE": 2097, "US_INVERT": 32.681000000000004, "DS_INVERT": 32.649, "USER_TEXT2": "Existing", "SHAPE.LEN": 30.122748878546897}}, {"type": "Feature", "id": 25149, "geometry": {"type": "LineString", "coordinates": [[72.8704427464444, 19.098853476463756], [72.87065133987946, 19.099036542059967]]}, "properties": {"OBJECTID": 25149, "US_NODE_ID": "2175139102", "DS_NODE_ID": "2175139103", "CONDUIT_LE": 29.900000000000002, "SHAPE_1": "OREC", "CONDUIT_WI": 6314, "CONDUIT_HE": 2322, "US_INVERT": 32.649, "DS_INVERT": 32.617000000000004, "USER_TEXT2": "Existing", "SHAPE.LEN": 29.880428377116697}}, {"type": "Feature", "id": 25145, "geometry": {"type": "LineString", "coordinates": [[72.8694713195118, 19.105680033981546], [72.86964522885336, 19.105697126026456]]}, "properties": {"OBJECTID": 25145, "US_NODE_ID": "2175138802", "DS_NODE_ID": "2175138803", "CONDUIT_LE": 18.400000000000002, "SHAPE_1": "RECT", "CONDUIT_WI": 6000, "CONDUIT_HE": 3353, "US_INVERT": 33.592, "DS_INVERT": 33.561, "USER_TEXT2": "Existing", "SHAPE.LEN": 18.4012820618564}}, {"type": "Feature", "id": 25249, "geometry": {"type": "LineString", "coordinates": [[72.87037960282795, 19.10937084972141], [72.87042059940156, 19.109298197673112]]}, "properties": {"OBJECTID": 25249, "US_NODE_ID": "2175149205", "DS_NODE_ID": "2175149207", "CONDUIT_LE": 9.1, "SHAPE_1": "OREC", "CONDUIT_WI": 10000, "CONDUIT_HE": 3641, "US_INVERT": 34.645, "DS_INVERT": 34.598, "USER_TEXT2": "Existing", "SHAPE.LEN": 9.12802551979342}}, {"type": "Feature", "id": 25257, "geometry": {"type": "LineString", "coordinates": [[72.87000988059995, 19.11057942220856], [72.87032599577597, 19.110326261253054]]}, "properties": {"OBJECTID": 25257, "US_NODE_ID": "2175149402", "DS_NODE_ID": "2175149303", "CONDUIT_LE": 43.5, "SHAPE_1": "OREC", "CONDUIT_WI": 8000, "CONDUIT_HE": 3502, "US_INVERT": 35.155, "DS_INVERT": 35.115, "USER_TEXT2": "Existing", "SHAPE.LEN": 43.5031360451175}}, {"type": "Feature", "id": 25254, "geometry": {"type": "LineString", "coordinates": [[72.87032599577597, 19.110326261253054], [72.87033841254505, 19.109880942201286]]}, "properties": {"OBJECTID": 25254, "US_NODE_ID": "2175149303", "DS_NODE_ID": "2175149304", "CONDUIT_LE": 49.300000000000004, "SHAPE_1": "OREC", "CONDUIT_WI": 6000, "CONDUIT_HE": 3038, "US_INVERT": 34.86, "DS_INVERT": 34.867000000000004, "USER_TEXT2": "Existing", "SHAPE.LEN": 49.322060289996}}, {"type": "Feature", "id": 26932, "geometry": {"type": "LineString", "coordinates": [[72.87135592957414, 19.08131176672518], [72.87161017868648, 19.08119185942849]]}, "properties": {"OBJECTID": 26932, "US_NODE_ID": "2176110102", "DS_NODE_ID": "2176110103", "CONDUIT_LE": 29.900000000000002, "SHAPE_1": "OREC", "CONDUIT_WI": 6511, "CONDUIT_HE": 1806, "US_INVERT": 27.287000000000003, "DS_INVERT": 27.224, "USER_TEXT2": "Existing", "SHAPE.LEN": 29.8750732216676}}, {"type": "Feature", "id": 26936, "geometry": {"type": "LineString", "coordinates": [[72.87165559445404, 19.08373417744554], [72.87203713149765, 19.083467604465675]]}, "properties": {"OBJECTID": 26936, "US_NODE_ID": "2176110402", "DS_NODE_ID": "2176111401", "CONDUIT_LE": 49.800000000000004, "SHAPE_1": "OREC", "CONDUIT_WI": 2000, "CONDUIT_HE": 3675, "US_INVERT": 26.874000000000002, "DS_INVERT": 26.825000000000003, "USER_TEXT2": "Proposal", "SHAPE.LEN": 49.840144462069894}}, {"type": "Feature", "id": 27003, "geometry": {"type": "LineString", "coordinates": [[72.87107113031843, 19.10513236973794], [72.87132183092285, 19.104992266122427]]}, "properties": {"OBJECTID": 27003, "US_NODE_ID": "2176130802", "DS_NODE_ID": "2176130803", "CONDUIT_LE": 30.6, "SHAPE_1": "OREC", "CONDUIT_WI": 13000, "CONDUIT_HE": 3790, "US_INVERT": 32.64, "DS_INVERT": 32.516, "USER_TEXT2": "Existing", "SHAPE.LEN": 30.607836142563198}}, {"type": "Feature", "id": 27075, "geometry": {"type": "LineString", "coordinates": [[72.87156449751312, 19.11121046831551], [72.87096999891428, 19.111405922197203]]}, "properties": {"OBJECTID": 27075, "US_NODE_ID": "2176140401", "DS_NODE_ID": "2176140502", "CONDUIT_LE": 66.2, "SHAPE_1": "RECT", "CONDUIT_WI": 2000, "CONDUIT_HE": 2000, "US_INVERT": 37.325, "DS_INVERT": 37.066, "USER_TEXT2": "Existing", "SHAPE.LEN": 66.2046070904435}}, {"type": "Feature", "id": 26821, "geometry": {"type": "LineString", "coordinates": [[72.87363572476362, 19.063099286036152], [72.8729435835855, 19.061729173687322]]}, "properties": {"OBJECTID": 26821, "US_NODE_ID": "2176092101", "DS_NODE_ID": "2176091001", "CONDUIT_LE": 168.3, "SHAPE_1": "RECT", "CONDUIT_WI": 5000, "CONDUIT_HE": 2154, "US_INVERT": 25.737000000000002, "DS_INVERT": 25.611, "USER_TEXT2": "Proposal", "SHAPE.LEN": 168.287640663241}}, {"type": "Feature", "id": 26867, "geometry": {"type": "LineString", "coordinates": [[72.87392841433457, 19.072028768360553], [72.87294212041678, 19.072340760178232]]}, "properties": {"OBJECTID": 26867, "US_NODE_ID": "2176102101", "DS_NODE_ID": "2176101101!", "CONDUIT_LE": 109.4, "SHAPE_1": "OREC", "CONDUIT_WI": 5500, "CONDUIT_HE": 2393, "US_INVERT": 25.606, "DS_INVERT": 25, "USER_TEXT2": "Proposal", "SHAPE.LEN": 109.422118422191}}, {"type": "Feature", "id": 26938, "geometry": {"type": "LineString", "coordinates": [[72.87212435234925, 19.080953915758034], [72.87238032423859, 19.08083420062059]]}, "properties": {"OBJECTID": 26938, "US_NODE_ID": "2176111101", "DS_NODE_ID": "2176111102", "CONDUIT_LE": 30, "SHAPE_1": "OREC", "CONDUIT_WI": 6511, "CONDUIT_HE": 2012, "US_INVERT": 27.098000000000003, "DS_INVERT": 27.035, "USER_TEXT2": "Existing", "SHAPE.LEN": 30.0282797297814}}, {"type": "Feature", "id": 26939, "geometry": {"type": "LineString", "coordinates": [[72.87238032423859, 19.08083420062059], [72.87263508461248, 19.080715663420133]]}, "properties": {"OBJECTID": 26939, "US_NODE_ID": "2176111102", "DS_NODE_ID": "2176111103", "CONDUIT_LE": 29.900000000000002, "SHAPE_1": "OREC", "CONDUIT_WI": 6511, "CONDUIT_HE": 2081, "US_INVERT": 27.035, "DS_INVERT": 26.972, "USER_TEXT2": "Existing", "SHAPE.LEN": 29.8563543501212}}, {"type": "Feature", "id": 27079, "geometry": {"type": "LineString", "coordinates": [[72.87174936436652, 19.115475111532923], [72.87179956025108, 19.115117096246127]]}, "properties": {"OBJECTID": 27079, "US_NODE_ID": "2176141901", "DS_NODE_ID": "2176141902", "CONDUIT_LE": 40, "SHAPE_1": "RECT", "CONDUIT_WI": 2000, "CONDUIT_HE": 2000, "US_INVERT": 40, "DS_INVERT": 39.844, "USER_TEXT2": "Existing", "SHAPE.LEN": 39.9891235212776}}, {"type": "Feature", "id": 26828, "geometry": {"type": "LineString", "coordinates": [[72.8747843571166, 19.062641923330748], [72.87419458265475, 19.062853716960447]]}, "properties": {"OBJECTID": 26828, "US_NODE_ID": "2176093102", "DS_NODE_ID": "2176093101", "CONDUIT_LE": 66.4, "SHAPE_1": "RECT", "CONDUIT_WI": 2000, "CONDUIT_HE": 3218, "US_INVERT": 26.279, "DS_INVERT": 26.005000000000003, "USER_TEXT2": "Proposal", "SHAPE.LEN": 66.3692699974921}}, {"type": "Feature", "id": 26875, "geometry": {"type": "LineString", "coordinates": [[72.87460461495388, 19.071821588157746], [72.87414393791704, 19.071964412118252]]}, "properties": {"OBJECTID": 26875, "US_NODE_ID": "2176103102", "DS_NODE_ID": "2176103101", "CONDUIT_LE": 51, "SHAPE_1": "OREC", "CONDUIT_WI": 3000, "CONDUIT_HE": 3389, "US_INVERT": 26.02, "DS_INVERT": 25.738, "USER_TEXT2": "Proposal", "SHAPE.LEN": 51.008332652616694}}, {"type": "Feature", "id": 26946, "geometry": {"type": "LineString", "coordinates": [[72.87365742368517, 19.08023544995155], [72.87391216253432, 19.080116381255728]]}, "properties": {"OBJECTID": 26946, "US_NODE_ID": "2176112003", "DS_NODE_ID": "2176112004", "CONDUIT_LE": 29.900000000000002, "SHAPE_1": "OREC", "CONDUIT_WI": 6511, "CONDUIT_HE": 2425, "US_INVERT": 26.72, "DS_INVERT": 26.657, "USER_TEXT2": "Existing", "SHAPE.LEN": 29.8802989235382}}, {"type": "Feature", "id": 26947, "geometry": {"type": "LineString", "coordinates": [[72.87391216253432, 19.080116381255728], [72.87416751999082, 19.079996457593136]]}, "properties": {"OBJECTID": 26947, "US_NODE_ID": "2176112004", "DS_NODE_ID": "2176113001", "CONDUIT_LE": 30, "SHAPE_1": "OREC", "CONDUIT_WI": 6511, "CONDUIT_HE": 2493, "US_INVERT": 26.657, "DS_INVERT": 26.594, "USER_TEXT2": "Existing", "SHAPE.LEN": 29.980564651787297}}, {"type": "Feature", "id": 27030, "geometry": {"type": "LineString", "coordinates": [[72.87351257146781, 19.100798462985377], [72.87376919647957, 19.100792394347447]]}, "properties": {"OBJECTID": 27030, "US_NODE_ID": "2176132303", "DS_NODE_ID": "2176133301", "CONDUIT_LE": 27, "SHAPE_1": "RECT", "CONDUIT_WI": 22000, "CONDUIT_HE": 5653, "US_INVERT": 29.845000000000002, "DS_INVERT": 29.827, "USER_TEXT2": "Existing", "SHAPE.LEN": 27.0185121722126}}, {"type": "Feature", "id": 26850, "geometry": {"type": "LineString", "coordinates": [[72.87631398781875, 19.06456544624892], [72.87604525958086, 19.064318695682324], [72.8756208731914, 19.063940528674568]]}, "properties": {"OBJECTID": 26850, "US_NODE_ID": "2176095301", "DS_NODE_ID": "2176094202", "CONDUIT_LE": 100.60000000000001, "SHAPE_1": "RECT", "CONDUIT_WI": 3000, "CONDUIT_HE": 2085, "US_INVERT": 26.812, "DS_INVERT": 26.614, "USER_TEXT2": "Proposal", "SHAPE.LEN": 100.557794814556}}, {"type": "Feature", "id": 26837, "geometry": {"type": "LineString", "coordinates": [[72.8747661349475, 19.070032267098433], [72.87451589541972, 19.070062803090895]]}, "properties": {"OBJECTID": 26837, "US_NODE_ID": "2176093903", "DS_NODE_ID": "2176093902", "CONDUIT_LE": 26.6, "SHAPE_1": "RECT", "CONDUIT_WI": 1500, "CONDUIT_HE": 1500, "US_INVERT": 25.371000000000002, "DS_INVERT": 25.279, "USER_TEXT2": "Proposal", "SHAPE.LEN": 26.558990944687597}}, {"type": "Feature", "id": 26876, "geometry": {"type": "LineString", "coordinates": [[72.87499236410885, 19.071735731538286], [72.87460461495388, 19.071821588157746]]}, "properties": {"OBJECTID": 26876, "US_NODE_ID": "2176103103", "DS_NODE_ID": "2176103102", "CONDUIT_LE": 41.9, "SHAPE_1": "OREC", "CONDUIT_WI": 3000, "CONDUIT_HE": 3137, "US_INVERT": 26.252000000000002, "DS_INVERT": 26.02, "USER_TEXT2": "Proposal", "SHAPE.LEN": 41.9104998777156}}, {"type": "Feature", "id": 26897, "geometry": {"type": "LineString", "coordinates": [[72.87627392064063, 19.07643214840495], [72.8761240792306, 19.07645059620883], [72.8757463775984, 19.076398731183538], [72.87548288148038, 19.076348181040427], [72.8752273988934, 19.07625027147915]]}, "properties": {"OBJECTID": 26897, "US_NODE_ID": "2176105601", "DS_NODE_ID": "2176104601", "CONDUIT_LE": 113.4, "SHAPE_1": "RECT", "CONDUIT_WI": 5000, "CONDUIT_HE": 1827, "US_INVERT": 27, "DS_INVERT": 26.774, "USER_TEXT2": "Proposal", "SHAPE.LEN": 113.36974714819101}}, {"type": "Feature", "id": 26887, "geometry": {"type": "LineString", "coordinates": [[72.87493305289296, 19.079633160731518], [72.8751897443687, 19.079522576250433]]}, "properties": {"OBJECTID": 26887, "US_NODE_ID": "2176104901", "DS_NODE_ID": "2176104902", "CONDUIT_LE": 29.7, "SHAPE_1": "OREC", "CONDUIT_WI": 6511, "CONDUIT_HE": 2756, "US_INVERT": 26.405, "DS_INVERT": 26.342000000000002, "USER_TEXT2": "Existing", "SHAPE.LEN": 29.6650843614172}}, {"type": "Feature", "id": 26987, "geometry": {"type": "LineString", "coordinates": [[72.87487680931459, 19.091589146292904], [72.87506329207868, 19.091345609093953]]}, "properties": {"OBJECTID": 26987, "US_NODE_ID": "2176124301", "DS_NODE_ID": "2176124201", "CONDUIT_LE": 33.4, "SHAPE_1": "RECT", "CONDUIT_WI": 8000, "CONDUIT_HE": 1412, "US_INVERT": 30.587, "DS_INVERT": 30.536, "USER_TEXT2": "Proposal", "SHAPE.LEN": 33.351611655210895}}, {"type": "Feature", "id": 27050, "geometry": {"type": "LineString", "coordinates": [[72.87516943125645, 19.105801820209454], [72.87498322992816, 19.1055756604362]]}, "properties": {"OBJECTID": 27050, "US_NODE_ID": "2176134803", "DS_NODE_ID": "2176134802", "CONDUIT_LE": 31.8, "SHAPE_1": "OREC", "CONDUIT_WI": 5393, "CONDUIT_HE": 4089, "US_INVERT": 31.969, "DS_INVERT": 31.964000000000002, "USER_TEXT2": "Existing", "SHAPE.LEN": 31.7970124382779}}, {"type": "Feature", "id": 26852, "geometry": {"type": "LineString", "coordinates": [[72.87684473862741, 19.06525894729644], [72.87668097032397, 19.064963172423568], [72.8764690239342, 19.064751665168576], [72.87631398781875, 19.06456544624892]]}, "properties": {"OBJECTID": 26852, "US_NODE_ID": "2176095402", "DS_NODE_ID": "2176095301", "CONDUIT_LE": 95.60000000000001, "SHAPE_1": "RECT", "CONDUIT_WI": 3000, "CONDUIT_HE": 2105, "US_INVERT": 27, "DS_INVERT": 26.812, "USER_TEXT2": "Proposal", "SHAPE.LEN": 95.6495126139398}}, {"type": "Feature", "id": 26892, "geometry": {"type": "LineString", "coordinates": [[72.87625172230898, 19.07221091261466], [72.8762131807419, 19.072126344318722], [72.87617660074297, 19.072044627659324], [72.87612497369443, 19.071943890898524]]}, "properties": {"OBJECTID": 26892, "US_NODE_ID": "2176105102", "DS_NODE_ID": "2176105101", "CONDUIT_LE": 32.4, "SHAPE_1": "RECT", "CONDUIT_WI": 2000, "CONDUIT_HE": 1711, "US_INVERT": 28, "DS_INVERT": 27.608, "USER_TEXT2": "Proposal", "SHAPE.LEN": 32.4441474273311}}, {"type": "Feature", "id": 26964, "geometry": {"type": "LineString", "coordinates": [[72.87627372777291, 19.085612071986304], [72.87724186563204, 19.085463351416976]]}, "properties": {"OBJECTID": 26964, "US_NODE_ID": "2176115601", "DS_NODE_ID": "2176116601", "CONDUIT_LE": 103.2, "SHAPE_1": "CIRC", "CONDUIT_WI": 1000, "CONDUIT_HE": 1000, "US_INVERT": 27.5, "DS_INVERT": 26.764000000000003, "USER_TEXT2": "Proposal", "SHAPE.LEN": 103.22877505812001}}, {"type": "Feature", "id": 27092, "geometry": {"type": "LineString", "coordinates": [[72.87592373545162, 19.106902326145267], [72.87577570422805, 19.106691309984292]]}, "properties": {"OBJECTID": 27092, "US_NODE_ID": "2176145004", "DS_NODE_ID": "2176135902", "CONDUIT_LE": 28.1, "SHAPE_1": "OREC", "CONDUIT_WI": 9000, "CONDUIT_HE": 3777, "US_INVERT": 31.992, "DS_INVERT": 31.987000000000002, "USER_TEXT2": "Existing", "SHAPE.LEN": 28.081510305715398}}, {"type": "Feature", "id": 27100, "geometry": {"type": "LineString", "coordinates": [[72.87618104958439, 19.11087344096662], [72.87625408641941, 19.110625405900283]]}, "properties": {"OBJECTID": 27100, "US_NODE_ID": "2176145401", "DS_NODE_ID": "2176145402", "CONDUIT_LE": 28.5, "SHAPE_1": "OREC", "CONDUIT_WI": 5002, "CONDUIT_HE": 1806, "US_INVERT": 34.718, "DS_INVERT": 34.677, "USER_TEXT2": "Existing", "SHAPE.LEN": 28.5173103123349}}, {"type": "Feature", "id": 27103, "geometry": {"type": "LineString", "coordinates": [[72.8759583168267, 19.11210850165995], [72.8759940930078, 19.111837031397627]]}, "properties": {"OBJECTID": 27103, "US_NODE_ID": "2176145501", "DS_NODE_ID": "2176145502", "CONDUIT_LE": 30.3, "SHAPE_1": "OREC", "CONDUIT_WI": 5002, "CONDUIT_HE": 2247, "US_INVERT": 34.941, "DS_INVERT": 34.897, "USER_TEXT2": "Existing", "SHAPE.LEN": 30.291417926534898}}, {"type": "Feature", "id": 27105, "geometry": {"type": "LineString", "coordinates": [[72.8760302972514, 19.111579423065297], [72.87626854196299, 19.11144127680334]]}, "properties": {"OBJECTID": 27105, "US_NODE_ID": "2176145503", "DS_NODE_ID": "2176145504", "CONDUIT_LE": 29.400000000000002, "SHAPE_1": "OREC", "CONDUIT_WI": 5002, "CONDUIT_HE": 1791, "US_INVERT": 34.855000000000004, "DS_INVERT": 34.813, "USER_TEXT2": "Existing", "SHAPE.LEN": 29.370837700174597}}, {"type": "Feature", "id": 27109, "geometry": {"type": "LineString", "coordinates": [[72.8760626555878, 19.11234636187241], [72.8759583168267, 19.11210850165995]]}, "properties": {"OBJECTID": 27109, "US_NODE_ID": "2176145603", "DS_NODE_ID": "2176145501", "CONDUIT_LE": 28.5, "SHAPE_1": "OREC", "CONDUIT_WI": 5002, "CONDUIT_HE": 2838, "US_INVERT": 34.983000000000004, "DS_INVERT": 34.941, "USER_TEXT2": "Existing", "SHAPE.LEN": 28.5329633932405}}, {"type": "Feature", "id": 27112, "geometry": {"type": "LineString", "coordinates": [[72.8763291279339, 19.112612288104067], [72.87603603852541, 19.112691264131634]]}, "properties": {"OBJECTID": 27112, "US_NODE_ID": "2176145605", "DS_NODE_ID": "2176145602", "CONDUIT_LE": 32.1, "SHAPE_1": "RECT", "CONDUIT_WI": 5000, "CONDUIT_HE": 2500, "US_INVERT": 34.7, "DS_INVERT": 34.639, "USER_TEXT2": "Proposal", "SHAPE.LEN": 32.061251678155}}, {"type": "Feature", "id": 26857, "geometry": {"type": "LineString", "coordinates": [[72.87770412587382, 19.070433744611876], [72.87685566158324, 19.070517011629736]]}, "properties": {"OBJECTID": 26857, "US_NODE_ID": "2176096901", "DS_NODE_ID": "2176095901", "CONDUIT_LE": 89.8, "SHAPE_1": "RECT", "CONDUIT_WI": 5000, "CONDUIT_HE": 4480, "US_INVERT": 30, "DS_INVERT": 28.198, "USER_TEXT2": "Proposal", "SHAPE.LEN": 89.7927057171127}}, {"type": "Feature", "id": 26914, "geometry": {"type": "LineString", "coordinates": [[72.87807788874761, 19.07819738085378], [72.87767399695053, 19.078393017367137]]}, "properties": {"OBJECTID": 26914, "US_NODE_ID": "2176107801", "DS_NODE_ID": "2176106801", "CONDUIT_LE": 47.7, "SHAPE_1": "OREC", "CONDUIT_WI": 4000, "CONDUIT_HE": 2798, "US_INVERT": 25.400000000000002, "DS_INVERT": 25, "USER_TEXT2": "Existing", "SHAPE.LEN": 47.7154570042036}}, {"type": "Feature", "id": 27113, "geometry": {"type": "LineString", "coordinates": [[72.87646735359408, 19.108783128564653], [72.87636545813713, 19.108502843288065]]}, "properties": {"OBJECTID": 27113, "US_NODE_ID": "2176146201", "DS_NODE_ID": "2176145104", "CONDUIT_LE": 32.8, "SHAPE_1": "OREC", "CONDUIT_WI": 9000, "CONDUIT_HE": 3316, "US_INVERT": 33.182, "DS_INVERT": 33.113, "USER_TEXT2": "Existing", "SHAPE.LEN": 32.8332148898033}}, {"type": "Feature", "id": 27120, "geometry": {"type": "LineString", "coordinates": [[72.87692840863774, 19.109884111097774], [72.87691954112678, 19.10975066488409], [72.87691910618267, 19.109719609154205]]}, "properties": {"OBJECTID": 27120, "US_NODE_ID": "2176146304", "DS_NODE_ID": "2176146303", "CONDUIT_LE": 18.2, "SHAPE_1": "OREC", "CONDUIT_WI": 4484, "CONDUIT_HE": 1798, "US_INVERT": 34.49, "DS_INVERT": 34.464, "USER_TEXT2": "Existing", "SHAPE.LEN": 18.242973283907798}}, {"type": "Feature", "id": 27118, "geometry": {"type": "LineString", "coordinates": [[72.87683639285967, 19.109946278205346], [72.87692840863774, 19.109884111097774]]}, "properties": {"OBJECTID": 27118, "US_NODE_ID": "2176146302", "DS_NODE_ID": "2176146304", "CONDUIT_LE": 11.9, "SHAPE_1": "OREC", "CONDUIT_WI": 4368, "CONDUIT_HE": 1771, "US_INVERT": 34.507000000000005, "DS_INVERT": 34.49, "USER_TEXT2": "Existing", "SHAPE.LEN": 11.881077392223299}}, {"type": "Feature", "id": 27111, "geometry": {"type": "LineString", "coordinates": [[72.8763291279339, 19.112612288104067], [72.87630395962185, 19.11257406042478]]}, "properties": {"OBJECTID": 27111, "US_NODE_ID": "2176145605", "DS_NODE_ID": "2176145604", "CONDUIT_LE": 5, "SHAPE_1": "RECT", "CONDUIT_WI": 6000, "CONDUIT_HE": 2698, "US_INVERT": 35.06, "DS_INVERT": 35.035000000000004, "USER_TEXT2": "Existing", "SHAPE.LEN": 4.99299509312797}}, {"type": "Feature", "id": 27125, "geometry": {"type": "LineString", "coordinates": [[72.8769120810895, 19.11307865169767], [72.8765996541348, 19.112953120835165]]}, "properties": {"OBJECTID": 27125, "US_NODE_ID": "2176146605", "DS_NODE_ID": "2176146604", "CONDUIT_LE": 35.7, "SHAPE_1": "OREC", "CONDUIT_WI": 6000, "CONDUIT_HE": 2813, "US_INVERT": 35.485, "DS_INVERT": 35.303000000000004, "USER_TEXT2": "Existing", "SHAPE.LEN": 35.697640408436}}, {"type": "Feature", "id": 26907, "geometry": {"type": "LineString", "coordinates": [[72.87857420442276, 19.072757036693307], [72.87829674736604, 19.07201496761921]]}, "properties": {"OBJECTID": 26907, "US_NODE_ID": "2176107201", "DS_NODE_ID": "2176107101", "CONDUIT_LE": 87.2, "SHAPE_1": "RECT", "CONDUIT_WI": 5000, "CONDUIT_HE": 3598, "US_INVERT": 30.900000000000002, "DS_INVERT": 30.8, "USER_TEXT2": "Proposal", "SHAPE.LEN": 87.1967889317032}}, {"type": "Feature", "id": 26911, "geometry": {"type": "LineString", "coordinates": [[72.87823690247806, 19.077012979114503], [72.87844642581624, 19.07727101680264]]}, "properties": {"OBJECTID": 26911, "US_NODE_ID": "2176107701", "DS_NODE_ID": "2176107702", "CONDUIT_LE": 36.1, "SHAPE_1": "RECT", "CONDUIT_WI": 3000, "CONDUIT_HE": 2000, "US_INVERT": 26.047, "DS_INVERT": 26.003, "USER_TEXT2": "Existing", "SHAPE.LEN": 36.0922429339048}}, {"type": "Feature", "id": 26916, "geometry": {"type": "LineString", "coordinates": [[72.87859977590773, 19.078022309752225], [72.8783931894202, 19.078067701892774]]}, "properties": {"OBJECTID": 26916, "US_NODE_ID": "2176107803", "DS_NODE_ID": "2176107802", "CONDUIT_LE": 22.3, "SHAPE_1": "OREC", "CONDUIT_WI": 4000, "CONDUIT_HE": 2499, "US_INVERT": 25.699, "DS_INVERT": 25.585, "USER_TEXT2": "Existing", "SHAPE.LEN": 22.3196134814203}}, {"type": "Feature", "id": 26975, "geometry": {"type": "LineString", "coordinates": [[72.87911084018263, 19.084906146751955], [72.87868269913649, 19.08503243546073]]}, "properties": {"OBJECTID": 26975, "US_NODE_ID": "2176118502", "DS_NODE_ID": "2176118501", "CONDUIT_LE": 47.2, "SHAPE_1": "RECT", "CONDUIT_WI": 3000, "CONDUIT_HE": 1500, "US_INVERT": 27.069000000000003, "DS_INVERT": 26.8, "USER_TEXT2": "Existing", "SHAPE.LEN": 47.1858555607504}}, {"type": "Feature", "id": 27065, "geometry": {"type": "LineString", "coordinates": [[72.87843717895512, 19.10006582312833], [72.87869701614986, 19.099956811867326]]}, "properties": {"OBJECTID": 27065, "US_NODE_ID": "2176137204", "DS_NODE_ID": "2176138201", "CONDUIT_LE": 29.900000000000002, "SHAPE_1": "OREC", "CONDUIT_WI": 22000, "CONDUIT_HE": 5937, "US_INVERT": 27.021, "DS_INVERT": 26.669, "USER_TEXT2": "Existing", "SHAPE.LEN": 29.893143026453398}}, {"type": "Feature", "id": 27131, "geometry": {"type": "LineString", "coordinates": [[72.8778541591062, 19.11418440585145], [72.87775860518722, 19.113853611187842]]}, "properties": {"OBJECTID": 27131, "US_NODE_ID": "2176147801", "DS_NODE_ID": "2176147703", "CONDUIT_LE": 38, "SHAPE_1": "OREC", "CONDUIT_WI": 4500, "CONDUIT_HE": 2511, "US_INVERT": 36.387, "DS_INVERT": 36.193000000000005, "USER_TEXT2": "Existing", "SHAPE.LEN": 37.9802580296659}}, {"type": "Feature", "id": 26802, "geometry": {"type": "LineString", "coordinates": [[72.87969521683334, 19.05790176922982], [72.87947215463592, 19.05773395029656]]}, "properties": {"OBJECTID": 26802, "US_NODE_ID": "2176088504", "DS_NODE_ID": "2176088503", "CONDUIT_LE": 29.900000000000002, "SHAPE_1": "OREC", "CONDUIT_WI": 22500, "CONDUIT_HE": 2480, "US_INVERT": 25.527, "DS_INVERT": 25.506, "USER_TEXT2": "Existing", "SHAPE.LEN": 29.9450968650963}}, {"type": "Feature", "id": 26918, "geometry": {"type": "LineString", "coordinates": [[72.8795283184132, 19.07445080967843], [72.87909427513749, 19.074068248335813]]}, "properties": {"OBJECTID": 26918, "US_NODE_ID": "2176108401", "DS_NODE_ID": "2176108301", "CONDUIT_LE": 62.300000000000004, "SHAPE_1": "RECT", "CONDUIT_WI": 5000, "CONDUIT_HE": 2234, "US_INVERT": 34, "DS_INVERT": 31.35, "USER_TEXT2": "Proposal", "SHAPE.LEN": 62.3031299374277}}, {"type": "Feature", "id": 26927, "geometry": {"type": "LineString", "coordinates": [[72.87994468980725, 19.07758761531817], [72.87976770715726, 19.077777328357257]]}, "properties": {"OBJECTID": 26927, "US_NODE_ID": "2176109702", "DS_NODE_ID": "2176109701", "CONDUIT_LE": 28.1, "SHAPE_1": "OREC", "CONDUIT_WI": 3096, "CONDUIT_HE": 2153, "US_INVERT": 26.535, "DS_INVERT": 26.391000000000002, "USER_TEXT2": "Existing", "SHAPE.LEN": 28.0761521754673}}, {"type": "Feature", "id": 26977, "geometry": {"type": "LineString", "coordinates": [[72.87979452679559, 19.080108350028457], [72.87955830683823, 19.080081243611975]]}, "properties": {"OBJECTID": 26977, "US_NODE_ID": "2176119001", "DS_NODE_ID": "2176118004", "CONDUIT_LE": 25, "SHAPE_1": "OREC", "CONDUIT_WI": 13000, "CONDUIT_HE": 3951, "US_INVERT": 25.447000000000003, "DS_INVERT": 25.044, "USER_TEXT2": "Existing", "SHAPE.LEN": 25.045957757690196}}, {"type": "Feature", "id": 26809, "geometry": {"type": "LineString", "coordinates": [[72.8807123678857, 19.05791403328465], [72.88061222925975, 19.058162383020687]]}, "properties": {"OBJECTID": 26809, "US_NODE_ID": "2176089501", "DS_NODE_ID": "2176089607", "CONDUIT_LE": 29.400000000000002, "SHAPE_1": "OREC", "CONDUIT_WI": 4016, "CONDUIT_HE": 2288, "US_INVERT": 25.771, "DS_INVERT": 25.673000000000002, "USER_TEXT2": "Existing", "SHAPE.LEN": 29.4481864229361}}, {"type": "Feature", "id": 28128, "geometry": {"type": "LineString", "coordinates": [[72.88124416170471, 19.069245874395904], [72.88145053714828, 19.069035897502353]]}, "properties": {"OBJECTID": 28128, "US_NODE_ID": "2177090803", "DS_NODE_ID": "2177090804", "CONDUIT_LE": 31.8, "SHAPE_1": "RECT", "CONDUIT_WI": 7500, "CONDUIT_HE": 2038, "US_INVERT": 27.311, "DS_INVERT": 27.185000000000002, "USER_TEXT2": "Existing", "SHAPE.LEN": 31.819134954929197}}, {"type": "Feature", "id": 28308, "geometry": {"type": "LineString", "coordinates": [[72.88118702827398, 19.07364190597422], [72.88142825237497, 19.073485692863926]]}, "properties": {"OBJECTID": 28308, "US_NODE_ID": "2177100304", "DS_NODE_ID": "2177100305", "CONDUIT_LE": 30.7, "SHAPE_1": "OREC", "CONDUIT_WI": 3000, "CONDUIT_HE": 1504, "US_INVERT": 27.983, "DS_INVERT": 27.938000000000002, "USER_TEXT2": "Existing", "SHAPE.LEN": 30.7237197373625}}, {"type": "Feature", "id": 26980, "geometry": {"type": "LineString", "coordinates": [[72.8803989576477, 19.081287749679383], [72.88026766875954, 19.08018140415457]]}, "properties": {"OBJECTID": 26980, "US_NODE_ID": "2176119101", "DS_NODE_ID": "2176119002", "CONDUIT_LE": 123.3, "SHAPE_1": "RECT", "CONDUIT_WI": 2500, "CONDUIT_HE": 2000, "US_INVERT": 26.3, "DS_INVERT": 26.14, "USER_TEXT2": "Proposal", "SHAPE.LEN": 123.26821286455001}}, {"type": "Feature", "id": 26981, "geometry": {"type": "LineString", "coordinates": [[72.88046270228766, 19.08135532501333], [72.8803989576477, 19.081287749679383]]}, "properties": {"OBJECTID": 26981, "US_NODE_ID": "2176119102", "DS_NODE_ID": "2176119101", "CONDUIT_LE": 10, "SHAPE_1": "RECT", "CONDUIT_WI": 2500, "CONDUIT_HE": 2000, "US_INVERT": 26.35, "DS_INVERT": 26.3, "USER_TEXT2": "Proposal", "SHAPE.LEN": 10.0498756211209}}, {"type": "Feature", "id": 28055, "geometry": {"type": "LineString", "coordinates": [[72.88163375246272, 19.055641239678447], [72.8815251585422, 19.05589162753525]]}, "properties": {"OBJECTID": 28055, "US_NODE_ID": "2177080303", "DS_NODE_ID": "2177080302", "CONDUIT_LE": 30, "SHAPE_1": "OREC", "CONDUIT_WI": 4341, "CONDUIT_HE": 1476, "US_INVERT": 26.873, "DS_INVERT": 26.852, "USER_TEXT2": "Existing", "SHAPE.LEN": 29.986986577847397}}, {"type": "Feature", "id": 28081, "geometry": {"type": "LineString", "coordinates": [[72.88208097933429, 19.059290724018854], [72.88184410722047, 19.059144072622672]]}, "properties": {"OBJECTID": 28081, "US_NODE_ID": "2177081702", "DS_NODE_ID": "2177081701", "CONDUIT_LE": 29.8, "SHAPE_1": "OREC", "CONDUIT_WI": 15000, "CONDUIT_HE": 1878, "US_INVERT": 25.729000000000003, "DS_INVERT": 25.709, "USER_TEXT2": "Existing", "SHAPE.LEN": 29.757308272254697}}, {"type": "Feature", "id": 28082, "geometry": {"type": "LineString", "coordinates": [[72.88227099035537, 19.059436017819923], [72.88208097933429, 19.059290724018854]]}, "properties": {"OBJECTID": 28082, "US_NODE_ID": "2177081703", "DS_NODE_ID": "2177081702", "CONDUIT_LE": 25.7, "SHAPE_1": "OREC", "CONDUIT_WI": 15000, "CONDUIT_HE": 2440, "US_INVERT": 25.745, "DS_INVERT": 25.729000000000003, "USER_TEXT2": "Existing", "SHAPE.LEN": 25.6695438457718}}, {"type": "Feature", "id": 28133, "geometry": {"type": "LineString", "coordinates": [[72.88235191938512, 19.068075061355355], [72.88291120554345, 19.066878434360103]]}, "properties": {"OBJECTID": 28133, "US_NODE_ID": "2177091704", "DS_NODE_ID": "2177092501", "CONDUIT_LE": 145, "SHAPE_1": "RECT", "CONDUIT_WI": 12600, "CONDUIT_HE": 1890, "US_INVERT": 26.745, "DS_INVERT": 26.61, "USER_TEXT2": "Existing", "SHAPE.LEN": 144.979873391723}}, {"type": "Feature", "id": 28316, "geometry": {"type": "LineString", "coordinates": [[72.88226829418495, 19.07334907924603], [72.8825536983667, 19.073333965630862]]}, "properties": {"OBJECTID": 28316, "US_NODE_ID": "2177101203", "DS_NODE_ID": "2177101204", "CONDUIT_LE": 30.1, "SHAPE_1": "OREC", "CONDUIT_WI": 2409, "CONDUIT_HE": 1601, "US_INVERT": 27.797, "DS_INVERT": 27.734, "USER_TEXT2": "Existing", "SHAPE.LEN": 30.090572892519003}}, {"type": "Feature", "id": 28320, "geometry": {"type": "LineString", "coordinates": [[72.88188277033478, 19.077321846242576], [72.88179827142831, 19.077413448708842]]}, "properties": {"OBJECTID": 28320, "US_NODE_ID": "2177101703", "DS_NODE_ID": "2177101702", "CONDUIT_LE": 13.5, "SHAPE_1": "RECT", "CONDUIT_WI": 3000, "CONDUIT_HE": 1488, "US_INVERT": 27.52, "DS_INVERT": 27.5, "USER_TEXT2": "Existing", "SHAPE.LEN": 13.489878363054299}}, {"type": "Feature", "id": 28321, "geometry": {"type": "LineString", "coordinates": [[72.88197057176494, 19.07727610468466], [72.88188277033478, 19.077321846242576]]}, "properties": {"OBJECTID": 28321, "US_NODE_ID": "2177101704", "DS_NODE_ID": "2177101703", "CONDUIT_LE": 10.5, "SHAPE_1": "RECT", "CONDUIT_WI": 3000, "CONDUIT_HE": 1278, "US_INVERT": 27.55, "DS_INVERT": 27.52, "USER_TEXT2": "Existing", "SHAPE.LEN": 10.539036334029799}}, {"type": "Feature", "id": 28528, "geometry": {"type": "LineString", "coordinates": [[72.88147067341143, 19.08150873062385], [72.88130571810366, 19.081256627726024]]}, "properties": {"OBJECTID": 28528, "US_NODE_ID": "2177110103", "DS_NODE_ID": "2177110102", "CONDUIT_LE": 32.9, "SHAPE_1": "RECT", "CONDUIT_WI": 2000, "CONDUIT_HE": 1698, "US_INVERT": 27.16, "DS_INVERT": 27.037000000000003, "USER_TEXT2": "Existing", "SHAPE.LEN": 32.872176684850096}}, {"type": "Feature", "id": 28714, "geometry": {"type": "LineString", "coordinates": [[72.8814637312758, 19.10728347620538], [72.8809641346924, 19.106147734891614]]}, "properties": {"OBJECTID": 28714, "US_NODE_ID": "2177141001", "DS_NODE_ID": "2177130901", "CONDUIT_LE": 136.3, "SHAPE_1": "RECT", "CONDUIT_WI": 1000, "CONDUIT_HE": 1000, "US_INVERT": 35.688, "DS_INVERT": 35.29, "USER_TEXT2": "Proposal", "SHAPE.LEN": 136.29680847327302}}, {"type": "Feature", "id": 28715, "geometry": {"type": "LineString", "coordinates": [[72.88152501395685, 19.107621442561154], [72.88308498474531, 19.107567692433754]]}, "properties": {"OBJECTID": 28715, "US_NODE_ID": "2177141002", "DS_NODE_ID": "2177142001", "CONDUIT_LE": 164.3, "SHAPE_1": "RECT", "CONDUIT_WI": 2000, "CONDUIT_HE": 1500, "US_INVERT": 35.63, "DS_INVERT": 33.294000000000004, "USER_TEXT2": "Proposal", "SHAPE.LEN": 164.289473170377}}, {"type": "Feature", "id": 28096, "geometry": {"type": "LineString", "coordinates": [[72.8836787880044, 19.060425272621902], [72.88345467053229, 19.06025744581573]]}, "properties": {"OBJECTID": 28096, "US_NODE_ID": "2177082806", "DS_NODE_ID": "2177082805", "CONDUIT_LE": 30, "SHAPE_1": "OREC", "CONDUIT_WI": 15000, "CONDUIT_HE": 2335, "US_INVERT": 25.872, "DS_INVERT": 25.852, "USER_TEXT2": "Existing", "SHAPE.LEN": 30.032493174060697}}, {"type": "Feature", "id": 28151, "geometry": {"type": "LineString", "coordinates": [[72.88346129149642, 19.066307786368533], [72.88358206052948, 19.06605858187788]]}, "properties": {"OBJECTID": 28151, "US_NODE_ID": "2177092510", "DS_NODE_ID": "2177092403", "CONDUIT_LE": 30.400000000000002, "SHAPE_1": "OREC", "CONDUIT_WI": 9780, "CONDUIT_HE": 1599, "US_INVERT": 26.93, "DS_INVERT": 26.91, "USER_TEXT2": "Existing", "SHAPE.LEN": 30.3793232041137}}, {"type": "Feature", "id": 28153, "geometry": {"type": "LineString", "coordinates": [[72.88287886758347, 19.06739141867192], [72.88290847749475, 19.067324126069686]]}, "properties": {"OBJECTID": 28153, "US_NODE_ID": "2177092602", "DS_NODE_ID": "2177092603", "CONDUIT_LE": 8.1, "SHAPE_1": "RECT", "CONDUIT_WI": 6000, "CONDUIT_HE": 1375, "US_INVERT": 26.994, "DS_INVERT": 26.994, "USER_TEXT2": "Existing", "SHAPE.LEN": 8.076185972351059}}, {"type": "Feature", "id": 28159, "geometry": {"type": "LineString", "coordinates": [[72.88304447346668, 19.068908999607533], [72.8828541402016, 19.068705516798854]]}, "properties": {"OBJECTID": 28159, "US_NODE_ID": "2177092703", "DS_NODE_ID": "2177092702", "CONDUIT_LE": 30.1, "SHAPE_1": "OREC", "CONDUIT_WI": 7500, "CONDUIT_HE": 1182, "US_INVERT": 27.018, "DS_INVERT": 27.013, "USER_TEXT2": "Existing", "SHAPE.LEN": 30.149908257406004}}, {"type": "Feature", "id": 28327, "geometry": {"type": "LineString", "coordinates": [[72.88352661256079, 19.07335864071721], [72.88331303308073, 19.073120433903043]]}, "properties": {"OBJECTID": 28327, "US_NODE_ID": "2177102205", "DS_NODE_ID": "2177102203", "CONDUIT_LE": 34.7, "SHAPE_1": "RECT", "CONDUIT_WI": 1800, "CONDUIT_HE": 1800, "US_INVERT": 27.607000000000003, "DS_INVERT": 27.589000000000002, "USER_TEXT2": "Existing", "SHAPE.LEN": 34.6561682821399}}, {"type": "Feature", "id": 28335, "geometry": {"type": "LineString", "coordinates": [[72.8830131011152, 19.077388344734963], [72.88294756773182, 19.077332210476808]]}, "properties": {"OBJECTID": 28335, "US_NODE_ID": "2177102704", "DS_NODE_ID": "2177102703", "CONDUIT_LE": 9.3, "SHAPE_1": "RECT", "CONDUIT_WI": 4500, "CONDUIT_HE": 939, "US_INVERT": 28.591, "DS_INVERT": 28.495, "USER_TEXT2": "Existing", "SHAPE.LEN": 9.28516787354973}}, {"type": "Feature", "id": 28545, "geometry": {"type": "LineString", "coordinates": [[72.8828815542338, 19.083833066723937], [72.88266602713476, 19.08366431924498]]}, "properties": {"OBJECTID": 28545, "US_NODE_ID": "2177112403", "DS_NODE_ID": "2177112402", "CONDUIT_LE": 29.400000000000002, "SHAPE_1": "RECT", "CONDUIT_WI": 2000, "CONDUIT_HE": 1946, "US_INVERT": 29.156000000000002, "DS_INVERT": 28.962, "USER_TEXT2": "Existing", "SHAPE.LEN": 29.3896083092307}}, {"type": "Feature", "id": 28547, "geometry": {"type": "LineString", "coordinates": [[72.88318669321104, 19.08383951211623], [72.88264973519075, 19.08330846865236]]}, "properties": {"OBJECTID": 28547, "US_NODE_ID": "2177112405", "DS_NODE_ID": "2177112301", "CONDUIT_LE": 81.60000000000001, "SHAPE_1": "RECT", "CONDUIT_WI": 1500, "CONDUIT_HE": 1836, "US_INVERT": 29.372, "DS_INVERT": 28.6, "USER_TEXT2": "Existing", "SHAPE.LEN": 81.55696086637849}}, {"type": "Feature", "id": 28631, "geometry": {"type": "LineString", "coordinates": [[72.88213996421142, 19.106413280684002], [72.88218115988262, 19.104670443706155]]}, "properties": {"OBJECTID": 28631, "US_NODE_ID": "2177131902", "DS_NODE_ID": "2177131701", "CONDUIT_LE": 193, "SHAPE_1": "RECT", "CONDUIT_WI": 1500, "CONDUIT_HE": 1500, "US_INVERT": 34.139, "DS_INVERT": 32.588, "USER_TEXT2": "Proposal", "SHAPE.LEN": 193.010362416115}}, {"type": "Feature", "id": 28111, "geometry": {"type": "LineString", "coordinates": [[72.88555059797204, 19.055647872176447], [72.88472226601868, 19.05502808134255]]}, "properties": {"OBJECTID": 28111, "US_NODE_ID": "2177084301", "DS_NODE_ID": "2177084201", "CONDUIT_LE": 111, "SHAPE_1": "OREC", "CONDUIT_WI": 4000, "CONDUIT_HE": 2882, "US_INVERT": 25.776, "DS_INVERT": 25.703000000000003, "USER_TEXT2": "Existing", "SHAPE.LEN": 110.96747594881101}}, {"type": "Feature", "id": 28163, "geometry": {"type": "LineString", "coordinates": [[72.8842534125632, 19.064131984284693], [72.88437801302727, 19.063874661861117]]}, "properties": {"OBJECTID": 28163, "US_NODE_ID": "2177093202", "DS_NODE_ID": "2177093203", "CONDUIT_LE": 31.400000000000002, "SHAPE_1": "OREC", "CONDUIT_WI": 5650, "CONDUIT_HE": 2064, "US_INVERT": 26.293000000000003, "DS_INVERT": 26.264000000000003, "USER_TEXT2": "Existing", "SHAPE.LEN": 31.3644714964241}}, {"type": "Feature", "id": 28340, "geometry": {"type": "LineString", "coordinates": [[72.88431762053746, 19.07182783955258], [72.88436659034706, 19.071774908805835]]}, "properties": {"OBJECTID": 28340, "US_NODE_ID": "2177103104", "DS_NODE_ID": "2177103105", "CONDUIT_LE": 7.8, "SHAPE_1": "OREC", "CONDUIT_WI": 6000, "CONDUIT_HE": 1513, "US_INVERT": 27.295, "DS_INVERT": 27.291, "USER_TEXT2": "Existing", "SHAPE.LEN": 7.80495404342652}}, {"type": "Feature", "id": 28343, "geometry": {"type": "LineString", "coordinates": [[72.88367687402777, 19.072735315275114], [72.88373768974469, 19.072671866634227]]}, "properties": {"OBJECTID": 28343, "US_NODE_ID": "2177103201", "DS_NODE_ID": "2177103202", "CONDUIT_LE": 9.5, "SHAPE_1": "OREC", "CONDUIT_WI": 6000, "CONDUIT_HE": 1898, "US_INVERT": 27.490000000000002, "DS_INVERT": 27.482000000000003, "USER_TEXT2": "Existing", "SHAPE.LEN": 9.50438958850067}}, {"type": "Feature", "id": 28347, "geometry": {"type": "LineString", "coordinates": [[72.88396509489122, 19.074294892102856], [72.88443321818413, 19.074183168972194]]}, "properties": {"OBJECTID": 28347, "US_NODE_ID": "2177103301", "DS_NODE_ID": "2177103302", "CONDUIT_LE": 50.800000000000004, "SHAPE_1": "OREC", "CONDUIT_WI": 4500, "CONDUIT_HE": 2075, "US_INVERT": 26.924000000000003, "DS_INVERT": 26.873, "USER_TEXT2": "Existing", "SHAPE.LEN": 50.8069879549064}}, {"type": "Feature", "id": 28557, "geometry": {"type": "LineString", "coordinates": [[72.88358214590355, 19.085395427331807], [72.88353385344386, 19.085051590224513]]}, "properties": {"OBJECTID": 28557, "US_NODE_ID": "2177113601", "DS_NODE_ID": "2177113502", "CONDUIT_LE": 38.4, "SHAPE_1": "RECT", "CONDUIT_WI": 1500, "CONDUIT_HE": 1500, "US_INVERT": 30.41, "DS_INVERT": 30.264000000000003, "USER_TEXT2": "Existing", "SHAPE.LEN": 38.406386954515796}}, {"type": "Feature", "id": 28560, "geometry": {"type": "LineString", "coordinates": [[72.88381823287155, 19.085385828680433], [72.88379897790621, 19.0853185756557]]}, "properties": {"OBJECTID": 28560, "US_NODE_ID": "2177113604", "DS_NODE_ID": "2177113603", "CONDUIT_LE": 7.7, "SHAPE_1": "RECT", "CONDUIT_WI": 3000, "CONDUIT_HE": 1617, "US_INVERT": 30.371000000000002, "DS_INVERT": 30.338, "USER_TEXT2": "Existing", "SHAPE.LEN": 7.71694476849485}}, {"type": "Feature", "id": 28616, "geometry": {"type": "LineString", "coordinates": [[72.88369779686509, 19.0972799952954], [72.88365106758884, 19.09701742009272]]}, "properties": {"OBJECTID": 28616, "US_NODE_ID": "2177123902", "DS_NODE_ID": "2177123901", "CONDUIT_LE": 29.5, "SHAPE_1": "OREC", "CONDUIT_WI": 12761, "CONDUIT_HE": 2536, "US_INVERT": 29.137, "DS_INVERT": 28.757, "USER_TEXT2": "Existing", "SHAPE.LEN": 29.4846049364749}}, {"type": "Feature", "id": 28205, "geometry": {"type": "LineString", "coordinates": [[72.88595166332217, 19.062043539601625], [72.88570769369505, 19.061903814324516]]}, "properties": {"OBJECTID": 28205, "US_NODE_ID": "2177095002", "DS_NODE_ID": "2177095001", "CONDUIT_LE": 30, "SHAPE_1": "OREC", "CONDUIT_WI": 13000, "CONDUIT_HE": 2276, "US_INVERT": 26.03, "DS_INVERT": 26.027, "USER_TEXT2": "Existing", "SHAPE.LEN": 29.9830415196657}}, {"type": "Feature", "id": 28202, "geometry": {"type": "LineString", "coordinates": [[72.88529130862798, 19.07053332382696], [72.88508082083405, 19.070381441641057]]}, "properties": {"OBJECTID": 28202, "US_NODE_ID": "2177094904", "DS_NODE_ID": "2177094903", "CONDUIT_LE": 27.8, "SHAPE_1": "OREC", "CONDUIT_WI": 7461, "CONDUIT_HE": 1887, "US_INVERT": 27.066000000000003, "DS_INVERT": 27.062, "USER_TEXT2": "Existing", "SHAPE.LEN": 27.8163878636318}}, {"type": "Feature", "id": 28359, "geometry": {"type": "LineString", "coordinates": [[72.88525329087764, 19.07079568182246], [72.88540622203601, 19.07062703341669]]}, "properties": {"OBJECTID": 28359, "US_NODE_ID": "2177104010", "DS_NODE_ID": "2177094905", "CONDUIT_LE": 24.7, "SHAPE_1": "OREC", "CONDUIT_WI": 7172, "CONDUIT_HE": 1705, "US_INVERT": 27.073, "DS_INVERT": 27.069000000000003, "USER_TEXT2": "Existing", "SHAPE.LEN": 24.6541610232431}}, {"type": "Feature", "id": 28354, "geometry": {"type": "LineString", "coordinates": [[72.88499708148319, 19.071536927497558], [72.88479385203786, 19.0712956634122]]}, "properties": {"OBJECTID": 28354, "US_NODE_ID": "2177104005", "DS_NODE_ID": "2177104002", "CONDUIT_LE": 34.2, "SHAPE_1": "OREC", "CONDUIT_WI": 3500, "CONDUIT_HE": 2735, "US_INVERT": 27.174000000000003, "DS_INVERT": 27.169, "USER_TEXT2": "Existing", "SHAPE.LEN": 34.223114650773695}}, {"type": "Feature", "id": 28361, "geometry": {"type": "LineString", "coordinates": [[72.88517127424866, 19.0717508702539], [72.88499708148319, 19.071536927497558]]}, "properties": {"OBJECTID": 28361, "US_NODE_ID": "2177104101", "DS_NODE_ID": "2177104005", "CONDUIT_LE": 30, "SHAPE_1": "RECT", "CONDUIT_WI": 3500, "CONDUIT_HE": 2619, "US_INVERT": 27.18, "DS_INVERT": 27.174000000000003, "USER_TEXT2": "Existing", "SHAPE.LEN": 29.9553548228025}}, {"type": "Feature", "id": 28362, "geometry": {"type": "LineString", "coordinates": [[72.88524755101264, 19.072137453347597], [72.88525214843854, 19.072002754743455]]}, "properties": {"OBJECTID": 28362, "US_NODE_ID": "2177104102", "DS_NODE_ID": "2177104103", "CONDUIT_LE": 14.9, "SHAPE_1": "OREC", "CONDUIT_WI": 3000, "CONDUIT_HE": 1839, "US_INVERT": 27.19, "DS_INVERT": 27.187, "USER_TEXT2": "Existing", "SHAPE.LEN": 14.921197123890598}}, {"type": "Feature", "id": 28368, "geometry": {"type": "LineString", "coordinates": [[72.8851351298242, 19.072754408638374], [72.88528755436076, 19.072533021566677]]}, "properties": {"OBJECTID": 28368, "US_NODE_ID": "2177104203", "DS_NODE_ID": "2177104105", "CONDUIT_LE": 29.3, "SHAPE_1": "OREC", "CONDUIT_WI": 3160, "CONDUIT_HE": 1817, "US_INVERT": 27.202, "DS_INVERT": 27.199, "USER_TEXT2": "Existing", "SHAPE.LEN": 29.2960169811529}}, {"type": "Feature", "id": 28414, "geometry": {"type": "LineString", "coordinates": [[72.88581333099474, 19.072683942428313], [72.88584086393581, 19.072415615370378]]}, "properties": {"OBJECTID": 28414, "US_NODE_ID": "2177105203!", "DS_NODE_ID": "2177105101!", "CONDUIT_LE": 29.8, "SHAPE_1": "OREC", "CONDUIT_WI": 13000, "CONDUIT_HE": 2249, "US_INVERT": 26.349, "DS_INVERT": 26.328000000000003, "USER_TEXT2": "Existing", "SHAPE.LEN": 29.8492489861973}}, {"type": "Feature", "id": 28415, "geometry": {"type": "LineString", "coordinates": [[72.88581333099474, 19.072683942428313], [72.88584086393581, 19.072415615370378]]}, "properties": {"OBJECTID": 28415, "US_NODE_ID": "2177105203", "DS_NODE_ID": "2177105101", "CONDUIT_LE": 29.8, "SHAPE_1": "OREC", "CONDUIT_WI": 13000, "CONDUIT_HE": 2249, "US_INVERT": 26.349, "DS_INVERT": 26.328000000000003, "USER_TEXT2": "Existing", "SHAPE.LEN": 29.8492489861973}}, {"type": "Feature", "id": 28411, "geometry": {"type": "LineString", "coordinates": [[72.88545114992937, 19.073375309156493], [72.8853542972475, 19.07327840582827]]}, "properties": {"OBJECTID": 28411, "US_NODE_ID": "2177105201", "DS_NODE_ID": "2177104205", "CONDUIT_LE": 14.8, "SHAPE_1": "OREC", "CONDUIT_WI": 2500, "CONDUIT_HE": 2037, "US_INVERT": 27.222, "DS_INVERT": 27.216, "USER_TEXT2": "Existing", "SHAPE.LEN": 14.800511161443001}}, {"type": "Feature", "id": 28453, "geometry": {"type": "LineString", "coordinates": [[72.88559049892365, 19.073923388596782], [72.88564746480228, 19.073880090548652]]}, "properties": {"OBJECTID": 28453, "US_NODE_ID": "2177105319", "DS_NODE_ID": "2177105306", "CONDUIT_LE": 7.7, "SHAPE_1": "OREC", "CONDUIT_WI": 4500, "CONDUIT_HE": 2053, "US_INVERT": 26.747, "DS_INVERT": 26.740000000000002, "USER_TEXT2": "Existing", "SHAPE.LEN": 7.677278437050459}}, {"type": "Feature", "id": 28428, "geometry": {"type": "LineString", "coordinates": [[72.88564743626056, 19.074026461291524], [72.88571099385982, 19.073960071662313]]}, "properties": {"OBJECTID": 28428, "US_NODE_ID": "2177105307!", "DS_NODE_ID": "2177105312!", "CONDUIT_LE": 9.9, "SHAPE_1": "OREC", "CONDUIT_WI": 1465, "CONDUIT_HE": 3044, "US_INVERT": 26.755000000000003, "DS_INVERT": 26.745, "USER_TEXT2": "Existing", "SHAPE.LEN": 9.93943148877238}}, {"type": "Feature", "id": 28436, "geometry": {"type": "LineString", "coordinates": [[72.88571455631391, 19.073683060246], [72.88571864942458, 19.073651507952487]]}, "properties": {"OBJECTID": 28436, "US_NODE_ID": "2177105311!", "DS_NODE_ID": "2177105313!", "CONDUIT_LE": 3.5, "SHAPE_1": "RECT", "CONDUIT_WI": 13000, "CONDUIT_HE": 2779, "US_INVERT": 26.428, "DS_INVERT": 26.427, "USER_TEXT2": "Existing", "SHAPE.LEN": 3.51982820319401}}, {"type": "Feature", "id": 28440, "geometry": {"type": "LineString", "coordinates": [[72.88571864942458, 19.073651507952487], [72.88573547891698, 19.073494217832963]]}, "properties": {"OBJECTID": 28440, "US_NODE_ID": "2177105313!", "DS_NODE_ID": "2177105314!", "CONDUIT_LE": 17.5, "SHAPE_1": "OREC", "CONDUIT_WI": 13000, "CONDUIT_HE": 2780, "US_INVERT": 26.427, "DS_INVERT": 26.413, "USER_TEXT2": "Existing", "SHAPE.LEN": 17.504477542903096}}, {"type": "Feature", "id": 28422, "geometry": {"type": "LineString", "coordinates": [[72.88562781716662, 19.07428041398115], [72.88558858230388, 19.074224156911846]]}, "properties": {"OBJECTID": 28422, "US_NODE_ID": "2177105304!", "DS_NODE_ID": "2177105320!", "CONDUIT_LE": 7.5, "SHAPE_1": "OREC", "CONDUIT_WI": 555, "CONDUIT_HE": 3212, "US_INVERT": 26.787000000000003, "DS_INVERT": 26.779, "USER_TEXT2": "Existing", "SHAPE.LEN": 7.47351429315553}}, {"type": "Feature", "id": 28633, "geometry": {"type": "LineString", "coordinates": [[72.88486544222968, 19.098165837107917], [72.88500370799206, 19.09782851056871]]}, "properties": {"OBJECTID": 28633, "US_NODE_ID": "2177134002", "DS_NODE_ID": "2177124905", "CONDUIT_LE": 40.1, "SHAPE_1": "OREC", "CONDUIT_WI": 13100, "CONDUIT_HE": 3211, "US_INVERT": 29.988000000000003, "DS_INVERT": 29.842000000000002, "USER_TEXT2": "Existing", "SHAPE.LEN": 40.0828458681516}}, {"type": "Feature", "id": 28387, "geometry": {"type": "LineString", "coordinates": [[72.8861865092066, 19.070900641710445], [72.88620268870316, 19.07088357558969]]}, "properties": {"OBJECTID": 28387, "US_NODE_ID": "2177105009!", "DS_NODE_ID": "2177105010!", "CONDUIT_LE": 2.5, "SHAPE_1": "RECT", "CONDUIT_WI": 4000, "CONDUIT_HE": 1922, "US_INVERT": 26.428, "DS_INVERT": 26.427, "USER_TEXT2": "Existing", "SHAPE.LEN": 2.54384081656066}}, {"type": "Feature", "id": 28389, "geometry": {"type": "LineString", "coordinates": [[72.88620268870316, 19.07088357558969], [72.88621735188808, 19.07086576765419]]}, "properties": {"OBJECTID": 28389, "US_NODE_ID": "2177105010!", "DS_NODE_ID": "2177105011!", "CONDUIT_LE": 2.5, "SHAPE_1": "RECT", "CONDUIT_WI": 4000, "CONDUIT_HE": 1923, "US_INVERT": 26.427, "DS_INVERT": 26.425, "USER_TEXT2": "Existing", "SHAPE.LEN": 2.5039940295456002}}, {"type": "Feature", "id": 28390, "geometry": {"type": "LineString", "coordinates": [[72.88620268870316, 19.07088357558969], [72.88621735188808, 19.07086576765419]]}, "properties": {"OBJECTID": 28390, "US_NODE_ID": "2177105010", "DS_NODE_ID": "2177105011", "CONDUIT_LE": 2.5, "SHAPE_1": "RECT", "CONDUIT_WI": 4000, "CONDUIT_HE": 1923, "US_INVERT": 26.427, "DS_INVERT": 26.425, "USER_TEXT2": "Existing", "SHAPE.LEN": 2.5039940295456002}}, {"type": "Feature", "id": 28393, "geometry": {"type": "LineString", "coordinates": [[72.88624726759403, 19.070829076413116], [72.88630224651338, 19.070763767747533]]}, "properties": {"OBJECTID": 28393, "US_NODE_ID": "2177105012!", "DS_NODE_ID": "2177095901!", "CONDUIT_LE": 9.3, "SHAPE_1": "RECT", "CONDUIT_WI": 4000, "CONDUIT_HE": 1928, "US_INVERT": 26.422, "DS_INVERT": 26.418000000000003, "USER_TEXT2": "Existing", "SHAPE.LEN": 9.26174929481467}}, {"type": "Feature", "id": 28239, "geometry": {"type": "LineString", "coordinates": [[72.88682851318116, 19.07039223215665], [72.88672525421987, 19.070243792073825]]}, "properties": {"OBJECTID": 28239, "US_NODE_ID": "2177096904", "DS_NODE_ID": "2177096903", "CONDUIT_LE": 19.7, "SHAPE_1": "OREC", "CONDUIT_WI": 15000, "CONDUIT_HE": 3778, "US_INVERT": 24.98, "DS_INVERT": 26.138, "USER_TEXT2": "Existing", "SHAPE.LEN": 19.704285041838}}, {"type": "Feature", "id": 28243, "geometry": {"type": "LineString", "coordinates": [[72.88699042947465, 19.069927086726302], [72.8870072154524, 19.069900834838]]}, "properties": {"OBJECTID": 28243, "US_NODE_ID": "2177096906", "DS_NODE_ID": "2177096907", "CONDUIT_LE": 3.4, "SHAPE_1": "RECT", "CONDUIT_WI": 10000, "CONDUIT_HE": 2873, "US_INVERT": 26.134, "DS_INVERT": 26.133000000000003, "USER_TEXT2": "Existing", "SHAPE.LEN": 3.4015172158905798}}, {"type": "Feature", "id": 28449, "geometry": {"type": "LineString", "coordinates": [[72.88608966719691, 19.074132703996852], [72.88585074017327, 19.07397482085891]]}, "properties": {"OBJECTID": 28449, "US_NODE_ID": "2177105317", "DS_NODE_ID": "2177105316", "CONDUIT_LE": 30.6, "SHAPE_1": "OREC", "CONDUIT_WI": 13000, "CONDUIT_HE": 2301, "US_INVERT": 26.476000000000003, "DS_INVERT": 26.454, "USER_TEXT2": "Existing", "SHAPE.LEN": 30.629169943862298}}, {"type": "Feature", "id": 28460, "geometry": {"type": "LineString", "coordinates": [[72.88589135773896, 19.074593963694394], [72.88587650019015, 19.0745189398408], [72.885869602887, 19.07449618402707]]}, "properties": {"OBJECTID": 28460, "US_NODE_ID": "2177105403!", "DS_NODE_ID": "2177105402!", "CONDUIT_LE": 11.1, "SHAPE_1": "OREC", "CONDUIT_WI": 1624, "CONDUIT_HE": 3766, "US_INVERT": 26.833000000000002, "DS_INVERT": 26.822000000000003, "USER_TEXT2": "Existing", "SHAPE.LEN": 11.0743081080841}}, {"type": "Feature", "id": 28469, "geometry": {"type": "LineString", "coordinates": [[72.88618670756601, 19.075165545061328], [72.88619893956475, 19.075154813536752]]}, "properties": {"OBJECTID": 28469, "US_NODE_ID": "2177105407", "DS_NODE_ID": "2177105408", "CONDUIT_LE": 1.8, "SHAPE_1": "OREC", "CONDUIT_WI": 1624, "CONDUIT_HE": 3291, "US_INVERT": 26.908, "DS_INVERT": 26.906000000000002, "USER_TEXT2": "Existing", "SHAPE.LEN": 1.7520534238430099}}, {"type": "Feature", "id": 28479, "geometry": {"type": "LineString", "coordinates": [[72.88672728058881, 19.07462923723835], [72.8865271640957, 19.074452610687125]]}, "properties": {"OBJECTID": 28479, "US_NODE_ID": "2177106402", "DS_NODE_ID": "2177106401", "CONDUIT_LE": 28.7, "SHAPE_1": "OREC", "CONDUIT_WI": 13000, "CONDUIT_HE": 2469, "US_INVERT": 26.538, "DS_INVERT": 26.517000000000003, "USER_TEXT2": "Existing", "SHAPE.LEN": 28.743347056319003}}, {"type": "Feature", "id": 28472, "geometry": {"type": "LineString", "coordinates": [[72.88591381670858, 19.075460010569092], [72.88605427390276, 19.07530554304796]]}, "properties": {"OBJECTID": 28472, "US_NODE_ID": "2177105501!", "DS_NODE_ID": "2177105502!", "CONDUIT_LE": 22.6, "SHAPE_1": "OREC", "CONDUIT_WI": 1687, "CONDUIT_HE": 3448, "US_INVERT": 26.951, "DS_INVERT": 26.928, "USER_TEXT2": "Existing", "SHAPE.LEN": 22.6073384601107}}, {"type": "Feature", "id": 28473, "geometry": {"type": "LineString", "coordinates": [[72.88591381670858, 19.075460010569092], [72.88605427390276, 19.07530554304796]]}, "properties": {"OBJECTID": 28473, "US_NODE_ID": "2177105501", "DS_NODE_ID": "2177105502", "CONDUIT_LE": 22.6, "SHAPE_1": "OREC", "CONDUIT_WI": 1687, "CONDUIT_HE": 3448, "US_INVERT": 26.951, "DS_INVERT": 26.928, "USER_TEXT2": "Existing", "SHAPE.LEN": 22.6073384601107}}, {"type": "Feature", "id": 28581, "geometry": {"type": "LineString", "coordinates": [[72.88660894784725, 19.085216909157186], [72.88666321983689, 19.084992635543145]]}, "properties": {"OBJECTID": 28581, "US_NODE_ID": "2177116502", "DS_NODE_ID": "2177116503", "CONDUIT_LE": 25.5, "SHAPE_1": "CIRC", "CONDUIT_WI": 1400, "CONDUIT_HE": 1400, "US_INVERT": 32.186, "DS_INVERT": 32.11, "USER_TEXT2": "Proposal", "SHAPE.LEN": 25.4794573274236}}, {"type": "Feature", "id": 28227, "geometry": {"type": "LineString", "coordinates": [[72.88707930031097, 19.069819504540753], [72.88728320442311, 19.06963209398232]]}, "properties": {"OBJECTID": 28227, "US_NODE_ID": "2177096803", "DS_NODE_ID": "2177096804", "CONDUIT_LE": 29.900000000000002, "SHAPE_1": "OREC", "CONDUIT_WI": 10000, "CONDUIT_HE": 2875, "US_INVERT": 26.132, "DS_INVERT": 26.129, "USER_TEXT2": "Existing", "SHAPE.LEN": 29.854406427192597}}, {"type": "Feature", "id": 28267, "geometry": {"type": "LineString", "coordinates": [[72.88802506245236, 19.0690293637849], [72.88784252435089, 19.06882097166411]]}, "properties": {"OBJECTID": 28267, "US_NODE_ID": "2177097804", "DS_NODE_ID": "2177097704", "CONDUIT_LE": 30, "SHAPE_1": "OREC", "CONDUIT_WI": 13000, "CONDUIT_HE": 2688, "US_INVERT": 26.118000000000002, "DS_INVERT": 26.115000000000002, "USER_TEXT2": "Existing", "SHAPE.LEN": 30.026431904074098}}, {"type": "Feature", "id": 28268, "geometry": {"type": "LineString", "coordinates": [[72.88810403221838, 19.069124133224022], [72.88802506245236, 19.0690293637849]]}, "properties": {"OBJECTID": 28268, "US_NODE_ID": "2177097805", "DS_NODE_ID": "2177097804", "CONDUIT_LE": 13.4, "SHAPE_1": "OREC", "CONDUIT_WI": 13000, "CONDUIT_HE": 2087, "US_INVERT": 26.12, "DS_INVERT": 26.118000000000002, "USER_TEXT2": "Existing", "SHAPE.LEN": 13.386637798939699}}, {"type": "Feature", "id": 28486, "geometry": {"type": "LineString", "coordinates": [[72.88760896719205, 19.075316216027677], [72.88738684254419, 19.075146463068418]]}, "properties": {"OBJECTID": 28486, "US_NODE_ID": "2177107501!", "DS_NODE_ID": "2177107401!", "CONDUIT_LE": 30, "SHAPE_1": "OREC", "CONDUIT_WI": 13000, "CONDUIT_HE": 2184, "US_INVERT": 26.623, "DS_INVERT": 26.602, "USER_TEXT2": "Existing", "SHAPE.LEN": 29.999406948804797}}, {"type": "Feature", "id": 28487, "geometry": {"type": "LineString", "coordinates": [[72.88760896719205, 19.075316216027677], [72.88738684254419, 19.075146463068418]]}, "properties": {"OBJECTID": 28487, "US_NODE_ID": "2177107501", "DS_NODE_ID": "2177107401", "CONDUIT_LE": 30, "SHAPE_1": "OREC", "CONDUIT_WI": 13000, "CONDUIT_HE": 2184, "US_INVERT": 26.623, "DS_INVERT": 26.602, "USER_TEXT2": "Existing", "SHAPE.LEN": 29.999406948804797}}, {"type": "Feature", "id": 28652, "geometry": {"type": "LineString", "coordinates": [[72.88740282264318, 19.10000813859756], [72.88726845238433, 19.100114086133576]]}, "properties": {"OBJECTID": 28652, "US_NODE_ID": "2177137204", "DS_NODE_ID": "2177137203", "CONDUIT_LE": 18.400000000000002, "SHAPE_1": "OREC", "CONDUIT_WI": 13000, "CONDUIT_HE": 3494, "US_INVERT": 30.804000000000002, "DS_INVERT": 30.753, "USER_TEXT2": "Existing", "SHAPE.LEN": 18.3741666477694}}, {"type": "Feature", "id": 28654, "geometry": {"type": "LineString", "coordinates": [[72.88774201955925, 19.10008429234192], [72.88751774302553, 19.100012167069444]]}, "properties": {"OBJECTID": 28654, "US_NODE_ID": "2177137206", "DS_NODE_ID": "2177137205", "CONDUIT_LE": 24.900000000000002, "SHAPE_1": "OREC", "CONDUIT_WI": 13000, "CONDUIT_HE": 4259, "US_INVERT": 30.989, "DS_INVERT": 30.894000000000002, "USER_TEXT2": "Existing", "SHAPE.LEN": 24.9194702993463}}, {"type": "Feature", "id": 28302, "geometry": {"type": "LineString", "coordinates": [[72.88953454727302, 19.067789540943725], [72.88926231189416, 19.067694276761788]]}, "properties": {"OBJECTID": 28302, "US_NODE_ID": "2177099601", "DS_NODE_ID": "2177098603", "CONDUIT_LE": 30.5, "SHAPE_1": "OREC", "CONDUIT_WI": 7000, "CONDUIT_HE": 1575, "US_INVERT": 27.014000000000003, "DS_INVERT": 27.012, "USER_TEXT2": "Existing", "SHAPE.LEN": 30.5378531416339}}, {"type": "Feature", "id": 28293, "geometry": {"type": "LineString", "coordinates": [[72.88855573233398, 19.06956402664385], [72.88836964111255, 19.069351721912984]]}, "properties": {"OBJECTID": 28293, "US_NODE_ID": "2177098802", "DS_NODE_ID": "2177098801", "CONDUIT_LE": 30.6, "SHAPE_1": "OREC", "CONDUIT_WI": 5000, "CONDUIT_HE": 1473, "US_INVERT": 26.8, "DS_INVERT": 26.7, "USER_TEXT2": "Existing", "SHAPE.LEN": 30.5986218148792}}, {"type": "Feature", "id": 28297, "geometry": {"type": "LineString", "coordinates": [[72.88873972090303, 19.069964249970106], [72.88874112749156, 19.069772820346802]]}, "properties": {"OBJECTID": 28297, "US_NODE_ID": "2177098902", "DS_NODE_ID": "2177098803", "CONDUIT_LE": 21.2, "SHAPE_1": "OREC", "CONDUIT_WI": 5000, "CONDUIT_HE": 1578, "US_INVERT": 26.828000000000003, "DS_INVERT": 26.817, "USER_TEXT2": "Existing", "SHAPE.LEN": 21.194871101283002}}, {"type": "Feature", "id": 28659, "geometry": {"type": "LineString", "coordinates": [[72.8885642923246, 19.10035477043635], [72.88833842574557, 19.10018326781525]]}, "properties": {"OBJECTID": 28659, "US_NODE_ID": "2177138203", "DS_NODE_ID": "2177138202", "CONDUIT_LE": 30.400000000000002, "SHAPE_1": "OREC", "CONDUIT_WI": 13000, "CONDUIT_HE": 3208, "US_INVERT": 31.34, "DS_INVERT": 31.235000000000003, "USER_TEXT2": "Existing", "SHAPE.LEN": 30.4251540669887}}, {"type": "Feature", "id": 28661, "geometry": {"type": "LineString", "coordinates": [[72.88861704520541, 19.100540546469077], [72.88858563773279, 19.100469730951428]]}, "properties": {"OBJECTID": 28661, "US_NODE_ID": "2177138205", "DS_NODE_ID": "2177138204", "CONDUIT_LE": 8.5, "SHAPE_1": "OREC", "CONDUIT_WI": 13000, "CONDUIT_HE": 3304, "US_INVERT": 31.414, "DS_INVERT": 31.385, "USER_TEXT2": "Existing", "SHAPE.LEN": 8.50881895447306}}, {"type": "Feature", "id": 28671, "geometry": {"type": "LineString", "coordinates": [[72.88881748553312, 19.103763917654618], [72.88879438576177, 19.10367560617145]]}, "properties": {"OBJECTID": 28671, "US_NODE_ID": "2177138604", "DS_NODE_ID": "2177138603", "CONDUIT_LE": 10.1, "SHAPE_1": "OREC", "CONDUIT_WI": 5212, "CONDUIT_HE": 2064, "US_INVERT": 34.133, "DS_INVERT": 34.026, "USER_TEXT2": "Existing", "SHAPE.LEN": 10.0752745496091}}, {"type": "Feature", "id": 28506, "geometry": {"type": "LineString", "coordinates": [[72.88979559479243, 19.077052653332956], [72.88957524456661, 19.076881957373974]]}, "properties": {"OBJECTID": 28506, "US_NODE_ID": "2177109603!", "DS_NODE_ID": "2177109602!", "CONDUIT_LE": 29.900000000000002, "SHAPE_1": "OREC", "CONDUIT_WI": 13000, "CONDUIT_HE": 2092, "US_INVERT": 26.836000000000002, "DS_INVERT": 26.815, "USER_TEXT2": "Existing", "SHAPE.LEN": 29.9196633846372}}, {"type": "Feature", "id": 28601, "geometry": {"type": "LineString", "coordinates": [[72.88965796660236, 19.080233371783514], [72.88961286919931, 19.07975020898902]]}, "properties": {"OBJECTID": 28601, "US_NODE_ID": "2177119002", "DS_NODE_ID": "2177109901", "CONDUIT_LE": 53.7, "SHAPE_1": "OREC", "CONDUIT_WI": 4800, "CONDUIT_HE": 2592, "US_INVERT": 27.607000000000003, "DS_INVERT": 27.553, "USER_TEXT2": "Existing", "SHAPE.LEN": 53.7041782510449}}, {"type": "Feature", "id": 29370, "geometry": {"type": "LineString", "coordinates": [[72.89011527039031, 19.082869491796693], [72.89014208367544, 19.082534782073488]]}, "properties": {"OBJECTID": 29370, "US_NODE_ID": "2178110301!", "DS_NODE_ID": "2178110201!", "CONDUIT_LE": 37.2, "SHAPE_1": "RECT", "CONDUIT_WI": 3500, "CONDUIT_HE": 2753, "US_INVERT": 30.583000000000002, "DS_INVERT": 30.403000000000002, "USER_TEXT2": "Existing", "SHAPE.LEN": 37.1651212781554}}, {"type": "Feature", "id": 29389, "geometry": {"type": "LineString", "coordinates": [[72.89002131313802, 19.088040494977182], [72.89002080203058, 19.087679730099687]]}, "properties": {"OBJECTID": 29389, "US_NODE_ID": "2178110901", "DS_NODE_ID": "2178110801", "CONDUIT_LE": 39.9, "SHAPE_1": "OREC", "CONDUIT_WI": 1500, "CONDUIT_HE": 1500, "US_INVERT": 43.703, "DS_INVERT": 43.53, "USER_TEXT2": "Existing", "SHAPE.LEN": 39.9425831162683}}, {"type": "Feature", "id": 28687, "geometry": {"type": "LineString", "coordinates": [[72.88975768027045, 19.101781173382214], [72.88951926510184, 19.101624883777177]]}, "properties": {"OBJECTID": 28687, "US_NODE_ID": "2177139402", "DS_NODE_ID": "2177139401", "CONDUIT_LE": 30.5, "SHAPE_1": "OREC", "CONDUIT_WI": 13000, "CONDUIT_HE": 3267, "US_INVERT": 32.151, "DS_INVERT": 32.051, "USER_TEXT2": "Existing", "SHAPE.LEN": 30.4809776746088}}, {"type": "Feature", "id": 28692, "geometry": {"type": "LineString", "coordinates": [[72.88955989276751, 19.102872309736174], [72.88954701311481, 19.102718825065057]]}, "properties": {"OBJECTID": 28692, "US_NODE_ID": "2177139505", "DS_NODE_ID": "2177139504", "CONDUIT_LE": 17, "SHAPE_1": "OREC", "CONDUIT_WI": 2165, "CONDUIT_HE": 1585, "US_INVERT": 33.604, "DS_INVERT": 33.326, "USER_TEXT2": "Existing", "SHAPE.LEN": 17.0472648436633}}, {"type": "Feature", "id": 28698, "geometry": {"type": "LineString", "coordinates": [[72.88971347917851, 19.10331276156181], [72.88960473725996, 19.10321549423192]]}, "properties": {"OBJECTID": 28698, "US_NODE_ID": "2177139511", "DS_NODE_ID": "2177139508", "CONDUIT_LE": 15.700000000000001, "SHAPE_1": "RECT", "CONDUIT_WI": 2000, "CONDUIT_HE": 1397, "US_INVERT": 34.282000000000004, "DS_INVERT": 34.097, "USER_TEXT2": "Existing", "SHAPE.LEN": 15.714985017173898}}, {"type": "Feature", "id": 29567, "geometry": {"type": "LineString", "coordinates": [[72.8899920102938, 19.103477899646105], [72.88981997569783, 19.10338023300454]]}, "properties": {"OBJECTID": 29567, "US_NODE_ID": "2178130602", "DS_NODE_ID": "2178130601", "CONDUIT_LE": 21.1, "SHAPE_1": "OREC", "CONDUIT_WI": 2003, "CONDUIT_HE": 1515, "US_INVERT": 34.326, "DS_INVERT": 34.300000000000004, "USER_TEXT2": "Existing", "SHAPE.LEN": 21.089583539984897}}, {"type": "Feature", "id": 29105, "geometry": {"type": "LineString", "coordinates": [[72.89122978277932, 19.065746492224005], [72.89127095910194, 19.065795740121803]]}, "properties": {"OBJECTID": 29105, "US_NODE_ID": "2178090401!", "DS_NODE_ID": "2178091401", "CONDUIT_LE": 7, "SHAPE_1": "RECT", "CONDUIT_WI": 6000, "CONDUIT_HE": 1557, "US_INVERT": 26.841, "DS_INVERT": 26.832, "USER_TEXT2": "Existing", "SHAPE.LEN": 6.9656299069072}}, {"type": "Feature", "id": 29210, "geometry": {"type": "LineString", "coordinates": [[72.89052299095171, 19.077485534039983], [72.89044127751907, 19.07744153591034]]}, "properties": {"OBJECTID": 29210, "US_NODE_ID": "2178100704", "DS_NODE_ID": "2178100703", "CONDUIT_LE": 9.9, "SHAPE_1": "RECT", "CONDUIT_WI": 13000, "CONDUIT_HE": 3057, "US_INVERT": 26.900000000000002, "DS_INVERT": 26.893, "USER_TEXT2": "Existing", "SHAPE.LEN": 9.885179559320099}}, {"type": "Feature", "id": 29211, "geometry": {"type": "LineString", "coordinates": [[72.89060284014066, 19.077526178612807], [72.89052299095171, 19.077485534039983]]}, "properties": {"OBJECTID": 29211, "US_NODE_ID": "2178100705!", "DS_NODE_ID": "2178100704!", "CONDUIT_LE": 9.5, "SHAPE_1": "RECT", "CONDUIT_WI": 13000, "CONDUIT_HE": 2532, "US_INVERT": 27.277, "DS_INVERT": 27.263, "USER_TEXT2": "Existing", "SHAPE.LEN": 9.53413821275945}}, {"type": "Feature", "id": 29218, "geometry": {"type": "LineString", "coordinates": [[72.8906733750198, 19.077596240129434], [72.89060284014066, 19.077526178612807]]}, "properties": {"OBJECTID": 29218, "US_NODE_ID": "2178100708", "DS_NODE_ID": "2178100705", "CONDUIT_LE": 10.700000000000001, "SHAPE_1": "OREC", "CONDUIT_WI": 13000, "CONDUIT_HE": 2724, "US_INVERT": 27.283, "DS_INVERT": 27.277, "USER_TEXT2": "Existing", "SHAPE.LEN": 10.737723328993}}, {"type": "Feature", "id": 29225, "geometry": {"type": "LineString", "coordinates": [[72.89068194389753, 19.078754695056237], [72.89068944736438, 19.07848489467713]]}, "properties": {"OBJECTID": 29225, "US_NODE_ID": "2178100803!", "DS_NODE_ID": "2178100804!", "CONDUIT_LE": 29.900000000000002, "SHAPE_1": "RECT", "CONDUIT_WI": 4500, "CONDUIT_HE": 1587, "US_INVERT": 28.089000000000002, "DS_INVERT": 28.068, "USER_TEXT2": "Existing", "SHAPE.LEN": 29.8816969063003}}, {"type": "Feature", "id": 29220, "geometry": {"type": "LineString", "coordinates": [[72.8908817194726, 19.07777880659435], [72.8906733750198, 19.077596240129434]]}, "properties": {"OBJECTID": 29220, "US_NODE_ID": "2178100709", "DS_NODE_ID": "2178100708", "CONDUIT_LE": 29.8, "SHAPE_1": "OREC", "CONDUIT_WI": 9600, "CONDUIT_HE": 2527, "US_INVERT": 27.301000000000002, "DS_INVERT": 27.283, "USER_TEXT2": "Existing", "SHAPE.LEN": 29.825376935924897}}, {"type": "Feature", "id": 29242, "geometry": {"type": "LineString", "coordinates": [[72.89130945518275, 19.078135976485235], [72.89109890295852, 19.077956402111838]]}, "properties": {"OBJECTID": 29242, "US_NODE_ID": "2178101801", "DS_NODE_ID": "2178101701", "CONDUIT_LE": 29.8, "SHAPE_1": "OREC", "CONDUIT_WI": 9600, "CONDUIT_HE": 2690, "US_INVERT": 27.348000000000003, "DS_INVERT": 27.327, "USER_TEXT2": "Existing", "SHAPE.LEN": 29.774419002224}}, {"type": "Feature", "id": 29236, "geometry": {"type": "LineString", "coordinates": [[72.890728276318, 19.079565086484276], [72.89070486833704, 19.07929486455438]]}, "properties": {"OBJECTID": 29236, "US_NODE_ID": "2178100904", "DS_NODE_ID": "2178100902", "CONDUIT_LE": 30, "SHAPE_1": "RECT", "CONDUIT_WI": 4500, "CONDUIT_HE": 1785, "US_INVERT": 28.191000000000003, "DS_INVERT": 28.189, "USER_TEXT2": "Existing", "SHAPE.LEN": 30.0192263259732}}, {"type": "Feature", "id": 29346, "geometry": {"type": "LineString", "coordinates": [[72.89063722031179, 19.08009318509867], [72.89071248129522, 19.079835800888482]]}, "properties": {"OBJECTID": 29346, "US_NODE_ID": "2178110001!", "DS_NODE_ID": "2178100903!", "CONDUIT_LE": 29.6, "SHAPE_1": "RECT", "CONDUIT_WI": 4500, "CONDUIT_HE": 1853, "US_INVERT": 28.403000000000002, "DS_INVERT": 28.298000000000002, "USER_TEXT2": "Existing", "SHAPE.LEN": 29.5773149553843}}, {"type": "Feature", "id": 29350, "geometry": {"type": "LineString", "coordinates": [[72.89071596309229, 19.080620199569314], [72.8906524382297, 19.080356382427745]]}, "properties": {"OBJECTID": 29350, "US_NODE_ID": "2178110003!", "DS_NODE_ID": "2178110002!", "CONDUIT_LE": 30, "SHAPE_1": "RECT", "CONDUIT_WI": 4500, "CONDUIT_HE": 1823, "US_INVERT": 28.613000000000003, "DS_INVERT": 28.506, "USER_TEXT2": "Existing", "SHAPE.LEN": 29.964461791262}}, {"type": "Feature", "id": 29361, "geometry": {"type": "LineString", "coordinates": [[72.89072611066463, 19.08079546274714], [72.89071596309229, 19.080620199569314]]}, "properties": {"OBJECTID": 29361, "US_NODE_ID": "2178110105", "DS_NODE_ID": "2178110003", "CONDUIT_LE": 19.400000000000002, "SHAPE_1": "RECT", "CONDUIT_WI": 4500, "CONDUIT_HE": 1818, "US_INVERT": 28.618000000000002, "DS_INVERT": 28.613000000000003, "USER_TEXT2": "Existing", "SHAPE.LEN": 19.4338436478737}}, {"type": "Feature", "id": 29354, "geometry": {"type": "LineString", "coordinates": [[72.89058285777416, 19.08139825716031], [72.89069373457245, 19.081158910006994]]}, "properties": {"OBJECTID": 29354, "US_NODE_ID": "2178110102!", "DS_NODE_ID": "2178110103!", "CONDUIT_LE": 29, "SHAPE_1": "RECT", "CONDUIT_WI": 3500, "CONDUIT_HE": 2099, "US_INVERT": 28.807000000000002, "DS_INVERT": 28.706000000000003, "USER_TEXT2": "Existing", "SHAPE.LEN": 28.955927043180598}}, {"type": "Feature", "id": 29364, "geometry": {"type": "LineString", "coordinates": [[72.89027850275122, 19.082285701435072], [72.89048720815694, 19.08210433945224]]}, "properties": {"OBJECTID": 29364, "US_NODE_ID": "2178110202!", "DS_NODE_ID": "2178110204!", "CONDUIT_LE": 29.8, "SHAPE_1": "RECT", "CONDUIT_WI": 3500, "CONDUIT_HE": 2193, "US_INVERT": 30.033, "DS_INVERT": 29.434, "USER_TEXT2": "Existing", "SHAPE.LEN": 29.7627706539563}}, {"type": "Feature", "id": 29365, "geometry": {"type": "LineString", "coordinates": [[72.89027850275122, 19.082285701435072], [72.89048720815694, 19.08210433945224]]}, "properties": {"OBJECTID": 29365, "US_NODE_ID": "2178110202", "DS_NODE_ID": "2178110204", "CONDUIT_LE": 29.8, "SHAPE_1": "RECT", "CONDUIT_WI": 3500, "CONDUIT_HE": 2193, "US_INVERT": 30.033, "DS_INVERT": 29.434, "USER_TEXT2": "Existing", "SHAPE.LEN": 29.7627706539563}}, {"type": "Feature", "id": 29563, "geometry": {"type": "LineString", "coordinates": [[72.89062345268638, 19.10161947352288], [72.89052874902023, 19.101711141979035]]}, "properties": {"OBJECTID": 29563, "US_NODE_ID": "2178130407", "DS_NODE_ID": "2178130405", "CONDUIT_LE": 14.200000000000001, "SHAPE_1": "OREC", "CONDUIT_WI": 4456, "CONDUIT_HE": 2735, "US_INVERT": 32.863, "DS_INVERT": 32.741, "USER_TEXT2": "Existing", "SHAPE.LEN": 14.2252706902189}}, {"type": "Feature", "id": 29597, "geometry": {"type": "LineString", "coordinates": [[72.89106374359515, 19.10189260972864], [72.89084916401214, 19.101945146359064]]}, "properties": {"OBJECTID": 29597, "US_NODE_ID": "2178131402", "DS_NODE_ID": "2178131401", "CONDUIT_LE": 23.3, "SHAPE_1": "OREC", "CONDUIT_WI": 2737, "CONDUIT_HE": 2301, "US_INVERT": 33.322, "DS_INVERT": 33.117000000000004, "USER_TEXT2": "Existing", "SHAPE.LEN": 23.3214552687005}}, {"type": "Feature", "id": 29570, "geometry": {"type": "LineString", "coordinates": [[72.89031559121806, 19.103488079459133], [72.89019085209058, 19.10343959376548]]}, "properties": {"OBJECTID": 29570, "US_NODE_ID": "2178130605", "DS_NODE_ID": "2178130604", "CONDUIT_LE": 14.200000000000001, "SHAPE_1": "RECT", "CONDUIT_WI": 2700, "CONDUIT_HE": 2102, "US_INVERT": 34.62, "DS_INVERT": 34.502, "USER_TEXT2": "Existing", "SHAPE.LEN": 14.1837339234068}}, {"type": "Feature", "id": 29603, "geometry": {"type": "LineString", "coordinates": [[72.8909521584696, 19.103534456754407], [72.890865536265, 19.10342002750069]]}, "properties": {"OBJECTID": 29603, "US_NODE_ID": "2178131602", "DS_NODE_ID": "2178131601", "CONDUIT_LE": 15.6, "SHAPE_1": "OREC", "CONDUIT_WI": 3688, "CONDUIT_HE": 2329, "US_INVERT": 34.982, "DS_INVERT": 34.949000000000005, "USER_TEXT2": "Existing", "SHAPE.LEN": 15.6085206784628}}, {"type": "Feature", "id": 29587, "geometry": {"type": "LineString", "coordinates": [[72.89059938228174, 19.105419686911674], [72.89056459319556, 19.105286994735586]]}, "properties": {"OBJECTID": 29587, "US_NODE_ID": "2178130802", "DS_NODE_ID": "2178130801", "CONDUIT_LE": 15.1, "SHAPE_1": "OREC", "CONDUIT_WI": 6000, "CONDUIT_HE": 2333, "US_INVERT": 35.366, "DS_INVERT": 35.300000000000004, "USER_TEXT2": "Existing", "SHAPE.LEN": 15.140603121738598}}, {"type": "Feature", "id": 29128, "geometry": {"type": "LineString", "coordinates": [[72.89219892516535, 19.067086295125193], [72.89234995816096, 19.067312937866987]]}, "properties": {"OBJECTID": 29128, "US_NODE_ID": "2178092501", "DS_NODE_ID": "2178092601!", "CONDUIT_LE": 29.7, "SHAPE_1": "OREC", "CONDUIT_WI": 5020, "CONDUIT_HE": 1546, "US_INVERT": 26.702, "DS_INVERT": 26.687, "USER_TEXT2": "Existing", "SHAPE.LEN": 29.7060599878207}}, {"type": "Feature", "id": 29256, "geometry": {"type": "LineString", "coordinates": [[72.89247716779744, 19.07965742831652], [72.89257043717721, 19.07940040710845]]}, "properties": {"OBJECTID": 29256, "US_NODE_ID": "2178102902", "DS_NODE_ID": "2178102903", "CONDUIT_LE": 30.1, "SHAPE_1": "OREC", "CONDUIT_WI": 7200, "CONDUIT_HE": 2047, "US_INVERT": 27.561, "DS_INVERT": 27.544, "USER_TEXT2": "Existing", "SHAPE.LEN": 30.102421360581598}}, {"type": "Feature", "id": 29395, "geometry": {"type": "LineString", "coordinates": [[72.89189950008506, 19.081479753327642], [72.891865312416, 19.081372882150923]]}, "properties": {"OBJECTID": 29395, "US_NODE_ID": "2178111102", "DS_NODE_ID": "2178111101", "CONDUIT_LE": 12.4, "SHAPE_1": "OREC", "CONDUIT_WI": 6000, "CONDUIT_HE": 2125, "US_INVERT": 27.675, "DS_INVERT": 27.663, "USER_TEXT2": "Existing", "SHAPE.LEN": 12.3675075856051}}, {"type": "Feature", "id": 29438, "geometry": {"type": "LineString", "coordinates": [[72.89220521530893, 19.084722543749564], [72.8919346987013, 19.084640252037673]]}, "properties": {"OBJECTID": 29438, "US_NODE_ID": "2178112501!", "DS_NODE_ID": "2178111504!", "CONDUIT_LE": 29.900000000000002, "SHAPE_1": "RECT", "CONDUIT_WI": 4000, "CONDUIT_HE": 3720, "US_INVERT": 33.136, "DS_INVERT": 33.071000000000005, "USER_TEXT2": "Existing", "SHAPE.LEN": 29.8968298750888}}, {"type": "Feature", "id": 29601, "geometry": {"type": "LineString", "coordinates": [[72.89167405370853, 19.101953054329446], [72.89156504683572, 19.1018720837777]]}, "properties": {"OBJECTID": 29601, "US_NODE_ID": "2178131406", "DS_NODE_ID": "2178131405", "CONDUIT_LE": 14.6, "SHAPE_1": "RECT", "CONDUIT_WI": 2500, "CONDUIT_HE": 2375, "US_INVERT": 34.135000000000005, "DS_INVERT": 33.953, "USER_TEXT2": "Existing", "SHAPE.LEN": 14.5600558659642}}, {"type": "Feature", "id": 29627, "geometry": {"type": "LineString", "coordinates": [[72.89191666751067, 19.101918818329622], [72.89181900701227, 19.10200436195014]]}, "properties": {"OBJECTID": 29627, "US_NODE_ID": "2178132403", "DS_NODE_ID": "2178132402", "CONDUIT_LE": 14, "SHAPE_1": "OREC", "CONDUIT_WI": 3374, "CONDUIT_HE": 1936, "US_INVERT": 34.462, "DS_INVERT": 34.29, "USER_TEXT2": "Existing", "SHAPE.LEN": 13.976892961241399}}, {"type": "Feature", "id": 29607, "geometry": {"type": "LineString", "coordinates": [[72.89156361782334, 19.103396219398128], [72.89142718385544, 19.103449411332402]]}, "properties": {"OBJECTID": 29607, "US_NODE_ID": "2178131606", "DS_NODE_ID": "2178131605", "CONDUIT_LE": 15.5, "SHAPE_1": "OREC", "CONDUIT_WI": 2742, "CONDUIT_HE": 1362, "US_INVERT": 35.446000000000005, "DS_INVERT": 35.432, "USER_TEXT2": "Existing", "SHAPE.LEN": 15.5202472754141}}, {"type": "Feature", "id": 29643, "geometry": {"type": "LineString", "coordinates": [[72.89219723094752, 19.106547700474664], [72.89208968873281, 19.10641097769986]]}, "properties": {"OBJECTID": 29643, "US_NODE_ID": "2178132903", "DS_NODE_ID": "2178132902", "CONDUIT_LE": 18.900000000000002, "SHAPE_1": "OREC", "CONDUIT_WI": 4000, "CONDUIT_HE": 1546, "US_INVERT": 36.453, "DS_INVERT": 36.22, "USER_TEXT2": "Existing", "SHAPE.LEN": 18.9010581714358}}, {"type": "Feature", "id": 29140, "geometry": {"type": "LineString", "coordinates": [[72.89326037356842, 19.06243246474493], [72.89322039772561, 19.06216198464021]]}, "properties": {"OBJECTID": 29140, "US_NODE_ID": "2178093003", "DS_NODE_ID": "2178093002", "CONDUIT_LE": 30.2, "SHAPE_1": "OREC", "CONDUIT_WI": 4000, "CONDUIT_HE": 2455, "US_INVERT": 26.535, "DS_INVERT": 26.511000000000003, "USER_TEXT2": "Existing", "SHAPE.LEN": 30.240684683055697}}, {"type": "Feature", "id": 29446, "geometry": {"type": "LineString", "coordinates": [[72.89313279995966, 19.08153775769739], [72.89308613499213, 19.081518165869284]]}, "properties": {"OBJECTID": 29446, "US_NODE_ID": "2178113102!", "DS_NODE_ID": "2178113101!", "CONDUIT_LE": 5.4, "SHAPE_1": "OREC", "CONDUIT_WI": 4800, "CONDUIT_HE": 1498, "US_INVERT": 27.75, "DS_INVERT": 27.738000000000003, "USER_TEXT2": "Existing", "SHAPE.LEN": 5.3696877795641}}, {"type": "Feature", "id": 29447, "geometry": {"type": "LineString", "coordinates": [[72.89313279995966, 19.08153775769739], [72.89308613499213, 19.081518165869284]]}, "properties": {"OBJECTID": 29447, "US_NODE_ID": "2178113102", "DS_NODE_ID": "2178113101", "CONDUIT_LE": 5.4, "SHAPE_1": "OREC", "CONDUIT_WI": 4800, "CONDUIT_HE": 1498, "US_INVERT": 27.75, "DS_INVERT": 27.738000000000003, "USER_TEXT2": "Existing", "SHAPE.LEN": 5.3696877795641}}, {"type": "Feature", "id": 29523, "geometry": {"type": "LineString", "coordinates": [[72.89320898627159, 19.097887598513932], [72.89303474149659, 19.09810341514711]]}, "properties": {"OBJECTID": 29523, "US_NODE_ID": "2178123901", "DS_NODE_ID": "2178133003", "CONDUIT_LE": 30.1, "SHAPE_1": "RECT", "CONDUIT_WI": 5500, "CONDUIT_HE": 2258, "US_INVERT": 37.707, "DS_INVERT": 37.522, "USER_TEXT2": "Existing", "SHAPE.LEN": 30.121152535220197}}, {"type": "Feature", "id": 29650, "geometry": {"type": "LineString", "coordinates": [[72.89302087999184, 19.102424484391285], [72.89281066116143, 19.102500452684538]]}, "properties": {"OBJECTID": 29650, "US_NODE_ID": "2178133401", "DS_NODE_ID": "2178133501", "CONDUIT_LE": 23.7, "SHAPE_1": "OREC", "CONDUIT_WI": 2500, "CONDUIT_HE": 1691, "US_INVERT": 35.909, "DS_INVERT": 35.629000000000005, "USER_TEXT2": "Proposal", "SHAPE.LEN": 23.670142144482398}}, {"type": "Feature", "id": 29655, "geometry": {"type": "LineString", "coordinates": [[72.8926741489425, 19.104028847225692], [72.89259180778436, 19.10403742326087]]}, "properties": {"OBJECTID": 29655, "US_NODE_ID": "2178133601", "DS_NODE_ID": "2178132607", "CONDUIT_LE": 8.700000000000001, "SHAPE_1": "OREC", "CONDUIT_WI": 3185, "CONDUIT_HE": 1283, "US_INVERT": 36.108000000000004, "DS_INVERT": 36.09, "USER_TEXT2": "Existing", "SHAPE.LEN": 8.718123197110721}}, {"type": "Feature", "id": 29657, "geometry": {"type": "LineString", "coordinates": [[72.8928764179981, 19.104453843930614], [72.89276068834305, 19.10420416908347]]}, "properties": {"OBJECTID": 29657, "US_NODE_ID": "2178133701", "DS_NODE_ID": "2178133602", "CONDUIT_LE": 30.2, "SHAPE_1": "OREC", "CONDUIT_WI": 3166, "CONDUIT_HE": 1432, "US_INVERT": 36.265, "DS_INVERT": 36.173, "USER_TEXT2": "Existing", "SHAPE.LEN": 30.207609681171398}}, {"type": "Feature", "id": 29660, "geometry": {"type": "LineString", "coordinates": [[72.89301278091672, 19.10490326848554], [72.89298980761589, 19.10487244681797]]}, "properties": {"OBJECTID": 29660, "US_NODE_ID": "2178133704", "DS_NODE_ID": "2178133703", "CONDUIT_LE": 4.2, "SHAPE_1": "RECT", "CONDUIT_WI": 3000, "CONDUIT_HE": 2275, "US_INVERT": 36.474000000000004, "DS_INVERT": 36.416000000000004, "USER_TEXT2": "Existing", "SHAPE.LEN": 4.18223182642952}}, {"type": "Feature", "id": 29662, "geometry": {"type": "LineString", "coordinates": [[72.89333861636881, 19.104897765591428], [72.89306117876805, 19.10492795437414]]}, "properties": {"OBJECTID": 29662, "US_NODE_ID": "2178133706", "DS_NODE_ID": "2178133705", "CONDUIT_LE": 29.400000000000002, "SHAPE_1": "RECT", "CONDUIT_WI": 3000, "CONDUIT_HE": 1696, "US_INVERT": 36.771, "DS_INVERT": 36.508, "USER_TEXT2": "Existing", "SHAPE.LEN": 29.390331113820398}}, {"type": "Feature", "id": 29665, "geometry": {"type": "LineString", "coordinates": [[72.89348255220033, 19.10657325485964], [72.89228795843813, 19.106961535912145]]}, "properties": {"OBJECTID": 29665, "US_NODE_ID": "2178133901", "DS_NODE_ID": "2178132906", "CONDUIT_LE": 132.9, "SHAPE_1": "RECT", "CONDUIT_WI": 4000, "CONDUIT_HE": 3000, "US_INVERT": 36.796, "DS_INVERT": 36.129000000000005, "USER_TEXT2": "Proposal", "SHAPE.LEN": 132.873210241945}}, {"type": "Feature", "id": 29706, "geometry": {"type": "LineString", "coordinates": [[72.89255499555952, 19.107678074089215], [72.89253130711282, 19.107629132600607]]}, "properties": {"OBJECTID": 29706, "US_NODE_ID": "2178142005", "DS_NODE_ID": "2178142004", "CONDUIT_LE": 6, "SHAPE_1": "OREC", "CONDUIT_WI": 5906, "CONDUIT_HE": 2000, "US_INVERT": 37.248000000000005, "DS_INVERT": 37.246, "USER_TEXT2": "Proposal", "SHAPE.LEN": 5.964653089660789}}, {"type": "Feature", "id": 29726, "geometry": {"type": "LineString", "coordinates": [[72.89301688363156, 19.11066722357394], [72.89290191923581, 19.11043426520796]]}, "properties": {"OBJECTID": 29726, "US_NODE_ID": "2178143401", "DS_NODE_ID": "2178143303", "CONDUIT_LE": 28.5, "SHAPE_1": "OREC", "CONDUIT_WI": 3000, "CONDUIT_HE": 954, "US_INVERT": 39.612, "DS_INVERT": 39.595, "USER_TEXT2": "Existing", "SHAPE.LEN": 28.4892330697055}}, {"type": "Feature", "id": 29158, "geometry": {"type": "LineString", "coordinates": [[72.89441585222335, 19.063097323853146], [72.89425458464923, 19.062823282888978]]}, "properties": {"OBJECTID": 29158, "US_NODE_ID": "2178094102", "DS_NODE_ID": "2178094101", "CONDUIT_LE": 34.800000000000004, "SHAPE_1": "OREC", "CONDUIT_WI": 4000, "CONDUIT_HE": 2362, "US_INVERT": 26.659000000000002, "DS_INVERT": 26.632, "USER_TEXT2": "Existing", "SHAPE.LEN": 34.7675651911376}}, {"type": "Feature", "id": 29173, "geometry": {"type": "LineString", "coordinates": [[72.89506226469108, 19.063956280055997], [72.89504455557878, 19.063782746722264]]}, "properties": {"OBJECTID": 29173, "US_NODE_ID": "2178095201", "DS_NODE_ID": "2178094204", "CONDUIT_LE": 19.3, "SHAPE_1": "OREC", "CONDUIT_WI": 4000, "CONDUIT_HE": 2008, "US_INVERT": 26.754, "DS_INVERT": 26.738, "USER_TEXT2": "Existing", "SHAPE.LEN": 19.303101974812197}}, {"type": "Feature", "id": 29169, "geometry": {"type": "LineString", "coordinates": [[72.89460020733333, 19.06974227233084], [72.89475121160524, 19.069971623033872]]}, "properties": {"OBJECTID": 29169, "US_NODE_ID": "2178094803", "DS_NODE_ID": "2178094804", "CONDUIT_LE": 30, "SHAPE_1": "RECT", "CONDUIT_WI": 5000, "CONDUIT_HE": 2238, "US_INVERT": 26.127000000000002, "DS_INVERT": 26.1, "USER_TEXT2": "Existing", "SHAPE.LEN": 29.957970558767798}}, {"type": "Feature", "id": 29262, "geometry": {"type": "LineString", "coordinates": [[72.89403821331896, 19.074370573930292], [72.89469472576272, 19.074893845821116]]}, "properties": {"OBJECTID": 29262, "US_NODE_ID": "2178104301", "DS_NODE_ID": "2178104401", "CONDUIT_LE": 90.2, "SHAPE_1": "OREC", "CONDUIT_WI": 15000, "CONDUIT_HE": 2287, "US_INVERT": 26.011000000000003, "DS_INVERT": 26.005000000000003, "USER_TEXT2": "Proposal", "SHAPE.LEN": 90.1800975825598}}, {"type": "Feature", "id": 29469, "geometry": {"type": "LineString", "coordinates": [[72.8946093780452, 19.085571468094148], [72.89433894530029, 19.085482318470202]]}, "properties": {"OBJECTID": 29469, "US_NODE_ID": "2178114603", "DS_NODE_ID": "2178114602", "CONDUIT_LE": 30.1, "SHAPE_1": "OREC", "CONDUIT_WI": 3512, "CONDUIT_HE": 3179, "US_INVERT": 33.727000000000004, "DS_INVERT": 33.661, "USER_TEXT2": "Existing", "SHAPE.LEN": 30.1283790478346}}, {"type": "Feature", "id": 29531, "geometry": {"type": "LineString", "coordinates": [[72.8944597146733, 19.090778006209835], [72.89462767843105, 19.090719406701773]]}, "properties": {"OBJECTID": 29531, "US_NODE_ID": "2178124202", "DS_NODE_ID": "2178124101", "CONDUIT_LE": 18.8, "SHAPE_1": "RECT", "CONDUIT_WI": 2000, "CONDUIT_HE": 2000, "US_INVERT": 43.1, "DS_INVERT": 42.7, "USER_TEXT2": "Existing", "SHAPE.LEN": 18.8321533553654}}, {"type": "Feature", "id": 29666, "geometry": {"type": "LineString", "coordinates": [[72.89382223390243, 19.102095183625753], [72.89348400669785, 19.10212102510875]]}, "properties": {"OBJECTID": 29666, "US_NODE_ID": "2178134401", "DS_NODE_ID": "2178133404", "CONDUIT_LE": 35.7, "SHAPE_1": "OREC", "CONDUIT_WI": 2500, "CONDUIT_HE": 1598, "US_INVERT": 37.2, "DS_INVERT": 36.96, "USER_TEXT2": "Proposal", "SHAPE.LEN": 35.7130009930557}}, {"type": "Feature", "id": 29673, "geometry": {"type": "LineString", "coordinates": [[72.89404444956449, 19.105572532939558], [72.89395660168726, 19.10560245505059]]}, "properties": {"OBJECTID": 29673, "US_NODE_ID": "2178134805", "DS_NODE_ID": "2178134804", "CONDUIT_LE": 9.8, "SHAPE_1": "OREC", "CONDUIT_WI": 3000, "CONDUIT_HE": 1755, "US_INVERT": 37.949000000000005, "DS_INVERT": 37.744, "USER_TEXT2": "Existing", "SHAPE.LEN": 9.8213440144412}}, {"type": "Feature", "id": 29692, "geometry": {"type": "LineString", "coordinates": [[72.89551274931299, 19.104954323564], [72.89439841943967, 19.105834016083456]]}, "properties": {"OBJECTID": 29692, "US_NODE_ID": "2178136701", "DS_NODE_ID": "2178134809", "CONDUIT_LE": 152.4, "SHAPE_1": "RECT", "CONDUIT_WI": 4000, "CONDUIT_HE": 3000, "US_INVERT": 38.195, "DS_INVERT": 37.43, "USER_TEXT2": "Proposal", "SHAPE.LEN": 152.44884387885702}}, {"type": "Feature", "id": 29677, "geometry": {"type": "LineString", "coordinates": [[72.89439841943967, 19.105834016083456], [72.89348255220033, 19.10657325485964]]}, "properties": {"OBJECTID": 29677, "US_NODE_ID": "2178134809", "DS_NODE_ID": "2178133901", "CONDUIT_LE": 126.5, "SHAPE_1": "RECT", "CONDUIT_WI": 4000, "CONDUIT_HE": 3000, "US_INVERT": 37.43, "DS_INVERT": 36.796, "USER_TEXT2": "Proposal", "SHAPE.LEN": 126.452204409413}}, {"type": "Feature", "id": 29733, "geometry": {"type": "LineString", "coordinates": [[72.89440340136395, 19.108072610934883], [72.89427263364452, 19.108041488270686]]}, "properties": {"OBJECTID": 29733, "US_NODE_ID": "2178144105", "DS_NODE_ID": "2178144104", "CONDUIT_LE": 14.200000000000001, "SHAPE_1": "OREC", "CONDUIT_WI": 5627, "CONDUIT_HE": 2000, "US_INVERT": 38.195, "DS_INVERT": 38.138000000000005, "USER_TEXT2": "Proposal", "SHAPE.LEN": 14.187532352386}}, {"type": "Feature", "id": 29735, "geometry": {"type": "LineString", "coordinates": [[72.89452244028575, 19.108155536762926], [72.89447118247439, 19.10810469933901]]}, "properties": {"OBJECTID": 29735, "US_NODE_ID": "2178145101", "DS_NODE_ID": "2178144106", "CONDUIT_LE": 7.8, "SHAPE_1": "OREC", "CONDUIT_WI": 4200, "CONDUIT_HE": 2000, "US_INVERT": 38.258, "DS_INVERT": 38.227000000000004, "USER_TEXT2": "Proposal", "SHAPE.LEN": 7.79632209698907}}, {"type": "Feature", "id": 29093, "geometry": {"type": "LineString", "coordinates": [[72.89518008513373, 19.05669469841178], [72.89539531418393, 19.057856062552037]]}, "properties": {"OBJECTID": 29093, "US_NODE_ID": "2178085401", "DS_NODE_ID": "2178085501", "CONDUIT_LE": 130.6, "SHAPE_1": "RECT", "CONDUIT_WI": 1500, "CONDUIT_HE": 1500, "US_INVERT": 33, "DS_INVERT": 30.5, "USER_TEXT2": "Proposal", "SHAPE.LEN": 130.56236057914998}}, {"type": "Feature", "id": 29179, "geometry": {"type": "LineString", "coordinates": [[72.8950683623094, 19.070435013449163], [72.89521578500569, 19.07064716066928]]}, "properties": {"OBJECTID": 29179, "US_NODE_ID": "2178095901", "DS_NODE_ID": "2178095902", "CONDUIT_LE": 28.2, "SHAPE_1": "OREC", "CONDUIT_WI": 5000, "CONDUIT_HE": 2002, "US_INVERT": 26.052, "DS_INVERT": 26.039, "USER_TEXT2": "Existing", "SHAPE.LEN": 28.151909349101}}, {"type": "Feature", "id": 29472, "geometry": {"type": "LineString", "coordinates": [[72.8951503781901, 19.085742047444914], [72.89487989452863, 19.085656800147067]]}, "properties": {"OBJECTID": 29472, "US_NODE_ID": "2178115602!", "DS_NODE_ID": "2178115601!", "CONDUIT_LE": 30, "SHAPE_1": "OREC", "CONDUIT_WI": 3226, "CONDUIT_HE": 2388, "US_INVERT": 33.818000000000005, "DS_INVERT": 33.792, "USER_TEXT2": "Existing", "SHAPE.LEN": 29.994664374185003}}, {"type": "Feature", "id": 29547, "geometry": {"type": "LineString", "coordinates": [[72.8949069186869, 19.090727114821348], [72.89510016445162, 19.090622736682512]]}, "properties": {"OBJECTID": 29547, "US_NODE_ID": "2178125101", "DS_NODE_ID": "2178125102", "CONDUIT_LE": 23.400000000000002, "SHAPE_1": "RECT", "CONDUIT_WI": 2000, "CONDUIT_HE": 2000, "US_INVERT": 42.2, "DS_INVERT": 42.1, "USER_TEXT2": "Existing", "SHAPE.LEN": 23.3940163289675}}, {"type": "Feature", "id": 29553, "geometry": {"type": "LineString", "coordinates": [[72.89507653353667, 19.097299489141847], [72.89492311390761, 19.096508271535384]]}, "properties": {"OBJECTID": 29553, "US_NODE_ID": "2178125901", "DS_NODE_ID": "2178125801", "CONDUIT_LE": 89.10000000000001, "SHAPE_1": "RECT", "CONDUIT_WI": 2500, "CONDUIT_HE": 1500, "US_INVERT": 40.021, "DS_INVERT": 39.27, "USER_TEXT2": "Proposal", "SHAPE.LEN": 89.07637172673789}}, {"type": "Feature", "id": 29737, "geometry": {"type": "LineString", "coordinates": [[72.89472472136794, 19.108339485943787], [72.89464601903163, 19.108292843765312]]}, "properties": {"OBJECTID": 29737, "US_NODE_ID": "2178145103", "DS_NODE_ID": "2178145102", "CONDUIT_LE": 9.8, "SHAPE_1": "RECT", "CONDUIT_WI": 6000, "CONDUIT_HE": 2000, "US_INVERT": 38.321000000000005, "DS_INVERT": 38.300000000000004, "USER_TEXT2": "Proposal", "SHAPE.LEN": 9.76096538053486}}, {"type": "Feature", "id": 19014, "geometry": {"type": "LineString", "coordinates": [[72.84972629429802, 19.072600713911214], [72.8498539072725, 19.072355613176615]]}, "properties": {"OBJECTID": 19014, "US_NODE_ID": "2173107203", "DS_NODE_ID": "2173107204", "CONDUIT_LE": 30.3, "SHAPE_1": "OREC", "CONDUIT_WI": 60000, "CONDUIT_HE": 4480, "US_INVERT": 23.62, "DS_INVERT": 23.608, "USER_TEXT2": "Existing", "SHAPE.LEN": 30.280356668969397}}, {"type": "Feature", "id": 19098, "geometry": {"type": "LineString", "coordinates": [[72.84973069074887, 19.08631672373728], [72.84968588160397, 19.086181615480847]]}, "properties": {"OBJECTID": 19098, "US_NODE_ID": "2173117702", "DS_NODE_ID": "2173117701", "CONDUIT_LE": 15.700000000000001, "SHAPE_1": "RECT", "CONDUIT_WI": 3000, "CONDUIT_HE": 2000, "US_INVERT": 26.415000000000003, "DS_INVERT": 26.383000000000003, "USER_TEXT2": "Proposal", "SHAPE.LEN": 15.685024705112799}}, {"type": "Feature", "id": 19220, "geometry": {"type": "LineString", "coordinates": [[72.85007533729252, 19.08943632915384], [72.84953147682896, 19.089441183346064]]}, "properties": {"OBJECTID": 19220, "US_NODE_ID": "2173127102", "DS_NODE_ID": "2173127101", "CONDUIT_LE": 57.2, "SHAPE_1": "RECT", "CONDUIT_WI": 3000, "CONDUIT_HE": 1998, "US_INVERT": 27.8, "DS_INVERT": 27.618000000000002, "USER_TEXT2": "Existing", "SHAPE.LEN": 57.249337052056795}}, {"type": "Feature", "id": 19225, "geometry": {"type": "LineString", "coordinates": [[72.84956156152052, 19.09149252560927], [72.84943748102809, 19.09133513687791]]}, "properties": {"OBJECTID": 19225, "US_NODE_ID": "2173127303", "DS_NODE_ID": "2173127302", "CONDUIT_LE": 21.8, "SHAPE_1": "OREC", "CONDUIT_WI": 3200, "CONDUIT_HE": 2500, "US_INVERT": 27.983, "DS_INVERT": 27.91, "USER_TEXT2": "Existing", "SHAPE.LEN": 21.777076447494}}, {"type": "Feature", "id": 19227, "geometry": {"type": "LineString", "coordinates": [[72.85002384031043, 19.091993942170998], [72.84974232397009, 19.091755754805096]]}, "properties": {"OBJECTID": 19227, "US_NODE_ID": "2173127305", "DS_NODE_ID": "2173127304", "CONDUIT_LE": 39.7, "SHAPE_1": "OREC", "CONDUIT_WI": 3200, "CONDUIT_HE": 2500, "US_INVERT": 28.233, "DS_INVERT": 28.1, "USER_TEXT2": "Existing", "SHAPE.LEN": 39.6677474651637}}, {"type": "Feature", "id": 19028, "geometry": {"type": "LineString", "coordinates": [[72.85106016061664, 19.07480576706081], [72.85093308117833, 19.073904640326557]]}, "properties": {"OBJECTID": 19028, "US_NODE_ID": "2173108401", "DS_NODE_ID": "2173108302", "CONDUIT_LE": 100.7, "SHAPE_1": "RECT", "CONDUIT_WI": 3000, "CONDUIT_HE": 3000, "US_INVERT": 24.478, "DS_INVERT": 24.341, "USER_TEXT2": "Existing", "SHAPE.LEN": 100.66439291030402}}, {"type": "Feature", "id": 19102, "geometry": {"type": "LineString", "coordinates": [[72.85066833951586, 19.08573422627408], [72.85035839248899, 19.085751384724777]]}, "properties": {"OBJECTID": 19102, "US_NODE_ID": "2173118703", "DS_NODE_ID": "2173118702", "CONDUIT_LE": 32.7, "SHAPE_1": "RECT", "CONDUIT_WI": 3000, "CONDUIT_HE": 2000, "US_INVERT": 26.721, "DS_INVERT": 26.656000000000002, "USER_TEXT2": "Proposal", "SHAPE.LEN": 32.6810342553598}}, {"type": "Feature", "id": 19104, "geometry": {"type": "LineString", "coordinates": [[72.85114430389832, 19.08588339669671], [72.85069146407868, 19.085856435762828]]}, "properties": {"OBJECTID": 19104, "US_NODE_ID": "2173119701", "DS_NODE_ID": "2173118704", "CONDUIT_LE": 47.800000000000004, "SHAPE_1": "RECT", "CONDUIT_WI": 3000, "CONDUIT_HE": 2000, "US_INVERT": 26.844, "DS_INVERT": 26.749000000000002, "USER_TEXT2": "Proposal", "SHAPE.LEN": 47.7603391947754}}, {"type": "Feature", "id": 19313, "geometry": {"type": "LineString", "coordinates": [[72.85026733325483, 19.113096386574338], [72.85012887687485, 19.113074897274043]]}, "properties": {"OBJECTID": 19313, "US_NODE_ID": "2173148705", "DS_NODE_ID": "2173148704", "CONDUIT_LE": 14.8, "SHAPE_1": "OREC", "CONDUIT_WI": 4500, "CONDUIT_HE": 2592, "US_INVERT": 34.506, "DS_INVERT": 34.425000000000004, "USER_TEXT2": "Existing", "SHAPE.LEN": 14.7648230602334}}, {"type": "Feature", "id": 19318, "geometry": {"type": "LineString", "coordinates": [[72.85059161362042, 19.113003526761705], [72.85050917756861, 19.112985401915953]]}, "properties": {"OBJECTID": 19318, "US_NODE_ID": "2173148710", "DS_NODE_ID": "2173148709", "CONDUIT_LE": 8.9, "SHAPE_1": "OREC", "CONDUIT_WI": 4500, "CONDUIT_HE": 3075, "US_INVERT": 34.723, "DS_INVERT": 34.674, "USER_TEXT2": "Existing", "SHAPE.LEN": 8.905054744357269}}, {"type": "Feature", "id": 19320, "geometry": {"type": "LineString", "coordinates": [[72.8509467977869, 19.11478347437239], [72.85072292464315, 19.112989705315197]]}, "properties": {"OBJECTID": 19320, "US_NODE_ID": "2173149901", "DS_NODE_ID": "2173149701", "CONDUIT_LE": 200, "SHAPE_1": "RECT", "CONDUIT_WI": 4500, "CONDUIT_HE": 1498, "US_INVERT": 36.4, "DS_INVERT": 34.800000000000004, "USER_TEXT2": "Existing", "SHAPE.LEN": 199.99722498074803}}, {"type": "Feature", "id": 22431, "geometry": {"type": "LineString", "coordinates": [[72.85249814338155, 19.069672144778327], [72.85202479450672, 19.06932339176721]]}, "properties": {"OBJECTID": 22431, "US_NODE_ID": "2174090901", "DS_NODE_ID": "2173099805", "CONDUIT_LE": 63, "SHAPE_1": "OREC", "CONDUIT_WI": 3000, "CONDUIT_HE": 1847, "US_INVERT": 25.653000000000002, "DS_INVERT": 25.575000000000003, "USER_TEXT2": "Proposal", "SHAPE.LEN": 63.0403838820799}}, {"type": "Feature", "id": 22491, "geometry": {"type": "LineString", "coordinates": [[72.85271862662125, 19.07504729792835], [72.85296024753106, 19.07458041810587]]}, "properties": {"OBJECTID": 22491, "US_NODE_ID": "2174100501", "DS_NODE_ID": "2174100401", "CONDUIT_LE": 57.6, "SHAPE_1": "RECT", "CONDUIT_WI": 1500, "CONDUIT_HE": 2000, "US_INVERT": 24.815, "DS_INVERT": 24.647000000000002, "USER_TEXT2": "Existing", "SHAPE.LEN": 57.611110039644295}}, {"type": "Feature", "id": 22543, "geometry": {"type": "LineString", "coordinates": [[72.85250276927965, 19.086263250583702], [72.85187439339984, 19.086292054553272]]}, "properties": {"OBJECTID": 22543, "US_NODE_ID": "2174110701", "DS_NODE_ID": "2173119704", "CONDUIT_LE": 66.2, "SHAPE_1": "RECT", "CONDUIT_WI": 3000, "CONDUIT_HE": 2000, "US_INVERT": 27.226000000000003, "DS_INVERT": 27.093, "USER_TEXT2": "Proposal", "SHAPE.LEN": 66.22091814525069}}, {"type": "Feature", "id": 22552, "geometry": {"type": "LineString", "coordinates": [[72.85211309499091, 19.094871349414422], [72.85197322296636, 19.09463485214822]]}, "properties": {"OBJECTID": 22552, "US_NODE_ID": "2174120701", "DS_NODE_ID": "2174120601", "CONDUIT_LE": 30, "SHAPE_1": "RECT", "CONDUIT_WI": 3000, "CONDUIT_HE": 1878, "US_INVERT": 29.7, "DS_INVERT": 29.6, "USER_TEXT2": "Existing", "SHAPE.LEN": 30.0397905979719}}, {"type": "Feature", "id": 22437, "geometry": {"type": "LineString", "coordinates": [[72.85361415400111, 19.065812828703145], [72.85368363456686, 19.065740961197484]]}, "properties": {"OBJECTID": 22437, "US_NODE_ID": "2174091401", "DS_NODE_ID": "2174091402", "CONDUIT_LE": 10.8, "SHAPE_1": "RECT", "CONDUIT_WI": 60000, "CONDUIT_HE": 5587, "US_INVERT": 23.291, "DS_INVERT": 23.287000000000003, "USER_TEXT2": "Existing", "SHAPE.LEN": 10.8082113025237}}, {"type": "Feature", "id": 22546, "geometry": {"type": "LineString", "coordinates": [[72.85341531415692, 19.086448215102116], [72.85298028780008, 19.08643953237516]]}, "properties": {"OBJECTID": 22546, "US_NODE_ID": "2174111702", "DS_NODE_ID": "2174111701", "CONDUIT_LE": 45.800000000000004, "SHAPE_1": "RECT", "CONDUIT_WI": 3000, "CONDUIT_HE": 2000, "US_INVERT": 27.43, "DS_INVERT": 27.338, "USER_TEXT2": "Proposal", "SHAPE.LEN": 45.8017466915837}}, {"type": "Feature", "id": 22564, "geometry": {"type": "LineString", "coordinates": [[72.8530043004349, 19.097155382485674], [72.85290478561623, 19.0969021754211]]}, "properties": {"OBJECTID": 22564, "US_NODE_ID": "2174121902", "DS_NODE_ID": "2174121901", "CONDUIT_LE": 29.900000000000002, "SHAPE_1": "RECT", "CONDUIT_WI": 3000, "CONDUIT_HE": 2636, "US_INVERT": 30.982000000000003, "DS_INVERT": 30.812, "USER_TEXT2": "Existing", "SHAPE.LEN": 29.927624093636297}}, {"type": "Feature", "id": 22441, "geometry": {"type": "LineString", "coordinates": [[72.8540502984707, 19.065328376155506], [72.85423159666564, 19.065118219868882]]}, "properties": {"OBJECTID": 22441, "US_NODE_ID": "2174091405", "DS_NODE_ID": "2174092401", "CONDUIT_LE": 30.1, "SHAPE_1": "OREC", "CONDUIT_WI": 60000, "CONDUIT_HE": 5424, "US_INVERT": 23.264, "DS_INVERT": 23.253, "USER_TEXT2": "Existing", "SHAPE.LEN": 30.0946839159344}}, {"type": "Feature", "id": 22510, "geometry": {"type": "LineString", "coordinates": [[72.85463946603458, 19.077046901988503], [72.85449835912021, 19.07686460739635]]}, "properties": {"OBJECTID": 22510, "US_NODE_ID": "2174102703", "DS_NODE_ID": "2174102702", "CONDUIT_LE": 25.1, "SHAPE_1": "RECT", "CONDUIT_WI": 1500, "CONDUIT_HE": 1500, "US_INVERT": 26.644000000000002, "DS_INVERT": 26.483, "USER_TEXT2": "Existing", "SHAPE.LEN": 25.060127693210198}}, {"type": "Feature", "id": 22573, "geometry": {"type": "LineString", "coordinates": [[72.85366415187643, 19.098945300591637], [72.85356838087412, 19.09869038959099]]}, "properties": {"OBJECTID": 22573, "US_NODE_ID": "2174131103", "DS_NODE_ID": "2174131102", "CONDUIT_LE": 30, "SHAPE_1": "RECT", "CONDUIT_WI": 3000, "CONDUIT_HE": 2138, "US_INVERT": 32, "DS_INVERT": 31.900000000000002, "USER_TEXT2": "Existing", "SHAPE.LEN": 29.969549223336696}}, {"type": "Feature", "id": 22578, "geometry": {"type": "LineString", "coordinates": [[72.85395583663892, 19.099708968845803], [72.85385935096771, 19.099454893250577]]}, "properties": {"OBJECTID": 22578, "US_NODE_ID": "2174132202", "DS_NODE_ID": "2174132201", "CONDUIT_LE": 29.900000000000002, "SHAPE_1": "RECT", "CONDUIT_WI": 3000, "CONDUIT_HE": 2308, "US_INVERT": 32.55, "DS_INVERT": 32.4, "USER_TEXT2": "Existing", "SHAPE.LEN": 29.9078989340609}}, {"type": "Feature", "id": 22581, "geometry": {"type": "LineString", "coordinates": [[72.85464004785719, 19.100079099714264], [72.85446801264405, 19.099567657644936]]}, "properties": {"OBJECTID": 22581, "US_NODE_ID": "2174132205", "DS_NODE_ID": "2174132204", "CONDUIT_LE": 59.5, "SHAPE_1": "RECT", "CONDUIT_WI": 3000, "CONDUIT_HE": 2500, "US_INVERT": 31.772000000000002, "DS_INVERT": 31.566000000000003, "USER_TEXT2": "Proposal", "SHAPE.LEN": 59.4508200111655}}, {"type": "Feature", "id": 22588, "geometry": {"type": "LineString", "coordinates": [[72.85441148565685, 19.10154140051336], [72.85440902754166, 19.101268956656043]]}, "properties": {"OBJECTID": 22588, "US_NODE_ID": "2174132403", "DS_NODE_ID": "2174132402", "CONDUIT_LE": 30.2, "SHAPE_1": "RECT", "CONDUIT_WI": 3000, "CONDUIT_HE": 2213, "US_INVERT": 33.883, "DS_INVERT": 33.711, "USER_TEXT2": "Existing", "SHAPE.LEN": 30.165748074430397}}, {"type": "Feature", "id": 22461, "geometry": {"type": "LineString", "coordinates": [[72.85527756351692, 19.063193797486427], [72.85540228737217, 19.062950464282792]]}, "properties": {"OBJECTID": 22461, "US_NODE_ID": "2174093101", "DS_NODE_ID": "2174093102", "CONDUIT_LE": 30, "SHAPE_1": "OREC", "CONDUIT_WI": 60000, "CONDUIT_HE": 5469, "US_INVERT": 23.161, "DS_INVERT": 23.149, "USER_TEXT2": "Existing", "SHAPE.LEN": 29.9708191412914}}, {"type": "Feature", "id": 22459, "geometry": {"type": "LineString", "coordinates": [[72.85585945867446, 19.06226659205225], [72.85600683680927, 19.062034360815492]]}, "properties": {"OBJECTID": 22459, "US_NODE_ID": "2174093001", "DS_NODE_ID": "2174093002", "CONDUIT_LE": 30, "SHAPE_1": "OREC", "CONDUIT_WI": 62000, "CONDUIT_HE": 4355, "US_INVERT": 23.115000000000002, "DS_INVERT": 23.103, "USER_TEXT2": "Existing", "SHAPE.LEN": 30.0308175046901}}, {"type": "Feature", "id": 22602, "geometry": {"type": "LineString", "coordinates": [[72.85545699642836, 19.101199625067615], [72.8552755460528, 19.10112344410201]]}, "properties": {"OBJECTID": 22602, "US_NODE_ID": "2174133401", "DS_NODE_ID": "2174133304", "CONDUIT_LE": 20.900000000000002, "SHAPE_1": "RECT", "CONDUIT_WI": 2000, "CONDUIT_HE": 2000, "US_INVERT": 34.105000000000004, "DS_INVERT": 34.006, "USER_TEXT2": "Existing", "SHAPE.LEN": 20.877739341221798}}, {"type": "Feature", "id": 22472, "geometry": {"type": "LineString", "coordinates": [[72.85735222004176, 19.064379509892134], [72.85677260087633, 19.063947337680972]]}, "properties": {"OBJECTID": 22472, "US_NODE_ID": "2174095301", "DS_NODE_ID": "1", "CONDUIT_LE": 77.5, "SHAPE_1": "RECT", "CONDUIT_WI": 2000, "CONDUIT_HE": 2000, "US_INVERT": 25.346, "DS_INVERT": 25.245, "USER_TEXT2": "Existing", "SHAPE.LEN": 77.543342718766}}, {"type": "Feature", "id": 22528, "geometry": {"type": "LineString", "coordinates": [[72.8565492843133, 19.078577569294634], [72.85674239545999, 19.078484069760115]]}, "properties": {"OBJECTID": 22528, "US_NODE_ID": "2174104901", "DS_NODE_ID": "2174104803", "CONDUIT_LE": 22.8, "SHAPE_1": "RECT", "CONDUIT_WI": 2000, "CONDUIT_HE": 1500, "US_INVERT": 28.296000000000003, "DS_INVERT": 28.129, "USER_TEXT2": "Existing", "SHAPE.LEN": 22.8122773961742}}, {"type": "Feature", "id": 22539, "geometry": {"type": "LineString", "coordinates": [[72.85806789269685, 19.076400302182925], [72.85793384025898, 19.07648184418628]]}, "properties": {"OBJECTID": 22539, "US_NODE_ID": "2174106602", "DS_NODE_ID": "2174106601", "CONDUIT_LE": 16.8, "SHAPE_1": "RECT", "CONDUIT_WI": 1500, "CONDUIT_HE": 1500, "US_INVERT": 26.481, "DS_INVERT": 26.317, "USER_TEXT2": "Existing", "SHAPE.LEN": 16.7523132730975}}, {"type": "Feature", "id": 22479, "geometry": {"type": "LineString", "coordinates": [[72.85929937562022, 19.06247636871943], [72.85885088123185, 19.061006069640605]]}, "properties": {"OBJECTID": 22479, "US_NODE_ID": "2174097101", "DS_NODE_ID": "2174086901", "CONDUIT_LE": 169.5, "SHAPE_1": "RECT", "CONDUIT_WI": 1650, "CONDUIT_HE": 1650, "US_INVERT": 26.833000000000002, "DS_INVERT": 26.679000000000002, "USER_TEXT2": "Existing", "SHAPE.LEN": 169.49772859835002}}, {"type": "Feature", "id": 22485, "geometry": {"type": "LineString", "coordinates": [[72.8598581803713, 19.064160214306042], [72.85929937562022, 19.06247636871943]]}, "properties": {"OBJECTID": 22485, "US_NODE_ID": "2174098201", "DS_NODE_ID": "2174097101", "CONDUIT_LE": 195.5, "SHAPE_1": "RECT", "CONDUIT_WI": 1650, "CONDUIT_HE": 1650, "US_INVERT": 27, "DS_INVERT": 26.833000000000002, "USER_TEXT2": "Existing", "SHAPE.LEN": 195.493478152086}}, {"type": "Feature", "id": 25162, "geometry": {"type": "LineString", "coordinates": [[72.86140209475637, 19.109855176732836], [72.8614584212598, 19.109686921689338]]}, "properties": {"OBJECTID": 25162, "US_NODE_ID": "2175140302", "DS_NODE_ID": "2175140303", "CONDUIT_LE": 19.5, "SHAPE_1": "OREC", "CONDUIT_WI": 3000, "CONDUIT_HE": 1990, "US_INVERT": 40.6, "DS_INVERT": 40.2, "USER_TEXT2": "Existing", "SHAPE.LEN": 19.5494245439604}}, {"type": "Feature", "id": 22615, "geometry": {"type": "LineString", "coordinates": [[72.8604330178069, 19.1106559425812], [72.86058497308976, 19.110662225586825]]}, "properties": {"OBJECTID": 22615, "US_NODE_ID": "2174149401", "DS_NODE_ID": "2174149402", "CONDUIT_LE": 16, "SHAPE_1": "OREC", "CONDUIT_WI": 3000, "CONDUIT_HE": 1990, "US_INVERT": 42.4, "DS_INVERT": 42.132000000000005, "USER_TEXT2": "Existing", "SHAPE.LEN": 16.0078105935821}}, {"type": "Feature", "id": 22618, "geometry": {"type": "LineString", "coordinates": [[72.86070364602142, 19.110522696757883], [72.86068367916494, 19.110302069298328]]}, "properties": {"OBJECTID": 22618, "US_NODE_ID": "2174149404", "DS_NODE_ID": "2174149403", "CONDUIT_LE": 24.5, "SHAPE_1": "OREC", "CONDUIT_WI": 3000, "CONDUIT_HE": 1990, "US_INVERT": 41.800000000000004, "DS_INVERT": 41.5, "USER_TEXT2": "Existing", "SHAPE.LEN": 24.517748673155097}}, {"type": "Feature", "id": 24902, "geometry": {"type": "LineString", "coordinates": [[72.86267767157707, 19.07543752759388], [72.86260456844334, 19.075171569306143]]}, "properties": {"OBJECTID": 24902, "US_NODE_ID": "2175101501", "DS_NODE_ID": "2175100501", "CONDUIT_LE": 30.400000000000002, "SHAPE_1": "RECT", "CONDUIT_WI": 4000, "CONDUIT_HE": 1500, "US_INVERT": 27.453000000000003, "DS_INVERT": 27.395, "USER_TEXT2": "Proposal", "SHAPE.LEN": 30.435292442984696}}, {"type": "Feature", "id": 24903, "geometry": {"type": "LineString", "coordinates": [[72.8627698528387, 19.075639242090478], [72.86267767157707, 19.07543752759388]]}, "properties": {"OBJECTID": 24903, "US_NODE_ID": "2175101502", "DS_NODE_ID": "2175101501", "CONDUIT_LE": 24.400000000000002, "SHAPE_1": "RECT", "CONDUIT_WI": 4000, "CONDUIT_HE": 1500, "US_INVERT": 27.5, "DS_INVERT": 27.453000000000003, "USER_TEXT2": "Proposal", "SHAPE.LEN": 24.3504362326427}}, {"type": "Feature", "id": 24894, "geometry": {"type": "LineString", "coordinates": [[72.86340484362238, 19.068937809428306], [72.86444134418925, 19.06894981883191]]}, "properties": {"OBJECTID": 24894, "US_NODE_ID": "2175091801", "DS_NODE_ID": "2175092801", "CONDUIT_LE": 109.10000000000001, "SHAPE_1": "OREC", "CONDUIT_WI": 7000, "CONDUIT_HE": 1498, "US_INVERT": 26.87, "DS_INVERT": 26.667, "USER_TEXT2": "Existing", "SHAPE.LEN": 109.12280000000001}}, {"type": "Feature", "id": 25041, "geometry": {"type": "LineString", "coordinates": [[72.86280517912698, 19.102047430704783], [72.86287315509757, 19.101933505679387]]}, "properties": {"OBJECTID": 25041, "US_NODE_ID": "2175131401", "DS_NODE_ID": "2175131402", "CONDUIT_LE": 14.5, "SHAPE_1": "OREC", "CONDUIT_WI": 1665, "CONDUIT_HE": 1859, "US_INVERT": 35.839, "DS_INVERT": 35.81, "USER_TEXT2": "Existing", "SHAPE.LEN": 14.5013792447477}}, {"type": "Feature", "id": 25043, "geometry": {"type": "LineString", "coordinates": [[72.86288970016138, 19.101902986868055], [72.86294598555624, 19.101811507621836]]}, "properties": {"OBJECTID": 25043, "US_NODE_ID": "2175131403", "DS_NODE_ID": "2175131404", "CONDUIT_LE": 11.700000000000001, "SHAPE_1": "OREC", "CONDUIT_WI": 2200, "CONDUIT_HE": 2426, "US_INVERT": 35.802, "DS_INVERT": 35.7, "USER_TEXT2": "Existing", "SHAPE.LEN": 11.733712115098099}}, {"type": "Feature", "id": 25077, "geometry": {"type": "LineString", "coordinates": [[72.86322663551064, 19.10134055309906], [72.86336361734871, 19.101106391709816]]}, "properties": {"OBJECTID": 25077, "US_NODE_ID": "2175132401", "DS_NODE_ID": "2175132301", "CONDUIT_LE": 29.7, "SHAPE_1": "OREC", "CONDUIT_WI": 1565, "CONDUIT_HE": 1690, "US_INVERT": 35.588, "DS_INVERT": 35.533, "USER_TEXT2": "Existing", "SHAPE.LEN": 29.6651310463986}}, {"type": "Feature", "id": 25078, "geometry": {"type": "LineString", "coordinates": [[72.8633008682472, 19.101923115125906], [72.86343789694995, 19.10168534122375]]}, "properties": {"OBJECTID": 25078, "US_NODE_ID": "2175132402", "DS_NODE_ID": "2175132403", "CONDUIT_LE": 30, "SHAPE_1": "OREC", "CONDUIT_WI": 1836, "CONDUIT_HE": 1717, "US_INVERT": 36.001000000000005, "DS_INVERT": 35.983000000000004, "USER_TEXT2": "Existing", "SHAPE.LEN": 30.0176614678759}}, {"type": "Feature", "id": 24933, "geometry": {"type": "LineString", "coordinates": [[72.86509973389086, 19.071973698971135], [72.86520434936754, 19.071718020209794]]}, "properties": {"OBJECTID": 24933, "US_NODE_ID": "2175103105", "DS_NODE_ID": "2175103106", "CONDUIT_LE": 30.400000000000002, "SHAPE_1": "RECT", "CONDUIT_WI": 3500, "CONDUIT_HE": 2000, "US_INVERT": 26.446, "DS_INVERT": 26.388, "USER_TEXT2": "Proposal", "SHAPE.LEN": 30.374928235800002}}, {"type": "Feature", "id": 24916, "geometry": {"type": "LineString", "coordinates": [[72.8641726345932, 19.072820908726975], [72.86438247681, 19.07262262658103]]}, "properties": {"OBJECTID": 24916, "US_NODE_ID": "2175102203", "DS_NODE_ID": "2175102204", "CONDUIT_LE": 31.1, "SHAPE_1": "RECT", "CONDUIT_WI": 4000, "CONDUIT_HE": 1500, "US_INVERT": 26.725, "DS_INVERT": 26.666, "USER_TEXT2": "Proposal", "SHAPE.LEN": 31.143539837661397}}, {"type": "Feature", "id": 25062, "geometry": {"type": "LineString", "coordinates": [[72.86410769709926, 19.09895261671159], [72.86420038280824, 19.098838074367674]]}, "properties": {"OBJECTID": 25062, "US_NODE_ID": "2175132104", "DS_NODE_ID": "2175132105", "CONDUIT_LE": 16, "SHAPE_1": "RECT", "CONDUIT_WI": 2600, "CONDUIT_HE": 2160, "US_INVERT": 34.938, "DS_INVERT": 34.837, "USER_TEXT2": "Existing", "SHAPE.LEN": 16}}, {"type": "Feature", "id": 25064, "geometry": {"type": "LineString", "coordinates": [[72.86391082247447, 19.100151671131492], [72.8640525523665, 19.099917564125377]]}, "properties": {"OBJECTID": 25064, "US_NODE_ID": "2175132201", "DS_NODE_ID": "2175132202", "CONDUIT_LE": 29.900000000000002, "SHAPE_1": "OREC", "CONDUIT_WI": 3264, "CONDUIT_HE": 1519, "US_INVERT": 35.309000000000005, "DS_INVERT": 35.253, "USER_TEXT2": "Existing", "SHAPE.LEN": 29.906019460971397}}, {"type": "Feature", "id": 25092, "geometry": {"type": "LineString", "coordinates": [[72.86443198208467, 19.100041196377607], [72.8645971251767, 19.09990762257392]]}, "properties": {"OBJECTID": 25092, "US_NODE_ID": "2175133204", "DS_NODE_ID": "2175133207", "CONDUIT_LE": 22.8, "SHAPE_1": "OREC", "CONDUIT_WI": 2364, "CONDUIT_HE": 2017, "US_INVERT": 35.241, "DS_INVERT": 35.188, "USER_TEXT2": "Existing", "SHAPE.LEN": 22.8219192882632}}, {"type": "Feature", "id": 25172, "geometry": {"type": "LineString", "coordinates": [[72.86449713459395, 19.10711597344142], [72.86460882744082, 19.107063522598537]]}, "properties": {"OBJECTID": 25172, "US_NODE_ID": "2175143002", "DS_NODE_ID": "2175143004", "CONDUIT_LE": 13.1, "SHAPE_1": "RECT", "CONDUIT_WI": 3000, "CONDUIT_HE": 2790, "US_INVERT": 36.329, "DS_INVERT": 36.289, "USER_TEXT2": "Existing", "SHAPE.LEN": 13.1116328418698}}, {"type": "Feature", "id": 25177, "geometry": {"type": "LineString", "coordinates": [[72.86469831586955, 19.10777171088568], [72.86464617531622, 19.107503340337413]]}, "properties": {"OBJECTID": 25177, "US_NODE_ID": "2175143101", "DS_NODE_ID": "2175143005", "CONDUIT_LE": 30.2, "SHAPE_1": "RECT", "CONDUIT_WI": 3000, "CONDUIT_HE": 2262, "US_INVERT": 36.56, "DS_INVERT": 36.47, "USER_TEXT2": "Existing", "SHAPE.LEN": 30.2159867040611}}, {"type": "Feature", "id": 25187, "geometry": {"type": "LineString", "coordinates": [[72.86447222249338, 19.108625562846658], [72.86463058485647, 19.108538145511087]]}, "properties": {"OBJECTID": 25187, "US_NODE_ID": "2175143205", "DS_NODE_ID": "2175143206", "CONDUIT_LE": 19.3, "SHAPE_1": "RECT", "CONDUIT_WI": 3000, "CONDUIT_HE": 2807, "US_INVERT": 36.912, "DS_INVERT": 36.854, "USER_TEXT2": "Existing", "SHAPE.LEN": 19.2736024344179}}, {"type": "Feature", "id": 25184, "geometry": {"type": "LineString", "coordinates": [[72.86427464317904, 19.108714787591214], [72.86429466373961, 19.108650604745563]]}, "properties": {"OBJECTID": 25184, "US_NODE_ID": "2175143202", "DS_NODE_ID": "2175143203", "CONDUIT_LE": 7.4, "SHAPE_1": "RECT", "CONDUIT_WI": 3000, "CONDUIT_HE": 2667, "US_INVERT": 37, "DS_INVERT": 36.978, "USER_TEXT2": "Existing", "SHAPE.LEN": 7.41202226116463}}, {"type": "Feature", "id": 25191, "geometry": {"type": "LineString", "coordinates": [[72.86482614765248, 19.115048252024113], [72.86472519409321, 19.114885837462577]]}, "properties": {"OBJECTID": 25191, "US_NODE_ID": "2175143902", "DS_NODE_ID": "2175143901", "CONDUIT_LE": 20.900000000000002, "SHAPE_1": "OREC", "CONDUIT_WI": 3600, "CONDUIT_HE": 2977, "US_INVERT": 40.821000000000005, "DS_INVERT": 40.726, "USER_TEXT2": "Existing", "SHAPE.LEN": 20.886470860344}}, {"type": "Feature", "id": 25013, "geometry": {"type": "LineString", "coordinates": [[72.8654973976895, 19.097433377919153], [72.86555161887978, 19.097168430006555]]}, "properties": {"OBJECTID": 25013, "US_NODE_ID": "2175124901", "DS_NODE_ID": "2175124902", "CONDUIT_LE": 29.900000000000002, "SHAPE_1": "OREC", "CONDUIT_WI": 7000, "CONDUIT_HE": 1883, "US_INVERT": 33.615, "DS_INVERT": 33.554, "USER_TEXT2": "Existing", "SHAPE.LEN": 29.884485185795004}}, {"type": "Feature", "id": 25088, "geometry": {"type": "LineString", "coordinates": [[72.86505807633284, 19.098713435789136], [72.86518891202284, 19.098451818899665]]}, "properties": {"OBJECTID": 25088, "US_NODE_ID": "2175133108", "DS_NODE_ID": "2175134001", "CONDUIT_LE": 32.1, "SHAPE_1": "OREC", "CONDUIT_WI": 2832, "CONDUIT_HE": 2031, "US_INVERT": 34.467, "DS_INVERT": 34.141, "USER_TEXT2": "Existing", "SHAPE.LEN": 32.072565345011}}, {"type": "Feature", "id": 25198, "geometry": {"type": "LineString", "coordinates": [[72.86575310310789, 19.114517072902874], [72.8659527377475, 19.11409791941383]]}, "properties": {"OBJECTID": 25198, "US_NODE_ID": "2175144803", "DS_NODE_ID": "2175145801", "CONDUIT_LE": 50.9, "SHAPE_1": "OREC", "CONDUIT_WI": 4500, "CONDUIT_HE": 3470, "US_INVERT": 40.128, "DS_INVERT": 39.897, "USER_TEXT2": "Existing", "SHAPE.LEN": 50.9423397028444}}, {"type": "Feature", "id": 24862, "geometry": {"type": "LineString", "coordinates": [[72.86684531010036, 19.057614235993245], [72.8670016614161, 19.057640587669415]]}, "properties": {"OBJECTID": 24862, "US_NODE_ID": "2175085501", "DS_NODE_ID": "2175085502", "CONDUIT_LE": 16.7, "SHAPE_1": "OREC", "CONDUIT_WI": 5000, "CONDUIT_HE": 1498, "US_INVERT": 26.91, "DS_INVERT": 26.783, "USER_TEXT2": "Existing", "SHAPE.LEN": 16.7171050986706}}, {"type": "Feature", "id": 24864, "geometry": {"type": "LineString", "coordinates": [[72.8670846170688, 19.05770724697578], [72.86727341869663, 19.05763408046005]]}, "properties": {"OBJECTID": 24864, "US_NODE_ID": "2175085503", "DS_NODE_ID": "2175085504", "CONDUIT_LE": 21.5, "SHAPE_1": "OREC", "CONDUIT_WI": 5000, "CONDUIT_HE": 1293, "US_INVERT": 26.695, "DS_INVERT": 26.532, "USER_TEXT2": "Existing", "SHAPE.LEN": 21.4642276641858}}, {"type": "Feature", "id": 24945, "geometry": {"type": "LineString", "coordinates": [[72.86730742660396, 19.071183560200296], [72.86749838033506, 19.071229053804952]]}, "properties": {"OBJECTID": 24945, "US_NODE_ID": "2175105002", "DS_NODE_ID": "2175106001", "CONDUIT_LE": 20.7, "SHAPE_1": "OREC", "CONDUIT_WI": 8000, "CONDUIT_HE": 2134, "US_INVERT": 25.964000000000002, "DS_INVERT": 25.948, "USER_TEXT2": "Existing", "SHAPE.LEN": 20.7232569486555}}, {"type": "Feature", "id": 25118, "geometry": {"type": "LineString", "coordinates": [[72.86708742318274, 19.098951029604542], [72.8673468375341, 19.09798573599659]]}, "properties": {"OBJECTID": 25118, "US_NODE_ID": "2175136101", "DS_NODE_ID": "2175136002", "CONDUIT_LE": 110.3, "SHAPE_1": "OREC", "CONDUIT_WI": 2700, "CONDUIT_HE": 2318, "US_INVERT": 34.1, "DS_INVERT": 33.468, "USER_TEXT2": "Existing", "SHAPE.LEN": 110.307932624993}}, {"type": "Feature", "id": 25107, "geometry": {"type": "LineString", "coordinates": [[72.86676258554441, 19.098941846587145], [72.86708742318274, 19.098951029604542]]}, "properties": {"OBJECTID": 25107, "US_NODE_ID": "2175135101", "DS_NODE_ID": "2175136101", "CONDUIT_LE": 34.2, "SHAPE_1": "OREC", "CONDUIT_WI": 2700, "CONDUIT_HE": 1928, "US_INVERT": 34.6, "DS_INVERT": 34.1, "USER_TEXT2": "Existing", "SHAPE.LEN": 34.2052627529741}}, {"type": "Feature", "id": 25204, "geometry": {"type": "LineString", "coordinates": [[72.86679097003775, 19.114030220373703], [72.867146505548, 19.11401480456742]]}, "properties": {"OBJECTID": 25204, "US_NODE_ID": "2175145804", "DS_NODE_ID": "2175146801", "CONDUIT_LE": 37.5, "SHAPE_1": "OREC", "CONDUIT_WI": 4500, "CONDUIT_HE": 3312, "US_INVERT": 39.486000000000004, "DS_INVERT": 39.316, "USER_TEXT2": "Existing", "SHAPE.LEN": 37.4567051759762}}, {"type": "Feature", "id": 24957, "geometry": {"type": "LineString", "coordinates": [[72.86798490782957, 19.07669286341611], [72.86799658287524, 19.07661839865653]]}, "properties": {"OBJECTID": 24957, "US_NODE_ID": "2175106601", "DS_NODE_ID": "2175106602", "CONDUIT_LE": 8.3, "SHAPE_1": "OREC", "CONDUIT_WI": 2000, "CONDUIT_HE": 1308, "US_INVERT": 28.26, "DS_INVERT": 28.25, "USER_TEXT2": "Existing", "SHAPE.LEN": 8.33565637307585}}, {"type": "Feature", "id": 24971, "geometry": {"type": "LineString", "coordinates": [[72.8687376497052, 19.075916846562542], [72.86890186845335, 19.07582362252823]]}, "properties": {"OBJECTID": 24971, "US_NODE_ID": "2175107505", "DS_NODE_ID": "2175107506", "CONDUIT_LE": 20.1, "SHAPE_1": "OREC", "CONDUIT_WI": 2000, "CONDUIT_HE": 1848, "US_INVERT": 26.900000000000002, "DS_INVERT": 26.895, "USER_TEXT2": "Existing", "SHAPE.LEN": 20.1338270830461}}, {"type": "Feature", "id": 24972, "geometry": {"type": "LineString", "coordinates": [[72.86890186845335, 19.07582362252823], [72.86910311085633, 19.075720354828785]]}, "properties": {"OBJECTID": 24972, "US_NODE_ID": "2175107506", "DS_NODE_ID": "2175107507", "CONDUIT_LE": 24.1, "SHAPE_1": "OREC", "CONDUIT_WI": 2000, "CONDUIT_HE": 1823, "US_INVERT": 26.895, "DS_INVERT": 26.89, "USER_TEXT2": "Existing", "SHAPE.LEN": 24.072815036468}}, {"type": "Feature", "id": 25136, "geometry": {"type": "LineString", "coordinates": [[72.86909567521987, 19.097868687932102], [72.86934387575775, 19.098000727094544]]}, "properties": {"OBJECTID": 25136, "US_NODE_ID": "2175138001", "DS_NODE_ID": "2175138002", "CONDUIT_LE": 29.900000000000002, "SHAPE_1": "OREC", "CONDUIT_WI": 6636, "CONDUIT_HE": 1829, "US_INVERT": 32.839, "DS_INVERT": 32.808, "USER_TEXT2": "Existing", "SHAPE.LEN": 29.9362656321726}}, {"type": "Feature", "id": 25137, "geometry": {"type": "LineString", "coordinates": [[72.86934387575775, 19.098000727094544], [72.86956987941088, 19.09815960706166]]}, "properties": {"OBJECTID": 25137, "US_NODE_ID": "2175138002", "DS_NODE_ID": "2175138003", "CONDUIT_LE": 29.6, "SHAPE_1": "OREC", "CONDUIT_WI": 4432, "CONDUIT_HE": 1800, "US_INVERT": 32.808, "DS_INVERT": 32.776, "USER_TEXT2": "Existing", "SHAPE.LEN": 29.5853004040858}}, {"type": "Feature", "id": 25213, "geometry": {"type": "LineString", "coordinates": [[72.86866131670998, 19.114558404999144], [72.86893932032697, 19.114493933789156]]}, "properties": {"OBJECTID": 25213, "US_NODE_ID": "2175147806", "DS_NODE_ID": "2175148801", "CONDUIT_LE": 30.1, "SHAPE_1": "OREC", "CONDUIT_WI": 6075, "CONDUIT_HE": 2664, "US_INVERT": 38.481, "DS_INVERT": 38.455, "USER_TEXT2": "Existing", "SHAPE.LEN": 30.116115756352098}}, {"type": "Feature", "id": 25239, "geometry": {"type": "LineString", "coordinates": [[72.86941190695732, 19.11494222997964], [72.86932154982885, 19.11465213936743]]}, "properties": {"OBJECTID": 25239, "US_NODE_ID": "2175148901", "DS_NODE_ID": "2175148804", "CONDUIT_LE": 33.5, "SHAPE_1": "OREC", "CONDUIT_WI": 5000, "CONDUIT_HE": 3140, "US_INVERT": 39.638000000000005, "DS_INVERT": 39.345, "USER_TEXT2": "Existing", "SHAPE.LEN": 33.4964177189144}}, {"type": "Feature", "id": 24991, "geometry": {"type": "LineString", "coordinates": [[72.87048202096506, 19.072137318173432], [72.87072335819978, 19.07221691541692]]}, "properties": {"OBJECTID": 24991, "US_NODE_ID": "2175109102", "DS_NODE_ID": "2175109103", "CONDUIT_LE": 26.900000000000002, "SHAPE_1": "OREC", "CONDUIT_WI": 10000, "CONDUIT_HE": 3507, "US_INVERT": 25.321, "DS_INVERT": 25.262, "USER_TEXT2": "Existing", "SHAPE.LEN": 26.890617819975798}}, {"type": "Feature", "id": 24993, "geometry": {"type": "LineString", "coordinates": [[72.87023415738396, 19.076333833471054], [72.87050771946548, 19.076258191734215]]}, "properties": {"OBJECTID": 24993, "US_NODE_ID": "2175109601", "DS_NODE_ID": "2175109602", "CONDUIT_LE": 30, "SHAPE_1": "OREC", "CONDUIT_WI": 2366, "CONDUIT_HE": 1898, "US_INVERT": 26.5, "DS_INVERT": 26.3, "USER_TEXT2": "Existing", "SHAPE.LEN": 29.9901882601627}}, {"type": "Feature", "id": 25012, "geometry": {"type": "LineString", "coordinates": [[72.87047756947828, 19.08766603184758], [72.87273420517631, 19.08557213779636]]}, "properties": {"OBJECTID": 25012, "US_NODE_ID": "2175119801", "DS_NODE_ID": "2176111601", "CONDUIT_LE": 331.90000000000003, "SHAPE_1": "OREC", "CONDUIT_WI": 2000, "CONDUIT_HE": 1699, "US_INVERT": 29, "DS_INVERT": 28.699, "USER_TEXT2": "Proposal", "SHAPE.LEN": 331.91592308896503}}, {"type": "Feature", "id": 25244, "geometry": {"type": "LineString", "coordinates": [[72.86994336616613, 19.10841815151148], [72.86983497002637, 19.108256291139423]]}, "properties": {"OBJECTID": 25244, "US_NODE_ID": "2175149102", "DS_NODE_ID": "2175149101", "CONDUIT_LE": 21.2, "SHAPE_1": "OREC", "CONDUIT_WI": 10000, "CONDUIT_HE": 3160, "US_INVERT": 34.238, "DS_INVERT": 34.17, "USER_TEXT2": "Existing", "SHAPE.LEN": 21.243978837543597}}, {"type": "Feature", "id": 25247, "geometry": {"type": "LineString", "coordinates": [[72.87025528568216, 19.108925196602996], [72.87014375831383, 19.108754035350522]]}, "properties": {"OBJECTID": 25247, "US_NODE_ID": "2175149203", "DS_NODE_ID": "2175149202", "CONDUIT_LE": 22.3, "SHAPE_1": "OREC", "CONDUIT_WI": 10000, "CONDUIT_HE": 3521, "US_INVERT": 34.439, "DS_INVERT": 34.361000000000004, "USER_TEXT2": "Existing", "SHAPE.LEN": 22.291315864703897}}, {"type": "Feature", "id": 25255, "geometry": {"type": "LineString", "coordinates": [[72.87033841254505, 19.109880942201286], [72.87031526472445, 19.109707427360412]]}, "properties": {"OBJECTID": 25255, "US_NODE_ID": "2175149304", "DS_NODE_ID": "2175149302", "CONDUIT_LE": 19.400000000000002, "SHAPE_1": "OREC", "CONDUIT_WI": 10000, "CONDUIT_HE": 3031, "US_INVERT": 34.867000000000004, "DS_INVERT": 34.777, "USER_TEXT2": "Existing", "SHAPE.LEN": 19.365035554318002}}, {"type": "Feature", "id": 25220, "geometry": {"type": "LineString", "coordinates": [[72.86942129779523, 19.11109460187463], [72.86938877243801, 19.110984541086857]]}, "properties": {"OBJECTID": 25220, "US_NODE_ID": "2175148402", "DS_NODE_ID": "2175148401", "CONDUIT_LE": 12.700000000000001, "SHAPE_1": "OREC", "CONDUIT_WI": 8000, "CONDUIT_HE": 3749, "US_INVERT": 35.480000000000004, "DS_INVERT": 35.435, "USER_TEXT2": "Existing", "SHAPE.LEN": 12.657371816455399}}, {"type": "Feature", "id": 25267, "geometry": {"type": "LineString", "coordinates": [[72.86984404475106, 19.11302411884758], [72.86981763589095, 19.112784096886053]]}, "properties": {"OBJECTID": 25267, "US_NODE_ID": "2175149603", "DS_NODE_ID": "2175149602", "CONDUIT_LE": 26.7, "SHAPE_1": "RECT", "CONDUIT_WI": 6000, "CONDUIT_HE": 4481, "US_INVERT": 36.949000000000005, "DS_INVERT": 36.715, "USER_TEXT2": "Existing", "SHAPE.LEN": 26.7196665594839}}, {"type": "Feature", "id": 25236, "geometry": {"type": "LineString", "coordinates": [[72.86957594524975, 19.11416131000232], [72.86958934715378, 19.114086152886387]]}, "properties": {"OBJECTID": 25236, "US_NODE_ID": "2175148806", "DS_NODE_ID": "2175148807", "CONDUIT_LE": 8.4, "SHAPE_1": "OREC", "CONDUIT_WI": 6160, "CONDUIT_HE": 2703, "US_INVERT": 38.386, "DS_INVERT": 38.356, "USER_TEXT2": "Existing", "SHAPE.LEN": 8.43992830775238}}, {"type": "Feature", "id": 25270, "geometry": {"type": "LineString", "coordinates": [[72.86971567414358, 19.114002740414747], [72.86958035285065, 19.113893816224003]]}, "properties": {"OBJECTID": 25270, "US_NODE_ID": "2175149801", "DS_NODE_ID": "2175148703", "CONDUIT_LE": 18.7, "SHAPE_1": "OREC", "CONDUIT_WI": 5000, "CONDUIT_HE": 2862, "US_INVERT": 38.256, "DS_INVERT": 38.093, "USER_TEXT2": "Existing", "SHAPE.LEN": 18.6618666402908}}, {"type": "Feature", "id": 25268, "geometry": {"type": "LineString", "coordinates": [[72.86990669749208, 19.113575373402266], [72.86991230615354, 19.113317400308535]]}, "properties": {"OBJECTID": 25268, "US_NODE_ID": "2175149701", "DS_NODE_ID": "2175149702", "CONDUIT_LE": 28.6, "SHAPE_1": "RECT", "CONDUIT_WI": 6000, "CONDUIT_HE": 3830, "US_INVERT": 37.491, "DS_INVERT": 37.241, "USER_TEXT2": "Existing", "SHAPE.LEN": 28.5683283908947}}, {"type": "Feature", "id": 25272, "geometry": {"type": "LineString", "coordinates": [[72.86995384517621, 19.11440022401393], [72.86977685374634, 19.114122679531278]]}, "properties": {"OBJECTID": 25272, "US_NODE_ID": "2175149803", "DS_NODE_ID": "2175149802", "CONDUIT_LE": 35.9, "SHAPE_1": "OREC", "CONDUIT_WI": 5000, "CONDUIT_HE": 3047, "US_INVERT": 38.701, "DS_INVERT": 38.386, "USER_TEXT2": "Existing", "SHAPE.LEN": 35.933967217661895}}, {"type": "Feature", "id": 25235, "geometry": {"type": "LineString", "coordinates": [[72.86953883509159, 19.11460316952551], [72.869694304018, 19.11448393240014]]}, "properties": {"OBJECTID": 25235, "US_NODE_ID": "2175148805", "DS_NODE_ID": "2175148808", "CONDUIT_LE": 21, "SHAPE_1": "OREC", "CONDUIT_WI": 5000, "CONDUIT_HE": 3200, "US_INVERT": 39.138000000000005, "DS_INVERT": 38.954, "USER_TEXT2": "Existing", "SHAPE.LEN": 21.0237960416286}}, {"type": "Feature", "id": 26769, "geometry": {"type": "LineString", "coordinates": [[72.87264426001418, 19.06009802981038], [72.87216658886081, 19.059714049659583]]}, "properties": {"OBJECTID": 26769, "US_NODE_ID": "2176081803", "DS_NODE_ID": "2176080702", "CONDUIT_LE": 65.9, "SHAPE_1": "RECT", "CONDUIT_WI": 3000, "CONDUIT_HE": 2310, "US_INVERT": 25.561, "DS_INVERT": 25.432000000000002, "USER_TEXT2": "Proposal", "SHAPE.LEN": 65.85020880756569}}, {"type": "Feature", "id": 26863, "geometry": {"type": "LineString", "coordinates": [[72.87122922127274, 19.07606053859168], [72.87145329661351, 19.07584812458124]]}, "properties": {"OBJECTID": 26863, "US_NODE_ID": "2176100601", "DS_NODE_ID": "2176100501", "CONDUIT_LE": 33.3, "SHAPE_1": "OREC", "CONDUIT_WI": 3132, "CONDUIT_HE": 2228, "US_INVERT": 25.76, "DS_INVERT": 25.68, "USER_TEXT2": "Existing", "SHAPE.LEN": 33.3088151613053}}, {"type": "Feature", "id": 26991, "geometry": {"type": "LineString", "coordinates": [[72.87086474168568, 19.09921514673477], [72.87110729431335, 19.09941757317264]]}, "properties": {"OBJECTID": 26991, "US_NODE_ID": "2176130101", "DS_NODE_ID": "2176130102", "CONDUIT_LE": 34, "SHAPE_1": "OREC", "CONDUIT_WI": 6928, "CONDUIT_HE": 2192, "US_INVERT": 32.586, "DS_INVERT": 32.549, "USER_TEXT2": "Existing", "SHAPE.LEN": 33.9713114259665}}, {"type": "Feature", "id": 26993, "geometry": {"type": "LineString", "coordinates": [[72.87120598398127, 19.099501814720107], [72.87130110473564, 19.09956794964978]]}, "properties": {"OBJECTID": 26993, "US_NODE_ID": "2176130103", "DS_NODE_ID": "2176130201", "CONDUIT_LE": 12.4, "SHAPE_1": "OREC", "CONDUIT_WI": 6500, "CONDUIT_HE": 2793, "US_INVERT": 32.535000000000004, "DS_INVERT": 32.521, "USER_TEXT2": "Existing", "SHAPE.LEN": 12.403628501370099}}, {"type": "Feature", "id": 26995, "geometry": {"type": "LineString", "coordinates": [[72.87153667053529, 19.09972242174758], [72.87177128676053, 19.099876882601656]]}, "properties": {"OBJECTID": 26995, "US_NODE_ID": "2176130202", "DS_NODE_ID": "2176130203", "CONDUIT_LE": 30, "SHAPE_1": "OREC", "CONDUIT_WI": 6113, "CONDUIT_HE": 2428, "US_INVERT": 32.49, "DS_INVERT": 32.458, "USER_TEXT2": "Existing", "SHAPE.LEN": 30.037476591751197}}, {"type": "Feature", "id": 26996, "geometry": {"type": "LineString", "coordinates": [[72.87177128676053, 19.099876882601656], [72.87200686501971, 19.10003045104507]]}, "properties": {"OBJECTID": 26996, "US_NODE_ID": "2176130203", "DS_NODE_ID": "2176131201", "CONDUIT_LE": 30.1, "SHAPE_1": "OREC", "CONDUIT_WI": 7081, "CONDUIT_HE": 2470, "US_INVERT": 32.458, "DS_INVERT": 32.426, "USER_TEXT2": "Existing", "SHAPE.LEN": 30.0647634283059}}, {"type": "Feature", "id": 27078, "geometry": {"type": "LineString", "coordinates": [[72.8723768461367, 19.112480820451786], [72.87156449751312, 19.11121046831551]]}, "properties": {"OBJECTID": 27078, "US_NODE_ID": "2176141601", "DS_NODE_ID": "2176140401", "CONDUIT_LE": 164.6, "SHAPE_1": "RECT", "CONDUIT_WI": 2000, "CONDUIT_HE": 2000, "US_INVERT": 37.968, "DS_INVERT": 37.325, "USER_TEXT2": "Existing", "SHAPE.LEN": 164.59647626847902}}, {"type": "Feature", "id": 26770, "geometry": {"type": "LineString", "coordinates": [[72.87306131157385, 19.059872506123554], [72.87247457742512, 19.059176544326892]]}, "properties": {"OBJECTID": 26770, "US_NODE_ID": "2176081804", "DS_NODE_ID": "2176081701", "CONDUIT_LE": 98.8, "SHAPE_1": "OREC", "CONDUIT_WI": 3500, "CONDUIT_HE": 1474, "US_INVERT": 26.203000000000003, "DS_INVERT": 26.023, "USER_TEXT2": "Proposal", "SHAPE.LEN": 98.7571769543865}}, {"type": "Feature", "id": 26871, "geometry": {"type": "LineString", "coordinates": [[72.87372973619708, 19.074421042262365], [72.87262154057709, 19.075127256159725]]}, "properties": {"OBJECTID": 26871, "US_NODE_ID": "2176102401", "DS_NODE_ID": "2176101401", "CONDUIT_LE": 140.4, "SHAPE_1": "RECT", "CONDUIT_WI": 2000, "CONDUIT_HE": 3241, "US_INVERT": 26.32, "DS_INVERT": 26.172, "USER_TEXT2": "Proposal", "SHAPE.LEN": 140.437352581142}}, {"type": "Feature", "id": 27009, "geometry": {"type": "LineString", "coordinates": [[72.87259593157698, 19.10062799477736], [72.87306237020475, 19.100784229621624]]}, "properties": {"OBJECTID": 27009, "US_NODE_ID": "2176131302", "DS_NODE_ID": "2176132302", "CONDUIT_LE": 52.1, "SHAPE_1": "OREC", "CONDUIT_WI": 8000, "CONDUIT_HE": 3299, "US_INVERT": 31.909000000000002, "DS_INVERT": 31.517000000000003, "USER_TEXT2": "Existing", "SHAPE.LEN": 52.051705063331006}}, {"type": "Feature", "id": 27028, "geometry": {"type": "LineString", "coordinates": [[72.87283222240933, 19.100874606942366], [72.87306237020475, 19.100784229621624]]}, "properties": {"OBJECTID": 27028, "US_NODE_ID": "2176132301", "DS_NODE_ID": "2176132302", "CONDUIT_LE": 26.2, "SHAPE_1": "OREC", "CONDUIT_WI": 20000, "CONDUIT_HE": 5530, "US_INVERT": 30.558, "DS_INVERT": 30.5, "USER_TEXT2": "Existing", "SHAPE.LEN": 26.208777155754497}}, {"type": "Feature", "id": 27013, "geometry": {"type": "LineString", "coordinates": [[72.87181452939039, 19.102884353344216], [72.8720995664113, 19.1028858419133]]}, "properties": {"OBJECTID": 27013, "US_NODE_ID": "2176131501", "DS_NODE_ID": "2176131502", "CONDUIT_LE": 30, "SHAPE_1": "OREC", "CONDUIT_WI": 3000, "CONDUIT_HE": 3342, "US_INVERT": 32.726, "DS_INVERT": 32.587, "USER_TEXT2": "Existing", "SHAPE.LEN": 30.000666659259398}}, {"type": "Feature", "id": 26823, "geometry": {"type": "LineString", "coordinates": [[72.87386519354729, 19.06655874438051], [72.87354932299733, 19.066521680752484]]}, "properties": {"OBJECTID": 26823, "US_NODE_ID": "2176092502", "DS_NODE_ID": "2176092501", "CONDUIT_LE": 33.5, "SHAPE_1": "RECT", "CONDUIT_WI": 3000, "CONDUIT_HE": 1500, "US_INVERT": 26.137, "DS_INVERT": 26, "USER_TEXT2": "Proposal", "SHAPE.LEN": 33.5049250111084}}, {"type": "Feature", "id": 26868, "geometry": {"type": "LineString", "coordinates": [[72.87392841433457, 19.072028768360553], [72.8740468703939, 19.072200852407974]]}, "properties": {"OBJECTID": 26868, "US_NODE_ID": "2176102101", "DS_NODE_ID": "2176102102", "CONDUIT_LE": 22.8, "SHAPE_1": "OREC", "CONDUIT_WI": 4500, "CONDUIT_HE": 2393, "US_INVERT": 25.606, "DS_INVERT": 25.525000000000002, "USER_TEXT2": "Proposal", "SHAPE.LEN": 22.7705950734714}}, {"type": "Feature", "id": 26869, "geometry": {"type": "LineString", "coordinates": [[72.8740468703939, 19.072200852407974], [72.87374608504497, 19.072544238385966]]}, "properties": {"OBJECTID": 26869, "US_NODE_ID": "2176102102", "DS_NODE_ID": "2176102201", "CONDUIT_LE": 49.5, "SHAPE_1": "OREC", "CONDUIT_WI": 4500, "CONDUIT_HE": 3591, "US_INVERT": 25.525000000000002, "DS_INVERT": 25.348000000000003, "USER_TEXT2": "Proposal", "SHAPE.LEN": 49.477267507411895}}, {"type": "Feature", "id": 26884, "geometry": {"type": "LineString", "coordinates": [[72.8751109826075, 19.073608673228563], [72.87372973619708, 19.074421042262365]]}, "properties": {"OBJECTID": 26884, "US_NODE_ID": "2176104301", "DS_NODE_ID": "2176102401", "CONDUIT_LE": 171, "SHAPE_1": "RECT", "CONDUIT_WI": 2000, "CONDUIT_HE": 3932, "US_INVERT": 26.5, "DS_INVERT": 26.32, "USER_TEXT2": "Proposal", "SHAPE.LEN": 170.971869031136}}, {"type": "Feature", "id": 26949, "geometry": {"type": "LineString", "coordinates": [[72.87376104118337, 19.081867947842326], [72.87423816486495, 19.08140646337563]]}, "properties": {"OBJECTID": 26949, "US_NODE_ID": "2176112201", "DS_NODE_ID": "2176113101", "CONDUIT_LE": 71.60000000000001, "SHAPE_1": "OREC", "CONDUIT_WI": 2000, "CONDUIT_HE": 3957, "US_INVERT": 26.572000000000003, "DS_INVERT": 26.5, "USER_TEXT2": "Proposal", "SHAPE.LEN": 71.64530689445048}}, {"type": "Feature", "id": 26950, "geometry": {"type": "LineString", "coordinates": [[72.87318365695474, 19.085344284131303], [72.87460343231281, 19.084051833779]]}, "properties": {"OBJECTID": 26950, "US_NODE_ID": "2176112601", "DS_NODE_ID": "2176113401", "CONDUIT_LE": 206.9, "SHAPE_1": "OREC", "CONDUIT_WI": 2000, "CONDUIT_HE": 1848, "US_INVERT": 28.651, "DS_INVERT": 28.463, "USER_TEXT2": "Proposal", "SHAPE.LEN": 206.90891715921802}}, {"type": "Feature", "id": 27035, "geometry": {"type": "LineString", "coordinates": [[72.87406053429173, 19.100821050337885], [72.87430838983144, 19.100832041747644]]}, "properties": {"OBJECTID": 27035, "US_NODE_ID": "2176133302", "DS_NODE_ID": "2176133303", "CONDUIT_LE": 26.1, "SHAPE_1": "OREC", "CONDUIT_WI": 22000, "CONDUIT_HE": 6372, "US_INVERT": 29.806, "DS_INVERT": 29.789, "USER_TEXT2": "Existing", "SHAPE.LEN": 26.115512631384398}}, {"type": "Feature", "id": 26848, "geometry": {"type": "LineString", "coordinates": [[72.8753003020896, 19.070309405224958], [72.8753221602999, 19.070606832893795]]}, "properties": {"OBJECTID": 26848, "US_NODE_ID": "2176094903", "DS_NODE_ID": "2176094904", "CONDUIT_LE": 33, "SHAPE_1": "RECT", "CONDUIT_WI": 2000, "CONDUIT_HE": 2000, "US_INVERT": 25.3, "DS_INVERT": 25.105, "USER_TEXT2": "Proposal", "SHAPE.LEN": 33.0106043567821}}, {"type": "Feature", "id": 26883, "geometry": {"type": "LineString", "coordinates": [[72.87569222379828, 19.072802430225725], [72.8755592297473, 19.071907563753896]]}, "properties": {"OBJECTID": 26883, "US_NODE_ID": "2176104201", "DS_NODE_ID": "2176104102", "CONDUIT_LE": 100.10000000000001, "SHAPE_1": "RECT", "CONDUIT_WI": 5000, "CONDUIT_HE": 1147, "US_INVERT": 27.02, "DS_INVERT": 26.885, "USER_TEXT2": "Proposal", "SHAPE.LEN": 100.061231253668}}, {"type": "Feature", "id": 26889, "geometry": {"type": "LineString", "coordinates": [[72.87545408777481, 19.079408004051952], [72.87570840586137, 19.079286579290162]]}, "properties": {"OBJECTID": 26889, "US_NODE_ID": "2176104903", "DS_NODE_ID": "2176104904", "CONDUIT_LE": 30, "SHAPE_1": "OREC", "CONDUIT_WI": 6511, "CONDUIT_HE": 2816, "US_INVERT": 26.279, "DS_INVERT": 26.216, "USER_TEXT2": "Existing", "SHAPE.LEN": 29.9568005033915}}, {"type": "Feature", "id": 26985, "geometry": {"type": "LineString", "coordinates": [[72.87429593536842, 19.091690835001366], [72.87487680931459, 19.091589146292904]]}, "properties": {"OBJECTID": 26985, "US_NODE_ID": "2176123301", "DS_NODE_ID": "2176124301", "CONDUIT_LE": 62.2, "SHAPE_1": "RECT", "CONDUIT_WI": 8000, "CONDUIT_HE": 1556, "US_INVERT": 30.683, "DS_INVERT": 30.587, "USER_TEXT2": "Proposal", "SHAPE.LEN": 62.169124169478195}}, {"type": "Feature", "id": 27049, "geometry": {"type": "LineString", "coordinates": [[72.87498322992816, 19.1055756604362], [72.87476859240229, 19.105715898393093]]}, "properties": {"OBJECTID": 27049, "US_NODE_ID": "2176134802", "DS_NODE_ID": "2176134801", "CONDUIT_LE": 27.400000000000002, "SHAPE_1": "OREC", "CONDUIT_WI": 9000, "CONDUIT_HE": 4084, "US_INVERT": 31.964000000000002, "DS_INVERT": 31.96, "USER_TEXT2": "Existing", "SHAPE.LEN": 27.4116763442151}}, {"type": "Feature", "id": 27102, "geometry": {"type": "LineString", "coordinates": [[72.87628200163445, 19.111120809484973], [72.87618104958439, 19.11087344096662]]}, "properties": {"OBJECTID": 27102, "US_NODE_ID": "2176145403", "DS_NODE_ID": "2176145401", "CONDUIT_LE": 29.400000000000002, "SHAPE_1": "OREC", "CONDUIT_WI": 5002, "CONDUIT_HE": 1837, "US_INVERT": 34.761, "DS_INVERT": 34.718, "USER_TEXT2": "Existing", "SHAPE.LEN": 29.376636123967597}}, {"type": "Feature", "id": 27110, "geometry": {"type": "LineString", "coordinates": [[72.87630395962185, 19.11257406042478], [72.8760626555878, 19.11234636187241]]}, "properties": {"OBJECTID": 27110, "US_NODE_ID": "2176145604", "DS_NODE_ID": "2176145603", "CONDUIT_LE": 35.800000000000004, "SHAPE_1": "OREC", "CONDUIT_WI": 3500, "CONDUIT_HE": 2693, "US_INVERT": 35.035000000000004, "DS_INVERT": 34.983000000000004, "USER_TEXT2": "Existing", "SHAPE.LEN": 35.78407467016579}}, {"type": "Feature", "id": 26786, "geometry": {"type": "LineString", "coordinates": [[72.87751429787234, 19.055539230740138], [72.87751156328227, 19.055268305286194]]}, "properties": {"OBJECTID": 26786, "US_NODE_ID": "2176086301", "DS_NODE_ID": "2176086201", "CONDUIT_LE": 30, "SHAPE_1": "OREC", "CONDUIT_WI": 22500, "CONDUIT_HE": 2734, "US_INVERT": 25.273, "DS_INVERT": 25.273, "USER_TEXT2": "Existing", "SHAPE.LEN": 29.9973604627141}}, {"type": "Feature", "id": 26899, "geometry": {"type": "LineString", "coordinates": [[72.87723089329185, 19.072233933780023], [72.8769632420899, 19.072288660638254]]}, "properties": {"OBJECTID": 26899, "US_NODE_ID": "2176106102", "DS_NODE_ID": "2176106101", "CONDUIT_LE": 28.8, "SHAPE_1": "RECT", "CONDUIT_WI": 2000, "CONDUIT_HE": 2000, "US_INVERT": 31.096, "DS_INVERT": 30.324, "USER_TEXT2": "Proposal", "SHAPE.LEN": 28.8196113783653}}, {"type": "Feature", "id": 26903, "geometry": {"type": "LineString", "coordinates": [[72.87753506619829, 19.07609891754615], [72.87762290687195, 19.076213741180812]]}, "properties": {"OBJECTID": 26903, "US_NODE_ID": "2176106601", "DS_NODE_ID": "2176106602", "CONDUIT_LE": 15.700000000000001, "SHAPE_1": "RECT", "CONDUIT_WI": 3000, "CONDUIT_HE": 2000, "US_INVERT": 26.2, "DS_INVERT": 26.181, "USER_TEXT2": "Existing", "SHAPE.LEN": 15.720050890502899}}, {"type": "Feature", "id": 26969, "geometry": {"type": "LineString", "coordinates": [[72.87683641862557, 19.087083660284684], [72.87741906048538, 19.087140054501603]]}, "properties": {"OBJECTID": 26969, "US_NODE_ID": "2176116801", "DS_NODE_ID": "2176116802", "CONDUIT_LE": 61.6, "SHAPE_1": "OREC", "CONDUIT_WI": 3000, "CONDUIT_HE": 2676, "US_INVERT": 27.533, "DS_INVERT": 27.330000000000002, "USER_TEXT2": "Proposal", "SHAPE.LEN": 61.6458433310795}}, {"type": "Feature", "id": 27099, "geometry": {"type": "LineString", "coordinates": [[72.87632622641105, 19.110086720773396], [72.87655466737364, 19.10999468185589]]}, "properties": {"OBJECTID": 27099, "US_NODE_ID": "2176145302", "DS_NODE_ID": "2176146301", "CONDUIT_LE": 26.1, "SHAPE_1": "OREC", "CONDUIT_WI": 5002, "CONDUIT_HE": 1819, "US_INVERT": 34.589, "DS_INVERT": 34.551, "USER_TEXT2": "Existing", "SHAPE.LEN": 26.1127909571153}}, {"type": "Feature", "id": 27106, "geometry": {"type": "LineString", "coordinates": [[72.87626854196299, 19.11144127680334], [72.87628200163445, 19.111120809484973]]}, "properties": {"OBJECTID": 27106, "US_NODE_ID": "2176145504", "DS_NODE_ID": "2176145403", "CONDUIT_LE": 35.5, "SHAPE_1": "OREC", "CONDUIT_WI": 5002, "CONDUIT_HE": 1778, "US_INVERT": 34.813, "DS_INVERT": 34.761, "USER_TEXT2": "Existing", "SHAPE.LEN": 35.5095835134686}}, {"type": "Feature", "id": 27123, "geometry": {"type": "LineString", "coordinates": [[72.87653739087618, 19.112897414129286], [72.87651416882947, 19.11285559586599]]}, "properties": {"OBJECTID": 27123, "US_NODE_ID": "2176146603", "DS_NODE_ID": "2176146602", "CONDUIT_LE": 5.2, "SHAPE_1": "RECT", "CONDUIT_WI": 6000, "CONDUIT_HE": 2771, "US_INVERT": 35.257000000000005, "DS_INVERT": 35.230000000000004, "USER_TEXT2": "Existing", "SHAPE.LEN": 5.23545604508337}}, {"type": "Feature", "id": 26796, "geometry": {"type": "LineString", "coordinates": [[72.87880500189004, 19.05722741905979], [72.8785725969023, 19.057069247985545]]}, "properties": {"OBJECTID": 26796, "US_NODE_ID": "2176087501", "DS_NODE_ID": "2176087403", "CONDUIT_LE": 30.1, "SHAPE_1": "OREC", "CONDUIT_WI": 22500, "CONDUIT_HE": 2645, "US_INVERT": 25.442, "DS_INVERT": 25.421000000000003, "USER_TEXT2": "Existing", "SHAPE.LEN": 30.0886250980333}}, {"type": "Feature", "id": 27133, "geometry": {"type": "LineString", "coordinates": [[72.8780481201239, 19.11469698890429], [72.87788026260807, 19.11452162559839]]}, "properties": {"OBJECTID": 27133, "US_NODE_ID": "2176147803", "DS_NODE_ID": "2176147802", "CONDUIT_LE": 26.2, "SHAPE_1": "OREC", "CONDUIT_WI": 7768, "CONDUIT_HE": 2616, "US_INVERT": 36.712, "DS_INVERT": 36.578, "USER_TEXT2": "Existing", "SHAPE.LEN": 26.2497619036821}}, {"type": "Feature", "id": 26811, "geometry": {"type": "LineString", "coordinates": [[72.87998984164544, 19.058185807193556], [72.87990050866559, 19.058090915892777]]}, "properties": {"OBJECTID": 26811, "US_NODE_ID": "2176089601", "DS_NODE_ID": "2176088601", "CONDUIT_LE": 14.1, "SHAPE_1": "OREC", "CONDUIT_WI": 22500, "CONDUIT_HE": 2949, "US_INVERT": 25.558, "DS_INVERT": 25.548000000000002, "USER_TEXT2": "Existing", "SHAPE.LEN": 14.1006105460012}}, {"type": "Feature", "id": 26921, "geometry": {"type": "LineString", "coordinates": [[72.8791909853715, 19.077672372149433], [72.87901493610568, 19.077791465667488]]}, "properties": {"OBJECTID": 26921, "US_NODE_ID": "2176108703", "DS_NODE_ID": "2176108702", "CONDUIT_LE": 22.7, "SHAPE_1": "OREC", "CONDUIT_WI": 3096, "CONDUIT_HE": 2382, "US_INVERT": 26.076, "DS_INVERT": 25.959, "USER_TEXT2": "Existing", "SHAPE.LEN": 22.7441184045458}}, {"type": "Feature", "id": 26926, "geometry": {"type": "LineString", "coordinates": [[72.87976770715726, 19.077777328357257], [72.87951749980017, 19.077731510761517]]}, "properties": {"OBJECTID": 26926, "US_NODE_ID": "2176109701", "DS_NODE_ID": "2176108704", "CONDUIT_LE": 26.8, "SHAPE_1": "OREC", "CONDUIT_WI": 3096, "CONDUIT_HE": 2047, "US_INVERT": 26.391000000000002, "DS_INVERT": 26.254, "USER_TEXT2": "Existing", "SHAPE.LEN": 26.8223084200447}}, {"type": "Feature", "id": 28531, "geometry": {"type": "LineString", "coordinates": [[72.88071906907476, 19.08499536471998], [72.87940088229814, 19.085078236323845]]}, "properties": {"OBJECTID": 28531, "US_NODE_ID": "2177110501", "DS_NODE_ID": "2176118503", "CONDUIT_LE": 139.1, "SHAPE_1": "RECT", "CONDUIT_WI": 3000, "CONDUIT_HE": 1500, "US_INVERT": 28.066000000000003, "DS_INVERT": 27.274, "USER_TEXT2": "Existing", "SHAPE.LEN": 139.056740942178}}, {"type": "Feature", "id": 27069, "geometry": {"type": "LineString", "coordinates": [[72.8789329954511, 19.101271980356838], [72.87931385681723, 19.100837379320815]]}, "properties": {"OBJECTID": 27069, "US_NODE_ID": "2176138301", "DS_NODE_ID": "2176138302", "CONDUIT_LE": 62.6, "SHAPE_1": "OREC", "CONDUIT_WI": 2000, "CONDUIT_HE": 2028, "US_INVERT": 32.1, "DS_INVERT": 28.400000000000002, "USER_TEXT2": "Proposal", "SHAPE.LEN": 62.6275498482896}}, {"type": "Feature", "id": 27070, "geometry": {"type": "LineString", "coordinates": [[72.87895469733708, 19.10173109094439], [72.8789329954511, 19.101271980356838]]}, "properties": {"OBJECTID": 27070, "US_NODE_ID": "2176138401", "DS_NODE_ID": "2176138301", "CONDUIT_LE": 50.9, "SHAPE_1": "OREC", "CONDUIT_WI": 2000, "CONDUIT_HE": 2000, "US_INVERT": 32.4, "DS_INVERT": 32.1, "USER_TEXT2": "Proposal", "SHAPE.LEN": 50.882708261255104}}, {"type": "Feature", "id": 26817, "geometry": {"type": "LineString", "coordinates": [[72.88061222925975, 19.058162383020687], [72.88046691616492, 19.058501612158825], [72.88046689494153, 19.058503282066965]]}, "properties": {"OBJECTID": 26817, "US_NODE_ID": "2176089607", "DS_NODE_ID": "2176089605", "CONDUIT_LE": 40.7, "SHAPE_1": "OREC", "CONDUIT_WI": 3848, "CONDUIT_HE": 2326, "US_INVERT": 25.673000000000002, "DS_INVERT": 25.538, "USER_TEXT2": "Existing", "SHAPE.LEN": 40.739324506458}}, {"type": "Feature", "id": 28063, "geometry": {"type": "LineString", "coordinates": [[72.8813560483468, 19.05886492960357], [72.88111315388761, 19.05872583543099]]}, "properties": {"OBJECTID": 28063, "US_NODE_ID": "2177080602", "DS_NODE_ID": "2177080601", "CONDUIT_LE": 29.900000000000002, "SHAPE_1": "OREC", "CONDUIT_WI": 15000, "CONDUIT_HE": 2090, "US_INVERT": 25.67, "DS_INVERT": 25.650000000000002, "USER_TEXT2": "Existing", "SHAPE.LEN": 29.850525627700396}}, {"type": "Feature", "id": 26859, "geometry": {"type": "LineString", "coordinates": [[72.88041627367105, 19.070077512086534], [72.88063108558924, 19.069878048934843]]}, "properties": {"OBJECTID": 26859, "US_NODE_ID": "2176099901", "DS_NODE_ID": "2176099902", "CONDUIT_LE": 31.6, "SHAPE_1": "RECT", "CONDUIT_WI": 6500, "CONDUIT_HE": 1893, "US_INVERT": 28.812, "DS_INVERT": 28.561, "USER_TEXT2": "Existing", "SHAPE.LEN": 31.607956918788698}}, {"type": "Feature", "id": 28307, "geometry": {"type": "LineString", "coordinates": [[72.88110822932853, 19.073667168848555], [72.88118702827398, 19.07364190597422]]}, "properties": {"OBJECTID": 28307, "US_NODE_ID": "2177100303", "DS_NODE_ID": "2177100304", "CONDUIT_LE": 8.8, "SHAPE_1": "RECT", "CONDUIT_WI": 5000, "CONDUIT_HE": 1462, "US_INVERT": 28.016000000000002, "DS_INVERT": 27.983, "USER_TEXT2": "Existing", "SHAPE.LEN": 8.753896319354029}}, {"type": "Feature", "id": 26930, "geometry": {"type": "LineString", "coordinates": [[72.88048356971863, 19.07772169442539], [72.88026399808983, 19.07771053823021]]}, "properties": {"OBJECTID": 26930, "US_NODE_ID": "2176109705", "DS_NODE_ID": "2176109704", "CONDUIT_LE": 23.1, "SHAPE_1": "OREC", "CONDUIT_WI": 2911, "CONDUIT_HE": 1989, "US_INVERT": 26.839000000000002, "DS_INVERT": 26.72, "USER_TEXT2": "Existing", "SHAPE.LEN": 23.1463303313938}}, {"type": "Feature", "id": 28603, "geometry": {"type": "LineString", "coordinates": [[72.88053911509206, 19.094085997900525], [72.88017868023539, 19.094186628584804]]}, "properties": {"OBJECTID": 28603, "US_NODE_ID": "2177120501", "DS_NODE_ID": "2176129501", "CONDUIT_LE": 39.5, "SHAPE_1": "OREC", "CONDUIT_WI": 3000, "CONDUIT_HE": 2000, "US_INVERT": 29, "DS_INVERT": 28.5, "USER_TEXT2": "Proposal", "SHAPE.LEN": 39.5398533128286}}, {"type": "Feature", "id": 28605, "geometry": {"type": "LineString", "coordinates": [[72.8811370326199, 19.094287984836008], [72.88069544928065, 19.094344325842776]]}, "properties": {"OBJECTID": 28605, "US_NODE_ID": "2177120602", "DS_NODE_ID": "2177120601", "CONDUIT_LE": 46.9, "SHAPE_1": "OREC", "CONDUIT_WI": 3000, "CONDUIT_HE": 2000, "US_INVERT": 29.78, "DS_INVERT": 29.6, "USER_TEXT2": "Proposal", "SHAPE.LEN": 46.89562879416369}}, {"type": "Feature", "id": 28712, "geometry": {"type": "LineString", "coordinates": [[72.8809955211013, 19.109053913340755], [72.8807443488252, 19.10781083271614]]}, "properties": {"OBJECTID": 28712, "US_NODE_ID": "2177140201", "DS_NODE_ID": "2177140101", "CONDUIT_LE": 140.1, "SHAPE_1": "RECT", "CONDUIT_WI": 2000, "CONDUIT_HE": 1500, "US_INVERT": 36.599000000000004, "DS_INVERT": 35.868, "USER_TEXT2": "Proposal", "SHAPE.LEN": 140.14599530489602}}, {"type": "Feature", "id": 28076, "geometry": {"type": "LineString", "coordinates": [[72.88202305268427, 19.05478813503767], [72.88196626632812, 19.054891099446888]]}, "properties": {"OBJECTID": 28076, "US_NODE_ID": "2177081202", "DS_NODE_ID": "2177081201", "CONDUIT_LE": 12.9, "SHAPE_1": "OREC", "CONDUIT_WI": 7600, "CONDUIT_HE": 1622, "US_INVERT": 26.917, "DS_INVERT": 26.917, "USER_TEXT2": "Existing", "SHAPE.LEN": 12.872400770641}}, {"type": "Feature", "id": 28530, "geometry": {"type": "LineString", "coordinates": [[72.8815129324774, 19.081174102702914], [72.88130571810366, 19.081256627726024]]}, "properties": {"OBJECTID": 28530, "US_NODE_ID": "2177110104", "DS_NODE_ID": "2177110102", "CONDUIT_LE": 23.6, "SHAPE_1": "CIRC", "CONDUIT_WI": 1800, "CONDUIT_HE": 1800, "US_INVERT": 27, "DS_INVERT": 26.8, "USER_TEXT2": "Proposal", "SHAPE.LEN": 23.6484671807709}}, {"type": "Feature", "id": 28718, "geometry": {"type": "LineString", "coordinates": [[72.88210263560413, 19.111657234541514], [72.88154611246071, 19.11066265188354]]}, "properties": {"OBJECTID": 28718, "US_NODE_ID": "2177142501", "DS_NODE_ID": "2177141401", "CONDUIT_LE": 124.7, "SHAPE_1": "RECT", "CONDUIT_WI": 1500, "CONDUIT_HE": 1500, "US_INVERT": 37.284, "DS_INVERT": 37.146, "USER_TEXT2": "Proposal", "SHAPE.LEN": 124.72517789123401}}, {"type": "Feature", "id": 28091, "geometry": {"type": "LineString", "coordinates": [[72.88299497870963, 19.059941172515206], [72.88276352164893, 19.05978200713097]]}, "properties": {"OBJECTID": 28091, "US_NODE_ID": "2177082801", "DS_NODE_ID": "2177082701", "CONDUIT_LE": 30.1, "SHAPE_1": "OREC", "CONDUIT_WI": 15000, "CONDUIT_HE": 2496, "US_INVERT": 25.811, "DS_INVERT": 25.791, "USER_TEXT2": "Existing", "SHAPE.LEN": 30.071516128057098}}, {"type": "Feature", "id": 28148, "geometry": {"type": "LineString", "coordinates": [[72.88326269009337, 19.066754920417228], [72.88334843978562, 19.06657550209507]]}, "properties": {"OBJECTID": 28148, "US_NODE_ID": "2177092507", "DS_NODE_ID": "2177092509", "CONDUIT_LE": 21.8, "SHAPE_1": "OREC", "CONDUIT_WI": 9870, "CONDUIT_HE": 1529, "US_INVERT": 26.97, "DS_INVERT": 26.95, "USER_TEXT2": "Existing", "SHAPE.LEN": 21.819466491415398}}, {"type": "Feature", "id": 28156, "geometry": {"type": "LineString", "coordinates": [[72.88298357754906, 19.067130724063627], [72.88302301603281, 19.067017121442795]]}, "properties": {"OBJECTID": 28156, "US_NODE_ID": "2177092605", "DS_NODE_ID": "2177092502", "CONDUIT_LE": 13.200000000000001, "SHAPE_1": "OREC", "CONDUIT_WI": 5300, "CONDUIT_HE": 1568, "US_INVERT": 26.991, "DS_INVERT": 26.990000000000002, "USER_TEXT2": "Existing", "SHAPE.LEN": 13.2452030475187}}, {"type": "Feature", "id": 28146, "geometry": {"type": "LineString", "coordinates": [[72.88313977216274, 19.066889589215997], [72.88326269009337, 19.066754920417228]]}, "properties": {"OBJECTID": 28146, "US_NODE_ID": "2177092505", "DS_NODE_ID": "2177092507", "CONDUIT_LE": 19.7, "SHAPE_1": "OREC", "CONDUIT_WI": 9460, "CONDUIT_HE": 1099, "US_INVERT": 26.98, "DS_INVERT": 26.97, "USER_TEXT2": "Existing", "SHAPE.LEN": 19.7420814568778}}, {"type": "Feature", "id": 28157, "geometry": {"type": "LineString", "coordinates": [[72.88270194182621, 19.068502206223467], [72.88249799142102, 19.068329145240224]]}, "properties": {"OBJECTID": 28157, "US_NODE_ID": "2177092701", "DS_NODE_ID": "2177091708", "CONDUIT_LE": 28.8, "SHAPE_1": "OREC", "CONDUIT_WI": 7433, "CONDUIT_HE": 1628, "US_INVERT": 27.009, "DS_INVERT": 27.004, "USER_TEXT2": "Existing", "SHAPE.LEN": 28.7767267075323}}, {"type": "Feature", "id": 28329, "geometry": {"type": "LineString", "coordinates": [[72.8833708954636, 19.07387533147362], [72.88345072735028, 19.073648623347882]]}, "properties": {"OBJECTID": 28329, "US_NODE_ID": "2177102302", "DS_NODE_ID": "2177102303", "CONDUIT_LE": 26.5, "SHAPE_1": "OREC", "CONDUIT_WI": 1800, "CONDUIT_HE": 1200, "US_INVERT": 27.637, "DS_INVERT": 27.624000000000002, "USER_TEXT2": "Existing", "SHAPE.LEN": 26.469794105734902}}, {"type": "Feature", "id": 28331, "geometry": {"type": "LineString", "coordinates": [[72.88351414484221, 19.07351747365515], [72.88352661256079, 19.07335864071721]]}, "properties": {"OBJECTID": 28331, "US_NODE_ID": "2177102304", "DS_NODE_ID": "2177102205", "CONDUIT_LE": 17.6, "SHAPE_1": "OREC", "CONDUIT_WI": 1800, "CONDUIT_HE": 1200, "US_INVERT": 27.616, "DS_INVERT": 27.607000000000003, "USER_TEXT2": "Existing", "SHAPE.LEN": 17.6343414960695}}, {"type": "Feature", "id": 28103, "geometry": {"type": "LineString", "coordinates": [[72.88412708664406, 19.060756015149533], [72.8838903936685, 19.06060466387758]]}, "properties": {"OBJECTID": 28103, "US_NODE_ID": "2177083802", "DS_NODE_ID": "2177083801", "CONDUIT_LE": 30, "SHAPE_1": "OREC", "CONDUIT_WI": 15000, "CONDUIT_HE": 2496, "US_INVERT": 25.911, "DS_INVERT": 25.892000000000003, "USER_TEXT2": "Existing", "SHAPE.LEN": 30.0285305882589}}, {"type": "Feature", "id": 28164, "geometry": {"type": "LineString", "coordinates": [[72.88437801302727, 19.063874661861117], [72.88449623741765, 19.06360793895447]]}, "properties": {"OBJECTID": 28164, "US_NODE_ID": "2177093203", "DS_NODE_ID": "2177093205", "CONDUIT_LE": 32, "SHAPE_1": "OREC", "CONDUIT_WI": 5650, "CONDUIT_HE": 2134, "US_INVERT": 26.264000000000003, "DS_INVERT": 26.234, "USER_TEXT2": "Existing", "SHAPE.LEN": 32.0461914024116}}, {"type": "Feature", "id": 28168, "geometry": {"type": "LineString", "coordinates": [[72.88381068572974, 19.065194865863123], [72.88392458793018, 19.06493128156462]]}, "properties": {"OBJECTID": 28168, "US_NODE_ID": "2177093301", "DS_NODE_ID": "2177093302", "CONDUIT_LE": 31.6, "SHAPE_1": "OREC", "CONDUIT_WI": 5650, "CONDUIT_HE": 1517, "US_INVERT": 26.411, "DS_INVERT": 26.381, "USER_TEXT2": "Existing", "SHAPE.LEN": 31.550516149977597}}, {"type": "Feature", "id": 28177, "geometry": {"type": "LineString", "coordinates": [[72.88382530473025, 19.06551293553965], [72.88394549840035, 19.06525455315085]]}, "properties": {"OBJECTID": 28177, "US_NODE_ID": "2177093403", "DS_NODE_ID": "2177093303", "CONDUIT_LE": 31.3, "SHAPE_1": "OREC", "CONDUIT_WI": 10260, "CONDUIT_HE": 1669, "US_INVERT": 26.88, "DS_INVERT": 26.86, "USER_TEXT2": "Existing", "SHAPE.LEN": 31.2805580167618}}, {"type": "Feature", "id": 28170, "geometry": {"type": "LineString", "coordinates": [[72.88394549840035, 19.06525455315085], [72.88406828385415, 19.064987960718945]]}, "properties": {"OBJECTID": 28170, "US_NODE_ID": "2177093303", "DS_NODE_ID": "2177093305", "CONDUIT_LE": 32.2, "SHAPE_1": "OREC", "CONDUIT_WI": 10130, "CONDUIT_HE": 1609, "US_INVERT": 26.86, "DS_INVERT": 26.84, "USER_TEXT2": "Existing", "SHAPE.LEN": 32.222447877372694}}, {"type": "Feature", "id": 28564, "geometry": {"type": "LineString", "coordinates": [[72.88398330369645, 19.08676664778704], [72.8838585705537, 19.08618983050215]]}, "properties": {"OBJECTID": 28564, "US_NODE_ID": "2177113703", "DS_NODE_ID": "2177113701", "CONDUIT_LE": 65.2, "SHAPE_1": "CIRC", "CONDUIT_WI": 900, "CONDUIT_HE": 900, "US_INVERT": 31.168000000000003, "DS_INVERT": 31.097, "USER_TEXT2": "Existing", "SHAPE.LEN": 65.1989263715285}}, {"type": "Feature", "id": 28186, "geometry": {"type": "LineString", "coordinates": [[72.88524394584083, 19.062360142844238], [72.88537550207198, 19.06207717214216]]}, "properties": {"OBJECTID": 28186, "US_NODE_ID": "2177094005", "DS_NODE_ID": "2177094007", "CONDUIT_LE": 34.300000000000004, "SHAPE_1": "OREC", "CONDUIT_WI": 9500, "CONDUIT_HE": 1707, "US_INVERT": 26.292, "DS_INVERT": 26.163, "USER_TEXT2": "Existing", "SHAPE.LEN": 34.2541542922899}}, {"type": "Feature", "id": 28188, "geometry": {"type": "LineString", "coordinates": [[72.88537550207198, 19.06207717214216], [72.88547085543262, 19.06175535636519]]}, "properties": {"OBJECTID": 28188, "US_NODE_ID": "2177094007", "DS_NODE_ID": "2177094008", "CONDUIT_LE": 37, "SHAPE_1": "OREC", "CONDUIT_WI": 10120, "CONDUIT_HE": 1966, "US_INVERT": 26.163, "DS_INVERT": 26.024, "USER_TEXT2": "Existing", "SHAPE.LEN": 37.0173366909344}}, {"type": "Feature", "id": 28184, "geometry": {"type": "LineString", "coordinates": [[72.88512119020854, 19.062624715263414], [72.88524394584083, 19.062360142844238]]}, "properties": {"OBJECTID": 28184, "US_NODE_ID": "2177094003", "DS_NODE_ID": "2177094005", "CONDUIT_LE": 32, "SHAPE_1": "OREC", "CONDUIT_WI": 9500, "CONDUIT_HE": 1886, "US_INVERT": 26.413, "DS_INVERT": 26.292, "USER_TEXT2": "Existing", "SHAPE.LEN": 32.0164948370367}}, {"type": "Feature", "id": 28377, "geometry": {"type": "LineString", "coordinates": [[72.88561331822017, 19.07083722610176], [72.88555814167309, 19.070783235911012]]}, "properties": {"OBJECTID": 28377, "US_NODE_ID": "2177105003", "DS_NODE_ID": "2177105002", "CONDUIT_LE": 8.3, "SHAPE_1": "OREC", "CONDUIT_WI": 8000, "CONDUIT_HE": 1631, "US_INVERT": 27.089000000000002, "DS_INVERT": 27.087, "USER_TEXT2": "Existing", "SHAPE.LEN": 8.3348309173012}}, {"type": "Feature", "id": 28351, "geometry": {"type": "LineString", "coordinates": [[72.88479385203786, 19.0712956634122], [72.88487345813955, 19.071210498417926]]}, "properties": {"OBJECTID": 28351, "US_NODE_ID": "2177104002", "DS_NODE_ID": "2177104003", "CONDUIT_LE": 12.6, "SHAPE_1": "OREC", "CONDUIT_WI": 5000, "CONDUIT_HE": 2079, "US_INVERT": 27.169, "DS_INVERT": 27.146, "USER_TEXT2": "Existing", "SHAPE.LEN": 12.6148750548707}}, {"type": "Feature", "id": 28412, "geometry": {"type": "LineString", "coordinates": [[72.88579089571577, 19.072954667417722], [72.88581333099474, 19.072683942428313]]}, "properties": {"OBJECTID": 28412, "US_NODE_ID": "2177105202!", "DS_NODE_ID": "2177105203!", "CONDUIT_LE": 30.1, "SHAPE_1": "OREC", "CONDUIT_WI": 13000, "CONDUIT_HE": 2228, "US_INVERT": 26.37, "DS_INVERT": 26.349, "USER_TEXT2": "Existing", "SHAPE.LEN": 30.0665927567458}}, {"type": "Feature", "id": 28371, "geometry": {"type": "LineString", "coordinates": [[72.88490637765523, 19.07408636666148], [72.88530705915126, 19.07401755142539]]}, "properties": {"OBJECTID": 28371, "US_NODE_ID": "2177104301!", "DS_NODE_ID": "2177104302!", "CONDUIT_LE": 42.9, "SHAPE_1": "OREC", "CONDUIT_WI": 4500, "CONDUIT_HE": 2177, "US_INVERT": 26.822000000000003, "DS_INVERT": 26.779, "USER_TEXT2": "Existing", "SHAPE.LEN": 42.861414503023596}}, {"type": "Feature", "id": 28370, "geometry": {"type": "LineString", "coordinates": [[72.8853542972475, 19.07327840582827], [72.88523593632524, 19.073201774470597]]}, "properties": {"OBJECTID": 28370, "US_NODE_ID": "2177104205", "DS_NODE_ID": "2177104204", "CONDUIT_LE": 15.1, "SHAPE_1": "OREC", "CONDUIT_WI": 2624, "CONDUIT_HE": 2253, "US_INVERT": 27.216, "DS_INVERT": 27.212, "USER_TEXT2": "Existing", "SHAPE.LEN": 15.0740435441191}}, {"type": "Feature", "id": 28443, "geometry": {"type": "LineString", "coordinates": [[72.88573547891698, 19.073494217832963], [72.88575612326171, 19.07322434760839]]}, "properties": {"OBJECTID": 28443, "US_NODE_ID": "2177105314", "DS_NODE_ID": "2177105204", "CONDUIT_LE": 30, "SHAPE_1": "OREC", "CONDUIT_WI": 13000, "CONDUIT_HE": 2394, "US_INVERT": 26.413, "DS_INVERT": 26.392000000000003, "USER_TEXT2": "Existing", "SHAPE.LEN": 29.957985719503895}}, {"type": "Feature", "id": 28438, "geometry": {"type": "LineString", "coordinates": [[72.88571099385982, 19.073960071662313], [72.88579605325803, 19.073895938424123]]}, "properties": {"OBJECTID": 28438, "US_NODE_ID": "2177105312!", "DS_NODE_ID": "2177105315!", "CONDUIT_LE": 11.4, "SHAPE_1": "OREC", "CONDUIT_WI": 1465, "CONDUIT_HE": 3054, "US_INVERT": 26.745, "DS_INVERT": 26.447000000000003, "USER_TEXT2": "Existing", "SHAPE.LEN": 11.4277210720248}}, {"type": "Feature", "id": 28122, "geometry": {"type": "LineString", "coordinates": [[72.88834152547759, 19.057744732538225], [72.88687342219397, 19.056655730677868]]}, "properties": {"OBJECTID": 28122, "US_NODE_ID": "2177087501", "DS_NODE_ID": "2177086401", "CONDUIT_LE": 196, "SHAPE_1": "OREC", "CONDUIT_WI": 4000, "CONDUIT_HE": 3578, "US_INVERT": 26.021, "DS_INVERT": 25.893, "USER_TEXT2": "Existing", "SHAPE.LEN": 196.024717829155}}, {"type": "Feature", "id": 28207, "geometry": {"type": "LineString", "coordinates": [[72.88606352785001, 19.06209650913886], [72.8860360546206, 19.062082826644087]]}, "properties": {"OBJECTID": 28207, "US_NODE_ID": "2177095004", "DS_NODE_ID": "2177095003", "CONDUIT_LE": 3.3000000000000003, "SHAPE_1": "RECT", "CONDUIT_WI": 13000, "CONDUIT_HE": 2275, "US_INVERT": 26.031000000000002, "DS_INVERT": 26.031000000000002, "USER_TEXT2": "Existing", "SHAPE.LEN": 3.2649579017194097}}, {"type": "Feature", "id": 28208, "geometry": {"type": "LineString", "coordinates": [[72.88613591194299, 19.062235284363847], [72.88614084081418, 19.06214105968058]]}, "properties": {"OBJECTID": 28208, "US_NODE_ID": "2177095005", "DS_NODE_ID": "2177095006", "CONDUIT_LE": 10.4, "SHAPE_1": "OREC", "CONDUIT_WI": 13000, "CONDUIT_HE": 2473, "US_INVERT": 26.033, "DS_INVERT": 26.032, "USER_TEXT2": "Existing", "SHAPE.LEN": 10.4450997553877}}, {"type": "Feature", "id": 28216, "geometry": {"type": "LineString", "coordinates": [[72.88660246135274, 19.062876402129763], [72.886425104239, 19.062665040802013]]}, "properties": {"OBJECTID": 28216, "US_NODE_ID": "2177096101", "DS_NODE_ID": "2177095101", "CONDUIT_LE": 29.900000000000002, "SHAPE_1": "OREC", "CONDUIT_WI": 10132, "CONDUIT_HE": 2295, "US_INVERT": 26.041, "DS_INVERT": 26.038, "USER_TEXT2": "Existing", "SHAPE.LEN": 29.9370561172938}}, {"type": "Feature", "id": 28217, "geometry": {"type": "LineString", "coordinates": [[72.88677864204966, 19.063089700011748], [72.88660246135274, 19.062876402129763]]}, "properties": {"OBJECTID": 28217, "US_NODE_ID": "2177096102", "DS_NODE_ID": "2177096101", "CONDUIT_LE": 30, "SHAPE_1": "OREC", "CONDUIT_WI": 10127, "CONDUIT_HE": 2182, "US_INVERT": 26.044, "DS_INVERT": 26.041, "USER_TEXT2": "Existing", "SHAPE.LEN": 30.028280511044898}}, {"type": "Feature", "id": 28392, "geometry": {"type": "LineString", "coordinates": [[72.88621735188808, 19.07086576765419], [72.88624726759403, 19.070829076413116]]}, "properties": {"OBJECTID": 28392, "US_NODE_ID": "2177105011", "DS_NODE_ID": "2177105012", "CONDUIT_LE": 5.1000000000000005, "SHAPE_1": "RECT", "CONDUIT_WI": 4000, "CONDUIT_HE": 1925, "US_INVERT": 26.425, "DS_INVERT": 26.422, "USER_TEXT2": "Existing", "SHAPE.LEN": 5.14003891035856}}, {"type": "Feature", "id": 28235, "geometry": {"type": "LineString", "coordinates": [[72.88661316673719, 19.07039706381117], [72.88672525421987, 19.070243792073825]]}, "properties": {"OBJECTID": 28235, "US_NODE_ID": "2177096902", "DS_NODE_ID": "2177096903", "CONDUIT_LE": 20.7, "SHAPE_1": "RECT", "CONDUIT_WI": 10000, "CONDUIT_HE": 2854, "US_INVERT": 26.153000000000002, "DS_INVERT": 26.138, "USER_TEXT2": "Existing", "SHAPE.LEN": 20.6687418700317}}, {"type": "Feature", "id": 28242, "geometry": {"type": "LineString", "coordinates": [[72.88699042947465, 19.069927086726302], [72.8870072154524, 19.069900834838]]}, "properties": {"OBJECTID": 28242, "US_NODE_ID": "2177096906!", "DS_NODE_ID": "2177096907!", "CONDUIT_LE": 3.4, "SHAPE_1": "RECT", "CONDUIT_WI": 10000, "CONDUIT_HE": 2873, "US_INVERT": 26.134, "DS_INVERT": 26.133000000000003, "USER_TEXT2": "Existing", "SHAPE.LEN": 3.4015172158905798}}, {"type": "Feature", "id": 28408, "geometry": {"type": "LineString", "coordinates": [[72.88587335343661, 19.072146279276776], [72.8859032611187, 19.07187548276495]]}, "properties": {"OBJECTID": 28408, "US_NODE_ID": "2177105102", "DS_NODE_ID": "2177105103", "CONDUIT_LE": 30.1, "SHAPE_1": "OREC", "CONDUIT_WI": 13000, "CONDUIT_HE": 2291, "US_INVERT": 26.307000000000002, "DS_INVERT": 26.285, "USER_TEXT2": "Existing", "SHAPE.LEN": 30.146457254709098}}, {"type": "Feature", "id": 28396, "geometry": {"type": "LineString", "coordinates": [[72.88592959871572, 19.07160676617875], [72.88595392164898, 19.071336966026102]]}, "properties": {"OBJECTID": 28396, "US_NODE_ID": "2177105013", "DS_NODE_ID": "2177105014", "CONDUIT_LE": 30, "SHAPE_1": "OREC", "CONDUIT_WI": 13000, "CONDUIT_HE": 2343, "US_INVERT": 26.264000000000003, "DS_INVERT": 26.243000000000002, "USER_TEXT2": "Existing", "SHAPE.LEN": 29.9808272067333}}, {"type": "Feature", "id": 28402, "geometry": {"type": "LineString", "coordinates": [[72.8859920332766, 19.071178426760074], [72.88607241744654, 19.07120735008693]]}, "properties": {"OBJECTID": 28402, "US_NODE_ID": "2177105015", "DS_NODE_ID": "2177105016", "CONDUIT_LE": 9, "SHAPE_1": "OREC", "CONDUIT_WI": 15000, "CONDUIT_HE": 2268, "US_INVERT": 26.23, "DS_INVERT": 25.239, "USER_TEXT2": "Existing", "SHAPE.LEN": 9.04765162901402}}, {"type": "Feature", "id": 28450, "geometry": {"type": "LineString", "coordinates": [[72.88631731997248, 19.074293937888715], [72.88608966719691, 19.074132703996852]]}, "properties": {"OBJECTID": 28450, "US_NODE_ID": "2177105318!", "DS_NODE_ID": "2177105317!", "CONDUIT_LE": 29.900000000000002, "SHAPE_1": "OREC", "CONDUIT_WI": 13000, "CONDUIT_HE": 2301, "US_INVERT": 26.497, "DS_INVERT": 26.476000000000003, "USER_TEXT2": "Existing", "SHAPE.LEN": 29.8824512516962}}, {"type": "Feature", "id": 28470, "geometry": {"type": "LineString", "coordinates": [[72.88619893956475, 19.075154813536752], [72.88608815500416, 19.075044890789115]]}, "properties": {"OBJECTID": 28470, "US_NODE_ID": "2177105408!", "DS_NODE_ID": "2177105406!", "CONDUIT_LE": 16.9, "SHAPE_1": "OREC", "CONDUIT_WI": 1624, "CONDUIT_HE": 2693, "US_INVERT": 26.906000000000002, "DS_INVERT": 26.889000000000003, "USER_TEXT2": "Existing", "SHAPE.LEN": 16.855744602360296}}, {"type": "Feature", "id": 28481, "geometry": {"type": "LineString", "coordinates": [[72.88694282920248, 19.074804941241727], [72.88672728058881, 19.07462923723835]]}, "properties": {"OBJECTID": 28481, "US_NODE_ID": "2177106403", "DS_NODE_ID": "2177106402", "CONDUIT_LE": 29.900000000000002, "SHAPE_1": "OREC", "CONDUIT_WI": 13000, "CONDUIT_HE": 2238, "US_INVERT": 26.559, "DS_INVERT": 26.538, "USER_TEXT2": "Existing", "SHAPE.LEN": 29.8877182886215}}, {"type": "Feature", "id": 28576, "geometry": {"type": "LineString", "coordinates": [[72.88650295065638, 19.081989159433043], [72.88713129539764, 19.08165023202954]]}, "properties": {"OBJECTID": 28576, "US_NODE_ID": "2177116201", "DS_NODE_ID": "2177116202", "CONDUIT_LE": 76, "SHAPE_1": "OREC", "CONDUIT_WI": 4800, "CONDUIT_HE": 2408, "US_INVERT": 27.992, "DS_INVERT": 27.916, "USER_TEXT2": "Existing", "SHAPE.LEN": 76.0445679746423}}, {"type": "Feature", "id": 28585, "geometry": {"type": "LineString", "coordinates": [[72.88694694353056, 19.08625062945416], [72.8867047588395, 19.085221939285162]]}, "properties": {"OBJECTID": 28585, "US_NODE_ID": "2177116702", "DS_NODE_ID": "2177116504", "CONDUIT_LE": 116.7, "SHAPE_1": "RECT", "CONDUIT_WI": 1800, "CONDUIT_HE": 1500, "US_INVERT": 32.567, "DS_INVERT": 32.217, "USER_TEXT2": "Proposal", "SHAPE.LEN": 116.711029374134}}, {"type": "Feature", "id": 28637, "geometry": {"type": "LineString", "coordinates": [[72.88568749397929, 19.09900078185598], [72.88554073791356, 19.09880669504217]]}, "properties": {"OBJECTID": 28637, "US_NODE_ID": "2177135102", "DS_NODE_ID": "2177135101", "CONDUIT_LE": 26.5, "SHAPE_1": "RECT", "CONDUIT_WI": 13000, "CONDUIT_HE": 4099, "US_INVERT": 30.525000000000002, "DS_INVERT": 30.429000000000002, "USER_TEXT2": "Existing", "SHAPE.LEN": 26.4641652672061}}, {"type": "Feature", "id": 28642, "geometry": {"type": "LineString", "coordinates": [[72.88618332363897, 19.099742128080706], [72.88603528758537, 19.099801850885065]]}, "properties": {"OBJECTID": 28642, "US_NODE_ID": "2177136201", "DS_NODE_ID": "2177135202", "CONDUIT_LE": 16.9, "SHAPE_1": "OREC", "CONDUIT_WI": 12000, "CONDUIT_HE": 3954, "US_INVERT": 30.644000000000002, "DS_INVERT": 30.642000000000003, "USER_TEXT2": "Existing", "SHAPE.LEN": 16.9260154791374}}, {"type": "Feature", "id": 28645, "geometry": {"type": "LineString", "coordinates": [[72.88642358467413, 19.099977027435482], [72.88640229817945, 19.099857551110325]]}, "properties": {"OBJECTID": 28645, "US_NODE_ID": "2177136204", "DS_NODE_ID": "2177136203", "CONDUIT_LE": 13.4, "SHAPE_1": "OREC", "CONDUIT_WI": 7356, "CONDUIT_HE": 4503, "US_INVERT": 30.655, "DS_INVERT": 30.653000000000002, "USER_TEXT2": "Existing", "SHAPE.LEN": 13.4164078649987}}, {"type": "Feature", "id": 28646, "geometry": {"type": "LineString", "coordinates": [[72.88652190469183, 19.100091065185875], [72.88642358467413, 19.099977027435482]]}, "properties": {"OBJECTID": 28646, "US_NODE_ID": "2177136205", "DS_NODE_ID": "2177136204", "CONDUIT_LE": 16.3, "SHAPE_1": "OREC", "CONDUIT_WI": 7356, "CONDUIT_HE": 3891, "US_INVERT": 30.657, "DS_INVERT": 30.655, "USER_TEXT2": "Existing", "SHAPE.LEN": 16.3248277173145}}, {"type": "Feature", "id": 28726, "geometry": {"type": "LineString", "coordinates": [[72.88690779763407, 19.107412000125606], [72.886487948426, 19.107549896187876]]}, "properties": {"OBJECTID": 28726, "US_NODE_ID": "2177147001", "DS_NODE_ID": "2177146002", "CONDUIT_LE": 46.800000000000004, "SHAPE_1": "RECT", "CONDUIT_WI": 6000, "CONDUIT_HE": 3000, "US_INVERT": 30.879, "DS_INVERT": 30.7, "USER_TEXT2": "Proposal", "SHAPE.LEN": 46.7508288696575}}, {"type": "Feature", "id": 28247, "geometry": {"type": "LineString", "coordinates": [[72.88762183027563, 19.064494949930918], [72.88749325031166, 19.06425481247536]]}, "properties": {"OBJECTID": 28247, "US_NODE_ID": "2177097301", "DS_NODE_ID": "2177097201", "CONDUIT_LE": 29.8, "SHAPE_1": "OREC", "CONDUIT_WI": 10389, "CONDUIT_HE": 2245, "US_INVERT": 26.061, "DS_INVERT": 26.058, "USER_TEXT2": "Existing", "SHAPE.LEN": 29.8345349816283}}, {"type": "Feature", "id": 28248, "geometry": {"type": "LineString", "coordinates": [[72.8877556498813, 19.064735148245937], [72.88762183027563, 19.064494949930918]]}, "properties": {"OBJECTID": 28248, "US_NODE_ID": "2177097302", "DS_NODE_ID": "2177097301", "CONDUIT_LE": 30.1, "SHAPE_1": "OREC", "CONDUIT_WI": 13965, "CONDUIT_HE": 2161, "US_INVERT": 26.064, "DS_INVERT": 26.061, "USER_TEXT2": "Existing", "SHAPE.LEN": 30.0947553876087}}, {"type": "Feature", "id": 28251, "geometry": {"type": "LineString", "coordinates": [[72.88815695387778, 19.0654516365116], [72.88801796527949, 19.06521563995522]]}, "properties": {"OBJECTID": 28251, "US_NODE_ID": "2177097401", "DS_NODE_ID": "2177097304", "CONDUIT_LE": 29.900000000000002, "SHAPE_1": "OREC", "CONDUIT_WI": 10020, "CONDUIT_HE": 2341, "US_INVERT": 26.073, "DS_INVERT": 26.07, "USER_TEXT2": "Existing", "SHAPE.LEN": 29.9465095029454}}, {"type": "Feature", "id": 28260, "geometry": {"type": "LineString", "coordinates": [[72.88747063698115, 19.068544806746427], [72.88763209847278, 19.06822489284198]]}, "properties": {"OBJECTID": 28260, "US_NODE_ID": "2177097701", "DS_NODE_ID": "2177097703", "CONDUIT_LE": 39.300000000000004, "SHAPE_1": "OREC", "CONDUIT_WI": 13000, "CONDUIT_HE": 3095, "US_INVERT": 26.111, "DS_INVERT": 26.107000000000003, "USER_TEXT2": "Existing", "SHAPE.LEN": 39.286869921769}}, {"type": "Feature", "id": 28224, "geometry": {"type": "LineString", "coordinates": [[72.8870511234385, 19.069851479105804], [72.88707930031097, 19.069819504540753]]}, "properties": {"OBJECTID": 28224, "US_NODE_ID": "2177096802!", "DS_NODE_ID": "2177096803!", "CONDUIT_LE": 4.6000000000000005, "SHAPE_1": "RECT", "CONDUIT_WI": 10000, "CONDUIT_HE": 2874, "US_INVERT": 26.133000000000003, "DS_INVERT": 26.132, "USER_TEXT2": "Existing", "SHAPE.LEN": 4.61850606257045}}, {"type": "Feature", "id": 28226, "geometry": {"type": "LineString", "coordinates": [[72.88707930031097, 19.069819504540753], [72.88728320442311, 19.06963209398232]]}, "properties": {"OBJECTID": 28226, "US_NODE_ID": "2177096803!", "DS_NODE_ID": "2177096804!", "CONDUIT_LE": 29.900000000000002, "SHAPE_1": "OREC", "CONDUIT_WI": 10000, "CONDUIT_HE": 2875, "US_INVERT": 26.132, "DS_INVERT": 26.129, "USER_TEXT2": "Existing", "SHAPE.LEN": 29.854406427192597}}, {"type": "Feature", "id": 28272, "geometry": {"type": "LineString", "coordinates": [[72.88808797322244, 19.07003722513702], [72.88855346703241, 19.07033792838655]]}, "properties": {"OBJECTID": 28272, "US_NODE_ID": "2177097901", "DS_NODE_ID": "2177098901", "CONDUIT_LE": 59.2, "SHAPE_1": "OREC", "CONDUIT_WI": 15000, "CONDUIT_HE": 2439, "US_INVERT": 26.059, "DS_INVERT": 26.056, "USER_TEXT2": "Proposal", "SHAPE.LEN": 59.242299077601594}}, {"type": "Feature", "id": 28490, "geometry": {"type": "LineString", "coordinates": [[72.88804267003829, 19.07566932656727], [72.8878278986727, 19.075489834309053]]}, "properties": {"OBJECTID": 28490, "US_NODE_ID": "2177107503!", "DS_NODE_ID": "2177107502!", "CONDUIT_LE": 30.1, "SHAPE_1": "OREC", "CONDUIT_WI": 13000, "CONDUIT_HE": 2041, "US_INVERT": 26.666, "DS_INVERT": 26.644000000000002, "USER_TEXT2": "Existing", "SHAPE.LEN": 30.100784817841497}}, {"type": "Feature", "id": 28653, "geometry": {"type": "LineString", "coordinates": [[72.88751774302553, 19.100012167069444], [72.88740282264318, 19.10000813859756]]}, "properties": {"OBJECTID": 28653, "US_NODE_ID": "2177137205", "DS_NODE_ID": "2177137204", "CONDUIT_LE": 12.1, "SHAPE_1": "OREC", "CONDUIT_WI": 13000, "CONDUIT_HE": 4155, "US_INVERT": 30.894000000000002, "DS_INVERT": 30.804000000000002, "USER_TEXT2": "Existing", "SHAPE.LEN": 12.1037184369102}}, {"type": "Feature", "id": 28655, "geometry": {"type": "LineString", "coordinates": [[72.88783261733474, 19.10005823355761], [72.88774201955925, 19.10008429234192]]}, "properties": {"OBJECTID": 28655, "US_NODE_ID": "2177137207", "DS_NODE_ID": "2177137206", "CONDUIT_LE": 10, "SHAPE_1": "RECT", "CONDUIT_WI": 13000, "CONDUIT_HE": 4111, "US_INVERT": 31.027, "DS_INVERT": 30.989, "USER_TEXT2": "Existing", "SHAPE.LEN": 9.96242942258564}}, {"type": "Feature", "id": 28727, "geometry": {"type": "LineString", "coordinates": [[72.88738997085868, 19.10737959801859], [72.88690779763407, 19.107412000125606]]}, "properties": {"OBJECTID": 28727, "US_NODE_ID": "2177147003", "DS_NODE_ID": "2177147001", "CONDUIT_LE": 50.9, "SHAPE_1": "RECT", "CONDUIT_WI": 6000, "CONDUIT_HE": 3000, "US_INVERT": 31.075000000000003, "DS_INVERT": 30.879, "USER_TEXT2": "Proposal", "SHAPE.LEN": 50.873667058705294}}, {"type": "Feature", "id": 28274, "geometry": {"type": "LineString", "coordinates": [[72.8884744821454, 19.06605380814041], [72.88843234088249, 19.06593005905948]]}, "properties": {"OBJECTID": 28274, "US_NODE_ID": "2177098402", "DS_NODE_ID": "2177098401", "CONDUIT_LE": 14.4, "SHAPE_1": "OREC", "CONDUIT_WI": 7384, "CONDUIT_HE": 1916, "US_INVERT": 26.080000000000002, "DS_INVERT": 26.078000000000003, "USER_TEXT2": "Existing", "SHAPE.LEN": 14.4013503727949}}, {"type": "Feature", "id": 28282, "geometry": {"type": "LineString", "coordinates": [[72.88861064027293, 19.066724575781624], [72.88855763114708, 19.066457785002136]]}, "properties": {"OBJECTID": 28282, "US_NODE_ID": "2177098503", "DS_NODE_ID": "2177098502", "CONDUIT_LE": 30.1, "SHAPE_1": "OREC", "CONDUIT_WI": 10284, "CONDUIT_HE": 2519, "US_INVERT": 26.087, "DS_INVERT": 26.084, "USER_TEXT2": "Existing", "SHAPE.LEN": 30.0605524596605}}, {"type": "Feature", "id": 28298, "geometry": {"type": "LineString", "coordinates": [[72.88933919003236, 19.065831447194515], [72.88906314539324, 19.06590206945926]]}, "properties": {"OBJECTID": 28298, "US_NODE_ID": "2177099401", "DS_NODE_ID": "2177098407", "CONDUIT_LE": 30.1, "SHAPE_1": "OREC", "CONDUIT_WI": 12000, "CONDUIT_HE": 1513, "US_INVERT": 26.326, "DS_INVERT": 26.318, "USER_TEXT2": "Existing", "SHAPE.LEN": 30.093471760167496}}, {"type": "Feature", "id": 28284, "geometry": {"type": "LineString", "coordinates": [[72.88862371925465, 19.0667935380366], [72.88861064027293, 19.066724575781624]]}, "properties": {"OBJECTID": 28284, "US_NODE_ID": "2177098505", "DS_NODE_ID": "2177098503", "CONDUIT_LE": 7.8, "SHAPE_1": "OREC", "CONDUIT_WI": 10142, "CONDUIT_HE": 2341, "US_INVERT": 26.088, "DS_INVERT": 26.087, "USER_TEXT2": "Existing", "SHAPE.LEN": 7.758384322782679}}, {"type": "Feature", "id": 28288, "geometry": {"type": "LineString", "coordinates": [[72.88888958677833, 19.06718832426865], [72.88889081316994, 19.06709149083421]]}, "properties": {"OBJECTID": 28288, "US_NODE_ID": "2177098509", "DS_NODE_ID": "2177098508", "CONDUIT_LE": 10.700000000000001, "SHAPE_1": "RECT", "CONDUIT_WI": 7000, "CONDUIT_HE": 1215, "US_INVERT": 26.982000000000003, "DS_INVERT": 26.975, "USER_TEXT2": "Existing", "SHAPE.LEN": 10.7218}}, {"type": "Feature", "id": 28495, "geometry": {"type": "LineString", "coordinates": [[72.88846921106881, 19.07602531421041], [72.88825659667094, 19.075847218264403]]}, "properties": {"OBJECTID": 28495, "US_NODE_ID": "2177108502", "DS_NODE_ID": "2177108501", "CONDUIT_LE": 29.8, "SHAPE_1": "OREC", "CONDUIT_WI": 13000, "CONDUIT_HE": 2090, "US_INVERT": 26.708000000000002, "DS_INVERT": 26.687, "USER_TEXT2": "Existing", "SHAPE.LEN": 29.828158196744198}}, {"type": "Feature", "id": 28500, "geometry": {"type": "LineString", "coordinates": [[72.88913326649876, 19.076539234065084], [72.88891216706301, 19.076368692330565]]}, "properties": {"OBJECTID": 28500, "US_NODE_ID": "2177108602!", "DS_NODE_ID": "2177108601!", "CONDUIT_LE": 30, "SHAPE_1": "OREC", "CONDUIT_WI": 13000, "CONDUIT_HE": 2178, "US_INVERT": 26.740000000000002, "DS_INVERT": 26.735000000000003, "USER_TEXT2": "Existing", "SHAPE.LEN": 29.970151818100597}}, {"type": "Feature", "id": 28656, "geometry": {"type": "LineString", "coordinates": [[72.88792613505149, 19.101074585282905], [72.88783261733474, 19.10005823355761]]}, "properties": {"OBJECTID": 28656, "US_NODE_ID": "2177137301", "DS_NODE_ID": "2177137207", "CONDUIT_LE": 113, "SHAPE_1": "RECT", "CONDUIT_WI": 4000, "CONDUIT_HE": 2000, "US_INVERT": 32, "DS_INVERT": 31.5, "USER_TEXT2": "Existing", "SHAPE.LEN": 112.95662884488002}}, {"type": "Feature", "id": 28676, "geometry": {"type": "LineString", "coordinates": [[72.88890854920285, 19.100481563475352], [72.88868418883243, 19.100565704872686]]}, "properties": {"OBJECTID": 28676, "US_NODE_ID": "2177139201", "DS_NODE_ID": "2177138206", "CONDUIT_LE": 25.400000000000002, "SHAPE_1": "OREC", "CONDUIT_WI": 13000, "CONDUIT_HE": 3920, "US_INVERT": 31.528000000000002, "DS_INVERT": 31.44, "USER_TEXT2": "Existing", "SHAPE.LEN": 25.385231927244597}}, {"type": "Feature", "id": 28674, "geometry": {"type": "LineString", "coordinates": [[72.88810993641029, 19.106505363533483], [72.88788465745553, 19.106810794401223]]}, "properties": {"OBJECTID": 28674, "US_NODE_ID": "2177138903", "DS_NODE_ID": "2177138901", "CONDUIT_LE": 41.300000000000004, "SHAPE_1": "RECT", "CONDUIT_WI": 6000, "CONDUIT_HE": 3000, "US_INVERT": 31.5, "DS_INVERT": 31.415000000000003, "USER_TEXT2": "Proposal", "SHAPE.LEN": 41.3001210651979}}, {"type": "Feature", "id": 28675, "geometry": {"type": "LineString", "coordinates": [[72.88825640976675, 19.10630453402909], [72.88810993641029, 19.106505363533483]]}, "properties": {"OBJECTID": 28675, "US_NODE_ID": "2177138904", "DS_NODE_ID": "2177138903", "CONDUIT_LE": 27.1, "SHAPE_1": "RECT", "CONDUIT_WI": 6000, "CONDUIT_HE": 3000, "US_INVERT": 33.682, "DS_INVERT": 33.2, "USER_TEXT2": "Proposal", "SHAPE.LEN": 27.056457586313797}}, {"type": "Feature", "id": 28672, "geometry": {"type": "LineString", "coordinates": [[72.88857285416928, 19.105893739245552], [72.88825640976675, 19.10630453402909]]}, "properties": {"OBJECTID": 28672, "US_NODE_ID": "2177138801", "DS_NODE_ID": "2177138904", "CONDUIT_LE": 56.4, "SHAPE_1": "RECT", "CONDUIT_WI": 6000, "CONDUIT_HE": 3000, "US_INVERT": 34.041000000000004, "DS_INVERT": 33.682, "USER_TEXT2": "Proposal", "SHAPE.LEN": 56.3720623812896}}, {"type": "Feature", "id": 29589, "geometry": {"type": "LineString", "coordinates": [[72.89033625427159, 19.106583285295653], [72.88857285416928, 19.105893739245552]]}, "properties": {"OBJECTID": 29589, "US_NODE_ID": "2178130901", "DS_NODE_ID": "2177138801", "CONDUIT_LE": 200.70000000000002, "SHAPE_1": "RECT", "CONDUIT_WI": 6000, "CONDUIT_HE": 3000, "US_INVERT": 35.048, "DS_INVERT": 34.041000000000004, "USER_TEXT2": "Proposal", "SHAPE.LEN": 200.681488932089}}, {"type": "Feature", "id": 28508, "geometry": {"type": "LineString", "coordinates": [[72.8900234544298, 19.077215716545826], [72.88979559479243, 19.077052653332956]]}, "properties": {"OBJECTID": 28508, "US_NODE_ID": "2177109701!", "DS_NODE_ID": "2177109603!", "CONDUIT_LE": 30, "SHAPE_1": "OREC", "CONDUIT_WI": 13000, "CONDUIT_HE": 1961, "US_INVERT": 26.857000000000003, "DS_INVERT": 26.836000000000002, "USER_TEXT2": "Existing", "SHAPE.LEN": 30.0208801822998}}, {"type": "Feature", "id": 28521, "geometry": {"type": "LineString", "coordinates": [[72.88962835840928, 19.079311424256677], [72.88972722406609, 19.078892098802672]]}, "properties": {"OBJECTID": 28521, "US_NODE_ID": "2177109902", "DS_NODE_ID": "2177109801", "CONDUIT_LE": 47.6, "SHAPE_1": "OREC", "CONDUIT_WI": 4800, "CONDUIT_HE": 2496, "US_INVERT": 27.504, "DS_INVERT": 27.456000000000003, "USER_TEXT2": "Existing", "SHAPE.LEN": 47.578261759126896}}, {"type": "Feature", "id": 28598, "geometry": {"type": "LineString", "coordinates": [[72.88944087726578, 19.08037225165602], [72.88965796660236, 19.080233371783514]]}, "properties": {"OBJECTID": 28598, "US_NODE_ID": "2177119001!", "DS_NODE_ID": "2177119002!", "CONDUIT_LE": 27.5, "SHAPE_1": "OREC", "CONDUIT_WI": 4800, "CONDUIT_HE": 2164, "US_INVERT": 27.635, "DS_INVERT": 27.607000000000003, "USER_TEXT2": "Existing", "SHAPE.LEN": 27.543123393144796}}, {"type": "Feature", "id": 29391, "geometry": {"type": "LineString", "coordinates": [[72.89024940179421, 19.08839541548725], [72.89002131313802, 19.088040494977182]]}, "properties": {"OBJECTID": 29391, "US_NODE_ID": "2178110903", "DS_NODE_ID": "2178110901", "CONDUIT_LE": 46, "SHAPE_1": "OREC", "CONDUIT_WI": 1500, "CONDUIT_HE": 1500, "US_INVERT": 43.902, "DS_INVERT": 43.703, "USER_TEXT2": "Existing", "SHAPE.LEN": 46.0492205750542}}, {"type": "Feature", "id": 28625, "geometry": {"type": "LineString", "coordinates": [[72.88959157603391, 19.089835601744454], [72.88988401208726, 19.089110267699848]]}, "properties": {"OBJECTID": 28625, "US_NODE_ID": "2177129101", "DS_NODE_ID": "2177129001", "CONDUIT_LE": 86, "SHAPE_1": "OREC", "CONDUIT_WI": 1500, "CONDUIT_HE": 1500, "US_INVERT": 44.660000000000004, "DS_INVERT": 44.288000000000004, "USER_TEXT2": "Existing", "SHAPE.LEN": 86.00338611589659}}, {"type": "Feature", "id": 28679, "geometry": {"type": "LineString", "coordinates": [[72.8890159896694, 19.10084673879704], [72.88902236782317, 19.100722236063852]]}, "properties": {"OBJECTID": 28679, "US_NODE_ID": "2177139301", "DS_NODE_ID": "2177139302", "CONDUIT_LE": 13.8, "SHAPE_1": "OREC", "CONDUIT_WI": 13000, "CONDUIT_HE": 3509, "US_INVERT": 31.689, "DS_INVERT": 31.650000000000002, "USER_TEXT2": "Existing", "SHAPE.LEN": 13.8008425670319}}, {"type": "Feature", "id": 28690, "geometry": {"type": "LineString", "coordinates": [[72.88945865847482, 19.102575914149284], [72.88968335100557, 19.102472228984176]]}, "properties": {"OBJECTID": 28690, "US_NODE_ID": "2177139503", "DS_NODE_ID": "2177139510", "CONDUIT_LE": 26.3, "SHAPE_1": "RECT", "CONDUIT_WI": 4500, "CONDUIT_HE": 1648, "US_INVERT": 32.917, "DS_INVERT": 32.797000000000004, "USER_TEXT2": "Existing", "SHAPE.LEN": 26.287753231495497}}, {"type": "Feature", "id": 29568, "geometry": {"type": "LineString", "coordinates": [[72.89007534313876, 19.103466856643937], [72.8899920102938, 19.103477899646105]]}, "properties": {"OBJECTID": 29568, "US_NODE_ID": "2178130603", "DS_NODE_ID": "2178130602", "CONDUIT_LE": 8.9, "SHAPE_1": "OREC", "CONDUIT_WI": 2104, "CONDUIT_HE": 1536, "US_INVERT": 34.396, "DS_INVERT": 34.326, "USER_TEXT2": "Existing", "SHAPE.LEN": 8.85548750662548}}, {"type": "Feature", "id": 28704, "geometry": {"type": "LineString", "coordinates": [[72.88894053927162, 19.104241525512244], [72.88888887967516, 19.104160959947176]]}, "properties": {"OBJECTID": 28704, "US_NODE_ID": "2177139701", "DS_NODE_ID": "2177139602", "CONDUIT_LE": 10.4, "SHAPE_1": "OREC", "CONDUIT_WI": 4146, "CONDUIT_HE": 2499, "US_INVERT": 34.300000000000004, "DS_INVERT": 34.271, "USER_TEXT2": "Existing", "SHAPE.LEN": 10.4463996754863}}, {"type": "Feature", "id": 28707, "geometry": {"type": "LineString", "coordinates": [[72.88926366494634, 19.104505810019692], [72.88913000565364, 19.10441174328335]]}, "properties": {"OBJECTID": 28707, "US_NODE_ID": "2177139704", "DS_NODE_ID": "2177139703", "CONDUIT_LE": 17.5, "SHAPE_1": "OREC", "CONDUIT_WI": 4455, "CONDUIT_HE": 2572, "US_INVERT": 34.427, "DS_INVERT": 34.379000000000005, "USER_TEXT2": "Existing", "SHAPE.LEN": 17.5031010535276}}, {"type": "Feature", "id": 29578, "geometry": {"type": "LineString", "coordinates": [[72.8900558554298, 19.104465655798293], [72.88994824748194, 19.104452257006105]]}, "properties": {"OBJECTID": 29578, "US_NODE_ID": "2178130704", "DS_NODE_ID": "2178130701", "CONDUIT_LE": 11.4, "SHAPE_1": "OREC", "CONDUIT_WI": 3200, "CONDUIT_HE": 2320, "US_INVERT": 34.699000000000005, "DS_INVERT": 34.65, "USER_TEXT2": "Existing", "SHAPE.LEN": 11.422278450466898}}, {"type": "Feature", "id": 29104, "geometry": {"type": "LineString", "coordinates": [[72.89096112879753, 19.06535591354443], [72.89070143771059, 19.065444836153798]]}, "properties": {"OBJECTID": 29104, "US_NODE_ID": "2178090301", "DS_NODE_ID": "2178090402", "CONDUIT_LE": 29.1, "SHAPE_1": "OREC", "CONDUIT_WI": 3500, "CONDUIT_HE": 1727, "US_INVERT": 26.371000000000002, "DS_INVERT": 26.364, "USER_TEXT2": "Existing", "SHAPE.LEN": 29.0571085431775}}, {"type": "Feature", "id": 29113, "geometry": {"type": "LineString", "coordinates": [[72.89179704137156, 19.065174733866403], [72.89151648474561, 19.06524163568249]]}, "properties": {"OBJECTID": 29113, "US_NODE_ID": "2178091303", "DS_NODE_ID": "2178091302", "CONDUIT_LE": 30.400000000000002, "SHAPE_1": "OREC", "CONDUIT_WI": 3567, "CONDUIT_HE": 1625, "US_INVERT": 26.394000000000002, "DS_INVERT": 26.386000000000003, "USER_TEXT2": "Existing", "SHAPE.LEN": 30.449652630695102}}, {"type": "Feature", "id": 29123, "geometry": {"type": "LineString", "coordinates": [[72.89179225259032, 19.067913725025033], [72.8915076811705, 19.067886686630164]]}, "properties": {"OBJECTID": 29123, "US_NODE_ID": "2178091603", "DS_NODE_ID": "2178091602", "CONDUIT_LE": 30.1, "SHAPE_1": "OREC", "CONDUIT_WI": 5000, "CONDUIT_HE": 1470, "US_INVERT": 27.169, "DS_INVERT": 27.149, "USER_TEXT2": "Existing", "SHAPE.LEN": 30.1063663800532}}, {"type": "Feature", "id": 29213, "geometry": {"type": "LineString", "coordinates": [[72.89065101267661, 19.077944615366636], [72.89065841152674, 19.077674813772077]]}, "properties": {"OBJECTID": 29213, "US_NODE_ID": "2178100706!", "DS_NODE_ID": "2178100707!", "CONDUIT_LE": 29.900000000000002, "SHAPE_1": "RECT", "CONDUIT_WI": 4500, "CONDUIT_HE": 1579, "US_INVERT": 28.027, "DS_INVERT": 28.006, "USER_TEXT2": "Existing", "SHAPE.LEN": 29.881540566041796}}, {"type": "Feature", "id": 29227, "geometry": {"type": "LineString", "coordinates": [[72.89068944736438, 19.07848489467713], [72.89067117284571, 19.078214800139715]]}, "properties": {"OBJECTID": 29227, "US_NODE_ID": "2178100804!", "DS_NODE_ID": "2178100802!", "CONDUIT_LE": 30, "SHAPE_1": "RECT", "CONDUIT_WI": 4500, "CONDUIT_HE": 1478, "US_INVERT": 28.068, "DS_INVERT": 28.048000000000002, "USER_TEXT2": "Existing", "SHAPE.LEN": 29.9656325563136}}, {"type": "Feature", "id": 29366, "geometry": {"type": "LineString", "coordinates": [[72.89029637448286, 19.081848824521725], [72.89039912811776, 19.081605414711238]]}, "properties": {"OBJECTID": 29366, "US_NODE_ID": "2178110203!", "DS_NODE_ID": "2178110101!", "CONDUIT_LE": 29, "SHAPE_1": "RECT", "CONDUIT_WI": 3500, "CONDUIT_HE": 2184, "US_INVERT": 29.014000000000003, "DS_INVERT": 28.912000000000003, "USER_TEXT2": "Existing", "SHAPE.LEN": 29.0389173684213}}, {"type": "Feature", "id": 29353, "geometry": {"type": "LineString", "coordinates": [[72.89039912811776, 19.081605414711238], [72.89058285777416, 19.08139825716031]]}, "properties": {"OBJECTID": 29353, "US_NODE_ID": "2178110101", "DS_NODE_ID": "2178110102", "CONDUIT_LE": 30, "SHAPE_1": "RECT", "CONDUIT_WI": 3500, "CONDUIT_HE": 2086, "US_INVERT": 28.912000000000003, "DS_INVERT": 28.807000000000002, "USER_TEXT2": "Existing", "SHAPE.LEN": 30.0012755878813}}, {"type": "Feature", "id": 29368, "geometry": {"type": "LineString", "coordinates": [[72.89048720815694, 19.08210433945224], [72.89029637448286, 19.081848824521725]]}, "properties": {"OBJECTID": 29368, "US_NODE_ID": "2178110204!", "DS_NODE_ID": "2178110203!", "CONDUIT_LE": 34.7, "SHAPE_1": "RECT", "CONDUIT_WI": 3500, "CONDUIT_HE": 2064, "US_INVERT": 29.434, "DS_INVERT": 29.014000000000003, "USER_TEXT2": "Existing", "SHAPE.LEN": 34.6960436754682}}, {"type": "Feature", "id": 29377, "geometry": {"type": "LineString", "coordinates": [[72.89089889062444, 19.082604084563744], [72.89141245534745, 19.082744048528845]]}, "properties": {"OBJECTID": 29377, "US_NODE_ID": "2178110304", "DS_NODE_ID": "2178111302", "CONDUIT_LE": 56.2, "SHAPE_1": "OREC", "CONDUIT_WI": 7000, "CONDUIT_HE": 2824, "US_INVERT": 27.884, "DS_INVERT": 27.828000000000003, "USER_TEXT2": "Existing", "SHAPE.LEN": 56.2359821228366}}, {"type": "Feature", "id": 29409, "geometry": {"type": "LineString", "coordinates": [[72.8913861370952, 19.084499064690103], [72.8911026491113, 19.08446446445788]]}, "properties": {"OBJECTID": 29409, "US_NODE_ID": "2178111502", "DS_NODE_ID": "2178111501", "CONDUIT_LE": 30.1, "SHAPE_1": "RECT", "CONDUIT_WI": 4000, "CONDUIT_HE": 3067, "US_INVERT": 32.939, "DS_INVERT": 32.874, "USER_TEXT2": "Existing", "SHAPE.LEN": 30.085035424609398}}, {"type": "Feature", "id": 29569, "geometry": {"type": "LineString", "coordinates": [[72.89019085209058, 19.10343959376548], [72.89007534313876, 19.103466856643937]]}, "properties": {"OBJECTID": 29569, "US_NODE_ID": "2178130604", "DS_NODE_ID": "2178130603", "CONDUIT_LE": 12.5, "SHAPE_1": "OREC", "CONDUIT_WI": 2675, "CONDUIT_HE": 1586, "US_INVERT": 34.502, "DS_INVERT": 34.396, "USER_TEXT2": "Existing", "SHAPE.LEN": 12.5262897559493}}, {"type": "Feature", "id": 29582, "geometry": {"type": "LineString", "coordinates": [[72.89020024119218, 19.104935569681675], [72.89013824969214, 19.10493077270853]]}, "properties": {"OBJECTID": 29582, "US_NODE_ID": "2178130708", "DS_NODE_ID": "2178130707", "CONDUIT_LE": 6.5, "SHAPE_1": "OREC", "CONDUIT_WI": 5930, "CONDUIT_HE": 2695, "US_INVERT": 35.014, "DS_INVERT": 34.986000000000004, "USER_TEXT2": "Existing", "SHAPE.LEN": 6.5460514755079595}}, {"type": "Feature", "id": 29584, "geometry": {"type": "LineString", "coordinates": [[72.8903388078886, 19.105109990293055], [72.89026165185939, 19.105067742345458]]}, "properties": {"OBJECTID": 29584, "US_NODE_ID": "2178130710", "DS_NODE_ID": "2178130709", "CONDUIT_LE": 9.4, "SHAPE_1": "OREC", "CONDUIT_WI": 3214, "CONDUIT_HE": 2475, "US_INVERT": 35.124, "DS_INVERT": 35.084, "USER_TEXT2": "Existing", "SHAPE.LEN": 9.371332358848449}}, {"type": "Feature", "id": 29125, "geometry": {"type": "LineString", "coordinates": [[72.89234916295527, 19.065046604386065], [72.8920709650584, 19.065107755777266]]}, "properties": {"OBJECTID": 29125, "US_NODE_ID": "2178092301", "DS_NODE_ID": "2178091304", "CONDUIT_LE": 30.1, "SHAPE_1": "OREC", "CONDUIT_WI": 3654, "CONDUIT_HE": 1491, "US_INVERT": 26.409000000000002, "DS_INVERT": 26.401, "USER_TEXT2": "Existing", "SHAPE.LEN": 30.059104681277496}}, {"type": "Feature", "id": 29118, "geometry": {"type": "LineString", "coordinates": [[72.89173259915341, 19.066400795429963], [72.89189125261028, 19.066625719035684]]}, "properties": {"OBJECTID": 29118, "US_NODE_ID": "2178091501", "DS_NODE_ID": "2178091502", "CONDUIT_LE": 30, "SHAPE_1": "OREC", "CONDUIT_WI": 4956, "CONDUIT_HE": 1572, "US_INVERT": 26.758000000000003, "DS_INVERT": 26.739, "USER_TEXT2": "Existing", "SHAPE.LEN": 29.984829497597598}}, {"type": "Feature", "id": 29124, "geometry": {"type": "LineString", "coordinates": [[72.89207612886906, 19.067940077581646], [72.89179225259032, 19.067913725025033]]}, "properties": {"OBJECTID": 29124, "US_NODE_ID": "2178091604", "DS_NODE_ID": "2178091603", "CONDUIT_LE": 30, "SHAPE_1": "OREC", "CONDUIT_WI": 5000, "CONDUIT_HE": 1600, "US_INVERT": 27.189, "DS_INVERT": 27.169, "USER_TEXT2": "Existing", "SHAPE.LEN": 30.026068361009198}}, {"type": "Feature", "id": 29130, "geometry": {"type": "LineString", "coordinates": [[72.89220603151169, 19.067951716475058], [72.89207612886906, 19.067940077581646]]}, "properties": {"OBJECTID": 29130, "US_NODE_ID": "2178092601", "DS_NODE_ID": "2178091604", "CONDUIT_LE": 13.700000000000001, "SHAPE_1": "OREC", "CONDUIT_WI": 5000, "CONDUIT_HE": 1393, "US_INVERT": 27.426000000000002, "DS_INVERT": 27.189, "USER_TEXT2": "Existing", "SHAPE.LEN": 13.7355746534319}}, {"type": "Feature", "id": 29252, "geometry": {"type": "LineString", "coordinates": [[72.89217249043672, 19.07884186245706], [72.89195463623476, 19.078672640052936]]}, "properties": {"OBJECTID": 29252, "US_NODE_ID": "2178102801", "DS_NODE_ID": "2178101804", "CONDUIT_LE": 29.6, "SHAPE_1": "OREC", "CONDUIT_WI": 9600, "CONDUIT_HE": 2495, "US_INVERT": 27.463, "DS_INVERT": 27.439, "USER_TEXT2": "Existing", "SHAPE.LEN": 29.6127146097753}}, {"type": "Feature", "id": 29259, "geometry": {"type": "LineString", "coordinates": [[72.89261188381388, 19.07914469278125], [72.89240638682827, 19.07899869720788]]}, "properties": {"OBJECTID": 29259, "US_NODE_ID": "2178102904!", "DS_NODE_ID": "2178102901!", "CONDUIT_LE": 27, "SHAPE_1": "OREC", "CONDUIT_WI": 9600, "CONDUIT_HE": 2490, "US_INVERT": 27.518, "DS_INVERT": 27.489, "USER_TEXT2": "Existing", "SHAPE.LEN": 27.0036282336282}}, {"type": "Feature", "id": 29397, "geometry": {"type": "LineString", "coordinates": [[72.89195250209308, 19.08114051819223], [72.89201182795769, 19.080951382367545]]}, "properties": {"OBJECTID": 29397, "US_NODE_ID": "2178111103", "DS_NODE_ID": "2178112102", "CONDUIT_LE": 21.900000000000002, "SHAPE_1": "OREC", "CONDUIT_WI": 7200, "CONDUIT_HE": 1499, "US_INVERT": 27.649, "DS_INVERT": 27.638, "USER_TEXT2": "Existing", "SHAPE.LEN": 21.851705969100003}}, {"type": "Feature", "id": 29402, "geometry": {"type": "LineString", "coordinates": [[72.89141245534745, 19.082744048528845], [72.89153548306695, 19.082655660858855]]}, "properties": {"OBJECTID": 29402, "US_NODE_ID": "2178111302!", "DS_NODE_ID": "2178111303!", "CONDUIT_LE": 16.2, "SHAPE_1": "OREC", "CONDUIT_WI": 6923, "CONDUIT_HE": 3500, "US_INVERT": 27.828000000000003, "DS_INVERT": 27.811, "USER_TEXT2": "Existing", "SHAPE.LEN": 16.2317680851471}}, {"type": "Feature", "id": 29404, "geometry": {"type": "LineString", "coordinates": [[72.89153548306695, 19.082655660858855], [72.89178187679315, 19.0818781073665]]}, "properties": {"OBJECTID": 29404, "US_NODE_ID": "2178111303!", "DS_NODE_ID": "2178111201!", "CONDUIT_LE": 89.9, "SHAPE_1": "OREC", "CONDUIT_WI": 4500, "CONDUIT_HE": 3497, "US_INVERT": 27.811, "DS_INVERT": 27.721, "USER_TEXT2": "Existing", "SHAPE.LEN": 89.909757673792}}, {"type": "Feature", "id": 29405, "geometry": {"type": "LineString", "coordinates": [[72.89153548306695, 19.082655660858855], [72.89178187679315, 19.0818781073665]]}, "properties": {"OBJECTID": 29405, "US_NODE_ID": "2178111303", "DS_NODE_ID": "2178111201", "CONDUIT_LE": 89.9, "SHAPE_1": "OREC", "CONDUIT_WI": 4500, "CONDUIT_HE": 3497, "US_INVERT": 27.811, "DS_INVERT": 27.721, "USER_TEXT2": "Existing", "SHAPE.LEN": 89.909757673792}}, {"type": "Feature", "id": 29411, "geometry": {"type": "LineString", "coordinates": [[72.89166312172377, 19.084558889932065], [72.8913861370952, 19.084499064690103]]}, "properties": {"OBJECTID": 29411, "US_NODE_ID": "2178111503", "DS_NODE_ID": "2178111502", "CONDUIT_LE": 29.900000000000002, "SHAPE_1": "RECT", "CONDUIT_WI": 4000, "CONDUIT_HE": 3301, "US_INVERT": 33.005, "DS_INVERT": 32.939, "USER_TEXT2": "Existing", "SHAPE.LEN": 29.898502890278596}}, {"type": "Feature", "id": 29441, "geometry": {"type": "LineString", "coordinates": [[72.89247559121982, 19.084807793512837], [72.89220521530893, 19.084722543749564]]}, "properties": {"OBJECTID": 29441, "US_NODE_ID": "2178112502", "DS_NODE_ID": "2178112501", "CONDUIT_LE": 30, "SHAPE_1": "OREC", "CONDUIT_WI": 4000, "CONDUIT_HE": 3894, "US_INVERT": 33.202, "DS_INVERT": 33.136, "USER_TEXT2": "Existing", "SHAPE.LEN": 29.984182482102096}}, {"type": "Feature", "id": 29625, "geometry": {"type": "LineString", "coordinates": [[72.89177030220799, 19.10199663037822], [72.89167405370853, 19.101953054329446]]}, "properties": {"OBJECTID": 29625, "US_NODE_ID": "2178132401", "DS_NODE_ID": "2178131406", "CONDUIT_LE": 11.200000000000001, "SHAPE_1": "OREC", "CONDUIT_WI": 3349, "CONDUIT_HE": 2272, "US_INVERT": 34.226, "DS_INVERT": 34.135000000000005, "USER_TEXT2": "Existing", "SHAPE.LEN": 11.2203315944762}}, {"type": "Feature", "id": 29630, "geometry": {"type": "LineString", "coordinates": [[72.89220823147781, 19.102080229966763], [72.89210826929468, 19.101945400727168]]}, "properties": {"OBJECTID": 29630, "US_NODE_ID": "2178132406", "DS_NODE_ID": "2178132405", "CONDUIT_LE": 18.3, "SHAPE_1": "OREC", "CONDUIT_WI": 5090, "CONDUIT_HE": 1997, "US_INVERT": 34.501000000000005, "DS_INVERT": 34.49, "USER_TEXT2": "Existing", "SHAPE.LEN": 18.262803727796}}, {"type": "Feature", "id": 29156, "geometry": {"type": "LineString", "coordinates": [[72.89477615299971, 19.061978791212336], [72.89327435900827, 19.060918354447995]]}, "properties": {"OBJECTID": 29156, "US_NODE_ID": "2178094001", "DS_NODE_ID": "2178083801", "CONDUIT_LE": 196.9, "SHAPE_1": "RECT", "CONDUIT_WI": 4000, "CONDUIT_HE": 1500, "US_INVERT": 27.417, "DS_INVERT": 27.3, "USER_TEXT2": "Proposal", "SHAPE.LEN": 196.92765168965002}}, {"type": "Feature", "id": 29138, "geometry": {"type": "LineString", "coordinates": [[72.89319780674519, 19.06189372377047], [72.89330740547311, 19.061641275496445]]}, "properties": {"OBJECTID": 29138, "US_NODE_ID": "2178093001", "DS_NODE_ID": "2178083901", "CONDUIT_LE": 30.2, "SHAPE_1": "OREC", "CONDUIT_WI": 4000, "CONDUIT_HE": 2426, "US_INVERT": 26.488, "DS_INVERT": 26.464000000000002, "USER_TEXT2": "Existing", "SHAPE.LEN": 30.237864698420797}}, {"type": "Feature", "id": 29147, "geometry": {"type": "LineString", "coordinates": [[72.89344992983165, 19.06476652081023], [72.89317773875679, 19.064837945102518]]}, "properties": {"OBJECTID": 29147, "US_NODE_ID": "2178093302", "DS_NODE_ID": "2178093301", "CONDUIT_LE": 29.7, "SHAPE_1": "OREC", "CONDUIT_WI": 3632, "CONDUIT_HE": 1624, "US_INVERT": 26.474, "DS_INVERT": 26.441000000000003, "USER_TEXT2": "Existing", "SHAPE.LEN": 29.725521619308896}}, {"type": "Feature", "id": 29451, "geometry": {"type": "LineString", "coordinates": [[72.89300686696785, 19.08500651119942], [72.89273971584544, 19.084906630746378]]}, "properties": {"OBJECTID": 29451, "US_NODE_ID": "2178113501", "DS_NODE_ID": "2178112503", "CONDUIT_LE": 30.2, "SHAPE_1": "OREC", "CONDUIT_WI": 4000, "CONDUIT_HE": 3653, "US_INVERT": 33.333, "DS_INVERT": 33.267, "USER_TEXT2": "Existing", "SHAPE.LEN": 30.2166343997805}}, {"type": "Feature", "id": 29524, "geometry": {"type": "LineString", "coordinates": [[72.89339348033559, 19.097681515209764], [72.89320898627159, 19.097887598513932]]}, "properties": {"OBJECTID": 29524, "US_NODE_ID": "2178123902", "DS_NODE_ID": "2178123901", "CONDUIT_LE": 30, "SHAPE_1": "RECT", "CONDUIT_WI": 5500, "CONDUIT_HE": 2293, "US_INVERT": 37.885000000000005, "DS_INVERT": 37.707, "USER_TEXT2": "Existing", "SHAPE.LEN": 29.961286007112598}}, {"type": "Feature", "id": 29633, "geometry": {"type": "LineString", "coordinates": [[72.8925540751586, 19.10257727192089], [72.89245025625972, 19.102326885163933]]}, "properties": {"OBJECTID": 29633, "US_NODE_ID": "2178132501", "DS_NODE_ID": "2178132408", "CONDUIT_LE": 29.8, "SHAPE_1": "OREC", "CONDUIT_WI": 2500, "CONDUIT_HE": 1505, "US_INVERT": 35.295, "DS_INVERT": 34.943000000000005, "USER_TEXT2": "Proposal", "SHAPE.LEN": 29.7976449556001}}, {"type": "Feature", "id": 29656, "geometry": {"type": "LineString", "coordinates": [[72.89276068834305, 19.10420416908347], [72.8926741489425, 19.104028847225692]]}, "properties": {"OBJECTID": 29656, "US_NODE_ID": "2178133602", "DS_NODE_ID": "2178133601", "CONDUIT_LE": 21.400000000000002, "SHAPE_1": "OREC", "CONDUIT_WI": 3185, "CONDUIT_HE": 1321, "US_INVERT": 36.173, "DS_INVERT": 36.108000000000004, "USER_TEXT2": "Existing", "SHAPE.LEN": 21.441645399782196}}, {"type": "Feature", "id": 29717, "geometry": {"type": "LineString", "coordinates": [[72.89307161892174, 19.107432985251215], [72.8930069259712, 19.107451049928464]]}, "properties": {"OBJECTID": 29717, "US_NODE_ID": "2178143003", "DS_NODE_ID": "2178143002", "CONDUIT_LE": 7.1000000000000005, "SHAPE_1": "OREC", "CONDUIT_WI": 5000, "CONDUIT_HE": 2260, "US_INVERT": 37.542, "DS_INVERT": 37.489000000000004, "USER_TEXT2": "Existing", "SHAPE.LEN": 7.09635965971286}}, {"type": "Feature", "id": 29720, "geometry": {"type": "LineString", "coordinates": [[72.89328795306541, 19.107612891949344], [72.89320491014445, 19.107448242671918]]}, "properties": {"OBJECTID": 29720, "US_NODE_ID": "2178143006", "DS_NODE_ID": "2178143005", "CONDUIT_LE": 20.2, "SHAPE_1": "OREC", "CONDUIT_WI": 4200, "CONDUIT_HE": 2000, "US_INVERT": 37.576, "DS_INVERT": 37.564, "USER_TEXT2": "Proposal", "SHAPE.LEN": 20.2162305408303}}, {"type": "Feature", "id": 29707, "geometry": {"type": "LineString", "coordinates": [[72.89224649884879, 19.1083594942853], [72.89245311480984, 19.108175621550593]]}, "properties": {"OBJECTID": 29707, "US_NODE_ID": "2178142101", "DS_NODE_ID": "2178142104", "CONDUIT_LE": 29.8, "SHAPE_1": "OREC", "CONDUIT_WI": 3000, "CONDUIT_HE": 1648, "US_INVERT": 37.901, "DS_INVERT": 37.736000000000004, "USER_TEXT2": "Existing", "SHAPE.LEN": 29.787580855114797}}, {"type": "Feature", "id": 29727, "geometry": {"type": "LineString", "coordinates": [[72.89312917929341, 19.110914864774], [72.89301688363156, 19.11066722357394]]}, "properties": {"OBJECTID": 29727, "US_NODE_ID": "2178143402", "DS_NODE_ID": "2178143401", "CONDUIT_LE": 29.900000000000002, "SHAPE_1": "OREC", "CONDUIT_WI": 3000, "CONDUIT_HE": 1061, "US_INVERT": 39.658, "DS_INVERT": 39.612, "USER_TEXT2": "Existing", "SHAPE.LEN": 29.8566291097974}}, {"type": "Feature", "id": 29162, "geometry": {"type": "LineString", "coordinates": [[72.89483698923992, 19.064460954828302], [72.89456077692198, 19.06451545035617]]}, "properties": {"OBJECTID": 29162, "US_NODE_ID": "2178094202", "DS_NODE_ID": "2178094201", "CONDUIT_LE": 29.7, "SHAPE_1": "OREC", "CONDUIT_WI": 3304, "CONDUIT_HE": 1598, "US_INVERT": 26.711000000000002, "DS_INVERT": 26.536, "USER_TEXT2": "Existing", "SHAPE.LEN": 29.697105702071397}}, {"type": "Feature", "id": 29164, "geometry": {"type": "LineString", "coordinates": [[72.89504455557878, 19.063782746722264], [72.89496594769359, 19.063660284260084]]}, "properties": {"OBJECTID": 29164, "US_NODE_ID": "2178094204", "DS_NODE_ID": "2178094203", "CONDUIT_LE": 15.9, "SHAPE_1": "OREC", "CONDUIT_WI": 4000, "CONDUIT_HE": 2079, "US_INVERT": 26.738, "DS_INVERT": 26.726000000000003, "USER_TEXT2": "Existing", "SHAPE.LEN": 15.884412280282799}}, {"type": "Feature", "id": 29264, "geometry": {"type": "LineString", "coordinates": [[72.89469472576272, 19.074893845821116], [72.89515095517567, 19.075253141677592]]}, "properties": {"OBJECTID": 29264, "US_NODE_ID": "2178104401", "DS_NODE_ID": "2178105401", "CONDUIT_LE": 62.4, "SHAPE_1": "OREC", "CONDUIT_WI": 15000, "CONDUIT_HE": 2365, "US_INVERT": 26.005000000000003, "DS_INVERT": 26.001, "USER_TEXT2": "Proposal", "SHAPE.LEN": 62.3609653549398}}, {"type": "Feature", "id": 29471, "geometry": {"type": "LineString", "coordinates": [[72.89487989452863, 19.085656800147067], [72.8946093780452, 19.085571468094148]]}, "properties": {"OBJECTID": 29471, "US_NODE_ID": "2178115601", "DS_NODE_ID": "2178114603", "CONDUIT_LE": 30, "SHAPE_1": "OREC", "CONDUIT_WI": 3135, "CONDUIT_HE": 3014, "US_INVERT": 33.792, "DS_INVERT": 33.727000000000004, "USER_TEXT2": "Existing", "SHAPE.LEN": 30.0009159541838}}, {"type": "Feature", "id": 29667, "geometry": {"type": "LineString", "coordinates": [[72.89420318809292, 19.10206193382821], [72.89382223390243, 19.102095183625753]]}, "properties": {"OBJECTID": 29667, "US_NODE_ID": "2178134402", "DS_NODE_ID": "2178134401", "CONDUIT_LE": 40.300000000000004, "SHAPE_1": "OREC", "CONDUIT_WI": 2500, "CONDUIT_HE": 1540, "US_INVERT": 37.46, "DS_INVERT": 37.2, "USER_TEXT2": "Proposal", "SHAPE.LEN": 40.263842790399394}}, {"type": "Feature", "id": 29674, "geometry": {"type": "LineString", "coordinates": [[72.89412287030689, 19.10553278278046], [72.89404444956449, 19.105572532939558]]}, "properties": {"OBJECTID": 29674, "US_NODE_ID": "2178134806", "DS_NODE_ID": "2178134805", "CONDUIT_LE": 9.4, "SHAPE_1": "OREC", "CONDUIT_WI": 3000, "CONDUIT_HE": 1667, "US_INVERT": 38.037, "DS_INVERT": 37.949000000000005, "USER_TEXT2": "Existing", "SHAPE.LEN": 9.353608929178089}}, {"type": "Feature", "id": 29732, "geometry": {"type": "LineString", "coordinates": [[72.89427263364452, 19.108041488270686], [72.89415341990643, 19.108013508336654]]}, "properties": {"OBJECTID": 29732, "US_NODE_ID": "2178144104", "DS_NODE_ID": "2178144103", "CONDUIT_LE": 12.9, "SHAPE_1": "OREC", "CONDUIT_WI": 4200, "CONDUIT_HE": 2000, "US_INVERT": 38.138000000000005, "DS_INVERT": 38.067, "USER_TEXT2": "Proposal", "SHAPE.LEN": 12.923500190350898}}, {"type": "Feature", "id": 29734, "geometry": {"type": "LineString", "coordinates": [[72.89447118247439, 19.10810469933901], [72.89440340136395, 19.108072610934883]]}, "properties": {"OBJECTID": 29734, "US_NODE_ID": "2178144106", "DS_NODE_ID": "2178144105", "CONDUIT_LE": 8, "SHAPE_1": "OREC", "CONDUIT_WI": 5052, "CONDUIT_HE": 2000, "US_INVERT": 38.227000000000004, "DS_INVERT": 38.195, "USER_TEXT2": "Proposal", "SHAPE.LEN": 7.9693698853798995}}, {"type": "Feature", "id": 29094, "geometry": {"type": "LineString", "coordinates": [[72.89539531418393, 19.057856062552037], [72.89645366571041, 19.05957894851996]]}, "properties": {"OBJECTID": 29094, "US_NODE_ID": "2178085501", "DS_NODE_ID": "2178086701", "CONDUIT_LE": 220.9, "SHAPE_1": "RECT", "CONDUIT_WI": 1500, "CONDUIT_HE": 1500, "US_INVERT": 30.5, "DS_INVERT": 29.201, "USER_TEXT2": "Proposal", "SHAPE.LEN": 220.907333513399}}, {"type": "Feature", "id": 29176, "geometry": {"type": "LineString", "coordinates": [[72.89518814137061, 19.06427530902848], [72.89520427744245, 19.064376383199633]]}, "properties": {"OBJECTID": 29176, "US_NODE_ID": "2178095204", "DS_NODE_ID": "2178095205", "CONDUIT_LE": 11.3, "SHAPE_1": "OREC", "CONDUIT_WI": 9000, "CONDUIT_HE": 2375, "US_INVERT": 26.744, "DS_INVERT": 26.736, "USER_TEXT2": "Existing", "SHAPE.LEN": 11.318691836957099}}, {"type": "Feature", "id": 29182, "geometry": {"type": "LineString", "coordinates": [[72.89529576353205, 19.07078356564216], [72.89537723952812, 19.07087663029638]]}, "properties": {"OBJECTID": 29182, "US_NODE_ID": "2178095903", "DS_NODE_ID": "2178095904", "CONDUIT_LE": 13.4, "SHAPE_1": "OREC", "CONDUIT_WI": 7000, "CONDUIT_HE": 1995, "US_INVERT": 26.028000000000002, "DS_INVERT": 26.022000000000002, "USER_TEXT2": "Existing", "SHAPE.LEN": 13.406341782902599}}, {"type": "Feature", "id": 29273, "geometry": {"type": "LineString", "coordinates": [[72.89515095517567, 19.075253141677592], [72.89583537789919, 19.07446968436686]]}, "properties": {"OBJECTID": 29273, "US_NODE_ID": "2178105401!", "DS_NODE_ID": "2178105301", "CONDUIT_LE": 112.8, "SHAPE_1": "RECT", "CONDUIT_WI": 15000, "CONDUIT_HE": 2599, "US_INVERT": 26.001, "DS_INVERT": 25.995, "USER_TEXT2": "Proposal", "SHAPE.LEN": 112.75974458999102}}, {"type": "Feature", "id": 29736, "geometry": {"type": "LineString", "coordinates": [[72.89464601903163, 19.108292843765312], [72.89452244028575, 19.108155536762926]]}, "properties": {"OBJECTID": 29736, "US_NODE_ID": "2178145102", "DS_NODE_ID": "2178145101", "CONDUIT_LE": 20, "SHAPE_1": "OREC", "CONDUIT_WI": 3245, "CONDUIT_HE": 2859, "US_INVERT": 38.300000000000004, "DS_INVERT": 38.258, "USER_TEXT2": "Proposal", "SHAPE.LEN": 20.0065729664028}}, {"type": "Feature", "id": 19026, "geometry": {"type": "LineString", "coordinates": [[72.85088124407437, 19.073577959751503], [72.85016131606473, 19.073711375671422]]}, "properties": {"OBJECTID": 19026, "US_NODE_ID": "2173108301", "DS_NODE_ID": "2173107304", "CONDUIT_LE": 77.2, "SHAPE_1": "RECT", "CONDUIT_WI": 8000, "CONDUIT_HE": 3500, "US_INVERT": 24.191000000000003, "DS_INVERT": 24.13, "USER_TEXT2": "Existing", "SHAPE.LEN": 77.21301703728459}}, {"type": "Feature", "id": 19099, "geometry": {"type": "LineString", "coordinates": [[72.85022268822428, 19.085224105712992], [72.84936753169237, 19.085451681085086]]}, "properties": {"OBJECTID": 19099, "US_NODE_ID": "2173118601", "DS_NODE_ID": "2173117601", "CONDUIT_LE": 93.5, "SHAPE_1": "RECT", "CONDUIT_WI": 1500, "CONDUIT_HE": 1500, "US_INVERT": 26.5, "DS_INVERT": 25.882, "USER_TEXT2": "Existing", "SHAPE.LEN": 93.4760932003472}}, {"type": "Feature", "id": 19228, "geometry": {"type": "LineString", "coordinates": [[72.85006931506778, 19.09046939985127], [72.84960135156305, 19.09046393679112]]}, "properties": {"OBJECTID": 19228, "US_NODE_ID": "2173128201", "DS_NODE_ID": "2173127202", "CONDUIT_LE": 49.300000000000004, "SHAPE_1": "RECT", "CONDUIT_WI": 3000, "CONDUIT_HE": 2131, "US_INVERT": 28.067, "DS_INVERT": 27.94, "USER_TEXT2": "Existing", "SHAPE.LEN": 49.261300000000006}}, {"type": "Feature", "id": 19309, "geometry": {"type": "LineString", "coordinates": [[72.8498402321169, 19.112983908794813], [72.84964252372707, 19.112841593918233]]}, "properties": {"OBJECTID": 19309, "US_NODE_ID": "2173148701", "DS_NODE_ID": "2173147702", "CONDUIT_LE": 26.1, "SHAPE_1": "OREC", "CONDUIT_WI": 4500, "CONDUIT_HE": 2584, "US_INVERT": 34.214, "DS_INVERT": 34.07, "USER_TEXT2": "Existing", "SHAPE.LEN": 26.1007662722764}}, {"type": "Feature", "id": 19310, "geometry": {"type": "LineString", "coordinates": [[72.84992887892282, 19.113109593774436], [72.8498402321169, 19.112983908794813]]}, "properties": {"OBJECTID": 19310, "US_NODE_ID": "2173148702", "DS_NODE_ID": "2173148701", "CONDUIT_LE": 16.8, "SHAPE_1": "OREC", "CONDUIT_WI": 4500, "CONDUIT_HE": 2492, "US_INVERT": 34.306000000000004, "DS_INVERT": 34.214, "USER_TEXT2": "Existing", "SHAPE.LEN": 16.7538055378472}}, {"type": "Feature", "id": 18904, "geometry": {"type": "LineString", "coordinates": [[72.85117679277545, 19.067234208018], [72.85232488774713, 19.06756191950658]]}, "properties": {"OBJECTID": 18904, "US_NODE_ID": "2173098602", "DS_NODE_ID": "2174090601", "CONDUIT_LE": 126.2, "SHAPE_1": "RECT", "CONDUIT_WI": 1500, "CONDUIT_HE": 1500, "US_INVERT": 24.650000000000002, "DS_INVERT": 24.5, "USER_TEXT2": "Existing", "SHAPE.LEN": 126.193224857755}}, {"type": "Feature", "id": 19241, "geometry": {"type": "LineString", "coordinates": [[72.85108726437504, 19.093025686593055], [72.85108692072022, 19.09297871324187]]}, "properties": {"OBJECTID": 19241, "US_NODE_ID": "2173129504", "DS_NODE_ID": "2173129503", "CONDUIT_LE": 5.2, "SHAPE_1": "OREC", "CONDUIT_WI": 3200, "CONDUIT_HE": 2801, "US_INVERT": 28.697000000000003, "DS_INVERT": 28.661, "USER_TEXT2": "Existing", "SHAPE.LEN": 5.200961449578339}}, {"type": "Feature", "id": 19238, "geometry": {"type": "LineString", "coordinates": [[72.85105660862932, 19.09360292529479], [72.8508304779146, 19.093438723651847]]}, "properties": {"OBJECTID": 19238, "US_NODE_ID": "2173129502", "DS_NODE_ID": "2173128502", "CONDUIT_LE": 30, "SHAPE_1": "RECT", "CONDUIT_WI": 3000, "CONDUIT_HE": 2048, "US_INVERT": 29, "DS_INVERT": 28.946, "USER_TEXT2": "Existing", "SHAPE.LEN": 29.950842722367597}}, {"type": "Feature", "id": 19242, "geometry": {"type": "LineString", "coordinates": [[72.85126648758596, 19.09378525691989], [72.85105660862932, 19.09360292529479]]}, "properties": {"OBJECTID": 19242, "US_NODE_ID": "2173129505", "DS_NODE_ID": "2173129502", "CONDUIT_LE": 29.900000000000002, "SHAPE_1": "RECT", "CONDUIT_WI": 3000, "CONDUIT_HE": 2008, "US_INVERT": 29.1, "DS_INVERT": 29, "USER_TEXT2": "Existing", "SHAPE.LEN": 29.9259532975977}}, {"type": "Feature", "id": 22428, "geometry": {"type": "LineString", "coordinates": [[72.85255827277479, 19.067290950403425], [72.85269715849574, 19.06705501075509]]}, "properties": {"OBJECTID": 22428, "US_NODE_ID": "2174090604", "DS_NODE_ID": "2174090605", "CONDUIT_LE": 29.900000000000002, "SHAPE_1": "OREC", "CONDUIT_WI": 60000, "CONDUIT_HE": 5231, "US_INVERT": 23.367, "DS_INVERT": 23.356, "USER_TEXT2": "Existing", "SHAPE.LEN": 29.9362656321726}}, {"type": "Feature", "id": 22433, "geometry": {"type": "LineString", "coordinates": [[72.85282286124949, 19.069907161484714], [72.85249814338155, 19.069672144778327]]}, "properties": {"OBJECTID": 22433, "US_NODE_ID": "2174090903", "DS_NODE_ID": "2174090901", "CONDUIT_LE": 43, "SHAPE_1": "OREC", "CONDUIT_WI": 3000, "CONDUIT_HE": 1793, "US_INVERT": 25.707, "DS_INVERT": 25.653000000000002, "USER_TEXT2": "Proposal", "SHAPE.LEN": 42.9605633110182}}, {"type": "Feature", "id": 22434, "geometry": {"type": "LineString", "coordinates": [[72.85289017128744, 19.070139179840112], [72.85270569570056, 19.070079222567255]]}, "properties": {"OBJECTID": 22434, "US_NODE_ID": "2174090904", "DS_NODE_ID": "2174090902", "CONDUIT_LE": 20.5, "SHAPE_1": "OREC", "CONDUIT_WI": 3000, "CONDUIT_HE": 1739, "US_INVERT": 25.761000000000003, "DS_INVERT": 25.736, "USER_TEXT2": "Proposal", "SHAPE.LEN": 20.5234012775661}}, {"type": "Feature", "id": 19107, "geometry": {"type": "LineString", "coordinates": [[72.85187439339984, 19.086292054553272], [72.85179346699942, 19.08608426490315]]}, "properties": {"OBJECTID": 19107, "US_NODE_ID": "2173119704", "DS_NODE_ID": "2173119703", "CONDUIT_LE": 24.5, "SHAPE_1": "RECT", "CONDUIT_WI": 3000, "CONDUIT_HE": 2000, "US_INVERT": 27.093, "DS_INVERT": 27.044, "USER_TEXT2": "Proposal", "SHAPE.LEN": 24.5326313305361}}, {"type": "Feature", "id": 19246, "geometry": {"type": "LineString", "coordinates": [[72.85164548931093, 19.094188855896736], [72.85146296294856, 19.093982799067017]]}, "properties": {"OBJECTID": 19246, "US_NODE_ID": "2173129602", "DS_NODE_ID": "2173129601", "CONDUIT_LE": 29.8, "SHAPE_1": "RECT", "CONDUIT_WI": 3000, "CONDUIT_HE": 1948, "US_INVERT": 29.35, "DS_INVERT": 29.2, "USER_TEXT2": "Existing", "SHAPE.LEN": 29.826226715761397}}, {"type": "Feature", "id": 22412, "geometry": {"type": "LineString", "coordinates": [[72.85326158345241, 19.061289752025083], [72.85364239887761, 19.061445932233102]]}, "properties": {"OBJECTID": 22412, "US_NODE_ID": "2174080905", "DS_NODE_ID": "2174091001", "CONDUIT_LE": 43.7, "SHAPE_1": "RECT", "CONDUIT_WI": 5000, "CONDUIT_HE": 2500, "US_INVERT": 24.473000000000003, "DS_INVERT": 24.404, "USER_TEXT2": "Proposal", "SHAPE.LEN": 43.661539139155394}}, {"type": "Feature", "id": 22493, "geometry": {"type": "LineString", "coordinates": [[72.85315131602113, 19.07449773739572], [72.85329822592527, 19.074229374030885]]}, "properties": {"OBJECTID": 22493, "US_NODE_ID": "2174101401", "DS_NODE_ID": "2174101403", "CONDUIT_LE": 33.5, "SHAPE_1": "RECT", "CONDUIT_WI": 3000, "CONDUIT_HE": 2000, "US_INVERT": 24.582, "DS_INVERT": 24.5, "USER_TEXT2": "Existing", "SHAPE.LEN": 33.4965669882751}}, {"type": "Feature", "id": 22497, "geometry": {"type": "LineString", "coordinates": [[72.8535352532347, 19.074856286662026], [72.85317106119855, 19.074587390033262]]}, "properties": {"OBJECTID": 22497, "US_NODE_ID": "2174101404", "DS_NODE_ID": "2174101402", "CONDUIT_LE": 48.5, "SHAPE_1": "RECT", "CONDUIT_WI": 2000, "CONDUIT_HE": 2000, "US_INVERT": 24.726000000000003, "DS_INVERT": 24.607000000000003, "USER_TEXT2": "Existing", "SHAPE.LEN": 48.540498555330096}}, {"type": "Feature", "id": 22505, "geometry": {"type": "LineString", "coordinates": [[72.85363355911241, 19.076812084402835], [72.8535737131538, 19.076664156169738]]}, "properties": {"OBJECTID": 22505, "US_NODE_ID": "2174101701", "DS_NODE_ID": "2174101601", "CONDUIT_LE": 17.5, "SHAPE_1": "RECT", "CONDUIT_WI": 1500, "CONDUIT_HE": 1500, "US_INVERT": 25.897000000000002, "DS_INVERT": 25.784000000000002, "USER_TEXT2": "Existing", "SHAPE.LEN": 17.5482192828788}}, {"type": "Feature", "id": 22501, "geometry": {"type": "LineString", "coordinates": [[72.8535737131538, 19.076664156169738], [72.8536552371941, 19.07653052002297]]}, "properties": {"OBJECTID": 22501, "US_NODE_ID": "2174101601", "DS_NODE_ID": "2174101602", "CONDUIT_LE": 17.1, "SHAPE_1": "RECT", "CONDUIT_WI": 1500, "CONDUIT_HE": 1500, "US_INVERT": 25.784000000000002, "DS_INVERT": 25.675, "USER_TEXT2": "Existing", "SHAPE.LEN": 17.104677722775097}}, {"type": "Feature", "id": 22502, "geometry": {"type": "LineString", "coordinates": [[72.8536552371941, 19.07653052002297], [72.85366645060986, 19.076323804267616]]}, "properties": {"OBJECTID": 22502, "US_NODE_ID": "2174101602", "DS_NODE_ID": "2174101603", "CONDUIT_LE": 22.900000000000002, "SHAPE_1": "RECT", "CONDUIT_WI": 1500, "CONDUIT_HE": 1500, "US_INVERT": 25.675, "DS_INVERT": 25.527, "USER_TEXT2": "Existing", "SHAPE.LEN": 22.917678765529498}}, {"type": "Feature", "id": 22562, "geometry": {"type": "LineString", "coordinates": [[72.85318323461166, 19.096045333357942], [72.85302626152041, 19.095618972274345]]}, "properties": {"OBJECTID": 22562, "US_NODE_ID": "2174121801", "DS_NODE_ID": "2174121702", "CONDUIT_LE": 50, "SHAPE_1": "RECT", "CONDUIT_WI": 3000, "CONDUIT_HE": 2500, "US_INVERT": 30.142000000000003, "DS_INVERT": 29.969, "USER_TEXT2": "Proposal", "SHAPE.LEN": 50.014098012460494}}, {"type": "Feature", "id": 22567, "geometry": {"type": "LineString", "coordinates": [[72.85371753001886, 19.097494064014423], [72.85344855702422, 19.096763806353167]]}, "properties": {"OBJECTID": 22567, "US_NODE_ID": "2174121905", "DS_NODE_ID": "2174121904", "CONDUIT_LE": 85.7, "SHAPE_1": "RECT", "CONDUIT_WI": 3000, "CONDUIT_HE": 2500, "US_INVERT": 30.728, "DS_INVERT": 30.433, "USER_TEXT2": "Proposal", "SHAPE.LEN": 85.66644617351649}}, {"type": "Feature", "id": 22457, "geometry": {"type": "LineString", "coordinates": [[72.85429054763567, 19.067032914507926], [72.85435111249332, 19.067124848626907]]}, "properties": {"OBJECTID": 22457, "US_NODE_ID": "2174092601", "DS_NODE_ID": "2174092602", "CONDUIT_LE": 12, "SHAPE_1": "OREC", "CONDUIT_WI": 1500, "CONDUIT_HE": 2000, "US_INVERT": 25.079, "DS_INVERT": 25.064, "USER_TEXT2": "Existing", "SHAPE.LEN": 12.0108284476967}}, {"type": "Feature", "id": 22511, "geometry": {"type": "LineString", "coordinates": [[72.85480913970619, 19.077224109464584], [72.85463946603458, 19.077046901988503]]}, "properties": {"OBJECTID": 22511, "US_NODE_ID": "2174102704", "DS_NODE_ID": "2174102703", "CONDUIT_LE": 26.5, "SHAPE_1": "RECT", "CONDUIT_WI": 1500, "CONDUIT_HE": 1500, "US_INVERT": 26.815, "DS_INVERT": 26.644000000000002, "USER_TEXT2": "Existing", "SHAPE.LEN": 26.5324329830493}}, {"type": "Feature", "id": 22579, "geometry": {"type": "LineString", "coordinates": [[72.85405203420436, 19.099963522487712], [72.85395583663892, 19.099708968845803]]}, "properties": {"OBJECTID": 22579, "US_NODE_ID": "2174132203", "DS_NODE_ID": "2174132202", "CONDUIT_LE": 29.900000000000002, "SHAPE_1": "RECT", "CONDUIT_WI": 3000, "CONDUIT_HE": 2148, "US_INVERT": 32.75, "DS_INVERT": 32.55, "USER_TEXT2": "Existing", "SHAPE.LEN": 29.9474159781775}}, {"type": "Feature", "id": 22585, "geometry": {"type": "LineString", "coordinates": [[72.85437489744886, 19.1010009336362], [72.85431627340839, 19.100736422430117]]}, "properties": {"OBJECTID": 22585, "US_NODE_ID": "2174132304", "DS_NODE_ID": "2174132303", "CONDUIT_LE": 29.900000000000002, "SHAPE_1": "RECT", "CONDUIT_WI": 3000, "CONDUIT_HE": 2084, "US_INVERT": 33.541000000000004, "DS_INVERT": 33.371, "USER_TEXT2": "Existing", "SHAPE.LEN": 29.929300149853198}}, {"type": "Feature", "id": 22595, "geometry": {"type": "LineString", "coordinates": [[72.85411006153416, 19.10313920500953], [72.8541689926144, 19.102873441961567]]}, "properties": {"OBJECTID": 22595, "US_NODE_ID": "2174132603", "DS_NODE_ID": "2174132501", "CONDUIT_LE": 30.1, "SHAPE_1": "RECT", "CONDUIT_WI": 3000, "CONDUIT_HE": 2203, "US_INVERT": 34.907000000000004, "DS_INVERT": 34.736000000000004, "USER_TEXT2": "Existing", "SHAPE.LEN": 30.071581054710098}}, {"type": "Feature", "id": 22589, "geometry": {"type": "LineString", "coordinates": [[72.8541689926144, 19.102873441961567], [72.85422864377372, 19.102608998794988]]}, "properties": {"OBJECTID": 22589, "US_NODE_ID": "2174132501", "DS_NODE_ID": "2174132502", "CONDUIT_LE": 29.900000000000002, "SHAPE_1": "RECT", "CONDUIT_WI": 3000, "CONDUIT_HE": 2277, "US_INVERT": 34.736000000000004, "DS_INVERT": 34.566, "USER_TEXT2": "Existing", "SHAPE.LEN": 29.9444019838433}}, {"type": "Feature", "id": 22590, "geometry": {"type": "LineString", "coordinates": [[72.85422864377372, 19.102608998794988], [72.85430825772164, 19.102360185195938]]}, "properties": {"OBJECTID": 22590, "US_NODE_ID": "2174132502", "DS_NODE_ID": "2174132503", "CONDUIT_LE": 28.8, "SHAPE_1": "RECT", "CONDUIT_WI": 3000, "CONDUIT_HE": 2352, "US_INVERT": 34.566, "DS_INVERT": 34.402, "USER_TEXT2": "Existing", "SHAPE.LEN": 28.7945566072826}}, {"type": "Feature", "id": 22460, "geometry": {"type": "LineString", "coordinates": [[72.85600683680927, 19.062034360815492], [72.8561551527012, 19.061803043583236]]}, "properties": {"OBJECTID": 22460, "US_NODE_ID": "2174093002", "DS_NODE_ID": "2174094001", "CONDUIT_LE": 30, "SHAPE_1": "OREC", "CONDUIT_WI": 62000, "CONDUIT_HE": 4335, "US_INVERT": 23.103, "DS_INVERT": 23.092000000000002, "USER_TEXT2": "Existing", "SHAPE.LEN": 29.995499662449397}}, {"type": "Feature", "id": 22601, "geometry": {"type": "LineString", "coordinates": [[72.8552755460528, 19.10112344410201], [72.85521840947749, 19.101059550402393]]}, "properties": {"OBJECTID": 22601, "US_NODE_ID": "2174133304", "DS_NODE_ID": "2174133303", "CONDUIT_LE": 9.3, "SHAPE_1": "RECT", "CONDUIT_WI": 2000, "CONDUIT_HE": 2000, "US_INVERT": 34.006, "DS_INVERT": 33.962, "USER_TEXT2": "Existing", "SHAPE.LEN": 9.28493403315285}}, {"type": "Feature", "id": 22603, "geometry": {"type": "LineString", "coordinates": [[72.85636242298028, 19.10194361599139], [72.85545699642836, 19.101199625067615]]}, "properties": {"OBJECTID": 22603, "US_NODE_ID": "2174134401", "DS_NODE_ID": "2174133401", "CONDUIT_LE": 126, "SHAPE_1": "RECT", "CONDUIT_WI": 2000, "CONDUIT_HE": 2000, "US_INVERT": 34.7, "DS_INVERT": 34.105000000000004, "USER_TEXT2": "Existing", "SHAPE.LEN": 125.964796669546}}, {"type": "Feature", "id": 22480, "geometry": {"type": "LineString", "coordinates": [[72.85952752676364, 19.064239476601905], [72.85735222004176, 19.064379509892134]]}, "properties": {"OBJECTID": 22480, "US_NODE_ID": "2174097301", "DS_NODE_ID": "2174095301", "CONDUIT_LE": 229.5, "SHAPE_1": "RECT", "CONDUIT_WI": 1500, "CONDUIT_HE": 2000, "US_INVERT": 25.961000000000002, "DS_INVERT": 25.666, "USER_TEXT2": "Existing", "SHAPE.LEN": 229.53067333147402}}, {"type": "Feature", "id": 22474, "geometry": {"type": "LineString", "coordinates": [[72.85742630344824, 19.070219054258168], [72.8567851829101, 19.070726460609677]]}, "properties": {"OBJECTID": 22474, "US_NODE_ID": "2174095902", "DS_NODE_ID": "2174104002", "CONDUIT_LE": 87.8, "SHAPE_1": "RECT", "CONDUIT_WI": 3000, "CONDUIT_HE": 1500, "US_INVERT": 26.656000000000002, "DS_INVERT": 26.471, "USER_TEXT2": "Proposal", "SHAPE.LEN": 87.81366636236069}}, {"type": "Feature", "id": 22527, "geometry": {"type": "LineString", "coordinates": [[72.85674239545999, 19.078484069760115], [72.85662899198236, 19.078068154277936]]}, "properties": {"OBJECTID": 22527, "US_NODE_ID": "2174104803", "DS_NODE_ID": "2174104802", "CONDUIT_LE": 47.6, "SHAPE_1": "RECT", "CONDUIT_WI": 2000, "CONDUIT_HE": 1500, "US_INVERT": 28.129, "DS_INVERT": 27.78, "USER_TEXT2": "Existing", "SHAPE.LEN": 47.5716302012029}}, {"type": "Feature", "id": 22473, "geometry": {"type": "LineString", "coordinates": [[72.85738379685414, 19.07005236012083], [72.85742630344824, 19.070219054258168]]}, "properties": {"OBJECTID": 22473, "US_NODE_ID": "2174095901", "DS_NODE_ID": "2174095902", "CONDUIT_LE": 19, "SHAPE_1": "RECT", "CONDUIT_WI": 3000, "CONDUIT_HE": 1500, "US_INVERT": 26.696, "DS_INVERT": 26.656000000000002, "USER_TEXT2": "Proposal", "SHAPE.LEN": 18.990787240133}}, {"type": "Feature", "id": 22476, "geometry": {"type": "LineString", "coordinates": [[72.85771891656597, 19.06977443714686], [72.85748845671185, 19.06996596014286]]}, "properties": {"OBJECTID": 22476, "US_NODE_ID": "2174095904", "DS_NODE_ID": "2174095903", "CONDUIT_LE": 32.2, "SHAPE_1": "RECT", "CONDUIT_WI": 3000, "CONDUIT_HE": 1500, "US_INVERT": 26.795, "DS_INVERT": 26.727, "USER_TEXT2": "Proposal", "SHAPE.LEN": 32.221886971436}}, {"type": "Feature", "id": 22481, "geometry": {"type": "LineString", "coordinates": [[72.85952752676364, 19.064239476601905], [72.8598581803713, 19.064160214306042]]}, "properties": {"OBJECTID": 22481, "US_NODE_ID": "2174097301", "DS_NODE_ID": "2174098201", "CONDUIT_LE": 35.9, "SHAPE_1": "RECT", "CONDUIT_WI": 1650, "CONDUIT_HE": 1650, "US_INVERT": 27.1, "DS_INVERT": 27, "USER_TEXT2": "Existing", "SHAPE.LEN": 35.8988857765809}}, {"type": "Feature", "id": 22486, "geometry": {"type": "LineString", "coordinates": [[72.86031408843594, 19.07001232679284], [72.85953530033137, 19.06947849054609]]}, "properties": {"OBJECTID": 22486, "US_NODE_ID": "2174098901", "DS_NODE_ID": "2174097803", "CONDUIT_LE": 101.10000000000001, "SHAPE_1": "RECT", "CONDUIT_WI": 3000, "CONDUIT_HE": 1500, "US_INVERT": 27.525000000000002, "DS_INVERT": 27.3, "USER_TEXT2": "Proposal", "SHAPE.LEN": 101.06878845618}}, {"type": "Feature", "id": 22611, "geometry": {"type": "LineString", "coordinates": [[72.86020461423182, 19.110683094368955], [72.8604330178069, 19.1106559425812]]}, "properties": {"OBJECTID": 22611, "US_NODE_ID": "2174148401", "DS_NODE_ID": "2174149401", "CONDUIT_LE": 24.2, "SHAPE_1": "OREC", "CONDUIT_WI": 3000, "CONDUIT_HE": 1990, "US_INVERT": 43, "DS_INVERT": 42.4, "USER_TEXT2": "Existing", "SHAPE.LEN": 24.2258126798669}}, {"type": "Feature", "id": 24909, "geometry": {"type": "LineString", "coordinates": [[72.86298772127728, 19.076407536272544], [72.86286923631583, 19.076159948990085]]}, "properties": {"OBJECTID": 24909, "US_NODE_ID": "2175101604", "DS_NODE_ID": "2175101603", "CONDUIT_LE": 30.1, "SHAPE_1": "OREC", "CONDUIT_WI": 2645, "CONDUIT_HE": 797, "US_INVERT": 29.787000000000003, "DS_INVERT": 29.649, "USER_TEXT2": "Existing", "SHAPE.LEN": 30.116492213403596}}, {"type": "Feature", "id": 25036, "geometry": {"type": "LineString", "coordinates": [[72.8616826265652, 19.1044433910539], [72.86184009660397, 19.104241986662835]]}, "properties": {"OBJECTID": 25036, "US_NODE_ID": "2175130703", "DS_NODE_ID": "2175130704", "CONDUIT_LE": 27.8, "SHAPE_1": "OREC", "CONDUIT_WI": 5041, "CONDUIT_HE": 1420, "US_INVERT": 37.188, "DS_INVERT": 37.033, "USER_TEXT2": "Existing", "SHAPE.LEN": 27.783808234293602}}, {"type": "Feature", "id": 24895, "geometry": {"type": "LineString", "coordinates": [[72.86444134418925, 19.06894981883191], [72.86418844886279, 19.069810684811845]]}, "properties": {"OBJECTID": 24895, "US_NODE_ID": "2175092801", "DS_NODE_ID": "2175092901", "CONDUIT_LE": 99, "SHAPE_1": "OREC", "CONDUIT_WI": 7000, "CONDUIT_HE": 1471, "US_INVERT": 26.667, "DS_INVERT": 26.483, "USER_TEXT2": "Existing", "SHAPE.LEN": 98.96143004383069}}, {"type": "Feature", "id": 24896, "geometry": {"type": "LineString", "coordinates": [[72.86418844886279, 19.069810684811845], [72.86491523736156, 19.070426666680742]]}, "properties": {"OBJECTID": 24896, "US_NODE_ID": "2175092901", "DS_NODE_ID": "2175093901", "CONDUIT_LE": 102.5, "SHAPE_1": "OREC", "CONDUIT_WI": 7000, "CONDUIT_HE": 1765, "US_INVERT": 26.483, "DS_INVERT": 26.292, "USER_TEXT2": "Existing", "SHAPE.LEN": 102.494118504624}}, {"type": "Feature", "id": 24918, "geometry": {"type": "LineString", "coordinates": [[72.86393163337773, 19.07349474316029], [72.86393640753478, 19.073225927441996]]}, "properties": {"OBJECTID": 24918, "US_NODE_ID": "2175102301", "DS_NODE_ID": "2175102201", "CONDUIT_LE": 29.8, "SHAPE_1": "RECT", "CONDUIT_WI": 4000, "CONDUIT_HE": 1500, "US_INVERT": 26.885, "DS_INVERT": 26.828000000000003, "USER_TEXT2": "Proposal", "SHAPE.LEN": 29.766928286271}}, {"type": "Feature", "id": 24914, "geometry": {"type": "LineString", "coordinates": [[72.86393640753478, 19.073225927441996], [72.86399788535776, 19.072974647210938]]}, "properties": {"OBJECTID": 24914, "US_NODE_ID": "2175102201", "DS_NODE_ID": "2175102202", "CONDUIT_LE": 28.6, "SHAPE_1": "RECT", "CONDUIT_WI": 4000, "CONDUIT_HE": 1500, "US_INVERT": 26.828000000000003, "DS_INVERT": 26.773, "USER_TEXT2": "Proposal", "SHAPE.LEN": 28.5640032355411}}, {"type": "Feature", "id": 24911, "geometry": {"type": "LineString", "coordinates": [[72.86322860391095, 19.076895416127595], [72.86312026246054, 19.0766462963009]]}, "properties": {"OBJECTID": 24911, "US_NODE_ID": "2175101701", "DS_NODE_ID": "2175101605", "CONDUIT_LE": 29.8, "SHAPE_1": "OREC", "CONDUIT_WI": 2103, "CONDUIT_HE": 817, "US_INVERT": 29.953000000000003, "DS_INVERT": 29.888, "USER_TEXT2": "Existing", "SHAPE.LEN": 29.846903305033198}}, {"type": "Feature", "id": 24924, "geometry": {"type": "LineString", "coordinates": [[72.86360390489445, 19.07756648775495], [72.86355909069091, 19.077475885746406]]}, "properties": {"OBJECTID": 24924, "US_NODE_ID": "2175102702", "DS_NODE_ID": "2175102701", "CONDUIT_LE": 11.1, "SHAPE_1": "RECT", "CONDUIT_WI": 2000, "CONDUIT_HE": 2246, "US_INVERT": 30.474, "DS_INVERT": 30.452, "USER_TEXT2": "Existing", "SHAPE.LEN": 11.085148684614001}}, {"type": "Feature", "id": 25044, "geometry": {"type": "LineString", "coordinates": [[72.86294598555624, 19.101811507621836], [72.86308301462898, 19.101573734021777]]}, "properties": {"OBJECTID": 25044, "US_NODE_ID": "2175131404", "DS_NODE_ID": "2175131405", "CONDUIT_LE": 30, "SHAPE_1": "OREC", "CONDUIT_WI": 1612, "CONDUIT_HE": 1748, "US_INVERT": 35.7, "DS_INVERT": 35.644, "USER_TEXT2": "Existing", "SHAPE.LEN": 30.0176614678759}}, {"type": "Feature", "id": 25079, "geometry": {"type": "LineString", "coordinates": [[72.86343789694995, 19.10168534122375], [72.8635758636702, 19.101448481328017]]}, "properties": {"OBJECTID": 25079, "US_NODE_ID": "2175132403", "DS_NODE_ID": "2175132404", "CONDUIT_LE": 30, "SHAPE_1": "OREC", "CONDUIT_WI": 1847, "CONDUIT_HE": 1665, "US_INVERT": 35.983000000000004, "DS_INVERT": 35.886, "USER_TEXT2": "Existing", "SHAPE.LEN": 29.9766575855281}}, {"type": "Feature", "id": 25054, "geometry": {"type": "LineString", "coordinates": [[72.86308794970721, 19.102299110218606], [72.86316290069058, 19.102159974727662]]}, "properties": {"OBJECTID": 25054, "US_NODE_ID": "2175131509", "DS_NODE_ID": "2175131510", "CONDUIT_LE": 17.3, "SHAPE_1": "OREC", "CONDUIT_WI": 2800, "CONDUIT_HE": 1890, "US_INVERT": 36.088, "DS_INVERT": 36.065000000000005, "USER_TEXT2": "Existing", "SHAPE.LEN": 17.307223925286202}}, {"type": "Feature", "id": 24929, "geometry": {"type": "LineString", "coordinates": [[72.86469567585449, 19.072168778558414], [72.86482229919874, 19.07197558634437]]}, "properties": {"OBJECTID": 24929, "US_NODE_ID": "2175103101", "DS_NODE_ID": "2175103102", "CONDUIT_LE": 25.2, "SHAPE_1": "OREC", "CONDUIT_WI": 4000, "CONDUIT_HE": 1500, "US_INVERT": 26.551000000000002, "DS_INVERT": 26.502000000000002, "USER_TEXT2": "Proposal", "SHAPE.LEN": 25.203245782438398}}, {"type": "Feature", "id": 24937, "geometry": {"type": "LineString", "coordinates": [[72.86497110665535, 19.072554362460675], [72.86493950129282, 19.072139545089374]]}, "properties": {"OBJECTID": 24937, "US_NODE_ID": "2175103203", "DS_NODE_ID": "2175103103", "CONDUIT_LE": 46, "SHAPE_1": "OREC", "CONDUIT_WI": 2500, "CONDUIT_HE": 1650, "US_INVERT": 27.134, "DS_INVERT": 27.071, "USER_TEXT2": "Existing", "SHAPE.LEN": 46.0479885921199}}, {"type": "Feature", "id": 24931, "geometry": {"type": "LineString", "coordinates": [[72.86493950129282, 19.072139545089374], [72.86509973389086, 19.071973698971135]]}, "properties": {"OBJECTID": 24931, "US_NODE_ID": "2175103103", "DS_NODE_ID": "2175103105", "CONDUIT_LE": 24.900000000000002, "SHAPE_1": "OREC", "CONDUIT_WI": 2500, "CONDUIT_HE": 1820, "US_INVERT": 27.071, "DS_INVERT": 27.037000000000003, "USER_TEXT2": "Existing", "SHAPE.LEN": 24.9336434216903}}, {"type": "Feature", "id": 25081, "geometry": {"type": "LineString", "coordinates": [[72.86426198330875, 19.098850531353545], [72.86452382869413, 19.098955637223014]]}, "properties": {"OBJECTID": 25081, "US_NODE_ID": "2175133101", "DS_NODE_ID": "2175133102", "CONDUIT_LE": 29.900000000000002, "SHAPE_1": "OREC", "CONDUIT_WI": 1755, "CONDUIT_HE": 2190, "US_INVERT": 34.808, "DS_INVERT": 34.721000000000004, "USER_TEXT2": "Existing", "SHAPE.LEN": 29.916216338300497}}, {"type": "Feature", "id": 25087, "geometry": {"type": "LineString", "coordinates": [[72.86493897561927, 19.09896135516224], [72.86505807633284, 19.098713435789136]]}, "properties": {"OBJECTID": 25087, "US_NODE_ID": "2175133107", "DS_NODE_ID": "2175133108", "CONDUIT_LE": 30.2, "SHAPE_1": "OREC", "CONDUIT_WI": 3104, "CONDUIT_HE": 2525, "US_INVERT": 34.573, "DS_INVERT": 34.467, "USER_TEXT2": "Existing", "SHAPE.LEN": 30.1761495224291}}, {"type": "Feature", "id": 25059, "geometry": {"type": "LineString", "coordinates": [[72.86394789538814, 19.099114253228294], [72.86407393631796, 19.098991968585775]]}, "properties": {"OBJECTID": 25059, "US_NODE_ID": "2175132101", "DS_NODE_ID": "2175132103", "CONDUIT_LE": 19, "SHAPE_1": "OREC", "CONDUIT_WI": 6846, "CONDUIT_HE": 2183, "US_INVERT": 35.065000000000005, "DS_INVERT": 34.976, "USER_TEXT2": "Existing", "SHAPE.LEN": 18.955210365490498}}, {"type": "Feature", "id": 25093, "geometry": {"type": "LineString", "coordinates": [[72.8645099093544, 19.099744023754706], [72.86462924232245, 19.099626177249288]]}, "properties": {"OBJECTID": 25093, "US_NODE_ID": "2175133205", "DS_NODE_ID": "2175133208", "CONDUIT_LE": 18.1, "SHAPE_1": "OREC", "CONDUIT_WI": 2825, "CONDUIT_HE": 1922, "US_INVERT": 35.126000000000005, "DS_INVERT": 35.036, "USER_TEXT2": "Existing", "SHAPE.LEN": 18.1107702762748}}, {"type": "Feature", "id": 25075, "geometry": {"type": "LineString", "coordinates": [[72.86400767273517, 19.100748947715694], [72.8641475030425, 19.100514818641813]]}, "properties": {"OBJECTID": 25075, "US_NODE_ID": "2175132309", "DS_NODE_ID": "2175132310", "CONDUIT_LE": 29.8, "SHAPE_1": "OREC", "CONDUIT_WI": 2000, "CONDUIT_HE": 3164, "US_INVERT": 35.564, "DS_INVERT": 35.456, "USER_TEXT2": "Existing", "SHAPE.LEN": 29.8088912910226}}, {"type": "Feature", "id": 25183, "geometry": {"type": "LineString", "coordinates": [[72.86415825923129, 19.108852951951555], [72.86427464317904, 19.108714787591214]]}, "properties": {"OBJECTID": 25183, "US_NODE_ID": "2175143201", "DS_NODE_ID": "2175143202", "CONDUIT_LE": 19.6, "SHAPE_1": "OREC", "CONDUIT_WI": 3000, "CONDUIT_HE": 2185, "US_INVERT": 37.805, "DS_INVERT": 37.669000000000004, "USER_TEXT2": "Existing", "SHAPE.LEN": 19.5971176056582}}, {"type": "Feature", "id": 24942, "geometry": {"type": "LineString", "coordinates": [[72.86588798493858, 19.070880842896514], [72.86642499354103, 19.070930070665185]]}, "properties": {"OBJECTID": 24942, "US_NODE_ID": "2175104002", "DS_NODE_ID": "2175104003", "CONDUIT_LE": 56.800000000000004, "SHAPE_1": "OREC", "CONDUIT_WI": 8000, "CONDUIT_HE": 2418, "US_INVERT": 26.080000000000002, "DS_INVERT": 26.037000000000003, "USER_TEXT2": "Existing", "SHAPE.LEN": 56.7934765751314}}, {"type": "Feature", "id": 25101, "geometry": {"type": "LineString", "coordinates": [[72.86544638407065, 19.09769957967485], [72.8654973976895, 19.097433377919153]]}, "properties": {"OBJECTID": 25101, "US_NODE_ID": "2175134005", "DS_NODE_ID": "2175124901", "CONDUIT_LE": 30, "SHAPE_1": "OREC", "CONDUIT_WI": 7000, "CONDUIT_HE": 1841, "US_INVERT": 33.677, "DS_INVERT": 33.615, "USER_TEXT2": "Existing", "SHAPE.LEN": 29.9584183781454}}, {"type": "Feature", "id": 25098, "geometry": {"type": "LineString", "coordinates": [[72.86527118985516, 19.09829793377169], [72.86529488263291, 19.0982224915673]]}, "properties": {"OBJECTID": 25098, "US_NODE_ID": "2175134002", "DS_NODE_ID": "2175134003", "CONDUIT_LE": 8.700000000000001, "SHAPE_1": "OREC", "CONDUIT_WI": 7321, "CONDUIT_HE": 2234, "US_INVERT": 34.035000000000004, "DS_INVERT": 34.001000000000005, "USER_TEXT2": "Existing", "SHAPE.LEN": 8.717121752619958}}, {"type": "Feature", "id": 25111, "geometry": {"type": "LineString", "coordinates": [[72.86656625246266, 19.10606380098494], [72.86686192005816, 19.10604574468569]]}, "properties": {"OBJECTID": 25111, "US_NODE_ID": "2175135904", "DS_NODE_ID": "2175135905", "CONDUIT_LE": 31.2, "SHAPE_1": "RECT", "CONDUIT_WI": 3000, "CONDUIT_HE": 2785, "US_INVERT": 34.413000000000004, "DS_INVERT": 34.379000000000005, "USER_TEXT2": "Existing", "SHAPE.LEN": 31.1827361238555}}, {"type": "Feature", "id": 24876, "geometry": {"type": "LineString", "coordinates": [[72.86922954565036, 19.054793461547007], [72.86875015300664, 19.05499206230741]]}, "properties": {"OBJECTID": 24876, "US_NODE_ID": "2175087202", "DS_NODE_ID": "2175087201", "CONDUIT_LE": 55.1, "SHAPE_1": "RECT", "CONDUIT_WI": 3000, "CONDUIT_HE": 1500, "US_INVERT": 24.856, "DS_INVERT": 24.737000000000002, "USER_TEXT2": "Proposal", "SHAPE.LEN": 55.0527020226982}}, {"type": "Feature", "id": 24885, "geometry": {"type": "LineString", "coordinates": [[72.86962591640697, 19.05618636284236], [72.8694204093872, 19.05592070922644], [72.86910003531563, 19.05547058825283], [72.86875015300664, 19.05499206230741]]}, "properties": {"OBJECTID": 24885, "US_NODE_ID": "2175088401", "DS_NODE_ID": "2175087201", "CONDUIT_LE": 161.20000000000002, "SHAPE_1": "RECT", "CONDUIT_WI": 5000, "CONDUIT_HE": 2971, "US_INVERT": 25.075000000000003, "DS_INVERT": 24.737000000000002, "USER_TEXT2": "Proposal", "SHAPE.LEN": 161.218240637806}}, {"type": "Feature", "id": 24878, "geometry": {"type": "LineString", "coordinates": [[72.8687669915383, 19.05980166741933], [72.86904510546482, 19.059564734580903]]}, "properties": {"OBJECTID": 24878, "US_NODE_ID": "2175087802", "DS_NODE_ID": "2175087701", "CONDUIT_LE": 39.300000000000004, "SHAPE_1": "OREC", "CONDUIT_WI": 2000, "CONDUIT_HE": 1382, "US_INVERT": 26.536, "DS_INVERT": 26.34, "USER_TEXT2": "Existing", "SHAPE.LEN": 39.3118277856678}}, {"type": "Feature", "id": 24948, "geometry": {"type": "LineString", "coordinates": [[72.86781815541376, 19.07125897639053], [72.86806288605344, 19.071249612817507]]}, "properties": {"OBJECTID": 24948, "US_NODE_ID": "2175106003", "DS_NODE_ID": "2175106004", "CONDUIT_LE": 25.8, "SHAPE_1": "OREC", "CONDUIT_WI": 5000, "CONDUIT_HE": 2427, "US_INVERT": 25.921000000000003, "DS_INVERT": 25.905, "USER_TEXT2": "Existing", "SHAPE.LEN": 25.7837662601878}}, {"type": "Feature", "id": 24956, "geometry": {"type": "LineString", "coordinates": [[72.86830035813647, 19.07512375463414], [72.86824069930846, 19.075289559132756]]}, "properties": {"OBJECTID": 24956, "US_NODE_ID": "2175106502", "DS_NODE_ID": "2175106501", "CONDUIT_LE": 19.400000000000002, "SHAPE_1": "OREC", "CONDUIT_WI": 1500, "CONDUIT_HE": 1389, "US_INVERT": 27.01, "DS_INVERT": 26.999000000000002, "USER_TEXT2": "Existing", "SHAPE.LEN": 19.4019853935106}}, {"type": "Feature", "id": 24970, "geometry": {"type": "LineString", "coordinates": [[72.86867382085345, 19.07572153767208], [72.86890186845335, 19.07582362252823]]}, "properties": {"OBJECTID": 24970, "US_NODE_ID": "2175107504", "DS_NODE_ID": "2175107506", "CONDUIT_LE": 26.5, "SHAPE_1": "OREC", "CONDUIT_WI": 1500, "CONDUIT_HE": 1899, "US_INVERT": 26.900000000000002, "DS_INVERT": 26.895, "USER_TEXT2": "Existing", "SHAPE.LEN": 26.533702623833}}, {"type": "Feature", "id": 24975, "geometry": {"type": "LineString", "coordinates": [[72.86834776095638, 19.076338135304745], [72.86845393852853, 19.076189407635542]]}, "properties": {"OBJECTID": 24975, "US_NODE_ID": "2175107601", "DS_NODE_ID": "2175107602", "CONDUIT_LE": 19.900000000000002, "SHAPE_1": "OREC", "CONDUIT_WI": 2000, "CONDUIT_HE": 1548, "US_INVERT": 27.3, "DS_INVERT": 27.2, "USER_TEXT2": "Existing", "SHAPE.LEN": 19.9017633153447}}, {"type": "Feature", "id": 25116, "geometry": {"type": "LineString", "coordinates": [[72.86774987460953, 19.09789827093714], [72.86785102864118, 19.09793828268115]]}, "properties": {"OBJECTID": 25116, "US_NODE_ID": "2175136004", "DS_NODE_ID": "2175136005", "CONDUIT_LE": 11.5, "SHAPE_1": "OREC", "CONDUIT_WI": 6140, "CONDUIT_HE": 1958, "US_INVERT": 33, "DS_INVERT": 32.988, "USER_TEXT2": "Existing", "SHAPE.LEN": 11.5316954521007}}, {"type": "Feature", "id": 25120, "geometry": {"type": "LineString", "coordinates": [[72.86771630223987, 19.10600862526586], [72.8680004406026, 19.1059914876577]]}, "properties": {"OBJECTID": 25120, "US_NODE_ID": "2175136902", "DS_NODE_ID": "2175137901", "CONDUIT_LE": 30, "SHAPE_1": "OREC", "CONDUIT_WI": 3000, "CONDUIT_HE": 2806, "US_INVERT": 34.279, "DS_INVERT": 34.246, "USER_TEXT2": "Existing", "SHAPE.LEN": 29.965275485635004}}, {"type": "Feature", "id": 24881, "geometry": {"type": "LineString", "coordinates": [[72.87002850669657, 19.055976937277425], [72.86922954565036, 19.054793461547007]]}, "properties": {"OBJECTID": 24881, "US_NODE_ID": "2175088302", "DS_NODE_ID": "2175087202", "CONDUIT_LE": 155.70000000000002, "SHAPE_1": "RECT", "CONDUIT_WI": 5000, "CONDUIT_HE": 2308, "US_INVERT": 25.191000000000003, "DS_INVERT": 24.856, "USER_TEXT2": "Proposal", "SHAPE.LEN": 155.706422475118}}, {"type": "Feature", "id": 24978, "geometry": {"type": "LineString", "coordinates": [[72.86956296662812, 19.071644891383425], [72.8697807560746, 19.071842924072154]]}, "properties": {"OBJECTID": 24978, "US_NODE_ID": "2175108101", "DS_NODE_ID": "2175108102", "CONDUIT_LE": 31.7, "SHAPE_1": "OREC", "CONDUIT_WI": 5000, "CONDUIT_HE": 3510, "US_INVERT": 25.628, "DS_INVERT": 25.573, "USER_TEXT2": "Existing", "SHAPE.LEN": 31.7233197097971}}, {"type": "Feature", "id": 24985, "geometry": {"type": "LineString", "coordinates": [[72.86963202026696, 19.07609644544825], [72.86965268379757, 19.07617829534393]]}, "properties": {"OBJECTID": 24985, "US_NODE_ID": "2175108601", "DS_NODE_ID": "2175108602", "CONDUIT_LE": 9.3, "SHAPE_1": "OREC", "CONDUIT_WI": 2000, "CONDUIT_HE": 1998, "US_INVERT": 26.68, "DS_INVERT": 26.643, "USER_TEXT2": "Existing", "SHAPE.LEN": 9.31961217272478}}, {"type": "Feature", "id": 24987, "geometry": {"type": "LineString", "coordinates": [[72.869745681462, 19.076220432792038], [72.86991758288525, 19.07629715233086]]}, "properties": {"OBJECTID": 24987, "US_NODE_ID": "2175108603", "DS_NODE_ID": "2175108604", "CONDUIT_LE": 20, "SHAPE_1": "OREC", "CONDUIT_WI": 2000, "CONDUIT_HE": 2008, "US_INVERT": 26.6, "DS_INVERT": 26.560000000000002, "USER_TEXT2": "Existing", "SHAPE.LEN": 19.990034097269596}}, {"type": "Feature", "id": 25140, "geometry": {"type": "LineString", "coordinates": [[72.86898668275524, 19.102743247126142], [72.86910914585258, 19.10275189087188]]}, "properties": {"OBJECTID": 25140, "US_NODE_ID": "2175138501", "DS_NODE_ID": "2175138502", "CONDUIT_LE": 12.9, "SHAPE_1": "RECT", "CONDUIT_WI": 3000, "CONDUIT_HE": 2743, "US_INVERT": 33.785000000000004, "DS_INVERT": 33.748000000000005, "USER_TEXT2": "Existing", "SHAPE.LEN": 12.924782396620799}}, {"type": "Feature", "id": 25129, "geometry": {"type": "LineString", "coordinates": [[72.86883477884443, 19.10580496764417], [72.86909790717121, 19.105677900791655]]}, "properties": {"OBJECTID": 25129, "US_NODE_ID": "2175137804", "DS_NODE_ID": "2175138801", "CONDUIT_LE": 31.1, "SHAPE_1": "OREC", "CONDUIT_WI": 6000, "CONDUIT_HE": 2553, "US_INVERT": 33.713, "DS_INVERT": 33.660000000000004, "USER_TEXT2": "Existing", "SHAPE.LEN": 31.062456169627}}, {"type": "Feature", "id": 25232, "geometry": {"type": "LineString", "coordinates": [[72.86919993359653, 19.114384430884208], [72.86932485007269, 19.11417518323085]]}, "properties": {"OBJECTID": 25232, "US_NODE_ID": "2175148802", "DS_NODE_ID": "2175148803", "CONDUIT_LE": 26.6, "SHAPE_1": "OREC", "CONDUIT_WI": 6049, "CONDUIT_HE": 2686, "US_INVERT": 38.433, "DS_INVERT": 38.414, "USER_TEXT2": "Existing", "SHAPE.LEN": 26.6376551214629}}, {"type": "Feature", "id": 24888, "geometry": {"type": "LineString", "coordinates": [[72.8706364653743, 19.0567201202256], [72.87014516380499, 19.05591686198178]]}, "properties": {"OBJECTID": 24888, "US_NODE_ID": "2175089401", "DS_NODE_ID": "2175088303", "CONDUIT_LE": 102.9, "SHAPE_1": "OREC", "CONDUIT_WI": 3500, "CONDUIT_HE": 2086, "US_INVERT": 25.413, "DS_INVERT": 25.225, "USER_TEXT2": "Proposal", "SHAPE.LEN": 102.882117007768}}, {"type": "Feature", "id": 25026, "geometry": {"type": "LineString", "coordinates": [[72.86967983103526, 19.092390822226317], [72.87230736831306, 19.091984919159337]]}, "properties": {"OBJECTID": 25026, "US_NODE_ID": "2175128401", "DS_NODE_ID": "2176121301", "CONDUIT_LE": 280.2, "SHAPE_1": "RECT", "CONDUIT_WI": 6500, "CONDUIT_HE": 1057, "US_INVERT": 31.442, "DS_INVERT": 31.01, "USER_TEXT2": "Proposal", "SHAPE.LEN": 280.194378958608}}, {"type": "Feature", "id": 25147, "geometry": {"type": "LineString", "coordinates": [[72.87001690673428, 19.09849537395281], [72.87024285394173, 19.098658768869203]]}, "properties": {"OBJECTID": 25147, "US_NODE_ID": "2175139001", "DS_NODE_ID": "2175139101", "CONDUIT_LE": 29.900000000000002, "SHAPE_1": "OREC", "CONDUIT_WI": 4750, "CONDUIT_HE": 2075, "US_INVERT": 32.713, "DS_INVERT": 32.681000000000004, "USER_TEXT2": "Existing", "SHAPE.LEN": 29.880428377116697}}, {"type": "Feature", "id": 25142, "geometry": {"type": "LineString", "coordinates": [[72.86953820718514, 19.102784858238536], [72.86982112381635, 19.102803487811247]]}, "properties": {"OBJECTID": 25142, "US_NODE_ID": "2175138503", "DS_NODE_ID": "2175138504", "CONDUIT_LE": 29.8, "SHAPE_1": "OREC", "CONDUIT_WI": 3000, "CONDUIT_HE": 2549, "US_INVERT": 33.619, "DS_INVERT": 33.534, "USER_TEXT2": "Existing", "SHAPE.LEN": 29.8484505460501}}, {"type": "Feature", "id": 25143, "geometry": {"type": "LineString", "coordinates": [[72.86982112381635, 19.102803487811247], [72.8701087098388, 19.10282849383197]]}, "properties": {"OBJECTID": 25143, "US_NODE_ID": "2175138504", "DS_NODE_ID": "2175139501", "CONDUIT_LE": 30.400000000000002, "SHAPE_1": "OREC", "CONDUIT_WI": 3000, "CONDUIT_HE": 2604, "US_INVERT": 33.534, "DS_INVERT": 33.449, "USER_TEXT2": "Existing", "SHAPE.LEN": 30.3949008881424}}, {"type": "Feature", "id": 25218, "geometry": {"type": "LineString", "coordinates": [[72.86969796845118, 19.108044683842586], [72.86960886667725, 19.10789848980924]]}, "properties": {"OBJECTID": 25218, "US_NODE_ID": "2175148103", "DS_NODE_ID": "2175148102", "CONDUIT_LE": 18.7, "SHAPE_1": "OREC", "CONDUIT_WI": 10000, "CONDUIT_HE": 3278, "US_INVERT": 34.079, "DS_INVERT": 34.004000000000005, "USER_TEXT2": "Existing", "SHAPE.LEN": 18.706608928932003}}, {"type": "Feature", "id": 25243, "geometry": {"type": "LineString", "coordinates": [[72.86983497002637, 19.108256291139423], [72.86969796845118, 19.108044683842586]]}, "properties": {"OBJECTID": 25243, "US_NODE_ID": "2175149101", "DS_NODE_ID": "2175148103", "CONDUIT_LE": 27.5, "SHAPE_1": "OREC", "CONDUIT_WI": 10000, "CONDUIT_HE": 3128, "US_INVERT": 34.17, "DS_INVERT": 34.079, "USER_TEXT2": "Existing", "SHAPE.LEN": 27.510210689851096}}, {"type": "Feature", "id": 25253, "geometry": {"type": "LineString", "coordinates": [[72.87031526472445, 19.109707427360412], [72.87028247278982, 19.109438227436573]]}, "properties": {"OBJECTID": 25253, "US_NODE_ID": "2175149302", "DS_NODE_ID": "2175149301", "CONDUIT_LE": 30, "SHAPE_1": "OREC", "CONDUIT_WI": 10000, "CONDUIT_HE": 3075, "US_INVERT": 34.777, "DS_INVERT": 34.685, "USER_TEXT2": "Existing", "SHAPE.LEN": 30.004369539118798}}, {"type": "Feature", "id": 25226, "geometry": {"type": "LineString", "coordinates": [[72.8697248655476, 19.11225843536765], [72.86965894269532, 19.11209424015541]]}, "properties": {"OBJECTID": 25226, "US_NODE_ID": "2175148601", "DS_NODE_ID": "2175148504", "CONDUIT_LE": 19.5, "SHAPE_1": "OREC", "CONDUIT_WI": 7000, "CONDUIT_HE": 4414, "US_INVERT": 36.197, "DS_INVERT": 36.026, "USER_TEXT2": "Existing", "SHAPE.LEN": 19.4582782244473}}, {"type": "Feature", "id": 25266, "geometry": {"type": "LineString", "coordinates": [[72.86981763589095, 19.112784096886053], [72.86975538205846, 19.112441433082314]]}, "properties": {"OBJECTID": 25266, "US_NODE_ID": "2175149602", "DS_NODE_ID": "2175149601", "CONDUIT_LE": 38.5, "SHAPE_1": "RECT", "CONDUIT_WI": 6000, "CONDUIT_HE": 4633, "US_INVERT": 36.715, "DS_INVERT": 36.377, "USER_TEXT2": "Existing", "SHAPE.LEN": 38.5005818205388}}, {"type": "Feature", "id": 25237, "geometry": {"type": "LineString", "coordinates": [[72.86958934715378, 19.114086152886387], [72.86958035285065, 19.113893816224003]]}, "properties": {"OBJECTID": 25237, "US_NODE_ID": "2175148807", "DS_NODE_ID": "2175148703", "CONDUIT_LE": 21.3, "SHAPE_1": "OREC", "CONDUIT_WI": 6113, "CONDUIT_HE": 2971, "US_INVERT": 38.356, "DS_INVERT": 38.333, "USER_TEXT2": "Existing", "SHAPE.LEN": 21.316137520901897}}, {"type": "Feature", "id": 25271, "geometry": {"type": "LineString", "coordinates": [[72.86977685374634, 19.114122679531278], [72.86971567414358, 19.114002740414747]]}, "properties": {"OBJECTID": 25271, "US_NODE_ID": "2175149802", "DS_NODE_ID": "2175149801", "CONDUIT_LE": 14.8, "SHAPE_1": "OREC", "CONDUIT_WI": 5000, "CONDUIT_HE": 2962, "US_INVERT": 38.386, "DS_INVERT": 38.256, "USER_TEXT2": "Existing", "SHAPE.LEN": 14.7580486514986}}, {"type": "Feature", "id": 26766, "geometry": {"type": "LineString", "coordinates": [[72.87247457742512, 19.059176544326892], [72.87221929946081, 19.058784290447832]]}, "properties": {"OBJECTID": 26766, "US_NODE_ID": "2176081701", "DS_NODE_ID": "2176080602", "CONDUIT_LE": 51.1, "SHAPE_1": "OREC", "CONDUIT_WI": 3500, "CONDUIT_HE": 1676, "US_INVERT": 26.023, "DS_INVERT": 25.929000000000002, "USER_TEXT2": "Proposal", "SHAPE.LEN": 51.072203790320195}}, {"type": "Feature", "id": 26861, "geometry": {"type": "LineString", "coordinates": [[72.87125560304314, 19.07239314985522], [72.87181652717815, 19.071761091313732]]}, "properties": {"OBJECTID": 26861, "US_NODE_ID": "2176100101", "DS_NODE_ID": "2176100102", "CONDUIT_LE": 91.60000000000001, "SHAPE_1": "OREC", "CONDUIT_WI": 10000, "CONDUIT_HE": 3301, "US_INVERT": 25.187, "DS_INVERT": 25.109, "USER_TEXT2": "Existing", "SHAPE.LEN": 91.56353729804239}}, {"type": "Feature", "id": 24997, "geometry": {"type": "LineString", "coordinates": [[72.8710309818281, 19.076254789748894], [72.87122922127274, 19.07606053859168]]}, "properties": {"OBJECTID": 24997, "US_NODE_ID": "2175109605", "DS_NODE_ID": "2176100601", "CONDUIT_LE": 30, "SHAPE_1": "OREC", "CONDUIT_WI": 3132, "CONDUIT_HE": 2238, "US_INVERT": 25.82, "DS_INVERT": 25.76, "USER_TEXT2": "Existing", "SHAPE.LEN": 29.967117267097898}}, {"type": "Feature", "id": 26937, "geometry": {"type": "LineString", "coordinates": [[72.87166177305103, 19.083325068895753], [72.87385795968265, 19.081346073983095]]}, "properties": {"OBJECTID": 26937, "US_NODE_ID": "2176110403", "DS_NODE_ID": "2176112101", "CONDUIT_LE": 318.5, "SHAPE_1": "OREC", "CONDUIT_WI": 2000, "CONDUIT_HE": 3149, "US_INVERT": 26.85, "DS_INVERT": 26.54, "USER_TEXT2": "Proposal", "SHAPE.LEN": 318.51508598495}}, {"type": "Feature", "id": 25153, "geometry": {"type": "LineString", "coordinates": [[72.87068772870963, 19.102874935982246], [72.87083586646503, 19.102882069043734]]}, "properties": {"OBJECTID": 25153, "US_NODE_ID": "2175139503", "DS_NODE_ID": "2176130501", "CONDUIT_LE": 15.6, "SHAPE_1": "RECT", "CONDUIT_WI": 3000, "CONDUIT_HE": 2223, "US_INVERT": 33.275, "DS_INVERT": 33.122, "USER_TEXT2": "Existing", "SHAPE.LEN": 15.611534197509199}}, {"type": "Feature", "id": 26999, "geometry": {"type": "LineString", "coordinates": [[72.87152950397754, 19.10288196120231], [72.87181452939039, 19.102884353344216]]}, "properties": {"OBJECTID": 26999, "US_NODE_ID": "2176130503", "DS_NODE_ID": "2176131501", "CONDUIT_LE": 30, "SHAPE_1": "OREC", "CONDUIT_WI": 3000, "CONDUIT_HE": 2913, "US_INVERT": 32.865, "DS_INVERT": 32.726, "USER_TEXT2": "Existing", "SHAPE.LEN": 30.0001666662037}}, {"type": "Feature", "id": 25156, "geometry": {"type": "LineString", "coordinates": [[72.87059570484935, 19.105398446690668], [72.87084103994725, 19.105257713576783]]}, "properties": {"OBJECTID": 25156, "US_NODE_ID": "2175139803", "DS_NODE_ID": "2176130801", "CONDUIT_LE": 30.2, "SHAPE_1": "RECT", "CONDUIT_WI": 13000, "CONDUIT_HE": 3713, "US_INVERT": 32.876000000000005, "DS_INVERT": 32.753, "USER_TEXT2": "Existing", "SHAPE.LEN": 30.1582991924279}}, {"type": "Feature", "id": 27002, "geometry": {"type": "LineString", "coordinates": [[72.87084103994725, 19.105257713576783], [72.87107113031843, 19.10513236973794]]}, "properties": {"OBJECTID": 27002, "US_NODE_ID": "2176130801", "DS_NODE_ID": "2176130802", "CONDUIT_LE": 27.900000000000002, "SHAPE_1": "RECT", "CONDUIT_WI": 13000, "CONDUIT_HE": 3861, "US_INVERT": 32.753, "DS_INVERT": 32.64, "USER_TEXT2": "Existing", "SHAPE.LEN": 27.9113507944349}}, {"type": "Feature", "id": 27000, "geometry": {"type": "LineString", "coordinates": [[72.87155882839613, 19.10486708187651], [72.87172443173554, 19.104777227713058]]}, "properties": {"OBJECTID": 27000, "US_NODE_ID": "2176130701", "DS_NODE_ID": "2176130702", "CONDUIT_LE": 20.1, "SHAPE_1": "OREC", "CONDUIT_WI": 15000, "CONDUIT_HE": 3932, "US_INVERT": 31.839000000000002, "DS_INVERT": 31.793000000000003, "USER_TEXT2": "Existing", "SHAPE.LEN": 20.0689346349028}}, {"type": "Feature", "id": 25261, "geometry": {"type": "LineString", "coordinates": [[72.87060714035155, 19.110996782138358], [72.87058171442975, 19.11089865989283]]}, "properties": {"OBJECTID": 25261, "US_NODE_ID": "2175149406", "DS_NODE_ID": "2175149405", "CONDUIT_LE": 11.200000000000001, "SHAPE_1": "OREC", "CONDUIT_WI": 6000, "CONDUIT_HE": 4027, "US_INVERT": 34.951, "DS_INVERT": 34.939, "USER_TEXT2": "Existing", "SHAPE.LEN": 11.1885921478084}}, {"type": "Feature", "id": 25263, "geometry": {"type": "LineString", "coordinates": [[72.87069573029866, 19.111222449959204], [72.87062531390441, 19.11106583471375]]}, "properties": {"OBJECTID": 25263, "US_NODE_ID": "2175149408", "DS_NODE_ID": "2175149407", "CONDUIT_LE": 18.900000000000002, "SHAPE_1": "OREC", "CONDUIT_WI": 5000, "CONDUIT_HE": 1998, "US_INVERT": 36.7, "DS_INVERT": 36.5, "USER_TEXT2": "Existing", "SHAPE.LEN": 18.8573981293815}}, {"type": "Feature", "id": 26944, "geometry": {"type": "LineString", "coordinates": [[72.87314436714904, 19.080474248524826], [72.8734002892142, 19.080355723575327]]}, "properties": {"OBJECTID": 26944, "US_NODE_ID": "2176112001", "DS_NODE_ID": "2176112002", "CONDUIT_LE": 30, "SHAPE_1": "OREC", "CONDUIT_WI": 6511, "CONDUIT_HE": 2287, "US_INVERT": 26.846, "DS_INVERT": 26.783, "USER_TEXT2": "Existing", "SHAPE.LEN": 29.965683984851697}}, {"type": "Feature", "id": 27006, "geometry": {"type": "LineString", "coordinates": [[72.87223960518781, 19.100183083154793], [72.87236263571755, 19.100221538918827]]}, "properties": {"OBJECTID": 27006, "US_NODE_ID": "2176131202", "DS_NODE_ID": "2176131203", "CONDUIT_LE": 13.6, "SHAPE_1": "OREC", "CONDUIT_WI": 9540, "CONDUIT_HE": 3274, "US_INVERT": 32.394, "DS_INVERT": 32.38, "USER_TEXT2": "Existing", "SHAPE.LEN": 13.6312141792285}}, {"type": "Feature", "id": 27019, "geometry": {"type": "LineString", "coordinates": [[72.87267806050853, 19.102527608712922], [72.87269370193664, 19.101973184240272]]}, "properties": {"OBJECTID": 27019, "US_NODE_ID": "2176131507", "DS_NODE_ID": "2176131402", "CONDUIT_LE": 61.4, "SHAPE_1": "OREC", "CONDUIT_WI": 20000, "CONDUIT_HE": 4999, "US_INVERT": 30.974, "DS_INVERT": 30.837, "USER_TEXT2": "Existing", "SHAPE.LEN": 61.4065957369402}}, {"type": "Feature", "id": 26773, "geometry": {"type": "LineString", "coordinates": [[72.8742464569282, 19.061094745058764], [72.87374263958765, 19.06060026818502]]}, "properties": {"OBJECTID": 26773, "US_NODE_ID": "2176083901", "DS_NODE_ID": "2176082801", "CONDUIT_LE": 76.2, "SHAPE_1": "OREC", "CONDUIT_WI": 3500, "CONDUIT_HE": 1132, "US_INVERT": 27.268, "DS_INVERT": 26.400000000000002, "USER_TEXT2": "Proposal", "SHAPE.LEN": 76.2266357646722}}, {"type": "Feature", "id": 26825, "geometry": {"type": "LineString", "coordinates": [[72.87492741476181, 19.061703267575535], [72.8742464569282, 19.061094745058764]]}, "properties": {"OBJECTID": 26825, "US_NODE_ID": "2176093002", "DS_NODE_ID": "2176083901", "CONDUIT_LE": 98.4, "SHAPE_1": "OREC", "CONDUIT_WI": 3500, "CONDUIT_HE": 895, "US_INVERT": 27.678, "DS_INVERT": 27.268, "USER_TEXT2": "Proposal", "SHAPE.LEN": 98.3793677556427}}, {"type": "Feature", "id": 27034, "geometry": {"type": "LineString", "coordinates": [[72.87376919647957, 19.100792394347447], [72.87406053429173, 19.100821050337885]]}, "properties": {"OBJECTID": 27034, "US_NODE_ID": "2176133301", "DS_NODE_ID": "2176133302", "CONDUIT_LE": 30.8, "SHAPE_1": "OREC", "CONDUIT_WI": 22000, "CONDUIT_HE": 5761, "US_INVERT": 29.827, "DS_INVERT": 29.806, "USER_TEXT2": "Existing", "SHAPE.LEN": 30.8274228569305}}, {"type": "Feature", "id": 26842, "geometry": {"type": "LineString", "coordinates": [[72.87557082352447, 19.065929856596117], [72.87470668988132, 19.066051775670086]]}, "properties": {"OBJECTID": 26842, "US_NODE_ID": "2176094401", "DS_NODE_ID": "2176093401", "CONDUIT_LE": 92, "SHAPE_1": "RECT", "CONDUIT_WI": 3000, "CONDUIT_HE": 2107, "US_INVERT": 26.143, "DS_INVERT": 26, "USER_TEXT2": "Proposal", "SHAPE.LEN": 91.96629817492929}}, {"type": "Feature", "id": 26880, "geometry": {"type": "LineString", "coordinates": [[72.8754085860295, 19.07165200877164], [72.87499236410885, 19.071735731538286]]}, "properties": {"OBJECTID": 26880, "US_NODE_ID": "2176104101", "DS_NODE_ID": "2176103103", "CONDUIT_LE": 44.800000000000004, "SHAPE_1": "OREC", "CONDUIT_WI": 3000, "CONDUIT_HE": 1889, "US_INVERT": 26.5, "DS_INVERT": 26.252000000000002, "USER_TEXT2": "Proposal", "SHAPE.LEN": 44.7853770777918}}, {"type": "Feature", "id": 26952, "geometry": {"type": "LineString", "coordinates": [[72.87442582437282, 19.079873540683362], [72.87467711834418, 19.079752751013316]]}, "properties": {"OBJECTID": 26952, "US_NODE_ID": "2176113002", "DS_NODE_ID": "2176113003", "CONDUIT_LE": 29.6, "SHAPE_1": "OREC", "CONDUIT_WI": 6511, "CONDUIT_HE": 2631, "US_INVERT": 26.531000000000002, "DS_INVERT": 26.468, "USER_TEXT2": "Existing", "SHAPE.LEN": 29.640827633519297}}, {"type": "Feature", "id": 26953, "geometry": {"type": "LineString", "coordinates": [[72.87467711834418, 19.079752751013316], [72.87493305289296, 19.079633160731518]]}, "properties": {"OBJECTID": 26953, "US_NODE_ID": "2176113003", "DS_NODE_ID": "2176104901", "CONDUIT_LE": 30, "SHAPE_1": "OREC", "CONDUIT_WI": 6511, "CONDUIT_HE": 2700, "US_INVERT": 26.468, "DS_INVERT": 26.405, "USER_TEXT2": "Existing", "SHAPE.LEN": 30.018782006270698}}, {"type": "Feature", "id": 26956, "geometry": {"type": "LineString", "coordinates": [[72.87496591209782, 19.080736503079915], [72.87602649423232, 19.07974339259733]]}, "properties": {"OBJECTID": 26956, "US_NODE_ID": "2176114101", "DS_NODE_ID": "2176115001", "CONDUIT_LE": 156.70000000000002, "SHAPE_1": "OREC", "CONDUIT_WI": 2000, "CONDUIT_HE": 5161, "US_INVERT": 26.298000000000002, "DS_INVERT": 26, "USER_TEXT2": "Proposal", "SHAPE.LEN": 156.696458160355}}, {"type": "Feature", "id": 27040, "geometry": {"type": "LineString", "coordinates": [[72.8742784457, 19.104703030413415], [72.87427642887373, 19.104586263556453]]}, "properties": {"OBJECTID": 27040, "US_NODE_ID": "2176133704", "DS_NODE_ID": "2176133702", "CONDUIT_LE": 12.9, "SHAPE_1": "OREC", "CONDUIT_WI": 10000, "CONDUIT_HE": 4296, "US_INVERT": 31.413, "DS_INVERT": 31.36, "USER_TEXT2": "Existing", "SHAPE.LEN": 12.9298750051963}}, {"type": "Feature", "id": 27042, "geometry": {"type": "LineString", "coordinates": [[72.8742889572631, 19.105401442628402], [72.87427344178819, 19.105128477013604]]}, "properties": {"OBJECTID": 27042, "US_NODE_ID": "2176133802", "DS_NODE_ID": "2176133801", "CONDUIT_LE": 30.3, "SHAPE_1": "OREC", "CONDUIT_WI": 10000, "CONDUIT_HE": 3426, "US_INVERT": 31.733, "DS_INVERT": 31.608, "USER_TEXT2": "Existing", "SHAPE.LEN": 30.2661527122295}}, {"type": "Feature", "id": 27043, "geometry": {"type": "LineString", "coordinates": [[72.87434549861551, 19.10566133304431], [72.8742889572631, 19.105401442628402]]}, "properties": {"OBJECTID": 27043, "US_NODE_ID": "2176133803", "DS_NODE_ID": "2176133802", "CONDUIT_LE": 29.400000000000002, "SHAPE_1": "OREC", "CONDUIT_WI": 10000, "CONDUIT_HE": 3576, "US_INVERT": 31.855, "DS_INVERT": 31.733, "USER_TEXT2": "Existing", "SHAPE.LEN": 29.3833286065415}}, {"type": "Feature", "id": 27083, "geometry": {"type": "LineString", "coordinates": [[72.87438882749098, 19.11022603726295], [72.87687374439182, 19.109327971139752]]}, "properties": {"OBJECTID": 27083, "US_NODE_ID": "2176143301", "DS_NODE_ID": "2176146203", "CONDUIT_LE": 279.8, "SHAPE_1": "RECT", "CONDUIT_WI": 5000, "CONDUIT_HE": 2500, "US_INVERT": 33.949000000000005, "DS_INVERT": 33.418, "USER_TEXT2": "Proposal", "SHAPE.LEN": 279.790725364512}}, {"type": "Feature", "id": 26844, "geometry": {"type": "LineString", "coordinates": [[72.87589089014936, 19.066979531090215], [72.87587992699471, 19.066497961711413]]}, "properties": {"OBJECTID": 26844, "US_NODE_ID": "2176094502", "DS_NODE_ID": "2176094501", "CONDUIT_LE": 53.300000000000004, "SHAPE_1": "RECT", "CONDUIT_WI": 3000, "CONDUIT_HE": 3037, "US_INVERT": 26.44, "DS_INVERT": 26.357000000000003, "USER_TEXT2": "Proposal", "SHAPE.LEN": 53.3303853351914}}, {"type": "Feature", "id": 26896, "geometry": {"type": "LineString", "coordinates": [[72.87619972194993, 19.074501909245154], [72.87598574946017, 19.07414626512297]]}, "properties": {"OBJECTID": 26896, "US_NODE_ID": "2176105401", "DS_NODE_ID": "2176105301", "CONDUIT_LE": 45.4, "SHAPE_1": "RECT", "CONDUIT_WI": 5000, "CONDUIT_HE": 1629, "US_INVERT": 27.287000000000003, "DS_INVERT": 27.226000000000003, "USER_TEXT2": "Proposal", "SHAPE.LEN": 45.3630907236268}}, {"type": "Feature", "id": 27046, "geometry": {"type": "LineString", "coordinates": [[72.87524501041834, 19.100851886649355], [72.87551061274948, 19.100812498301938]]}, "properties": {"OBJECTID": 27046, "US_NODE_ID": "2176134302", "DS_NODE_ID": "2176134303", "CONDUIT_LE": 28.3, "SHAPE_1": "OREC", "CONDUIT_WI": 22000, "CONDUIT_HE": 5275, "US_INVERT": 29.723000000000003, "DS_INVERT": 29.705000000000002, "USER_TEXT2": "Existing", "SHAPE.LEN": 28.2931087015902}}, {"type": "Feature", "id": 27057, "geometry": {"type": "LineString", "coordinates": [[72.87577570422805, 19.106691309984292], [72.87558246997192, 19.106494877318013]]}, "properties": {"OBJECTID": 27057, "US_NODE_ID": "2176135902", "DS_NODE_ID": "2176135901", "CONDUIT_LE": 29.8, "SHAPE_1": "OREC", "CONDUIT_WI": 9000, "CONDUIT_HE": 3721, "US_INVERT": 31.987000000000002, "DS_INVERT": 31.983, "USER_TEXT2": "Existing", "SHAPE.LEN": 29.7759970445995}}, {"type": "Feature", "id": 27108, "geometry": {"type": "LineString", "coordinates": [[72.87603603852541, 19.112691264131634], [72.87562628344368, 19.11277440629553]]}, "properties": {"OBJECTID": 27108, "US_NODE_ID": "2176145602", "DS_NODE_ID": "2176145601", "CONDUIT_LE": 44.1, "SHAPE_1": "RECT", "CONDUIT_WI": 5000, "CONDUIT_HE": 2500, "US_INVERT": 34.639, "DS_INVERT": 34.555, "USER_TEXT2": "Proposal", "SHAPE.LEN": 44.0957039350774}}, {"type": "Feature", "id": 26789, "geometry": {"type": "LineString", "coordinates": [[72.87781044626205, 19.05627121362084], [72.87763829488505, 19.056063875014633]]}, "properties": {"OBJECTID": 26789, "US_NODE_ID": "2176086401", "DS_NODE_ID": "2176086303", "CONDUIT_LE": 29.2, "SHAPE_1": "OREC", "CONDUIT_WI": 22500, "CONDUIT_HE": 2891, "US_INVERT": 25.336000000000002, "DS_INVERT": 25.315, "USER_TEXT2": "Existing", "SHAPE.LEN": 29.248083666626798}}, {"type": "Feature", "id": 26790, "geometry": {"type": "LineString", "coordinates": [[72.87801574495442, 19.056459420026677], [72.87781044626205, 19.05627121362084]]}, "properties": {"OBJECTID": 26790, "US_NODE_ID": "2176086402", "DS_NODE_ID": "2176086401", "CONDUIT_LE": 30, "SHAPE_1": "OREC", "CONDUIT_WI": 22500, "CONDUIT_HE": 2720, "US_INVERT": 25.357000000000003, "DS_INVERT": 25.336000000000002, "USER_TEXT2": "Existing", "SHAPE.LEN": 30.022614922754496}}, {"type": "Feature", "id": 26894, "geometry": {"type": "LineString", "coordinates": [[72.87679494790669, 19.07237433946554], [72.87671617203937, 19.072442983887143]]}, "properties": {"OBJECTID": 26894, "US_NODE_ID": "2176105104", "DS_NODE_ID": "2176105103", "CONDUIT_LE": 11.200000000000001, "SHAPE_1": "RECT", "CONDUIT_WI": 2000, "CONDUIT_HE": 2000, "US_INVERT": 29.786, "DS_INVERT": 29.485000000000003, "USER_TEXT2": "Proposal", "SHAPE.LEN": 11.248555462813899}}, {"type": "Feature", "id": 26970, "geometry": {"type": "LineString", "coordinates": [[72.87741906048538, 19.087140054501603], [72.87836743781638, 19.087200659586806]]}, "properties": {"OBJECTID": 26970, "US_NODE_ID": "2176116802", "DS_NODE_ID": "2176117801", "CONDUIT_LE": 100.10000000000001, "SHAPE_1": "OREC", "CONDUIT_WI": 3000, "CONDUIT_HE": 3209, "US_INVERT": 27.330000000000002, "DS_INVERT": 27, "USER_TEXT2": "Proposal", "SHAPE.LEN": 100.051286848296}}, {"type": "Feature", "id": 27119, "geometry": {"type": "LineString", "coordinates": [[72.87691910618267, 19.109719609154205], [72.87688624300765, 19.109465411944445]]}, "properties": {"OBJECTID": 27119, "US_NODE_ID": "2176146303", "DS_NODE_ID": "2176146204", "CONDUIT_LE": 28.400000000000002, "SHAPE_1": "OREC", "CONDUIT_WI": 4840, "CONDUIT_HE": 1704, "US_INVERT": 34.464, "DS_INVERT": 34.422000000000004, "USER_TEXT2": "Existing", "SHAPE.LEN": 28.3557754258282}}, {"type": "Feature", "id": 27126, "geometry": {"type": "LineString", "coordinates": [[72.87716036298949, 19.113151194350134], [72.8769120810895, 19.11307865169767]]}, "properties": {"OBJECTID": 27126, "US_NODE_ID": "2176146701", "DS_NODE_ID": "2176146605", "CONDUIT_LE": 27.3, "SHAPE_1": "OREC", "CONDUIT_WI": 6000, "CONDUIT_HE": 3113, "US_INVERT": 35.625, "DS_INVERT": 35.485, "USER_TEXT2": "Existing", "SHAPE.LEN": 27.3365669271033}}, {"type": "Feature", "id": 26910, "geometry": {"type": "LineString", "coordinates": [[72.87807506552193, 19.076815106138845], [72.87823690247806, 19.077012979114503]]}, "properties": {"OBJECTID": 26910, "US_NODE_ID": "2176107602", "DS_NODE_ID": "2176107701", "CONDUIT_LE": 27.8, "SHAPE_1": "RECT", "CONDUIT_WI": 3000, "CONDUIT_HE": 2000, "US_INVERT": 26.081, "DS_INVERT": 26.047, "USER_TEXT2": "Existing", "SHAPE.LEN": 27.7521170363632}}, {"type": "Feature", "id": 26919, "geometry": {"type": "LineString", "coordinates": [[72.87893006458214, 19.07785183358803], [72.87876846457453, 19.077962095661565]]}, "properties": {"OBJECTID": 26919, "US_NODE_ID": "2176108701", "DS_NODE_ID": "2176108801", "CONDUIT_LE": 20.900000000000002, "SHAPE_1": "OREC", "CONDUIT_WI": 4000, "CONDUIT_HE": 2437, "US_INVERT": 25.902, "DS_INVERT": 25.796000000000003, "USER_TEXT2": "Existing", "SHAPE.LEN": 20.938093466693697}}, {"type": "Feature", "id": 26971, "geometry": {"type": "LineString", "coordinates": [[72.87825558724721, 19.085167014339994], [72.8784518879568, 19.08527044125665]]}, "properties": {"OBJECTID": 26971, "US_NODE_ID": "2176117601", "DS_NODE_ID": "2176117602", "CONDUIT_LE": 23.6, "SHAPE_1": "CIRC", "CONDUIT_WI": 1000, "CONDUIT_HE": 1000, "US_INVERT": 25.968, "DS_INVERT": 25.8, "USER_TEXT2": "Proposal", "SHAPE.LEN": 23.6237168963734}}, {"type": "Feature", "id": 27136, "geometry": {"type": "LineString", "coordinates": [[72.87778220332545, 19.11542918128056], [72.87792348527506, 19.11530435350965]]}, "properties": {"OBJECTID": 27136, "US_NODE_ID": "2176147902", "DS_NODE_ID": "2176147903", "CONDUIT_LE": 20.3, "SHAPE_1": "OREC", "CONDUIT_WI": 4500, "CONDUIT_HE": 2495, "US_INVERT": 37.213, "DS_INVERT": 37.109, "USER_TEXT2": "Existing", "SHAPE.LEN": 20.3}}, {"type": "Feature", "id": 26814, "geometry": {"type": "LineString", "coordinates": [[72.88031248089901, 19.058450653304504], [72.88014242271164, 19.05835122218689]]}, "properties": {"OBJECTID": 26814, "US_NODE_ID": "2176089604", "DS_NODE_ID": "2176089602", "CONDUIT_LE": 21, "SHAPE_1": "OREC", "CONDUIT_WI": 22500, "CONDUIT_HE": 2826, "US_INVERT": 25.59, "DS_INVERT": 25.572000000000003, "USER_TEXT2": "Existing", "SHAPE.LEN": 21.017166894232002}}, {"type": "Feature", "id": 26807, "geometry": {"type": "LineString", "coordinates": [[72.87932164236679, 19.061349547198414], [72.8794442679229, 19.060970316420192]]}, "properties": {"OBJECTID": 26807, "US_NODE_ID": "2176088901", "DS_NODE_ID": "2176088902", "CONDUIT_LE": 43.9, "SHAPE_1": "OREC", "CONDUIT_WI": 5200, "CONDUIT_HE": 1500, "US_INVERT": 27.252000000000002, "DS_INVERT": 27.22, "USER_TEXT2": "Existing", "SHAPE.LEN": 43.9269709500894}}, {"type": "Feature", "id": 26974, "geometry": {"type": "LineString", "coordinates": [[72.87955830683823, 19.080081243611975], [72.87921304609975, 19.079962554890706]]}, "properties": {"OBJECTID": 26974, "US_NODE_ID": "2176118004", "DS_NODE_ID": "2176118003", "CONDUIT_LE": 38.6, "SHAPE_1": "OREC", "CONDUIT_WI": 13000, "CONDUIT_HE": 4154, "US_INVERT": 25.044, "DS_INVERT": 24.42, "USER_TEXT2": "Existing", "SHAPE.LEN": 38.646345234704896}}, {"type": "Feature", "id": 27067, "geometry": {"type": "LineString", "coordinates": [[72.87869701614986, 19.099956811867326], [72.87898205486006, 19.099828763298884]]}, "properties": {"OBJECTID": 27067, "US_NODE_ID": "2176138201", "DS_NODE_ID": "2176138202", "CONDUIT_LE": 33.2, "SHAPE_1": "OREC", "CONDUIT_WI": 22000, "CONDUIT_HE": 4939, "US_INVERT": 26.669, "DS_INVERT": 26.278000000000002, "USER_TEXT2": "Existing", "SHAPE.LEN": 33.181935964165795}}, {"type": "Feature", "id": 27072, "geometry": {"type": "LineString", "coordinates": [[72.8791008795454, 19.10293502591094], [72.87895469733708, 19.10173109094439]]}, "properties": {"OBJECTID": 27072, "US_NODE_ID": "2176138502", "DS_NODE_ID": "2176138401", "CONDUIT_LE": 134.2, "SHAPE_1": "OREC", "CONDUIT_WI": 2000, "CONDUIT_HE": 1500, "US_INVERT": 32.716, "DS_INVERT": 32.4, "USER_TEXT2": "Proposal", "SHAPE.LEN": 134.181258005729}}, {"type": "Feature", "id": 28058, "geometry": {"type": "LineString", "coordinates": [[72.8810868995334, 19.056888709143053], [72.88097571831818, 19.057143416048103]]}, "properties": {"OBJECTID": 28058, "US_NODE_ID": "2177080402", "DS_NODE_ID": "2177080401", "CONDUIT_LE": 30.5, "SHAPE_1": "OREC", "CONDUIT_WI": 4000, "CONDUIT_HE": 1974, "US_INVERT": 26.185000000000002, "DS_INVERT": 26.174, "USER_TEXT2": "Existing", "SHAPE.LEN": 30.532966780350698}}, {"type": "Feature", "id": 26815, "geometry": {"type": "LineString", "coordinates": [[72.88046689494153, 19.058503282066965], [72.88031248089901, 19.058450653304504]]}, "properties": {"OBJECTID": 26815, "US_NODE_ID": "2176089605", "DS_NODE_ID": "2176089604", "CONDUIT_LE": 17.3, "SHAPE_1": "OREC", "CONDUIT_WI": 15000, "CONDUIT_HE": 2720, "US_INVERT": 25.602, "DS_INVERT": 25.59, "USER_TEXT2": "Existing", "SHAPE.LEN": 17.2691087019568}}, {"type": "Feature", "id": 26860, "geometry": {"type": "LineString", "coordinates": [[72.88063108558924, 19.069878048934843], [72.88084188421068, 19.069668123718376]]}, "properties": {"OBJECTID": 26860, "US_NODE_ID": "2176099902", "DS_NODE_ID": "2177090801", "CONDUIT_LE": 32.1, "SHAPE_1": "RECT", "CONDUIT_WI": 6500, "CONDUIT_HE": 1940, "US_INVERT": 28.561, "DS_INVERT": 27.561, "USER_TEXT2": "Existing", "SHAPE.LEN": 32.134674206065895}}, {"type": "Feature", "id": 28126, "geometry": {"type": "LineString", "coordinates": [[72.88084188421068, 19.069668123718376], [72.88103969294383, 19.069458048908018]]}, "properties": {"OBJECTID": 28126, "US_NODE_ID": "2177090801", "DS_NODE_ID": "2177090802", "CONDUIT_LE": 31.2, "SHAPE_1": "RECT", "CONDUIT_WI": 6200, "CONDUIT_HE": 2238, "US_INVERT": 27.561, "DS_INVERT": 27.436, "USER_TEXT2": "Existing", "SHAPE.LEN": 31.2183942905461}}, {"type": "Feature", "id": 26924, "geometry": {"type": "LineString", "coordinates": [[72.88035297824506, 19.07385058676064], [72.88050016462698, 19.073855892402072]]}, "properties": {"OBJECTID": 26924, "US_NODE_ID": "2176109301", "DS_NODE_ID": "2176109302", "CONDUIT_LE": 15.5, "SHAPE_1": "OREC", "CONDUIT_WI": 3000, "CONDUIT_HE": 1500, "US_INVERT": 28.05, "DS_INVERT": 28.037000000000003, "USER_TEXT2": "Existing", "SHAPE.LEN": 15.5051604312887}}, {"type": "Feature", "id": 28306, "geometry": {"type": "LineString", "coordinates": [[72.88085482023504, 19.073757900506212], [72.88110822932853, 19.073667168848555]]}, "properties": {"OBJECTID": 28306, "US_NODE_ID": "2177100302", "DS_NODE_ID": "2177100303", "CONDUIT_LE": 28.5, "SHAPE_1": "OREC", "CONDUIT_WI": 3000, "CONDUIT_HE": 1500, "US_INVERT": 28.006, "DS_INVERT": 27.983, "USER_TEXT2": "Existing", "SHAPE.LEN": 28.5046691883979}}, {"type": "Feature", "id": 28311, "geometry": {"type": "LineString", "coordinates": [[72.8810519186234, 19.077751029645693], [72.88076529907632, 19.077732486649946]]}, "properties": {"OBJECTID": 28311, "US_NODE_ID": "2177100702", "DS_NODE_ID": "2177100701", "CONDUIT_LE": 30.2, "SHAPE_1": "OREC", "CONDUIT_WI": 3096, "CONDUIT_HE": 2373, "US_INVERT": 27.145, "DS_INVERT": 26.990000000000002, "USER_TEXT2": "Existing", "SHAPE.LEN": 30.240947446136698}}, {"type": "Feature", "id": 28525, "geometry": {"type": "LineString", "coordinates": [[72.88101478660815, 19.080825131569338], [72.88084658065728, 19.080604605479117]]}, "properties": {"OBJECTID": 28525, "US_NODE_ID": "2177110101", "DS_NODE_ID": "2177110003", "CONDUIT_LE": 30.2, "SHAPE_1": "RECT", "CONDUIT_WI": 2000, "CONDUIT_HE": 1702, "US_INVERT": 26.976000000000003, "DS_INVERT": 26.914, "USER_TEXT2": "Existing", "SHAPE.LEN": 30.1602387258457}}, {"type": "Feature", "id": 28527, "geometry": {"type": "LineString", "coordinates": [[72.88130571810366, 19.081256627726024], [72.88046270228766, 19.08135532501333]]}, "properties": {"OBJECTID": 28527, "US_NODE_ID": "2177110102", "DS_NODE_ID": "2176119102", "CONDUIT_LE": 89.4, "SHAPE_1": "RECT", "CONDUIT_WI": 2500, "CONDUIT_HE": 2000, "US_INVERT": 26.45, "DS_INVERT": 26.35, "USER_TEXT2": "Proposal", "SHAPE.LEN": 89.4089480980511}}, {"type": "Feature", "id": 28083, "geometry": {"type": "LineString", "coordinates": [[72.88229344246456, 19.059450439852213], [72.88227099035537, 19.059436017819923]]}, "properties": {"OBJECTID": 28083, "US_NODE_ID": "2177081704", "DS_NODE_ID": "2177081703", "CONDUIT_LE": 2.9, "SHAPE_1": "RECT", "CONDUIT_WI": 15000, "CONDUIT_HE": 2467, "US_INVERT": 25.749000000000002, "DS_INVERT": 25.745, "USER_TEXT2": "Existing", "SHAPE.LEN": 2.8524854863785}}, {"type": "Feature", "id": 28314, "geometry": {"type": "LineString", "coordinates": [[72.88170409116975, 19.07342295942393], [72.88198484092031, 19.073373942173717]]}, "properties": {"OBJECTID": 28314, "US_NODE_ID": "2177101201", "DS_NODE_ID": "2177101202", "CONDUIT_LE": 30, "SHAPE_1": "OREC", "CONDUIT_WI": 2903, "CONDUIT_HE": 1983, "US_INVERT": 27.895, "DS_INVERT": 27.847, "USER_TEXT2": "Existing", "SHAPE.LEN": 30.0481984506559}}, {"type": "Feature", "id": 28313, "geometry": {"type": "LineString", "coordinates": [[72.88157081547035, 19.0776463768794], [72.88133166150872, 19.077757122834186]]}, "properties": {"OBJECTID": 28313, "US_NODE_ID": "2177100704", "DS_NODE_ID": "2177100703", "CONDUIT_LE": 28, "SHAPE_1": "OREC", "CONDUIT_WI": 3096, "CONDUIT_HE": 1860, "US_INVERT": 27.438000000000002, "DS_INVERT": 27.295, "USER_TEXT2": "Existing", "SHAPE.LEN": 28.001916312459798}}, {"type": "Feature", "id": 28319, "geometry": {"type": "LineString", "coordinates": [[72.88179827142831, 19.077413448708842], [72.88176580685693, 19.077448310405316]]}, "properties": {"OBJECTID": 28319, "US_NODE_ID": "2177101702", "DS_NODE_ID": "2177101701", "CONDUIT_LE": 5.2, "SHAPE_1": "RECT", "CONDUIT_WI": 3000, "CONDUIT_HE": 1698, "US_INVERT": 27.5, "DS_INVERT": 27.47, "USER_TEXT2": "Existing", "SHAPE.LEN": 5.15524110881344}}, {"type": "Feature", "id": 28536, "geometry": {"type": "LineString", "coordinates": [[72.88172764734304, 19.081995838692805], [72.88159676239945, 19.081754063663684]]}, "properties": {"OBJECTID": 28536, "US_NODE_ID": "2177111202", "DS_NODE_ID": "2177111201", "CONDUIT_LE": 30.1, "SHAPE_1": "RECT", "CONDUIT_WI": 2000, "CONDUIT_HE": 1815, "US_INVERT": 27.283, "DS_INVERT": 27.221, "USER_TEXT2": "Existing", "SHAPE.LEN": 30.105979472523398}}, {"type": "Feature", "id": 28608, "geometry": {"type": "LineString", "coordinates": [[72.8821732972357, 19.09657417299733], [72.88164143568835, 19.09638477603314]]}, "properties": {"OBJECTID": 28608, "US_NODE_ID": "2177121803", "DS_NODE_ID": "2177121802", "CONDUIT_LE": 59.800000000000004, "SHAPE_1": "OREC", "CONDUIT_WI": 14727, "CONDUIT_HE": 3645, "US_INVERT": 27.945, "DS_INVERT": 27.144000000000002, "USER_TEXT2": "Existing", "SHAPE.LEN": 59.7789373304678}}, {"type": "Feature", "id": 28628, "geometry": {"type": "LineString", "coordinates": [[72.8815207532129, 19.10412977952974], [72.8813928478974, 19.103626945770447]]}, "properties": {"OBJECTID": 28628, "US_NODE_ID": "2177131602", "DS_NODE_ID": "2177131601", "CONDUIT_LE": 57.300000000000004, "SHAPE_1": "OREC", "CONDUIT_WI": 1000, "CONDUIT_HE": 500, "US_INVERT": 32.097, "DS_INVERT": 31.693, "USER_TEXT2": "Proposal", "SHAPE.LEN": 57.2767197476427}}, {"type": "Feature", "id": 28145, "geometry": {"type": "LineString", "coordinates": [[72.88311081160832, 19.06677665010508], [72.88322144076797, 19.066509842139222]]}, "properties": {"OBJECTID": 28145, "US_NODE_ID": "2177092504", "DS_NODE_ID": "2177092506", "CONDUIT_LE": 31.8, "SHAPE_1": "OREC", "CONDUIT_WI": 5650, "CONDUIT_HE": 1840, "US_INVERT": 26.588, "DS_INVERT": 26.558, "USER_TEXT2": "Existing", "SHAPE.LEN": 31.752922856644197}}, {"type": "Feature", "id": 28150, "geometry": {"type": "LineString", "coordinates": [[72.88334843978562, 19.06657550209507], [72.88346129149642, 19.066307786368533]]}, "properties": {"OBJECTID": 28150, "US_NODE_ID": "2177092509", "DS_NODE_ID": "2177092510", "CONDUIT_LE": 31.900000000000002, "SHAPE_1": "OREC", "CONDUIT_WI": 9720, "CONDUIT_HE": 1259, "US_INVERT": 26.95, "DS_INVERT": 26.93, "USER_TEXT2": "Existing", "SHAPE.LEN": 31.932750797418002}}, {"type": "Feature", "id": 28161, "geometry": {"type": "LineString", "coordinates": [[72.88344096624607, 19.069268854646403], [72.88325204107092, 19.069096553992043]]}, "properties": {"OBJECTID": 28161, "US_NODE_ID": "2177092802", "DS_NODE_ID": "2177092801", "CONDUIT_LE": 27.6, "SHAPE_1": "OREC", "CONDUIT_WI": 7382, "CONDUIT_HE": 1136, "US_INVERT": 27.028000000000002, "DS_INVERT": 27.023, "USER_TEXT2": "Existing", "SHAPE.LEN": 27.5582829806213}}, {"type": "Feature", "id": 28323, "geometry": {"type": "LineString", "coordinates": [[72.88283709940241, 19.073342592768906], [72.88311676708233, 19.07331419027336]]}, "properties": {"OBJECTID": 28323, "US_NODE_ID": "2177102201", "DS_NODE_ID": "2177102202", "CONDUIT_LE": 29.6, "SHAPE_1": "OREC", "CONDUIT_WI": 2965, "CONDUIT_HE": 1726, "US_INVERT": 27.682000000000002, "DS_INVERT": 27.609, "USER_TEXT2": "Existing", "SHAPE.LEN": 29.6076003755792}}, {"type": "Feature", "id": 28328, "geometry": {"type": "LineString", "coordinates": [[72.8833139295098, 19.074096882492796], [72.8833708954636, 19.07387533147362]]}, "properties": {"OBJECTID": 28328, "US_NODE_ID": "2177102301", "DS_NODE_ID": "2177102302", "CONDUIT_LE": 25.3, "SHAPE_1": "OREC", "CONDUIT_WI": 1800, "CONDUIT_HE": 1200, "US_INVERT": 27.650000000000002, "DS_INVERT": 27.637, "USER_TEXT2": "Existing", "SHAPE.LEN": 25.2517326138228}}, {"type": "Feature", "id": 28330, "geometry": {"type": "LineString", "coordinates": [[72.88345072735028, 19.073648623347882], [72.88351414484221, 19.07351747365515]]}, "properties": {"OBJECTID": 28330, "US_NODE_ID": "2177102303", "DS_NODE_ID": "2177102304", "CONDUIT_LE": 16, "SHAPE_1": "OREC", "CONDUIT_WI": 1800, "CONDUIT_HE": 1200, "US_INVERT": 27.624000000000002, "DS_INVERT": 27.616, "USER_TEXT2": "Existing", "SHAPE.LEN": 15.9815518645719}}, {"type": "Feature", "id": 28543, "geometry": {"type": "LineString", "coordinates": [[72.882505063188, 19.083440911181125], [72.88235653085192, 19.08320948031576]]}, "properties": {"OBJECTID": 28543, "US_NODE_ID": "2177112401", "DS_NODE_ID": "2177111304", "CONDUIT_LE": 30, "SHAPE_1": "RECT", "CONDUIT_WI": 2000, "CONDUIT_HE": 1811, "US_INVERT": 28.773, "DS_INVERT": 28.591, "USER_TEXT2": "Existing", "SHAPE.LEN": 30.0166449377674}}, {"type": "Feature", "id": 28719, "geometry": {"type": "LineString", "coordinates": [[72.88290598450877, 19.112894925784452], [72.8835820051168, 19.11122171716392]]}, "properties": {"OBJECTID": 28719, "US_NODE_ID": "2177142601", "DS_NODE_ID": "2177143401", "CONDUIT_LE": 198.4, "SHAPE_1": "RECT", "CONDUIT_WI": 2000, "CONDUIT_HE": 1500, "US_INVERT": 35.821000000000005, "DS_INVERT": 34.862, "USER_TEXT2": "Proposal", "SHAPE.LEN": 198.44500497619003}}, {"type": "Feature", "id": 28112, "geometry": {"type": "LineString", "coordinates": [[72.88480365367988, 19.061249920278456], [72.8845784614106, 19.061083966567107]]}, "properties": {"OBJECTID": 28112, "US_NODE_ID": "2177084901", "DS_NODE_ID": "2177083903", "CONDUIT_LE": 30, "SHAPE_1": "OREC", "CONDUIT_WI": 15000, "CONDUIT_HE": 2448, "US_INVERT": 25.97, "DS_INVERT": 25.951, "USER_TEXT2": "Existing", "SHAPE.LEN": 29.9938724090438}}, {"type": "Feature", "id": 28166, "geometry": {"type": "LineString", "coordinates": [[72.88449623741765, 19.06360793895447], [72.88461550092008, 19.063346436134534]]}, "properties": {"OBJECTID": 28166, "US_NODE_ID": "2177093205", "DS_NODE_ID": "2177094101", "CONDUIT_LE": 31.6, "SHAPE_1": "OREC", "CONDUIT_WI": 5650, "CONDUIT_HE": 2514, "US_INVERT": 26.234, "DS_INVERT": 26.204, "USER_TEXT2": "Existing", "SHAPE.LEN": 31.557777346321497}}, {"type": "Feature", "id": 28198, "geometry": {"type": "LineString", "coordinates": [[72.88465461404562, 19.063672870303343], [72.88476885610142, 19.063404158540944]]}, "properties": {"OBJECTID": 28198, "US_NODE_ID": "2177094201", "DS_NODE_ID": "2177094103", "CONDUIT_LE": 32.1, "SHAPE_1": "OREC", "CONDUIT_WI": 10020, "CONDUIT_HE": 1529, "US_INVERT": 26.75, "DS_INVERT": 26.73, "USER_TEXT2": "Existing", "SHAPE.LEN": 32.08975208209}}, {"type": "Feature", "id": 28175, "geometry": {"type": "LineString", "coordinates": [[72.88369556250561, 19.065456571682244], [72.88381068572974, 19.065194865863123]]}, "properties": {"OBJECTID": 28175, "US_NODE_ID": "2177093401", "DS_NODE_ID": "2177093301", "CONDUIT_LE": 31.400000000000002, "SHAPE_1": "OREC", "CONDUIT_WI": 5650, "CONDUIT_HE": 2117, "US_INVERT": 26.44, "DS_INVERT": 26.411, "USER_TEXT2": "Existing", "SHAPE.LEN": 31.4076150945913}}, {"type": "Feature", "id": 28179, "geometry": {"type": "LineString", "coordinates": [[72.88393394895202, 19.06962607064357], [72.88368247696512, 19.069447910092503]]}, "properties": {"OBJECTID": 28179, "US_NODE_ID": "2177093802", "DS_NODE_ID": "2177093801", "CONDUIT_LE": 33, "SHAPE_1": "OREC", "CONDUIT_WI": 7736, "CONDUIT_HE": 1384, "US_INVERT": 27.038, "DS_INVERT": 27.033, "USER_TEXT2": "Existing", "SHAPE.LEN": 33.013434476437006}}, {"type": "Feature", "id": 28181, "geometry": {"type": "LineString", "coordinates": [[72.88441191183549, 19.069882068379666], [72.884185317626, 19.069714531900278]]}, "properties": {"OBJECTID": 28181, "US_NODE_ID": "2177093901", "DS_NODE_ID": "2177093803", "CONDUIT_LE": 30.2, "SHAPE_1": "OREC", "CONDUIT_WI": 7500, "CONDUIT_HE": 1679, "US_INVERT": 27.048000000000002, "DS_INVERT": 27.043000000000003, "USER_TEXT2": "Existing", "SHAPE.LEN": 30.2169561948254}}, {"type": "Feature", "id": 28555, "geometry": {"type": "LineString", "coordinates": [[72.88377787629835, 19.085063426176426], [72.8837654405772, 19.084792942925244]]}, "properties": {"OBJECTID": 28555, "US_NODE_ID": "2177113504", "DS_NODE_ID": "2177113503", "CONDUIT_LE": 30, "SHAPE_1": "OREC", "CONDUIT_WI": 3000, "CONDUIT_HE": 1699, "US_INVERT": 30.131, "DS_INVERT": 30.082, "USER_TEXT2": "Existing", "SHAPE.LEN": 29.975594731214297}}, {"type": "Feature", "id": 28559, "geometry": {"type": "LineString", "coordinates": [[72.88379897790621, 19.0853185756557], [72.88377787629835, 19.085063426176426]]}, "properties": {"OBJECTID": 28559, "US_NODE_ID": "2177113603", "DS_NODE_ID": "2177113504", "CONDUIT_LE": 28.3, "SHAPE_1": "OREC", "CONDUIT_WI": 3000, "CONDUIT_HE": 1650, "US_INVERT": 30.338, "DS_INVERT": 30.131, "USER_TEXT2": "Existing", "SHAPE.LEN": 28.3364845640739}}, {"type": "Feature", "id": 28563, "geometry": {"type": "LineString", "coordinates": [[72.88385580767114, 19.08663149893765], [72.88358557939867, 19.085412481716514]]}, "properties": {"OBJECTID": 28563, "US_NODE_ID": "2177113702", "DS_NODE_ID": "2177113602", "CONDUIT_LE": 137.9, "SHAPE_1": "RECT", "CONDUIT_WI": 1500, "CONDUIT_HE": 1500, "US_INVERT": 30.650000000000002, "DS_INVERT": 30.165000000000003, "USER_TEXT2": "Existing", "SHAPE.LEN": 137.93030797620202}}, {"type": "Feature", "id": 28204, "geometry": {"type": "LineString", "coordinates": [[72.88570769369505, 19.061903814324516], [72.88547085543262, 19.06175535636519]]}, "properties": {"OBJECTID": 28204, "US_NODE_ID": "2177095001", "DS_NODE_ID": "2177094008", "CONDUIT_LE": 29.900000000000002, "SHAPE_1": "OREC", "CONDUIT_WI": 13000, "CONDUIT_HE": 2282, "US_INVERT": 26.027, "DS_INVERT": 26.024, "USER_TEXT2": "Existing", "SHAPE.LEN": 29.8635529394947}}, {"type": "Feature", "id": 28356, "geometry": {"type": "LineString", "coordinates": [[72.88505635414077, 19.07100429008835], [72.88521740000935, 19.07083352375821]]}, "properties": {"OBJECTID": 28356, "US_NODE_ID": "2177104007", "DS_NODE_ID": "2177104008", "CONDUIT_LE": 25.400000000000002, "SHAPE_1": "OREC", "CONDUIT_WI": 4977, "CONDUIT_HE": 1907, "US_INVERT": 27.101000000000003, "DS_INVERT": 27.072000000000003, "USER_TEXT2": "Existing", "SHAPE.LEN": 25.394355421038}}, {"type": "Feature", "id": 28417, "geometry": {"type": "LineString", "coordinates": [[72.88575612326171, 19.07322434760839], [72.88579089571577, 19.072954667417722]]}, "properties": {"OBJECTID": 28417, "US_NODE_ID": "2177105204", "DS_NODE_ID": "2177105202", "CONDUIT_LE": 30.1, "SHAPE_1": "OREC", "CONDUIT_WI": 13000, "CONDUIT_HE": 2246, "US_INVERT": 26.392000000000003, "DS_INVERT": 26.37, "USER_TEXT2": "Existing", "SHAPE.LEN": 30.081555810828696}}, {"type": "Feature", "id": 28372, "geometry": {"type": "LineString", "coordinates": [[72.88490637765523, 19.07408636666148], [72.88530705915126, 19.07401755142539]]}, "properties": {"OBJECTID": 28372, "US_NODE_ID": "2177104301", "DS_NODE_ID": "2177104302", "CONDUIT_LE": 42.9, "SHAPE_1": "OREC", "CONDUIT_WI": 4500, "CONDUIT_HE": 2177, "US_INVERT": 26.822000000000003, "DS_INVERT": 26.779, "USER_TEXT2": "Existing", "SHAPE.LEN": 42.861414503023596}}, {"type": "Feature", "id": 28424, "geometry": {"type": "LineString", "coordinates": [[72.8856483923792, 19.073806991076427], [72.88570011974598, 19.073761746879217]]}, "properties": {"OBJECTID": 28424, "US_NODE_ID": "2177105305!", "DS_NODE_ID": "2177105310!", "CONDUIT_LE": 7.4, "SHAPE_1": "OREC", "CONDUIT_WI": 4500, "CONDUIT_HE": 2269, "US_INVERT": 26.731, "DS_INVERT": 26.434, "USER_TEXT2": "Existing", "SHAPE.LEN": 7.39887346289961}}, {"type": "Feature", "id": 28439, "geometry": {"type": "LineString", "coordinates": [[72.88571099385982, 19.073960071662313], [72.88579605325803, 19.073895938424123]]}, "properties": {"OBJECTID": 28439, "US_NODE_ID": "2177105312", "DS_NODE_ID": "2177105315", "CONDUIT_LE": 11.4, "SHAPE_1": "OREC", "CONDUIT_WI": 1465, "CONDUIT_HE": 3054, "US_INVERT": 26.745, "DS_INVERT": 26.447000000000003, "USER_TEXT2": "Existing", "SHAPE.LEN": 11.4277210720248}}, {"type": "Feature", "id": 28423, "geometry": {"type": "LineString", "coordinates": [[72.88562781716662, 19.07428041398115], [72.88558858230388, 19.074224156911846]]}, "properties": {"OBJECTID": 28423, "US_NODE_ID": "2177105304", "DS_NODE_ID": "2177105320", "CONDUIT_LE": 7.5, "SHAPE_1": "OREC", "CONDUIT_WI": 555, "CONDUIT_HE": 3212, "US_INVERT": 26.787000000000003, "DS_INVERT": 26.779, "USER_TEXT2": "Existing", "SHAPE.LEN": 7.47351429315553}}, {"type": "Feature", "id": 28457, "geometry": {"type": "LineString", "coordinates": [[72.88577071029543, 19.074402373750306], [72.88567412019847, 19.07433300895589]]}, "properties": {"OBJECTID": 28457, "US_NODE_ID": "2177105401", "DS_NODE_ID": "2177105309", "CONDUIT_LE": 12.700000000000001, "SHAPE_1": "OREC", "CONDUIT_WI": 1624, "CONDUIT_HE": 3193, "US_INVERT": 26.807000000000002, "DS_INVERT": 26.794, "USER_TEXT2": "Existing", "SHAPE.LEN": 12.7421994824285}}, {"type": "Feature", "id": 28458, "geometry": {"type": "LineString", "coordinates": [[72.885869602887, 19.07449618402707], [72.88577071029543, 19.074402373750306]]}, "properties": {"OBJECTID": 28458, "US_NODE_ID": "2177105402!", "DS_NODE_ID": "2177105401!", "CONDUIT_LE": 14.700000000000001, "SHAPE_1": "OREC", "CONDUIT_WI": 1624, "CONDUIT_HE": 3777, "US_INVERT": 26.822000000000003, "DS_INVERT": 26.807000000000002, "USER_TEXT2": "Existing", "SHAPE.LEN": 14.7053563061219}}, {"type": "Feature", "id": 28574, "geometry": {"type": "LineString", "coordinates": [[72.88620227552586, 19.084866352991195], [72.88500132901686, 19.08448843069919]]}, "properties": {"OBJECTID": 28574, "US_NODE_ID": "2177115502", "DS_NODE_ID": "2177114503", "CONDUIT_LE": 133.2, "SHAPE_1": "RECT", "CONDUIT_WI": 1500, "CONDUIT_HE": 1500, "US_INVERT": 31.29, "DS_INVERT": 30.54, "USER_TEXT2": "Existing", "SHAPE.LEN": 133.15763181601702}}, {"type": "Feature", "id": 28385, "geometry": {"type": "LineString", "coordinates": [[72.88616722536429, 19.070923002456883], [72.8861865092066, 19.070900641710445]]}, "properties": {"OBJECTID": 28385, "US_NODE_ID": "2177105008!", "DS_NODE_ID": "2177105009!", "CONDUIT_LE": 3.2, "SHAPE_1": "RECT", "CONDUIT_WI": 4000, "CONDUIT_HE": 1921, "US_INVERT": 26.429000000000002, "DS_INVERT": 26.428, "USER_TEXT2": "Existing", "SHAPE.LEN": 3.20156211871642}}, {"type": "Feature", "id": 28386, "geometry": {"type": "LineString", "coordinates": [[72.88616722536429, 19.070923002456883], [72.8861865092066, 19.070900641710445]]}, "properties": {"OBJECTID": 28386, "US_NODE_ID": "2177105008", "DS_NODE_ID": "2177105009", "CONDUIT_LE": 3.2, "SHAPE_1": "RECT", "CONDUIT_WI": 4000, "CONDUIT_HE": 1921, "US_INVERT": 26.429000000000002, "DS_INVERT": 26.428, "USER_TEXT2": "Existing", "SHAPE.LEN": 3.20156211871642}}, {"type": "Feature", "id": 28394, "geometry": {"type": "LineString", "coordinates": [[72.88624726759403, 19.070829076413116], [72.88630224651338, 19.070763767747533]]}, "properties": {"OBJECTID": 28394, "US_NODE_ID": "2177105012", "DS_NODE_ID": "2177095901", "CONDUIT_LE": 9.3, "SHAPE_1": "RECT", "CONDUIT_WI": 4000, "CONDUIT_HE": 1928, "US_INVERT": 26.422, "DS_INVERT": 26.418000000000003, "USER_TEXT2": "Existing", "SHAPE.LEN": 9.26174929481467}}, {"type": "Feature", "id": 28212, "geometry": {"type": "LineString", "coordinates": [[72.88630224651338, 19.070763767747533], [72.88638035341198, 19.070674036831424]]}, "properties": {"OBJECTID": 28212, "US_NODE_ID": "2177095901!", "DS_NODE_ID": "2177095902!", "CONDUIT_LE": 12.9, "SHAPE_1": "RECT", "CONDUIT_WI": 4000, "CONDUIT_HE": 1932, "US_INVERT": 26.418000000000003, "DS_INVERT": 26.411, "USER_TEXT2": "Existing", "SHAPE.LEN": 12.8958861355085}}, {"type": "Feature", "id": 28214, "geometry": {"type": "LineString", "coordinates": [[72.88638035341198, 19.070674036831424], [72.88646172804174, 19.070579154024525]]}, "properties": {"OBJECTID": 28214, "US_NODE_ID": "2177095902!", "DS_NODE_ID": "2177096901!", "CONDUIT_LE": 13.6, "SHAPE_1": "OREC", "CONDUIT_WI": 4000, "CONDUIT_HE": 1998, "US_INVERT": 26.411, "DS_INVERT": 26.406000000000002, "USER_TEXT2": "Existing", "SHAPE.LEN": 13.5549953434149}}, {"type": "Feature", "id": 28215, "geometry": {"type": "LineString", "coordinates": [[72.88638035341198, 19.070674036831424], [72.88646172804174, 19.070579154024525]]}, "properties": {"OBJECTID": 28215, "US_NODE_ID": "2177095902", "DS_NODE_ID": "2177096901", "CONDUIT_LE": 13.6, "SHAPE_1": "OREC", "CONDUIT_WI": 4000, "CONDUIT_HE": 1998, "US_INVERT": 26.411, "DS_INVERT": 26.406000000000002, "USER_TEXT2": "Existing", "SHAPE.LEN": 13.5549953434149}}, {"type": "Feature", "id": 28234, "geometry": {"type": "LineString", "coordinates": [[72.88661316673719, 19.07039706381117], [72.88672525421987, 19.070243792073825]]}, "properties": {"OBJECTID": 28234, "US_NODE_ID": "2177096902!", "DS_NODE_ID": "2177096903!", "CONDUIT_LE": 20.7, "SHAPE_1": "RECT", "CONDUIT_WI": 10000, "CONDUIT_HE": 2854, "US_INVERT": 26.153000000000002, "DS_INVERT": 26.138, "USER_TEXT2": "Existing", "SHAPE.LEN": 20.6687418700317}}, {"type": "Feature", "id": 28407, "geometry": {"type": "LineString", "coordinates": [[72.88587335343661, 19.072146279276776], [72.8859032611187, 19.07187548276495]]}, "properties": {"OBJECTID": 28407, "US_NODE_ID": "2177105102!", "DS_NODE_ID": "2177105103!", "CONDUIT_LE": 30.1, "SHAPE_1": "OREC", "CONDUIT_WI": 13000, "CONDUIT_HE": 2291, "US_INVERT": 26.307000000000002, "DS_INVERT": 26.285, "USER_TEXT2": "Existing", "SHAPE.LEN": 30.146457254709098}}, {"type": "Feature", "id": 28395, "geometry": {"type": "LineString", "coordinates": [[72.88592959871572, 19.07160676617875], [72.88595392164898, 19.071336966026102]]}, "properties": {"OBJECTID": 28395, "US_NODE_ID": "2177105013!", "DS_NODE_ID": "2177105014!", "CONDUIT_LE": 30, "SHAPE_1": "OREC", "CONDUIT_WI": 13000, "CONDUIT_HE": 2343, "US_INVERT": 26.264000000000003, "DS_INVERT": 26.243000000000002, "USER_TEXT2": "Existing", "SHAPE.LEN": 29.9808272067333}}, {"type": "Feature", "id": 28398, "geometry": {"type": "LineString", "coordinates": [[72.88595392164898, 19.071336966026102], [72.8859920332766, 19.071178426760074]]}, "properties": {"OBJECTID": 28398, "US_NODE_ID": "2177105014", "DS_NODE_ID": "2177105015", "CONDUIT_LE": 18, "SHAPE_1": "OREC", "CONDUIT_WI": 13000, "CONDUIT_HE": 2355, "US_INVERT": 26.243000000000002, "DS_INVERT": 26.23, "USER_TEXT2": "Existing", "SHAPE.LEN": 18.005554698481202}}, {"type": "Feature", "id": 28403, "geometry": {"type": "LineString", "coordinates": [[72.88603004070791, 19.07110298754928], [72.8860900060316, 19.07101696353789]]}, "properties": {"OBJECTID": 28403, "US_NODE_ID": "2177105017!", "DS_NODE_ID": "2177105006!", "CONDUIT_LE": 11.4, "SHAPE_1": "OREC", "CONDUIT_WI": 13000, "CONDUIT_HE": 2152, "US_INVERT": 26.455000000000002, "DS_INVERT": 26.436, "USER_TEXT2": "Existing", "SHAPE.LEN": 11.4262648284555}}, {"type": "Feature", "id": 28405, "geometry": {"type": "LineString", "coordinates": [[72.88584086393581, 19.072415615370378], [72.88587335343661, 19.072146279276776]]}, "properties": {"OBJECTID": 28405, "US_NODE_ID": "2177105101!", "DS_NODE_ID": "2177105102!", "CONDUIT_LE": 30, "SHAPE_1": "OREC", "CONDUIT_WI": 13000, "CONDUIT_HE": 2279, "US_INVERT": 26.328000000000003, "DS_INVERT": 26.307000000000002, "USER_TEXT2": "Existing", "SHAPE.LEN": 30.0154077939981}}, {"type": "Feature", "id": 28451, "geometry": {"type": "LineString", "coordinates": [[72.88631731997248, 19.074293937888715], [72.88608966719691, 19.074132703996852]]}, "properties": {"OBJECTID": 28451, "US_NODE_ID": "2177105318", "DS_NODE_ID": "2177105317", "CONDUIT_LE": 29.900000000000002, "SHAPE_1": "OREC", "CONDUIT_WI": 13000, "CONDUIT_HE": 2301, "US_INVERT": 26.497, "DS_INVERT": 26.476000000000003, "USER_TEXT2": "Existing", "SHAPE.LEN": 29.8824512516962}}, {"type": "Feature", "id": 28463, "geometry": {"type": "LineString", "coordinates": [[72.88592036230226, 19.074738241263358], [72.88589135773896, 19.074593963694394]]}, "properties": {"OBJECTID": 28463, "US_NODE_ID": "2177105404", "DS_NODE_ID": "2177105403", "CONDUIT_LE": 16.3, "SHAPE_1": "OREC", "CONDUIT_WI": 1624, "CONDUIT_HE": 3351, "US_INVERT": 26.849, "DS_INVERT": 26.833000000000002, "USER_TEXT2": "Existing", "SHAPE.LEN": 16.2630709676863}}, {"type": "Feature", "id": 28471, "geometry": {"type": "LineString", "coordinates": [[72.88619893956475, 19.075154813536752], [72.88608815500416, 19.075044890789115]]}, "properties": {"OBJECTID": 28471, "US_NODE_ID": "2177105408", "DS_NODE_ID": "2177105406", "CONDUIT_LE": 16.9, "SHAPE_1": "OREC", "CONDUIT_WI": 1624, "CONDUIT_HE": 2693, "US_INVERT": 26.906000000000002, "DS_INVERT": 26.889000000000003, "USER_TEXT2": "Existing", "SHAPE.LEN": 16.855744602360296}}, {"type": "Feature", "id": 28468, "geometry": {"type": "LineString", "coordinates": [[72.88618670756601, 19.075165545061328], [72.88619893956475, 19.075154813536752]]}, "properties": {"OBJECTID": 28468, "US_NODE_ID": "2177105407!", "DS_NODE_ID": "2177105408!", "CONDUIT_LE": 1.8, "SHAPE_1": "OREC", "CONDUIT_WI": 1624, "CONDUIT_HE": 3291, "US_INVERT": 26.908, "DS_INVERT": 26.906000000000002, "USER_TEXT2": "Existing", "SHAPE.LEN": 1.7520534238430099}}, {"type": "Feature", "id": 28575, "geometry": {"type": "LineString", "coordinates": [[72.88650295065638, 19.081989159433043], [72.88713129539764, 19.08165023202954]]}, "properties": {"OBJECTID": 28575, "US_NODE_ID": "2177116201!", "DS_NODE_ID": "2177116202!", "CONDUIT_LE": 76, "SHAPE_1": "OREC", "CONDUIT_WI": 4800, "CONDUIT_HE": 2408, "US_INVERT": 27.992, "DS_INVERT": 27.916, "USER_TEXT2": "Existing", "SHAPE.LEN": 76.0445679746423}}, {"type": "Feature", "id": 28583, "geometry": {"type": "LineString", "coordinates": [[72.8867047588395, 19.085221939285162], [72.88660894784725, 19.085216909157186]]}, "properties": {"OBJECTID": 28583, "US_NODE_ID": "2177116504", "DS_NODE_ID": "2177116502", "CONDUIT_LE": 10.1, "SHAPE_1": "RECT", "CONDUIT_WI": 1800, "CONDUIT_HE": 1500, "US_INVERT": 32.217, "DS_INVERT": 32.186, "USER_TEXT2": "Proposal", "SHAPE.LEN": 10.1004800999754}}, {"type": "Feature", "id": 28725, "geometry": {"type": "LineString", "coordinates": [[72.88566190983327, 19.108843828950626], [72.88580955834065, 19.108665774192243]]}, "properties": {"OBJECTID": 28725, "US_NODE_ID": "2177145201", "DS_NODE_ID": "2177145101", "CONDUIT_LE": 25.1, "SHAPE_1": "RECT", "CONDUIT_WI": 1000, "CONDUIT_HE": 1000, "US_INVERT": 33.747, "DS_INVERT": 33.655, "USER_TEXT2": "Proposal", "SHAPE.LEN": 25.1017927646613}}, {"type": "Feature", "id": 28121, "geometry": {"type": "LineString", "coordinates": [[72.88763235201486, 19.056660810033755], [72.88725176281967, 19.05626100231399]]}, "properties": {"OBJECTID": 28121, "US_NODE_ID": "2177087401", "DS_NODE_ID": "2177086302", "CONDUIT_LE": 59.7, "SHAPE_1": "RECT", "CONDUIT_WI": 4700, "CONDUIT_HE": 2000, "US_INVERT": 26.407, "DS_INVERT": 26.36, "USER_TEXT2": "Proposal", "SHAPE.LEN": 59.7062943747977}}, {"type": "Feature", "id": 28220, "geometry": {"type": "LineString", "coordinates": [[72.88724942871777, 19.063763989988352], [72.88711875265692, 19.063523894272183]]}, "properties": {"OBJECTID": 28220, "US_NODE_ID": "2177096201", "DS_NODE_ID": "2177096104", "CONDUIT_LE": 29.900000000000002, "SHAPE_1": "OREC", "CONDUIT_WI": 11396, "CONDUIT_HE": 2393, "US_INVERT": 26.053, "DS_INVERT": 26.05, "USER_TEXT2": "Existing", "SHAPE.LEN": 29.931225338265097}}, {"type": "Feature", "id": 28229, "geometry": {"type": "LineString", "coordinates": [[72.88728320442311, 19.06963209398232], [72.88734282551347, 19.069577102047543]]}, "properties": {"OBJECTID": 28229, "US_NODE_ID": "2177096804", "DS_NODE_ID": "2177096805", "CONDUIT_LE": 8.700000000000001, "SHAPE_1": "OREC", "CONDUIT_WI": 10000, "CONDUIT_HE": 2878, "US_INVERT": 26.129, "DS_INVERT": 26.129, "USER_TEXT2": "Existing", "SHAPE.LEN": 8.744266918387149}}, {"type": "Feature", "id": 28230, "geometry": {"type": "LineString", "coordinates": [[72.88734282551347, 19.069577102047543], [72.88739413626845, 19.069538796812477]]}, "properties": {"OBJECTID": 28230, "US_NODE_ID": "2177096805!", "DS_NODE_ID": "2177097806!", "CONDUIT_LE": 6.9, "SHAPE_1": "RECT", "CONDUIT_WI": 13000, "CONDUIT_HE": 2679, "US_INVERT": 26.129, "DS_INVERT": 26.128, "USER_TEXT2": "Existing", "SHAPE.LEN": 6.86748961702892}}, {"type": "Feature", "id": 28266, "geometry": {"type": "LineString", "coordinates": [[72.88798248997587, 19.06922151678838], [72.88810403221838, 19.069124133224022]]}, "properties": {"OBJECTID": 28266, "US_NODE_ID": "2177097803", "DS_NODE_ID": "2177097805", "CONDUIT_LE": 16.7, "SHAPE_1": "OREC", "CONDUIT_WI": 13000, "CONDUIT_HE": 2086, "US_INVERT": 26.121000000000002, "DS_INVERT": 26.12, "USER_TEXT2": "Existing", "SHAPE.LEN": 16.7319359934826}}, {"type": "Feature", "id": 28578, "geometry": {"type": "LineString", "coordinates": [[72.88713129539764, 19.08165023202954], [72.88773221681296, 19.08133040286884]]}, "properties": {"OBJECTID": 28578, "US_NODE_ID": "2177116202", "DS_NODE_ID": "2177117101", "CONDUIT_LE": 72.5, "SHAPE_1": "OREC", "CONDUIT_WI": 4800, "CONDUIT_HE": 2283, "US_INVERT": 27.916, "DS_INVERT": 27.843, "USER_TEXT2": "Existing", "SHAPE.LEN": 72.4917027242429}}, {"type": "Feature", "id": 28587, "geometry": {"type": "LineString", "coordinates": [[72.88773221681296, 19.08133040286884], [72.88827850878664, 19.08103209106128]]}, "properties": {"OBJECTID": 28587, "US_NODE_ID": "2177117101", "DS_NODE_ID": "2177118101", "CONDUIT_LE": 66.3, "SHAPE_1": "OREC", "CONDUIT_WI": 4800, "CONDUIT_HE": 2157, "US_INVERT": 27.843, "DS_INVERT": 27.777, "USER_TEXT2": "Existing", "SHAPE.LEN": 66.3143715753984}}, {"type": "Feature", "id": 28588, "geometry": {"type": "LineString", "coordinates": [[72.88737814778735, 19.08719893712075], [72.88690082738293, 19.086258210074504]]}, "properties": {"OBJECTID": 28588, "US_NODE_ID": "2177117801", "DS_NODE_ID": "2177116701", "CONDUIT_LE": 115.60000000000001, "SHAPE_1": "RECT", "CONDUIT_WI": 600, "CONDUIT_HE": 1595, "US_INVERT": 33.373000000000005, "DS_INVERT": 32.688, "USER_TEXT2": "Existing", "SHAPE.LEN": 115.63891925377001}}, {"type": "Feature", "id": 29082, "geometry": {"type": "LineString", "coordinates": [[72.89041010677207, 19.059276876299116], [72.88834152547759, 19.057744732538225]]}, "properties": {"OBJECTID": 29082, "US_NODE_ID": "2178080701", "DS_NODE_ID": "2177087501", "CONDUIT_LE": 276, "SHAPE_1": "OREC", "CONDUIT_WI": 4000, "CONDUIT_HE": 3298, "US_INVERT": 26.201, "DS_INVERT": 26.021, "USER_TEXT2": "Existing", "SHAPE.LEN": 276.045358591663}}, {"type": "Feature", "id": 28258, "geometry": {"type": "LineString", "coordinates": [[72.88828672866967, 19.067367962376753], [72.88834477447945, 19.067327514582423]]}, "properties": {"OBJECTID": 28258, "US_NODE_ID": "2177097606", "DS_NODE_ID": "2177097607", "CONDUIT_LE": 7.6000000000000005, "SHAPE_1": "OREC", "CONDUIT_WI": 13000, "CONDUIT_HE": 2510, "US_INVERT": 26.096, "DS_INVERT": 26.095000000000002, "USER_TEXT2": "Existing", "SHAPE.LEN": 7.57586369267557}}, {"type": "Feature", "id": 28287, "geometry": {"type": "LineString", "coordinates": [[72.88889081316994, 19.06709149083421], [72.8888593679875, 19.067021022092863]]}, "properties": {"OBJECTID": 28287, "US_NODE_ID": "2177098508", "DS_NODE_ID": "2177098507", "CONDUIT_LE": 8.5, "SHAPE_1": "OREC", "CONDUIT_WI": 7000, "CONDUIT_HE": 1231, "US_INVERT": 26.975, "DS_INVERT": 26.97, "USER_TEXT2": "Existing", "SHAPE.LEN": 8.47523749283759}}, {"type": "Feature", "id": 28296, "geometry": {"type": "LineString", "coordinates": [[72.88855346703241, 19.07033792838655], [72.89027726818348, 19.071425336789442]]}, "properties": {"OBJECTID": 28296, "US_NODE_ID": "2177098901", "DS_NODE_ID": "2178100001", "CONDUIT_LE": 217.8, "SHAPE_1": "OREC", "CONDUIT_WI": 15000, "CONDUIT_HE": 2242, "US_INVERT": 26.056, "DS_INVERT": 26.042, "USER_TEXT2": "Proposal", "SHAPE.LEN": 217.769717821372}}, {"type": "Feature", "id": 28503, "geometry": {"type": "LineString", "coordinates": [[72.88935420099723, 19.07670925791017], [72.88913326649876, 19.076539234065084]]}, "properties": {"OBJECTID": 28503, "US_NODE_ID": "2177109601", "DS_NODE_ID": "2177108602", "CONDUIT_LE": 29.900000000000002, "SHAPE_1": "OREC", "CONDUIT_WI": 13000, "CONDUIT_HE": 2014, "US_INVERT": 26.793000000000003, "DS_INVERT": 26.740000000000002, "USER_TEXT2": "Existing", "SHAPE.LEN": 29.920540904535798}}, {"type": "Feature", "id": 28597, "geometry": {"type": "LineString", "coordinates": [[72.88861664764384, 19.087407517656136], [72.8879490981391, 19.08738902493053]]}, "properties": {"OBJECTID": 28597, "US_NODE_ID": "2177118801", "DS_NODE_ID": "2177117804", "CONDUIT_LE": 70.3, "SHAPE_1": "OREC", "CONDUIT_WI": 1800, "CONDUIT_HE": 1500, "US_INVERT": 39.11, "DS_INVERT": 34.1, "USER_TEXT2": "Existing", "SHAPE.LEN": 70.2954449381324}}, {"type": "Feature", "id": 28662, "geometry": {"type": "LineString", "coordinates": [[72.88868418883243, 19.100565704872686], [72.88861704520541, 19.100540546469077]]}, "properties": {"OBJECTID": 28662, "US_NODE_ID": "2177138206", "DS_NODE_ID": "2177138205", "CONDUIT_LE": 7.6000000000000005, "SHAPE_1": "OREC", "CONDUIT_WI": 13000, "CONDUIT_HE": 3368, "US_INVERT": 31.44, "DS_INVERT": 31.414, "USER_TEXT2": "Existing", "SHAPE.LEN": 7.596051605933179}}, {"type": "Feature", "id": 28665, "geometry": {"type": "LineString", "coordinates": [[72.88859346280691, 19.1032970658387], [72.88884005644377, 19.1031192972709]]}, "properties": {"OBJECTID": 28665, "US_NODE_ID": "2177138502", "DS_NODE_ID": "2177138503", "CONDUIT_LE": 32.6, "SHAPE_1": "OREC", "CONDUIT_WI": 4500, "CONDUIT_HE": 2401, "US_INVERT": 33.197, "DS_INVERT": 33.033, "USER_TEXT2": "Existing", "SHAPE.LEN": 32.5726021115907}}, {"type": "Feature", "id": 28667, "geometry": {"type": "LineString", "coordinates": [[72.88884005644377, 19.1031192972709], [72.88906887599192, 19.10295734134851]]}, "properties": {"OBJECTID": 28667, "US_NODE_ID": "2177138503", "DS_NODE_ID": "2177139501", "CONDUIT_LE": 30, "SHAPE_1": "RECT", "CONDUIT_WI": 4500, "CONDUIT_HE": 1798, "US_INVERT": 33.032000000000004, "DS_INVERT": 32.993, "USER_TEXT2": "Existing", "SHAPE.LEN": 30.0253426485028}}, {"type": "Feature", "id": 29085, "geometry": {"type": "LineString", "coordinates": [[72.89216629144059, 19.060725941204776], [72.89041010677207, 19.059276876299116]]}, "properties": {"OBJECTID": 29085, "US_NODE_ID": "2178081802", "DS_NODE_ID": "2178080701", "CONDUIT_LE": 244.8, "SHAPE_1": "OREC", "CONDUIT_WI": 4000, "CONDUIT_HE": 3038, "US_INVERT": 26.361, "DS_INVERT": 26.201, "USER_TEXT2": "Existing", "SHAPE.LEN": 244.78864352743201}}, {"type": "Feature", "id": 29107, "geometry": {"type": "LineString", "coordinates": [[72.89070143771059, 19.065444836153798], [72.8904417164976, 19.065563145246013]]}, "properties": {"OBJECTID": 29107, "US_NODE_ID": "2178090402", "DS_NODE_ID": "2178090401", "CONDUIT_LE": 30.3, "SHAPE_1": "OREC", "CONDUIT_WI": 12000, "CONDUIT_HE": 1755, "US_INVERT": 26.364, "DS_INVERT": 26.356, "USER_TEXT2": "Existing", "SHAPE.LEN": 30.317278850352}}, {"type": "Feature", "id": 28509, "geometry": {"type": "LineString", "coordinates": [[72.8900234544298, 19.077215716545826], [72.88979559479243, 19.077052653332956]]}, "properties": {"OBJECTID": 28509, "US_NODE_ID": "2177109701", "DS_NODE_ID": "2177109603", "CONDUIT_LE": 30, "SHAPE_1": "OREC", "CONDUIT_WI": 13000, "CONDUIT_HE": 1961, "US_INVERT": 26.857000000000003, "DS_INVERT": 26.836000000000002, "USER_TEXT2": "Existing", "SHAPE.LEN": 30.0208801822998}}, {"type": "Feature", "id": 29208, "geometry": {"type": "LineString", "coordinates": [[72.89044127751907, 19.07744153591034], [72.8902706804726, 19.0773486113945]]}, "properties": {"OBJECTID": 29208, "US_NODE_ID": "2178100703", "DS_NODE_ID": "2178100701", "CONDUIT_LE": 20.7, "SHAPE_1": "OREC", "CONDUIT_WI": 13000, "CONDUIT_HE": 2894, "US_INVERT": 26.893, "DS_INVERT": 26.878, "USER_TEXT2": "Existing", "SHAPE.LEN": 20.696269324204298}}, {"type": "Feature", "id": 28516, "geometry": {"type": "LineString", "coordinates": [[72.88994315579382, 19.078405508083314], [72.89012718879479, 19.078096716637646]]}, "properties": {"OBJECTID": 28516, "US_NODE_ID": "2177109804!", "DS_NODE_ID": "2178100801!", "CONDUIT_LE": 39.300000000000004, "SHAPE_1": "OREC", "CONDUIT_WI": 4800, "CONDUIT_HE": 2401, "US_INVERT": 27.398, "DS_INVERT": 27.358, "USER_TEXT2": "Existing", "SHAPE.LEN": 39.2952291482058}}, {"type": "Feature", "id": 28510, "geometry": {"type": "LineString", "coordinates": [[72.88972722406609, 19.078892098802672], [72.88975399937632, 19.078811042858884]]}, "properties": {"OBJECTID": 28510, "US_NODE_ID": "2177109801!", "DS_NODE_ID": "2177109802!", "CONDUIT_LE": 9.4, "SHAPE_1": "OREC", "CONDUIT_WI": 4800, "CONDUIT_HE": 2344, "US_INVERT": 27.456000000000003, "DS_INVERT": 27.447000000000003, "USER_TEXT2": "Existing", "SHAPE.LEN": 9.40639358574794}}, {"type": "Feature", "id": 28599, "geometry": {"type": "LineString", "coordinates": [[72.88944087726578, 19.08037225165602], [72.88965796660236, 19.080233371783514]]}, "properties": {"OBJECTID": 28599, "US_NODE_ID": "2177119001", "DS_NODE_ID": "2177119002", "CONDUIT_LE": 27.5, "SHAPE_1": "OREC", "CONDUIT_WI": 4800, "CONDUIT_HE": 2164, "US_INVERT": 27.635, "DS_INVERT": 27.607000000000003, "USER_TEXT2": "Existing", "SHAPE.LEN": 27.543123393144796}}, {"type": "Feature", "id": 29373, "geometry": {"type": "LineString", "coordinates": [[72.8901768903691, 19.083145204171732], [72.89011527039031, 19.082869491796693]]}, "properties": {"OBJECTID": 29373, "US_NODE_ID": "2178110302", "DS_NODE_ID": "2178110301", "CONDUIT_LE": 31.2, "SHAPE_1": "RECT", "CONDUIT_WI": 3500, "CONDUIT_HE": 2772, "US_INVERT": 30.734, "DS_INVERT": 30.583000000000002, "USER_TEXT2": "Existing", "SHAPE.LEN": 31.207331859837}}, {"type": "Feature", "id": 29378, "geometry": {"type": "LineString", "coordinates": [[72.8903320769814, 19.08368016577478], [72.89024367762191, 19.083424247370452]]}, "properties": {"OBJECTID": 29378, "US_NODE_ID": "2178110401!", "DS_NODE_ID": "2178110303!", "CONDUIT_LE": 29.8, "SHAPE_1": "RECT", "CONDUIT_WI": 3500, "CONDUIT_HE": 2110, "US_INVERT": 31.156000000000002, "DS_INVERT": 30.919, "USER_TEXT2": "Existing", "SHAPE.LEN": 29.8230998958861}}, {"type": "Feature", "id": 28678, "geometry": {"type": "LineString", "coordinates": [[72.88904442723712, 19.100556286675797], [72.88895124384632, 19.100486569411395]]}, "properties": {"OBJECTID": 28678, "US_NODE_ID": "2177139203", "DS_NODE_ID": "2177139202", "CONDUIT_LE": 12.5, "SHAPE_1": "OREC", "CONDUIT_WI": 13000, "CONDUIT_HE": 3302, "US_INVERT": 31.586000000000002, "DS_INVERT": 31.543000000000003, "USER_TEXT2": "Existing", "SHAPE.LEN": 12.480785231707198}}, {"type": "Feature", "id": 28697, "geometry": {"type": "LineString", "coordinates": [[72.88968335100557, 19.102472228984176], [72.88989846591085, 19.1022931368353]]}, "properties": {"OBJECTID": 28697, "US_NODE_ID": "2177139510", "DS_NODE_ID": "2178130402", "CONDUIT_LE": 30.1, "SHAPE_1": "RECT", "CONDUIT_WI": 6000, "CONDUIT_HE": 2375, "US_INVERT": 32.6, "DS_INVERT": 32.547000000000004, "USER_TEXT2": "Existing", "SHAPE.LEN": 30.0960130249839}}, {"type": "Feature", "id": 29122, "geometry": {"type": "LineString", "coordinates": [[72.8915076811705, 19.067886686630164], [72.8912247816404, 19.067859666925575]]}, "properties": {"OBJECTID": 29122, "US_NODE_ID": "2178091602", "DS_NODE_ID": "2178091601", "CONDUIT_LE": 29.900000000000002, "SHAPE_1": "OREC", "CONDUIT_WI": 5000, "CONDUIT_HE": 1570, "US_INVERT": 27.149, "DS_INVERT": 27.13, "USER_TEXT2": "Existing", "SHAPE.LEN": 29.9310447630884}}, {"type": "Feature", "id": 29237, "geometry": {"type": "LineString", "coordinates": [[72.89139754588187, 19.07230981693307], [72.89291252959212, 19.073535726145945]]}, "properties": {"OBJECTID": 29237, "US_NODE_ID": "2178101101!", "DS_NODE_ID": "2178102201!", "CONDUIT_LE": 209.4, "SHAPE_1": "OREC", "CONDUIT_WI": 15000, "CONDUIT_HE": 2265, "US_INVERT": 26.033, "DS_INVERT": 26.02, "USER_TEXT2": "Proposal", "SHAPE.LEN": 209.417406153357}}, {"type": "Feature", "id": 29215, "geometry": {"type": "LineString", "coordinates": [[72.89065841152674, 19.077674813772077], [72.8906733750198, 19.077596240129434]]}, "properties": {"OBJECTID": 29215, "US_NODE_ID": "2178100707!", "DS_NODE_ID": "2178100708!", "CONDUIT_LE": 8.8, "SHAPE_1": "RECT", "CONDUIT_WI": 4500, "CONDUIT_HE": 1740, "US_INVERT": 28.006, "DS_INVERT": 28, "USER_TEXT2": "Existing", "SHAPE.LEN": 8.840818705301}}, {"type": "Feature", "id": 29216, "geometry": {"type": "LineString", "coordinates": [[72.89065841152674, 19.077674813772077], [72.8906733750198, 19.077596240129434]]}, "properties": {"OBJECTID": 29216, "US_NODE_ID": "2178100707", "DS_NODE_ID": "2178100708", "CONDUIT_LE": 8.8, "SHAPE_1": "RECT", "CONDUIT_WI": 4500, "CONDUIT_HE": 1740, "US_INVERT": 28.006, "DS_INVERT": 28, "USER_TEXT2": "Existing", "SHAPE.LEN": 8.840818705301}}, {"type": "Feature", "id": 29240, "geometry": {"type": "LineString", "coordinates": [[72.89109890295852, 19.077956402111838], [72.8908817194726, 19.07777880659435]]}, "properties": {"OBJECTID": 29240, "US_NODE_ID": "2178101701", "DS_NODE_ID": "2178100709", "CONDUIT_LE": 30.2, "SHAPE_1": "OREC", "CONDUIT_WI": 9600, "CONDUIT_HE": 2491, "US_INVERT": 27.327, "DS_INVERT": 27.301000000000002, "USER_TEXT2": "Existing", "SHAPE.LEN": 30.154320477337897}}, {"type": "Feature", "id": 29244, "geometry": {"type": "LineString", "coordinates": [[72.89152440415631, 19.078312518075148], [72.89130945518275, 19.078135976485235]]}, "properties": {"OBJECTID": 29244, "US_NODE_ID": "2178101802", "DS_NODE_ID": "2178101801", "CONDUIT_LE": 29.900000000000002, "SHAPE_1": "OREC", "CONDUIT_WI": 9600, "CONDUIT_HE": 2365, "US_INVERT": 27.373, "DS_INVERT": 27.348000000000003, "USER_TEXT2": "Existing", "SHAPE.LEN": 29.8999284163023}}, {"type": "Feature", "id": 29229, "geometry": {"type": "LineString", "coordinates": [[72.89069182074638, 19.07902577107197], [72.89068194389753, 19.078754695056237]]}, "properties": {"OBJECTID": 29229, "US_NODE_ID": "2178100901!", "DS_NODE_ID": "2178100803!", "CONDUIT_LE": 30, "SHAPE_1": "RECT", "CONDUIT_WI": 4500, "CONDUIT_HE": 1596, "US_INVERT": 28.11, "DS_INVERT": 28.089000000000002, "USER_TEXT2": "Existing", "SHAPE.LEN": 30.0304932635147}}, {"type": "Feature", "id": 29231, "geometry": {"type": "LineString", "coordinates": [[72.89070486833704, 19.07929486455438], [72.89069182074638, 19.07902577107197]]}, "properties": {"OBJECTID": 29231, "US_NODE_ID": "2178100902!", "DS_NODE_ID": "2178100901!", "CONDUIT_LE": 29.8, "SHAPE_1": "RECT", "CONDUIT_WI": 4500, "CONDUIT_HE": 1697, "US_INVERT": 28.189, "DS_INVERT": 28.11, "USER_TEXT2": "Existing", "SHAPE.LEN": 29.8246335181172}}, {"type": "Feature", "id": 29401, "geometry": {"type": "LineString", "coordinates": [[72.8913759154318, 19.08312222407467], [72.89089889062444, 19.082604084563744]]}, "properties": {"OBJECTID": 29401, "US_NODE_ID": "2178111301", "DS_NODE_ID": "2178110304", "CONDUIT_LE": 76.2, "SHAPE_1": "OREC", "CONDUIT_WI": 7090, "CONDUIT_HE": 3248, "US_INVERT": 27.96, "DS_INVERT": 27.884, "USER_TEXT2": "Existing", "SHAPE.LEN": 76.23776479672}}, {"type": "Feature", "id": 29376, "geometry": {"type": "LineString", "coordinates": [[72.89089889062444, 19.082604084563744], [72.89141245534745, 19.082744048528845]]}, "properties": {"OBJECTID": 29376, "US_NODE_ID": "2178110304!", "DS_NODE_ID": "2178111302!", "CONDUIT_LE": 56.2, "SHAPE_1": "OREC", "CONDUIT_WI": 7000, "CONDUIT_HE": 2824, "US_INVERT": 27.884, "DS_INVERT": 27.828000000000003, "USER_TEXT2": "Existing", "SHAPE.LEN": 56.2359821228366}}, {"type": "Feature", "id": 29381, "geometry": {"type": "LineString", "coordinates": [[72.89039129442739, 19.083944875804097], [72.8903320769814, 19.08368016577478]]}, "properties": {"OBJECTID": 29381, "US_NODE_ID": "2178110402", "DS_NODE_ID": "2178110401", "CONDUIT_LE": 30, "SHAPE_1": "RECT", "CONDUIT_WI": 3500, "CONDUIT_HE": 2110, "US_INVERT": 31.536, "DS_INVERT": 31.156000000000002, "USER_TEXT2": "Existing", "SHAPE.LEN": 29.963225658964}}, {"type": "Feature", "id": 29435, "geometry": {"type": "LineString", "coordinates": [[72.89199480924222, 19.08369477058687], [72.8913759154318, 19.08312222407467]]}, "properties": {"OBJECTID": 29435, "US_NODE_ID": "2178112401", "DS_NODE_ID": "2178111301", "CONDUIT_LE": 90.9, "SHAPE_1": "OREC", "CONDUIT_WI": 7090, "CONDUIT_HE": 3057, "US_INVERT": 28.051000000000002, "DS_INVERT": 27.96, "USER_TEXT2": "Existing", "SHAPE.LEN": 90.89696725793439}}, {"type": "Feature", "id": 29385, "geometry": {"type": "LineString", "coordinates": [[72.89053498480705, 19.08445796564077], [72.89045586741614, 19.084208705932667]]}, "properties": {"OBJECTID": 29385, "US_NODE_ID": "2178110501", "DS_NODE_ID": "2178110403", "CONDUIT_LE": 28.8, "SHAPE_1": "RECT", "CONDUIT_WI": 4000, "CONDUIT_HE": 2085, "US_INVERT": 32.421, "DS_INVERT": 31.809, "USER_TEXT2": "Existing", "SHAPE.LEN": 28.8262802166703}}, {"type": "Feature", "id": 29387, "geometry": {"type": "LineString", "coordinates": [[72.89081782090476, 19.08446120386475], [72.89053498480705, 19.08445796564077]]}, "properties": {"OBJECTID": 29387, "US_NODE_ID": "2178110502", "DS_NODE_ID": "2178110501", "CONDUIT_LE": 29.8, "SHAPE_1": "RECT", "CONDUIT_WI": 4000, "CONDUIT_HE": 2136, "US_INVERT": 32.87, "DS_INVERT": 32.421, "USER_TEXT2": "Existing", "SHAPE.LEN": 29.7737}}, {"type": "Feature", "id": 29561, "geometry": {"type": "LineString", "coordinates": [[72.89052874902023, 19.101711141979035], [72.89046468189304, 19.101830486389616]]}, "properties": {"OBJECTID": 29561, "US_NODE_ID": "2178130405", "DS_NODE_ID": "2178130404", "CONDUIT_LE": 14.8, "SHAPE_1": "OREC", "CONDUIT_WI": 5782, "CONDUIT_HE": 3058, "US_INVERT": 32.741, "DS_INVERT": 32.614000000000004, "USER_TEXT2": "Existing", "SHAPE.LEN": 14.8344969102427}}, {"type": "Feature", "id": 29564, "geometry": {"type": "LineString", "coordinates": [[72.89076809950049, 19.10190204912786], [72.89058652584208, 19.10175905789908]]}, "properties": {"OBJECTID": 29564, "US_NODE_ID": "2178130408", "DS_NODE_ID": "2178130406", "CONDUIT_LE": 24.8, "SHAPE_1": "OREC", "CONDUIT_WI": 2210, "CONDUIT_HE": 1997, "US_INVERT": 33.031, "DS_INVERT": 32.812000000000005, "USER_TEXT2": "Existing", "SHAPE.LEN": 24.816325271885002}}, {"type": "Feature", "id": 29598, "geometry": {"type": "LineString", "coordinates": [[72.89128673682607, 19.101765273306626], [72.89106374359515, 19.10189260972864]]}, "properties": {"OBJECTID": 29598, "US_NODE_ID": "2178131403", "DS_NODE_ID": "2178131402", "CONDUIT_LE": 27.400000000000002, "SHAPE_1": "OREC", "CONDUIT_WI": 2053, "CONDUIT_HE": 2383, "US_INVERT": 33.685, "DS_INVERT": 33.322, "USER_TEXT2": "Existing", "SHAPE.LEN": 27.3788210586212}}, {"type": "Feature", "id": 29573, "geometry": {"type": "LineString", "coordinates": [[72.89053178523449, 19.10343563440466], [72.89043852675609, 19.10355089110435]]}, "properties": {"OBJECTID": 29573, "US_NODE_ID": "2178130608", "DS_NODE_ID": "2178130607", "CONDUIT_LE": 16.1, "SHAPE_1": "RECT", "CONDUIT_WI": 3000, "CONDUIT_HE": 2354, "US_INVERT": 34.844, "DS_INVERT": 34.711, "USER_TEXT2": "Existing", "SHAPE.LEN": 16.0990400918813}}, {"type": "Feature", "id": 29565, "geometry": {"type": "LineString", "coordinates": [[72.89063371816403, 19.103312267187896], [72.89053178523449, 19.10343563440466]]}, "properties": {"OBJECTID": 29565, "US_NODE_ID": "2178130501", "DS_NODE_ID": "2178130608", "CONDUIT_LE": 17.400000000000002, "SHAPE_1": "OREC", "CONDUIT_WI": 3500, "CONDUIT_HE": 2129, "US_INVERT": 34.869, "DS_INVERT": 34.844, "USER_TEXT2": "Existing", "SHAPE.LEN": 17.3683327587883}}, {"type": "Feature", "id": 29605, "geometry": {"type": "LineString", "coordinates": [[72.89119142594792, 19.103529245531334], [72.8909939873214, 19.10358818491092]]}, "properties": {"OBJECTID": 29605, "US_NODE_ID": "2178131604", "DS_NODE_ID": "2178131603", "CONDUIT_LE": 21.8, "SHAPE_1": "OREC", "CONDUIT_WI": 3604, "CONDUIT_HE": 1606, "US_INVERT": 35.308, "DS_INVERT": 35.065000000000005, "USER_TEXT2": "Existing", "SHAPE.LEN": 21.7806657439574}}, {"type": "Feature", "id": 29576, "geometry": {"type": "LineString", "coordinates": [[72.89001389481908, 19.104765551233605], [72.89013532393602, 19.104548056440144]]}, "properties": {"OBJECTID": 29576, "US_NODE_ID": "2178130702", "DS_NODE_ID": "2178130706", "CONDUIT_LE": 27.3, "SHAPE_1": "OREC", "CONDUIT_WI": 3400, "CONDUIT_HE": 3127, "US_INVERT": 34.872, "DS_INVERT": 34.753, "USER_TEXT2": "Existing", "SHAPE.LEN": 27.2615393176908}}, {"type": "Feature", "id": 29577, "geometry": {"type": "LineString", "coordinates": [[72.89001354487085, 19.104832389469642], [72.89001389481908, 19.104765551233605]]}, "properties": {"OBJECTID": 29577, "US_NODE_ID": "2178130703", "DS_NODE_ID": "2178130702", "CONDUIT_LE": 7.4, "SHAPE_1": "OREC", "CONDUIT_WI": 3400, "CONDUIT_HE": 3095, "US_INVERT": 34.904, "DS_INVERT": 34.872, "USER_TEXT2": "Existing", "SHAPE.LEN": 7.400185521998759}}, {"type": "Feature", "id": 29581, "geometry": {"type": "LineString", "coordinates": [[72.89013824969214, 19.10493077270853], [72.89005385217546, 19.104911154494534]]}, "properties": {"OBJECTID": 29581, "US_NODE_ID": "2178130707", "DS_NODE_ID": "2178130705", "CONDUIT_LE": 9.1, "SHAPE_1": "OREC", "CONDUIT_WI": 4746, "CONDUIT_HE": 2723, "US_INVERT": 34.986000000000004, "DS_INVERT": 34.946000000000005, "USER_TEXT2": "Existing", "SHAPE.LEN": 9.144365821641209}}, {"type": "Feature", "id": 29586, "geometry": {"type": "LineString", "coordinates": [[72.89056459319556, 19.105286994735586], [72.89055069545354, 19.105123283284016]]}, "properties": {"OBJECTID": 29586, "US_NODE_ID": "2178130801", "DS_NODE_ID": "2178130711", "CONDUIT_LE": 18.2, "SHAPE_1": "OREC", "CONDUIT_WI": 5360, "CONDUIT_HE": 1998, "US_INVERT": 35.300000000000004, "DS_INVERT": 35.221000000000004, "USER_TEXT2": "Existing", "SHAPE.LEN": 18.1844730682525}}, {"type": "Feature", "id": 29611, "geometry": {"type": "LineString", "coordinates": [[72.89093244368591, 19.105664858357674], [72.8907887599255, 19.105614529053035]]}, "properties": {"OBJECTID": 29611, "US_NODE_ID": "2178131802", "DS_NODE_ID": "2178131801", "CONDUIT_LE": 16.1, "SHAPE_1": "OREC", "CONDUIT_WI": 4832, "CONDUIT_HE": 2435, "US_INVERT": 35.564, "DS_INVERT": 35.494, "USER_TEXT2": "Existing", "SHAPE.LEN": 16.116304871775004}}, {"type": "Feature", "id": 29612, "geometry": {"type": "LineString", "coordinates": [[72.8910969425284, 19.10571753971073], [72.89093244368591, 19.105664858357674]]}, "properties": {"OBJECTID": 29612, "US_NODE_ID": "2178131803", "DS_NODE_ID": "2178131802", "CONDUIT_LE": 18.3, "SHAPE_1": "RECT", "CONDUIT_WI": 4800, "CONDUIT_HE": 2093, "US_INVERT": 35.643, "DS_INVERT": 35.564, "USER_TEXT2": "Existing", "SHAPE.LEN": 18.269161923033003}}, {"type": "Feature", "id": 29613, "geometry": {"type": "LineString", "coordinates": [[72.89118276404606, 19.105757541731077], [72.8910969425284, 19.10571753971073]]}, "properties": {"OBJECTID": 29613, "US_NODE_ID": "2178131804", "DS_NODE_ID": "2178131803", "CONDUIT_LE": 10.1, "SHAPE_1": "RECT", "CONDUIT_WI": 4800, "CONDUIT_HE": 2082, "US_INVERT": 35.654, "DS_INVERT": 35.643, "USER_TEXT2": "Existing", "SHAPE.LEN": 10.0598542300572}}, {"type": "Feature", "id": 29087, "geometry": {"type": "LineString", "coordinates": [[72.89327435900827, 19.060918354447995], [72.89209974056114, 19.060129016887913]]}, "properties": {"OBJECTID": 29087, "US_NODE_ID": "2178083801", "DS_NODE_ID": "2178081801", "CONDUIT_LE": 151.4, "SHAPE_1": "RECT", "CONDUIT_WI": 4500, "CONDUIT_HE": 2000, "US_INVERT": 27, "DS_INVERT": 26.882, "USER_TEXT2": "Proposal", "SHAPE.LEN": 151.422917684213}}, {"type": "Feature", "id": 29131, "geometry": {"type": "LineString", "coordinates": [[72.89250192998648, 19.06754049452413], [72.89255494141015, 19.067630524985038]]}, "properties": {"OBJECTID": 29131, "US_NODE_ID": "2178092602!", "DS_NODE_ID": "2178092603!", "CONDUIT_LE": 11.4, "SHAPE_1": "OREC", "CONDUIT_WI": 5214, "CONDUIT_HE": 1537, "US_INVERT": 26.658, "DS_INVERT": 26.658, "USER_TEXT2": "Existing", "SHAPE.LEN": 11.423659658795899}}, {"type": "Feature", "id": 29132, "geometry": {"type": "LineString", "coordinates": [[72.89227338018532, 19.067959712644107], [72.89220603151169, 19.067951716475058]]}, "properties": {"OBJECTID": 29132, "US_NODE_ID": "2178092602", "DS_NODE_ID": "2178092601", "CONDUIT_LE": 7.1000000000000005, "SHAPE_1": "RECT", "CONDUIT_WI": 5000, "CONDUIT_HE": 1371, "US_INVERT": 27.428, "DS_INVERT": 27.426000000000002, "USER_TEXT2": "Existing", "SHAPE.LEN": 7.144928271158499}}, {"type": "Feature", "id": 29399, "geometry": {"type": "LineString", "coordinates": [[72.89178187679315, 19.0818781073665], [72.89189950008506, 19.081479753327642]]}, "properties": {"OBJECTID": 29399, "US_NODE_ID": "2178111201", "DS_NODE_ID": "2178111102", "CONDUIT_LE": 45.800000000000004, "SHAPE_1": "OREC", "CONDUIT_WI": 4500, "CONDUIT_HE": 1887, "US_INVERT": 27.721, "DS_INVERT": 27.675, "USER_TEXT2": "Existing", "SHAPE.LEN": 45.8091463584512}}, {"type": "Feature", "id": 29412, "geometry": {"type": "LineString", "coordinates": [[72.8919346987013, 19.084640252037673], [72.89166312172377, 19.084558889932065]]}, "properties": {"OBJECTID": 29412, "US_NODE_ID": "2178111504!", "DS_NODE_ID": "2178111503!", "CONDUIT_LE": 30, "SHAPE_1": "OREC", "CONDUIT_WI": 4000, "CONDUIT_HE": 3435, "US_INVERT": 33.071000000000005, "DS_INVERT": 33.005, "USER_TEXT2": "Existing", "SHAPE.LEN": 29.972079221335296}}, {"type": "Feature", "id": 29600, "geometry": {"type": "LineString", "coordinates": [[72.89156504683572, 19.1018720837777], [72.89136681592225, 19.10174451197395]]}, "properties": {"OBJECTID": 29600, "US_NODE_ID": "2178131405", "DS_NODE_ID": "2178131404", "CONDUIT_LE": 25.2, "SHAPE_1": "RECT", "CONDUIT_WI": 2500, "CONDUIT_HE": 2557, "US_INVERT": 33.953, "DS_INVERT": 33.715, "USER_TEXT2": "Existing", "SHAPE.LEN": 25.1950681556927}}, {"type": "Feature", "id": 29608, "geometry": {"type": "LineString", "coordinates": [[72.89162746422913, 19.103572648400842], [72.89156361782334, 19.103396219398128]]}, "properties": {"OBJECTID": 29608, "US_NODE_ID": "2178131607", "DS_NODE_ID": "2178131606", "CONDUIT_LE": 20.7, "SHAPE_1": "OREC", "CONDUIT_WI": 2824, "CONDUIT_HE": 1440, "US_INVERT": 35.477000000000004, "DS_INVERT": 35.446000000000005, "USER_TEXT2": "Existing", "SHAPE.LEN": 20.6570966643427}}, {"type": "Feature", "id": 29637, "geometry": {"type": "LineString", "coordinates": [[72.89201058588162, 19.104038968070817], [72.89194927173824, 19.1038590490013]]}, "properties": {"OBJECTID": 29637, "US_NODE_ID": "2178132604", "DS_NODE_ID": "2178132603", "CONDUIT_LE": 20.900000000000002, "SHAPE_1": "RECT", "CONDUIT_WI": 3000, "CONDUIT_HE": 1528, "US_INVERT": 35.925000000000004, "DS_INVERT": 35.804, "USER_TEXT2": "Existing", "SHAPE.LEN": 20.939187613897502}}, {"type": "Feature", "id": 29638, "geometry": {"type": "LineString", "coordinates": [[72.89204364393271, 19.104135881405856], [72.89201058588162, 19.104038968070817]]}, "properties": {"OBJECTID": 29638, "US_NODE_ID": "2178132605", "DS_NODE_ID": "2178132604", "CONDUIT_LE": 11.3, "SHAPE_1": "RECT", "CONDUIT_WI": 3000, "CONDUIT_HE": 1480, "US_INVERT": 35.973, "DS_INVERT": 35.925000000000004, "USER_TEXT2": "Existing", "SHAPE.LEN": 11.279896840397099}}, {"type": "Feature", "id": 29642, "geometry": {"type": "LineString", "coordinates": [[72.89208968873281, 19.10641097769986], [72.89192418051279, 19.106199522478036]]}, "properties": {"OBJECTID": 29642, "US_NODE_ID": "2178132902", "DS_NODE_ID": "2178132901", "CONDUIT_LE": 29.2, "SHAPE_1": "OREC", "CONDUIT_WI": 4000, "CONDUIT_HE": 1570, "US_INVERT": 36.22, "DS_INVERT": 36.075, "USER_TEXT2": "Existing", "SHAPE.LEN": 29.180986960690696}}, {"type": "Feature", "id": 29139, "geometry": {"type": "LineString", "coordinates": [[72.89322039772561, 19.06216198464021], [72.89319780674519, 19.06189372377047]]}, "properties": {"OBJECTID": 29139, "US_NODE_ID": "2178093002", "DS_NODE_ID": "2178093001", "CONDUIT_LE": 29.8, "SHAPE_1": "OREC", "CONDUIT_WI": 4000, "CONDUIT_HE": 2524, "US_INVERT": 26.511000000000003, "DS_INVERT": 26.488, "USER_TEXT2": "Existing", "SHAPE.LEN": 29.7957812116078}}, {"type": "Feature", "id": 29148, "geometry": {"type": "LineString", "coordinates": [[72.89373006210249, 19.064700168385798], [72.89344992983165, 19.06476652081023]]}, "properties": {"OBJECTID": 29148, "US_NODE_ID": "2178093303", "DS_NODE_ID": "2178093302", "CONDUIT_LE": 30.400000000000002, "SHAPE_1": "OREC", "CONDUIT_WI": 3633, "CONDUIT_HE": 1708, "US_INVERT": 26.491, "DS_INVERT": 26.474, "USER_TEXT2": "Existing", "SHAPE.LEN": 30.3916106845294}}, {"type": "Feature", "id": 29149, "geometry": {"type": "LineString", "coordinates": [[72.89400440386953, 19.064640975613216], [72.89373006210249, 19.064700168385798]]}, "properties": {"OBJECTID": 29149, "US_NODE_ID": "2178093304", "DS_NODE_ID": "2178093303", "CONDUIT_LE": 29.6, "SHAPE_1": "OREC", "CONDUIT_WI": 3604, "CONDUIT_HE": 1643, "US_INVERT": 26.507, "DS_INVERT": 26.491, "USER_TEXT2": "Existing", "SHAPE.LEN": 29.6150299679065}}, {"type": "Feature", "id": 29137, "geometry": {"type": "LineString", "coordinates": [[72.89302797776931, 19.068236611310674], [72.8931138648973, 19.06820597808397]]}, "properties": {"OBJECTID": 29137, "US_NODE_ID": "2178092702", "DS_NODE_ID": "2178093701", "CONDUIT_LE": 9.700000000000001, "SHAPE_1": "RECT", "CONDUIT_WI": 7000, "CONDUIT_HE": 1741, "US_INVERT": 26.519000000000002, "DS_INVERT": 26.493000000000002, "USER_TEXT2": "Existing", "SHAPE.LEN": 9.656603957913978}}, {"type": "Feature", "id": 29150, "geometry": {"type": "LineString", "coordinates": [[72.89352313868716, 19.06814471534282], [72.89367890089525, 19.068373217795475]]}, "properties": {"OBJECTID": 29150, "US_NODE_ID": "2178093601", "DS_NODE_ID": "2178093703", "CONDUIT_LE": 30.1, "SHAPE_1": "OREC", "CONDUIT_WI": 5266, "CONDUIT_HE": 2344, "US_INVERT": 26.399, "DS_INVERT": 26.353, "USER_TEXT2": "Existing", "SHAPE.LEN": 30.147968422432697}}, {"type": "Feature", "id": 29445, "geometry": {"type": "LineString", "coordinates": [[72.89308613499213, 19.081518165869284], [72.89282018523579, 19.081437442853996]]}, "properties": {"OBJECTID": 29445, "US_NODE_ID": "2178113101", "DS_NODE_ID": "2178112106", "CONDUIT_LE": 29.400000000000002, "SHAPE_1": "OREC", "CONDUIT_WI": 4800, "CONDUIT_HE": 1161, "US_INVERT": 27.738000000000003, "DS_INVERT": 27.731, "USER_TEXT2": "Existing", "SHAPE.LEN": 29.386561554561002}}, {"type": "Feature", "id": 29454, "geometry": {"type": "LineString", "coordinates": [[72.89327204008524, 19.08510536061443], [72.89300686696785, 19.08500651119942]]}, "properties": {"OBJECTID": 29454, "US_NODE_ID": "2178113503!", "DS_NODE_ID": "2178113501!", "CONDUIT_LE": 30, "SHAPE_1": "OREC", "CONDUIT_WI": 4000, "CONDUIT_HE": 3207, "US_INVERT": 33.399, "DS_INVERT": 33.333, "USER_TEXT2": "Existing", "SHAPE.LEN": 29.9810914832999}}, {"type": "Feature", "id": 29456, "geometry": {"type": "LineString", "coordinates": [[72.893537120984, 19.085203265597226], [72.89327204008524, 19.08510536061443]]}, "properties": {"OBJECTID": 29456, "US_NODE_ID": "2178113504!", "DS_NODE_ID": "2178113503!", "CONDUIT_LE": 29.900000000000002, "SHAPE_1": "OREC", "CONDUIT_WI": 4000, "CONDUIT_HE": 2862, "US_INVERT": 33.464, "DS_INVERT": 33.399, "USER_TEXT2": "Existing", "SHAPE.LEN": 29.9340117513507}}, {"type": "Feature", "id": 29525, "geometry": {"type": "LineString", "coordinates": [[72.8935911623157, 19.097485409284666], [72.89339348033559, 19.097681515209764]]}, "properties": {"OBJECTID": 29525, "US_NODE_ID": "2178123903", "DS_NODE_ID": "2178123902", "CONDUIT_LE": 30.1, "SHAPE_1": "RECT", "CONDUIT_WI": 5500, "CONDUIT_HE": 2318, "US_INVERT": 38.061, "DS_INVERT": 37.885000000000005, "USER_TEXT2": "Existing", "SHAPE.LEN": 30.071992592776397}}, {"type": "Feature", "id": 29618, "geometry": {"type": "LineString", "coordinates": [[72.89259985584518, 19.098723003360067], [72.8924656724033, 19.09896260672356]]}, "properties": {"OBJECTID": 29618, "US_NODE_ID": "2178132001", "DS_NODE_ID": "2178132104", "CONDUIT_LE": 30.1, "SHAPE_1": "RECT", "CONDUIT_WI": 2600, "CONDUIT_HE": 2152, "US_INVERT": 36.29, "DS_INVERT": 36.016, "USER_TEXT2": "Existing", "SHAPE.LEN": 30.0531782340903}}, {"type": "Feature", "id": 29632, "geometry": {"type": "LineString", "coordinates": [[72.89245025625972, 19.102326885163933], [72.89230755270744, 19.102190663403565]]}, "properties": {"OBJECTID": 29632, "US_NODE_ID": "2178132408", "DS_NODE_ID": "2178132407", "CONDUIT_LE": 21.3, "SHAPE_1": "OREC", "CONDUIT_WI": 3499, "CONDUIT_HE": 1755, "US_INVERT": 34.943000000000005, "DS_INVERT": 34.691, "USER_TEXT2": "Existing", "SHAPE.LEN": 21.284971223847098}}, {"type": "Feature", "id": 29659, "geometry": {"type": "LineString", "coordinates": [[72.89298980761589, 19.10487244681797], [72.89293970058858, 19.104720824892787]]}, "properties": {"OBJECTID": 29659, "US_NODE_ID": "2178133703", "DS_NODE_ID": "2178133702", "CONDUIT_LE": 17.6, "SHAPE_1": "RECT", "CONDUIT_WI": 3000, "CONDUIT_HE": 2403, "US_INVERT": 36.416000000000004, "DS_INVERT": 36.361000000000004, "USER_TEXT2": "Existing", "SHAPE.LEN": 17.5958893622914}}, {"type": "Feature", "id": 29702, "geometry": {"type": "LineString", "coordinates": [[72.89233034003912, 19.107210930278587], [72.89228795843813, 19.106961535912145]]}, "properties": {"OBJECTID": 29702, "US_NODE_ID": "2178142001", "DS_NODE_ID": "2178132906", "CONDUIT_LE": 28, "SHAPE_1": "OREC", "CONDUIT_WI": 8000, "CONDUIT_HE": 2728, "US_INVERT": 37.009, "DS_INVERT": 36.825, "USER_TEXT2": "Proposal", "SHAPE.LEN": 27.9699946644614}}, {"type": "Feature", "id": 29718, "geometry": {"type": "LineString", "coordinates": [[72.89310683060124, 19.107426443062323], [72.89307161892174, 19.107432985251215]]}, "properties": {"OBJECTID": 29718, "US_NODE_ID": "2178143004", "DS_NODE_ID": "2178143003", "CONDUIT_LE": 3.8000000000000003, "SHAPE_1": "OREC", "CONDUIT_WI": 4860, "CONDUIT_HE": 2000, "US_INVERT": 37.557, "DS_INVERT": 37.542, "USER_TEXT2": "Proposal", "SHAPE.LEN": 3.7760133500823296}}, {"type": "Feature", "id": 29719, "geometry": {"type": "LineString", "coordinates": [[72.89320491014445, 19.107448242671918], [72.89310683060124, 19.107426443062323]]}, "properties": {"OBJECTID": 29719, "US_NODE_ID": "2178143005", "DS_NODE_ID": "2178143004", "CONDUIT_LE": 10.6, "SHAPE_1": "OREC", "CONDUIT_WI": 5000, "CONDUIT_HE": 2000, "US_INVERT": 37.564, "DS_INVERT": 37.557, "USER_TEXT2": "Proposal", "SHAPE.LEN": 10.6008980492221}}, {"type": "Feature", "id": 29721, "geometry": {"type": "LineString", "coordinates": [[72.89353963421365, 19.107720999706956], [72.89328795306541, 19.107612891949344]]}, "properties": {"OBJECTID": 29721, "US_NODE_ID": "2178143007", "DS_NODE_ID": "2178143006", "CONDUIT_LE": 29.1, "SHAPE_1": "OREC", "CONDUIT_WI": 4200, "CONDUIT_HE": 2000, "US_INVERT": 37.747, "DS_INVERT": 37.576, "USER_TEXT2": "Proposal", "SHAPE.LEN": 29.0671585575543}}, {"type": "Feature", "id": 29090, "geometry": {"type": "LineString", "coordinates": [[72.89466561167858, 19.05448121114055], [72.89518008513373, 19.05669469841178]]}, "properties": {"OBJECTID": 29090, "US_NODE_ID": "2178084102", "DS_NODE_ID": "2178085401", "CONDUIT_LE": 251, "SHAPE_1": "RECT", "CONDUIT_WI": 1500, "CONDUIT_HE": 1500, "US_INVERT": 34.800000000000004, "DS_INVERT": 33, "USER_TEXT2": "Proposal", "SHAPE.LEN": 250.98161287233802}}, {"type": "Feature", "id": 29157, "geometry": {"type": "LineString", "coordinates": [[72.89425458464923, 19.062823282888978], [72.89405572033071, 19.062637420544426]]}, "properties": {"OBJECTID": 29157, "US_NODE_ID": "2178094101", "DS_NODE_ID": "2178093008", "CONDUIT_LE": 29.400000000000002, "SHAPE_1": "OREC", "CONDUIT_WI": 4000, "CONDUIT_HE": 2330, "US_INVERT": 26.632, "DS_INVERT": 26.609, "USER_TEXT2": "Existing", "SHAPE.LEN": 29.3553427813405}}, {"type": "Feature", "id": 29166, "geometry": {"type": "LineString", "coordinates": [[72.89413766398599, 19.069056820633026], [72.89429152807544, 19.069285301009586]]}, "properties": {"OBJECTID": 29166, "US_NODE_ID": "2178094701", "DS_NODE_ID": "2178094801", "CONDUIT_LE": 30, "SHAPE_1": "RECT", "CONDUIT_WI": 5000, "CONDUIT_HE": 2365, "US_INVERT": 26.223000000000003, "DS_INVERT": 26.186, "USER_TEXT2": "Existing", "SHAPE.LEN": 30.0376430500131}}, {"type": "Feature", "id": 29462, "geometry": {"type": "LineString", "coordinates": [[72.89419668608161, 19.085065053044502], [72.89394761099084, 19.08500517386067]]}, "properties": {"OBJECTID": 29462, "US_NODE_ID": "2178114502!", "DS_NODE_ID": "2178114501!", "CONDUIT_LE": 27, "SHAPE_1": "OREC", "CONDUIT_WI": 7000, "CONDUIT_HE": 3474, "US_INVERT": 28.334, "DS_INVERT": 28.307000000000002, "USER_TEXT2": "Existing", "SHAPE.LEN": 27.042903939111298}}, {"type": "Feature", "id": 29532, "geometry": {"type": "LineString", "coordinates": [[72.89427508254087, 19.096956661524676], [72.89403699002305, 19.097115718934806]]}, "properties": {"OBJECTID": 29532, "US_NODE_ID": "2178124801", "DS_NODE_ID": "2178124902", "CONDUIT_LE": 30.6, "SHAPE_1": "RECT", "CONDUIT_WI": 5500, "CONDUIT_HE": 1811, "US_INVERT": 38.605000000000004, "DS_INVERT": 38.425000000000004, "USER_TEXT2": "Existing", "SHAPE.LEN": 30.6286807192213}}, {"type": "Feature", "id": 29535, "geometry": {"type": "LineString", "coordinates": [[72.89403699002305, 19.097115718934806], [72.8937969527225, 19.09729807181957]]}, "properties": {"OBJECTID": 29535, "US_NODE_ID": "2178124902", "DS_NODE_ID": "2178124901", "CONDUIT_LE": 32.3, "SHAPE_1": "RECT", "CONDUIT_WI": 5500, "CONDUIT_HE": 2104, "US_INVERT": 38.425000000000004, "DS_INVERT": 38.243, "USER_TEXT2": "Existing", "SHAPE.LEN": 32.3405064532082}}, {"type": "Feature", "id": 29678, "geometry": {"type": "LineString", "coordinates": [[72.89465026329053, 19.102026280671762], [72.89441588357823, 19.10205498889255]]}, "properties": {"OBJECTID": 29678, "US_NODE_ID": "2178135401", "DS_NODE_ID": "2178134403", "CONDUIT_LE": 24.900000000000002, "SHAPE_1": "OREC", "CONDUIT_WI": 2500, "CONDUIT_HE": 1576, "US_INVERT": 37.822, "DS_INVERT": 37.631, "USER_TEXT2": "Proposal", "SHAPE.LEN": 24.8722493130396}}, {"type": "Feature", "id": 29675, "geometry": {"type": "LineString", "coordinates": [[72.89423967447105, 19.105688579216096], [72.89412287030689, 19.10553278278046]]}, "properties": {"OBJECTID": 29675, "US_NODE_ID": "2178134807", "DS_NODE_ID": "2178134806", "CONDUIT_LE": 21.2, "SHAPE_1": "OREC", "CONDUIT_WI": 3000, "CONDUIT_HE": 1980, "US_INVERT": 38.337, "DS_INVERT": 38.037, "USER_TEXT2": "Existing", "SHAPE.LEN": 21.181595785020498}}, {"type": "Feature", "id": 29682, "geometry": {"type": "LineString", "coordinates": [[72.89487397506261, 19.10594875206061], [72.89439841943967, 19.105834016083456]]}, "properties": {"OBJECTID": 29682, "US_NODE_ID": "2178135801", "DS_NODE_ID": "2178134809", "CONDUIT_LE": 51.6, "SHAPE_1": "OREC", "CONDUIT_WI": 3000, "CONDUIT_HE": 2042, "US_INVERT": 39.056000000000004, "DS_INVERT": 38.688, "USER_TEXT2": "Existing", "SHAPE.LEN": 51.6376800408384}}, {"type": "Feature", "id": 29178, "geometry": {"type": "LineString", "coordinates": [[72.89567346440793, 19.06404309039478], [72.89515024662947, 19.064176223915904]]}, "properties": {"OBJECTID": 29178, "US_NODE_ID": "2178095206", "DS_NODE_ID": "2178095202", "CONDUIT_LE": 57, "SHAPE_1": "RECT", "CONDUIT_WI": 1500, "CONDUIT_HE": 1500, "US_INVERT": 26.838, "DS_INVERT": 26.751, "USER_TEXT2": "Existing", "SHAPE.LEN": 57.019031910406895}}, {"type": "Feature", "id": 29536, "geometry": {"type": "LineString", "coordinates": [[72.89520894162553, 19.089383780111586], [72.89524145801688, 19.08936698940404]]}, "properties": {"OBJECTID": 29536, "US_NODE_ID": "2178125001!", "DS_NODE_ID": "2178125002!", "CONDUIT_LE": 3.9, "SHAPE_1": "RECT", "CONDUIT_WI": 2000, "CONDUIT_HE": 2000, "US_INVERT": 37.6, "DS_INVERT": 37.6, "USER_TEXT2": "Existing", "SHAPE.LEN": 3.89486841883009}}, {"type": "Feature", "id": 29537, "geometry": {"type": "LineString", "coordinates": [[72.89520894162553, 19.089383780111586], [72.89524145801688, 19.08936698940404]]}, "properties": {"OBJECTID": 29537, "US_NODE_ID": "2178125001", "DS_NODE_ID": "2178125002", "CONDUIT_LE": 3.9, "SHAPE_1": "RECT", "CONDUIT_WI": 2000, "CONDUIT_HE": 2000, "US_INVERT": 37.6, "DS_INVERT": 37.6, "USER_TEXT2": "Existing", "SHAPE.LEN": 3.89486841883009}}, {"type": "Feature", "id": 29554, "geometry": {"type": "LineString", "coordinates": [[72.89579467336657, 19.09723904826748], [72.89507653353667, 19.097299489141847]]}, "properties": {"OBJECTID": 29554, "US_NODE_ID": "2178126901", "DS_NODE_ID": "2178125901", "CONDUIT_LE": 75.9, "SHAPE_1": "RECT", "CONDUIT_WI": 2500, "CONDUIT_HE": 1500, "US_INVERT": 40.661, "DS_INVERT": 40.021, "USER_TEXT2": "Proposal", "SHAPE.LEN": 75.8815524353581}}, {"type": "Feature", "id": 29681, "geometry": {"type": "LineString", "coordinates": [[72.89509479803294, 19.102164744494104], [72.89489472792297, 19.102098073958516]]}, "properties": {"OBJECTID": 29681, "US_NODE_ID": "2178135404", "DS_NODE_ID": "2178135402", "CONDUIT_LE": 22.3, "SHAPE_1": "OREC", "CONDUIT_WI": 2500, "CONDUIT_HE": 1498, "US_INVERT": 38.2, "DS_INVERT": 38.029, "USER_TEXT2": "Proposal", "SHAPE.LEN": 22.313538212036196}}, {"type": "Feature", "id": 19010, "geometry": {"type": "LineString", "coordinates": [[72.85010811224122, 19.07187081896732], [72.85023378934544, 19.071628405051733]]}, "properties": {"OBJECTID": 19010, "US_NODE_ID": "2173107102", "DS_NODE_ID": "2173107103", "CONDUIT_LE": 29.900000000000002, "SHAPE_1": "OREC", "CONDUIT_WI": 60000, "CONDUIT_HE": 4913, "US_INVERT": 23.585, "DS_INVERT": 23.574, "USER_TEXT2": "Existing", "SHAPE.LEN": 29.9234022129837}}, {"type": "Feature", "id": 19019, "geometry": {"type": "LineString", "coordinates": [[72.85016131606473, 19.073711375671422], [72.84961534690278, 19.073762815335527]]}, "properties": {"OBJECTID": 19019, "US_NODE_ID": "2173107304", "DS_NODE_ID": "2173107303", "CONDUIT_LE": 57.800000000000004, "SHAPE_1": "RECT", "CONDUIT_WI": 8000, "CONDUIT_HE": 3500, "US_INVERT": 24.13, "DS_INVERT": 24.084, "USER_TEXT2": "Existing", "SHAPE.LEN": 57.7556923601475}}, {"type": "Feature", "id": 19097, "geometry": {"type": "LineString", "coordinates": [[72.84968588160397, 19.086181615480847], [72.84838199878271, 19.08643104498657]]}, "properties": {"OBJECTID": 19097, "US_NODE_ID": "2173117701", "DS_NODE_ID": "2173116701", "CONDUIT_LE": 140, "SHAPE_1": "RECT", "CONDUIT_WI": 3000, "CONDUIT_HE": 2000, "US_INVERT": 26.383000000000003, "DS_INVERT": 26.102, "USER_TEXT2": "Proposal", "SHAPE.LEN": 140.000357142402}}, {"type": "Feature", "id": 19307, "geometry": {"type": "LineString", "coordinates": [[72.84926175201363, 19.112894048549744], [72.84921688002139, 19.112763455464393]]}, "properties": {"OBJECTID": 19307, "US_NODE_ID": "2173147701", "DS_NODE_ID": "2173147604", "CONDUIT_LE": 15.200000000000001, "SHAPE_1": "RECT", "CONDUIT_WI": 4500, "CONDUIT_HE": 2500, "US_INVERT": 33.847, "DS_INVERT": 33.762, "USER_TEXT2": "Existing", "SHAPE.LEN": 15.2108513897152}}, {"type": "Feature", "id": 18912, "geometry": {"type": "LineString", "coordinates": [[72.85136515240701, 19.069438863325768], [72.85148967535841, 19.069194956094897]]}, "properties": {"OBJECTID": 18912, "US_NODE_ID": "2173099801", "DS_NODE_ID": "2173099802", "CONDUIT_LE": 30, "SHAPE_1": "OREC", "CONDUIT_WI": 60000, "CONDUIT_HE": 4929, "US_INVERT": 23.471, "DS_INVERT": 23.459, "USER_TEXT2": "Existing", "SHAPE.LEN": 30.0185904282663}}, {"type": "Feature", "id": 19023, "geometry": {"type": "LineString", "coordinates": [[72.85073654040241, 19.070655135624143], [72.85086126568076, 19.070412709997044]]}, "properties": {"OBJECTID": 19023, "US_NODE_ID": "2173108003", "DS_NODE_ID": "2173108004", "CONDUIT_LE": 29.900000000000002, "SHAPE_1": "OREC", "CONDUIT_WI": 60000, "CONDUIT_HE": 4972, "US_INVERT": 23.528000000000002, "DS_INVERT": 23.517, "USER_TEXT2": "Existing", "SHAPE.LEN": 29.880428377116697}}, {"type": "Feature", "id": 22488, "geometry": {"type": "LineString", "coordinates": [[72.85244964634012, 19.07380398970331], [72.85088124407437, 19.073577959751503]]}, "properties": {"OBJECTID": 22488, "US_NODE_ID": "2174100301", "DS_NODE_ID": "2173108301", "CONDUIT_LE": 167, "SHAPE_1": "RECT", "CONDUIT_WI": 8000, "CONDUIT_HE": 3500, "US_INVERT": 24.323, "DS_INVERT": 24.191000000000003, "USER_TEXT2": "Existing", "SHAPE.LEN": 166.991496789507}}, {"type": "Feature", "id": 19239, "geometry": {"type": "LineString", "coordinates": [[72.85108692072022, 19.09297871324187], [72.85091692229079, 19.092825885683673]]}, "properties": {"OBJECTID": 19239, "US_NODE_ID": "2173129503", "DS_NODE_ID": "2173128404", "CONDUIT_LE": 24.6, "SHAPE_1": "OREC", "CONDUIT_WI": 3200, "CONDUIT_HE": 2537, "US_INVERT": 28.661, "DS_INVERT": 28.642000000000003, "USER_TEXT2": "Existing", "SHAPE.LEN": 24.627220712049496}}, {"type": "Feature", "id": 19314, "geometry": {"type": "LineString", "coordinates": [[72.85032665929546, 19.1130645625362], [72.85026733325483, 19.113096386574338]]}, "properties": {"OBJECTID": 19314, "US_NODE_ID": "2173148706", "DS_NODE_ID": "2173148705", "CONDUIT_LE": 7.2, "SHAPE_1": "OREC", "CONDUIT_WI": 4500, "CONDUIT_HE": 2652, "US_INVERT": 34.546, "DS_INVERT": 34.506, "USER_TEXT2": "Existing", "SHAPE.LEN": 7.169379331573969}}, {"type": "Feature", "id": 22409, "geometry": {"type": "LineString", "coordinates": [[72.85254721999881, 19.060847870385377], [72.85261713641559, 19.061024820178513]]}, "properties": {"OBJECTID": 22409, "US_NODE_ID": "2174080902", "DS_NODE_ID": "2174080903", "CONDUIT_LE": 20.900000000000002, "SHAPE_1": "RECT", "CONDUIT_WI": 5000, "CONDUIT_HE": 2500, "US_INVERT": 24.622, "DS_INVERT": 24.589000000000002, "USER_TEXT2": "Proposal", "SHAPE.LEN": 20.928688444334}}, {"type": "Feature", "id": 22430, "geometry": {"type": "LineString", "coordinates": [[72.85283229101647, 19.066815414216215], [72.8529673882244, 19.066578526906984]]}, "properties": {"OBJECTID": 22430, "US_NODE_ID": "2174090606", "DS_NODE_ID": "2174090501", "CONDUIT_LE": 29.8, "SHAPE_1": "OREC", "CONDUIT_WI": 60000, "CONDUIT_HE": 5154, "US_INVERT": 23.344, "DS_INVERT": 23.333000000000002, "USER_TEXT2": "Existing", "SHAPE.LEN": 29.8357168507814}}, {"type": "Feature", "id": 22545, "geometry": {"type": "LineString", "coordinates": [[72.85298028780008, 19.08643953237516], [72.85251365604599, 19.08630312083824]]}, "properties": {"OBJECTID": 22545, "US_NODE_ID": "2174111701", "DS_NODE_ID": "2174110702", "CONDUIT_LE": 51.4, "SHAPE_1": "RECT", "CONDUIT_WI": 3000, "CONDUIT_HE": 2000, "US_INVERT": 27.338, "DS_INVERT": 27.235000000000003, "USER_TEXT2": "Proposal", "SHAPE.LEN": 51.388130925341095}}, {"type": "Feature", "id": 22549, "geometry": {"type": "LineString", "coordinates": [[72.85197322296636, 19.09463485214822], [72.85181236323008, 19.09441018651888]]}, "properties": {"OBJECTID": 22549, "US_NODE_ID": "2174120601", "DS_NODE_ID": "2173129603", "CONDUIT_LE": 30.1, "SHAPE_1": "RECT", "CONDUIT_WI": 3000, "CONDUIT_HE": 1898, "US_INVERT": 29.6, "DS_INVERT": 29.5, "USER_TEXT2": "Existing", "SHAPE.LEN": 30.0903575628473}}, {"type": "Feature", "id": 22555, "geometry": {"type": "LineString", "coordinates": [[72.85243049435611, 19.095623363586423], [72.85233568137687, 19.09536795121812]]}, "properties": {"OBJECTID": 22555, "US_NODE_ID": "2174120704", "DS_NODE_ID": "2174120703", "CONDUIT_LE": 30, "SHAPE_1": "RECT", "CONDUIT_WI": 3000, "CONDUIT_HE": 1978, "US_INVERT": 30, "DS_INVERT": 29.900000000000002, "USER_TEXT2": "Existing", "SHAPE.LEN": 29.9882040976114}}, {"type": "Feature", "id": 22556, "geometry": {"type": "LineString", "coordinates": [[72.85252582727843, 19.09587929413524], [72.85243049435611, 19.095623363586423]]}, "properties": {"OBJECTID": 22556, "US_NODE_ID": "2174120801", "DS_NODE_ID": "2174120704", "CONDUIT_LE": 30.1, "SHAPE_1": "RECT", "CONDUIT_WI": 3000, "CONDUIT_HE": 2238, "US_INVERT": 30.2, "DS_INVERT": 30, "USER_TEXT2": "Existing", "SHAPE.LEN": 30.0605302123898}}, {"type": "Feature", "id": 22438, "geometry": {"type": "LineString", "coordinates": [[72.85368363456686, 19.065740961197484], [72.85373018556366, 19.06570423003746]]}, "properties": {"OBJECTID": 22438, "US_NODE_ID": "2174091402", "DS_NODE_ID": "2174091403", "CONDUIT_LE": 6.4, "SHAPE_1": "RECT", "CONDUIT_WI": 60000, "CONDUIT_HE": 5593, "US_INVERT": 23.287000000000003, "DS_INVERT": 23.285, "USER_TEXT2": "Existing", "SHAPE.LEN": 6.368308448874001}}, {"type": "Feature", "id": 22439, "geometry": {"type": "LineString", "coordinates": [[72.85373018556366, 19.06570423003746], [72.85387373729294, 19.065539490615702]]}, "properties": {"OBJECTID": 22439, "US_NODE_ID": "2174091403", "DS_NODE_ID": "2174091404", "CONDUIT_LE": 23.7, "SHAPE_1": "RECT", "CONDUIT_WI": 60000, "CONDUIT_HE": 5595, "US_INVERT": 23.285, "DS_INVERT": 23.275000000000002, "USER_TEXT2": "Existing", "SHAPE.LEN": 23.686927341679397}}, {"type": "Feature", "id": 22445, "geometry": {"type": "LineString", "coordinates": [[72.85368738453532, 19.070347180399168], [72.85289017128744, 19.070139179840112]]}, "properties": {"OBJECTID": 22445, "US_NODE_ID": "2174091901", "DS_NODE_ID": "2174090904", "CONDUIT_LE": 87, "SHAPE_1": "OREC", "CONDUIT_WI": 3000, "CONDUIT_HE": 1630, "US_INVERT": 25.87, "DS_INVERT": 25.761000000000003, "USER_TEXT2": "Proposal", "SHAPE.LEN": 87.0266625810734}}, {"type": "Feature", "id": 22557, "geometry": {"type": "LineString", "coordinates": [[72.85262123869889, 19.096134683615002], [72.85252582727843, 19.09587929413524]]}, "properties": {"OBJECTID": 22557, "US_NODE_ID": "2174120802", "DS_NODE_ID": "2174120801", "CONDUIT_LE": 30, "SHAPE_1": "RECT", "CONDUIT_WI": 3000, "CONDUIT_HE": 2268, "US_INVERT": 30.3, "DS_INVERT": 30.2, "USER_TEXT2": "Existing", "SHAPE.LEN": 30.006824538761197}}, {"type": "Feature", "id": 22569, "geometry": {"type": "LineString", "coordinates": [[72.85329265426532, 19.097920819965587], [72.85319456237018, 19.097666183474033]]}, "properties": {"OBJECTID": 22569, "US_NODE_ID": "2174131002", "DS_NODE_ID": "2174131001", "CONDUIT_LE": 30, "SHAPE_1": "RECT", "CONDUIT_WI": 3000, "CONDUIT_HE": 2165, "US_INVERT": 31.494, "DS_INVERT": 31.324, "USER_TEXT2": "Existing", "SHAPE.LEN": 30.024078647812}}, {"type": "Feature", "id": 22451, "geometry": {"type": "LineString", "coordinates": [[72.85437895663449, 19.06488779672018], [72.85451312333346, 19.064649090560383]]}, "properties": {"OBJECTID": 22451, "US_NODE_ID": "2174092301", "DS_NODE_ID": "2174092302", "CONDUIT_LE": 30, "SHAPE_1": "OREC", "CONDUIT_WI": 60000, "CONDUIT_HE": 5407, "US_INVERT": 23.241, "DS_INVERT": 23.23, "USER_TEXT2": "Existing", "SHAPE.LEN": 29.9666481275434}}, {"type": "Feature", "id": 22597, "geometry": {"type": "LineString", "coordinates": [[72.85483128918828, 19.100648573974414], [72.85464004785719, 19.100079099714264]]}, "properties": {"OBJECTID": 22597, "US_NODE_ID": "2174133301", "DS_NODE_ID": "2174132205", "CONDUIT_LE": 66.2, "SHAPE_1": "RECT", "CONDUIT_WI": 3000, "CONDUIT_HE": 2500, "US_INVERT": 32, "DS_INVERT": 31.772000000000002, "USER_TEXT2": "Proposal", "SHAPE.LEN": 66.1864789817377}}, {"type": "Feature", "id": 22591, "geometry": {"type": "LineString", "coordinates": [[72.85430825772164, 19.102360185195938], [72.85434378716916, 19.10207851206441]]}, "properties": {"OBJECTID": 22591, "US_NODE_ID": "2174132503", "DS_NODE_ID": "2174132504", "CONDUIT_LE": 31.400000000000002, "SHAPE_1": "RECT", "CONDUIT_WI": 3000, "CONDUIT_HE": 2238, "US_INVERT": 34.402, "DS_INVERT": 34.224000000000004, "USER_TEXT2": "Existing", "SHAPE.LEN": 31.409897765035797}}, {"type": "Feature", "id": 34700, "geometry": {"type": "LineString", "coordinates": [[72.85578985687857, 19.063246724568373], [72.85540228737217, 19.062950464282792]]}, "properties": {"OBJECTID": 34700, "US_NODE_ID": "4", "DS_NODE_ID": "2174093102", "CONDUIT_LE": 52.4, "SHAPE_1": "RECT", "CONDUIT_WI": 2000, "CONDUIT_HE": 2000, "US_INVERT": 25.068, "DS_INVERT": 25, "USER_TEXT2": "Existing", "SHAPE.LEN": 52.35198181540029}}, {"type": "Feature", "id": 34698, "geometry": {"type": "LineString", "coordinates": [[72.85636240895641, 19.063563199847966], [72.85578985687857, 19.063246724568373]]}, "properties": {"OBJECTID": 34698, "US_NODE_ID": "3", "DS_NODE_ID": "4", "CONDUIT_LE": 69.7, "SHAPE_1": "RECT", "CONDUIT_WI": 2000, "CONDUIT_HE": 2000, "US_INVERT": 25.159000000000002, "DS_INVERT": 25.068, "USER_TEXT2": "Existing", "SHAPE.LEN": 69.7207286249936}}, {"type": "Feature", "id": 22517, "geometry": {"type": "LineString", "coordinates": [[72.85591153425463, 19.0750555648461], [72.85513668658588, 19.07510074490234]]}, "properties": {"OBJECTID": 22517, "US_NODE_ID": "2174103502", "DS_NODE_ID": "2174103501", "CONDUIT_LE": 81.7, "SHAPE_1": "RECT", "CONDUIT_WI": 6800, "CONDUIT_HE": 3500, "US_INVERT": 24.639000000000003, "DS_INVERT": 24.574, "USER_TEXT2": "Existing", "SHAPE.LEN": 81.7205604483963}}, {"type": "Feature", "id": 4, "geometry": {"type": "LineString", "coordinates": [[72.85677260087633, 19.063947337680972], [72.8567668367579, 19.063804555342653]]}, "properties": {"OBJECTID": 4, "US_NODE_ID": "1", "DS_NODE_ID": "2", "CONDUIT_LE": 15.8, "SHAPE_1": "RECT", "CONDUIT_WI": 2000, "CONDUIT_HE": 2000, "US_INVERT": 25.245, "DS_INVERT": 25.225, "USER_TEXT2": "Existing", "SHAPE.LEN": 15.8202402004521}}, {"type": "Feature", "id": 22469, "geometry": {"type": "LineString", "coordinates": [[72.85671735918143, 19.0651408074323], [72.85735222004176, 19.064379509892134]]}, "properties": {"OBJECTID": 22469, "US_NODE_ID": "2174094402", "DS_NODE_ID": "2174095301", "CONDUIT_LE": 107.60000000000001, "SHAPE_1": "OREC", "CONDUIT_WI": 1500, "CONDUIT_HE": 2000, "US_INVERT": 25.487000000000002, "DS_INVERT": 25.346, "USER_TEXT2": "Existing", "SHAPE.LEN": 107.57160405980801}}, {"type": "Feature", "id": 22520, "geometry": {"type": "LineString", "coordinates": [[72.85661429851655, 19.07492734650333], [72.8564134328691, 19.074959334376874]]}, "properties": {"OBJECTID": 22520, "US_NODE_ID": "2174104401", "DS_NODE_ID": "2174104501", "CONDUIT_LE": 21.400000000000002, "SHAPE_1": "RECT", "CONDUIT_WI": 6800, "CONDUIT_HE": 3500, "US_INVERT": 24.698, "DS_INVERT": 24.681, "USER_TEXT2": "Existing", "SHAPE.LEN": 21.439449619801298}}, {"type": "Feature", "id": 22537, "geometry": {"type": "LineString", "coordinates": [[72.85852810167435, 19.0746695815956], [72.85661429851655, 19.07492734650333]]}, "properties": {"OBJECTID": 22537, "US_NODE_ID": "2174106401", "DS_NODE_ID": "2174104401", "CONDUIT_LE": 203.5, "SHAPE_1": "RECT", "CONDUIT_WI": 6800, "CONDUIT_HE": 3500, "US_INVERT": 24.859, "DS_INVERT": 24.796000000000003, "USER_TEXT2": "Existing", "SHAPE.LEN": 203.475330200002}}, {"type": "Feature", "id": 22533, "geometry": {"type": "LineString", "coordinates": [[72.85706346069226, 19.075976738900955], [72.85679542809157, 19.076060335217456]]}, "properties": {"OBJECTID": 22533, "US_NODE_ID": "2174105602", "DS_NODE_ID": "2174104601", "CONDUIT_LE": 29.7, "SHAPE_1": "RECT", "CONDUIT_WI": 1500, "CONDUIT_HE": 1500, "US_INVERT": 25.131, "DS_INVERT": 25.049, "USER_TEXT2": "Existing", "SHAPE.LEN": 29.6946123059386}}, {"type": "Feature", "id": 22535, "geometry": {"type": "LineString", "coordinates": [[72.85766160594414, 19.07644887222059], [72.85726914276519, 19.07638288793336]]}, "properties": {"OBJECTID": 22535, "US_NODE_ID": "2174105604", "DS_NODE_ID": "2174105603", "CONDUIT_LE": 42, "SHAPE_1": "RECT", "CONDUIT_WI": 1500, "CONDUIT_HE": 1500, "US_INVERT": 26.033, "DS_INVERT": 25.621000000000002, "USER_TEXT2": "Existing", "SHAPE.LEN": 41.954737515565505}}, {"type": "Feature", "id": 22525, "geometry": {"type": "LineString", "coordinates": [[72.85615128028374, 19.07768684124556], [72.85651894994719, 19.07761253439869]]}, "properties": {"OBJECTID": 22525, "US_NODE_ID": "2174104801", "DS_NODE_ID": "2174104701", "CONDUIT_LE": 39.6, "SHAPE_1": "RECT", "CONDUIT_WI": 2000, "CONDUIT_HE": 1500, "US_INVERT": 28, "DS_INVERT": 26.888, "USER_TEXT2": "Existing", "SHAPE.LEN": 39.5682953891117}}, {"type": "Feature", "id": 22529, "geometry": {"type": "LineString", "coordinates": [[72.85684709630179, 19.079281059892427], [72.85686314875905, 19.07877180769889]]}, "properties": {"OBJECTID": 22529, "US_NODE_ID": "2174104902", "DS_NODE_ID": "2174104903", "CONDUIT_LE": 56.4, "SHAPE_1": "RECT", "CONDUIT_WI": 2000, "CONDUIT_HE": 1500, "US_INVERT": 29, "DS_INVERT": 28.586000000000002, "USER_TEXT2": "Existing", "SHAPE.LEN": 56.4088645515933}}, {"type": "Feature", "id": 22540, "geometry": {"type": "LineString", "coordinates": [[72.85829094925604, 19.0765636749537], [72.85806789269685, 19.076400302182925]]}, "properties": {"OBJECTID": 22540, "US_NODE_ID": "2174106603", "DS_NODE_ID": "2174106602", "CONDUIT_LE": 29.6, "SHAPE_1": "RECT", "CONDUIT_WI": 1500, "CONDUIT_HE": 1500, "US_INVERT": 26.772000000000002, "DS_INVERT": 26.481, "USER_TEXT2": "Existing", "SHAPE.LEN": 29.6400067476376}}, {"type": "Feature", "id": 22482, "geometry": {"type": "LineString", "coordinates": [[72.85900524172425, 19.069327813532297], [72.85873654427296, 19.069094361003366]]}, "properties": {"OBJECTID": 22482, "US_NODE_ID": "2174097801", "DS_NODE_ID": "2174096801", "CONDUIT_LE": 38.300000000000004, "SHAPE_1": "RECT", "CONDUIT_WI": 3000, "CONDUIT_HE": 1500, "US_INVERT": 27.163, "DS_INVERT": 27.082, "USER_TEXT2": "Proposal", "SHAPE.LEN": 38.3172285010281}}, {"type": "Feature", "id": 22487, "geometry": {"type": "LineString", "coordinates": [[72.86098038920667, 19.069688561529954], [72.86031408843594, 19.07001232679284]]}, "properties": {"OBJECTID": 22487, "US_NODE_ID": "2174099901", "DS_NODE_ID": "2174098901", "CONDUIT_LE": 78.8, "SHAPE_1": "RECT", "CONDUIT_WI": 3000, "CONDUIT_HE": 1500, "US_INVERT": 27.7, "DS_INVERT": 27.525000000000002, "USER_TEXT2": "Proposal", "SHAPE.LEN": 78.77169542418139}}, {"type": "Feature", "id": 25034, "geometry": {"type": "LineString", "coordinates": [[72.8613780461984, 19.10433597756921], [72.86152452227294, 19.104102831619336]]}, "properties": {"OBJECTID": 25034, "US_NODE_ID": "2175130701", "DS_NODE_ID": "2175130702", "CONDUIT_LE": 30.1, "SHAPE_1": "RECT", "CONDUIT_WI": 3500, "CONDUIT_HE": 1536, "US_INVERT": 37.692, "DS_INVERT": 37.256, "USER_TEXT2": "Existing", "SHAPE.LEN": 30.0667590538122}}, {"type": "Feature", "id": 25046, "geometry": {"type": "LineString", "coordinates": [[72.86239035761199, 19.102755287296652], [72.86246901671443, 19.102623421309993]]}, "properties": {"OBJECTID": 25046, "US_NODE_ID": "2175131501", "DS_NODE_ID": "2175131502", "CONDUIT_LE": 16.8, "SHAPE_1": "OREC", "CONDUIT_WI": 2227, "CONDUIT_HE": 1859, "US_INVERT": 36.019, "DS_INVERT": 35.986000000000004, "USER_TEXT2": "Existing", "SHAPE.LEN": 16.783920876839197}}, {"type": "Feature", "id": 25048, "geometry": {"type": "LineString", "coordinates": [[72.86250308038812, 19.1025605885686], [72.86252829197981, 19.10252113782276]]}, "properties": {"OBJECTID": 25048, "US_NODE_ID": "2175131503", "DS_NODE_ID": "2175131504", "CONDUIT_LE": 5.1000000000000005, "SHAPE_1": "RECT", "CONDUIT_WI": 4000, "CONDUIT_HE": 2008, "US_INVERT": 35.97, "DS_INVERT": 35.96, "USER_TEXT2": "Existing", "SHAPE.LEN": 5.1107729356722595}}, {"type": "Feature", "id": 25049, "geometry": {"type": "LineString", "coordinates": [[72.86252829197981, 19.10252113782276], [72.86266532231076, 19.102283364665862]]}, "properties": {"OBJECTID": 25049, "US_NODE_ID": "2175131504", "DS_NODE_ID": "2175131505", "CONDUIT_LE": 30, "SHAPE_1": "RECT", "CONDUIT_WI": 4000, "CONDUIT_HE": 1928, "US_INVERT": 35.96, "DS_INVERT": 35.899, "USER_TEXT2": "Existing", "SHAPE.LEN": 30.0176614678759}}, {"type": "Feature", "id": 25040, "geometry": {"type": "LineString", "coordinates": [[72.86201488764367, 19.10402362132902], [72.8621877316923, 19.103808846216378]]}, "properties": {"OBJECTID": 25040, "US_NODE_ID": "2175130707", "DS_NODE_ID": "2175130606", "CONDUIT_LE": 29.900000000000002, "SHAPE_1": "OREC", "CONDUIT_WI": 2322, "CONDUIT_HE": 2259, "US_INVERT": 36.859, "DS_INVERT": 36.671, "USER_TEXT2": "Existing", "SHAPE.LEN": 29.9401068802367}}, {"type": "Feature", "id": 25166, "geometry": {"type": "LineString", "coordinates": [[72.86251233150313, 19.1094561889173], [72.86297023765354, 19.109316081944336]]}, "properties": {"OBJECTID": 25166, "US_NODE_ID": "2175141301", "DS_NODE_ID": "2175141201", "CONDUIT_LE": 50.6, "SHAPE_1": "OREC", "CONDUIT_WI": 3000, "CONDUIT_HE": 1990, "US_INVERT": 39.4, "DS_INVERT": 38.9, "USER_TEXT2": "Existing", "SHAPE.LEN": 50.628154222724696}}, {"type": "Feature", "id": 24900, "geometry": {"type": "LineString", "coordinates": [[72.86314639864317, 19.0746602909603], [72.86335422666315, 19.074519647724298]]}, "properties": {"OBJECTID": 24900, "US_NODE_ID": "2175101402", "DS_NODE_ID": "2175101403", "CONDUIT_LE": 26.900000000000002, "SHAPE_1": "RECT", "CONDUIT_WI": 4000, "CONDUIT_HE": 1500, "US_INVERT": 27.223000000000003, "DS_INVERT": 27.172, "USER_TEXT2": "Proposal", "SHAPE.LEN": 26.8535971329727}}, {"type": "Feature", "id": 25045, "geometry": {"type": "LineString", "coordinates": [[72.86308301462898, 19.101573734021777], [72.86322663551064, 19.10134055309906]]}, "properties": {"OBJECTID": 25045, "US_NODE_ID": "2175131405", "DS_NODE_ID": "2175132401", "CONDUIT_LE": 29.900000000000002, "SHAPE_1": "OREC", "CONDUIT_WI": 1564, "CONDUIT_HE": 1744, "US_INVERT": 35.644, "DS_INVERT": 35.588, "USER_TEXT2": "Existing", "SHAPE.LEN": 29.9172191221042}}, {"type": "Feature", "id": 25052, "geometry": {"type": "LineString", "coordinates": [[72.86303435188636, 19.102403266354322], [72.86304802366179, 19.10237452069965]]}, "properties": {"OBJECTID": 25052, "US_NODE_ID": "2175131507", "DS_NODE_ID": "2175131508", "CONDUIT_LE": 3.5, "SHAPE_1": "OREC", "CONDUIT_WI": 2521, "CONDUIT_HE": 1895, "US_INVERT": 36.103, "DS_INVERT": 36.099000000000004, "USER_TEXT2": "Existing", "SHAPE.LEN": 3.4928498393145997}}, {"type": "Feature", "id": 24932, "geometry": {"type": "LineString", "coordinates": [[72.86508849725932, 19.071472115910947], [72.86503757550153, 19.071237539901215]]}, "properties": {"OBJECTID": 24932, "US_NODE_ID": "2175103104", "DS_NODE_ID": "2175103001", "CONDUIT_LE": 26.5, "SHAPE_1": "OREC", "CONDUIT_WI": 3500, "CONDUIT_HE": 2223, "US_INVERT": 26.331, "DS_INVERT": 26.281000000000002, "USER_TEXT2": "Proposal", "SHAPE.LEN": 26.519158593364196}}, {"type": "Feature", "id": 24938, "geometry": {"type": "LineString", "coordinates": [[72.86531188596192, 19.07325898991561], [72.86494530502978, 19.07310291164329]]}, "properties": {"OBJECTID": 24938, "US_NODE_ID": "2175103301", "DS_NODE_ID": "2175103202", "CONDUIT_LE": 42.300000000000004, "SHAPE_1": "OREC", "CONDUIT_WI": 2500, "CONDUIT_HE": 1376, "US_INVERT": 27.322000000000003, "DS_INVERT": 27.217000000000002, "USER_TEXT2": "Existing", "SHAPE.LEN": 42.2822754029392}}, {"type": "Feature", "id": 25066, "geometry": {"type": "LineString", "coordinates": [[72.86414415281679, 19.09944351096475], [72.86400179076422, 19.09920881776232]]}, "properties": {"OBJECTID": 25066, "US_NODE_ID": "2175132203", "DS_NODE_ID": "2175132102", "CONDUIT_LE": 30, "SHAPE_1": "OREC", "CONDUIT_WI": 3756, "CONDUIT_HE": 2025, "US_INVERT": 35.143, "DS_INVERT": 35.087, "USER_TEXT2": "Existing", "SHAPE.LEN": 29.995499662449397}}, {"type": "Feature", "id": 25090, "geometry": {"type": "LineString", "coordinates": [[72.86421945776165, 19.09964671527817], [72.86420535874761, 19.09956074181782]]}, "properties": {"OBJECTID": 25090, "US_NODE_ID": "2175133202", "DS_NODE_ID": "2175133201", "CONDUIT_LE": 9.6, "SHAPE_1": "OREC", "CONDUIT_WI": 3384, "CONDUIT_HE": 1930, "US_INVERT": 35.188, "DS_INVERT": 35.17, "USER_TEXT2": "Existing", "SHAPE.LEN": 9.63379468330107}}, {"type": "Feature", "id": 25094, "geometry": {"type": "LineString", "coordinates": [[72.86456095516027, 19.099838555111294], [72.8645099093544, 19.099744023754706]]}, "properties": {"OBJECTID": 25094, "US_NODE_ID": "2175133206", "DS_NODE_ID": "2175133205", "CONDUIT_LE": 11.8, "SHAPE_1": "OREC", "CONDUIT_WI": 1769, "CONDUIT_HE": 1969, "US_INVERT": 35.159, "DS_INVERT": 35.126000000000005, "USER_TEXT2": "Existing", "SHAPE.LEN": 11.764777940955799}}, {"type": "Feature", "id": 25085, "geometry": {"type": "LineString", "coordinates": [[72.86480228804105, 19.099098872445477], [72.86485516467839, 19.09912477700858]]}, "properties": {"OBJECTID": 25085, "US_NODE_ID": "2175133105", "DS_NODE_ID": "2175133106", "CONDUIT_LE": 6.3, "SHAPE_1": "OREC", "CONDUIT_WI": 5800, "CONDUIT_HE": 4514, "US_INVERT": 34.624, "DS_INVERT": 34.606, "USER_TEXT2": "Existing", "SHAPE.LEN": 6.260990336999409}}, {"type": "Feature", "id": 25186, "geometry": {"type": "LineString", "coordinates": [[72.86433891398585, 19.10859824856113], [72.86447222249338, 19.108625562846658]]}, "properties": {"OBJECTID": 25186, "US_NODE_ID": "2175143204", "DS_NODE_ID": "2175143205", "CONDUIT_LE": 14.4, "SHAPE_1": "RECT", "CONDUIT_WI": 3000, "CONDUIT_HE": 2779, "US_INVERT": 36.955, "DS_INVERT": 36.912, "USER_TEXT2": "Existing", "SHAPE.LEN": 14.3525565572827}}, {"type": "Feature", "id": 25170, "geometry": {"type": "LineString", "coordinates": [[72.86384856573572, 19.10906884993827], [72.86415825923129, 19.108852951951555]]}, "properties": {"OBJECTID": 25170, "US_NODE_ID": "2175142204", "DS_NODE_ID": "2175143201", "CONDUIT_LE": 40.4, "SHAPE_1": "OREC", "CONDUIT_WI": 3000, "CONDUIT_HE": 2105, "US_INVERT": 38.085, "DS_INVERT": 37.805, "USER_TEXT2": "Existing", "SHAPE.LEN": 40.4200445323852}}, {"type": "Feature", "id": 25190, "geometry": {"type": "LineString", "coordinates": [[72.86472519409321, 19.114885837462577], [72.86486256692929, 19.11477126240512]]}, "properties": {"OBJECTID": 25190, "US_NODE_ID": "2175143901", "DS_NODE_ID": "2175143801", "CONDUIT_LE": 19.2, "SHAPE_1": "OREC", "CONDUIT_WI": 3600, "CONDUIT_HE": 3073, "US_INVERT": 40.726, "DS_INVERT": 40.639, "USER_TEXT2": "Existing", "SHAPE.LEN": 19.2339194073907}}, {"type": "Feature", "id": 25196, "geometry": {"type": "LineString", "coordinates": [[72.86524381671067, 19.11469072833676], [72.86544277808225, 19.114527496921582]]}, "properties": {"OBJECTID": 25196, "US_NODE_ID": "2175144801", "DS_NODE_ID": "2175144802", "CONDUIT_LE": 27.7, "SHAPE_1": "OREC", "CONDUIT_WI": 4500, "CONDUIT_HE": 3196, "US_INVERT": 40.402, "DS_INVERT": 40.277, "USER_TEXT2": "Existing", "SHAPE.LEN": 27.660036866389}}, {"type": "Feature", "id": 25197, "geometry": {"type": "LineString", "coordinates": [[72.86544277808225, 19.114527496921582], [72.86575310310789, 19.114517072902874]]}, "properties": {"OBJECTID": 25197, "US_NODE_ID": "2175144802", "DS_NODE_ID": "2175144803", "CONDUIT_LE": 32.7, "SHAPE_1": "OREC", "CONDUIT_WI": 4500, "CONDUIT_HE": 3322, "US_INVERT": 40.277, "DS_INVERT": 40.128, "USER_TEXT2": "Existing", "SHAPE.LEN": 32.680002208843305}}, {"type": "Feature", "id": 24873, "geometry": {"type": "LineString", "coordinates": [[72.86761280481171, 19.060311915281332], [72.86804357995857, 19.060147232921693]]}, "properties": {"OBJECTID": 24873, "US_NODE_ID": "2175086801", "DS_NODE_ID": "2175086802", "CONDUIT_LE": 48.9, "SHAPE_1": "OREC", "CONDUIT_WI": 2000, "CONDUIT_HE": 1045, "US_INVERT": 27.203000000000003, "DS_INVERT": 26.96, "USER_TEXT2": "Existing", "SHAPE.LEN": 48.87898784805179}}, {"type": "Feature", "id": 25113, "geometry": {"type": "LineString", "coordinates": [[72.86722113002713, 19.09769469086368], [72.86739376455456, 19.09777565378567]]}, "properties": {"OBJECTID": 25113, "US_NODE_ID": "2175136001", "DS_NODE_ID": "2175136003", "CONDUIT_LE": 20.3, "SHAPE_1": "RECT", "CONDUIT_WI": 6000, "CONDUIT_HE": 2247, "US_INVERT": 33.123000000000005, "DS_INVERT": 33.082, "USER_TEXT2": "Existing", "SHAPE.LEN": 20.2612639015931}}, {"type": "Feature", "id": 25201, "geometry": {"type": "LineString", "coordinates": [[72.8659527377475, 19.11409791941383], [72.8663333499046, 19.11415073038145]]}, "properties": {"OBJECTID": 25201, "US_NODE_ID": "2175145801", "DS_NODE_ID": "2175145802", "CONDUIT_LE": 40.5, "SHAPE_1": "OREC", "CONDUIT_WI": 4500, "CONDUIT_HE": 3301, "US_INVERT": 39.897, "DS_INVERT": 39.714, "USER_TEXT2": "Existing", "SHAPE.LEN": 40.4814508644391}}, {"type": "Feature", "id": 24950, "geometry": {"type": "LineString", "coordinates": [[72.86820545693543, 19.071061873760343], [72.8682730539373, 19.070967961526026]]}, "properties": {"OBJECTID": 24950, "US_NODE_ID": "2175106005", "DS_NODE_ID": "2175106006", "CONDUIT_LE": 12.6, "SHAPE_1": "OREC", "CONDUIT_WI": 5000, "CONDUIT_HE": 2995, "US_INVERT": 25.883000000000003, "DS_INVERT": 25.861, "USER_TEXT2": "Existing", "SHAPE.LEN": 12.5995989321089}}, {"type": "Feature", "id": 24964, "geometry": {"type": "LineString", "coordinates": [[72.8685638598322, 19.07109567414783], [72.8687897942851, 19.071230958159585]]}, "properties": {"OBJECTID": 24964, "US_NODE_ID": "2175107002", "DS_NODE_ID": "2175107003", "CONDUIT_LE": 28.1, "SHAPE_1": "OREC", "CONDUIT_WI": 5000, "CONDUIT_HE": 3368, "US_INVERT": 25.810000000000002, "DS_INVERT": 25.768, "USER_TEXT2": "Existing", "SHAPE.LEN": 28.1076394803975}}, {"type": "Feature", "id": 24968, "geometry": {"type": "LineString", "coordinates": [[72.86855976070147, 19.07555189226478], [72.86867382085345, 19.07572153767208]]}, "properties": {"OBJECTID": 24968, "US_NODE_ID": "2175107502", "DS_NODE_ID": "2175107504", "CONDUIT_LE": 22.3, "SHAPE_1": "OREC", "CONDUIT_WI": 1500, "CONDUIT_HE": 1888, "US_INVERT": 26.91, "DS_INVERT": 26.900000000000002, "USER_TEXT2": "Existing", "SHAPE.LEN": 22.2924863900373}}, {"type": "Feature", "id": 25128, "geometry": {"type": "LineString", "coordinates": [[72.86819149030963, 19.105629707965804], [72.8683537393794, 19.105861737730176]]}, "properties": {"OBJECTID": 25128, "US_NODE_ID": "2175137803", "DS_NODE_ID": "2175137904", "CONDUIT_LE": 30.8, "SHAPE_1": "OREC", "CONDUIT_WI": 6000, "CONDUIT_HE": 2856, "US_INVERT": 33.868, "DS_INVERT": 33.815000000000005, "USER_TEXT2": "Existing", "SHAPE.LEN": 30.8476061186277}}, {"type": "Feature", "id": 24889, "geometry": {"type": "LineString", "coordinates": [[72.87051053351172, 19.05765535602309], [72.86992585317721, 19.05799004041849]]}, "properties": {"OBJECTID": 24889, "US_NODE_ID": "2175089501", "DS_NODE_ID": "2175088602", "CONDUIT_LE": 71.8, "SHAPE_1": "OREC", "CONDUIT_WI": 3000, "CONDUIT_HE": 1500, "US_INVERT": 26.2, "DS_INVERT": 25.304000000000002, "USER_TEXT2": "Proposal", "SHAPE.LEN": 71.84740774725279}}, {"type": "Feature", "id": 24887, "geometry": {"type": "LineString", "coordinates": [[72.86992585317721, 19.05799004041849], [72.86971291965295, 19.058076101561834]]}, "properties": {"OBJECTID": 24887, "US_NODE_ID": "2175088602", "DS_NODE_ID": "2175088601", "CONDUIT_LE": 24.400000000000002, "SHAPE_1": "OREC", "CONDUIT_WI": 3000, "CONDUIT_HE": 1500, "US_INVERT": 25.304000000000002, "DS_INVERT": 25, "USER_TEXT2": "Proposal", "SHAPE.LEN": 24.3583661192618}}, {"type": "Feature", "id": 24974, "geometry": {"type": "LineString", "coordinates": [[72.86924001479943, 19.075741760725887], [72.86942209343223, 19.075790005426168]]}, "properties": {"OBJECTID": 24974, "US_NODE_ID": "2175107508", "DS_NODE_ID": "2175108501", "CONDUIT_LE": 19.900000000000002, "SHAPE_1": "OREC", "CONDUIT_WI": 2000, "CONDUIT_HE": 1888, "US_INVERT": 26.87, "DS_INVERT": 26.84, "USER_TEXT2": "Existing", "SHAPE.LEN": 19.8973570068992}}, {"type": "Feature", "id": 24999, "geometry": {"type": "LineString", "coordinates": [[72.86922207816956, 19.08227798586878], [72.86938934371133, 19.082199529471367]]}, "properties": {"OBJECTID": 24999, "US_NODE_ID": "2175118201", "DS_NODE_ID": "2175118202", "CONDUIT_LE": 19.6, "SHAPE_1": "OREC", "CONDUIT_WI": 2500, "CONDUIT_HE": 1419, "US_INVERT": 27.779, "DS_INVERT": 27.728, "USER_TEXT2": "Existing", "SHAPE.LEN": 19.6331352564994}}, {"type": "Feature", "id": 25125, "geometry": {"type": "LineString", "coordinates": [[72.86887868679881, 19.097747848902554], [72.86909567521987, 19.097868687932102]]}, "properties": {"OBJECTID": 25125, "US_NODE_ID": "2175137005", "DS_NODE_ID": "2175138001", "CONDUIT_LE": 26.5, "SHAPE_1": "OREC", "CONDUIT_WI": 5765, "CONDUIT_HE": 1880, "US_INVERT": 32.868, "DS_INVERT": 32.839, "USER_TEXT2": "Existing", "SHAPE.LEN": 26.469038516727398}}, {"type": "Feature", "id": 25231, "geometry": {"type": "LineString", "coordinates": [[72.86893932032697, 19.114493933789156], [72.86919993359653, 19.114384430884208]]}, "properties": {"OBJECTID": 25231, "US_NODE_ID": "2175148801", "DS_NODE_ID": "2175148802", "CONDUIT_LE": 30, "SHAPE_1": "OREC", "CONDUIT_WI": 6077, "CONDUIT_HE": 2622, "US_INVERT": 38.455, "DS_INVERT": 38.433, "USER_TEXT2": "Existing", "SHAPE.LEN": 29.987849470077}}, {"type": "Feature", "id": 26763, "geometry": {"type": "LineString", "coordinates": [[72.87159842999229, 19.060763415251337], [72.87092247343809, 19.061029303408986]]}, "properties": {"OBJECTID": 26763, "US_NODE_ID": "2176080901", "DS_NODE_ID": "2175089901", "CONDUIT_LE": 77, "SHAPE_1": "RECT", "CONDUIT_WI": 1500, "CONDUIT_HE": 1500, "US_INVERT": 25.739, "DS_INVERT": 25.5, "USER_TEXT2": "Proposal", "SHAPE.LEN": 77.011232946889}}, {"type": "Feature", "id": 24990, "geometry": {"type": "LineString", "coordinates": [[72.87026307028967, 19.07203004754706], [72.87048202096506, 19.072137318173432]]}, "properties": {"OBJECTID": 24990, "US_NODE_ID": "2175109101", "DS_NODE_ID": "2175109102", "CONDUIT_LE": 25.900000000000002, "SHAPE_1": "OREC", "CONDUIT_WI": 7000, "CONDUIT_HE": 3410, "US_INVERT": 25.358, "DS_INVERT": 25.321, "USER_TEXT2": "Existing", "SHAPE.LEN": 25.9289076108115}}, {"type": "Feature", "id": 25010, "geometry": {"type": "LineString", "coordinates": [[72.87057721777765, 19.08425735376683], [72.87150037518327, 19.083539085165942]]}, "properties": {"OBJECTID": 25010, "US_NODE_ID": "2175119501", "DS_NODE_ID": "2176110401", "CONDUIT_LE": 125.60000000000001, "SHAPE_1": "OREC", "CONDUIT_WI": 2000, "CONDUIT_HE": 1999, "US_INVERT": 27, "DS_INVERT": 26.878, "USER_TEXT2": "Proposal", "SHAPE.LEN": 125.56643659832}}, {"type": "Feature", "id": 25151, "geometry": {"type": "LineString", "coordinates": [[72.8701087098388, 19.10282849383197], [72.87039155733119, 19.102852541326314]]}, "properties": {"OBJECTID": 25151, "US_NODE_ID": "2175139501", "DS_NODE_ID": "2175139502", "CONDUIT_LE": 29.900000000000002, "SHAPE_1": "OREC", "CONDUIT_WI": 3000, "CONDUIT_HE": 2699, "US_INVERT": 33.449, "DS_INVERT": 33.364000000000004, "USER_TEXT2": "Existing", "SHAPE.LEN": 29.888626599427397}}, {"type": "Feature", "id": 25157, "geometry": {"type": "LineString", "coordinates": [[72.86990481964534, 19.106649511691295], [72.86996052352868, 19.106412547291924]]}, "properties": {"OBJECTID": 25157, "US_NODE_ID": "2175139901", "DS_NODE_ID": "2175139902", "CONDUIT_LE": 26.900000000000002, "SHAPE_1": "OREC", "CONDUIT_WI": 10000, "CONDUIT_HE": 3751, "US_INVERT": 33.496, "DS_INVERT": 33.413000000000004, "USER_TEXT2": "Existing", "SHAPE.LEN": 26.8832351433007}}, {"type": "Feature", "id": 25154, "geometry": {"type": "LineString", "coordinates": [[72.869999042951, 19.10568289901106], [72.87034392524285, 19.105526700343237]]}, "properties": {"OBJECTID": 25154, "US_NODE_ID": "2175139801", "DS_NODE_ID": "2175139802", "CONDUIT_LE": 40.2, "SHAPE_1": "RECT", "CONDUIT_WI": 13000, "CONDUIT_HE": 3394, "US_INVERT": 33.161, "DS_INVERT": 32.998000000000005, "USER_TEXT2": "Existing", "SHAPE.LEN": 40.207637947161196}}, {"type": "Feature", "id": 25245, "geometry": {"type": "LineString", "coordinates": [[72.87004502857064, 19.1085984643645], [72.86994336616613, 19.10841815151148]]}, "properties": {"OBJECTID": 25245, "US_NODE_ID": "2175149201", "DS_NODE_ID": "2175149102", "CONDUIT_LE": 22.7, "SHAPE_1": "OREC", "CONDUIT_WI": 10000, "CONDUIT_HE": 3987, "US_INVERT": 34.297000000000004, "DS_INVERT": 34.238, "USER_TEXT2": "Existing", "SHAPE.LEN": 22.650328165834598}}, {"type": "Feature", "id": 25238, "geometry": {"type": "LineString", "coordinates": [[72.869694304018, 19.11448393240014], [72.86995384517621, 19.11440022401393]]}, "properties": {"OBJECTID": 25238, "US_NODE_ID": "2175148808", "DS_NODE_ID": "2175149803", "CONDUIT_LE": 28.8, "SHAPE_1": "OREC", "CONDUIT_WI": 5000, "CONDUIT_HE": 3044, "US_INVERT": 38.954, "DS_INVERT": 38.701, "USER_TEXT2": "Existing", "SHAPE.LEN": 28.8444102037119}}, {"type": "Feature", "id": 26757, "geometry": {"type": "LineString", "coordinates": [[72.87176099960224, 19.058222589054736], [72.87121246386414, 19.05751170925038]]}, "properties": {"OBJECTID": 26757, "US_NODE_ID": "2176080601", "DS_NODE_ID": "2175089503", "CONDUIT_LE": 97.60000000000001, "SHAPE_1": "OREC", "CONDUIT_WI": 3500, "CONDUIT_HE": 1913, "US_INVERT": 25.786, "DS_INVERT": 25.607000000000003, "USER_TEXT2": "Proposal", "SHAPE.LEN": 97.6201311205839}}, {"type": "Feature", "id": 26764, "geometry": {"type": "LineString", "coordinates": [[72.87180828641097, 19.060695382029646], [72.87159842999229, 19.060763415251337]]}, "properties": {"OBJECTID": 26764, "US_NODE_ID": "2176080902", "DS_NODE_ID": "2176080901", "CONDUIT_LE": 23.3, "SHAPE_1": "RECT", "CONDUIT_WI": 1500, "CONDUIT_HE": 1500, "US_INVERT": 25.811, "DS_INVERT": 25.739, "USER_TEXT2": "Proposal", "SHAPE.LEN": 23.3418079848156}}, {"type": "Feature", "id": 26931, "geometry": {"type": "LineString", "coordinates": [[72.87110073020037, 19.08143166265844], [72.87135592957414, 19.08131176672518]]}, "properties": {"OBJECTID": 26931, "US_NODE_ID": "2176110101", "DS_NODE_ID": "2176110102", "CONDUIT_LE": 30, "SHAPE_1": "OREC", "CONDUIT_WI": 6511, "CONDUIT_HE": 2198, "US_INVERT": 27.35, "DS_INVERT": 27.287000000000003, "USER_TEXT2": "Existing", "SHAPE.LEN": 29.9641452406038}}, {"type": "Feature", "id": 26992, "geometry": {"type": "LineString", "coordinates": [[72.87110729431335, 19.09941757317264], [72.87120598398127, 19.099501814720107]]}, "properties": {"OBJECTID": 26992, "US_NODE_ID": "2176130102", "DS_NODE_ID": "2176130103", "CONDUIT_LE": 14, "SHAPE_1": "RECT", "CONDUIT_WI": 6500, "CONDUIT_HE": 2239, "US_INVERT": 32.549, "DS_INVERT": 32.535000000000004, "USER_TEXT2": "Existing", "SHAPE.LEN": 13.9603008563569}}, {"type": "Feature", "id": 25262, "geometry": {"type": "LineString", "coordinates": [[72.87062531390441, 19.11106583471375], [72.87060714035155, 19.110996782138358]]}, "properties": {"OBJECTID": 25262, "US_NODE_ID": "2175149407", "DS_NODE_ID": "2175149406", "CONDUIT_LE": 7.9, "SHAPE_1": "OREC", "CONDUIT_WI": 6000, "CONDUIT_HE": 3938, "US_INVERT": 34.96, "DS_INVERT": 34.951, "USER_TEXT2": "Existing", "SHAPE.LEN": 7.88097034698139}}, {"type": "Feature", "id": 26772, "geometry": {"type": "LineString", "coordinates": [[72.87338691500479, 19.060933086311124], [72.87264426001418, 19.06009802981038]]}, "properties": {"OBJECTID": 26772, "US_NODE_ID": "2176082901", "DS_NODE_ID": "2176081803", "CONDUIT_LE": 121.10000000000001, "SHAPE_1": "RECT", "CONDUIT_WI": 3000, "CONDUIT_HE": 2844, "US_INVERT": 25.799, "DS_INVERT": 25.561, "USER_TEXT2": "Proposal", "SHAPE.LEN": 121.081542771803}}, {"type": "Feature", "id": 27011, "geometry": {"type": "LineString", "coordinates": [[72.8727000420753, 19.101477364532503], [72.87270486922597, 19.101099855154683]]}, "properties": {"OBJECTID": 27011, "US_NODE_ID": "2176131401", "DS_NODE_ID": "2176131303", "CONDUIT_LE": 41.800000000000004, "SHAPE_1": "OREC", "CONDUIT_WI": 20000, "CONDUIT_HE": 5583, "US_INVERT": 30.715, "DS_INVERT": 30.622, "USER_TEXT2": "Existing", "SHAPE.LEN": 41.800000000000004}}, {"type": "Feature", "id": 27014, "geometry": {"type": "LineString", "coordinates": [[72.8720995664113, 19.1028858419133], [72.87233707805004, 19.102888587270673]]}, "properties": {"OBJECTID": 27014, "US_NODE_ID": "2176131502", "DS_NODE_ID": "2176131503", "CONDUIT_LE": 25, "SHAPE_1": "RECT", "CONDUIT_WI": 3000, "CONDUIT_HE": 2911, "US_INVERT": 32.587, "DS_INVERT": 32.471000000000004, "USER_TEXT2": "Existing", "SHAPE.LEN": 25}}, {"type": "Feature", "id": 27021, "geometry": {"type": "LineString", "coordinates": [[72.87263569631975, 19.103239795826717], [72.8726599298751, 19.10304550521734]]}, "properties": {"OBJECTID": 27021, "US_NODE_ID": "2176131602", "DS_NODE_ID": "2176131505", "CONDUIT_LE": 21.7, "SHAPE_1": "RECT", "CONDUIT_WI": 20000, "CONDUIT_HE": 4415, "US_INVERT": 31.117, "DS_INVERT": 31.102, "USER_TEXT2": "Existing", "SHAPE.LEN": 21.662066564619398}}, {"type": "Feature", "id": 26866, "geometry": {"type": "LineString", "coordinates": [[72.87402152392185, 19.070836623814735], [72.87375306437805, 19.070731458178567]]}, "properties": {"OBJECTID": 26866, "US_NODE_ID": "2176102002", "DS_NODE_ID": "2176102001", "CONDUIT_LE": 30.6, "SHAPE_1": "RECT", "CONDUIT_WI": 2000, "CONDUIT_HE": 2000, "US_INVERT": 24.281000000000002, "DS_INVERT": 24.1, "USER_TEXT2": "Proposal", "SHAPE.LEN": 30.5655034311558}}, {"type": "Feature", "id": 26951, "geometry": {"type": "LineString", "coordinates": [[72.87416751999082, 19.079996457593136], [72.87442582437282, 19.079873540683362]]}, "properties": {"OBJECTID": 26951, "US_NODE_ID": "2176113001", "DS_NODE_ID": "2176113002", "CONDUIT_LE": 30.400000000000002, "SHAPE_1": "OREC", "CONDUIT_WI": 6511, "CONDUIT_HE": 2562, "US_INVERT": 26.594, "DS_INVERT": 26.531000000000002, "USER_TEXT2": "Existing", "SHAPE.LEN": 30.4058940774647}}, {"type": "Feature", "id": 26948, "geometry": {"type": "LineString", "coordinates": [[72.87385795968265, 19.081346073983095], [72.87400434066996, 19.081396405800007], [72.87423825585763, 19.081406777859495], [72.87423816486495, 19.08140646337563]]}, "properties": {"OBJECTID": 26948, "US_NODE_ID": "2176112101", "DS_NODE_ID": "2176113101", "CONDUIT_LE": 41.1, "SHAPE_1": "OREC", "CONDUIT_WI": 2000, "CONDUIT_HE": 2449, "US_INVERT": 26.54, "DS_INVERT": 26.5, "USER_TEXT2": "Proposal", "SHAPE.LEN": 41.0709865691761}}, {"type": "Feature", "id": 26840, "geometry": {"type": "LineString", "coordinates": [[72.87527913026493, 19.063623156546623], [72.8747843571166, 19.062641923330748]]}, "properties": {"OBJECTID": 26840, "US_NODE_ID": "2176094201", "DS_NODE_ID": "2176093102", "CONDUIT_LE": 120.5, "SHAPE_1": "RECT", "CONDUIT_WI": 3000, "CONDUIT_HE": 4113, "US_INVERT": 26.516000000000002, "DS_INVERT": 26.279, "USER_TEXT2": "Proposal", "SHAPE.LEN": 120.480537847405}}, {"type": "Feature", "id": 26833, "geometry": {"type": "LineString", "coordinates": [[72.87474930558285, 19.06636028188733], [72.87470668988132, 19.066051775670086]]}, "properties": {"OBJECTID": 26833, "US_NODE_ID": "2176093502", "DS_NODE_ID": "2176093401", "CONDUIT_LE": 34.5, "SHAPE_1": "RECT", "CONDUIT_WI": 5000, "CONDUIT_HE": 1956, "US_INVERT": 26.047, "DS_INVERT": 26, "USER_TEXT2": "Proposal", "SHAPE.LEN": 34.4502539903554}}, {"type": "Feature", "id": 26834, "geometry": {"type": "LineString", "coordinates": [[72.87495196592369, 19.067974954396792], [72.87474930558285, 19.06636028188733]]}, "properties": {"OBJECTID": 26834, "US_NODE_ID": "2176093701", "DS_NODE_ID": "2176093502", "CONDUIT_LE": 180, "SHAPE_1": "RECT", "CONDUIT_WI": 5000, "CONDUIT_HE": 1766, "US_INVERT": 26.29, "DS_INVERT": 26.047, "USER_TEXT2": "Proposal", "SHAPE.LEN": 180.040273272399}}, {"type": "Feature", "id": 26851, "geometry": {"type": "LineString", "coordinates": [[72.87603676098288, 19.06574553760668], [72.87557082352447, 19.065929856596117]]}, "properties": {"OBJECTID": 26851, "US_NODE_ID": "2176095401", "DS_NODE_ID": "2176094401", "CONDUIT_LE": 53.1, "SHAPE_1": "RECT", "CONDUIT_WI": 3000, "CONDUIT_HE": 2194, "US_INVERT": 26.225, "DS_INVERT": 26.143, "USER_TEXT2": "Proposal", "SHAPE.LEN": 53.1266411511212}}, {"type": "Feature", "id": 26877, "geometry": {"type": "LineString", "coordinates": [[72.87505130486484, 19.07068952157552], [72.87448889826923, 19.070764332116514]]}, "properties": {"OBJECTID": 26877, "US_NODE_ID": "2176104001", "DS_NODE_ID": "2176103001", "CONDUIT_LE": 59.800000000000004, "SHAPE_1": "RECT", "CONDUIT_WI": 2000, "CONDUIT_HE": 2000, "US_INVERT": 24.928, "DS_INVERT": 24.575000000000003, "USER_TEXT2": "Proposal", "SHAPE.LEN": 59.781351607336504}}, {"type": "Feature", "id": 26881, "geometry": {"type": "LineString", "coordinates": [[72.8755592297473, 19.071907563753896], [72.87546264239933, 19.07128680755407]]}, "properties": {"OBJECTID": 26881, "US_NODE_ID": "2176104102", "DS_NODE_ID": "2176104003", "CONDUIT_LE": 69.5, "SHAPE_1": "RECT", "CONDUIT_WI": 5000, "CONDUIT_HE": 1251, "US_INVERT": 26.885, "DS_INVERT": 26.791, "USER_TEXT2": "Proposal", "SHAPE.LEN": 69.4763269034856}}, {"type": "Feature", "id": 26986, "geometry": {"type": "LineString", "coordinates": [[72.87506329207868, 19.091345609093953], [72.87762257596309, 19.09129834109176]]}, "properties": {"OBJECTID": 26986, "US_NODE_ID": "2176124201", "DS_NODE_ID": "2176127201", "CONDUIT_LE": 269.4, "SHAPE_1": "RECT", "CONDUIT_WI": 8000, "CONDUIT_HE": 1433, "US_INVERT": 30.536, "DS_INVERT": 30.12, "USER_TEXT2": "Proposal", "SHAPE.LEN": 269.434110683855}}, {"type": "Feature", "id": 27045, "geometry": {"type": "LineString", "coordinates": [[72.87497034598675, 19.100856845853247], [72.87524501041834, 19.100851886649355]]}, "properties": {"OBJECTID": 27045, "US_NODE_ID": "2176134301", "DS_NODE_ID": "2176134302", "CONDUIT_LE": 28.900000000000002, "SHAPE_1": "OREC", "CONDUIT_WI": 22000, "CONDUIT_HE": 5255, "US_INVERT": 29.743000000000002, "DS_INVERT": 29.723000000000003, "USER_TEXT2": "Existing", "SHAPE.LEN": 28.9140104447654}}, {"type": "Feature", "id": 27041, "geometry": {"type": "LineString", "coordinates": [[72.87427344178819, 19.105128477013604], [72.87427598898056, 19.104854816728835]]}, "properties": {"OBJECTID": 27041, "US_NODE_ID": "2176133801", "DS_NODE_ID": "2176133703", "CONDUIT_LE": 30.3, "SHAPE_1": "OREC", "CONDUIT_WI": 10000, "CONDUIT_HE": 3960, "US_INVERT": 31.608, "DS_INVERT": 31.483, "USER_TEXT2": "Existing", "SHAPE.LEN": 30.3001650160523}}, {"type": "Feature", "id": 27048, "geometry": {"type": "LineString", "coordinates": [[72.87476859240229, 19.105715898393093], [72.87450405120119, 19.105820332400835]]}, "properties": {"OBJECTID": 27048, "US_NODE_ID": "2176134801", "DS_NODE_ID": "2176133804", "CONDUIT_LE": 30.1, "SHAPE_1": "RECT", "CONDUIT_WI": 15000, "CONDUIT_HE": 3488, "US_INVERT": 31.96, "DS_INVERT": 31.955000000000002, "USER_TEXT2": "Existing", "SHAPE.LEN": 30.147968422432697}}, {"type": "Feature", "id": 27086, "geometry": {"type": "LineString", "coordinates": [[72.87513981887543, 19.111626451149856], [72.87479228400748, 19.11140969415458]]}, "properties": {"OBJECTID": 27086, "US_NODE_ID": "2176144502", "DS_NODE_ID": "2176144501", "CONDUIT_LE": 43.7, "SHAPE_1": "RECT", "CONDUIT_WI": 5000, "CONDUIT_HE": 2500, "US_INVERT": 34.294000000000004, "DS_INVERT": 34.211, "USER_TEXT2": "Proposal", "SHAPE.LEN": 43.7465187448099}}, {"type": "Feature", "id": 26843, "geometry": {"type": "LineString", "coordinates": [[72.87587992699471, 19.066497961711413], [72.87603676098288, 19.06574553760668]]}, "properties": {"OBJECTID": 26843, "US_NODE_ID": "2176094501", "DS_NODE_ID": "2176095401", "CONDUIT_LE": 84.9, "SHAPE_1": "RECT", "CONDUIT_WI": 3000, "CONDUIT_HE": 2426, "US_INVERT": 26.357000000000003, "DS_INVERT": 26.225, "USER_TEXT2": "Proposal", "SHAPE.LEN": 84.9264387573152}}, {"type": "Feature", "id": 26854, "geometry": {"type": "LineString", "coordinates": [[72.8763069516611, 19.069666133613012], [72.87623068617134, 19.069546145317986], [72.8761935362476, 19.0694015346443], [72.87615680530658, 19.069223973882334], [72.87613204469989, 19.068787023411165], [72.87609434891552, 19.06830877905126]]}, "properties": {"OBJECTID": 26854, "US_NODE_ID": "2176095801", "DS_NODE_ID": "2176095701", "CONDUIT_LE": 153.6, "SHAPE_1": "RECT", "CONDUIT_WI": 3000, "CONDUIT_HE": 3112, "US_INVERT": 26.909000000000002, "DS_INVERT": 26.67, "USER_TEXT2": "Proposal", "SHAPE.LEN": 153.585771933728}}, {"type": "Feature", "id": 26885, "geometry": {"type": "LineString", "coordinates": [[72.87579772970462, 19.07354342401666], [72.87569222379828, 19.072802430225725]]}, "properties": {"OBJECTID": 26885, "US_NODE_ID": "2176104302", "DS_NODE_ID": "2176104201", "CONDUIT_LE": 82.8, "SHAPE_1": "RECT", "CONDUIT_WI": 5000, "CONDUIT_HE": 1143, "US_INVERT": 27.132, "DS_INVERT": 27.02, "USER_TEXT2": "Proposal", "SHAPE.LEN": 82.7890089323456}}, {"type": "Feature", "id": 26965, "geometry": {"type": "LineString", "coordinates": [[72.87602641888802, 19.087273041834962], [72.87648543993326, 19.087188910226306]]}, "properties": {"OBJECTID": 26965, "US_NODE_ID": "2176115801", "DS_NODE_ID": "2176115802", "CONDUIT_LE": 49.2, "SHAPE_1": "OREC", "CONDUIT_WI": 3000, "CONDUIT_HE": 2126, "US_INVERT": 27.823, "DS_INVERT": 27.661, "USER_TEXT2": "Proposal", "SHAPE.LEN": 49.2061987964931}}, {"type": "Feature", "id": 27091, "geometry": {"type": "LineString", "coordinates": [[72.87586094226921, 19.107376415440438], [72.87593583380472, 19.107223494063735]]}, "properties": {"OBJECTID": 27091, "US_NODE_ID": "2176145003", "DS_NODE_ID": "2176145005", "CONDUIT_LE": 18.7, "SHAPE_1": "OREC", "CONDUIT_WI": 9000, "CONDUIT_HE": 4199, "US_INVERT": 32, "DS_INVERT": 31.997, "USER_TEXT2": "Existing", "SHAPE.LEN": 18.6758835467027}}, {"type": "Feature", "id": 27096, "geometry": {"type": "LineString", "coordinates": [[72.87614000781915, 19.10844785216379], [72.87604457947133, 19.108189131019106]]}, "properties": {"OBJECTID": 27096, "US_NODE_ID": "2176145103", "DS_NODE_ID": "2176145102", "CONDUIT_LE": 30.400000000000002, "SHAPE_1": "OREC", "CONDUIT_WI": 9000, "CONDUIT_HE": 3276, "US_INVERT": 33.062000000000005, "DS_INVERT": 32.999, "USER_TEXT2": "Existing", "SHAPE.LEN": 30.3546409476376}}, {"type": "Feature", "id": 27107, "geometry": {"type": "LineString", "coordinates": [[72.87562628344368, 19.11277440629553], [72.87540134713883, 19.112101205368074]]}, "properties": {"OBJECTID": 27107, "US_NODE_ID": "2176145601", "DS_NODE_ID": "2176144504", "CONDUIT_LE": 78.2, "SHAPE_1": "RECT", "CONDUIT_WI": 5000, "CONDUIT_HE": 2500, "US_INVERT": 34.555, "DS_INVERT": 34.407000000000004, "USER_TEXT2": "Proposal", "SHAPE.LEN": 78.2042428216014}}, {"type": "Feature", "id": 26904, "geometry": {"type": "LineString", "coordinates": [[72.87762290687195, 19.076213741180812], [72.87774632609654, 19.07636962164713]]}, "properties": {"OBJECTID": 26904, "US_NODE_ID": "2176106602", "DS_NODE_ID": "2176106603", "CONDUIT_LE": 21.6, "SHAPE_1": "RECT", "CONDUIT_WI": 3000, "CONDUIT_HE": 2000, "US_INVERT": 26.181, "DS_INVERT": 26.154, "USER_TEXT2": "Existing", "SHAPE.LEN": 21.6020832328736}}, {"type": "Feature", "id": 27115, "geometry": {"type": "LineString", "coordinates": [[72.87687374439182, 19.109327971139752], [72.87672758157208, 19.1089423963006]]}, "properties": {"OBJECTID": 27115, "US_NODE_ID": "2176146203", "DS_NODE_ID": "2176146202", "CONDUIT_LE": 45.4, "SHAPE_1": "RECT", "CONDUIT_WI": 12200, "CONDUIT_HE": 3568, "US_INVERT": 33.5, "DS_INVERT": 33.25, "USER_TEXT2": "Existing", "SHAPE.LEN": 45.3768663528014}}, {"type": "Feature", "id": 27116, "geometry": {"type": "LineString", "coordinates": [[72.87688624300765, 19.109465411944445], [72.87687374439182, 19.109327971139752]]}, "properties": {"OBJECTID": 27116, "US_NODE_ID": "2176146204", "DS_NODE_ID": "2176146203", "CONDUIT_LE": 15.3, "SHAPE_1": "OREC", "CONDUIT_WI": 4746, "CONDUIT_HE": 2596, "US_INVERT": 34.422000000000004, "DS_INVERT": 34.4, "USER_TEXT2": "Existing", "SHAPE.LEN": 15.2738338343718}}, {"type": "Feature", "id": 26982, "geometry": {"type": "LineString", "coordinates": [[72.87961587634864, 19.088393801805278], [72.87876014032088, 19.087847406969367]]}, "properties": {"OBJECTID": 26982, "US_NODE_ID": "2176119901", "DS_NODE_ID": "2176118801", "CONDUIT_LE": 108.5, "SHAPE_1": "RECT", "CONDUIT_WI": 3000, "CONDUIT_HE": 2000, "US_INVERT": 29.998, "DS_INVERT": 26.998, "USER_TEXT2": "Proposal", "SHAPE.LEN": 108.503456166152}}, {"type": "Feature", "id": 27062, "geometry": {"type": "LineString", "coordinates": [[72.87764274144448, 19.100371004020733], [72.87790534900871, 19.100268348783]]}, "properties": {"OBJECTID": 27062, "US_NODE_ID": "2176137201", "DS_NODE_ID": "2176137202", "CONDUIT_LE": 29.900000000000002, "SHAPE_1": "OREC", "CONDUIT_WI": 22000, "CONDUIT_HE": 5710, "US_INVERT": 28.498, "DS_INVERT": 28.25, "USER_TEXT2": "Existing", "SHAPE.LEN": 29.8854479638502}}, {"type": "Feature", "id": 27129, "geometry": {"type": "LineString", "coordinates": [[72.87751578683546, 19.113744224769274], [72.87733021067505, 19.11369150099587]]}, "properties": {"OBJECTID": 27129, "US_NODE_ID": "2176147702", "DS_NODE_ID": "2176147701", "CONDUIT_LE": 20.400000000000002, "SHAPE_1": "OREC", "CONDUIT_WI": 6461, "CONDUIT_HE": 2380, "US_INVERT": 36.048, "DS_INVERT": 35.944, "USER_TEXT2": "Existing", "SHAPE.LEN": 20.3843076899855}}, {"type": "Feature", "id": 26920, "geometry": {"type": "LineString", "coordinates": [[72.87901493610568, 19.077791465667488], [72.87893006458214, 19.07785183358803]]}, "properties": {"OBJECTID": 26920, "US_NODE_ID": "2176108702", "DS_NODE_ID": "2176108701", "CONDUIT_LE": 11.200000000000001, "SHAPE_1": "OREC", "CONDUIT_WI": 3096, "CONDUIT_HE": 2269, "US_INVERT": 25.959, "DS_INVERT": 25.902, "USER_TEXT2": "Existing", "SHAPE.LEN": 11.157502866233099}}, {"type": "Feature", "id": 26928, "geometry": {"type": "LineString", "coordinates": [[72.88014746897018, 19.077652018059787], [72.87994468980725, 19.07758761531817]]}, "properties": {"OBJECTID": 26928, "US_NODE_ID": "2176109703", "DS_NODE_ID": "2176109702", "CONDUIT_LE": 22.5, "SHAPE_1": "RECT", "CONDUIT_WI": 3000, "CONDUIT_HE": 2279, "US_INVERT": 26.650000000000002, "DS_INVERT": 26.535, "USER_TEXT2": "Existing", "SHAPE.LEN": 22.5051617423648}}, {"type": "Feature", "id": 27139, "geometry": {"type": "LineString", "coordinates": [[72.87953462706118, 19.11348116619921], [72.88290598450877, 19.112894925784452]]}, "properties": {"OBJECTID": 27139, "US_NODE_ID": "2176149701", "DS_NODE_ID": "2177142601", "CONDUIT_LE": 360.7, "SHAPE_1": "RECT", "CONDUIT_WI": 2000, "CONDUIT_HE": 1500, "US_INVERT": 37.835, "DS_INVERT": 35.821000000000005, "USER_TEXT2": "Proposal", "SHAPE.LEN": 360.700207928967}}, {"type": "Feature", "id": 28053, "geometry": {"type": "LineString", "coordinates": [[72.88141628411199, 19.05614193439113], [72.88130487909996, 19.05639221118011]]}, "properties": {"OBJECTID": 28053, "US_NODE_ID": "2177080301", "DS_NODE_ID": "2177080404", "CONDUIT_LE": 30.1, "SHAPE_1": "OREC", "CONDUIT_WI": 4702, "CONDUIT_HE": 1279, "US_INVERT": 26.810000000000002, "DS_INVERT": 26.791, "USER_TEXT2": "Existing", "SHAPE.LEN": 30.089729277113797}}, {"type": "Feature", "id": 28054, "geometry": {"type": "LineString", "coordinates": [[72.8815251585422, 19.05589162753525], [72.88141628411199, 19.05614193439113]]}, "properties": {"OBJECTID": 28054, "US_NODE_ID": "2177080302", "DS_NODE_ID": "2177080301", "CONDUIT_LE": 30, "SHAPE_1": "OREC", "CONDUIT_WI": 4319, "CONDUIT_HE": 1307, "US_INVERT": 26.852, "DS_INVERT": 26.810000000000002, "USER_TEXT2": "Existing", "SHAPE.LEN": 29.9899667078842}}, {"type": "Feature", "id": 26816, "geometry": {"type": "LineString", "coordinates": [[72.88057650328305, 19.0585395488366], [72.88046689494153, 19.058503282066965]]}, "properties": {"OBJECTID": 26816, "US_NODE_ID": "2176089606", "DS_NODE_ID": "2176089605", "CONDUIT_LE": 12.200000000000001, "SHAPE_1": "OREC", "CONDUIT_WI": 15000, "CONDUIT_HE": 2617, "US_INVERT": 25.61, "DS_INVERT": 25.602, "USER_TEXT2": "Existing", "SHAPE.LEN": 12.2179721869056}}, {"type": "Feature", "id": 28064, "geometry": {"type": "LineString", "coordinates": [[72.88159705951102, 19.059005817437832], [72.8813560483468, 19.05886492960357]]}, "properties": {"OBJECTID": 28064, "US_NODE_ID": "2177080701", "DS_NODE_ID": "2177080602", "CONDUIT_LE": 29.8, "SHAPE_1": "OREC", "CONDUIT_WI": 15000, "CONDUIT_HE": 2118, "US_INVERT": 25.689, "DS_INVERT": 25.67, "USER_TEXT2": "Existing", "SHAPE.LEN": 29.784355510233897}}, {"type": "Feature", "id": 27074, "geometry": {"type": "LineString", "coordinates": [[72.8801087019926, 19.104400014646114], [72.8815207532129, 19.10412977952974]]}, "properties": {"OBJECTID": 27074, "US_NODE_ID": "2176139701", "DS_NODE_ID": "2177131602", "CONDUIT_LE": 151.6, "SHAPE_1": "OREC", "CONDUIT_WI": 500, "CONDUIT_HE": 500, "US_INVERT": 33.329, "DS_INVERT": 32.097, "USER_TEXT2": "Proposal", "SHAPE.LEN": 151.598535837554}}, {"type": "Feature", "id": 28130, "geometry": {"type": "LineString", "coordinates": [[72.88186976232055, 19.068628298156657], [72.88208287276954, 19.068410159032965]]}, "properties": {"OBJECTID": 28130, "US_NODE_ID": "2177091701", "DS_NODE_ID": "2177091702", "CONDUIT_LE": 33, "SHAPE_1": "OREC", "CONDUIT_WI": 7900, "CONDUIT_HE": 2215, "US_INVERT": 26.934, "DS_INVERT": 26.817, "USER_TEXT2": "Existing", "SHAPE.LEN": 32.963680586518294}}, {"type": "Feature", "id": 28132, "geometry": {"type": "LineString", "coordinates": [[72.88230709751636, 19.068170490395588], [72.88235191938512, 19.068075061355355]]}, "properties": {"OBJECTID": 28132, "US_NODE_ID": "2177091703", "DS_NODE_ID": "2177091704", "CONDUIT_LE": 11.6, "SHAPE_1": "OREC", "CONDUIT_WI": 7255, "CONDUIT_HE": 2253, "US_INVERT": 26.756, "DS_INVERT": 26.745, "USER_TEXT2": "Existing", "SHAPE.LEN": 11.571314769290499}}, {"type": "Feature", "id": 28135, "geometry": {"type": "LineString", "coordinates": [[72.88238189602033, 19.068195030650756], [72.88243557013666, 19.06814773842951]]}, "properties": {"OBJECTID": 28135, "US_NODE_ID": "2177091705", "DS_NODE_ID": "2177091706", "CONDUIT_LE": 7.7, "SHAPE_1": "RECT", "CONDUIT_WI": 10000, "CONDUIT_HE": 2247, "US_INVERT": 27.001, "DS_INVERT": 27, "USER_TEXT2": "Existing", "SHAPE.LEN": 7.703413016319459}}, {"type": "Feature", "id": 28136, "geometry": {"type": "LineString", "coordinates": [[72.88243557013666, 19.06814773842951], [72.88246861583706, 19.068112578689746]]}, "properties": {"OBJECTID": 28136, "US_NODE_ID": "2177091706", "DS_NODE_ID": "2177091707", "CONDUIT_LE": 5.2, "SHAPE_1": "RECT", "CONDUIT_WI": 4800, "CONDUIT_HE": 1599, "US_INVERT": 27, "DS_INVERT": 26.999000000000002, "USER_TEXT2": "Existing", "SHAPE.LEN": 5.22067835630582}}, {"type": "Feature", "id": 28332, "geometry": {"type": "LineString", "coordinates": [[72.88253874580032, 19.077308145722085], [72.88225391149062, 19.077294033577136]]}, "properties": {"OBJECTID": 28332, "US_NODE_ID": "2177102701", "DS_NODE_ID": "2177101705", "CONDUIT_LE": 30, "SHAPE_1": "RECT", "CONDUIT_WI": 3000, "CONDUIT_HE": 1298, "US_INVERT": 27.7, "DS_INVERT": 27.580000000000002, "USER_TEXT2": "Existing", "SHAPE.LEN": 30.023990407672297}}, {"type": "Feature", "id": 28535, "geometry": {"type": "LineString", "coordinates": [[72.88159676239945, 19.081754063663684], [72.88147067341143, 19.08150873062385]]}, "properties": {"OBJECTID": 28535, "US_NODE_ID": "2177111201", "DS_NODE_ID": "2177110103", "CONDUIT_LE": 30.2, "SHAPE_1": "RECT", "CONDUIT_WI": 2000, "CONDUIT_HE": 1697, "US_INVERT": 27.221, "DS_INVERT": 27.16, "USER_TEXT2": "Existing", "SHAPE.LEN": 30.231771367222297}}, {"type": "Feature", "id": 28606, "geometry": {"type": "LineString", "coordinates": [[72.88138205992364, 19.096272287549624], [72.88112576469338, 19.096153773232864]]}, "properties": {"OBJECTID": 28606, "US_NODE_ID": "2177121801", "DS_NODE_ID": "2177120801", "CONDUIT_LE": 30, "SHAPE_1": "OREC", "CONDUIT_WI": 14410, "CONDUIT_HE": 4101, "US_INVERT": 26.474, "DS_INVERT": 26.307000000000002, "USER_TEXT2": "Existing", "SHAPE.LEN": 29.9980542238993}}, {"type": "Feature", "id": 28607, "geometry": {"type": "LineString", "coordinates": [[72.88164143568835, 19.09638477603314], [72.88138205992364, 19.096272287549624]]}, "properties": {"OBJECTID": 28607, "US_NODE_ID": "2177121802", "DS_NODE_ID": "2177121801", "CONDUIT_LE": 30, "SHAPE_1": "OREC", "CONDUIT_WI": 14209, "CONDUIT_HE": 3834, "US_INVERT": 27.144000000000002, "DS_INVERT": 26.474, "USER_TEXT2": "Existing", "SHAPE.LEN": 30.006951771381196}}, {"type": "Feature", "id": 28626, "geometry": {"type": "LineString", "coordinates": [[72.8809641346924, 19.106147734891614], [72.88157254597841, 19.105976794373426]]}, "properties": {"OBJECTID": 28626, "US_NODE_ID": "2177130901", "DS_NODE_ID": "2177131901", "CONDUIT_LE": 66.8, "SHAPE_1": "RECT", "CONDUIT_WI": 1000, "CONDUIT_HE": 1000, "US_INVERT": 35.29, "DS_INVERT": 34.506, "USER_TEXT2": "Proposal", "SHAPE.LEN": 66.77222476449319}}, {"type": "Feature", "id": 28093, "geometry": {"type": "LineString", "coordinates": [[72.88333726348377, 19.060162702558546], [72.88322979892844, 19.06009353665044]]}, "properties": {"OBJECTID": 28093, "US_NODE_ID": "2177082803", "DS_NODE_ID": "2177082802", "CONDUIT_LE": 13.700000000000001, "SHAPE_1": "RECT", "CONDUIT_WI": 15000, "CONDUIT_HE": 2477, "US_INVERT": 25.84, "DS_INVERT": 25.831, "USER_TEXT2": "Existing", "SHAPE.LEN": 13.661523871808699}}, {"type": "Feature", "id": 28152, "geometry": {"type": "LineString", "coordinates": [[72.88285543897362, 19.067448708940752], [72.88287886758347, 19.06739141867192]]}, "properties": {"OBJECTID": 28152, "US_NODE_ID": "2177092601", "DS_NODE_ID": "2177092602", "CONDUIT_LE": 6.8, "SHAPE_1": "RECT", "CONDUIT_WI": 6000, "CONDUIT_HE": 1554, "US_INVERT": 26.995, "DS_INVERT": 26.994, "USER_TEXT2": "Existing", "SHAPE.LEN": 6.80561499425291}}, {"type": "Feature", "id": 28178, "geometry": {"type": "LineString", "coordinates": [[72.88368247696512, 19.069447910092503], [72.88344096624607, 19.069268854646403]]}, "properties": {"OBJECTID": 28178, "US_NODE_ID": "2177093801", "DS_NODE_ID": "2177092802", "CONDUIT_LE": 32.2, "SHAPE_1": "OREC", "CONDUIT_WI": 7938, "CONDUIT_HE": 1203, "US_INVERT": 27.033, "DS_INVERT": 27.028000000000002, "USER_TEXT2": "Existing", "SHAPE.LEN": 32.2395229221836}}, {"type": "Feature", "id": 28326, "geometry": {"type": "LineString", "coordinates": [[72.8835074447401, 19.07292304289585], [72.88367687402777, 19.072735315275114]]}, "properties": {"OBJECTID": 28326, "US_NODE_ID": "2177102204", "DS_NODE_ID": "2177103201", "CONDUIT_LE": 27.400000000000002, "SHAPE_1": "OREC", "CONDUIT_WI": 4151, "CONDUIT_HE": 1781, "US_INVERT": 27.519000000000002, "DS_INVERT": 27.490000000000002, "USER_TEXT2": "Existing", "SHAPE.LEN": 27.388049245063097}}, {"type": "Feature", "id": 28611, "geometry": {"type": "LineString", "coordinates": [[72.88301559326034, 19.096715643270095], [72.88273524301609, 19.096665219451573]]}, "properties": {"OBJECTID": 28611, "US_NODE_ID": "2177122803", "DS_NODE_ID": "2177122802", "CONDUIT_LE": 30, "SHAPE_1": "OREC", "CONDUIT_WI": 14488, "CONDUIT_HE": 2735, "US_INVERT": 28.47, "DS_INVERT": 28.303, "USER_TEXT2": "Existing", "SHAPE.LEN": 30.031317128790697}}, {"type": "Feature", "id": 28629, "geometry": {"type": "LineString", "coordinates": [[72.88218115988262, 19.104670443706155], [72.88348542446488, 19.104698994452264]]}, "properties": {"OBJECTID": 28629, "US_NODE_ID": "2177131701", "DS_NODE_ID": "2177133701", "CONDUIT_LE": 137.3, "SHAPE_1": "RECT", "CONDUIT_WI": 1500, "CONDUIT_HE": 1500, "US_INVERT": 32.588, "DS_INVERT": 31.081000000000003, "USER_TEXT2": "Proposal", "SHAPE.LEN": 137.308193491867}}, {"type": "Feature", "id": 28106, "geometry": {"type": "LineString", "coordinates": [[72.8845784614106, 19.061083966567107], [72.8844623738075, 19.060999536397727]]}, "properties": {"OBJECTID": 28106, "US_NODE_ID": "2177083903", "DS_NODE_ID": "2177083902", "CONDUIT_LE": 15.4, "SHAPE_1": "OREC", "CONDUIT_WI": 15000, "CONDUIT_HE": 2403, "US_INVERT": 25.951, "DS_INVERT": 25.941000000000003, "USER_TEXT2": "Existing", "SHAPE.LEN": 15.3863522545144}}, {"type": "Feature", "id": 28113, "geometry": {"type": "LineString", "coordinates": [[72.88502471069086, 19.061419662535254], [72.88480365367988, 19.061249920278456]]}, "properties": {"OBJECTID": 28113, "US_NODE_ID": "2177084902", "DS_NODE_ID": "2177084901", "CONDUIT_LE": 29.900000000000002, "SHAPE_1": "OREC", "CONDUIT_WI": 15000, "CONDUIT_HE": 2541, "US_INVERT": 25.990000000000002, "DS_INVERT": 25.97, "USER_TEXT2": "Existing", "SHAPE.LEN": 29.912686857753197}}, {"type": "Feature", "id": 28162, "geometry": {"type": "LineString", "coordinates": [[72.88413618090901, 19.064396619139153], [72.8842534125632, 19.064131984284693]]}, "properties": {"OBJECTID": 28162, "US_NODE_ID": "2177093201", "DS_NODE_ID": "2177093202", "CONDUIT_LE": 31.8, "SHAPE_1": "OREC", "CONDUIT_WI": 5650, "CONDUIT_HE": 2265, "US_INVERT": 26.322000000000003, "DS_INVERT": 26.293000000000003, "USER_TEXT2": "Existing", "SHAPE.LEN": 31.792559875543198}}, {"type": "Feature", "id": 28167, "geometry": {"type": "LineString", "coordinates": [[72.8845365275422, 19.063939671687955], [72.88465461404562, 19.063672870303343]]}, "properties": {"OBJECTID": 28167, "US_NODE_ID": "2177093206", "DS_NODE_ID": "2177094201", "CONDUIT_LE": 32, "SHAPE_1": "OREC", "CONDUIT_WI": 10080, "CONDUIT_HE": 1519, "US_INVERT": 26.77, "DS_INVERT": 26.75, "USER_TEXT2": "Existing", "SHAPE.LEN": 32.048560218050405}}, {"type": "Feature", "id": 28173, "geometry": {"type": "LineString", "coordinates": [[72.88418187358661, 19.064727170064394], [72.88430219717145, 19.064458528525176]]}, "properties": {"OBJECTID": 28173, "US_NODE_ID": "2177093306", "DS_NODE_ID": "2177093307", "CONDUIT_LE": 32.3, "SHAPE_1": "OREC", "CONDUIT_WI": 9900, "CONDUIT_HE": 1499, "US_INVERT": 26.82, "DS_INVERT": 26.8, "USER_TEXT2": "Existing", "SHAPE.LEN": 32.3279756573158}}, {"type": "Feature", "id": 28341, "geometry": {"type": "LineString", "coordinates": [[72.88436659034706, 19.071774908805835], [72.88443981285658, 19.071694454515438]]}, "properties": {"OBJECTID": 28341, "US_NODE_ID": "2177103105", "DS_NODE_ID": "2177103106", "CONDUIT_LE": 11.8, "SHAPE_1": "RECT", "CONDUIT_WI": 5000, "CONDUIT_HE": 1611, "US_INVERT": 27.291, "DS_INVERT": 27.284000000000002, "USER_TEXT2": "Existing", "SHAPE.LEN": 11.7796434581018}}, {"type": "Feature", "id": 28345, "geometry": {"type": "LineString", "coordinates": [[72.88383492378732, 19.072570913029633], [72.88388839475577, 19.072515471532647]]}, "properties": {"OBJECTID": 28345, "US_NODE_ID": "2177103203", "DS_NODE_ID": "2177103101", "CONDUIT_LE": 8.3, "SHAPE_1": "OREC", "CONDUIT_WI": 6000, "CONDUIT_HE": 1718, "US_INVERT": 27.469, "DS_INVERT": 27.462, "USER_TEXT2": "Existing", "SHAPE.LEN": 8.32839733262048}}, {"type": "Feature", "id": 28337, "geometry": {"type": "LineString", "coordinates": [[72.88388839475577, 19.072515471532647], [72.8839823123666, 19.072260975641402]]}, "properties": {"OBJECTID": 28337, "US_NODE_ID": "2177103101", "DS_NODE_ID": "2177103102", "CONDUIT_LE": 29.900000000000002, "SHAPE_1": "OREC", "CONDUIT_WI": 5017, "CONDUIT_HE": 2253, "US_INVERT": 27.415000000000003, "DS_INVERT": 27.383000000000003, "USER_TEXT2": "Existing", "SHAPE.LEN": 29.861047237664}}, {"type": "Feature", "id": 28562, "geometry": {"type": "LineString", "coordinates": [[72.8838585705537, 19.08618983050215], [72.88384758897392, 19.085708260181516]]}, "properties": {"OBJECTID": 28562, "US_NODE_ID": "2177113701", "DS_NODE_ID": "2177113605", "CONDUIT_LE": 53.300000000000004, "SHAPE_1": "CIRC", "CONDUIT_WI": 900, "CONDUIT_HE": 900, "US_INVERT": 31.097, "DS_INVERT": 31.039, "USER_TEXT2": "Existing", "SHAPE.LEN": 53.3303853351914}}, {"type": "Feature", "id": 28110, "geometry": {"type": "LineString", "coordinates": [[72.88551652500045, 19.054906633831436], [72.88529981595761, 19.054730340553828], [72.88512396878028, 19.05460366453709]]}, "properties": {"OBJECTID": 28110, "US_NODE_ID": "2177084203", "DS_NODE_ID": "2177084202", "CONDUIT_LE": 53.300000000000004, "SHAPE_1": "OREC", "CONDUIT_WI": 4700, "CONDUIT_HE": 2114, "US_INVERT": 26.175, "DS_INVERT": 26.133000000000003, "USER_TEXT2": "Proposal", "SHAPE.LEN": 53.2508722850648}}, {"type": "Feature", "id": 28120, "geometry": {"type": "LineString", "coordinates": [[72.88687342219397, 19.056655730677868], [72.88555059797204, 19.055647872176447]]}, "properties": {"OBJECTID": 28120, "US_NODE_ID": "2177086401", "DS_NODE_ID": "2177084301", "CONDUIT_LE": 178.5, "SHAPE_1": "OREC", "CONDUIT_WI": 4000, "CONDUIT_HE": 2787, "US_INVERT": 25.893, "DS_INVERT": 25.776, "USER_TEXT2": "Existing", "SHAPE.LEN": 178.455512663521}}, {"type": "Feature", "id": 28206, "geometry": {"type": "LineString", "coordinates": [[72.8860360546206, 19.062082826644087], [72.88595166332217, 19.062043539601625]]}, "properties": {"OBJECTID": 28206, "US_NODE_ID": "2177095003", "DS_NODE_ID": "2177095002", "CONDUIT_LE": 9.9, "SHAPE_1": "OREC", "CONDUIT_WI": 13000, "CONDUIT_HE": 2175, "US_INVERT": 26.031000000000002, "DS_INVERT": 26.03, "USER_TEXT2": "Existing", "SHAPE.LEN": 9.89196605837282}}, {"type": "Feature", "id": 28193, "geometry": {"type": "LineString", "coordinates": [[72.88483397431966, 19.06285724366064], [72.88490444295647, 19.06268378942493]]}, "properties": {"OBJECTID": 28193, "US_NODE_ID": "2177094104", "DS_NODE_ID": "2177094106", "CONDUIT_LE": 20.6, "SHAPE_1": "RECT", "CONDUIT_WI": 5650, "CONDUIT_HE": 2368, "US_INVERT": 26.150000000000002, "DS_INVERT": 26.13, "USER_TEXT2": "Existing", "SHAPE.LEN": 20.587306386460597}}, {"type": "Feature", "id": 28182, "geometry": {"type": "LineString", "coordinates": [[72.88496895922125, 19.06255464838694], [72.88508837751442, 19.062291746806697]]}, "properties": {"OBJECTID": 28182, "US_NODE_ID": "2177094001", "DS_NODE_ID": "2177094002", "CONDUIT_LE": 31.7, "SHAPE_1": "OREC", "CONDUIT_WI": 5650, "CONDUIT_HE": 2412, "US_INVERT": 26.116, "DS_INVERT": 26.086000000000002, "USER_TEXT2": "Existing", "SHAPE.LEN": 31.706396216536497}}, {"type": "Feature", "id": 28197, "geometry": {"type": "LineString", "coordinates": [[72.88501174973264, 19.062885399020143], [72.88512119020854, 19.062624715263414]]}, "properties": {"OBJECTID": 28197, "US_NODE_ID": "2177094108", "DS_NODE_ID": "2177094003", "CONDUIT_LE": 31.1, "SHAPE_1": "OREC", "CONDUIT_WI": 9500, "CONDUIT_HE": 1909, "US_INVERT": 26.53, "DS_INVERT": 26.413, "USER_TEXT2": "Existing", "SHAPE.LEN": 31.0765654987806}}, {"type": "Feature", "id": 28376, "geometry": {"type": "LineString", "coordinates": [[72.88555814167309, 19.070783235911012], [72.88540622203601, 19.07062703341669]]}, "properties": {"OBJECTID": 28376, "US_NODE_ID": "2177105002", "DS_NODE_ID": "2177094905", "CONDUIT_LE": 23.6, "SHAPE_1": "OREC", "CONDUIT_WI": 8000, "CONDUIT_HE": 1613, "US_INVERT": 27.087, "DS_INVERT": 27.083000000000002, "USER_TEXT2": "Existing", "SHAPE.LEN": 23.555254190944297}}, {"type": "Feature", "id": 28352, "geometry": {"type": "LineString", "coordinates": [[72.88487345813955, 19.071210498417926], [72.8849573126366, 19.071115974525075]]}, "properties": {"OBJECTID": 28352, "US_NODE_ID": "2177104003", "DS_NODE_ID": "2177104004", "CONDUIT_LE": 13.700000000000001, "SHAPE_1": "OREC", "CONDUIT_WI": 5028, "CONDUIT_HE": 2062, "US_INVERT": 27.146, "DS_INVERT": 27.136000000000003, "USER_TEXT2": "Existing", "SHAPE.LEN": 13.691059687621001}}, {"type": "Feature", "id": 28355, "geometry": {"type": "LineString", "coordinates": [[72.88502575081272, 19.071038174877728], [72.88505635414077, 19.07100429008835]]}, "properties": {"OBJECTID": 28355, "US_NODE_ID": "2177104006", "DS_NODE_ID": "2177104007", "CONDUIT_LE": 4.9, "SHAPE_1": "OREC", "CONDUIT_WI": 5028, "CONDUIT_HE": 2062, "US_INVERT": 27.128, "DS_INVERT": 27.125, "USER_TEXT2": "Existing", "SHAPE.LEN": 4.94502044990716}}, {"type": "Feature", "id": 28413, "geometry": {"type": "LineString", "coordinates": [[72.88579089571577, 19.072954667417722], [72.88581333099474, 19.072683942428313]]}, "properties": {"OBJECTID": 28413, "US_NODE_ID": "2177105202", "DS_NODE_ID": "2177105203", "CONDUIT_LE": 30.1, "SHAPE_1": "OREC", "CONDUIT_WI": 13000, "CONDUIT_HE": 2228, "US_INVERT": 26.37, "DS_INVERT": 26.349, "USER_TEXT2": "Existing", "SHAPE.LEN": 30.0665927567458}}, {"type": "Feature", "id": 28454, "geometry": {"type": "LineString", "coordinates": [[72.88558858230388, 19.074224156911846], [72.88559141771468, 19.074198960990877], [72.8856268784246, 19.074153598872744]]}, "properties": {"OBJECTID": 28454, "US_NODE_ID": "2177105320!", "DS_NODE_ID": "2177105303!", "CONDUIT_LE": 9.1, "SHAPE_1": "OREC", "CONDUIT_WI": 1465, "CONDUIT_HE": 3221, "US_INVERT": 26.779, "DS_INVERT": 26.77, "USER_TEXT2": "Existing", "SHAPE.LEN": 9.06316572601537}}, {"type": "Feature", "id": 28426, "geometry": {"type": "LineString", "coordinates": [[72.88564746480228, 19.073880090548652], [72.8856483923792, 19.073806991076427]]}, "properties": {"OBJECTID": 28426, "US_NODE_ID": "2177105306!", "DS_NODE_ID": "2177105305!", "CONDUIT_LE": 8.1, "SHAPE_1": "OREC", "CONDUIT_WI": 4500, "CONDUIT_HE": 2059, "US_INVERT": 26.740000000000002, "DS_INVERT": 26.731, "USER_TEXT2": "Existing", "SHAPE.LEN": 8.0939}}, {"type": "Feature", "id": 28427, "geometry": {"type": "LineString", "coordinates": [[72.88564746480228, 19.073880090548652], [72.8856483923792, 19.073806991076427]]}, "properties": {"OBJECTID": 28427, "US_NODE_ID": "2177105306", "DS_NODE_ID": "2177105305", "CONDUIT_LE": 8.1, "SHAPE_1": "OREC", "CONDUIT_WI": 4500, "CONDUIT_HE": 2059, "US_INVERT": 26.740000000000002, "DS_INVERT": 26.731, "USER_TEXT2": "Existing", "SHAPE.LEN": 8.0939}}, {"type": "Feature", "id": 28431, "geometry": {"type": "LineString", "coordinates": [[72.88566682077074, 19.074084549205566], [72.88564743626056, 19.074026461291524]]}, "properties": {"OBJECTID": 28431, "US_NODE_ID": "2177105308", "DS_NODE_ID": "2177105307", "CONDUIT_LE": 6.7, "SHAPE_1": "OREC", "CONDUIT_WI": 1465, "CONDUIT_HE": 3037, "US_INVERT": 26.762, "DS_INVERT": 26.755000000000003, "USER_TEXT2": "Existing", "SHAPE.LEN": 6.747245544664869}}, {"type": "Feature", "id": 28421, "geometry": {"type": "LineString", "coordinates": [[72.8856268784246, 19.074153598872744], [72.88566682077074, 19.074084549205566]]}, "properties": {"OBJECTID": 28421, "US_NODE_ID": "2177105303", "DS_NODE_ID": "2177105308", "CONDUIT_LE": 8.700000000000001, "SHAPE_1": "OREC", "CONDUIT_WI": 1465, "CONDUIT_HE": 3230, "US_INVERT": 26.77, "DS_INVERT": 26.762, "USER_TEXT2": "Existing", "SHAPE.LEN": 8.72490288885785}}, {"type": "Feature", "id": 28437, "geometry": {"type": "LineString", "coordinates": [[72.88571455631391, 19.073683060246], [72.88571864942458, 19.073651507952487]]}, "properties": {"OBJECTID": 28437, "US_NODE_ID": "2177105311", "DS_NODE_ID": "2177105313", "CONDUIT_LE": 3.5, "SHAPE_1": "RECT", "CONDUIT_WI": 13000, "CONDUIT_HE": 2779, "US_INVERT": 26.428, "DS_INVERT": 26.427, "USER_TEXT2": "Existing", "SHAPE.LEN": 3.51982820319401}}, {"type": "Feature", "id": 28459, "geometry": {"type": "LineString", "coordinates": [[72.885869602887, 19.07449618402707], [72.88577071029543, 19.074402373750306]]}, "properties": {"OBJECTID": 28459, "US_NODE_ID": "2177105402", "DS_NODE_ID": "2177105401", "CONDUIT_LE": 14.700000000000001, "SHAPE_1": "OREC", "CONDUIT_WI": 1624, "CONDUIT_HE": 3777, "US_INVERT": 26.822000000000003, "DS_INVERT": 26.807000000000002, "USER_TEXT2": "Existing", "SHAPE.LEN": 14.7053563061219}}, {"type": "Feature", "id": 28632, "geometry": {"type": "LineString", "coordinates": [[72.88476460432645, 19.098383614599072], [72.88486544222968, 19.098165837107917]]}, "properties": {"OBJECTID": 28632, "US_NODE_ID": "2177134001", "DS_NODE_ID": "2177134002", "CONDUIT_LE": 26.3, "SHAPE_1": "OREC", "CONDUIT_WI": 12500, "CONDUIT_HE": 3315, "US_INVERT": 30.084000000000003, "DS_INVERT": 29.988000000000003, "USER_TEXT2": "Existing", "SHAPE.LEN": 26.344159225528497}}, {"type": "Feature", "id": 28723, "geometry": {"type": "LineString", "coordinates": [[72.88434993040235, 19.10904553621074], [72.88566190983327, 19.108843828950626]]}, "properties": {"OBJECTID": 28723, "US_NODE_ID": "2177144201", "DS_NODE_ID": "2177145201", "CONDUIT_LE": 139.9, "SHAPE_1": "RECT", "CONDUIT_WI": 1000, "CONDUIT_HE": 1000, "US_INVERT": 34.258, "DS_INVERT": 33.747, "USER_TEXT2": "Proposal", "SHAPE.LEN": 139.874372205919}}, {"type": "Feature", "id": 28209, "geometry": {"type": "LineString", "coordinates": [[72.88614084081418, 19.06214105968058], [72.88606352785001, 19.06209650913886]]}, "properties": {"OBJECTID": 28209, "US_NODE_ID": "2177095006", "DS_NODE_ID": "2177095004", "CONDUIT_LE": 9.5, "SHAPE_1": "OREC", "CONDUIT_WI": 13000, "CONDUIT_HE": 2154, "US_INVERT": 26.032, "DS_INVERT": 26.031000000000002, "USER_TEXT2": "Existing", "SHAPE.LEN": 9.51707728244339}}, {"type": "Feature", "id": 28233, "geometry": {"type": "LineString", "coordinates": [[72.88646172804174, 19.070579154024525], [72.88661316673719, 19.07039706381117]]}, "properties": {"OBJECTID": 28233, "US_NODE_ID": "2177096901", "DS_NODE_ID": "2177096902", "CONDUIT_LE": 25.7, "SHAPE_1": "RECT", "CONDUIT_WI": 4000, "CONDUIT_HE": 1803, "US_INVERT": 26.406000000000002, "DS_INVERT": 26.397000000000002, "USER_TEXT2": "Existing", "SHAPE.LEN": 25.7018492817151}}, {"type": "Feature", "id": 28238, "geometry": {"type": "LineString", "coordinates": [[72.88682851318116, 19.07039223215665], [72.88672525421987, 19.070243792073825]]}, "properties": {"OBJECTID": 28238, "US_NODE_ID": "2177096904!", "DS_NODE_ID": "2177096903!", "CONDUIT_LE": 19.7, "SHAPE_1": "OREC", "CONDUIT_WI": 15000, "CONDUIT_HE": 3778, "US_INVERT": 24.98, "DS_INVERT": 26.138, "USER_TEXT2": "Existing", "SHAPE.LEN": 19.704285041838}}, {"type": "Feature", "id": 28236, "geometry": {"type": "LineString", "coordinates": [[72.88672525421987, 19.070243792073825], [72.8869017261352, 19.070029691022217]]}, "properties": {"OBJECTID": 28236, "US_NODE_ID": "2177096903!", "DS_NODE_ID": "2177096905!", "CONDUIT_LE": 30.1, "SHAPE_1": "OREC", "CONDUIT_WI": 10000, "CONDUIT_HE": 2669, "US_INVERT": 26.138, "DS_INVERT": 26.135, "USER_TEXT2": "Existing", "SHAPE.LEN": 30.1166852575113}}, {"type": "Feature", "id": 28237, "geometry": {"type": "LineString", "coordinates": [[72.88672525421987, 19.070243792073825], [72.8869017261352, 19.070029691022217]]}, "properties": {"OBJECTID": 28237, "US_NODE_ID": "2177096903", "DS_NODE_ID": "2177096905", "CONDUIT_LE": 30.1, "SHAPE_1": "OREC", "CONDUIT_WI": 10000, "CONDUIT_HE": 2669, "US_INVERT": 26.138, "DS_INVERT": 26.135, "USER_TEXT2": "Existing", "SHAPE.LEN": 30.1166852575113}}, {"type": "Feature", "id": 28400, "geometry": {"type": "LineString", "coordinates": [[72.8859920332766, 19.071178426760074], [72.88607241744654, 19.07120735008693]]}, "properties": {"OBJECTID": 28400, "US_NODE_ID": "2177105015!", "DS_NODE_ID": "2177105016!", "CONDUIT_LE": 9, "SHAPE_1": "OREC", "CONDUIT_WI": 15000, "CONDUIT_HE": 2268, "US_INVERT": 26.23, "DS_INVERT": 25.239, "USER_TEXT2": "Existing", "SHAPE.LEN": 9.04765162901402}}, {"type": "Feature", "id": 28467, "geometry": {"type": "LineString", "coordinates": [[72.88608815500416, 19.075044890789115], [72.885969749631, 19.074905375122242], [72.88597231939966, 19.074906578853593], [72.885962003474, 19.074884826209253]]}, "properties": {"OBJECTID": 28467, "US_NODE_ID": "2177105406", "DS_NODE_ID": "2177105405", "CONDUIT_LE": 22.8, "SHAPE_1": "OREC", "CONDUIT_WI": 1624, "CONDUIT_HE": 3310, "US_INVERT": 26.889000000000003, "DS_INVERT": 26.866, "USER_TEXT2": "Existing", "SHAPE.LEN": 22.7917482900999}}, {"type": "Feature", "id": 28474, "geometry": {"type": "LineString", "coordinates": [[72.88605427390276, 19.07530554304796], [72.88618670756601, 19.075165545061328]]}, "properties": {"OBJECTID": 28474, "US_NODE_ID": "2177105502!", "DS_NODE_ID": "2177105407!", "CONDUIT_LE": 20.8, "SHAPE_1": "OREC", "CONDUIT_WI": 1687, "CONDUIT_HE": 3472, "US_INVERT": 26.928, "DS_INVERT": 26.908, "USER_TEXT2": "Existing", "SHAPE.LEN": 20.8470688783819}}, {"type": "Feature", "id": 28639, "geometry": {"type": "LineString", "coordinates": [[72.88583161073288, 19.09952943376124], [72.88575582184927, 19.09926196991557]]}, "properties": {"OBJECTID": 28639, "US_NODE_ID": "2177135104", "DS_NODE_ID": "2177135103", "CONDUIT_LE": 30.7, "SHAPE_1": "OREC", "CONDUIT_WI": 12800, "CONDUIT_HE": 3691, "US_INVERT": 30.607000000000003, "DS_INVERT": 30.574, "USER_TEXT2": "Existing", "SHAPE.LEN": 30.668282600106597}}, {"type": "Feature", "id": 28640, "geometry": {"type": "LineString", "coordinates": [[72.88592437419074, 19.099781608613615], [72.88583161073288, 19.09952943376124]]}, "properties": {"OBJECTID": 28640, "US_NODE_ID": "2177135201", "DS_NODE_ID": "2177135104", "CONDUIT_LE": 29.6, "SHAPE_1": "OREC", "CONDUIT_WI": 12000, "CONDUIT_HE": 4128, "US_INVERT": 30.64, "DS_INVERT": 30.607000000000003, "USER_TEXT2": "Existing", "SHAPE.LEN": 29.577863344061896}}, {"type": "Feature", "id": 28643, "geometry": {"type": "LineString", "coordinates": [[72.88634671857791, 19.099744907267052], [72.88618332363897, 19.099742128080706]]}, "properties": {"OBJECTID": 28643, "US_NODE_ID": "2177136202", "DS_NODE_ID": "2177136201", "CONDUIT_LE": 17.2, "SHAPE_1": "OREC", "CONDUIT_WI": 12000, "CONDUIT_HE": 4219, "US_INVERT": 30.649, "DS_INVERT": 30.644000000000002, "USER_TEXT2": "Existing", "SHAPE.LEN": 17.200290695217898}}, {"type": "Feature", "id": 28124, "geometry": {"type": "LineString", "coordinates": [[72.88964397110983, 19.058188695396204], [72.88763235201486, 19.056660810033755]]}, "properties": {"OBJECTID": 28124, "US_NODE_ID": "2177089601", "DS_NODE_ID": "2177087401", "CONDUIT_LE": 271, "SHAPE_1": "RECT", "CONDUIT_WI": 4500, "CONDUIT_HE": 2000, "US_INVERT": 26.619, "DS_INVERT": 26.407, "USER_TEXT2": "Proposal", "SHAPE.LEN": 271.04612153653903}}, {"type": "Feature", "id": 28249, "geometry": {"type": "LineString", "coordinates": [[72.8878870584319, 19.06497567566795], [72.8877556498813, 19.064735148245937]]}, "properties": {"OBJECTID": 28249, "US_NODE_ID": "2177097303", "DS_NODE_ID": "2177097302", "CONDUIT_LE": 30, "SHAPE_1": "OREC", "CONDUIT_WI": 13603, "CONDUIT_HE": 2139, "US_INVERT": 26.067, "DS_INVERT": 26.064, "USER_TEXT2": "Existing", "SHAPE.LEN": 30.009097951288002}}, {"type": "Feature", "id": 28253, "geometry": {"type": "LineString", "coordinates": [[72.88777494410729, 19.067992842973126], [72.88784707155646, 19.067899804486448]]}, "properties": {"OBJECTID": 28253, "US_NODE_ID": "2177097601", "DS_NODE_ID": "2177097602", "CONDUIT_LE": 12.8, "SHAPE_1": "OREC", "CONDUIT_WI": 13000, "CONDUIT_HE": 2502, "US_INVERT": 26.104000000000003, "DS_INVERT": 26.103, "USER_TEXT2": "Existing", "SHAPE.LEN": 12.7969080425703}}, {"type": "Feature", "id": 28263, "geometry": {"type": "LineString", "coordinates": [[72.88784252435089, 19.06882097166411], [72.88761424406306, 19.068657945314584]]}, "properties": {"OBJECTID": 28263, "US_NODE_ID": "2177097704", "DS_NODE_ID": "2177097702", "CONDUIT_LE": 30.1, "SHAPE_1": "OREC", "CONDUIT_WI": 13000, "CONDUIT_HE": 2651, "US_INVERT": 26.115000000000002, "DS_INVERT": 26.113, "USER_TEXT2": "Existing", "SHAPE.LEN": 30.054816360111097}}, {"type": "Feature", "id": 28222, "geometry": {"type": "LineString", "coordinates": [[72.88703648951015, 19.069864970707737], [72.8870511234385, 19.069851479105804]]}, "properties": {"OBJECTID": 28222, "US_NODE_ID": "2177096801!", "DS_NODE_ID": "2177096802!", "CONDUIT_LE": 2.1, "SHAPE_1": "RECT", "CONDUIT_WI": 10000, "CONDUIT_HE": 2874, "US_INVERT": 26.133000000000003, "DS_INVERT": 26.133000000000003, "USER_TEXT2": "Existing", "SHAPE.LEN": 2.14579835958554}}, {"type": "Feature", "id": 28264, "geometry": {"type": "LineString", "coordinates": [[72.88750959660526, 19.069498569207678], [72.8877562640754, 19.069384181077847]]}, "properties": {"OBJECTID": 28264, "US_NODE_ID": "2177097801", "DS_NODE_ID": "2177097802", "CONDUIT_LE": 28.900000000000002, "SHAPE_1": "OREC", "CONDUIT_WI": 13000, "CONDUIT_HE": 2680, "US_INVERT": 26.127000000000002, "DS_INVERT": 26.124000000000002, "USER_TEXT2": "Existing", "SHAPE.LEN": 28.890603642880198}}, {"type": "Feature", "id": 28265, "geometry": {"type": "LineString", "coordinates": [[72.8877562640754, 19.069384181077847], [72.88798248997587, 19.06922151678838]]}, "properties": {"OBJECTID": 28265, "US_NODE_ID": "2177097802", "DS_NODE_ID": "2177097803", "CONDUIT_LE": 29.900000000000002, "SHAPE_1": "OREC", "CONDUIT_WI": 13000, "CONDUIT_HE": 2283, "US_INVERT": 26.124000000000002, "DS_INVERT": 26.121000000000002, "USER_TEXT2": "Existing", "SHAPE.LEN": 29.8579134816886}}, {"type": "Feature", "id": 28269, "geometry": {"type": "LineString", "coordinates": [[72.88739413626845, 19.069538796812477], [72.88808797322244, 19.07003722513702]]}, "properties": {"OBJECTID": 28269, "US_NODE_ID": "2177097806!", "DS_NODE_ID": "2177097901!", "CONDUIT_LE": 91.5, "SHAPE_1": "RECT", "CONDUIT_WI": 15000, "CONDUIT_HE": 2730, "US_INVERT": 26.069000000000003, "DS_INVERT": 26.065, "USER_TEXT2": "Proposal", "SHAPE.LEN": 91.5433230771092}}, {"type": "Feature", "id": 28292, "geometry": {"type": "LineString", "coordinates": [[72.88836964111255, 19.069351721912984], [72.88810403221838, 19.069124133224022]]}, "properties": {"OBJECTID": 28292, "US_NODE_ID": "2177098801", "DS_NODE_ID": "2177097805", "CONDUIT_LE": 37.6, "SHAPE_1": "OREC", "CONDUIT_WI": 5000, "CONDUIT_HE": 1706, "US_INVERT": 26.7, "DS_INVERT": 26.5, "USER_TEXT2": "Existing", "SHAPE.LEN": 37.6395065602619}}, {"type": "Feature", "id": 28488, "geometry": {"type": "LineString", "coordinates": [[72.8878278986727, 19.075489834309053], [72.88760896719205, 19.075316216027677]]}, "properties": {"OBJECTID": 28488, "US_NODE_ID": "2177107502!", "DS_NODE_ID": "2177107501!", "CONDUIT_LE": 30, "SHAPE_1": "OREC", "CONDUIT_WI": 13000, "CONDUIT_HE": 2103, "US_INVERT": 26.644000000000002, "DS_INVERT": 26.623, "USER_TEXT2": "Existing", "SHAPE.LEN": 30.0104367292447}}, {"type": "Feature", "id": 28591, "geometry": {"type": "LineString", "coordinates": [[72.8879258074416, 19.087138697285194], [72.88743678114913, 19.087195602620927]]}, "properties": {"OBJECTID": 28591, "US_NODE_ID": "2177117803", "DS_NODE_ID": "2177117802", "CONDUIT_LE": 51.9, "SHAPE_1": "OREC", "CONDUIT_WI": 1800, "CONDUIT_HE": 1939, "US_INVERT": 33.859, "DS_INVERT": 33.410000000000004, "USER_TEXT2": "Existing", "SHAPE.LEN": 51.8586690489642}}, {"type": "Feature", "id": 28648, "geometry": {"type": "LineString", "coordinates": [[72.8868314893635, 19.1001795264649], [72.88678417089555, 19.10016453097711]]}, "properties": {"OBJECTID": 28648, "US_NODE_ID": "2177136207", "DS_NODE_ID": "2177136206", "CONDUIT_LE": 5.2, "SHAPE_1": "RECT", "CONDUIT_WI": 13000, "CONDUIT_HE": 3756, "US_INVERT": 30.662000000000003, "DS_INVERT": 30.66, "USER_TEXT2": "Existing", "SHAPE.LEN": 5.249761899362669}}, {"type": "Feature", "id": 28275, "geometry": {"type": "LineString", "coordinates": [[72.88849809452744, 19.066125016433947], [72.8884744821454, 19.06605380814041]]}, "properties": {"OBJECTID": 28275, "US_NODE_ID": "2177098403", "DS_NODE_ID": "2177098402", "CONDUIT_LE": 8.3, "SHAPE_1": "RECT", "CONDUIT_WI": 4500, "CONDUIT_HE": 2495, "US_INVERT": 26.081, "DS_INVERT": 26.080000000000002, "USER_TEXT2": "Existing", "SHAPE.LEN": 8.26649090061799}}, {"type": "Feature", "id": 28286, "geometry": {"type": "LineString", "coordinates": [[72.8888593679875, 19.067021022092863], [72.88862371925465, 19.0667935380366]]}, "properties": {"OBJECTID": 28286, "US_NODE_ID": "2177098507", "DS_NODE_ID": "2177098505", "CONDUIT_LE": 35.4, "SHAPE_1": "OREC", "CONDUIT_WI": 7000, "CONDUIT_HE": 1517, "US_INVERT": 26.97, "DS_INVERT": 26.900000000000002, "USER_TEXT2": "Existing", "SHAPE.LEN": 35.35166054162101}}, {"type": "Feature", "id": 28289, "geometry": {"type": "LineString", "coordinates": [[72.88895122842422, 19.06728579714544], [72.88888958677833, 19.06718832426865]]}, "properties": {"OBJECTID": 28289, "US_NODE_ID": "2177098601", "DS_NODE_ID": "2177098509", "CONDUIT_LE": 12.6, "SHAPE_1": "OREC", "CONDUIT_WI": 7000, "CONDUIT_HE": 1369, "US_INVERT": 27, "DS_INVERT": 26.982000000000003, "USER_TEXT2": "Existing", "SHAPE.LEN": 12.592541140294099}}, {"type": "Feature", "id": 28494, "geometry": {"type": "LineString", "coordinates": [[72.88846921106881, 19.07602531421041], [72.88825659667094, 19.075847218264403]]}, "properties": {"OBJECTID": 28494, "US_NODE_ID": "2177108502!", "DS_NODE_ID": "2177108501!", "CONDUIT_LE": 29.8, "SHAPE_1": "OREC", "CONDUIT_WI": 13000, "CONDUIT_HE": 2090, "US_INVERT": 26.708000000000002, "DS_INVERT": 26.687, "USER_TEXT2": "Existing", "SHAPE.LEN": 29.828158196744198}}, {"type": "Feature", "id": 28502, "geometry": {"type": "LineString", "coordinates": [[72.88935420099723, 19.07670925791017], [72.88913326649876, 19.076539234065084]]}, "properties": {"OBJECTID": 28502, "US_NODE_ID": "2177109601!", "DS_NODE_ID": "2177108602!", "CONDUIT_LE": 29.900000000000002, "SHAPE_1": "OREC", "CONDUIT_WI": 13000, "CONDUIT_HE": 2014, "US_INVERT": 26.793000000000003, "DS_INVERT": 26.740000000000002, "USER_TEXT2": "Existing", "SHAPE.LEN": 29.920540904535798}}, {"type": "Feature", "id": 28666, "geometry": {"type": "LineString", "coordinates": [[72.88859346280691, 19.1032970658387], [72.88839414268999, 19.10283049719722]]}, "properties": {"OBJECTID": 28666, "US_NODE_ID": "2177138502", "DS_NODE_ID": "2177138501", "CONDUIT_LE": 55.800000000000004, "SHAPE_1": "RECT", "CONDUIT_WI": 6000, "CONDUIT_HE": 2000, "US_INVERT": 33.2, "DS_INVERT": 32.7, "USER_TEXT2": "Existing", "SHAPE.LEN": 55.7541029880313}}, {"type": "Feature", "id": 28699, "geometry": {"type": "LineString", "coordinates": [[72.88886416643335, 19.103952106226767], [72.88881748553312, 19.103763917654618]]}, "properties": {"OBJECTID": 28699, "US_NODE_ID": "2177139601", "DS_NODE_ID": "2177138604", "CONDUIT_LE": 21.400000000000002, "SHAPE_1": "OREC", "CONDUIT_WI": 5206, "CONDUIT_HE": 2605, "US_INVERT": 34.194, "DS_INVERT": 34.133, "USER_TEXT2": "Existing", "SHAPE.LEN": 21.4070138938153}}, {"type": "Feature", "id": 28304, "geometry": {"type": "LineString", "coordinates": [[72.89009948545811, 19.067733406148584], [72.88981495811319, 19.067765459854783]]}, "properties": {"OBJECTID": 28304, "US_NODE_ID": "2177099603", "DS_NODE_ID": "2177099602", "CONDUIT_LE": 30.2, "SHAPE_1": "OREC", "CONDUIT_WI": 7000, "CONDUIT_HE": 1177, "US_INVERT": 27.042, "DS_INVERT": 27.022000000000002, "USER_TEXT2": "Existing", "SHAPE.LEN": 30.162088490354897}}, {"type": "Feature", "id": 28504, "geometry": {"type": "LineString", "coordinates": [[72.88957524456661, 19.076881957373974], [72.88935420099723, 19.07670925791017]]}, "properties": {"OBJECTID": 28504, "US_NODE_ID": "2177109602!", "DS_NODE_ID": "2177109601!", "CONDUIT_LE": 30.1, "SHAPE_1": "OREC", "CONDUIT_WI": 13000, "CONDUIT_HE": 2023, "US_INVERT": 26.815, "DS_INVERT": 26.793000000000003, "USER_TEXT2": "Existing", "SHAPE.LEN": 30.1166437474364}}, {"type": "Feature", "id": 28505, "geometry": {"type": "LineString", "coordinates": [[72.88957524456661, 19.076881957373974], [72.88935420099723, 19.07670925791017]]}, "properties": {"OBJECTID": 28505, "US_NODE_ID": "2177109602", "DS_NODE_ID": "2177109601", "CONDUIT_LE": 30.1, "SHAPE_1": "OREC", "CONDUIT_WI": 13000, "CONDUIT_HE": 2023, "US_INVERT": 26.815, "DS_INVERT": 26.793000000000003, "USER_TEXT2": "Existing", "SHAPE.LEN": 30.1166437474364}}, {"type": "Feature", "id": 29204, "geometry": {"type": "LineString", "coordinates": [[72.8902706804726, 19.0773486113945], [72.8900234544298, 19.077215716545826]]}, "properties": {"OBJECTID": 29204, "US_NODE_ID": "2178100701", "DS_NODE_ID": "2177109701", "CONDUIT_LE": 29.900000000000002, "SHAPE_1": "OREC", "CONDUIT_WI": 13000, "CONDUIT_HE": 2239, "US_INVERT": 26.878, "DS_INVERT": 26.857000000000003, "USER_TEXT2": "Existing", "SHAPE.LEN": 29.8957522200061}}, {"type": "Feature", "id": 29374, "geometry": {"type": "LineString", "coordinates": [[72.89024367762191, 19.083424247370452], [72.8901768903691, 19.083145204171732]]}, "properties": {"OBJECTID": 29374, "US_NODE_ID": "2178110303!", "DS_NODE_ID": "2178110302!", "CONDUIT_LE": 31.7, "SHAPE_1": "RECT", "CONDUIT_WI": 3500, "CONDUIT_HE": 2319, "US_INVERT": 30.887, "DS_INVERT": 30.734, "USER_TEXT2": "Existing", "SHAPE.LEN": 31.684373785511397}}, {"type": "Feature", "id": 28624, "geometry": {"type": "LineString", "coordinates": [[72.88988401208726, 19.089110267699848], [72.89014761380423, 19.08875142627023]]}, "properties": {"OBJECTID": 28624, "US_NODE_ID": "2177129001", "DS_NODE_ID": "2178110902", "CONDUIT_LE": 48.5, "SHAPE_1": "OREC", "CONDUIT_WI": 1500, "CONDUIT_HE": 1500, "US_INVERT": 44.288000000000004, "DS_INVERT": 44.079, "USER_TEXT2": "Existing", "SHAPE.LEN": 48.4591705588323}}, {"type": "Feature", "id": 28677, "geometry": {"type": "LineString", "coordinates": [[72.88895124384632, 19.100486569411395], [72.88890854920285, 19.100481563475352]]}, "properties": {"OBJECTID": 28677, "US_NODE_ID": "2177139202", "DS_NODE_ID": "2177139201", "CONDUIT_LE": 4.5, "SHAPE_1": "OREC", "CONDUIT_WI": 13000, "CONDUIT_HE": 3635, "US_INVERT": 31.543000000000003, "DS_INVERT": 31.528000000000002, "USER_TEXT2": "Existing", "SHAPE.LEN": 4.52769256906871}}, {"type": "Feature", "id": 28680, "geometry": {"type": "LineString", "coordinates": [[72.88902236782317, 19.100722236063852], [72.88904442723712, 19.100556286675797]]}, "properties": {"OBJECTID": 28680, "US_NODE_ID": "2177139302", "DS_NODE_ID": "2177139203", "CONDUIT_LE": 18.5, "SHAPE_1": "OREC", "CONDUIT_WI": 13000, "CONDUIT_HE": 3128, "US_INVERT": 31.650000000000002, "DS_INVERT": 31.586000000000002, "USER_TEXT2": "Existing", "SHAPE.LEN": 18.519449235870898}}, {"type": "Feature", "id": 28681, "geometry": {"type": "LineString", "coordinates": [[72.88911513676526, 19.1009744098061], [72.8890159896694, 19.10084673879704]]}, "properties": {"OBJECTID": 28681, "US_NODE_ID": "2177139303", "DS_NODE_ID": "2177139301", "CONDUIT_LE": 17.6, "SHAPE_1": "OREC", "CONDUIT_WI": 13000, "CONDUIT_HE": 2951, "US_INVERT": 31.747, "DS_INVERT": 31.689, "USER_TEXT2": "Existing", "SHAPE.LEN": 17.569897425995396}}, {"type": "Feature", "id": 28682, "geometry": {"type": "LineString", "coordinates": [[72.88913030480717, 19.10126188973735], [72.88916743308145, 19.101121339741685]]}, "properties": {"OBJECTID": 28682, "US_NODE_ID": "2177139304", "DS_NODE_ID": "2177139305", "CONDUIT_LE": 16, "SHAPE_1": "OREC", "CONDUIT_WI": 13000, "CONDUIT_HE": 3342, "US_INVERT": 31.856, "DS_INVERT": 31.804000000000002, "USER_TEXT2": "Existing", "SHAPE.LEN": 16.044363617171}}, {"type": "Feature", "id": 28689, "geometry": {"type": "LineString", "coordinates": [[72.88930766238175, 19.102789639844744], [72.88945865847482, 19.102575914149284]]}, "properties": {"OBJECTID": 28689, "US_NODE_ID": "2177139502", "DS_NODE_ID": "2177139503", "CONDUIT_LE": 28.5, "SHAPE_1": "RECT", "CONDUIT_WI": 4500, "CONDUIT_HE": 1752, "US_INVERT": 32.954, "DS_INVERT": 32.917, "USER_TEXT2": "Existing", "SHAPE.LEN": 28.504363015159598}}, {"type": "Feature", "id": 28691, "geometry": {"type": "LineString", "coordinates": [[72.88954701311481, 19.102718825065057], [72.88968335100557, 19.102472228984176]]}, "properties": {"OBJECTID": 28691, "US_NODE_ID": "2177139504", "DS_NODE_ID": "2177139510", "CONDUIT_LE": 30.8, "SHAPE_1": "OREC", "CONDUIT_WI": 2493, "CONDUIT_HE": 1838, "US_INVERT": 33.326, "DS_INVERT": 32.797000000000004, "USER_TEXT2": "Existing", "SHAPE.LEN": 30.843478752079797}}, {"type": "Feature", "id": 28708, "geometry": {"type": "LineString", "coordinates": [[72.8893843452579, 19.104517450486927], [72.88926366494634, 19.104505810019692]]}, "properties": {"OBJECTID": 28708, "US_NODE_ID": "2177139705", "DS_NODE_ID": "2177139704", "CONDUIT_LE": 12.8, "SHAPE_1": "OREC", "CONDUIT_WI": 2440, "CONDUIT_HE": 2536, "US_INVERT": 34.463, "DS_INVERT": 34.427, "USER_TEXT2": "Existing", "SHAPE.LEN": 12.766597677141698}}, {"type": "Feature", "id": 29112, "geometry": {"type": "LineString", "coordinates": [[72.89151648474561, 19.06524163568249], [72.89124037597841, 19.065306566383487]]}, "properties": {"OBJECTID": 29112, "US_NODE_ID": "2178091302", "DS_NODE_ID": "2178091301", "CONDUIT_LE": 29.900000000000002, "SHAPE_1": "OREC", "CONDUIT_WI": 3612, "CONDUIT_HE": 1783, "US_INVERT": 26.386000000000003, "DS_INVERT": 26.379, "USER_TEXT2": "Existing", "SHAPE.LEN": 29.9425451765544}}, {"type": "Feature", "id": 29115, "geometry": {"type": "LineString", "coordinates": [[72.89127095910194, 19.065795740121803], [72.89140668772222, 19.06595536589159]]}, "properties": {"OBJECTID": 29115, "US_NODE_ID": "2178091401", "DS_NODE_ID": "2178091402", "CONDUIT_LE": 22.7, "SHAPE_1": "OREC", "CONDUIT_WI": 6000, "CONDUIT_HE": 1499, "US_INVERT": 26.832, "DS_INVERT": 26.813000000000002, "USER_TEXT2": "Existing", "SHAPE.LEN": 22.726636354727002}}, {"type": "Feature", "id": 29214, "geometry": {"type": "LineString", "coordinates": [[72.89065101267661, 19.077944615366636], [72.89065841152674, 19.077674813772077]]}, "properties": {"OBJECTID": 29214, "US_NODE_ID": "2178100706", "DS_NODE_ID": "2178100707", "CONDUIT_LE": 29.900000000000002, "SHAPE_1": "RECT", "CONDUIT_WI": 4500, "CONDUIT_HE": 1579, "US_INVERT": 28.027, "DS_INVERT": 28.006, "USER_TEXT2": "Existing", "SHAPE.LEN": 29.881540566041796}}, {"type": "Feature", "id": 29226, "geometry": {"type": "LineString", "coordinates": [[72.89068194389753, 19.078754695056237], [72.89068944736438, 19.07848489467713]]}, "properties": {"OBJECTID": 29226, "US_NODE_ID": "2178100803", "DS_NODE_ID": "2178100804", "CONDUIT_LE": 29.900000000000002, "SHAPE_1": "RECT", "CONDUIT_WI": 4500, "CONDUIT_HE": 1587, "US_INVERT": 28.089000000000002, "DS_INVERT": 28.068, "USER_TEXT2": "Existing", "SHAPE.LEN": 29.8816969063003}}, {"type": "Feature", "id": 29352, "geometry": {"type": "LineString", "coordinates": [[72.89039912811776, 19.081605414711238], [72.89058285777416, 19.08139825716031]]}, "properties": {"OBJECTID": 29352, "US_NODE_ID": "2178110101!", "DS_NODE_ID": "2178110102!", "CONDUIT_LE": 30, "SHAPE_1": "RECT", "CONDUIT_WI": 3500, "CONDUIT_HE": 2086, "US_INVERT": 28.912000000000003, "DS_INVERT": 28.807000000000002, "USER_TEXT2": "Existing", "SHAPE.LEN": 30.0012755878813}}, {"type": "Feature", "id": 29592, "geometry": {"type": "LineString", "coordinates": [[72.89082921384603, 19.101428530349793], [72.89062345268638, 19.10161947352288]]}, "properties": {"OBJECTID": 29592, "US_NODE_ID": "2178131301", "DS_NODE_ID": "2178130407", "CONDUIT_LE": 30.3, "SHAPE_1": "OREC", "CONDUIT_WI": 3925, "CONDUIT_HE": 2277, "US_INVERT": 33.121, "DS_INVERT": 32.863, "USER_TEXT2": "Existing", "SHAPE.LEN": 30.2641702347842}}, {"type": "Feature", "id": 29572, "geometry": {"type": "LineString", "coordinates": [[72.89043852675609, 19.10355089110435], [72.89037130623012, 19.103516919099885]]}, "properties": {"OBJECTID": 29572, "US_NODE_ID": "2178130607", "DS_NODE_ID": "2178130606", "CONDUIT_LE": 8, "SHAPE_1": "RECT", "CONDUIT_WI": 5500, "CONDUIT_HE": 2587, "US_INVERT": 34.711, "DS_INVERT": 34.657000000000004, "USER_TEXT2": "Existing", "SHAPE.LEN": 8.012546323111021}}, {"type": "Feature", "id": 29574, "geometry": {"type": "LineString", "coordinates": [[72.89074184516888, 19.103373181879476], [72.89063371816403, 19.103312267187896]]}, "properties": {"OBJECTID": 29574, "US_NODE_ID": "2178130609", "DS_NODE_ID": "2178130501", "CONDUIT_LE": 13.200000000000001, "SHAPE_1": "OREC", "CONDUIT_WI": 3538, "CONDUIT_HE": 2077, "US_INVERT": 34.919000000000004, "DS_INVERT": 34.869, "USER_TEXT2": "Existing", "SHAPE.LEN": 13.2285603166029}}, {"type": "Feature", "id": 29604, "geometry": {"type": "LineString", "coordinates": [[72.8909939873214, 19.10358818491092], [72.8909521584696, 19.103534456754407]]}, "properties": {"OBJECTID": 29604, "US_NODE_ID": "2178131603", "DS_NODE_ID": "2178131602", "CONDUIT_LE": 7.4, "SHAPE_1": "OREC", "CONDUIT_WI": 2500, "CONDUIT_HE": 2524, "US_INVERT": 35.065000000000005, "DS_INVERT": 34.982, "USER_TEXT2": "Existing", "SHAPE.LEN": 7.4004790689522295}}, {"type": "Feature", "id": 29616, "geometry": {"type": "LineString", "coordinates": [[72.89104053543768, 19.10694453665896], [72.89033625427159, 19.106583285295653]]}, "properties": {"OBJECTID": 29616, "US_NODE_ID": "2178131901", "DS_NODE_ID": "2178130901", "CONDUIT_LE": 84.2, "SHAPE_1": "RECT", "CONDUIT_WI": 6000, "CONDUIT_HE": 3000, "US_INVERT": 35.47, "DS_INVERT": 35.048, "USER_TEXT2": "Proposal", "SHAPE.LEN": 84.225708664279}}, {"type": "Feature", "id": 29119, "geometry": {"type": "LineString", "coordinates": [[72.89189125261028, 19.066625719035684], [72.89204227338838, 19.066853265107014]]}, "properties": {"OBJECTID": 29119, "US_NODE_ID": "2178091502", "DS_NODE_ID": "2178091503", "CONDUIT_LE": 29.8, "SHAPE_1": "OREC", "CONDUIT_WI": 4972, "CONDUIT_HE": 1563, "US_INVERT": 26.739, "DS_INVERT": 26.724, "USER_TEXT2": "Existing", "SHAPE.LEN": 29.789931184881898}}, {"type": "Feature", "id": 29414, "geometry": {"type": "LineString", "coordinates": [[72.89210540721487, 19.080688247201095], [72.89219968658095, 19.080424567158566]]}, "properties": {"OBJECTID": 29414, "US_NODE_ID": "2178112001!", "DS_NODE_ID": "2178112002!", "CONDUIT_LE": 30.8, "SHAPE_1": "OREC", "CONDUIT_WI": 7200, "CONDUIT_HE": 1594, "US_INVERT": 27.614, "DS_INVERT": 27.596, "USER_TEXT2": "Existing", "SHAPE.LEN": 30.8343294340902}}, {"type": "Feature", "id": 29392, "geometry": {"type": "LineString", "coordinates": [[72.891865312416, 19.081372882150923], [72.89195250209308, 19.08114051819223]]}, "properties": {"OBJECTID": 29392, "US_NODE_ID": "2178111101!", "DS_NODE_ID": "2178111103!", "CONDUIT_LE": 27.3, "SHAPE_1": "OREC", "CONDUIT_WI": 5400, "CONDUIT_HE": 2136, "US_INVERT": 27.663, "DS_INVERT": 27.649, "USER_TEXT2": "Existing", "SHAPE.LEN": 27.3144934926496}}, {"type": "Feature", "id": 29452, "geometry": {"type": "LineString", "coordinates": [[72.89324373625391, 19.084704079610802], [72.8924711947662, 19.084129779132976]]}, "properties": {"OBJECTID": 29452, "US_NODE_ID": "2178113502!", "DS_NODE_ID": "2178112402!", "CONDUIT_LE": 103.2, "SHAPE_1": "OREC", "CONDUIT_WI": 7000, "CONDUIT_HE": 3582, "US_INVERT": 28.226000000000003, "DS_INVERT": 28.122, "USER_TEXT2": "Existing", "SHAPE.LEN": 103.226036260674}}, {"type": "Feature", "id": 29143, "geometry": {"type": "LineString", "coordinates": [[72.89377558745493, 19.06249617860215], [72.89347632065311, 19.062515862647878]]}, "properties": {"OBJECTID": 29143, "US_NODE_ID": "2178093006", "DS_NODE_ID": "2178093005", "CONDUIT_LE": 31.6, "SHAPE_1": "OREC", "CONDUIT_WI": 4000, "CONDUIT_HE": 2387, "US_INVERT": 26.581, "DS_INVERT": 26.557000000000002, "USER_TEXT2": "Existing", "SHAPE.LEN": 31.5804363593982}}, {"type": "Feature", "id": 29135, "geometry": {"type": "LineString", "coordinates": [[72.89281157398582, 19.067995672703166], [72.89298326576488, 19.06824151999975]]}, "properties": {"OBJECTID": 29135, "US_NODE_ID": "2178092604", "DS_NODE_ID": "2178092701", "CONDUIT_LE": 32.7, "SHAPE_1": "OREC", "CONDUIT_WI": 7000, "CONDUIT_HE": 1555, "US_INVERT": 26.587, "DS_INVERT": 26.553, "USER_TEXT2": "Existing", "SHAPE.LEN": 32.673536692559004}}, {"type": "Feature", "id": 29152, "geometry": {"type": "LineString", "coordinates": [[72.8932160480457, 19.068163788414378], [72.89352313868716, 19.06814471534282]]}, "properties": {"OBJECTID": 29152, "US_NODE_ID": "2178093702", "DS_NODE_ID": "2178093601", "CONDUIT_LE": 32.4, "SHAPE_1": "OREC", "CONDUIT_WI": 5000, "CONDUIT_HE": 2086, "US_INVERT": 26.446, "DS_INVERT": 26.399, "USER_TEXT2": "Existing", "SHAPE.LEN": 32.396604760375695}}, {"type": "Feature", "id": 29249, "geometry": {"type": "LineString", "coordinates": [[72.89291252959212, 19.073535726145945], [72.89403821331896, 19.074370573930292]]}, "properties": {"OBJECTID": 29249, "US_NODE_ID": "2178102201!", "DS_NODE_ID": "2178104301!", "CONDUIT_LE": 150.3, "SHAPE_1": "OREC", "CONDUIT_WI": 15000, "CONDUIT_HE": 2478, "US_INVERT": 26.02, "DS_INVERT": 26.011000000000003, "USER_TEXT2": "Proposal", "SHAPE.LEN": 150.283598572832}}, {"type": "Feature", "id": 29444, "geometry": {"type": "LineString", "coordinates": [[72.89308613499213, 19.081518165869284], [72.89282018523579, 19.081437442853996]]}, "properties": {"OBJECTID": 29444, "US_NODE_ID": "2178113101!", "DS_NODE_ID": "2178112106!", "CONDUIT_LE": 29.400000000000002, "SHAPE_1": "OREC", "CONDUIT_WI": 4800, "CONDUIT_HE": 1161, "US_INVERT": 27.738000000000003, "DS_INVERT": 27.731, "USER_TEXT2": "Existing", "SHAPE.LEN": 29.386561554561002}}, {"type": "Feature", "id": 29449, "geometry": {"type": "LineString", "coordinates": [[72.89323910348209, 19.081579924141142], [72.89313279995966, 19.08153775769739]]}, "properties": {"OBJECTID": 29449, "US_NODE_ID": "2178113103", "DS_NODE_ID": "2178113102", "CONDUIT_LE": 12.1, "SHAPE_1": "RECT", "CONDUIT_WI": 4800, "CONDUIT_HE": 1503, "US_INVERT": 27.763, "DS_INVERT": 27.75, "USER_TEXT2": "Existing", "SHAPE.LEN": 12.1245949610698}}, {"type": "Feature", "id": 29450, "geometry": {"type": "LineString", "coordinates": [[72.89300686696785, 19.08500651119942], [72.89273971584544, 19.084906630746378]]}, "properties": {"OBJECTID": 29450, "US_NODE_ID": "2178113501!", "DS_NODE_ID": "2178112503!", "CONDUIT_LE": 30.2, "SHAPE_1": "OREC", "CONDUIT_WI": 4000, "CONDUIT_HE": 3653, "US_INVERT": 33.333, "DS_INVERT": 33.267, "USER_TEXT2": "Existing", "SHAPE.LEN": 30.2166343997805}}, {"type": "Feature", "id": 29458, "geometry": {"type": "LineString", "coordinates": [[72.89380323992658, 19.08530205646297], [72.893537120984, 19.085203265597226]]}, "properties": {"OBJECTID": 29458, "US_NODE_ID": "2178113505!", "DS_NODE_ID": "2178113504!", "CONDUIT_LE": 30.1, "SHAPE_1": "OREC", "CONDUIT_WI": 4000, "CONDUIT_HE": 2926, "US_INVERT": 33.53, "DS_INVERT": 33.464, "USER_TEXT2": "Existing", "SHAPE.LEN": 30.0714026518551}}, {"type": "Feature", "id": 29652, "geometry": {"type": "LineString", "coordinates": [[72.89324943681078, 19.102179441072057], [72.89321522858941, 19.102354211828562], [72.89319505472675, 19.102361287543552]]}, "properties": {"OBJECTID": 29652, "US_NODE_ID": "2178133403", "DS_NODE_ID": "2178133402", "CONDUIT_LE": 21.900000000000002, "SHAPE_1": "OREC", "CONDUIT_WI": 2500, "CONDUIT_HE": 1391, "US_INVERT": 36.407000000000004, "DS_INVERT": 36.141, "USER_TEXT2": "Proposal", "SHAPE.LEN": 21.9452624855628}}, {"type": "Feature", "id": 29661, "geometry": {"type": "LineString", "coordinates": [[72.89306117876805, 19.10492795437414], [72.89301278091672, 19.10490326848554]]}, "properties": {"OBJECTID": 29661, "US_NODE_ID": "2178133705", "DS_NODE_ID": "2178133704", "CONDUIT_LE": 5.8, "SHAPE_1": "OREC", "CONDUIT_WI": 3000, "CONDUIT_HE": 2149, "US_INVERT": 36.508, "DS_INVERT": 36.474000000000004, "USER_TEXT2": "Existing", "SHAPE.LEN": 5.7806918487323005}}, {"type": "Feature", "id": 29715, "geometry": {"type": "LineString", "coordinates": [[72.89283402926364, 19.107510656677697], [72.89253130711282, 19.107629132600607]]}, "properties": {"OBJECTID": 29715, "US_NODE_ID": "2178143001", "DS_NODE_ID": "2178142004", "CONDUIT_LE": 34.5, "SHAPE_1": "OREC", "CONDUIT_WI": 4563, "CONDUIT_HE": 2000, "US_INVERT": 37.437000000000005, "DS_INVERT": 37.246, "USER_TEXT2": "Proposal", "SHAPE.LEN": 34.4548980552838}}, {"type": "Feature", "id": 29708, "geometry": {"type": "LineString", "coordinates": [[72.89229077457087, 19.108619065859443], [72.89224649884879, 19.1083594942853]]}, "properties": {"OBJECTID": 29708, "US_NODE_ID": "2178142102", "DS_NODE_ID": "2178142101", "CONDUIT_LE": 29.1, "SHAPE_1": "OREC", "CONDUIT_WI": 3000, "CONDUIT_HE": 2857, "US_INVERT": 38.062000000000005, "DS_INVERT": 37.901, "USER_TEXT2": "Existing", "SHAPE.LEN": 29.114152037282498}}, {"type": "Feature", "id": 29168, "geometry": {"type": "LineString", "coordinates": [[72.89444535833822, 19.069516490737886], [72.89460020733333, 19.06974227233084]]}, "properties": {"OBJECTID": 29168, "US_NODE_ID": "2178094802", "DS_NODE_ID": "2178094803", "CONDUIT_LE": 29.8, "SHAPE_1": "RECT", "CONDUIT_WI": 5000, "CONDUIT_HE": 2294, "US_INVERT": 26.158, "DS_INVERT": 26.127000000000002, "USER_TEXT2": "Existing", "SHAPE.LEN": 29.842922108935596}}, {"type": "Feature", "id": 29466, "geometry": {"type": "LineString", "coordinates": [[72.89433894530029, 19.085482318470202], [72.89407050306032, 19.085393190322723]]}, "properties": {"OBJECTID": 29466, "US_NODE_ID": "2178114602!", "DS_NODE_ID": "2178114601!", "CONDUIT_LE": 29.900000000000002, "SHAPE_1": "OREC", "CONDUIT_WI": 4000, "CONDUIT_HE": 3045, "US_INVERT": 33.661, "DS_INVERT": 33.595, "USER_TEXT2": "Existing", "SHAPE.LEN": 29.929734981954}}, {"type": "Feature", "id": 29530, "geometry": {"type": "LineString", "coordinates": [[72.8944597146733, 19.090778006209835], [72.89462767843105, 19.090719406701773]]}, "properties": {"OBJECTID": 29530, "US_NODE_ID": "2178124202!", "DS_NODE_ID": "2178124101!", "CONDUIT_LE": 18.8, "SHAPE_1": "RECT", "CONDUIT_WI": 2000, "CONDUIT_HE": 2000, "US_INVERT": 43.1, "DS_INVERT": 42.7, "USER_TEXT2": "Existing", "SHAPE.LEN": 18.8321533553654}}, {"type": "Feature", "id": 29533, "geometry": {"type": "LineString", "coordinates": [[72.89448875359135, 19.096819452076403], [72.89427508254087, 19.096956661524676]]}, "properties": {"OBJECTID": 29533, "US_NODE_ID": "2178124802", "DS_NODE_ID": "2178124801", "CONDUIT_LE": 27.1, "SHAPE_1": "RECT", "CONDUIT_WI": 5500, "CONDUIT_HE": 1539, "US_INVERT": 38.787, "DS_INVERT": 38.605000000000004, "USER_TEXT2": "Existing", "SHAPE.LEN": 27.139468132224003}}, {"type": "Feature", "id": 29676, "geometry": {"type": "LineString", "coordinates": [[72.89427356849362, 19.105713355416352], [72.89423967447105, 19.105688579216096]]}, "properties": {"OBJECTID": 29676, "US_NODE_ID": "2178134808", "DS_NODE_ID": "2178134807", "CONDUIT_LE": 4.5, "SHAPE_1": "RECT", "CONDUIT_WI": 3500, "CONDUIT_HE": 1986, "US_INVERT": 38.410000000000004, "DS_INVERT": 38.337, "USER_TEXT2": "Existing", "SHAPE.LEN": 4.5}}, {"type": "Feature", "id": 29730, "geometry": {"type": "LineString", "coordinates": [[72.8939938030308, 19.108013931060672], [72.89390862914209, 19.10799819778132]]}, "properties": {"OBJECTID": 29730, "US_NODE_ID": "2178144102", "DS_NODE_ID": "2178144101", "CONDUIT_LE": 9.1, "SHAPE_1": "OREC", "CONDUIT_WI": 4200, "CONDUIT_HE": 2000, "US_INVERT": 37.973, "DS_INVERT": 37.972, "USER_TEXT2": "Proposal", "SHAPE.LEN": 9.13186013142996}}, {"type": "Feature", "id": 29731, "geometry": {"type": "LineString", "coordinates": [[72.89415341990643, 19.108013508336654], [72.8939938030308, 19.108013931060672]]}, "properties": {"OBJECTID": 29731, "US_NODE_ID": "2178144103", "DS_NODE_ID": "2178144102", "CONDUIT_LE": 16.8, "SHAPE_1": "OREC", "CONDUIT_WI": 4200, "CONDUIT_HE": 2000, "US_INVERT": 38.067, "DS_INVERT": 37.973, "USER_TEXT2": "Proposal", "SHAPE.LEN": 16.7990454740738}}, {"type": "Feature", "id": 29180, "geometry": {"type": "LineString", "coordinates": [[72.89521578500569, 19.07064716066928], [72.89529576353205, 19.07078356564216]]}, "properties": {"OBJECTID": 29180, "US_NODE_ID": "2178095902", "DS_NODE_ID": "2178095903", "CONDUIT_LE": 17.3, "SHAPE_1": "RECT", "CONDUIT_WI": 7000, "CONDUIT_HE": 2008, "US_INVERT": 26.039, "DS_INVERT": 26.028000000000002, "USER_TEXT2": "Existing", "SHAPE.LEN": 17.2904597972408}}, {"type": "Feature", "id": 29473, "geometry": {"type": "LineString", "coordinates": [[72.8951503781901, 19.085742047444914], [72.89487989452863, 19.085656800147067]]}, "properties": {"OBJECTID": 29473, "US_NODE_ID": "2178115602", "DS_NODE_ID": "2178115601", "CONDUIT_LE": 30, "SHAPE_1": "OREC", "CONDUIT_WI": 3226, "CONDUIT_HE": 2388, "US_INVERT": 33.818000000000005, "DS_INVERT": 33.792, "USER_TEXT2": "Existing", "SHAPE.LEN": 29.994664374185003}}, {"type": "Feature", "id": 29538, "geometry": {"type": "LineString", "coordinates": [[72.89524145801688, 19.08936698940404], [72.89533798866476, 19.089322025269716]]}, "properties": {"OBJECTID": 29538, "US_NODE_ID": "2178125002!", "DS_NODE_ID": "2178125003!", "CONDUIT_LE": 11.3, "SHAPE_1": "RECT", "CONDUIT_WI": 2000, "CONDUIT_HE": 2000, "US_INVERT": 37.6, "DS_INVERT": 37.300000000000004, "USER_TEXT2": "Existing", "SHAPE.LEN": 11.3145923479372}}, {"type": "Feature", "id": 29680, "geometry": {"type": "LineString", "coordinates": [[72.89508086047174, 19.10236511243669], [72.89509479803294, 19.102164744494104]]}, "properties": {"OBJECTID": 29680, "US_NODE_ID": "2178135403", "DS_NODE_ID": "2178135404", "CONDUIT_LE": 22.2, "SHAPE_1": "OREC", "CONDUIT_WI": 2500, "CONDUIT_HE": 1698, "US_INVERT": 38.7, "DS_INVERT": 38.2, "USER_TEXT2": "Proposal", "SHAPE.LEN": 22.2324087763787}}, {"type": "Feature", "id": 29740, "geometry": {"type": "LineString", "coordinates": [[72.89521772551352, 19.108403938953185], [72.89500042268733, 19.108394294263505]]}, "properties": {"OBJECTID": 29740, "US_NODE_ID": "2178145106", "DS_NODE_ID": "2178145105", "CONDUIT_LE": 22.900000000000002, "SHAPE_1": "OREC", "CONDUIT_WI": 4200, "CONDUIT_HE": 2000, "US_INVERT": 38.71, "DS_INVERT": 38.544000000000004, "USER_TEXT2": "Proposal", "SHAPE.LEN": 22.895023573912297}}, {"type": "Feature", "id": 19100, "geometry": {"type": "LineString", "coordinates": [[72.85033282948137, 19.08625962000927], [72.84973069074887, 19.08631672373728]]}, "properties": {"OBJECTID": 19100, "US_NODE_ID": "2173118701", "DS_NODE_ID": "2173117702", "CONDUIT_LE": 63.7, "SHAPE_1": "RECT", "CONDUIT_WI": 3000, "CONDUIT_HE": 2000, "US_INVERT": 26.543000000000003, "DS_INVERT": 26.415000000000003, "USER_TEXT2": "Proposal", "SHAPE.LEN": 63.696938701950195}}, {"type": "Feature", "id": 19240, "geometry": {"type": "LineString", "coordinates": [[72.85108692072022, 19.09297871324187], [72.84880093668335, 19.092169805506238]]}, "properties": {"OBJECTID": 19240, "US_NODE_ID": "2173129503", "DS_NODE_ID": "2173126401", "CONDUIT_LE": 256.7, "SHAPE_1": "RECT", "CONDUIT_WI": 7000, "CONDUIT_HE": 2500, "US_INVERT": 28.2, "DS_INVERT": 27.8, "USER_TEXT2": "Proposal", "SHAPE.LEN": 256.74588604299004}}, {"type": "Feature", "id": 19106, "geometry": {"type": "LineString", "coordinates": [[72.85179346699942, 19.08608426490315], [72.8512349503571, 19.086221368973366]]}, "properties": {"OBJECTID": 19106, "US_NODE_ID": "2173119703", "DS_NODE_ID": "2173119702", "CONDUIT_LE": 60.7, "SHAPE_1": "RECT", "CONDUIT_WI": 3000, "CONDUIT_HE": 2000, "US_INVERT": 27.044, "DS_INVERT": 26.922, "USER_TEXT2": "Proposal", "SHAPE.LEN": 60.71877798506819}}, {"type": "Feature", "id": 19243, "geometry": {"type": "LineString", "coordinates": [[72.8514937664764, 19.093405281013727], [72.85108692072022, 19.09297871324187]]}, "properties": {"OBJECTID": 19243, "US_NODE_ID": "2173129506", "DS_NODE_ID": "2173129503", "CONDUIT_LE": 63.800000000000004, "SHAPE_1": "RECT", "CONDUIT_WI": 3000, "CONDUIT_HE": 2500, "US_INVERT": 28.894000000000002, "DS_INVERT": 28.661, "USER_TEXT2": "Proposal", "SHAPE.LEN": 63.753039143244}}, {"type": "Feature", "id": 19235, "geometry": {"type": "LineString", "coordinates": [[72.8508304779146, 19.093438723651847], [72.85077170702043, 19.093398264683636]]}, "properties": {"OBJECTID": 19235, "US_NODE_ID": "2173128502", "DS_NODE_ID": "2173128501", "CONDUIT_LE": 7.6000000000000005, "SHAPE_1": "RECT", "CONDUIT_WI": 3000, "CONDUIT_HE": 2202, "US_INVERT": 28.946, "DS_INVERT": 28.913, "USER_TEXT2": "Existing", "SHAPE.LEN": 7.63767891770792}}, {"type": "Feature", "id": 19319, "geometry": {"type": "LineString", "coordinates": [[72.85072292464315, 19.112989705315197], [72.85059161362042, 19.113003526761705]]}, "properties": {"OBJECTID": 19319, "US_NODE_ID": "2173149701", "DS_NODE_ID": "2173148710", "CONDUIT_LE": 13.9, "SHAPE_1": "OREC", "CONDUIT_WI": 4500, "CONDUIT_HE": 2998, "US_INVERT": 34.800000000000004, "DS_INVERT": 34.723, "USER_TEXT2": "Existing", "SHAPE.LEN": 13.904315876734099}}, {"type": "Feature", "id": 19321, "geometry": {"type": "LineString", "coordinates": [[72.85110190848827, 19.115133942422105], [72.8509467977869, 19.11478347437239]]}, "properties": {"OBJECTID": 19321, "US_NODE_ID": "2173149902", "DS_NODE_ID": "2173149901", "CONDUIT_LE": 42.1, "SHAPE_1": "RECT", "CONDUIT_WI": 5000, "CONDUIT_HE": 1403, "US_INVERT": 36.595, "DS_INVERT": 36.4, "USER_TEXT2": "Existing", "SHAPE.LEN": 42.0975058643621}}, {"type": "Feature", "id": 18848, "geometry": {"type": "LineString", "coordinates": [[72.85227577805996, 19.06016545808993], [72.85232453504052, 19.060288869213608]]}, "properties": {"OBJECTID": 18848, "US_NODE_ID": "2173089801", "DS_NODE_ID": "2173089802", "CONDUIT_LE": 14.6, "SHAPE_1": "RECT", "CONDUIT_WI": 5000, "CONDUIT_HE": 2500, "US_INVERT": 24.75, "DS_INVERT": 24.727, "USER_TEXT2": "Proposal", "SHAPE.LEN": 14.596232390586298}}, {"type": "Feature", "id": 18849, "geometry": {"type": "LineString", "coordinates": [[72.85232453504052, 19.060288869213608], [72.85244139001054, 19.060582886169698]]}, "properties": {"OBJECTID": 18849, "US_NODE_ID": "2173089802", "DS_NODE_ID": "2174080901", "CONDUIT_LE": 34.800000000000004, "SHAPE_1": "RECT", "CONDUIT_WI": 5000, "CONDUIT_HE": 2500, "US_INVERT": 24.727, "DS_INVERT": 24.672, "USER_TEXT2": "Proposal", "SHAPE.LEN": 34.8001436778643}}, {"type": "Feature", "id": 22544, "geometry": {"type": "LineString", "coordinates": [[72.85251365604599, 19.08630312083824], [72.85250276927965, 19.086263250583702]]}, "properties": {"OBJECTID": 22544, "US_NODE_ID": "2174110702", "DS_NODE_ID": "2174110701", "CONDUIT_LE": 4.6000000000000005, "SHAPE_1": "RECT", "CONDUIT_WI": 3000, "CONDUIT_HE": 2000, "US_INVERT": 27.235000000000003, "DS_INVERT": 27.226000000000003, "USER_TEXT2": "Proposal", "SHAPE.LEN": 4.5607017003965495}}, {"type": "Feature", "id": 22411, "geometry": {"type": "LineString", "coordinates": [[72.85292991401748, 19.061153111721584], [72.85326158345241, 19.061289752025083]]}, "properties": {"OBJECTID": 22411, "US_NODE_ID": "2174080904", "DS_NODE_ID": "2174080905", "CONDUIT_LE": 38.1, "SHAPE_1": "RECT", "CONDUIT_WI": 5000, "CONDUIT_HE": 2500, "US_INVERT": 24.533, "DS_INVERT": 24.473000000000003, "USER_TEXT2": "Proposal", "SHAPE.LEN": 38.0539091290238}}, {"type": "Feature", "id": 22424, "geometry": {"type": "LineString", "coordinates": [[72.8531138131485, 19.066347190917067], [72.85330261923227, 19.066144349261783]]}, "properties": {"OBJECTID": 22424, "US_NODE_ID": "2174090502", "DS_NODE_ID": "2174091501", "CONDUIT_LE": 30, "SHAPE_1": "OREC", "CONDUIT_WI": 60000, "CONDUIT_HE": 4687, "US_INVERT": 23.321, "DS_INVERT": 23.31, "USER_TEXT2": "Existing", "SHAPE.LEN": 29.9908319324423}}, {"type": "Feature", "id": 22423, "geometry": {"type": "LineString", "coordinates": [[72.8529673882244, 19.066578526906984], [72.8531138131485, 19.066347190917067]]}, "properties": {"OBJECTID": 22423, "US_NODE_ID": "2174090501", "DS_NODE_ID": "2174090502", "CONDUIT_LE": 29.900000000000002, "SHAPE_1": "OREC", "CONDUIT_WI": 60000, "CONDUIT_HE": 5317, "US_INVERT": 23.333000000000002, "DS_INVERT": 23.321, "USER_TEXT2": "Existing", "SHAPE.LEN": 29.8939793269481}}, {"type": "Feature", "id": 22514, "geometry": {"type": "LineString", "coordinates": [[72.85506963551391, 19.070641472651133], [72.85368738453532, 19.070347180399168]]}, "properties": {"OBJECTID": 22514, "US_NODE_ID": "2174103001", "DS_NODE_ID": "2174091901", "CONDUIT_LE": 149.1, "SHAPE_1": "OREC", "CONDUIT_WI": 3000, "CONDUIT_HE": 1444, "US_INVERT": 26.056, "DS_INVERT": 25.87, "USER_TEXT2": "Proposal", "SHAPE.LEN": 149.115559214993}}, {"type": "Feature", "id": 22500, "geometry": {"type": "LineString", "coordinates": [[72.85370139023043, 19.07545527579724], [72.85350341028432, 19.07504198721544]]}, "properties": {"OBJECTID": 22500, "US_NODE_ID": "2174101503", "DS_NODE_ID": "2174101501", "CONDUIT_LE": 50.300000000000004, "SHAPE_1": "RECT", "CONDUIT_WI": 2000, "CONDUIT_HE": 2000, "US_INVERT": 24.900000000000002, "DS_INVERT": 24.777, "USER_TEXT2": "Existing", "SHAPE.LEN": 50.28130865440949}}, {"type": "Feature", "id": 22503, "geometry": {"type": "LineString", "coordinates": [[72.85366645060986, 19.076323804267616], [72.85372850054135, 19.07600567638766]]}, "properties": {"OBJECTID": 22503, "US_NODE_ID": "2174101603", "DS_NODE_ID": "2174101604", "CONDUIT_LE": 35.800000000000004, "SHAPE_1": "RECT", "CONDUIT_WI": 1500, "CONDUIT_HE": 1500, "US_INVERT": 25.527, "DS_INVERT": 25.297, "USER_TEXT2": "Existing", "SHAPE.LEN": 35.8231768552148}}, {"type": "Feature", "id": 22454, "geometry": {"type": "LineString", "coordinates": [[72.85478052892562, 19.064169860516728], [72.85490431616216, 19.06392561364134]]}, "properties": {"OBJECTID": 22454, "US_NODE_ID": "2174092304", "DS_NODE_ID": "2174092201", "CONDUIT_LE": 30, "SHAPE_1": "OREC", "CONDUIT_WI": 60000, "CONDUIT_HE": 5141, "US_INVERT": 23.207, "DS_INVERT": 23.195, "USER_TEXT2": "Existing", "SHAPE.LEN": 30.0188274254675}}, {"type": "Feature", "id": 22449, "geometry": {"type": "LineString", "coordinates": [[72.85503000263061, 19.06368138873781], [72.85515283926799, 19.063437130564]]}, "properties": {"OBJECTID": 22449, "US_NODE_ID": "2174092202", "DS_NODE_ID": "2174092203", "CONDUIT_LE": 30, "SHAPE_1": "OREC", "CONDUIT_WI": 60000, "CONDUIT_HE": 4816, "US_INVERT": 23.184, "DS_INVERT": 23.172, "USER_TEXT2": "Existing", "SHAPE.LEN": 29.9766575855281}}, {"type": "Feature", "id": 22516, "geometry": {"type": "LineString", "coordinates": [[72.85513668658588, 19.07510074490234], [72.85448399267138, 19.074881785342125]]}, "properties": {"OBJECTID": 22516, "US_NODE_ID": "2174103501", "DS_NODE_ID": "2174102401", "CONDUIT_LE": 72.9, "SHAPE_1": "RECT", "CONDUIT_WI": 6800, "CONDUIT_HE": 3500, "US_INVERT": 24.574, "DS_INVERT": 24.517, "USER_TEXT2": "Existing", "SHAPE.LEN": 72.8598654953466}}, {"type": "Feature", "id": 22574, "geometry": {"type": "LineString", "coordinates": [[72.85401867214674, 19.09830869932852], [72.85371753001886, 19.097494064014423]]}, "properties": {"OBJECTID": 22574, "US_NODE_ID": "2174132001", "DS_NODE_ID": "2174121905", "CONDUIT_LE": 95.60000000000001, "SHAPE_1": "RECT", "CONDUIT_WI": 3000, "CONDUIT_HE": 2500, "US_INVERT": 31.058, "DS_INVERT": 30.728, "USER_TEXT2": "Proposal", "SHAPE.LEN": 95.602719626588}}, {"type": "Feature", "id": 22586, "geometry": {"type": "LineString", "coordinates": [[72.85439009341196, 19.101810974939387], [72.85441148565685, 19.10154140051336]]}, "properties": {"OBJECTID": 22586, "US_NODE_ID": "2174132401", "DS_NODE_ID": "2174132403", "CONDUIT_LE": 29.900000000000002, "SHAPE_1": "RECT", "CONDUIT_WI": 3000, "CONDUIT_HE": 2172, "US_INVERT": 34.053000000000004, "DS_INVERT": 33.883, "USER_TEXT2": "Existing", "SHAPE.LEN": 29.9317459821508}}, {"type": "Feature", "id": 22598, "geometry": {"type": "LineString", "coordinates": [[72.85503158048677, 19.10103208247239], [72.85437489744886, 19.1010009336362]]}, "properties": {"OBJECTID": 22598, "US_NODE_ID": "2174133302", "DS_NODE_ID": "2174132304", "CONDUIT_LE": 69.2, "SHAPE_1": "RECT", "CONDUIT_WI": 2000, "CONDUIT_HE": 2000, "US_INVERT": 33.868, "DS_INVERT": 33.541000000000004, "USER_TEXT2": "Existing", "SHAPE.LEN": 69.2035075906561}}, {"type": "Feature", "id": 22462, "geometry": {"type": "LineString", "coordinates": [[72.85540228737217, 19.062950464282792], [72.85558074328667, 19.062739369934572]]}, "properties": {"OBJECTID": 22462, "US_NODE_ID": "2174093102", "DS_NODE_ID": "2174093103", "CONDUIT_LE": 30, "SHAPE_1": "OREC", "CONDUIT_WI": 60000, "CONDUIT_HE": 5359, "US_INVERT": 23.149, "DS_INVERT": 23.138, "USER_TEXT2": "Existing", "SHAPE.LEN": 29.986830442712698}}, {"type": "Feature", "id": 22468, "geometry": {"type": "LineString", "coordinates": [[72.85623235832924, 19.065846035943068], [72.85550102794858, 19.066425554409733]]}, "properties": {"OBJECTID": 22468, "US_NODE_ID": "2174094401", "DS_NODE_ID": "2174093501", "CONDUIT_LE": 100.2, "SHAPE_1": "OREC", "CONDUIT_WI": 1500, "CONDUIT_HE": 2000, "US_INVERT": 25.392, "DS_INVERT": 25.264000000000003, "USER_TEXT2": "Existing", "SHAPE.LEN": 100.22200357207001}}, {"type": "Feature", "id": 22515, "geometry": {"type": "LineString", "coordinates": [[72.8560147385816, 19.070652466914307], [72.85506963551391, 19.070641472651133]]}, "properties": {"OBJECTID": 22515, "US_NODE_ID": "2174103002", "DS_NODE_ID": "2174103001", "CONDUIT_LE": 99.5, "SHAPE_1": "OREC", "CONDUIT_WI": 3000, "CONDUIT_HE": 2390, "US_INVERT": 26.3, "DS_INVERT": 26.056, "USER_TEXT2": "Proposal", "SHAPE.LEN": 99.5}}, {"type": "Feature", "id": 22521, "geometry": {"type": "LineString", "coordinates": [[72.8564134328691, 19.074959334376874], [72.85591153425463, 19.0750555648461]]}, "properties": {"OBJECTID": 22521, "US_NODE_ID": "2174104501", "DS_NODE_ID": "2174103502", "CONDUIT_LE": 53.9, "SHAPE_1": "RECT", "CONDUIT_WI": 6800, "CONDUIT_HE": 3500, "US_INVERT": 24.681, "DS_INVERT": 24.639000000000003, "USER_TEXT2": "Existing", "SHAPE.LEN": 53.8978663770654}}, {"type": "Feature", "id": 22413, "geometry": {"type": "LineString", "coordinates": [[72.85704700757879, 19.06041614325075], [72.85713566603579, 19.060277179500815]]}, "properties": {"OBJECTID": 22413, "US_NODE_ID": "2174084801", "DS_NODE_ID": "2174085801", "CONDUIT_LE": 18, "SHAPE_1": "OREC", "CONDUIT_WI": 62000, "CONDUIT_HE": 4577, "US_INVERT": 23.023, "DS_INVERT": 23.016000000000002, "USER_TEXT2": "Existing", "SHAPE.LEN": 17.9956260157851}}, {"type": "Feature", "id": 22420, "geometry": {"type": "LineString", "coordinates": [[72.85885088123185, 19.061006069640605], [72.8571669493103, 19.060225805021254]]}, "properties": {"OBJECTID": 22420, "US_NODE_ID": "2174086901", "DS_NODE_ID": "2174085802", "CONDUIT_LE": 197.20000000000002, "SHAPE_1": "RECT", "CONDUIT_WI": 1650, "CONDUIT_HE": 1650, "US_INVERT": 26.679000000000002, "DS_INVERT": 26.5, "USER_TEXT2": "Existing", "SHAPE.LEN": 197.20945886049702}}, {"type": "Feature", "id": 22414, "geometry": {"type": "LineString", "coordinates": [[72.8564521377666, 19.061340979993336], [72.85660149354511, 19.061109288673787]]}, "properties": {"OBJECTID": 22414, "US_NODE_ID": "2174084901", "DS_NODE_ID": "2174084902", "CONDUIT_LE": 30.1, "SHAPE_1": "OREC", "CONDUIT_WI": 62000, "CONDUIT_HE": 5121, "US_INVERT": 23.069000000000003, "DS_INVERT": 23.057000000000002, "USER_TEXT2": "Existing", "SHAPE.LEN": 30.087962810732098}}, {"type": "Feature", "id": 22415, "geometry": {"type": "LineString", "coordinates": [[72.85660149354511, 19.061109288673787], [72.85675124714582, 19.060879500471973]]}, "properties": {"OBJECTID": 22415, "US_NODE_ID": "2174084902", "DS_NODE_ID": "2174084903", "CONDUIT_LE": 29.900000000000002, "SHAPE_1": "OREC", "CONDUIT_WI": 62000, "CONDUIT_HE": 5061, "US_INVERT": 23.057000000000002, "DS_INVERT": 23.046, "USER_TEXT2": "Existing", "SHAPE.LEN": 29.930566469915004}}, {"type": "Feature", "id": 22475, "geometry": {"type": "LineString", "coordinates": [[72.85748845671185, 19.06996596014286], [72.85738379685414, 19.07005236012083]]}, "properties": {"OBJECTID": 22475, "US_NODE_ID": "2174095903", "DS_NODE_ID": "2174095901", "CONDUIT_LE": 14.6, "SHAPE_1": "RECT", "CONDUIT_WI": 3000, "CONDUIT_HE": 1500, "US_INVERT": 26.727, "DS_INVERT": 26.696, "USER_TEXT2": "Proposal", "SHAPE.LEN": 14.591093173576798}}, {"type": "Feature", "id": 22477, "geometry": {"type": "LineString", "coordinates": [[72.85780864142885, 19.06981522329489], [72.85771891656597, 19.06977443714686]]}, "properties": {"OBJECTID": 22477, "US_NODE_ID": "2174095905", "DS_NODE_ID": "2174095904", "CONDUIT_LE": 10.5, "SHAPE_1": "RECT", "CONDUIT_WI": 3000, "CONDUIT_HE": 1500, "US_INVERT": 26.817, "DS_INVERT": 26.795, "USER_TEXT2": "Proposal", "SHAPE.LEN": 10.4694794521982}}, {"type": "Feature", "id": 24906, "geometry": {"type": "LineString", "coordinates": [[72.86282806651984, 19.07608287393869], [72.86277140083425, 19.075907006301293]]}, "properties": {"OBJECTID": 24906, "US_NODE_ID": "2175101601", "DS_NODE_ID": "2175101503", "CONDUIT_LE": 20.400000000000002, "SHAPE_1": "RECT", "CONDUIT_WI": 2000, "CONDUIT_HE": 1107, "US_INVERT": 29.503, "DS_INVERT": 29.209, "USER_TEXT2": "Existing", "SHAPE.LEN": 20.3648975116498}}, {"type": "Feature", "id": 24908, "geometry": {"type": "LineString", "coordinates": [[72.86286923631583, 19.076159948990085], [72.86285308357509, 19.076129314478273], [72.8628345954759, 19.07609506602522]]}, "properties": {"OBJECTID": 24908, "US_NODE_ID": "2175101603", "DS_NODE_ID": "2175101602", "CONDUIT_LE": 8.1, "SHAPE_1": "OREC", "CONDUIT_WI": 2339, "CONDUIT_HE": 908, "US_INVERT": 29.649, "DS_INVERT": 29.592000000000002, "USER_TEXT2": "Existing", "SHAPE.LEN": 8.056333123904551}}, {"type": "Feature", "id": 25028, "geometry": {"type": "LineString", "coordinates": [[72.86165427825549, 19.103913751047777], [72.8617724360363, 19.103739891061853]]}, "properties": {"OBJECTID": 25028, "US_NODE_ID": "2175130601", "DS_NODE_ID": "2175130602", "CONDUIT_LE": 22.900000000000002, "SHAPE_1": "OREC", "CONDUIT_WI": 1714, "CONDUIT_HE": 1824, "US_INVERT": 36.894, "DS_INVERT": 36.562000000000005, "USER_TEXT2": "Existing", "SHAPE.LEN": 22.9172424170099}}, {"type": "Feature", "id": 25030, "geometry": {"type": "LineString", "coordinates": [[72.86179470499366, 19.103707632354645], [72.86195851281305, 19.103456622053955]]}, "properties": {"OBJECTID": 25030, "US_NODE_ID": "2175130603", "DS_NODE_ID": "2175130604", "CONDUIT_LE": 32.7, "SHAPE_1": "OREC", "CONDUIT_WI": 2200, "CONDUIT_HE": 2028, "US_INVERT": 36.5, "DS_INVERT": 36.2, "USER_TEXT2": "Existing", "SHAPE.LEN": 32.7048926003434}}, {"type": "Feature", "id": 24919, "geometry": {"type": "LineString", "coordinates": [[72.86392459138796, 19.074044054822643], [72.86392948325194, 19.073766066933764]]}, "properties": {"OBJECTID": 24919, "US_NODE_ID": "2175102302", "DS_NODE_ID": "2175102303", "CONDUIT_LE": 30.8, "SHAPE_1": "RECT", "CONDUIT_WI": 4000, "CONDUIT_HE": 1500, "US_INVERT": 27.001, "DS_INVERT": 26.942, "USER_TEXT2": "Proposal", "SHAPE.LEN": 30.782517455205003}}, {"type": "Feature", "id": 24913, "geometry": {"type": "LineString", "coordinates": [[72.86350159579358, 19.07736458837672], [72.86335480766316, 19.077136579308586]]}, "properties": {"OBJECTID": 24913, "US_NODE_ID": "2175101703", "DS_NODE_ID": "2175101702", "CONDUIT_LE": 29.6, "SHAPE_1": "OREC", "CONDUIT_WI": 1769, "CONDUIT_HE": 816, "US_INVERT": 30.397000000000002, "DS_INVERT": 30.138, "USER_TEXT2": "Existing", "SHAPE.LEN": 29.5982505111366}}, {"type": "Feature", "id": 25051, "geometry": {"type": "LineString", "coordinates": [[72.8628803604566, 19.102630003776735], [72.86303435188636, 19.102403266354322]]}, "properties": {"OBJECTID": 25051, "US_NODE_ID": "2175131506", "DS_NODE_ID": "2175131507", "CONDUIT_LE": 29.900000000000002, "SHAPE_1": "OREC", "CONDUIT_WI": 2268, "CONDUIT_HE": 2089, "US_INVERT": 36.139, "DS_INVERT": 36.103, "USER_TEXT2": "Existing", "SHAPE.LEN": 29.88143236192}}, {"type": "Feature", "id": 24897, "geometry": {"type": "LineString", "coordinates": [[72.86491523736156, 19.070426666680742], [72.86548745348504, 19.070667724758867]]}, "properties": {"OBJECTID": 24897, "US_NODE_ID": "2175093901", "DS_NODE_ID": "2175103003", "CONDUIT_LE": 65.9, "SHAPE_1": "OREC", "CONDUIT_WI": 7000, "CONDUIT_HE": 1786, "US_INVERT": 26.292, "DS_INVERT": 26.17, "USER_TEXT2": "Existing", "SHAPE.LEN": 65.885655077566}}, {"type": "Feature", "id": 24936, "geometry": {"type": "LineString", "coordinates": [[72.86494530502978, 19.07310291164329], [72.86497110665535, 19.072554362460675]]}, "properties": {"OBJECTID": 24936, "US_NODE_ID": "2175103202", "DS_NODE_ID": "2175103203", "CONDUIT_LE": 60.800000000000004, "SHAPE_1": "OREC", "CONDUIT_WI": 2500, "CONDUIT_HE": 1483, "US_INVERT": 27.217000000000002, "DS_INVERT": 27.134, "USER_TEXT2": "Existing", "SHAPE.LEN": 60.794824471331395}}, {"type": "Feature", "id": 25063, "geometry": {"type": "LineString", "coordinates": [[72.86420038280824, 19.098838074367674], [72.86426198330875, 19.098850531353545]]}, "properties": {"OBJECTID": 25063, "US_NODE_ID": "2175132105", "DS_NODE_ID": "2175133101", "CONDUIT_LE": 6.6000000000000005, "SHAPE_1": "OREC", "CONDUIT_WI": 2278, "CONDUIT_HE": 2361, "US_INVERT": 34.837, "DS_INVERT": 34.808, "USER_TEXT2": "Existing", "SHAPE.LEN": 6.6287253676706195}}, {"type": "Feature", "id": 25084, "geometry": {"type": "LineString", "coordinates": [[72.86473979386219, 19.099378159022116], [72.86485516467839, 19.09912477700858]]}, "properties": {"OBJECTID": 25084, "US_NODE_ID": "2175133104", "DS_NODE_ID": "2175133106", "CONDUIT_LE": 30.6, "SHAPE_1": "OREC", "CONDUIT_WI": 3667, "CONDUIT_HE": 2642, "US_INVERT": 34.776, "DS_INVERT": 34.606, "USER_TEXT2": "Existing", "SHAPE.LEN": 30.569265611067596}}, {"type": "Feature", "id": 25086, "geometry": {"type": "LineString", "coordinates": [[72.86485516467839, 19.09912477700858], [72.86493897561927, 19.09896135516224]]}, "properties": {"OBJECTID": 25086, "US_NODE_ID": "2175133106", "DS_NODE_ID": "2175133107", "CONDUIT_LE": 20.1, "SHAPE_1": "OREC", "CONDUIT_WI": 5774, "CONDUIT_HE": 2742, "US_INVERT": 34.606, "DS_INVERT": 34.573, "USER_TEXT2": "Existing", "SHAPE.LEN": 20.1295802241378}}, {"type": "Feature", "id": 25074, "geometry": {"type": "LineString", "coordinates": [[72.86386689197941, 19.10098306561601], [72.86400767273517, 19.100748947715694]]}, "properties": {"OBJECTID": 25074, "US_NODE_ID": "2175132308", "DS_NODE_ID": "2175132309", "CONDUIT_LE": 29.900000000000002, "SHAPE_1": "RECT", "CONDUIT_WI": 2000, "CONDUIT_HE": 2826, "US_INVERT": 35.672000000000004, "DS_INVERT": 35.564, "USER_TEXT2": "Existing", "SHAPE.LEN": 29.857327408862297}}, {"type": "Feature", "id": 25175, "geometry": {"type": "LineString", "coordinates": [[72.86464617531622, 19.107503340337413], [72.86452029728608, 19.107261352984136]]}, "properties": {"OBJECTID": 25175, "US_NODE_ID": "2175143005", "DS_NODE_ID": "2175143003", "CONDUIT_LE": 29.900000000000002, "SHAPE_1": "RECT", "CONDUIT_WI": 3000, "CONDUIT_HE": 2874, "US_INVERT": 36.47, "DS_INVERT": 36.38, "USER_TEXT2": "Existing", "SHAPE.LEN": 29.8889946142389}}, {"type": "Feature", "id": 25176, "geometry": {"type": "LineString", "coordinates": [[72.86486269347103, 19.106940650723455], [72.86511989500299, 19.106821060767633]]}, "properties": {"OBJECTID": 25176, "US_NODE_ID": "2175143006", "DS_NODE_ID": "2175144001", "CONDUIT_LE": 30.1, "SHAPE_1": "RECT", "CONDUIT_WI": 3000, "CONDUIT_HE": 2831, "US_INVERT": 36.199000000000005, "DS_INVERT": 36.108000000000004, "USER_TEXT2": "Existing", "SHAPE.LEN": 30.134730378252897}}, {"type": "Feature", "id": 24940, "geometry": {"type": "LineString", "coordinates": [[72.86541096298235, 19.07417113051885], [72.86544104525638, 19.07372796862864]]}, "properties": {"OBJECTID": 24940, "US_NODE_ID": "2175103401", "DS_NODE_ID": "2175103302", "CONDUIT_LE": 49.2, "SHAPE_1": "OREC", "CONDUIT_WI": 2500, "CONDUIT_HE": 1180, "US_INVERT": 27.578000000000003, "DS_INVERT": 27.456000000000003, "USER_TEXT2": "Existing", "SHAPE.LEN": 49.1679550911974}}, {"type": "Feature", "id": 25014, "geometry": {"type": "LineString", "coordinates": [[72.86555161887978, 19.097168430006555], [72.86558903058334, 19.097024167278153]]}, "properties": {"OBJECTID": 25014, "US_NODE_ID": "2175124902", "DS_NODE_ID": "2175124903", "CONDUIT_LE": 16.5, "SHAPE_1": "OREC", "CONDUIT_WI": 7000, "CONDUIT_HE": 1794, "US_INVERT": 33.554, "DS_INVERT": 33.521, "USER_TEXT2": "Existing", "SHAPE.LEN": 16.450707455304197}}, {"type": "Feature", "id": 25102, "geometry": {"type": "LineString", "coordinates": [[72.86532769533386, 19.106578404283777], [72.86553140274745, 19.106487215044606]]}, "properties": {"OBJECTID": 25102, "US_NODE_ID": "2175134901", "DS_NODE_ID": "2175134902", "CONDUIT_LE": 23.7, "SHAPE_1": "RECT", "CONDUIT_WI": 3000, "CONDUIT_HE": 3640, "US_INVERT": 34.57, "DS_INVERT": 34.544000000000004, "USER_TEXT2": "Existing", "SHAPE.LEN": 23.698164663534598}}, {"type": "Feature", "id": 25104, "geometry": {"type": "LineString", "coordinates": [[72.86579530408612, 19.106383833998777], [72.86586923144444, 19.10635461528677]]}, "properties": {"OBJECTID": 25104, "US_NODE_ID": "2175134903", "DS_NODE_ID": "2175134904", "CONDUIT_LE": 8.4, "SHAPE_1": "RECT", "CONDUIT_WI": 3000, "CONDUIT_HE": 3012, "US_INVERT": 34.511, "DS_INVERT": 34.501000000000005, "USER_TEXT2": "Existing", "SHAPE.LEN": 8.42646655366293}}, {"type": "Feature", "id": 25195, "geometry": {"type": "LineString", "coordinates": [[72.86521259382069, 19.10677690063933], [72.86532769533386, 19.106578404283777]]}, "properties": {"OBJECTID": 25195, "US_NODE_ID": "2175144002", "DS_NODE_ID": "2175134901", "CONDUIT_LE": 25.1, "SHAPE_1": "RECT", "CONDUIT_WI": 3000, "CONDUIT_HE": 2495, "US_INVERT": 36.076, "DS_INVERT": 36, "USER_TEXT2": "Existing", "SHAPE.LEN": 25.094803564284003}}, {"type": "Feature", "id": 25200, "geometry": {"type": "LineString", "coordinates": [[72.86520119529249, 19.11482893951333], [72.86524381671067, 19.11469072833676]]}, "properties": {"OBJECTID": 25200, "US_NODE_ID": "2175144902", "DS_NODE_ID": "2175144801", "CONDUIT_LE": 15.9, "SHAPE_1": "OREC", "CONDUIT_WI": 4500, "CONDUIT_HE": 3124, "US_INVERT": 40.474000000000004, "DS_INVERT": 40.402, "USER_TEXT2": "Existing", "SHAPE.LEN": 15.946376060409499}}, {"type": "Feature", "id": 24863, "geometry": {"type": "LineString", "coordinates": [[72.8670016614161, 19.057640587669415], [72.8670846170688, 19.05770724697578]]}, "properties": {"OBJECTID": 24863, "US_NODE_ID": "2175085502", "DS_NODE_ID": "2175085503", "CONDUIT_LE": 11.4, "SHAPE_1": "OREC", "CONDUIT_WI": 5000, "CONDUIT_HE": 1355, "US_INVERT": 26.783, "DS_INVERT": 26.695, "USER_TEXT2": "Existing", "SHAPE.LEN": 11.434313609482599}}, {"type": "Feature", "id": 24867, "geometry": {"type": "LineString", "coordinates": [[72.8672618401879, 19.06038152843341], [72.86761280481171, 19.060311915281332]]}, "properties": {"OBJECTID": 24867, "US_NODE_ID": "2175085801", "DS_NODE_ID": "2175086801", "CONDUIT_LE": 37.7, "SHAPE_1": "OREC", "CONDUIT_WI": 2000, "CONDUIT_HE": 998, "US_INVERT": 27.39, "DS_INVERT": 27.203000000000003, "USER_TEXT2": "Existing", "SHAPE.LEN": 37.7439612660092}}, {"type": "Feature", "id": 25023, "geometry": {"type": "LineString", "coordinates": [[72.86695751298139, 19.09759643583839], [72.86722113002713, 19.09769469086368]]}, "properties": {"OBJECTID": 25023, "US_NODE_ID": "2175125904", "DS_NODE_ID": "2175136001", "CONDUIT_LE": 29.8, "SHAPE_1": "RECT", "CONDUIT_WI": 6000, "CONDUIT_HE": 2034, "US_INVERT": 33.184000000000005, "DS_INVERT": 33.123000000000005, "USER_TEXT2": "Existing", "SHAPE.LEN": 29.803079638352802}}, {"type": "Feature", "id": 24884, "geometry": {"type": "LineString", "coordinates": [[72.86962591640697, 19.05618636284236], [72.86880784345361, 19.056647515695865]]}, "properties": {"OBJECTID": 24884, "US_NODE_ID": "2175088401", "DS_NODE_ID": "2175087401", "CONDUIT_LE": 100.10000000000001, "SHAPE_1": "RECT", "CONDUIT_WI": 3000, "CONDUIT_HE": 1500, "US_INVERT": 25.075000000000003, "DS_INVERT": 25, "USER_TEXT2": "Proposal", "SHAPE.LEN": 100.12322407913202}}, {"type": "Feature", "id": 24976, "geometry": {"type": "LineString", "coordinates": [[72.86845393852853, 19.076189407635542], [72.86850314978643, 19.076061348081133]]}, "properties": {"OBJECTID": 24976, "US_NODE_ID": "2175107602", "DS_NODE_ID": "2175107603", "CONDUIT_LE": 15.1, "SHAPE_1": "OREC", "CONDUIT_WI": 2000, "CONDUIT_HE": 1648, "US_INVERT": 27.2, "DS_INVERT": 27.17, "USER_TEXT2": "Existing", "SHAPE.LEN": 15.095166392259499}}, {"type": "Feature", "id": 24977, "geometry": {"type": "LineString", "coordinates": [[72.86850314978643, 19.076061348081133], [72.86861737296917, 19.075984792169518]]}, "properties": {"OBJECTID": 24977, "US_NODE_ID": "2175107603", "DS_NODE_ID": "2175107503", "CONDUIT_LE": 14.700000000000001, "SHAPE_1": "OREC", "CONDUIT_WI": 2000, "CONDUIT_HE": 1858, "US_INVERT": 27.17, "DS_INVERT": 26.97, "USER_TEXT2": "Existing", "SHAPE.LEN": 14.711223976610498}}, {"type": "Feature", "id": 24960, "geometry": {"type": "LineString", "coordinates": [[72.8680245631889, 19.076577056492756], [72.86815320476921, 19.076591365547834]]}, "properties": {"OBJECTID": 24960, "US_NODE_ID": "2175106604", "DS_NODE_ID": "2175106605", "CONDUIT_LE": 13.6, "SHAPE_1": "OREC", "CONDUIT_WI": 2000, "CONDUIT_HE": 1514, "US_INVERT": 28.065, "DS_INVERT": 27.67, "USER_TEXT2": "Existing", "SHAPE.LEN": 13.634085827806699}}, {"type": "Feature", "id": 24961, "geometry": {"type": "LineString", "coordinates": [[72.86815320476921, 19.076591365547834], [72.86820929231708, 19.07646326551301]]}, "properties": {"OBJECTID": 24961, "US_NODE_ID": "2175106605", "DS_NODE_ID": "2175106606", "CONDUIT_LE": 15.4, "SHAPE_1": "OREC", "CONDUIT_WI": 2000, "CONDUIT_HE": 1929, "US_INVERT": 27.67, "DS_INVERT": 27.490000000000002, "USER_TEXT2": "Existing", "SHAPE.LEN": 15.36276723543}}, {"type": "Feature", "id": 25119, "geometry": {"type": "LineString", "coordinates": [[72.86743021351532, 19.106022172845712], [72.86771630223987, 19.10600862526586]]}, "properties": {"OBJECTID": 25119, "US_NODE_ID": "2175136901", "DS_NODE_ID": "2175136902", "CONDUIT_LE": 30.1, "SHAPE_1": "OREC", "CONDUIT_WI": 3000, "CONDUIT_HE": 2727, "US_INVERT": 34.313, "DS_INVERT": 34.279, "USER_TEXT2": "Existing", "SHAPE.LEN": 30.147753220596698}}, {"type": "Feature", "id": 25127, "geometry": {"type": "LineString", "coordinates": [[72.86808806025685, 19.10567261092911], [72.86819149030963, 19.105629707965804]]}, "properties": {"OBJECTID": 25127, "US_NODE_ID": "2175137802", "DS_NODE_ID": "2175137803", "CONDUIT_LE": 11.9, "SHAPE_1": "RECT", "CONDUIT_WI": 6000, "CONDUIT_HE": 3099, "US_INVERT": 33.888, "DS_INVERT": 33.868, "USER_TEXT2": "Existing", "SHAPE.LEN": 11.8771246351969}}, {"type": "Feature", "id": 25206, "geometry": {"type": "LineString", "coordinates": [[72.867146505548, 19.11401480456742], [72.86750849469881, 19.11394512259695]]}, "properties": {"OBJECTID": 25206, "US_NODE_ID": "2175146801", "DS_NODE_ID": "2175146802", "CONDUIT_LE": 38.9, "SHAPE_1": "OREC", "CONDUIT_WI": 4500, "CONDUIT_HE": 3083, "US_INVERT": 39.316, "DS_INVERT": 39.14, "USER_TEXT2": "Existing", "SHAPE.LEN": 38.8703439785397}}, {"type": "Feature", "id": 24890, "geometry": {"type": "LineString", "coordinates": [[72.87059888259598, 19.057580501421207], [72.86968362609983, 19.056279162690945]]}, "properties": {"OBJECTID": 24890, "US_NODE_ID": "2175089502", "DS_NODE_ID": "2175088402", "CONDUIT_LE": 173.3, "SHAPE_1": "RECT", "CONDUIT_WI": 5000, "CONDUIT_HE": 3337, "US_INVERT": 25.215, "DS_INVERT": 25.084, "USER_TEXT2": "Proposal", "SHAPE.LEN": 173.332108970035}}, {"type": "Feature", "id": 24979, "geometry": {"type": "LineString", "coordinates": [[72.8697807560746, 19.071842924072154], [72.87004367467608, 19.07195768552793]]}, "properties": {"OBJECTID": 24979, "US_NODE_ID": "2175108102", "DS_NODE_ID": "2175108103", "CONDUIT_LE": 30.5, "SHAPE_1": "OREC", "CONDUIT_WI": 5000, "CONDUIT_HE": 4015, "US_INVERT": 25.573, "DS_INVERT": 25.507, "USER_TEXT2": "Existing", "SHAPE.LEN": 30.4546380947139}}, {"type": "Feature", "id": 24986, "geometry": {"type": "LineString", "coordinates": [[72.86965268379757, 19.07617829534393], [72.869745681462, 19.076220432792038]]}, "properties": {"OBJECTID": 24986, "US_NODE_ID": "2175108602", "DS_NODE_ID": "2175108603", "CONDUIT_LE": 10.8, "SHAPE_1": "OREC", "CONDUIT_WI": 2000, "CONDUIT_HE": 2045, "US_INVERT": 26.643, "DS_INVERT": 26.6, "USER_TEXT2": "Existing", "SHAPE.LEN": 10.8444435246812}}, {"type": "Feature", "id": 25006, "geometry": {"type": "LineString", "coordinates": [[72.86923867334396, 19.08246605709465], [72.86916825828176, 19.082326139815706]]}, "properties": {"OBJECTID": 25006, "US_NODE_ID": "2175118303", "DS_NODE_ID": "2175117301", "CONDUIT_LE": 17.2, "SHAPE_1": "OREC", "CONDUIT_WI": 2500, "CONDUIT_HE": 1354, "US_INVERT": 27.844, "DS_INVERT": 27.799000000000003, "USER_TEXT2": "Existing", "SHAPE.LEN": 17.1732349893664}}, {"type": "Feature", "id": 25000, "geometry": {"type": "LineString", "coordinates": [[72.86938934371133, 19.082199529471367], [72.86960929405707, 19.08208735796451]]}, "properties": {"OBJECTID": 25000, "US_NODE_ID": "2175118202", "DS_NODE_ID": "2175118203", "CONDUIT_LE": 26.3, "SHAPE_1": "OREC", "CONDUIT_WI": 2500, "CONDUIT_HE": 1470, "US_INVERT": 27.728, "DS_INVERT": 27.659000000000002, "USER_TEXT2": "Existing", "SHAPE.LEN": 26.2733705489037}}, {"type": "Feature", "id": 25001, "geometry": {"type": "LineString", "coordinates": [[72.86960929405707, 19.08208735796451], [72.86984343525747, 19.081979866560626]]}, "properties": {"OBJECTID": 25001, "US_NODE_ID": "2175118203", "DS_NODE_ID": "2175118204", "CONDUIT_LE": 27.400000000000002, "SHAPE_1": "OREC", "CONDUIT_WI": 2500, "CONDUIT_HE": 1539, "US_INVERT": 27.659000000000002, "DS_INVERT": 27.587, "USER_TEXT2": "Existing", "SHAPE.LEN": 27.3695085816315}}, {"type": "Feature", "id": 25123, "geometry": {"type": "LineString", "coordinates": [[72.86857959401411, 19.097731741152437], [72.86881077152368, 19.097709125708576]]}, "properties": {"OBJECTID": 25123, "US_NODE_ID": "2175137003", "DS_NODE_ID": "2175137004", "CONDUIT_LE": 24.5, "SHAPE_1": "OREC", "CONDUIT_WI": 7718, "CONDUIT_HE": 1956, "US_INVERT": 32.902, "DS_INVERT": 32.876000000000005, "USER_TEXT2": "Existing", "SHAPE.LEN": 24.4607849424339}}, {"type": "Feature", "id": 25144, "geometry": {"type": "LineString", "coordinates": [[72.86909790717121, 19.105677900791655], [72.8694713195118, 19.105680033981546]]}, "properties": {"OBJECTID": 25144, "US_NODE_ID": "2175138801", "DS_NODE_ID": "2175138802", "CONDUIT_LE": 39.300000000000004, "SHAPE_1": "RECT", "CONDUIT_WI": 6000, "CONDUIT_HE": 3023, "US_INVERT": 33.660000000000004, "DS_INVERT": 33.592, "USER_TEXT2": "Existing", "SHAPE.LEN": 39.301847526166}}, {"type": "Feature", "id": 25210, "geometry": {"type": "LineString", "coordinates": [[72.86828841456642, 19.114598753014572], [72.868387819186, 19.114618712448138]]}, "properties": {"OBJECTID": 25210, "US_NODE_ID": "2175147803", "DS_NODE_ID": "2175147805", "CONDUIT_LE": 10.700000000000001, "SHAPE_1": "OREC", "CONDUIT_WI": 6273, "CONDUIT_HE": 2558, "US_INVERT": 38.519, "DS_INVERT": 38.506, "USER_TEXT2": "Existing", "SHAPE.LEN": 10.6924976352581}}, {"type": "Feature", "id": 25212, "geometry": {"type": "LineString", "coordinates": [[72.868387819186, 19.114618712448138], [72.86866131670998, 19.114558404999144]]}, "properties": {"OBJECTID": 25212, "US_NODE_ID": "2175147805", "DS_NODE_ID": "2175147806", "CONDUIT_LE": 29.5, "SHAPE_1": "OREC", "CONDUIT_WI": 6077, "CONDUIT_HE": 2655, "US_INVERT": 38.506, "DS_INVERT": 38.481, "USER_TEXT2": "Existing", "SHAPE.LEN": 29.5480258359167}}, {"type": "Feature", "id": 25233, "geometry": {"type": "LineString", "coordinates": [[72.86932485007269, 19.11417518323085], [72.86957594524975, 19.11416131000232]]}, "properties": {"OBJECTID": 25233, "US_NODE_ID": "2175148803", "DS_NODE_ID": "2175148806", "CONDUIT_LE": 26.5, "SHAPE_1": "OREC", "CONDUIT_WI": 5954, "CONDUIT_HE": 2707, "US_INVERT": 38.414, "DS_INVERT": 38.386, "USER_TEXT2": "Existing", "SHAPE.LEN": 26.470673773064398}}, {"type": "Feature", "id": 24883, "geometry": {"type": "LineString", "coordinates": [[72.87023223935613, 19.055867284295804], [72.87014516380499, 19.05591686198178]]}, "properties": {"OBJECTID": 24883, "US_NODE_ID": "2175088304", "DS_NODE_ID": "2175088303", "CONDUIT_LE": 10.700000000000001, "SHAPE_1": "RECT", "CONDUIT_WI": 3500, "CONDUIT_HE": 2129, "US_INVERT": 25.5, "DS_INVERT": 25.225, "USER_TEXT2": "Proposal", "SHAPE.LEN": 10.6850362657316}}, {"type": "Feature", "id": 24892, "geometry": {"type": "LineString", "coordinates": [[72.87122108186703, 19.058473790080996], [72.87059888259598, 19.057580501421207]]}, "properties": {"OBJECTID": 24892, "US_NODE_ID": "2175089601", "DS_NODE_ID": "2175089502", "CONDUIT_LE": 118.60000000000001, "SHAPE_1": "RECT", "CONDUIT_WI": 5000, "CONDUIT_HE": 3105, "US_INVERT": 25.304000000000002, "DS_INVERT": 25.215, "USER_TEXT2": "Proposal", "SHAPE.LEN": 118.627568465345}}, {"type": "Feature", "id": 24992, "geometry": {"type": "LineString", "coordinates": [[72.87072335819978, 19.07221691541692], [72.87125560304314, 19.07239314985522]]}, "properties": {"OBJECTID": 24992, "US_NODE_ID": "2175109103", "DS_NODE_ID": "2176100101", "CONDUIT_LE": 59.300000000000004, "SHAPE_1": "OREC", "CONDUIT_WI": 10000, "CONDUIT_HE": 3456, "US_INVERT": 25.262, "DS_INVERT": 25.187, "USER_TEXT2": "Existing", "SHAPE.LEN": 59.32959066477709}}, {"type": "Feature", "id": 25003, "geometry": {"type": "LineString", "coordinates": [[72.87006322335101, 19.08188033831049], [72.87032026614833, 19.081764981584072]]}, "properties": {"OBJECTID": 25003, "US_NODE_ID": "2175118205", "DS_NODE_ID": "2175119201", "CONDUIT_LE": 29.900000000000002, "SHAPE_1": "OREC", "CONDUIT_WI": 2500, "CONDUIT_HE": 1678, "US_INVERT": 27.52, "DS_INVERT": 27.485000000000003, "USER_TEXT2": "Existing", "SHAPE.LEN": 29.920227271864096}}, {"type": "Feature", "id": 25007, "geometry": {"type": "LineString", "coordinates": [[72.87032026614833, 19.081764981584072], [72.87057247816857, 19.08165589150406]]}, "properties": {"OBJECTID": 25007, "US_NODE_ID": "2175119201", "DS_NODE_ID": "2175119202", "CONDUIT_LE": 29.2, "SHAPE_1": "OREC", "CONDUIT_WI": 2182, "CONDUIT_HE": 1795, "US_INVERT": 27.485000000000003, "DS_INVERT": 27.45, "USER_TEXT2": "Existing", "SHAPE.LEN": 29.1671047586146}}, {"type": "Feature", "id": 25138, "geometry": {"type": "LineString", "coordinates": [[72.86956987941088, 19.09815960706166], [72.8697967757182, 19.098323013437184]]}, "properties": {"OBJECTID": 25138, "US_NODE_ID": "2175138003", "DS_NODE_ID": "2175138004", "CONDUIT_LE": 30, "SHAPE_1": "OREC", "CONDUIT_WI": 5644, "CONDUIT_HE": 1802, "US_INVERT": 32.776, "DS_INVERT": 32.745000000000005, "USER_TEXT2": "Existing", "SHAPE.LEN": 29.960807732769798}}, {"type": "Feature", "id": 25152, "geometry": {"type": "LineString", "coordinates": [[72.87039155733119, 19.102852541326314], [72.87068772870963, 19.102874935982246]]}, "properties": {"OBJECTID": 25152, "US_NODE_ID": "2175139502", "DS_NODE_ID": "2175139503", "CONDUIT_LE": 31.3, "SHAPE_1": "OREC", "CONDUIT_WI": 3000, "CONDUIT_HE": 2684, "US_INVERT": 33.364000000000004, "DS_INVERT": 33.275, "USER_TEXT2": "Existing", "SHAPE.LEN": 31.270593214712097}}, {"type": "Feature", "id": 25159, "geometry": {"type": "LineString", "coordinates": [[72.87000212724094, 19.106161476895064], [72.8700353737045, 19.105884292135208]]}, "properties": {"OBJECTID": 25159, "US_NODE_ID": "2175139903", "DS_NODE_ID": "2175139904", "CONDUIT_LE": 30.900000000000002, "SHAPE_1": "OREC", "CONDUIT_WI": 10000, "CONDUIT_HE": 3629, "US_INVERT": 33.326, "DS_INVERT": 33.231, "USER_TEXT2": "Existing", "SHAPE.LEN": 30.8881177194403}}, {"type": "Feature", "id": 25215, "geometry": {"type": "LineString", "coordinates": [[72.86979039429605, 19.107191178264134], [72.86988547269463, 19.106979120107102]]}, "properties": {"OBJECTID": 25215, "US_NODE_ID": "2175148002", "DS_NODE_ID": "2175149001", "CONDUIT_LE": 25.5, "SHAPE_1": "OREC", "CONDUIT_WI": 10000, "CONDUIT_HE": 3361, "US_INVERT": 33.688, "DS_INVERT": 33.609, "USER_TEXT2": "Existing", "SHAPE.LEN": 25.522165459263096}}, {"type": "Feature", "id": 25246, "geometry": {"type": "LineString", "coordinates": [[72.87014375831383, 19.108754035350522], [72.87004502857064, 19.1085984643645]]}, "properties": {"OBJECTID": 25246, "US_NODE_ID": "2175149202", "DS_NODE_ID": "2175149201", "CONDUIT_LE": 20.1, "SHAPE_1": "OREC", "CONDUIT_WI": 10000, "CONDUIT_HE": 3569, "US_INVERT": 34.361000000000004, "DS_INVERT": 34.297000000000004, "USER_TEXT2": "Existing", "SHAPE.LEN": 20.116039145418302}}, {"type": "Feature", "id": 25248, "geometry": {"type": "LineString", "coordinates": [[72.87036970566409, 19.109124188330174], [72.87025528568216, 19.108925196602996]]}, "properties": {"OBJECTID": 25248, "US_NODE_ID": "2175149204", "DS_NODE_ID": "2175149203", "CONDUIT_LE": 25.1, "SHAPE_1": "OREC", "CONDUIT_WI": 10000, "CONDUIT_HE": 3701, "US_INVERT": 34.522, "DS_INVERT": 34.439, "USER_TEXT2": "Existing", "SHAPE.LEN": 25.1082173371588}}, {"type": "Feature", "id": 25250, "geometry": {"type": "LineString", "coordinates": [[72.87040785889614, 19.109189489627514], [72.87036970566409, 19.109124188330174]]}, "properties": {"OBJECTID": 25250, "US_NODE_ID": "2175149206", "DS_NODE_ID": "2175149204", "CONDUIT_LE": 8.3, "SHAPE_1": "OREC", "CONDUIT_WI": 10000, "CONDUIT_HE": 3863, "US_INVERT": 34.569, "DS_INVERT": 34.522, "USER_TEXT2": "Existing", "SHAPE.LEN": 8.27026399820465}}, {"type": "Feature", "id": 25221, "geometry": {"type": "LineString", "coordinates": [[72.8695495481622, 19.110888553792314], [72.8697721461307, 19.11073742689473]]}, "properties": {"OBJECTID": 25221, "US_NODE_ID": "2175148403", "DS_NODE_ID": "2175149401", "CONDUIT_LE": 28.8, "SHAPE_1": "OREC", "CONDUIT_WI": 8000, "CONDUIT_HE": 3339, "US_INVERT": 35.365, "DS_INVERT": 35.263000000000005, "USER_TEXT2": "Existing", "SHAPE.LEN": 28.7891978328678}}, {"type": "Feature", "id": 25256, "geometry": {"type": "LineString", "coordinates": [[72.8697721461307, 19.11073742689473], [72.87000988059995, 19.11057942220856]]}, "properties": {"OBJECTID": 25256, "US_NODE_ID": "2175149401", "DS_NODE_ID": "2175149402", "CONDUIT_LE": 30.5, "SHAPE_1": "OREC", "CONDUIT_WI": 8000, "CONDUIT_HE": 3383, "US_INVERT": 35.263000000000005, "DS_INVERT": 35.155, "USER_TEXT2": "Existing", "SHAPE.LEN": 30.529685203912596}}, {"type": "Feature", "id": 25260, "geometry": {"type": "LineString", "coordinates": [[72.87058171442975, 19.11089865989283], [72.87051083524429, 19.110778271897612]]}, "properties": {"OBJECTID": 25260, "US_NODE_ID": "2175149405", "DS_NODE_ID": "2175149404", "CONDUIT_LE": 15.3, "SHAPE_1": "OREC", "CONDUIT_WI": 6000, "CONDUIT_HE": 4059, "US_INVERT": 34.939, "DS_INVERT": 34.922000000000004, "USER_TEXT2": "Existing", "SHAPE.LEN": 15.274549068630499}}, {"type": "Feature", "id": 25224, "geometry": {"type": "LineString", "coordinates": [[72.86963032358727, 19.111703244596566], [72.86949255037361, 19.111322172199408]]}, "properties": {"OBJECTID": 25224, "US_NODE_ID": "2175148503", "DS_NODE_ID": "2175148501", "CONDUIT_LE": 44.6, "SHAPE_1": "RECT", "CONDUIT_WI": 10800, "CONDUIT_HE": 3881, "US_INVERT": 35.730000000000004, "DS_INVERT": 35.573, "USER_TEXT2": "Existing", "SHAPE.LEN": 44.6135909844747}}, {"type": "Feature", "id": 25229, "geometry": {"type": "LineString", "coordinates": [[72.86958035285065, 19.113893816224003], [72.86955050768199, 19.113834549874756]]}, "properties": {"OBJECTID": 25229, "US_NODE_ID": "2175148703", "DS_NODE_ID": "2175148702", "CONDUIT_LE": 7.3, "SHAPE_1": "OREC", "CONDUIT_WI": 6113, "CONDUIT_HE": 3305, "US_INVERT": 38.093, "DS_INVERT": 38.029, "USER_TEXT2": "Existing", "SHAPE.LEN": 7.2748705899143}}, {"type": "Feature", "id": 26761, "geometry": {"type": "LineString", "coordinates": [[72.87216658886081, 19.059714049659583], [72.87122108186703, 19.058473790080996]]}, "properties": {"OBJECTID": 26761, "US_NODE_ID": "2176080702", "DS_NODE_ID": "2175089601", "CONDUIT_LE": 169.6, "SHAPE_1": "RECT", "CONDUIT_WI": 5000, "CONDUIT_HE": 2639, "US_INVERT": 25.432000000000002, "DS_INVERT": 25.304000000000002, "USER_TEXT2": "Proposal", "SHAPE.LEN": 169.60144456932002}}, {"type": "Feature", "id": 26758, "geometry": {"type": "LineString", "coordinates": [[72.87221929946081, 19.058784290447832], [72.87176099960224, 19.058222589054736]]}, "properties": {"OBJECTID": 26758, "US_NODE_ID": "2176080602", "DS_NODE_ID": "2176080601", "CONDUIT_LE": 78.7, "SHAPE_1": "OREC", "CONDUIT_WI": 3500, "CONDUIT_HE": 1676, "US_INVERT": 25.929000000000002, "DS_INVERT": 25.786, "USER_TEXT2": "Proposal", "SHAPE.LEN": 78.7118796624754}}, {"type": "Feature", "id": 26768, "geometry": {"type": "LineString", "coordinates": [[72.87255510552785, 19.060608251857214], [72.87216658886081, 19.059714049659583]]}, "properties": {"OBJECTID": 26768, "US_NODE_ID": "2176081802", "DS_NODE_ID": "2176080702", "CONDUIT_LE": 107.10000000000001, "SHAPE_1": "RECT", "CONDUIT_WI": 5000, "CONDUIT_HE": 2268, "US_INVERT": 25.512, "DS_INVERT": 25.432000000000002, "USER_TEXT2": "Proposal", "SHAPE.LEN": 107.11983943229201}}, {"type": "Feature", "id": 26933, "geometry": {"type": "LineString", "coordinates": [[72.87161017868648, 19.08119185942849], [72.87187011545264, 19.08107292070484]]}, "properties": {"OBJECTID": 26933, "US_NODE_ID": "2176110103", "DS_NODE_ID": "2176110104", "CONDUIT_LE": 30.400000000000002, "SHAPE_1": "OREC", "CONDUIT_WI": 6511, "CONDUIT_HE": 1875, "US_INVERT": 27.224, "DS_INVERT": 27.161, "USER_TEXT2": "Existing", "SHAPE.LEN": 30.3659348612882}}, {"type": "Feature", "id": 26824, "geometry": {"type": "LineString", "coordinates": [[72.87453001297217, 19.06202657491701], [72.8742144515439, 19.06173902729545], [72.87385747653857, 19.061406380248076], [72.87368135291904, 19.061259993633143], [72.87338691500479, 19.060933086311124]]}, "properties": {"OBJECTID": 26824, "US_NODE_ID": "2176093001", "DS_NODE_ID": "2176082901", "CONDUIT_LE": 170.9, "SHAPE_1": "RECT", "CONDUIT_WI": 3000, "CONDUIT_HE": 3012, "US_INVERT": 26.135, "DS_INVERT": 25.799, "USER_TEXT2": "Proposal", "SHAPE.LEN": 170.91224868630502}}, {"type": "Feature", "id": 26822, "geometry": {"type": "LineString", "coordinates": [[72.87361160694537, 19.063724070462037], [72.87249178862399, 19.064081494478575]]}, "properties": {"OBJECTID": 26822, "US_NODE_ID": "2176092201", "DS_NODE_ID": "2176091201", "CONDUIT_LE": 124.4, "SHAPE_1": "RECT", "CONDUIT_WI": 3000, "CONDUIT_HE": 1500, "US_INVERT": 26.2, "DS_INVERT": 26, "USER_TEXT2": "Proposal", "SHAPE.LEN": 124.353367465461}}, {"type": "Feature", "id": 26872, "geometry": {"type": "LineString", "coordinates": [[72.87391312060086, 19.075725992732014], [72.87262154057709, 19.075127256159725]]}, "properties": {"OBJECTID": 26872, "US_NODE_ID": "2176102501", "DS_NODE_ID": "2176101401", "CONDUIT_LE": 151.3, "SHAPE_1": "RECT", "CONDUIT_WI": 5000, "CONDUIT_HE": 2724, "US_INVERT": 26.474, "DS_INVERT": 26.172, "USER_TEXT2": "Proposal", "SHAPE.LEN": 151.261154868558}}, {"type": "Feature", "id": 26941, "geometry": {"type": "LineString", "coordinates": [[72.87288872288677, 19.080593758144698], [72.87314436714904, 19.080474248524826]]}, "properties": {"OBJECTID": 26941, "US_NODE_ID": "2176111104", "DS_NODE_ID": "2176112001", "CONDUIT_LE": 30, "SHAPE_1": "OREC", "CONDUIT_WI": 6511, "CONDUIT_HE": 2219, "US_INVERT": 26.909000000000002, "DS_INVERT": 26.846, "USER_TEXT2": "Existing", "SHAPE.LEN": 29.98732919101}}, {"type": "Feature", "id": 26940, "geometry": {"type": "LineString", "coordinates": [[72.87263508461248, 19.080715663420133], [72.87288872288677, 19.080593758144698]]}, "properties": {"OBJECTID": 26940, "US_NODE_ID": "2176111103", "DS_NODE_ID": "2176111104", "CONDUIT_LE": 29.900000000000002, "SHAPE_1": "OREC", "CONDUIT_WI": 6511, "CONDUIT_HE": 2150, "US_INVERT": 26.972, "DS_INVERT": 26.909000000000002, "USER_TEXT2": "Existing", "SHAPE.LEN": 29.916694842178003}}, {"type": "Feature", "id": 27012, "geometry": {"type": "LineString", "coordinates": [[72.87269370193664, 19.101973184240272], [72.8727000420753, 19.101477364532503]]}, "properties": {"OBJECTID": 27012, "US_NODE_ID": "2176131402", "DS_NODE_ID": "2176131401", "CONDUIT_LE": 54.9, "SHAPE_1": "OREC", "CONDUIT_WI": 20000, "CONDUIT_HE": 4861, "US_INVERT": 30.837, "DS_INVERT": 30.715, "USER_TEXT2": "Existing", "SHAPE.LEN": 54.9}}, {"type": "Feature", "id": 27025, "geometry": {"type": "LineString", "coordinates": [[72.87230105298832, 19.10446246064866], [72.87254924289196, 19.104326461303128]]}, "properties": {"OBJECTID": 27025, "US_NODE_ID": "2176131703", "DS_NODE_ID": "2176131704", "CONDUIT_LE": 30.2, "SHAPE_1": "OREC", "CONDUIT_WI": 15000, "CONDUIT_HE": 3363, "US_INVERT": 31.635, "DS_INVERT": 31.566000000000003, "USER_TEXT2": "Existing", "SHAPE.LEN": 30.150911598822297}}, {"type": "Feature", "id": 27022, "geometry": {"type": "LineString", "coordinates": [[72.87264159913721, 19.10366981852461], [72.87255674416264, 19.103395148343942]]}, "properties": {"OBJECTID": 27022, "US_NODE_ID": "2176131603", "DS_NODE_ID": "2176131601", "CONDUIT_LE": 31.7, "SHAPE_1": "OREC", "CONDUIT_WI": 20000, "CONDUIT_HE": 4316, "US_INVERT": 31.151, "DS_INVERT": 31.129, "USER_TEXT2": "Existing", "SHAPE.LEN": 31.6951100329373}}, {"type": "Feature", "id": 27026, "geometry": {"type": "LineString", "coordinates": [[72.87254924289196, 19.104326461303128], [72.87268428327113, 19.104244323616186]]}, "properties": {"OBJECTID": 27026, "US_NODE_ID": "2176131704", "DS_NODE_ID": "2176131705", "CONDUIT_LE": 16.9, "SHAPE_1": "OREC", "CONDUIT_WI": 15000, "CONDUIT_HE": 3382, "US_INVERT": 31.566000000000003, "DS_INVERT": 31.528000000000002, "USER_TEXT2": "Existing", "SHAPE.LEN": 16.873325817099598}}, {"type": "Feature", "id": 27031, "geometry": {"type": "LineString", "coordinates": [[72.87277986051996, 19.10417871748762], [72.87264159913721, 19.10366981852461]]}, "properties": {"OBJECTID": 27031, "US_NODE_ID": "2176132701", "DS_NODE_ID": "2176131603", "CONDUIT_LE": 58.2, "SHAPE_1": "OREC", "CONDUIT_WI": 20000, "CONDUIT_HE": 4198, "US_INVERT": 31.19, "DS_INVERT": 31.151, "USER_TEXT2": "Existing", "SHAPE.LEN": 58.1928876293315}}, {"type": "Feature", "id": 27029, "geometry": {"type": "LineString", "coordinates": [[72.87306237020475, 19.100784229621624], [72.87351257146781, 19.100798462985377]]}, "properties": {"OBJECTID": 27029, "US_NODE_ID": "2176132302", "DS_NODE_ID": "2176132303", "CONDUIT_LE": 47.4, "SHAPE_1": "OREC", "CONDUIT_WI": 22000, "CONDUIT_HE": 6122, "US_INVERT": 29.876, "DS_INVERT": 29.845000000000002, "USER_TEXT2": "Existing", "SHAPE.LEN": 47.4105473497196}}, {"type": "Feature", "id": 26831, "geometry": {"type": "LineString", "coordinates": [[72.87470668988132, 19.066051775670086], [72.874587558706, 19.06518777980199]]}, "properties": {"OBJECTID": 26831, "US_NODE_ID": "2176093401", "DS_NODE_ID": "2176093301", "CONDUIT_LE": 96.5, "SHAPE_1": "RECT", "CONDUIT_WI": 5000, "CONDUIT_HE": 1907, "US_INVERT": 26, "DS_INVERT": 25.927, "USER_TEXT2": "Proposal", "SHAPE.LEN": 96.4776658092431}}, {"type": "Feature", "id": 26846, "geometry": {"type": "LineString", "coordinates": [[72.87530148808492, 19.070067342599643], [72.87495196592369, 19.067974954396792]]}, "properties": {"OBJECTID": 26846, "US_NODE_ID": "2176094902", "DS_NODE_ID": "2176093701", "CONDUIT_LE": 234.6, "SHAPE_1": "RECT", "CONDUIT_WI": 5000, "CONDUIT_HE": 1620, "US_INVERT": 26.5, "DS_INVERT": 26.29, "USER_TEXT2": "Proposal", "SHAPE.LEN": 234.566834825386}}, {"type": "Feature", "id": 26838, "geometry": {"type": "LineString", "coordinates": [[72.87481215388031, 19.070148416107816], [72.8747661349475, 19.070032267098433]]}, "properties": {"OBJECTID": 26838, "US_NODE_ID": "2176093904", "DS_NODE_ID": "2176093903", "CONDUIT_LE": 13.700000000000001, "SHAPE_1": "RECT", "CONDUIT_WI": 1500, "CONDUIT_HE": 1500, "US_INVERT": 25.418000000000003, "DS_INVERT": 25.371000000000002, "USER_TEXT2": "Proposal", "SHAPE.LEN": 13.7419067090415}}, {"type": "Feature", "id": 26849, "geometry": {"type": "LineString", "coordinates": [[72.8753221602999, 19.070606832893795], [72.87505130486484, 19.07068952157552]]}, "properties": {"OBJECTID": 26849, "US_NODE_ID": "2176094904", "DS_NODE_ID": "2176104001", "CONDUIT_LE": 29.900000000000002, "SHAPE_1": "RECT", "CONDUIT_WI": 2000, "CONDUIT_HE": 2000, "US_INVERT": 25.105, "DS_INVERT": 24.928, "USER_TEXT2": "Proposal", "SHAPE.LEN": 29.9467861380817}}, {"type": "Feature", "id": 26855, "geometry": {"type": "LineString", "coordinates": [[72.87685566158324, 19.070517011629736], [72.87539783281554, 19.070707064711858]]}, "properties": {"OBJECTID": 26855, "US_NODE_ID": "2176095901", "DS_NODE_ID": "2176104002", "CONDUIT_LE": 154.9, "SHAPE_1": "RECT", "CONDUIT_WI": 5000, "CONDUIT_HE": 2495, "US_INVERT": 28.198, "DS_INVERT": 26.704, "USER_TEXT2": "Proposal", "SHAPE.LEN": 154.90206583515902}}, {"type": "Feature", "id": 26882, "geometry": {"type": "LineString", "coordinates": [[72.87573770207091, 19.071917749959063], [72.8755592297473, 19.071907563753896]]}, "properties": {"OBJECTID": 26882, "US_NODE_ID": "2176104103", "DS_NODE_ID": "2176104102", "CONDUIT_LE": 18.8, "SHAPE_1": "RECT", "CONDUIT_WI": 2000, "CONDUIT_HE": 1632, "US_INVERT": 27.112000000000002, "DS_INVERT": 26.885, "USER_TEXT2": "Proposal", "SHAPE.LEN": 18.8215302247187}}, {"type": "Feature", "id": 26890, "geometry": {"type": "LineString", "coordinates": [[72.87570840586137, 19.079286579290162], [72.87608125083808, 19.079099992692964]]}, "properties": {"OBJECTID": 26890, "US_NODE_ID": "2176104904", "DS_NODE_ID": "2176105901", "CONDUIT_LE": 44.4, "SHAPE_1": "OREC", "CONDUIT_WI": 6428, "CONDUIT_HE": 2846, "US_INVERT": 26.216, "DS_INVERT": 26.108, "USER_TEXT2": "Existing", "SHAPE.LEN": 44.35238907206689}}, {"type": "Feature", "id": 26960, "geometry": {"type": "LineString", "coordinates": [[72.87629310170296, 19.08394395751578], [72.87689116131033, 19.08323726758315]]}, "properties": {"OBJECTID": 26960, "US_NODE_ID": "2176115401", "DS_NODE_ID": "2176116301", "CONDUIT_LE": 100.4, "SHAPE_1": "OREC", "CONDUIT_WI": 5000, "CONDUIT_HE": 771, "US_INVERT": 27.448, "DS_INVERT": 27.089000000000002, "USER_TEXT2": "Proposal", "SHAPE.LEN": 100.42410069301101}}, {"type": "Feature", "id": 26966, "geometry": {"type": "LineString", "coordinates": [[72.87648543993326, 19.087188910226306], [72.87683641862557, 19.087083660284684]]}, "properties": {"OBJECTID": 26966, "US_NODE_ID": "2176115802", "DS_NODE_ID": "2176116801", "CONDUIT_LE": 38.7, "SHAPE_1": "OREC", "CONDUIT_WI": 3000, "CONDUIT_HE": 2338, "US_INVERT": 27.661, "DS_INVERT": 27.533, "USER_TEXT2": "Proposal", "SHAPE.LEN": 38.73822401711259}}, {"type": "Feature", "id": 27053, "geometry": {"type": "LineString", "coordinates": [[72.87580208024532, 19.10080767615946], [72.87612895673931, 19.100819849657952]]}, "properties": {"OBJECTID": 27053, "US_NODE_ID": "2176135301", "DS_NODE_ID": "2176135302", "CONDUIT_LE": 34.4, "SHAPE_1": "OREC", "CONDUIT_WI": 22000, "CONDUIT_HE": 5084, "US_INVERT": 29.684, "DS_INVERT": 29.662000000000003, "USER_TEXT2": "Existing", "SHAPE.LEN": 34.430567756573495}}, {"type": "Feature", "id": 27054, "geometry": {"type": "LineString", "coordinates": [[72.87612895673931, 19.100819849657952], [72.87643661069822, 19.10084576356297]]}, "properties": {"OBJECTID": 27054, "US_NODE_ID": "2176135302", "DS_NODE_ID": "2176135303", "CONDUIT_LE": 32.5, "SHAPE_1": "OREC", "CONDUIT_WI": 22000, "CONDUIT_HE": 5329, "US_INVERT": 29.662000000000003, "DS_INVERT": 29.64, "USER_TEXT2": "Existing", "SHAPE.LEN": 32.5078309882404}}, {"type": "Feature", "id": 27051, "geometry": {"type": "LineString", "coordinates": [[72.87530152544217, 19.106023742178163], [72.87516943125645, 19.105801820209454]]}, "properties": {"OBJECTID": 27051, "US_NODE_ID": "2176134901", "DS_NODE_ID": "2176134803", "CONDUIT_LE": 28.2, "SHAPE_1": "OREC", "CONDUIT_WI": 5645, "CONDUIT_HE": 4195, "US_INVERT": 31.973000000000003, "DS_INVERT": 31.969, "USER_TEXT2": "Existing", "SHAPE.LEN": 28.2311884269862}}, {"type": "Feature", "id": 27089, "geometry": {"type": "LineString", "coordinates": [[72.8758119516473, 19.10764746777589], [72.87583759170944, 19.107473426880155]]}, "properties": {"OBJECTID": 27089, "US_NODE_ID": "2176145001", "DS_NODE_ID": "2176145002", "CONDUIT_LE": 19.5, "SHAPE_1": "OREC", "CONDUIT_WI": 9000, "CONDUIT_HE": 3334, "US_INVERT": 32.864000000000004, "DS_INVERT": 32.823, "USER_TEXT2": "Existing", "SHAPE.LEN": 19.457396738772598}}, {"type": "Feature", "id": 27090, "geometry": {"type": "LineString", "coordinates": [[72.87583759170944, 19.107473426880155], [72.87586094226921, 19.107376415440438]]}, "properties": {"OBJECTID": 27090, "US_NODE_ID": "2176145002", "DS_NODE_ID": "2176145003", "CONDUIT_LE": 11, "SHAPE_1": "RECT", "CONDUIT_WI": 14600, "CONDUIT_HE": 3317, "US_INVERT": 32.823, "DS_INVERT": 32.8, "USER_TEXT2": "Existing", "SHAPE.LEN": 11.018424343344199}}, {"type": "Feature", "id": 27093, "geometry": {"type": "LineString", "coordinates": [[72.87593583380472, 19.107223494063735], [72.87592373545162, 19.106902326145267]]}, "properties": {"OBJECTID": 27093, "US_NODE_ID": "2176145005", "DS_NODE_ID": "2176145004", "CONDUIT_LE": 35.6, "SHAPE_1": "OREC", "CONDUIT_WI": 9000, "CONDUIT_HE": 3778, "US_INVERT": 31.997, "DS_INVERT": 31.992, "USER_TEXT2": "Existing", "SHAPE.LEN": 35.5816687164894}}, {"type": "Feature", "id": 27094, "geometry": {"type": "LineString", "coordinates": [[72.87593717598973, 19.107935973960675], [72.8758119516473, 19.10764746777589]]}, "properties": {"OBJECTID": 27094, "US_NODE_ID": "2176145101", "DS_NODE_ID": "2176145001", "CONDUIT_LE": 34.6, "SHAPE_1": "OREC", "CONDUIT_WI": 9000, "CONDUIT_HE": 3262, "US_INVERT": 32.936, "DS_INVERT": 32.864000000000004, "USER_TEXT2": "Existing", "SHAPE.LEN": 34.5547675984082}}, {"type": "Feature", "id": 27097, "geometry": {"type": "LineString", "coordinates": [[72.87636545813713, 19.108502843288065], [72.87614000781915, 19.10844785216379]]}, "properties": {"OBJECTID": 27097, "US_NODE_ID": "2176145104", "DS_NODE_ID": "2176145103", "CONDUIT_LE": 24.5, "SHAPE_1": "OREC", "CONDUIT_WI": 9000, "CONDUIT_HE": 3615, "US_INVERT": 33.113, "DS_INVERT": 33.062000000000005, "USER_TEXT2": "Existing", "SHAPE.LEN": 24.4965303665642}}, {"type": "Feature", "id": 27104, "geometry": {"type": "LineString", "coordinates": [[72.8759940930078, 19.111837031397627], [72.8760302972514, 19.111579423065297]]}, "properties": {"OBJECTID": 27104, "US_NODE_ID": "2176145502", "DS_NODE_ID": "2176145503", "CONDUIT_LE": 28.8, "SHAPE_1": "OREC", "CONDUIT_WI": 5002, "CONDUIT_HE": 2001, "US_INVERT": 34.897, "DS_INVERT": 34.855000000000004, "USER_TEXT2": "Existing", "SHAPE.LEN": 28.7751257251815}}, {"type": "Feature", "id": 26788, "geometry": {"type": "LineString", "coordinates": [[72.87763829488505, 19.056063875014633], [72.8775418096325, 19.055806539136686]]}, "properties": {"OBJECTID": 26788, "US_NODE_ID": "2176086303", "DS_NODE_ID": "2176086302", "CONDUIT_LE": 30.2, "SHAPE_1": "OREC", "CONDUIT_WI": 22500, "CONDUIT_HE": 2692, "US_INVERT": 25.315, "DS_INVERT": 25.294, "USER_TEXT2": "Existing", "SHAPE.LEN": 30.248017332876596}}, {"type": "Feature", "id": 26906, "geometry": {"type": "LineString", "coordinates": [[72.87829674736604, 19.07201496761921], [72.87770412587382, 19.070433744611876]]}, "properties": {"OBJECTID": 26906, "US_NODE_ID": "2176107101", "DS_NODE_ID": "2176096901", "CONDUIT_LE": 185.9, "SHAPE_1": "RECT", "CONDUIT_WI": 5000, "CONDUIT_HE": 3988, "US_INVERT": 30.8, "DS_INVERT": 30, "USER_TEXT2": "Proposal", "SHAPE.LEN": 185.85139224660102}}, {"type": "Feature", "id": 26900, "geometry": {"type": "LineString", "coordinates": [[72.877472381763, 19.072368592088672], [72.87741813662242, 19.072309316301823], [72.87736420972934, 19.072246911624408], [72.87732016974543, 19.07221388584793], [72.87731675019623, 19.07221384647033], [72.87726541459294, 19.072216507084708], [72.87723089329185, 19.072233933780023]]}, "properties": {"OBJECTID": 26900, "US_NODE_ID": "2176106103", "DS_NODE_ID": "2176106102", "CONDUIT_LE": 33.4, "SHAPE_1": "RECT", "CONDUIT_WI": 2000, "CONDUIT_HE": 2901, "US_INVERT": 31.991000000000003, "DS_INVERT": 31.096, "USER_TEXT2": "Proposal", "SHAPE.LEN": 33.4326961543362}}, {"type": "Feature", "id": 26905, "geometry": {"type": "LineString", "coordinates": [[72.87774632609654, 19.07636962164713], [72.87790785164907, 19.076591879565825]]}, "properties": {"OBJECTID": 26905, "US_NODE_ID": "2176106603", "DS_NODE_ID": "2176107601", "CONDUIT_LE": 29.900000000000002, "SHAPE_1": "RECT", "CONDUIT_WI": 3000, "CONDUIT_HE": 2000, "US_INVERT": 26.154, "DS_INVERT": 26.118000000000002, "USER_TEXT2": "Existing", "SHAPE.LEN": 29.910700426436}}, {"type": "Feature", "id": 27059, "geometry": {"type": "LineString", "coordinates": [[72.87674505190373, 19.100725573434786], [72.87685210147109, 19.100676225016485]]}, "properties": {"OBJECTID": 27059, "US_NODE_ID": "2176136301", "DS_NODE_ID": "2176136302", "CONDUIT_LE": 12.5, "SHAPE_1": "OREC", "CONDUIT_WI": 24000, "CONDUIT_HE": 6649, "US_INVERT": 29.349, "DS_INVERT": 29.245, "USER_TEXT2": "Existing", "SHAPE.LEN": 12.521980673998799}}, {"type": "Feature", "id": 27060, "geometry": {"type": "LineString", "coordinates": [[72.87685210147109, 19.100676225016485], [72.8771137713926, 19.10057265691425]]}, "properties": {"OBJECTID": 27060, "US_NODE_ID": "2176136302", "DS_NODE_ID": "2176136303", "CONDUIT_LE": 29.8, "SHAPE_1": "OREC", "CONDUIT_WI": 22000, "CONDUIT_HE": 6573, "US_INVERT": 29.245, "DS_INVERT": 28.997, "USER_TEXT2": "Existing", "SHAPE.LEN": 29.8328677803526}}, {"type": "Feature", "id": 27098, "geometry": {"type": "LineString", "coordinates": [[72.87629142460928, 19.110356395934257], [72.87632622641105, 19.110086720773396]]}, "properties": {"OBJECTID": 27098, "US_NODE_ID": "2176145301", "DS_NODE_ID": "2176145302", "CONDUIT_LE": 30.1, "SHAPE_1": "OREC", "CONDUIT_WI": 4902, "CONDUIT_HE": 1815, "US_INVERT": 34.633, "DS_INVERT": 34.589, "USER_TEXT2": "Existing", "SHAPE.LEN": 30.081555810828696}}, {"type": "Feature", "id": 27124, "geometry": {"type": "LineString", "coordinates": [[72.8765996541348, 19.112953120835165], [72.87653739087618, 19.112897414129286]]}, "properties": {"OBJECTID": 27124, "US_NODE_ID": "2176146604", "DS_NODE_ID": "2176146603", "CONDUIT_LE": 9, "SHAPE_1": "OREC", "CONDUIT_WI": 6000, "CONDUIT_HE": 3249, "US_INVERT": 35.303000000000004, "DS_INVERT": 35.257000000000005, "USER_TEXT2": "Existing", "SHAPE.LEN": 8.99888165996198}}, {"type": "Feature", "id": 26795, "geometry": {"type": "LineString", "coordinates": [[72.8785725969023, 19.057069247985545], [72.87837032237655, 19.05688208583247]]}, "properties": {"OBJECTID": 26795, "US_NODE_ID": "2176087403", "DS_NODE_ID": "2176087402", "CONDUIT_LE": 29.7, "SHAPE_1": "OREC", "CONDUIT_WI": 22500, "CONDUIT_HE": 2236, "US_INVERT": 25.421000000000003, "DS_INVERT": 25.400000000000002, "USER_TEXT2": "Existing", "SHAPE.LEN": 29.7134168163138}}, {"type": "Feature", "id": 26799, "geometry": {"type": "LineString", "coordinates": [[72.87902700044549, 19.05739630316478], [72.87880500189004, 19.05722741905979]]}, "properties": {"OBJECTID": 26799, "US_NODE_ID": "2176088501", "DS_NODE_ID": "2176087501", "CONDUIT_LE": 29.900000000000002, "SHAPE_1": "OREC", "CONDUIT_WI": 22500, "CONDUIT_HE": 2434, "US_INVERT": 25.463, "DS_INVERT": 25.442, "USER_TEXT2": "Existing", "SHAPE.LEN": 29.9309602201466}}, {"type": "Feature", "id": 27063, "geometry": {"type": "LineString", "coordinates": [[72.87790534900871, 19.100268348783], [72.8781707948682, 19.100166629121492]]}, "properties": {"OBJECTID": 27063, "US_NODE_ID": "2176137202", "DS_NODE_ID": "2176137203", "CONDUIT_LE": 30.1, "SHAPE_1": "OREC", "CONDUIT_WI": 22000, "CONDUIT_HE": 5018, "US_INVERT": 28.25, "DS_INVERT": 28, "USER_TEXT2": "Existing", "SHAPE.LEN": 30.123080851732297}}, {"type": "Feature", "id": 27066, "geometry": {"type": "LineString", "coordinates": [[72.87798402962258, 19.10378387266901], [72.87867792177332, 19.103540761868505]]}, "properties": {"OBJECTID": 27066, "US_NODE_ID": "2176137601", "DS_NODE_ID": "2176138601", "CONDUIT_LE": 77.8, "SHAPE_1": "OREC", "CONDUIT_WI": 2000, "CONDUIT_HE": 1500, "US_INVERT": 35.363, "DS_INVERT": 34.356, "USER_TEXT2": "Proposal", "SHAPE.LEN": 77.8339900043676}}, {"type": "Feature", "id": 27134, "geometry": {"type": "LineString", "coordinates": [[72.87817049244067, 19.114936862773668], [72.8780481201239, 19.11469698890429]]}, "properties": {"OBJECTID": 27134, "US_NODE_ID": "2176147804", "DS_NODE_ID": "2176147803", "CONDUIT_LE": 29.5, "SHAPE_1": "OREC", "CONDUIT_WI": 5809, "CONDUIT_HE": 2326, "US_INVERT": 36.862, "DS_INVERT": 36.712, "USER_TEXT2": "Existing", "SHAPE.LEN": 29.5160973029972}}, {"type": "Feature", "id": 27137, "geometry": {"type": "LineString", "coordinates": [[72.87792348527506, 19.11530435350965], [72.87817049244067, 19.114936862773668]]}, "properties": {"OBJECTID": 27137, "US_NODE_ID": "2176147903", "DS_NODE_ID": "2176147804", "CONDUIT_LE": 48.300000000000004, "SHAPE_1": "OREC", "CONDUIT_WI": 4500, "CONDUIT_HE": 2549, "US_INVERT": 37.109, "DS_INVERT": 36.862, "USER_TEXT2": "Existing", "SHAPE.LEN": 48.2830197895699}}, {"type": "Feature", "id": 26805, "geometry": {"type": "LineString", "coordinates": [[72.87957607582284, 19.06059132294891], [72.87972180422963, 19.06020570216231]]}, "properties": {"OBJECTID": 26805, "US_NODE_ID": "2176088801", "DS_NODE_ID": "2176088802", "CONDUIT_LE": 45.4, "SHAPE_1": "OREC", "CONDUIT_WI": 5200, "CONDUIT_HE": 1500, "US_INVERT": 27.187, "DS_INVERT": 27.153000000000002, "USER_TEXT2": "Existing", "SHAPE.LEN": 45.3674214525137}}, {"type": "Feature", "id": 26858, "geometry": {"type": "LineString", "coordinates": [[72.87928704588204, 19.061680287199756], [72.87932164236679, 19.061349547198414]]}, "properties": {"OBJECTID": 26858, "US_NODE_ID": "2176098001", "DS_NODE_ID": "2176088901", "CONDUIT_LE": 36.800000000000004, "SHAPE_1": "OREC", "CONDUIT_WI": 5200, "CONDUIT_HE": 1500, "US_INVERT": 27.28, "DS_INVERT": 27.252000000000002, "USER_TEXT2": "Existing", "SHAPE.LEN": 36.7991192401394}}, {"type": "Feature", "id": 26922, "geometry": {"type": "LineString", "coordinates": [[72.87951749980017, 19.077731510761517], [72.8791909853715, 19.077672372149433]]}, "properties": {"OBJECTID": 26922, "US_NODE_ID": "2176108704", "DS_NODE_ID": "2176108703", "CONDUIT_LE": 35, "SHAPE_1": "OREC", "CONDUIT_WI": 3096, "CONDUIT_HE": 2624, "US_INVERT": 26.254, "DS_INVERT": 26.076, "USER_TEXT2": "Existing", "SHAPE.LEN": 34.988882086885795}}, {"type": "Feature", "id": 26973, "geometry": {"type": "LineString", "coordinates": [[72.87921304609975, 19.079962554890706], [72.87915816922174, 19.079944761155343]]}, "properties": {"OBJECTID": 26973, "US_NODE_ID": "2176118003", "DS_NODE_ID": "2176118002", "CONDUIT_LE": 6.1000000000000005, "SHAPE_1": "RECT", "CONDUIT_WI": 13000, "CONDUIT_HE": 4378, "US_INVERT": 24.42, "DS_INVERT": 24.211000000000002, "USER_TEXT2": "Existing", "SHAPE.LEN": 6.103277807866849}}, {"type": "Feature", "id": 27073, "geometry": {"type": "LineString", "coordinates": [[72.87867792177332, 19.103540761868505], [72.87882514010643, 19.103173021509352]]}, "properties": {"OBJECTID": 27073, "US_NODE_ID": "2176138601", "DS_NODE_ID": "2176138501", "CONDUIT_LE": 43.6, "SHAPE_1": "OREC", "CONDUIT_WI": 2000, "CONDUIT_HE": 1500, "US_INVERT": 34.356, "DS_INVERT": 33.444, "USER_TEXT2": "Proposal", "SHAPE.LEN": 43.563861169552}}, {"type": "Feature", "id": 27071, "geometry": {"type": "LineString", "coordinates": [[72.87882514010643, 19.103173021509352], [72.8791008795454, 19.10293502591094]]}, "properties": {"OBJECTID": 27071, "US_NODE_ID": "2176138501", "DS_NODE_ID": "2176138502", "CONDUIT_LE": 39.2, "SHAPE_1": "OREC", "CONDUIT_WI": 2000, "CONDUIT_HE": 1500, "US_INVERT": 33.444, "DS_INVERT": 32.716, "USER_TEXT2": "Proposal", "SHAPE.LEN": 39.1992346864068}}, {"type": "Feature", "id": 26810, "geometry": {"type": "LineString", "coordinates": [[72.88081475435348, 19.057665708385176], [72.8807123678857, 19.05791403328465]]}, "properties": {"OBJECTID": 26810, "US_NODE_ID": "2176089502", "DS_NODE_ID": "2176089501", "CONDUIT_LE": 29.5, "SHAPE_1": "OREC", "CONDUIT_WI": 4137, "CONDUIT_HE": 2450, "US_INVERT": 25.87, "DS_INVERT": 25.771, "USER_TEXT2": "Existing", "SHAPE.LEN": 29.5311761502992}}, {"type": "Feature", "id": 28062, "geometry": {"type": "LineString", "coordinates": [[72.88111315388761, 19.05872583543099], [72.88085075727584, 19.058619960599483]]}, "properties": {"OBJECTID": 28062, "US_NODE_ID": "2177080601", "DS_NODE_ID": "2176089608", "CONDUIT_LE": 30, "SHAPE_1": "OREC", "CONDUIT_WI": 15000, "CONDUIT_HE": 2350, "US_INVERT": 25.650000000000002, "DS_INVERT": 25.63, "USER_TEXT2": "Existing", "SHAPE.LEN": 30.0086721642261}}, {"type": "Feature", "id": 26929, "geometry": {"type": "LineString", "coordinates": [[72.88026399808983, 19.07771053823021], [72.88014746897018, 19.077652018059787]]}, "properties": {"OBJECTID": 26929, "US_NODE_ID": "2176109704", "DS_NODE_ID": "2176109703", "CONDUIT_LE": 13.9, "SHAPE_1": "RECT", "CONDUIT_WI": 3000, "CONDUIT_HE": 2158, "US_INVERT": 26.72, "DS_INVERT": 26.650000000000002, "USER_TEXT2": "Existing", "SHAPE.LEN": 13.8725280352934}}, {"type": "Feature", "id": 28084, "geometry": {"type": "LineString", "coordinates": [[72.88230667717343, 19.05946038149402], [72.88229344246456, 19.059450439852213]]}, "properties": {"OBJECTID": 28084, "US_NODE_ID": "2177081705", "DS_NODE_ID": "2177081704", "CONDUIT_LE": 1.8, "SHAPE_1": "OREC", "CONDUIT_WI": 15000, "CONDUIT_HE": 2068, "US_INVERT": 25.752000000000002, "DS_INVERT": 25.749000000000002, "USER_TEXT2": "Existing", "SHAPE.LEN": 1.7756307865093999}}, {"type": "Feature", "id": 28090, "geometry": {"type": "LineString", "coordinates": [[72.88276352164893, 19.05978200713097], [72.88253523281449, 19.059620994538133]]}, "properties": {"OBJECTID": 28090, "US_NODE_ID": "2177082701", "DS_NODE_ID": "2177081706", "CONDUIT_LE": 29.900000000000002, "SHAPE_1": "OREC", "CONDUIT_WI": 15000, "CONDUIT_HE": 2496, "US_INVERT": 25.791, "DS_INVERT": 25.772000000000002, "USER_TEXT2": "Existing", "SHAPE.LEN": 29.9232978645403}}, {"type": "Feature", "id": 28125, "geometry": {"type": "LineString", "coordinates": [[72.88165705714168, 19.06883618226562], [72.88186976232055, 19.068628298156657]]}, "properties": {"OBJECTID": 28125, "US_NODE_ID": "2177090701", "DS_NODE_ID": "2177091701", "CONDUIT_LE": 32.1, "SHAPE_1": "RECT", "CONDUIT_WI": 7900, "CONDUIT_HE": 2239, "US_INVERT": 27.060000000000002, "DS_INVERT": 26.934, "USER_TEXT2": "Existing", "SHAPE.LEN": 32.111313053346194}}, {"type": "Feature", "id": 28131, "geometry": {"type": "LineString", "coordinates": [[72.88208287276954, 19.068410159032965], [72.88230709751636, 19.068170490395588]]}, "properties": {"OBJECTID": 28131, "US_NODE_ID": "2177091702", "DS_NODE_ID": "2177091703", "CONDUIT_LE": 35.5, "SHAPE_1": "OREC", "CONDUIT_WI": 5520, "CONDUIT_HE": 2522, "US_INVERT": 26.817, "DS_INVERT": 26.756, "USER_TEXT2": "Existing", "SHAPE.LEN": 35.5146839925403}}, {"type": "Feature", "id": 28134, "geometry": {"type": "LineString", "coordinates": [[72.88238189602033, 19.068195030650756], [72.88230709751636, 19.068170490395588]]}, "properties": {"OBJECTID": 28134, "US_NODE_ID": "2177091705", "DS_NODE_ID": "2177091703", "CONDUIT_LE": 8.3, "SHAPE_1": "OREC", "CONDUIT_WI": 10000, "CONDUIT_HE": 2253, "US_INVERT": 26.762, "DS_INVERT": 26.756, "USER_TEXT2": "Existing", "SHAPE.LEN": 8.32973420044121}}, {"type": "Feature", "id": 28129, "geometry": {"type": "LineString", "coordinates": [[72.88145053714828, 19.069035897502353], [72.88165705714168, 19.06883618226562]]}, "properties": {"OBJECTID": 28129, "US_NODE_ID": "2177090804", "DS_NODE_ID": "2177090701", "CONDUIT_LE": 31, "SHAPE_1": "RECT", "CONDUIT_WI": 7500, "CONDUIT_HE": 2144, "US_INVERT": 27.185000000000002, "DS_INVERT": 27.060000000000002, "USER_TEXT2": "Existing", "SHAPE.LEN": 31.009431624104298}}, {"type": "Feature", "id": 28309, "geometry": {"type": "LineString", "coordinates": [[72.88142825237497, 19.073485692863926], [72.88170409116975, 19.07342295942393]]}, "properties": {"OBJECTID": 28309, "US_NODE_ID": "2177100305", "DS_NODE_ID": "2177101201", "CONDUIT_LE": 29.900000000000002, "SHAPE_1": "OREC", "CONDUIT_WI": 3082, "CONDUIT_HE": 2070, "US_INVERT": 27.938000000000002, "DS_INVERT": 27.895, "USER_TEXT2": "Existing", "SHAPE.LEN": 29.8562133602036}}, {"type": "Feature", "id": 28542, "geometry": {"type": "LineString", "coordinates": [[72.88264973519075, 19.08330846865236], [72.88161880060059, 19.08136591019948]]}, "properties": {"OBJECTID": 28542, "US_NODE_ID": "2177112301", "DS_NODE_ID": "2177111101", "CONDUIT_LE": 240.9, "SHAPE_1": "RECT", "CONDUIT_WI": 1500, "CONDUIT_HE": 1798, "US_INVERT": 28.6, "DS_INVERT": 27.564, "USER_TEXT2": "Existing", "SHAPE.LEN": 240.90049727265003}}, {"type": "Feature", "id": 28716, "geometry": {"type": "LineString", "coordinates": [[72.88154611246071, 19.11066265188354], [72.8809955211013, 19.109053913340755]]}, "properties": {"OBJECTID": 28716, "US_NODE_ID": "2177141401", "DS_NODE_ID": "2177140201", "CONDUIT_LE": 187.3, "SHAPE_1": "RECT", "CONDUIT_WI": 2000, "CONDUIT_HE": 1500, "US_INVERT": 37.146, "DS_INVERT": 36.599000000000004, "USER_TEXT2": "Proposal", "SHAPE.LEN": 187.303950839271}}, {"type": "Feature", "id": 28713, "geometry": {"type": "LineString", "coordinates": [[72.8808043761587, 19.111749776559897], [72.88210263560413, 19.111657234541514]]}, "properties": {"OBJECTID": 28713, "US_NODE_ID": "2177140501", "DS_NODE_ID": "2177142501", "CONDUIT_LE": 137, "SHAPE_1": "RECT", "CONDUIT_WI": 1500, "CONDUIT_HE": 1500, "US_INVERT": 37.792, "DS_INVERT": 37.284, "USER_TEXT2": "Proposal", "SHAPE.LEN": 137.017736078217}}, {"type": "Feature", "id": 28092, "geometry": {"type": "LineString", "coordinates": [[72.88322979892844, 19.06009353665044], [72.88299497870963, 19.059941172515206]]}, "properties": {"OBJECTID": 28092, "US_NODE_ID": "2177082802", "DS_NODE_ID": "2177082801", "CONDUIT_LE": 29.900000000000002, "SHAPE_1": "OREC", "CONDUIT_WI": 15000, "CONDUIT_HE": 2176, "US_INVERT": 25.831, "DS_INVERT": 25.811, "USER_TEXT2": "Existing", "SHAPE.LEN": 29.928290772611795}}, {"type": "Feature", "id": 28140, "geometry": {"type": "LineString", "coordinates": [[72.88357403222972, 19.065722167417245], [72.88369556250561, 19.065456571682244]]}, "properties": {"OBJECTID": 28140, "US_NODE_ID": "2177092402", "DS_NODE_ID": "2177093401", "CONDUIT_LE": 32.1, "SHAPE_1": "OREC", "CONDUIT_WI": 5650, "CONDUIT_HE": 2218, "US_INVERT": 26.47, "DS_INVERT": 26.44, "USER_TEXT2": "Existing", "SHAPE.LEN": 32.068444296691396}}, {"type": "Feature", "id": 28139, "geometry": {"type": "LineString", "coordinates": [[72.88345685045441, 19.06598268235298], [72.88357403222972, 19.065722167417245]]}, "properties": {"OBJECTID": 28139, "US_NODE_ID": "2177092401", "DS_NODE_ID": "2177092402", "CONDUIT_LE": 31.400000000000002, "SHAPE_1": "OREC", "CONDUIT_WI": 5650, "CONDUIT_HE": 1648, "US_INVERT": 26.499000000000002, "DS_INVERT": 26.47, "USER_TEXT2": "Existing", "SHAPE.LEN": 31.3705923917608}}, {"type": "Feature", "id": 28141, "geometry": {"type": "LineString", "coordinates": [[72.88358206052948, 19.06605858187788], [72.8837027691839, 19.065781551222635]]}, "properties": {"OBJECTID": 28141, "US_NODE_ID": "2177092403", "DS_NODE_ID": "2177093402", "CONDUIT_LE": 33.2, "SHAPE_1": "OREC", "CONDUIT_WI": 10040, "CONDUIT_HE": 1589, "US_INVERT": 26.91, "DS_INVERT": 26.89, "USER_TEXT2": "Existing", "SHAPE.LEN": 33.1999873409614}}, {"type": "Feature", "id": 28317, "geometry": {"type": "LineString", "coordinates": [[72.8825536983667, 19.073333965630862], [72.88283709940241, 19.073342592768906]]}, "properties": {"OBJECTID": 28317, "US_NODE_ID": "2177101204", "DS_NODE_ID": "2177102201", "CONDUIT_LE": 29.8, "SHAPE_1": "OREC", "CONDUIT_WI": 2295, "CONDUIT_HE": 1694, "US_INVERT": 27.734, "DS_INVERT": 27.682000000000002, "USER_TEXT2": "Existing", "SHAPE.LEN": 29.848424989268697}}, {"type": "Feature", "id": 28546, "geometry": {"type": "LineString", "coordinates": [[72.88312089550912, 19.083979177916692], [72.8828815542338, 19.083833066723937]]}, "properties": {"OBJECTID": 28546, "US_NODE_ID": "2177112404", "DS_NODE_ID": "2177112403", "CONDUIT_LE": 29.900000000000002, "SHAPE_1": "RECT", "CONDUIT_WI": 2000, "CONDUIT_HE": 2176, "US_INVERT": 29.234, "DS_INVERT": 29.156000000000002, "USER_TEXT2": "Existing", "SHAPE.LEN": 29.939990148629}}, {"type": "Feature", "id": 28548, "geometry": {"type": "LineString", "coordinates": [[72.8833546271294, 19.084070336139202], [72.88312089550912, 19.083979177916692]]}, "properties": {"OBJECTID": 28548, "US_NODE_ID": "2177112406", "DS_NODE_ID": "2177112404", "CONDUIT_LE": 26.6, "SHAPE_1": "RECT", "CONDUIT_WI": 2000, "CONDUIT_HE": 1874, "US_INVERT": 29.646, "DS_INVERT": 29.234, "USER_TEXT2": "Existing", "SHAPE.LEN": 26.5926272056749}}, {"type": "Feature", "id": 28104, "geometry": {"type": "LineString", "coordinates": [[72.88425428469503, 19.060865065255538], [72.88412708664406, 19.060756015149533]]}, "properties": {"OBJECTID": 28104, "US_NODE_ID": "2177083901", "DS_NODE_ID": "2177083802", "CONDUIT_LE": 18, "SHAPE_1": "OREC", "CONDUIT_WI": 15000, "CONDUIT_HE": 2484, "US_INVERT": 25.923000000000002, "DS_INVERT": 25.911, "USER_TEXT2": "Existing", "SHAPE.LEN": 18.030228861553596}}, {"type": "Feature", "id": 28105, "geometry": {"type": "LineString", "coordinates": [[72.8844623738075, 19.060999536397727], [72.88425428469503, 19.060865065255538]]}, "properties": {"OBJECTID": 28105, "US_NODE_ID": "2177083902", "DS_NODE_ID": "2177083901", "CONDUIT_LE": 26.5, "SHAPE_1": "RECT", "CONDUIT_WI": 15000, "CONDUIT_HE": 2161, "US_INVERT": 25.941000000000003, "DS_INVERT": 25.923000000000002, "USER_TEXT2": "Existing", "SHAPE.LEN": 26.4870661055542}}, {"type": "Feature", "id": 28190, "geometry": {"type": "LineString", "coordinates": [[72.88461550092008, 19.063346436134534], [72.884733672185, 19.063083909906126]]}, "properties": {"OBJECTID": 28190, "US_NODE_ID": "2177094101", "DS_NODE_ID": "2177094102", "CONDUIT_LE": 31.6, "SHAPE_1": "OREC", "CONDUIT_WI": 5650, "CONDUIT_HE": 2253, "US_INVERT": 26.204, "DS_INVERT": 26.175, "USER_TEXT2": "Existing", "SHAPE.LEN": 31.616347929829004}}, {"type": "Feature", "id": 28165, "geometry": {"type": "LineString", "coordinates": [[72.88441387590885, 19.064195850465214], [72.8845365275422, 19.063939671687955]]}, "properties": {"OBJECTID": 28165, "US_NODE_ID": "2177093204", "DS_NODE_ID": "2177093206", "CONDUIT_LE": 31.2, "SHAPE_1": "OREC", "CONDUIT_WI": 10000, "CONDUIT_HE": 1589, "US_INVERT": 26.79, "DS_INVERT": 26.77, "USER_TEXT2": "Existing", "SHAPE.LEN": 31.163934809648197}}, {"type": "Feature", "id": 28199, "geometry": {"type": "LineString", "coordinates": [[72.88462988739006, 19.07005362465021], [72.88441191183549, 19.069882068379666]]}, "properties": {"OBJECTID": 28199, "US_NODE_ID": "2177094901", "DS_NODE_ID": "2177093901", "CONDUIT_LE": 29.8, "SHAPE_1": "OREC", "CONDUIT_WI": 6081, "CONDUIT_HE": 1495, "US_INVERT": 27.052, "DS_INVERT": 27.048000000000002, "USER_TEXT2": "Existing", "SHAPE.LEN": 29.787762770137697}}, {"type": "Feature", "id": 28349, "geometry": {"type": "LineString", "coordinates": [[72.88443321818413, 19.074183168972194], [72.88490637765523, 19.07408636666148]]}, "properties": {"OBJECTID": 28349, "US_NODE_ID": "2177103302", "DS_NODE_ID": "2177104301", "CONDUIT_LE": 50.9, "SHAPE_1": "OREC", "CONDUIT_WI": 4500, "CONDUIT_HE": 2127, "US_INVERT": 26.873, "DS_INVERT": 26.822000000000003, "USER_TEXT2": "Existing", "SHAPE.LEN": 50.9484297025924}}, {"type": "Feature", "id": 28618, "geometry": {"type": "LineString", "coordinates": [[72.88403978717498, 19.097641356514625], [72.88379238977926, 19.097524484309048]]}, "properties": {"OBJECTID": 28618, "US_NODE_ID": "2177123904", "DS_NODE_ID": "2177123903", "CONDUIT_LE": 29.1, "SHAPE_1": "OREC", "CONDUIT_WI": 13900, "CONDUIT_HE": 3251, "US_INVERT": 29.348000000000003, "DS_INVERT": 29.242, "USER_TEXT2": "Existing", "SHAPE.LEN": 29.0771479763748}}, {"type": "Feature", "id": 28118, "geometry": {"type": "LineString", "coordinates": [[72.88661688613095, 19.05576680426054], [72.8860337082019, 19.055304744580006]]}, "properties": {"OBJECTID": 28118, "US_NODE_ID": "2177086301", "DS_NODE_ID": "2177085201", "CONDUIT_LE": 79.9, "SHAPE_1": "OREC", "CONDUIT_WI": 4700, "CONDUIT_HE": 2300, "US_INVERT": 26.292, "DS_INVERT": 26.23, "USER_TEXT2": "Proposal", "SHAPE.LEN": 79.9163654594602}}, {"type": "Feature", "id": 28196, "geometry": {"type": "LineString", "coordinates": [[72.88495552148777, 19.063047513419047], [72.88501174973264, 19.062885399020143]]}, "properties": {"OBJECTID": 28196, "US_NODE_ID": "2177094107", "DS_NODE_ID": "2177094108", "CONDUIT_LE": 18.900000000000002, "SHAPE_1": "OREC", "CONDUIT_WI": 14000, "CONDUIT_HE": 2219, "US_INVERT": 26.7, "DS_INVERT": 26.53, "USER_TEXT2": "Existing", "SHAPE.LEN": 18.899620622912}}, {"type": "Feature", "id": 28201, "geometry": {"type": "LineString", "coordinates": [[72.88508082083405, 19.070381441641057], [72.88485758162977, 19.070210835302316]]}, "properties": {"OBJECTID": 28201, "US_NODE_ID": "2177094903", "DS_NODE_ID": "2177094902", "CONDUIT_LE": 30.2, "SHAPE_1": "OREC", "CONDUIT_WI": 7511, "CONDUIT_HE": 1401, "US_INVERT": 27.062, "DS_INVERT": 27.057000000000002, "USER_TEXT2": "Existing", "SHAPE.LEN": 30.1506279131961}}, {"type": "Feature", "id": 28380, "geometry": {"type": "LineString", "coordinates": [[72.8856180962714, 19.0710153271394], [72.88547126097085, 19.070956899218753]]}, "properties": {"OBJECTID": 28380, "US_NODE_ID": "2177105005", "DS_NODE_ID": "2177105001", "CONDUIT_LE": 16.8, "SHAPE_1": "OREC", "CONDUIT_WI": 4000, "CONDUIT_HE": 1772, "US_INVERT": 27.087, "DS_INVERT": 27.082, "USER_TEXT2": "Existing", "SHAPE.LEN": 16.7563389092009}}, {"type": "Feature", "id": 28366, "geometry": {"type": "LineString", "coordinates": [[72.88507037111455, 19.073006476681385], [72.8851351298242, 19.072754408638374]]}, "properties": {"OBJECTID": 28366, "US_NODE_ID": "2177104201", "DS_NODE_ID": "2177104203", "CONDUIT_LE": 28.7, "SHAPE_1": "OREC", "CONDUIT_WI": 3037, "CONDUIT_HE": 1914, "US_INVERT": 27.205000000000002, "DS_INVERT": 27.202, "USER_TEXT2": "Existing", "SHAPE.LEN": 28.728604994499797}}, {"type": "Feature", "id": 28416, "geometry": {"type": "LineString", "coordinates": [[72.88575612326171, 19.07322434760839], [72.88579089571577, 19.072954667417722]]}, "properties": {"OBJECTID": 28416, "US_NODE_ID": "2177105204!", "DS_NODE_ID": "2177105202!", "CONDUIT_LE": 30.1, "SHAPE_1": "OREC", "CONDUIT_WI": 13000, "CONDUIT_HE": 2246, "US_INVERT": 26.392000000000003, "DS_INVERT": 26.37, "USER_TEXT2": "Existing", "SHAPE.LEN": 30.081555810828696}}, {"type": "Feature", "id": 28373, "geometry": {"type": "LineString", "coordinates": [[72.88530705915126, 19.07401755142539], [72.88559049892365, 19.073923388596782]]}, "properties": {"OBJECTID": 28373, "US_NODE_ID": "2177104302!", "DS_NODE_ID": "2177105319!", "CONDUIT_LE": 31.6, "SHAPE_1": "OREC", "CONDUIT_WI": 4500, "CONDUIT_HE": 2621, "US_INVERT": 26.779, "DS_INVERT": 26.747, "USER_TEXT2": "Existing", "SHAPE.LEN": 31.6059839266238}}, {"type": "Feature", "id": 28419, "geometry": {"type": "LineString", "coordinates": [[72.88564361196273, 19.073738102227512], [72.88557962221242, 19.073615599600263]]}, "properties": {"OBJECTID": 28419, "US_NODE_ID": "2177105302", "DS_NODE_ID": "2177105301", "CONDUIT_LE": 15.1, "SHAPE_1": "OREC", "CONDUIT_WI": 4800, "CONDUIT_HE": 1769, "US_INVERT": 27.23, "DS_INVERT": 27.226000000000003, "USER_TEXT2": "Existing", "SHAPE.LEN": 15.1436762141826}}, {"type": "Feature", "id": 28452, "geometry": {"type": "LineString", "coordinates": [[72.88559049892365, 19.073923388596782], [72.88564746480228, 19.073880090548652]]}, "properties": {"OBJECTID": 28452, "US_NODE_ID": "2177105319!", "DS_NODE_ID": "2177105306!", "CONDUIT_LE": 7.7, "SHAPE_1": "OREC", "CONDUIT_WI": 4500, "CONDUIT_HE": 2053, "US_INVERT": 26.747, "DS_INVERT": 26.740000000000002, "USER_TEXT2": "Existing", "SHAPE.LEN": 7.677278437050459}}, {"type": "Feature", "id": 28444, "geometry": {"type": "LineString", "coordinates": [[72.88579605325803, 19.073895938424123], [72.88570011974598, 19.073761746879217]]}, "properties": {"OBJECTID": 28444, "US_NODE_ID": "2177105315!", "DS_NODE_ID": "2177105310!", "CONDUIT_LE": 18, "SHAPE_1": "OREC", "CONDUIT_WI": 13000, "CONDUIT_HE": 3160, "US_INVERT": 26.447000000000003, "DS_INVERT": 26.434, "USER_TEXT2": "Existing", "SHAPE.LEN": 17.9644214025946}}, {"type": "Feature", "id": 28432, "geometry": {"type": "LineString", "coordinates": [[72.88567412019847, 19.07433300895589], [72.88562781716662, 19.07428041398115]]}, "properties": {"OBJECTID": 28432, "US_NODE_ID": "2177105309!", "DS_NODE_ID": "2177105304!", "CONDUIT_LE": 7.6000000000000005, "SHAPE_1": "OREC", "CONDUIT_WI": 1350, "CONDUIT_HE": 3206, "US_INVERT": 26.794, "DS_INVERT": 26.787000000000003, "USER_TEXT2": "Existing", "SHAPE.LEN": 7.59385725570345}}, {"type": "Feature", "id": 28456, "geometry": {"type": "LineString", "coordinates": [[72.88577071029543, 19.074402373750306], [72.88567412019847, 19.07433300895589]]}, "properties": {"OBJECTID": 28456, "US_NODE_ID": "2177105401!", "DS_NODE_ID": "2177105309!", "CONDUIT_LE": 12.700000000000001, "SHAPE_1": "OREC", "CONDUIT_WI": 1624, "CONDUIT_HE": 3193, "US_INVERT": 26.807000000000002, "DS_INVERT": 26.794, "USER_TEXT2": "Existing", "SHAPE.LEN": 12.7421994824285}}, {"type": "Feature", "id": 28634, "geometry": {"type": "LineString", "coordinates": [[72.8849957932844, 19.098557793620763], [72.88476460432645, 19.098383614599072]]}, "properties": {"OBJECTID": 28634, "US_NODE_ID": "2177134003", "DS_NODE_ID": "2177134001", "CONDUIT_LE": 31, "SHAPE_1": "OREC", "CONDUIT_WI": 11000, "CONDUIT_HE": 3802, "US_INVERT": 30.197000000000003, "DS_INVERT": 30.084000000000003, "USER_TEXT2": "Existing", "SHAPE.LEN": 31.048279600808797}}, {"type": "Feature", "id": 28636, "geometry": {"type": "LineString", "coordinates": [[72.88554073791356, 19.09880669504217], [72.88525419031868, 19.09868356873378]]}, "properties": {"OBJECTID": 28636, "US_NODE_ID": "2177135101", "DS_NODE_ID": "2177135001", "CONDUIT_LE": 33.1, "SHAPE_1": "OREC", "CONDUIT_WI": 11000, "CONDUIT_HE": 3770, "US_INVERT": 30.429000000000002, "DS_INVERT": 30.308, "USER_TEXT2": "Existing", "SHAPE.LEN": 33.0974892564376}}, {"type": "Feature", "id": 28211, "geometry": {"type": "LineString", "coordinates": [[72.886425104239, 19.062665040802013], [72.88623948647046, 19.062460515486354]]}, "properties": {"OBJECTID": 28211, "US_NODE_ID": "2177095101", "DS_NODE_ID": "2177095007", "CONDUIT_LE": 29.900000000000002, "SHAPE_1": "OREC", "CONDUIT_WI": 9857, "CONDUIT_HE": 2188, "US_INVERT": 26.038, "DS_INVERT": 26.035, "USER_TEXT2": "Existing", "SHAPE.LEN": 29.910020464219}}, {"type": "Feature", "id": 28384, "geometry": {"type": "LineString", "coordinates": [[72.88613077136348, 19.07096750519886], [72.88616722536429, 19.070923002456883]]}, "properties": {"OBJECTID": 28384, "US_NODE_ID": "2177105007", "DS_NODE_ID": "2177105008", "CONDUIT_LE": 6.2, "SHAPE_1": "RECT", "CONDUIT_WI": 4000, "CONDUIT_HE": 1876, "US_INVERT": 26.433, "DS_INVERT": 26.429000000000002, "USER_TEXT2": "Existing", "SHAPE.LEN": 6.2452779321660294}}, {"type": "Feature", "id": 28388, "geometry": {"type": "LineString", "coordinates": [[72.8861865092066, 19.070900641710445], [72.88620268870316, 19.07088357558969]]}, "properties": {"OBJECTID": 28388, "US_NODE_ID": "2177105009", "DS_NODE_ID": "2177105010", "CONDUIT_LE": 2.5, "SHAPE_1": "RECT", "CONDUIT_WI": 4000, "CONDUIT_HE": 1922, "US_INVERT": 26.428, "DS_INVERT": 26.427, "USER_TEXT2": "Existing", "SHAPE.LEN": 2.54384081656066}}, {"type": "Feature", "id": 28213, "geometry": {"type": "LineString", "coordinates": [[72.88630224651338, 19.070763767747533], [72.88638035341198, 19.070674036831424]]}, "properties": {"OBJECTID": 28213, "US_NODE_ID": "2177095901", "DS_NODE_ID": "2177095902", "CONDUIT_LE": 12.9, "SHAPE_1": "RECT", "CONDUIT_WI": 4000, "CONDUIT_HE": 1932, "US_INVERT": 26.418000000000003, "DS_INVERT": 26.411, "USER_TEXT2": "Existing", "SHAPE.LEN": 12.8958861355085}}, {"type": "Feature", "id": 28401, "geometry": {"type": "LineString", "coordinates": [[72.8859920332766, 19.071178426760074], [72.88603004070791, 19.07110298754928]]}, "properties": {"OBJECTID": 28401, "US_NODE_ID": "2177105015", "DS_NODE_ID": "2177105017", "CONDUIT_LE": 9.3, "SHAPE_1": "OREC", "CONDUIT_WI": 13000, "CONDUIT_HE": 2268, "US_INVERT": 26.23, "DS_INVERT": 26.223000000000003, "USER_TEXT2": "Existing", "SHAPE.LEN": 9.26120942425988}}, {"type": "Feature", "id": 28381, "geometry": {"type": "LineString", "coordinates": [[72.8860900060316, 19.07101696353789], [72.88613077136348, 19.07096750519886]]}, "properties": {"OBJECTID": 28381, "US_NODE_ID": "2177105006!", "DS_NODE_ID": "2177105007!", "CONDUIT_LE": 7, "SHAPE_1": "RECT", "CONDUIT_WI": 14000, "CONDUIT_HE": 1973, "US_INVERT": 26.436, "DS_INVERT": 26.433, "USER_TEXT2": "Existing", "SHAPE.LEN": 6.95705144727276}}, {"type": "Feature", "id": 28382, "geometry": {"type": "LineString", "coordinates": [[72.8860900060316, 19.07101696353789], [72.88613077136348, 19.07096750519886]]}, "properties": {"OBJECTID": 28382, "US_NODE_ID": "2177105006", "DS_NODE_ID": "2177105007", "CONDUIT_LE": 7, "SHAPE_1": "RECT", "CONDUIT_WI": 4000, "CONDUIT_HE": 1973, "US_INVERT": 26.436, "DS_INVERT": 26.433, "USER_TEXT2": "Existing", "SHAPE.LEN": 6.95705144727276}}, {"type": "Feature", "id": 28465, "geometry": {"type": "LineString", "coordinates": [[72.885962003474, 19.074884826209253], [72.88594069408286, 19.07483062741336], [72.88592036230226, 19.074738241263358]]}, "properties": {"OBJECTID": 28465, "US_NODE_ID": "2177105405", "DS_NODE_ID": "2177105404", "CONDUIT_LE": 16.9, "SHAPE_1": "OREC", "CONDUIT_WI": 1624, "CONDUIT_HE": 3334, "US_INVERT": 26.866, "DS_INVERT": 26.849, "USER_TEXT2": "Existing", "SHAPE.LEN": 16.8564429018127}}, {"type": "Feature", "id": 28466, "geometry": {"type": "LineString", "coordinates": [[72.88608815500416, 19.075044890789115], [72.885969749631, 19.074905375122242], [72.88597231939966, 19.074906578853593], [72.885962003474, 19.074884826209253]]}, "properties": {"OBJECTID": 28466, "US_NODE_ID": "2177105406!", "DS_NODE_ID": "2177105405!", "CONDUIT_LE": 22.8, "SHAPE_1": "OREC", "CONDUIT_WI": 1624, "CONDUIT_HE": 3310, "US_INVERT": 26.889000000000003, "DS_INVERT": 26.866, "USER_TEXT2": "Existing", "SHAPE.LEN": 22.7917482900999}}, {"type": "Feature", "id": 28477, "geometry": {"type": "LineString", "coordinates": [[72.8865271640957, 19.074452610687125], [72.88631731997248, 19.074293937888715]]}, "properties": {"OBJECTID": 28477, "US_NODE_ID": "2177106401", "DS_NODE_ID": "2177105318", "CONDUIT_LE": 28.2, "SHAPE_1": "OREC", "CONDUIT_WI": 13000, "CONDUIT_HE": 2490, "US_INVERT": 26.517000000000003, "DS_INVERT": 26.497, "USER_TEXT2": "Existing", "SHAPE.LEN": 28.223748865095896}}, {"type": "Feature", "id": 28638, "geometry": {"type": "LineString", "coordinates": [[72.88575582184927, 19.09926196991557], [72.88568749397929, 19.09900078185598]]}, "properties": {"OBJECTID": 28638, "US_NODE_ID": "2177135103", "DS_NODE_ID": "2177135102", "CONDUIT_LE": 29.8, "SHAPE_1": "RECT", "CONDUIT_WI": 13000, "CONDUIT_HE": 3989, "US_INVERT": 30.574, "DS_INVERT": 30.525000000000002, "USER_TEXT2": "Existing", "SHAPE.LEN": 29.7987098272727}}, {"type": "Feature", "id": 28644, "geometry": {"type": "LineString", "coordinates": [[72.88640229817945, 19.099857551110325], [72.88634671857791, 19.099744907267052]]}, "properties": {"OBJECTID": 28644, "US_NODE_ID": "2177136203", "DS_NODE_ID": "2177136202", "CONDUIT_LE": 13.8, "SHAPE_1": "OREC", "CONDUIT_WI": 12000, "CONDUIT_HE": 4305, "US_INVERT": 30.653000000000002, "DS_INVERT": 30.649, "USER_TEXT2": "Existing", "SHAPE.LEN": 13.7753402861781}}, {"type": "Feature", "id": 28250, "geometry": {"type": "LineString", "coordinates": [[72.88801796527949, 19.06521563995522], [72.8878870584319, 19.06497567566795]]}, "properties": {"OBJECTID": 28250, "US_NODE_ID": "2177097304", "DS_NODE_ID": "2177097303", "CONDUIT_LE": 29.900000000000002, "SHAPE_1": "OREC", "CONDUIT_WI": 9957, "CONDUIT_HE": 2136, "US_INVERT": 26.07, "DS_INVERT": 26.067, "USER_TEXT2": "Existing", "SHAPE.LEN": 29.9294169672581}}, {"type": "Feature", "id": 28261, "geometry": {"type": "LineString", "coordinates": [[72.88761424406306, 19.068657945314584], [72.88747063698115, 19.068544806746427]]}, "properties": {"OBJECTID": 28261, "US_NODE_ID": "2177097702", "DS_NODE_ID": "2177097701", "CONDUIT_LE": 19.6, "SHAPE_1": "OREC", "CONDUIT_WI": 13000, "CONDUIT_HE": 2693, "US_INVERT": 26.113, "DS_INVERT": 26.111, "USER_TEXT2": "Existing", "SHAPE.LEN": 19.632909679668}}, {"type": "Feature", "id": 28225, "geometry": {"type": "LineString", "coordinates": [[72.8870511234385, 19.069851479105804], [72.88707930031097, 19.069819504540753]]}, "properties": {"OBJECTID": 28225, "US_NODE_ID": "2177096802", "DS_NODE_ID": "2177096803", "CONDUIT_LE": 4.6000000000000005, "SHAPE_1": "RECT", "CONDUIT_WI": 10000, "CONDUIT_HE": 2874, "US_INVERT": 26.133000000000003, "DS_INVERT": 26.132, "USER_TEXT2": "Existing", "SHAPE.LEN": 4.61850606257045}}, {"type": "Feature", "id": 28270, "geometry": {"type": "LineString", "coordinates": [[72.88739413626845, 19.069538796812477], [72.88808797322244, 19.07003722513702]]}, "properties": {"OBJECTID": 28270, "US_NODE_ID": "2177097806", "DS_NODE_ID": "2177097901", "CONDUIT_LE": 91.5, "SHAPE_1": "RECT", "CONDUIT_WI": 15000, "CONDUIT_HE": 2730, "US_INVERT": 26.069000000000003, "DS_INVERT": 26.065, "USER_TEXT2": "Proposal", "SHAPE.LEN": 91.5433230771092}}, {"type": "Feature", "id": 28271, "geometry": {"type": "LineString", "coordinates": [[72.88808797322244, 19.07003722513702], [72.88855346703241, 19.07033792838655]]}, "properties": {"OBJECTID": 28271, "US_NODE_ID": "2177097901!", "DS_NODE_ID": "2177098901!", "CONDUIT_LE": 59.2, "SHAPE_1": "OREC", "CONDUIT_WI": 15000, "CONDUIT_HE": 2439, "US_INVERT": 26.059, "DS_INVERT": 26.056, "USER_TEXT2": "Proposal", "SHAPE.LEN": 59.242299077601594}}, {"type": "Feature", "id": 28483, "geometry": {"type": "LineString", "coordinates": [[72.88716482283657, 19.0749767119829], [72.88694282920248, 19.074804941241727]]}, "properties": {"OBJECTID": 28483, "US_NODE_ID": "2177106404", "DS_NODE_ID": "2177106403", "CONDUIT_LE": 30.1, "SHAPE_1": "OREC", "CONDUIT_WI": 13000, "CONDUIT_HE": 2247, "US_INVERT": 26.580000000000002, "DS_INVERT": 26.559, "USER_TEXT2": "Existing", "SHAPE.LEN": 30.1292156972265}}, {"type": "Feature", "id": 28484, "geometry": {"type": "LineString", "coordinates": [[72.88738684254419, 19.075146463068418], [72.88716482283657, 19.0749767119829]]}, "properties": {"OBJECTID": 28484, "US_NODE_ID": "2177107401!", "DS_NODE_ID": "2177106404!", "CONDUIT_LE": 30, "SHAPE_1": "OREC", "CONDUIT_WI": 13000, "CONDUIT_HE": 2115, "US_INVERT": 26.602, "DS_INVERT": 26.580000000000002, "USER_TEXT2": "Existing", "SHAPE.LEN": 29.9906898495183}}, {"type": "Feature", "id": 28492, "geometry": {"type": "LineString", "coordinates": [[72.88825659667094, 19.075847218264403], [72.88804267003829, 19.07566932656727]]}, "properties": {"OBJECTID": 28492, "US_NODE_ID": "2177108501!", "DS_NODE_ID": "2177107503!", "CONDUIT_LE": 29.900000000000002, "SHAPE_1": "OREC", "CONDUIT_WI": 13000, "CONDUIT_HE": 2211, "US_INVERT": 26.687, "DS_INVERT": 26.666, "USER_TEXT2": "Existing", "SHAPE.LEN": 29.917073725383002}}, {"type": "Feature", "id": 28493, "geometry": {"type": "LineString", "coordinates": [[72.88825659667094, 19.075847218264403], [72.88804267003829, 19.07566932656727]]}, "properties": {"OBJECTID": 28493, "US_NODE_ID": "2177108501", "DS_NODE_ID": "2177107503", "CONDUIT_LE": 29.900000000000002, "SHAPE_1": "OREC", "CONDUIT_WI": 13000, "CONDUIT_HE": 2211, "US_INVERT": 26.687, "DS_INVERT": 26.666, "USER_TEXT2": "Existing", "SHAPE.LEN": 29.917073725383002}}, {"type": "Feature", "id": 28277, "geometry": {"type": "LineString", "coordinates": [[72.88851511519546, 19.066241132394524], [72.8885078596077, 19.06621395102072]]}, "properties": {"OBJECTID": 28277, "US_NODE_ID": "2177098405", "DS_NODE_ID": "2177098404", "CONDUIT_LE": 3.1, "SHAPE_1": "RECT", "CONDUIT_WI": 10500, "CONDUIT_HE": 2324, "US_INVERT": 26.082, "DS_INVERT": 26.081, "USER_TEXT2": "Existing", "SHAPE.LEN": 3.104834939252}}, {"type": "Feature", "id": 28280, "geometry": {"type": "LineString", "coordinates": [[72.88853086565899, 19.066303930577366], [72.88851511519546, 19.066241132394524]]}, "properties": {"OBJECTID": 28280, "US_NODE_ID": "2177098501", "DS_NODE_ID": "2177098405", "CONDUIT_LE": 7.1000000000000005, "SHAPE_1": "RECT", "CONDUIT_WI": 10500, "CONDUIT_HE": 2494, "US_INVERT": 26.082, "DS_INVERT": 26.082, "USER_TEXT2": "Existing", "SHAPE.LEN": 7.14774804956078}}, {"type": "Feature", "id": 28278, "geometry": {"type": "LineString", "coordinates": [[72.88883248778257, 19.06595710193439], [72.8884744821454, 19.06605380814041]]}, "properties": {"OBJECTID": 28278, "US_NODE_ID": "2177098406", "DS_NODE_ID": "2177098402", "CONDUIT_LE": 39.2, "SHAPE_1": "OREC", "CONDUIT_WI": 12000, "CONDUIT_HE": 1527, "US_INVERT": 26.312, "DS_INVERT": 26.302, "USER_TEXT2": "Existing", "SHAPE.LEN": 39.17953920415601}}, {"type": "Feature", "id": 28285, "geometry": {"type": "LineString", "coordinates": [[72.88868752519066, 19.066983300008758], [72.88862371925465, 19.0667935380366]]}, "properties": {"OBJECTID": 28285, "US_NODE_ID": "2177098506", "DS_NODE_ID": "2177098505", "CONDUIT_LE": 22.1, "SHAPE_1": "OREC", "CONDUIT_WI": 13000, "CONDUIT_HE": 2472, "US_INVERT": 26.09, "DS_INVERT": 26.088, "USER_TEXT2": "Existing", "SHAPE.LEN": 22.0573301997318}}, {"type": "Feature", "id": 28497, "geometry": {"type": "LineString", "coordinates": [[72.88869224378566, 19.076198036477834], [72.88846921106881, 19.07602531421041]]}, "properties": {"OBJECTID": 28497, "US_NODE_ID": "2177108503", "DS_NODE_ID": "2177108502", "CONDUIT_LE": 30.3, "SHAPE_1": "OREC", "CONDUIT_WI": 13000, "CONDUIT_HE": 2169, "US_INVERT": 26.729000000000003, "DS_INVERT": 26.708000000000002, "USER_TEXT2": "Existing", "SHAPE.LEN": 30.280394572396197}}, {"type": "Feature", "id": 28501, "geometry": {"type": "LineString", "coordinates": [[72.88913326649876, 19.076539234065084], [72.88891216706301, 19.076368692330565]]}, "properties": {"OBJECTID": 28501, "US_NODE_ID": "2177108602", "DS_NODE_ID": "2177108601", "CONDUIT_LE": 30, "SHAPE_1": "OREC", "CONDUIT_WI": 13000, "CONDUIT_HE": 2178, "US_INVERT": 26.740000000000002, "DS_INVERT": 26.735000000000003, "USER_TEXT2": "Existing", "SHAPE.LEN": 29.970151818100597}}, {"type": "Feature", "id": 28596, "geometry": {"type": "LineString", "coordinates": [[72.88827850878664, 19.08103209106128], [72.88888274629637, 19.080697734051103]]}, "properties": {"OBJECTID": 28596, "US_NODE_ID": "2177118101", "DS_NODE_ID": "2177118001", "CONDUIT_LE": 73.60000000000001, "SHAPE_1": "OREC", "CONDUIT_WI": 4800, "CONDUIT_HE": 2223, "US_INVERT": 27.777, "DS_INVERT": 27.703000000000003, "USER_TEXT2": "Existing", "SHAPE.LEN": 73.5924692682614}}, {"type": "Feature", "id": 28593, "geometry": {"type": "LineString", "coordinates": [[72.88888274629637, 19.080697734051103], [72.88944087726578, 19.08037225165602]]}, "properties": {"OBJECTID": 28593, "US_NODE_ID": "2177118001!", "DS_NODE_ID": "2177119001!", "CONDUIT_LE": 68.9, "SHAPE_1": "OREC", "CONDUIT_WI": 4800, "CONDUIT_HE": 2097, "US_INVERT": 27.703000000000003, "DS_INVERT": 27.635, "USER_TEXT2": "Existing", "SHAPE.LEN": 68.922092287234}}, {"type": "Feature", "id": 28592, "geometry": {"type": "LineString", "coordinates": [[72.8879490981391, 19.08738902493053], [72.8879258074416, 19.087138697285194]]}, "properties": {"OBJECTID": 28592, "US_NODE_ID": "2177117804", "DS_NODE_ID": "2177117803", "CONDUIT_LE": 27.8, "SHAPE_1": "OREC", "CONDUIT_WI": 1800, "CONDUIT_HE": 1498, "US_INVERT": 34.1, "DS_INVERT": 33.859, "USER_TEXT2": "Existing", "SHAPE.LEN": 27.8235934020033}}, {"type": "Feature", "id": 28657, "geometry": {"type": "LineString", "coordinates": [[72.88805895320138, 19.100192707930017], [72.88783261733474, 19.10005823355761]]}, "properties": {"OBJECTID": 28657, "US_NODE_ID": "2177138201", "DS_NODE_ID": "2177137207", "CONDUIT_LE": 28.1, "SHAPE_1": "RECT", "CONDUIT_WI": 13000, "CONDUIT_HE": 4264, "US_INVERT": 31.134, "DS_INVERT": 31.027, "USER_TEXT2": "Existing", "SHAPE.LEN": 28.0919917414198}}, {"type": "Feature", "id": 28660, "geometry": {"type": "LineString", "coordinates": [[72.88858563773279, 19.100469730951428], [72.8885642923246, 19.10035477043635]]}, "properties": {"OBJECTID": 28660, "US_NODE_ID": "2177138204", "DS_NODE_ID": "2177138203", "CONDUIT_LE": 12.9, "SHAPE_1": "OREC", "CONDUIT_WI": 13000, "CONDUIT_HE": 2903, "US_INVERT": 31.385, "DS_INVERT": 31.34, "USER_TEXT2": "Existing", "SHAPE.LEN": 12.924782396620799}}, {"type": "Feature", "id": 28670, "geometry": {"type": "LineString", "coordinates": [[72.88879438576177, 19.10367560617145], [72.88878703584616, 19.10362043847121]]}, "properties": {"OBJECTID": 28670, "US_NODE_ID": "2177138603", "DS_NODE_ID": "2177138602", "CONDUIT_LE": 6.2, "SHAPE_1": "RECT", "CONDUIT_WI": 5000, "CONDUIT_HE": 2034, "US_INVERT": 34.026, "DS_INVERT": 33.938, "USER_TEXT2": "Existing", "SHAPE.LEN": 6.15676790857021}}, {"type": "Feature", "id": 28300, "geometry": {"type": "LineString", "coordinates": [[72.88988939428435, 19.065697155797032], [72.88961545712829, 19.065770476746785]]}, "properties": {"OBJECTID": 28300, "US_NODE_ID": "2177099403", "DS_NODE_ID": "2177099402", "CONDUIT_LE": 30, "SHAPE_1": "OREC", "CONDUIT_WI": 12000, "CONDUIT_HE": 1498, "US_INVERT": 26.341, "DS_INVERT": 26.333000000000002, "USER_TEXT2": "Existing", "SHAPE.LEN": 29.958876170177}}, {"type": "Feature", "id": 28301, "geometry": {"type": "LineString", "coordinates": [[72.89017011913718, 19.065630493361766], [72.88988939428435, 19.065697155797032]]}, "properties": {"OBJECTID": 28301, "US_NODE_ID": "2177099404", "DS_NODE_ID": "2177099403", "CONDUIT_LE": 30.5, "SHAPE_1": "OREC", "CONDUIT_WI": 12000, "CONDUIT_HE": 1490, "US_INVERT": 26.349, "DS_INVERT": 26.341, "USER_TEXT2": "Existing", "SHAPE.LEN": 30.4603483463338}}, {"type": "Feature", "id": 29202, "geometry": {"type": "LineString", "coordinates": [[72.89027726818348, 19.071425336789442], [72.89139754588187, 19.07230981693307]]}, "properties": {"OBJECTID": 29202, "US_NODE_ID": "2178100001", "DS_NODE_ID": "2178101101", "CONDUIT_LE": 153.3, "SHAPE_1": "OREC", "CONDUIT_WI": 15000, "CONDUIT_HE": 2256, "US_INVERT": 26.042, "DS_INVERT": 26.033, "USER_TEXT2": "Proposal", "SHAPE.LEN": 153.287507644948}}, {"type": "Feature", "id": 29206, "geometry": {"type": "LineString", "coordinates": [[72.89031579005558, 19.07777215635732], [72.89044825896809, 19.077546758973238], [72.89052299095171, 19.077485534039983]]}, "properties": {"OBJECTID": 29206, "US_NODE_ID": "2178100702", "DS_NODE_ID": "2178100704", "CONDUIT_LE": 39, "SHAPE_1": "OREC", "CONDUIT_WI": 4800, "CONDUIT_HE": 2082, "US_INVERT": 27.317, "DS_INVERT": 27.278000000000002, "USER_TEXT2": "Existing", "SHAPE.LEN": 38.971076272171494}}, {"type": "Feature", "id": 28514, "geometry": {"type": "LineString", "coordinates": [[72.88989650032345, 19.078484196577527], [72.88994315579382, 19.078405508083314]]}, "properties": {"OBJECTID": 28514, "US_NODE_ID": "2177109803!", "DS_NODE_ID": "2177109804!", "CONDUIT_LE": 10, "SHAPE_1": "OREC", "CONDUIT_WI": 4800, "CONDUIT_HE": 2391, "US_INVERT": 27.408, "DS_INVERT": 27.398, "USER_TEXT2": "Existing", "SHAPE.LEN": 10.001004908008001}}, {"type": "Feature", "id": 28520, "geometry": {"type": "LineString", "coordinates": [[72.88962835840928, 19.079311424256677], [72.88972722406609, 19.078892098802672]]}, "properties": {"OBJECTID": 28520, "US_NODE_ID": "2177109902!", "DS_NODE_ID": "2177109801!", "CONDUIT_LE": 47.6, "SHAPE_1": "OREC", "CONDUIT_WI": 4800, "CONDUIT_HE": 2496, "US_INVERT": 27.504, "DS_INVERT": 27.456000000000003, "USER_TEXT2": "Existing", "SHAPE.LEN": 47.578261759126896}}, {"type": "Feature", "id": 28600, "geometry": {"type": "LineString", "coordinates": [[72.88965796660236, 19.080233371783514], [72.88961286919931, 19.07975020898902]]}, "properties": {"OBJECTID": 28600, "US_NODE_ID": "2177119002!", "DS_NODE_ID": "2177109901!", "CONDUIT_LE": 53.7, "SHAPE_1": "OREC", "CONDUIT_WI": 4800, "CONDUIT_HE": 2592, "US_INVERT": 27.607000000000003, "DS_INVERT": 27.553, "USER_TEXT2": "Existing", "SHAPE.LEN": 53.7041782510449}}, {"type": "Feature", "id": 29372, "geometry": {"type": "LineString", "coordinates": [[72.8901768903691, 19.083145204171732], [72.89011527039031, 19.082869491796693]]}, "properties": {"OBJECTID": 29372, "US_NODE_ID": "2178110302!", "DS_NODE_ID": "2178110301!", "CONDUIT_LE": 31.2, "SHAPE_1": "RECT", "CONDUIT_WI": 3500, "CONDUIT_HE": 2772, "US_INVERT": 30.734, "DS_INVERT": 30.583000000000002, "USER_TEXT2": "Existing", "SHAPE.LEN": 31.207331859837}}, {"type": "Feature", "id": 29362, "geometry": {"type": "LineString", "coordinates": [[72.89014208367544, 19.082534782073488], [72.89027850275122, 19.082285701435072]]}, "properties": {"OBJECTID": 29362, "US_NODE_ID": "2178110201!", "DS_NODE_ID": "2178110202!", "CONDUIT_LE": 31.1, "SHAPE_1": "RECT", "CONDUIT_WI": 3500, "CONDUIT_HE": 2193, "US_INVERT": 30.383000000000003, "DS_INVERT": 30.033, "USER_TEXT2": "Existing", "SHAPE.LEN": 31.091929994775196}}, {"type": "Feature", "id": 29379, "geometry": {"type": "LineString", "coordinates": [[72.8903320769814, 19.08368016577478], [72.89024367762191, 19.083424247370452]]}, "properties": {"OBJECTID": 29379, "US_NODE_ID": "2178110401", "DS_NODE_ID": "2178110303", "CONDUIT_LE": 29.8, "SHAPE_1": "RECT", "CONDUIT_WI": 3500, "CONDUIT_HE": 2110, "US_INVERT": 31.156000000000002, "DS_INVERT": 30.919, "USER_TEXT2": "Existing", "SHAPE.LEN": 29.8230998958861}}, {"type": "Feature", "id": 29388, "geometry": {"type": "LineString", "coordinates": [[72.89002080203058, 19.087679730099687], [72.88984781042276, 19.087361544458005]]}, "properties": {"OBJECTID": 29388, "US_NODE_ID": "2178110801", "DS_NODE_ID": "2177119801", "CONDUIT_LE": 39.7, "SHAPE_1": "OREC", "CONDUIT_WI": 1500, "CONDUIT_HE": 1500, "US_INVERT": 43.53, "DS_INVERT": 40.480000000000004, "USER_TEXT2": "Existing", "SHAPE.LEN": 39.6560142344134}}, {"type": "Feature", "id": 28685, "geometry": {"type": "LineString", "coordinates": [[72.88928357450382, 19.101478561145665], [72.8891658097213, 19.10135518135452]]}, "properties": {"OBJECTID": 28685, "US_NODE_ID": "2177139307", "DS_NODE_ID": "2177139306", "CONDUIT_LE": 18.400000000000002, "SHAPE_1": "OREC", "CONDUIT_WI": 13000, "CONDUIT_HE": 3035, "US_INVERT": 31.953000000000003, "DS_INVERT": 31.893, "USER_TEXT2": "Existing", "SHAPE.LEN": 18.445336214067797}}, {"type": "Feature", "id": 28686, "geometry": {"type": "LineString", "coordinates": [[72.88951926510184, 19.101624883777177], [72.88928357450382, 19.101478561145665]]}, "properties": {"OBJECTID": 28686, "US_NODE_ID": "2177139401", "DS_NODE_ID": "2177139307", "CONDUIT_LE": 29.6, "SHAPE_1": "OREC", "CONDUIT_WI": 13000, "CONDUIT_HE": 3317, "US_INVERT": 32.051, "DS_INVERT": 31.953000000000003, "USER_TEXT2": "Existing", "SHAPE.LEN": 29.6278585118803}}, {"type": "Feature", "id": 29559, "geometry": {"type": "LineString", "coordinates": [[72.89016376261881, 19.101978225164633], [72.88982628938383, 19.101840672624927]]}, "properties": {"OBJECTID": 29559, "US_NODE_ID": "2178130403", "DS_NODE_ID": "2178130401", "CONDUIT_LE": 38.6, "SHAPE_1": "RECT", "CONDUIT_WI": 22000, "CONDUIT_HE": 3771, "US_INVERT": 32.227000000000004, "DS_INVERT": 32.183, "USER_TEXT2": "Existing", "SHAPE.LEN": 38.646215856148196}}, {"type": "Feature", "id": 28694, "geometry": {"type": "LineString", "coordinates": [[72.88960248594115, 19.10296947631718], [72.88955989276751, 19.102872309736174]]}, "properties": {"OBJECTID": 28694, "US_NODE_ID": "2177139507", "DS_NODE_ID": "2177139505", "CONDUIT_LE": 11.700000000000001, "SHAPE_1": "OREC", "CONDUIT_WI": 2017, "CONDUIT_HE": 1644, "US_INVERT": 33.794000000000004, "DS_INVERT": 33.604, "USER_TEXT2": "Existing", "SHAPE.LEN": 11.6545982727849}}, {"type": "Feature", "id": 28696, "geometry": {"type": "LineString", "coordinates": [[72.88961527206224, 19.103045027276814], [72.88960248594115, 19.10296947631718]]}, "properties": {"OBJECTID": 28696, "US_NODE_ID": "2177139509", "DS_NODE_ID": "2177139507", "CONDUIT_LE": 8.5, "SHAPE_1": "OREC", "CONDUIT_WI": 2165, "CONDUIT_HE": 1385, "US_INVERT": 33.884, "DS_INVERT": 33.794000000000004, "USER_TEXT2": "Existing", "SHAPE.LEN": 8.472295831709369}}, {"type": "Feature", "id": 28693, "geometry": {"type": "LineString", "coordinates": [[72.889577128574, 19.103113389620958], [72.88961527206224, 19.103045027276814]]}, "properties": {"OBJECTID": 28693, "US_NODE_ID": "2177139506", "DS_NODE_ID": "2177139509", "CONDUIT_LE": 8.6, "SHAPE_1": "OREC", "CONDUIT_WI": 2165, "CONDUIT_HE": 1515, "US_INVERT": 33.974000000000004, "DS_INVERT": 33.884, "USER_TEXT2": "Existing", "SHAPE.LEN": 8.567616231484699}}, {"type": "Feature", "id": 29566, "geometry": {"type": "LineString", "coordinates": [[72.88981997569783, 19.10338023300454], [72.88975665526212, 19.103339049502246]]}, "properties": {"OBJECTID": 29566, "US_NODE_ID": "2178130601", "DS_NODE_ID": "2177139605", "CONDUIT_LE": 8.1, "SHAPE_1": "OREC", "CONDUIT_WI": 2143, "CONDUIT_HE": 1386, "US_INVERT": 34.300000000000004, "DS_INVERT": 34.291000000000004, "USER_TEXT2": "Existing", "SHAPE.LEN": 8.0749649045677}}, {"type": "Feature", "id": 28705, "geometry": {"type": "LineString", "coordinates": [[72.88898227201139, 19.10430810023551], [72.88894053927162, 19.104241525512244]]}, "properties": {"OBJECTID": 28705, "US_NODE_ID": "2177139702", "DS_NODE_ID": "2177139701", "CONDUIT_LE": 8.6, "SHAPE_1": "OREC", "CONDUIT_WI": 3619, "CONDUIT_HE": 2674, "US_INVERT": 34.325, "DS_INVERT": 34.300000000000004, "USER_TEXT2": "Existing", "SHAPE.LEN": 8.580373393390289}}, {"type": "Feature", "id": 29111, "geometry": {"type": "LineString", "coordinates": [[72.89124037597841, 19.065306566383487], [72.89096112879753, 19.06535591354443]]}, "properties": {"OBJECTID": 29111, "US_NODE_ID": "2178091301", "DS_NODE_ID": "2178090301", "CONDUIT_LE": 29.900000000000002, "SHAPE_1": "OREC", "CONDUIT_WI": 3574, "CONDUIT_HE": 1970, "US_INVERT": 26.379, "DS_INVERT": 26.371000000000002, "USER_TEXT2": "Existing", "SHAPE.LEN": 29.900532392919}}, {"type": "Feature", "id": 29121, "geometry": {"type": "LineString", "coordinates": [[72.8912247816404, 19.067859666925575], [72.8909410338981, 19.067830094365608]]}, "properties": {"OBJECTID": 29121, "US_NODE_ID": "2178091601", "DS_NODE_ID": "2178090603", "CONDUIT_LE": 30, "SHAPE_1": "OREC", "CONDUIT_WI": 5000, "CONDUIT_HE": 1629, "US_INVERT": 27.13, "DS_INVERT": 27.11, "USER_TEXT2": "Existing", "SHAPE.LEN": 30.0493828963258}}, {"type": "Feature", "id": 29238, "geometry": {"type": "LineString", "coordinates": [[72.89139754588187, 19.07230981693307], [72.89291252959212, 19.073535726145945]]}, "properties": {"OBJECTID": 29238, "US_NODE_ID": "2178101101", "DS_NODE_ID": "2178102201", "CONDUIT_LE": 209.4, "SHAPE_1": "OREC", "CONDUIT_WI": 15000, "CONDUIT_HE": 2265, "US_INVERT": 26.033, "DS_INVERT": 26.02, "USER_TEXT2": "Proposal", "SHAPE.LEN": 209.417406153357}}, {"type": "Feature", "id": 29360, "geometry": {"type": "LineString", "coordinates": [[72.89072611066463, 19.08079546274714], [72.89071596309229, 19.080620199569314]]}, "properties": {"OBJECTID": 29360, "US_NODE_ID": "2178110105!", "DS_NODE_ID": "2178110003!", "CONDUIT_LE": 19.400000000000002, "SHAPE_1": "RECT", "CONDUIT_WI": 4500, "CONDUIT_HE": 1818, "US_INVERT": 28.618000000000002, "DS_INVERT": 28.613000000000003, "USER_TEXT2": "Existing", "SHAPE.LEN": 19.4338436478737}}, {"type": "Feature", "id": 29367, "geometry": {"type": "LineString", "coordinates": [[72.89029637448286, 19.081848824521725], [72.89039912811776, 19.081605414711238]]}, "properties": {"OBJECTID": 29367, "US_NODE_ID": "2178110203", "DS_NODE_ID": "2178110101", "CONDUIT_LE": 29, "SHAPE_1": "RECT", "CONDUIT_WI": 3500, "CONDUIT_HE": 2184, "US_INVERT": 29.014000000000003, "DS_INVERT": 28.912000000000003, "USER_TEXT2": "Existing", "SHAPE.LEN": 29.0389173684213}}, {"type": "Feature", "id": 29407, "geometry": {"type": "LineString", "coordinates": [[72.8911026491113, 19.08446446445788], [72.89081782090476, 19.08446120386475]]}, "properties": {"OBJECTID": 29407, "US_NODE_ID": "2178111501", "DS_NODE_ID": "2178110502", "CONDUIT_LE": 30, "SHAPE_1": "RECT", "CONDUIT_WI": 4000, "CONDUIT_HE": 3024, "US_INVERT": 32.874, "DS_INVERT": 32.808, "USER_TEXT2": "Existing", "SHAPE.LEN": 29.983400000000003}}, {"type": "Feature", "id": 29594, "geometry": {"type": "LineString", "coordinates": [[72.8911676583216, 19.101047956796364], [72.89102554273923, 19.1012320592033]]}, "properties": {"OBJECTID": 29594, "US_NODE_ID": "2178131303", "DS_NODE_ID": "2178131302", "CONDUIT_LE": 25.3, "SHAPE_1": "RECT", "CONDUIT_WI": 4000, "CONDUIT_HE": 2243, "US_INVERT": 33.604, "DS_INVERT": 33.381, "USER_TEXT2": "Existing", "SHAPE.LEN": 25.2825088274483}}, {"type": "Feature", "id": 29562, "geometry": {"type": "LineString", "coordinates": [[72.89058652584208, 19.10175905789908], [72.89052874902023, 19.101711141979035]]}, "properties": {"OBJECTID": 29562, "US_NODE_ID": "2178130406", "DS_NODE_ID": "2178130405", "CONDUIT_LE": 8.1, "SHAPE_1": "OREC", "CONDUIT_WI": 5000, "CONDUIT_HE": 2546, "US_INVERT": 32.812000000000005, "DS_INVERT": 32.741, "USER_TEXT2": "Existing", "SHAPE.LEN": 8.06984672778858}}, {"type": "Feature", "id": 29571, "geometry": {"type": "LineString", "coordinates": [[72.89037130623012, 19.103516919099885], [72.89031559121806, 19.103488079459133]]}, "properties": {"OBJECTID": 29571, "US_NODE_ID": "2178130606", "DS_NODE_ID": "2178130605", "CONDUIT_LE": 6.7, "SHAPE_1": "RECT", "CONDUIT_WI": 2700, "CONDUIT_HE": 2741, "US_INVERT": 34.657000000000004, "DS_INVERT": 34.62, "USER_TEXT2": "Existing", "SHAPE.LEN": 6.67690889633818}}, {"type": "Feature", "id": 29602, "geometry": {"type": "LineString", "coordinates": [[72.890865536265, 19.10342002750069], [72.89074184516888, 19.103373181879476]]}, "properties": {"OBJECTID": 29602, "US_NODE_ID": "2178131601", "DS_NODE_ID": "2178130609", "CONDUIT_LE": 14, "SHAPE_1": "OREC", "CONDUIT_WI": 4200, "CONDUIT_HE": 2460, "US_INVERT": 34.949000000000005, "DS_INVERT": 34.919000000000004, "USER_TEXT2": "Existing", "SHAPE.LEN": 14.013480741771499}}, {"type": "Feature", "id": 29579, "geometry": {"type": "LineString", "coordinates": [[72.89005385217546, 19.104911154494534], [72.89001354487085, 19.104832389469642]]}, "properties": {"OBJECTID": 29579, "US_NODE_ID": "2178130705", "DS_NODE_ID": "2178130703", "CONDUIT_LE": 9.700000000000001, "SHAPE_1": "OREC", "CONDUIT_WI": 3500, "CONDUIT_HE": 3053, "US_INVERT": 34.946000000000005, "DS_INVERT": 34.904, "USER_TEXT2": "Existing", "SHAPE.LEN": 9.69769930705216}}, {"type": "Feature", "id": 29610, "geometry": {"type": "LineString", "coordinates": [[72.8907887599255, 19.105614529053035], [72.89068193708825, 19.10552626815423]]}, "properties": {"OBJECTID": 29610, "US_NODE_ID": "2178131801", "DS_NODE_ID": "2178130803", "CONDUIT_LE": 14.9, "SHAPE_1": "OREC", "CONDUIT_WI": 4500, "CONDUIT_HE": 2505, "US_INVERT": 35.494, "DS_INVERT": 35.429, "USER_TEXT2": "Existing", "SHAPE.LEN": 14.8960320397749}}, {"type": "Feature", "id": 29245, "geometry": {"type": "LineString", "coordinates": [[72.89174046534559, 19.078490020614094], [72.89152440415631, 19.078312518075148]]}, "properties": {"OBJECTID": 29245, "US_NODE_ID": "2178101803!", "DS_NODE_ID": "2178101802!", "CONDUIT_LE": 30.1, "SHAPE_1": "OREC", "CONDUIT_WI": 9600, "CONDUIT_HE": 2554, "US_INVERT": 27.404, "DS_INVERT": 27.373, "USER_TEXT2": "Existing", "SHAPE.LEN": 30.058054192678497}}, {"type": "Feature", "id": 29248, "geometry": {"type": "LineString", "coordinates": [[72.89195463623476, 19.078672640052936], [72.89174046534559, 19.078490020614094]]}, "properties": {"OBJECTID": 29248, "US_NODE_ID": "2178101804", "DS_NODE_ID": "2178101803", "CONDUIT_LE": 30.3, "SHAPE_1": "OREC", "CONDUIT_WI": 9600, "CONDUIT_HE": 2499, "US_INVERT": 27.439, "DS_INVERT": 27.404, "USER_TEXT2": "Existing", "SHAPE.LEN": 30.283028330733398}}, {"type": "Feature", "id": 29255, "geometry": {"type": "LineString", "coordinates": [[72.89247716779744, 19.07965742831652], [72.89257043717721, 19.07940040710845]]}, "properties": {"OBJECTID": 29255, "US_NODE_ID": "2178102902!", "DS_NODE_ID": "2178102903!", "CONDUIT_LE": 30.1, "SHAPE_1": "OREC", "CONDUIT_WI": 7200, "CONDUIT_HE": 2047, "US_INVERT": 27.561, "DS_INVERT": 27.544, "USER_TEXT2": "Existing", "SHAPE.LEN": 30.102421360581598}}, {"type": "Feature", "id": 29424, "geometry": {"type": "LineString", "coordinates": [[72.89201182795769, 19.080951382367545], [72.89210540721487, 19.080688247201095]]}, "properties": {"OBJECTID": 29424, "US_NODE_ID": "2178112102!", "DS_NODE_ID": "2178112001!", "CONDUIT_LE": 30.8, "SHAPE_1": "OREC", "CONDUIT_WI": 7200, "CONDUIT_HE": 1621, "US_INVERT": 27.638, "DS_INVERT": 27.614, "USER_TEXT2": "Existing", "SHAPE.LEN": 30.7535323293114}}, {"type": "Feature", "id": 29416, "geometry": {"type": "LineString", "coordinates": [[72.89219968658095, 19.080424567158566], [72.89229529101713, 19.080171092960523]]}, "properties": {"OBJECTID": 29416, "US_NODE_ID": "2178112002!", "DS_NODE_ID": "2178112003!", "CONDUIT_LE": 29.8, "SHAPE_1": "OREC", "CONDUIT_WI": 7200, "CONDUIT_HE": 1561, "US_INVERT": 27.596, "DS_INVERT": 27.581000000000003, "USER_TEXT2": "Existing", "SHAPE.LEN": 29.813521083226696}}, {"type": "Feature", "id": 29417, "geometry": {"type": "LineString", "coordinates": [[72.89219968658095, 19.080424567158566], [72.89229529101713, 19.080171092960523]]}, "properties": {"OBJECTID": 29417, "US_NODE_ID": "2178112002", "DS_NODE_ID": "2178112003", "CONDUIT_LE": 29.8, "SHAPE_1": "OREC", "CONDUIT_WI": 7200, "CONDUIT_HE": 1561, "US_INVERT": 27.596, "DS_INVERT": 27.581000000000003, "USER_TEXT2": "Existing", "SHAPE.LEN": 29.813521083226696}}, {"type": "Feature", "id": 29418, "geometry": {"type": "LineString", "coordinates": [[72.89229529101713, 19.080171092960523], [72.89238628755962, 19.079913168827787]]}, "properties": {"OBJECTID": 29418, "US_NODE_ID": "2178112003!", "DS_NODE_ID": "2178112004!", "CONDUIT_LE": 30.1, "SHAPE_1": "OREC", "CONDUIT_WI": 7200, "CONDUIT_HE": 1525, "US_INVERT": 27.581000000000003, "DS_INVERT": 27.575000000000003, "USER_TEXT2": "Existing", "SHAPE.LEN": 30.119999561919002}}, {"type": "Feature", "id": 29393, "geometry": {"type": "LineString", "coordinates": [[72.891865312416, 19.081372882150923], [72.89195250209308, 19.08114051819223]]}, "properties": {"OBJECTID": 29393, "US_NODE_ID": "2178111101", "DS_NODE_ID": "2178111103", "CONDUIT_LE": 27.3, "SHAPE_1": "OREC", "CONDUIT_WI": 5400, "CONDUIT_HE": 2136, "US_INVERT": 27.663, "DS_INVERT": 27.649, "USER_TEXT2": "Existing", "SHAPE.LEN": 27.3144934926496}}, {"type": "Feature", "id": 29427, "geometry": {"type": "LineString", "coordinates": [[72.8921290928149, 19.081215902518384], [72.8919896841168, 19.081168218004127]]}, "properties": {"OBJECTID": 29427, "US_NODE_ID": "2178112103", "DS_NODE_ID": "2178112101", "CONDUIT_LE": 15.6, "SHAPE_1": "RECT", "CONDUIT_WI": 4800, "CONDUIT_HE": 1611, "US_INVERT": 27.676000000000002, "DS_INVERT": 27.659000000000002, "USER_TEXT2": "Existing", "SHAPE.LEN": 15.5953414598719}}, {"type": "Feature", "id": 29439, "geometry": {"type": "LineString", "coordinates": [[72.89220521530893, 19.084722543749564], [72.8919346987013, 19.084640252037673]]}, "properties": {"OBJECTID": 29439, "US_NODE_ID": "2178112501", "DS_NODE_ID": "2178111504", "CONDUIT_LE": 29.900000000000002, "SHAPE_1": "RECT", "CONDUIT_WI": 4000, "CONDUIT_HE": 3720, "US_INVERT": 33.136, "DS_INVERT": 33.071000000000005, "USER_TEXT2": "Existing", "SHAPE.LEN": 29.8968298750888}}, {"type": "Feature", "id": 29443, "geometry": {"type": "LineString", "coordinates": [[72.89273971584544, 19.084906630746378], [72.89247559121982, 19.084807793512837]]}, "properties": {"OBJECTID": 29443, "US_NODE_ID": "2178112503", "DS_NODE_ID": "2178112502", "CONDUIT_LE": 29.900000000000002, "SHAPE_1": "OREC", "CONDUIT_WI": 4000, "CONDUIT_HE": 3889, "US_INVERT": 33.267, "DS_INVERT": 33.202, "USER_TEXT2": "Existing", "SHAPE.LEN": 29.8779160921574}}, {"type": "Feature", "id": 29621, "geometry": {"type": "LineString", "coordinates": [[72.89232580362135, 19.09919988667954], [72.89218252864764, 19.09943651778351]]}, "properties": {"OBJECTID": 29621, "US_NODE_ID": "2178132103", "DS_NODE_ID": "2178132102", "CONDUIT_LE": 30.2, "SHAPE_1": "RECT", "CONDUIT_WI": 3000, "CONDUIT_HE": 2271, "US_INVERT": 35.747, "DS_INVERT": 35.478, "USER_TEXT2": "Existing", "SHAPE.LEN": 30.2288862654581}}, {"type": "Feature", "id": 29622, "geometry": {"type": "LineString", "coordinates": [[72.8924656724033, 19.09896260672356], [72.89232580362135, 19.09919988667954]]}, "properties": {"OBJECTID": 29622, "US_NODE_ID": "2178132104", "DS_NODE_ID": "2178132103", "CONDUIT_LE": 30.1, "SHAPE_1": "RECT", "CONDUIT_WI": 3000, "CONDUIT_HE": 2303, "US_INVERT": 36.016, "DS_INVERT": 35.747, "USER_TEXT2": "Existing", "SHAPE.LEN": 30.114305922767}}, {"type": "Feature", "id": 29591, "geometry": {"type": "LineString", "coordinates": [[72.89164017694884, 19.100386799967165], [72.89149831235237, 19.100620839643533]]}, "properties": {"OBJECTID": 29591, "US_NODE_ID": "2178131202", "DS_NODE_ID": "2178131201", "CONDUIT_LE": 29.900000000000002, "SHAPE_1": "RECT", "CONDUIT_WI": 4000, "CONDUIT_HE": 2029, "US_INVERT": 34.405, "DS_INVERT": 34.138, "USER_TEXT2": "Existing", "SHAPE.LEN": 29.9061356181303}}, {"type": "Feature", "id": 29599, "geometry": {"type": "LineString", "coordinates": [[72.89136681592225, 19.10174451197395], [72.89128673682607, 19.101765273306626]]}, "properties": {"OBJECTID": 29599, "US_NODE_ID": "2178131404", "DS_NODE_ID": "2178131403", "CONDUIT_LE": 8.700000000000001, "SHAPE_1": "OREC", "CONDUIT_WI": 2894, "CONDUIT_HE": 2383, "US_INVERT": 33.715, "DS_INVERT": 33.685, "USER_TEXT2": "Existing", "SHAPE.LEN": 8.73613186713662}}, {"type": "Feature", "id": 29634, "geometry": {"type": "LineString", "coordinates": [[72.89177717379212, 19.103737307461127], [72.89168249713921, 19.103751590521625]]}, "properties": {"OBJECTID": 29634, "US_NODE_ID": "2178132601", "DS_NODE_ID": "2178131608", "CONDUIT_LE": 10.1, "SHAPE_1": "OREC", "CONDUIT_WI": 3044, "CONDUIT_HE": 1508, "US_INVERT": 35.757000000000005, "DS_INVERT": 35.694, "USER_TEXT2": "Existing", "SHAPE.LEN": 10.089274935792}}, {"type": "Feature", "id": 29636, "geometry": {"type": "LineString", "coordinates": [[72.89194927173824, 19.1038590490013], [72.8919131658384, 19.10371907417036]]}, "properties": {"OBJECTID": 29636, "US_NODE_ID": "2178132603", "DS_NODE_ID": "2178132602", "CONDUIT_LE": 16, "SHAPE_1": "OREC", "CONDUIT_WI": 2965, "CONDUIT_HE": 1512, "US_INVERT": 35.804, "DS_INVERT": 35.768, "USER_TEXT2": "Existing", "SHAPE.LEN": 15.9566043571306}}, {"type": "Feature", "id": 29644, "geometry": {"type": "LineString", "coordinates": [[72.89222255126158, 19.10664915718397], [72.89219723094752, 19.106547700474664]]}, "properties": {"OBJECTID": 29644, "US_NODE_ID": "2178132904", "DS_NODE_ID": "2178132903", "CONDUIT_LE": 11.5, "SHAPE_1": "OREC", "CONDUIT_WI": 4000, "CONDUIT_HE": 1704, "US_INVERT": 36.596000000000004, "DS_INVERT": 36.453, "USER_TEXT2": "Existing", "SHAPE.LEN": 11.5446957517294}}, {"type": "Feature", "id": 29144, "geometry": {"type": "LineString", "coordinates": [[72.89387527244527, 19.062503378997132], [72.89377558745493, 19.06249617860215]]}, "properties": {"OBJECTID": 29144, "US_NODE_ID": "2178093007", "DS_NODE_ID": "2178093006", "CONDUIT_LE": 10.5, "SHAPE_1": "OREC", "CONDUIT_WI": 4000, "CONDUIT_HE": 2475, "US_INVERT": 26.59, "DS_INVERT": 26.581, "USER_TEXT2": "Existing", "SHAPE.LEN": 10.524518270210798}}, {"type": "Feature", "id": 29136, "geometry": {"type": "LineString", "coordinates": [[72.89298326576488, 19.06824151999975], [72.89302797776931, 19.068236611310674]]}, "properties": {"OBJECTID": 29136, "US_NODE_ID": "2178092701", "DS_NODE_ID": "2178092702", "CONDUIT_LE": 4.7, "SHAPE_1": "OREC", "CONDUIT_WI": 7000, "CONDUIT_HE": 1564, "US_INVERT": 26.553, "DS_INVERT": 26.519000000000002, "USER_TEXT2": "Existing", "SHAPE.LEN": 4.73814309619285}}, {"type": "Feature", "id": 29151, "geometry": {"type": "LineString", "coordinates": [[72.8931138648973, 19.06820597808397], [72.8932160480457, 19.068163788414378]]}, "properties": {"OBJECTID": 29151, "US_NODE_ID": "2178093701", "DS_NODE_ID": "2178093702", "CONDUIT_LE": 11.700000000000001, "SHAPE_1": "OREC", "CONDUIT_WI": 5000, "CONDUIT_HE": 1827, "US_INVERT": 26.493000000000002, "DS_INVERT": 26.446, "USER_TEXT2": "Existing", "SHAPE.LEN": 11.7273185340895}}, {"type": "Feature", "id": 29455, "geometry": {"type": "LineString", "coordinates": [[72.89327204008524, 19.08510536061443], [72.89300686696785, 19.08500651119942]]}, "properties": {"OBJECTID": 29455, "US_NODE_ID": "2178113503", "DS_NODE_ID": "2178113501", "CONDUIT_LE": 30, "SHAPE_1": "OREC", "CONDUIT_WI": 4000, "CONDUIT_HE": 3207, "US_INVERT": 33.399, "DS_INVERT": 33.333, "USER_TEXT2": "Existing", "SHAPE.LEN": 29.9810914832999}}, {"type": "Feature", "id": 29457, "geometry": {"type": "LineString", "coordinates": [[72.893537120984, 19.085203265597226], [72.89327204008524, 19.08510536061443]]}, "properties": {"OBJECTID": 29457, "US_NODE_ID": "2178113504", "DS_NODE_ID": "2178113503", "CONDUIT_LE": 29.900000000000002, "SHAPE_1": "OREC", "CONDUIT_WI": 4000, "CONDUIT_HE": 2862, "US_INVERT": 33.464, "DS_INVERT": 33.399, "USER_TEXT2": "Existing", "SHAPE.LEN": 29.9340117513507}}, {"type": "Feature", "id": 29460, "geometry": {"type": "LineString", "coordinates": [[72.89394761099084, 19.08500517386067], [72.89324373625391, 19.084704079610802]]}, "properties": {"OBJECTID": 29460, "US_NODE_ID": "2178114501!", "DS_NODE_ID": "2178113502!", "CONDUIT_LE": 81.2, "SHAPE_1": "OREC", "CONDUIT_WI": 7000, "CONDUIT_HE": 4501, "US_INVERT": 28.307000000000002, "DS_INVERT": 28.226000000000003, "USER_TEXT2": "Existing", "SHAPE.LEN": 81.2442422705757}}, {"type": "Feature", "id": 29459, "geometry": {"type": "LineString", "coordinates": [[72.89380323992658, 19.08530205646297], [72.893537120984, 19.085203265597226]]}, "properties": {"OBJECTID": 29459, "US_NODE_ID": "2178113505", "DS_NODE_ID": "2178113504", "CONDUIT_LE": 30.1, "SHAPE_1": "OREC", "CONDUIT_WI": 4000, "CONDUIT_HE": 2926, "US_INVERT": 33.53, "DS_INVERT": 33.464, "USER_TEXT2": "Existing", "SHAPE.LEN": 30.0714026518551}}, {"type": "Feature", "id": 29648, "geometry": {"type": "LineString", "coordinates": [[72.89287953030302, 19.098292352035998], [72.89279440308782, 19.09852850838308]]}, "properties": {"OBJECTID": 29648, "US_NODE_ID": "2178133002", "DS_NODE_ID": "2178133001", "CONDUIT_LE": 27.6, "SHAPE_1": "OREC", "CONDUIT_WI": 2504, "CONDUIT_HE": 1899, "US_INVERT": 36.911, "DS_INVERT": 36.655, "USER_TEXT2": "Existing", "SHAPE.LEN": 27.63890205218}}, {"type": "Feature", "id": 29654, "geometry": {"type": "LineString", "coordinates": [[72.89281066116143, 19.102500452684538], [72.8925540751586, 19.10257727192089]]}, "properties": {"OBJECTID": 29654, "US_NODE_ID": "2178133501", "DS_NODE_ID": "2178132501", "CONDUIT_LE": 28.3, "SHAPE_1": "OREC", "CONDUIT_WI": 2500, "CONDUIT_HE": 1369, "US_INVERT": 35.629000000000005, "DS_INVERT": 35.295, "USER_TEXT2": "Proposal", "SHAPE.LEN": 28.3131203384579}}, {"type": "Feature", "id": 29640, "geometry": {"type": "LineString", "coordinates": [[72.89259180778436, 19.10403742326087], [72.89230931132565, 19.10407672134163]]}, "properties": {"OBJECTID": 29640, "US_NODE_ID": "2178132607", "DS_NODE_ID": "2178132606", "CONDUIT_LE": 30, "SHAPE_1": "OREC", "CONDUIT_WI": 3147, "CONDUIT_HE": 1234, "US_INVERT": 36.09, "DS_INVERT": 36.032000000000004, "USER_TEXT2": "Existing", "SHAPE.LEN": 30.048922326432898}}, {"type": "Feature", "id": 29710, "geometry": {"type": "LineString", "coordinates": [[72.89245311480984, 19.108175621550593], [72.8923951535217, 19.107887873697944]]}, "properties": {"OBJECTID": 29710, "US_NODE_ID": "2178142104", "DS_NODE_ID": "2178142103", "CONDUIT_LE": 32.4, "SHAPE_1": "OREC", "CONDUIT_WI": 2547, "CONDUIT_HE": 2000, "US_INVERT": 37.736000000000004, "DS_INVERT": 37.574000000000005, "USER_TEXT2": "Proposal", "SHAPE.LEN": 32.437161327865894}}, {"type": "Feature", "id": 29723, "geometry": {"type": "LineString", "coordinates": [[72.8927371498914, 19.10990777478135], [72.89261068956753, 19.109655609308398]]}, "properties": {"OBJECTID": 29723, "US_NODE_ID": "2178143301", "DS_NODE_ID": "2178143201", "CONDUIT_LE": 30.900000000000002, "SHAPE_1": "OREC", "CONDUIT_WI": 3000, "CONDUIT_HE": 1294, "US_INVERT": 39.32, "DS_INVERT": 39.114000000000004, "USER_TEXT2": "Existing", "SHAPE.LEN": 30.9289249960292}}, {"type": "Feature", "id": 29725, "geometry": {"type": "LineString", "coordinates": [[72.89290191923581, 19.11043426520796], [72.89283270866942, 19.110165725013413]]}, "properties": {"OBJECTID": 29725, "US_NODE_ID": "2178143303", "DS_NODE_ID": "2178143302", "CONDUIT_LE": 30.6, "SHAPE_1": "OREC", "CONDUIT_WI": 4917, "CONDUIT_HE": 741, "US_INVERT": 39.595, "DS_INVERT": 39.497, "USER_TEXT2": "Existing", "SHAPE.LEN": 30.6110484330413}}, {"type": "Feature", "id": 29159, "geometry": {"type": "LineString", "coordinates": [[72.8945938564175, 19.063249835309907], [72.89441585222335, 19.063097323853146]]}, "properties": {"OBJECTID": 29159, "US_NODE_ID": "2178094103", "DS_NODE_ID": "2178094102", "CONDUIT_LE": 25.2, "SHAPE_1": "OREC", "CONDUIT_WI": 4000, "CONDUIT_HE": 2248, "US_INVERT": 26.679000000000002, "DS_INVERT": 26.659000000000002, "USER_TEXT2": "Existing", "SHAPE.LEN": 25.2244974776506}}, {"type": "Feature", "id": 29163, "geometry": {"type": "LineString", "coordinates": [[72.89496594769359, 19.063660284260084], [72.89476704889088, 19.06343322719775]]}, "properties": {"OBJECTID": 29163, "US_NODE_ID": "2178094203", "DS_NODE_ID": "2178094104", "CONDUIT_LE": 32.7, "SHAPE_1": "OREC", "CONDUIT_WI": 4000, "CONDUIT_HE": 2105, "US_INVERT": 26.726000000000003, "DS_INVERT": 26.7, "USER_TEXT2": "Existing", "SHAPE.LEN": 32.71685278522369}}, {"type": "Feature", "id": 29155, "geometry": {"type": "LineString", "coordinates": [[72.89398186633211, 19.068831027906512], [72.89413766398599, 19.069056820633026]]}, "properties": {"OBJECTID": 29155, "US_NODE_ID": "2178093705", "DS_NODE_ID": "2178094701", "CONDUIT_LE": 29.900000000000002, "SHAPE_1": "RECT", "CONDUIT_WI": 5000, "CONDUIT_HE": 2401, "US_INVERT": 26.263, "DS_INVERT": 26.223000000000003, "USER_TEXT2": "Existing", "SHAPE.LEN": 29.898662177428598}}, {"type": "Feature", "id": 29170, "geometry": {"type": "LineString", "coordinates": [[72.89475121160524, 19.069971623033872], [72.89491267629582, 19.07020018981097]]}, "properties": {"OBJECTID": 29170, "US_NODE_ID": "2178094804", "DS_NODE_ID": "2178094901", "CONDUIT_LE": 30.5, "SHAPE_1": "OREC", "CONDUIT_WI": 5000, "CONDUIT_HE": 2180, "US_INVERT": 26.1, "DS_INVERT": 26.073, "USER_TEXT2": "Existing", "SHAPE.LEN": 30.484422251372898}}, {"type": "Feature", "id": 29465, "geometry": {"type": "LineString", "coordinates": [[72.89407050306032, 19.085393190322723], [72.89380323992658, 19.08530205646297]]}, "properties": {"OBJECTID": 29465, "US_NODE_ID": "2178114601", "DS_NODE_ID": "2178113505", "CONDUIT_LE": 29.900000000000002, "SHAPE_1": "OREC", "CONDUIT_WI": 4000, "CONDUIT_HE": 2911, "US_INVERT": 33.595, "DS_INVERT": 33.53, "USER_TEXT2": "Existing", "SHAPE.LEN": 29.886846654674002}}, {"type": "Feature", "id": 29467, "geometry": {"type": "LineString", "coordinates": [[72.89433894530029, 19.085482318470202], [72.89407050306032, 19.085393190322723]]}, "properties": {"OBJECTID": 29467, "US_NODE_ID": "2178114602", "DS_NODE_ID": "2178114601", "CONDUIT_LE": 29.900000000000002, "SHAPE_1": "OREC", "CONDUIT_WI": 4000, "CONDUIT_HE": 3045, "US_INVERT": 33.661, "DS_INVERT": 33.595, "USER_TEXT2": "Existing", "SHAPE.LEN": 29.929734981954}}, {"type": "Feature", "id": 29468, "geometry": {"type": "LineString", "coordinates": [[72.8946093780452, 19.085571468094148], [72.89433894530029, 19.085482318470202]]}, "properties": {"OBJECTID": 29468, "US_NODE_ID": "2178114603!", "DS_NODE_ID": "2178114602!", "CONDUIT_LE": 30.1, "SHAPE_1": "OREC", "CONDUIT_WI": 3512, "CONDUIT_HE": 3179, "US_INVERT": 33.727000000000004, "DS_INVERT": 33.661, "USER_TEXT2": "Existing", "SHAPE.LEN": 30.1283790478346}}, {"type": "Feature", "id": 29470, "geometry": {"type": "LineString", "coordinates": [[72.89487989452863, 19.085656800147067], [72.8946093780452, 19.085571468094148]]}, "properties": {"OBJECTID": 29470, "US_NODE_ID": "2178115601!", "DS_NODE_ID": "2178114603!", "CONDUIT_LE": 30, "SHAPE_1": "OREC", "CONDUIT_WI": 3135, "CONDUIT_HE": 3014, "US_INVERT": 33.792, "DS_INVERT": 33.727000000000004, "USER_TEXT2": "Existing", "SHAPE.LEN": 30.0009159541838}}, {"type": "Feature", "id": 29528, "geometry": {"type": "LineString", "coordinates": [[72.89441129526168, 19.09107553403076], [72.8944597146733, 19.090778006209835]]}, "properties": {"OBJECTID": 29528, "US_NODE_ID": "2178124201!", "DS_NODE_ID": "2178124202!", "CONDUIT_LE": 33.3, "SHAPE_1": "RECT", "CONDUIT_WI": 2000, "CONDUIT_HE": 2000, "US_INVERT": 43.6, "DS_INVERT": 43.1, "USER_TEXT2": "Existing", "SHAPE.LEN": 33.3330166651625}}, {"type": "Feature", "id": 29529, "geometry": {"type": "LineString", "coordinates": [[72.89441129526168, 19.09107553403076], [72.8944597146733, 19.090778006209835]]}, "properties": {"OBJECTID": 29529, "US_NODE_ID": "2178124201", "DS_NODE_ID": "2178124202", "CONDUIT_LE": 33.3, "SHAPE_1": "RECT", "CONDUIT_WI": 2000, "CONDUIT_HE": 2000, "US_INVERT": 43.6, "DS_INVERT": 43.1, "USER_TEXT2": "Existing", "SHAPE.LEN": 33.3330166651625}}, {"type": "Feature", "id": 29526, "geometry": {"type": "LineString", "coordinates": [[72.89462767843105, 19.090719406701773], [72.8949069186869, 19.090727114821348]]}, "properties": {"OBJECTID": 29526, "US_NODE_ID": "2178124101!", "DS_NODE_ID": "2178125101!", "CONDUIT_LE": 29.400000000000002, "SHAPE_1": "RECT", "CONDUIT_WI": 2000, "CONDUIT_HE": 2000, "US_INVERT": 42.7, "DS_INVERT": 42.2, "USER_TEXT2": "Existing", "SHAPE.LEN": 29.4042513932935}}, {"type": "Feature", "id": 29552, "geometry": {"type": "LineString", "coordinates": [[72.89492311390761, 19.096508271535384], [72.89448875359135, 19.096819452076403]]}, "properties": {"OBJECTID": 29552, "US_NODE_ID": "2178125801", "DS_NODE_ID": "2178124802", "CONDUIT_LE": 57.2, "SHAPE_1": "RECT", "CONDUIT_WI": 2500, "CONDUIT_HE": 1500, "US_INVERT": 39.27, "DS_INVERT": 38.787, "USER_TEXT2": "Proposal", "SHAPE.LEN": 57.2458732137086}}, {"type": "Feature", "id": 29672, "geometry": {"type": "LineString", "coordinates": [[72.89395660168726, 19.10560245505059], [72.89390586092748, 19.105586422136167]]}, "properties": {"OBJECTID": 29672, "US_NODE_ID": "2178134804", "DS_NODE_ID": "2178134803", "CONDUIT_LE": 5.6000000000000005, "SHAPE_1": "RECT", "CONDUIT_WI": 4000, "CONDUIT_HE": 1965, "US_INVERT": 37.744, "DS_INVERT": 37.743, "USER_TEXT2": "Existing", "SHAPE.LEN": 5.627613364473429}}, {"type": "Feature", "id": 29728, "geometry": {"type": "LineString", "coordinates": [[72.89379422000033, 19.10784198134574], [72.89353963421365, 19.107720999706956]]}, "properties": {"OBJECTID": 29728, "US_NODE_ID": "2178144001", "DS_NODE_ID": "2178143007", "CONDUIT_LE": 30, "SHAPE_1": "OREC", "CONDUIT_WI": 4200, "CONDUIT_HE": 2000, "US_INVERT": 37.874, "DS_INVERT": 37.747, "USER_TEXT2": "Proposal", "SHAPE.LEN": 29.9556242927768}}, {"type": "Feature", "id": 29729, "geometry": {"type": "LineString", "coordinates": [[72.89390862914209, 19.10799819778132], [72.89379422000033, 19.10784198134574]]}, "properties": {"OBJECTID": 29729, "US_NODE_ID": "2178144101", "DS_NODE_ID": "2178144001", "CONDUIT_LE": 21.1, "SHAPE_1": "OREC", "CONDUIT_WI": 4200, "CONDUIT_HE": 2000, "US_INVERT": 37.972, "DS_INVERT": 37.874, "USER_TEXT2": "Proposal", "SHAPE.LEN": 21.0743600806762}}, {"type": "Feature", "id": 29542, "geometry": {"type": "LineString", "coordinates": [[72.89546556557309, 19.08982751174429], [72.89520894162553, 19.089383780111586]]}, "properties": {"OBJECTID": 29542, "US_NODE_ID": "2178125004!", "DS_NODE_ID": "2178125001!", "CONDUIT_LE": 56.1, "SHAPE_1": "RECT", "CONDUIT_WI": 2000, "CONDUIT_HE": 2000, "US_INVERT": 38, "DS_INVERT": 37.6, "USER_TEXT2": "Existing", "SHAPE.LEN": 56.0642488578952}}, {"type": "Feature", "id": 29679, "geometry": {"type": "LineString", "coordinates": [[72.89489472792297, 19.102098073958516], [72.89465026329053, 19.102026280671762]]}, "properties": {"OBJECTID": 29679, "US_NODE_ID": "2178135402", "DS_NODE_ID": "2178135401", "CONDUIT_LE": 26.900000000000002, "SHAPE_1": "OREC", "CONDUIT_WI": 2500, "CONDUIT_HE": 1571, "US_INVERT": 38.029, "DS_INVERT": 37.822, "USER_TEXT2": "Proposal", "SHAPE.LEN": 26.9295629784443}}, {"type": "Feature", "id": 29685, "geometry": {"type": "LineString", "coordinates": [[72.89562132943836, 19.102413426638524], [72.89508086047174, 19.10236511243669]]}, "properties": {"OBJECTID": 29685, "US_NODE_ID": "2178136401", "DS_NODE_ID": "2178135403", "CONDUIT_LE": 57.1, "SHAPE_1": "OREC", "CONDUIT_WI": 1800, "CONDUIT_HE": 1695, "US_INVERT": 39.203, "DS_INVERT": 38.7, "USER_TEXT2": "Existing", "SHAPE.LEN": 57.13484007941209}}, {"type": "Feature", "id": 19011, "geometry": {"type": "LineString", "coordinates": [[72.85023378934544, 19.071628405051733], [72.85036042755783, 19.071385098963045]]}, "properties": {"OBJECTID": 19011, "US_NODE_ID": "2173107103", "DS_NODE_ID": "2173108101", "CONDUIT_LE": 30.1, "SHAPE_1": "OREC", "CONDUIT_WI": 60000, "CONDUIT_HE": 4706, "US_INVERT": 23.574, "DS_INVERT": 23.562, "USER_TEXT2": "Existing", "SHAPE.LEN": 30.0567796012813}}, {"type": "Feature", "id": 19021, "geometry": {"type": "LineString", "coordinates": [[72.85048610387013, 19.071142684791504], [72.85061179143561, 19.070899367370064]]}, "properties": {"OBJECTID": 19021, "US_NODE_ID": "2173108001", "DS_NODE_ID": "2173108002", "CONDUIT_LE": 30, "SHAPE_1": "OREC", "CONDUIT_WI": 60000, "CONDUIT_HE": 4679, "US_INVERT": 23.551000000000002, "DS_INVERT": 23.539, "USER_TEXT2": "Existing", "SHAPE.LEN": 30.013663555121}}, {"type": "Feature", "id": 19009, "geometry": {"type": "LineString", "coordinates": [[72.84998147323259, 19.072114124798286], [72.85010811224122, 19.07187081896732]]}, "properties": {"OBJECTID": 19009, "US_NODE_ID": "2173107101", "DS_NODE_ID": "2173107102", "CONDUIT_LE": 30.1, "SHAPE_1": "OREC", "CONDUIT_WI": 60000, "CONDUIT_HE": 4613, "US_INVERT": 23.597, "DS_INVERT": 23.585, "USER_TEXT2": "Existing", "SHAPE.LEN": 30.0567796012813}}, {"type": "Feature", "id": 19229, "geometry": {"type": "LineString", "coordinates": [[72.85056338211304, 19.09048154334815], [72.85006931506778, 19.09046939985127]]}, "properties": {"OBJECTID": 19229, "US_NODE_ID": "2173128202", "DS_NODE_ID": "2173128201", "CONDUIT_LE": 52, "SHAPE_1": "RECT", "CONDUIT_WI": 3000, "CONDUIT_HE": 1998, "US_INVERT": 28.2, "DS_INVERT": 28.067, "USER_TEXT2": "Existing", "SHAPE.LEN": 52.0225907932314}}, {"type": "Feature", "id": 19226, "geometry": {"type": "LineString", "coordinates": [[72.84974232397009, 19.091755754805096], [72.84956156152052, 19.09149252560927]]}, "properties": {"OBJECTID": 19226, "US_NODE_ID": "2173127304", "DS_NODE_ID": "2173127303", "CONDUIT_LE": 34.800000000000004, "SHAPE_1": "OREC", "CONDUIT_WI": 3200, "CONDUIT_HE": 2500, "US_INVERT": 28.1, "DS_INVERT": 27.983, "USER_TEXT2": "Existing", "SHAPE.LEN": 34.8054517690835}}, {"type": "Feature", "id": 18916, "geometry": {"type": "LineString", "coordinates": [[72.85202479450672, 19.06932339176721], [72.85161445144605, 19.068950983948174]]}, "properties": {"OBJECTID": 18916, "US_NODE_ID": "2173099805", "DS_NODE_ID": "2173099803", "CONDUIT_LE": 59.7, "SHAPE_1": "OREC", "CONDUIT_WI": 5000, "CONDUIT_HE": 2685, "US_INVERT": 24.575000000000003, "DS_INVERT": 24.5, "USER_TEXT2": "Existing", "SHAPE.LEN": 59.7175016222213}}, {"type": "Feature", "id": 19024, "geometry": {"type": "LineString", "coordinates": [[72.85086126568076, 19.070412709997044], [72.85098791355153, 19.070168500144046]]}, "properties": {"OBJECTID": 19024, "US_NODE_ID": "2173108004", "DS_NODE_ID": "2173098901", "CONDUIT_LE": 30.1, "SHAPE_1": "OREC", "CONDUIT_WI": 60000, "CONDUIT_HE": 5103, "US_INVERT": 23.517, "DS_INVERT": 23.505000000000003, "USER_TEXT2": "Existing", "SHAPE.LEN": 30.146973314082498}}, {"type": "Feature", "id": 19101, "geometry": {"type": "LineString", "coordinates": [[72.85035839248899, 19.085751384724777], [72.85033282948137, 19.08625962000927]]}, "properties": {"OBJECTID": 19101, "US_NODE_ID": "2173118702", "DS_NODE_ID": "2173118701", "CONDUIT_LE": 56.300000000000004, "SHAPE_1": "RECT", "CONDUIT_WI": 3000, "CONDUIT_HE": 2000, "US_INVERT": 26.656000000000002, "DS_INVERT": 26.543000000000003, "USER_TEXT2": "Proposal", "SHAPE.LEN": 56.33551277835319}}, {"type": "Feature", "id": 19315, "geometry": {"type": "LineString", "coordinates": [[72.8503567777181, 19.11301342890278], [72.85032665929546, 19.1130645625362]]}, "properties": {"OBJECTID": 19315, "US_NODE_ID": "2173148707", "DS_NODE_ID": "2173148706", "CONDUIT_LE": 6.5, "SHAPE_1": "OREC", "CONDUIT_WI": 4500, "CONDUIT_HE": 2816, "US_INVERT": 34.582, "DS_INVERT": 34.546, "USER_TEXT2": "Existing", "SHAPE.LEN": 6.488451279003329}}, {"type": "Feature", "id": 22427, "geometry": {"type": "LineString", "coordinates": [[72.85249460652291, 19.067366082637875], [72.85255827277479, 19.067290950403425]]}, "properties": {"OBJECTID": 22427, "US_NODE_ID": "2174090603", "DS_NODE_ID": "2174090604", "CONDUIT_LE": 10.700000000000001, "SHAPE_1": "RECT", "CONDUIT_WI": 60000, "CONDUIT_HE": 5000, "US_INVERT": 23.371000000000002, "DS_INVERT": 23.367, "USER_TEXT2": "Existing", "SHAPE.LEN": 10.6826962888589}}, {"type": "Feature", "id": 18908, "geometry": {"type": "LineString", "coordinates": [[72.85186579576813, 19.068466152929922], [72.85198959094207, 19.068221908849715]]}, "properties": {"OBJECTID": 18908, "US_NODE_ID": "2173099701", "DS_NODE_ID": "2173099702", "CONDUIT_LE": 30, "SHAPE_1": "OREC", "CONDUIT_WI": 60000, "CONDUIT_HE": 4575, "US_INVERT": 23.425, "DS_INVERT": 23.413, "USER_TEXT2": "Existing", "SHAPE.LEN": 30.0188274254675}}, {"type": "Feature", "id": 22492, "geometry": {"type": "LineString", "coordinates": [[72.85293312756893, 19.075579106565222], [72.85271862662125, 19.07504729792835]]}, "properties": {"OBJECTID": 22492, "US_NODE_ID": "2174100502", "DS_NODE_ID": "2174100501", "CONDUIT_LE": 63.1, "SHAPE_1": "RECT", "CONDUIT_WI": 1500, "CONDUIT_HE": 2000, "US_INVERT": 25, "DS_INVERT": 24.815, "USER_TEXT2": "Existing", "SHAPE.LEN": 63.0622708122694}}, {"type": "Feature", "id": 19247, "geometry": {"type": "LineString", "coordinates": [[72.85181236323008, 19.09441018651888], [72.85164548931093, 19.094188855896736]]}, "properties": {"OBJECTID": 19247, "US_NODE_ID": "2173129603", "DS_NODE_ID": "2173129602", "CONDUIT_LE": 30.2, "SHAPE_1": "RECT", "CONDUIT_WI": 3000, "CONDUIT_HE": 1938, "US_INVERT": 29.5, "DS_INVERT": 29.35, "USER_TEXT2": "Existing", "SHAPE.LEN": 30.1501956479556}}, {"type": "Feature", "id": 22551, "geometry": {"type": "LineString", "coordinates": [[72.85253358544134, 19.094700937662665], [72.85220097264123, 19.09426439846865]]}, "properties": {"OBJECTID": 22551, "US_NODE_ID": "2174120603", "DS_NODE_ID": "2174120602", "CONDUIT_LE": 59.7, "SHAPE_1": "RECT", "CONDUIT_WI": 3000, "CONDUIT_HE": 2500, "US_INVERT": 29.556, "DS_INVERT": 29.337, "USER_TEXT2": "Proposal", "SHAPE.LEN": 59.6805663512001}}, {"type": "Feature", "id": 22443, "geometry": {"type": "LineString", "coordinates": [[72.85349236304539, 19.06594242154586], [72.85361415400111, 19.065812828703145]]}, "properties": {"OBJECTID": 22443, "US_NODE_ID": "2174091502", "DS_NODE_ID": "2174091401", "CONDUIT_LE": 19.2, "SHAPE_1": "OREC", "CONDUIT_WI": 60000, "CONDUIT_HE": 4840, "US_INVERT": 23.298000000000002, "DS_INVERT": 23.291, "USER_TEXT2": "Existing", "SHAPE.LEN": 19.2422793257452}}, {"type": "Feature", "id": 22440, "geometry": {"type": "LineString", "coordinates": [[72.85387373729294, 19.065539490615702], [72.8540502984707, 19.065328376155506]]}, "properties": {"OBJECTID": 22440, "US_NODE_ID": "2174091404", "DS_NODE_ID": "2174091405", "CONDUIT_LE": 29.900000000000002, "SHAPE_1": "OREC", "CONDUIT_WI": 60000, "CONDUIT_HE": 5223, "US_INVERT": 23.275000000000002, "DS_INVERT": 23.264, "USER_TEXT2": "Existing", "SHAPE.LEN": 29.8638577548179}}, {"type": "Feature", "id": 22560, "geometry": {"type": "LineString", "coordinates": [[72.85289328358097, 19.095173922490886], [72.85253358544134, 19.094700937662665]]}, "properties": {"OBJECTID": 22560, "US_NODE_ID": "2174121701", "DS_NODE_ID": "2174120603", "CONDUIT_LE": 64.6, "SHAPE_1": "RECT", "CONDUIT_WI": 3000, "CONDUIT_HE": 2500, "US_INVERT": 29.793000000000003, "DS_INVERT": 29.556, "USER_TEXT2": "Proposal", "SHAPE.LEN": 64.6208944537291}}, {"type": "Feature", "id": 22561, "geometry": {"type": "LineString", "coordinates": [[72.85302626152041, 19.095618972274345], [72.85289328358097, 19.095173922490886]]}, "properties": {"OBJECTID": 22561, "US_NODE_ID": "2174121702", "DS_NODE_ID": "2174121701", "CONDUIT_LE": 51.2, "SHAPE_1": "RECT", "CONDUIT_WI": 3000, "CONDUIT_HE": 2500, "US_INVERT": 29.969, "DS_INVERT": 29.793000000000003, "USER_TEXT2": "Proposal", "SHAPE.LEN": 51.2247010728223}}, {"type": "Feature", "id": 22570, "geometry": {"type": "LineString", "coordinates": [[72.85338440429155, 19.098176919829815], [72.85329265426532, 19.097920819965587]]}, "properties": {"OBJECTID": 22570, "US_NODE_ID": "2174131003", "DS_NODE_ID": "2174131002", "CONDUIT_LE": 30, "SHAPE_1": "RECT", "CONDUIT_WI": 3000, "CONDUIT_HE": 2103, "US_INVERT": 31.665000000000003, "DS_INVERT": 31.494, "USER_TEXT2": "Existing", "SHAPE.LEN": 29.9544488692414}}, {"type": "Feature", "id": 22572, "geometry": {"type": "LineString", "coordinates": [[72.85356838087412, 19.09869038959099], [72.85347346500326, 19.098434615079444]]}, "properties": {"OBJECTID": 22572, "US_NODE_ID": "2174131102", "DS_NODE_ID": "2174131101", "CONDUIT_LE": 30, "SHAPE_1": "RECT", "CONDUIT_WI": 3000, "CONDUIT_HE": 2128, "US_INVERT": 31.900000000000002, "DS_INVERT": 31.8, "USER_TEXT2": "Existing", "SHAPE.LEN": 30.0295458773522}}, {"type": "Feature", "id": 22455, "geometry": {"type": "LineString", "coordinates": [[72.85423159666564, 19.065118219868882], [72.85437895663449, 19.06488779672018]]}, "properties": {"OBJECTID": 22455, "US_NODE_ID": "2174092401", "DS_NODE_ID": "2174092301", "CONDUIT_LE": 29.900000000000002, "SHAPE_1": "OREC", "CONDUIT_WI": 60000, "CONDUIT_HE": 5227, "US_INVERT": 23.253, "DS_INVERT": 23.241, "USER_TEXT2": "Existing", "SHAPE.LEN": 29.858499627409298}}, {"type": "Feature", "id": 22453, "geometry": {"type": "LineString", "coordinates": [[72.85464808077744, 19.064408920246137], [72.85478052892562, 19.064169860516728]]}, "properties": {"OBJECTID": 22453, "US_NODE_ID": "2174092303", "DS_NODE_ID": "2174092304", "CONDUIT_LE": 29.900000000000002, "SHAPE_1": "OREC", "CONDUIT_WI": 60000, "CONDUIT_HE": 5480, "US_INVERT": 23.218, "DS_INVERT": 23.207, "USER_TEXT2": "Existing", "SHAPE.LEN": 29.9164408193889}}, {"type": "Feature", "id": 22512, "geometry": {"type": "LineString", "coordinates": [[72.85488123826576, 19.07723217477296], [72.85480913970619, 19.077224109464584]]}, "properties": {"OBJECTID": 22512, "US_NODE_ID": "2174102705", "DS_NODE_ID": "2174102704", "CONDUIT_LE": 7.6000000000000005, "SHAPE_1": "RECT", "CONDUIT_WI": 1500, "CONDUIT_HE": 1500, "US_INVERT": 26.864, "DS_INVERT": 26.815, "USER_TEXT2": "Existing", "SHAPE.LEN": 7.6419892698171195}}, {"type": "Feature", "id": 22582, "geometry": {"type": "LineString", "coordinates": [[72.85414948850868, 19.10021878444837], [72.85405203420436, 19.099963522487712]]}, "properties": {"OBJECTID": 22582, "US_NODE_ID": "2174132301", "DS_NODE_ID": "2174132203", "CONDUIT_LE": 30.1, "SHAPE_1": "RECT", "CONDUIT_WI": 3000, "CONDUIT_HE": 2368, "US_INVERT": 33.03, "DS_INVERT": 32.75, "USER_TEXT2": "Existing", "SHAPE.LEN": 30.0660970691242}}, {"type": "Feature", "id": 22583, "geometry": {"type": "LineString", "coordinates": [[72.85423855841329, 19.1004758463979], [72.85414948850868, 19.10021878444837]]}, "properties": {"OBJECTID": 22583, "US_NODE_ID": "2174132302", "DS_NODE_ID": "2174132301", "CONDUIT_LE": 30, "SHAPE_1": "RECT", "CONDUIT_WI": 3000, "CONDUIT_HE": 2248, "US_INVERT": 33.2, "DS_INVERT": 33.03, "USER_TEXT2": "Existing", "SHAPE.LEN": 29.965803073837396}}, {"type": "Feature", "id": 22594, "geometry": {"type": "LineString", "coordinates": [[72.85405170120755, 19.103404310775655], [72.85411006153416, 19.10313920500953]]}, "properties": {"OBJECTID": 22594, "US_NODE_ID": "2174132602", "DS_NODE_ID": "2174132603", "CONDUIT_LE": 30, "SHAPE_1": "RECT", "CONDUIT_WI": 3000, "CONDUIT_HE": 2290, "US_INVERT": 35.078, "DS_INVERT": 34.907000000000004, "USER_TEXT2": "Existing", "SHAPE.LEN": 29.9880136137758}}, {"type": "Feature", "id": 22467, "geometry": {"type": "LineString", "coordinates": [[72.85630345654832, 19.061572629312625], [72.8564521377666, 19.061340979993336]]}, "properties": {"OBJECTID": 22467, "US_NODE_ID": "2174094002", "DS_NODE_ID": "2174084901", "CONDUIT_LE": 30, "SHAPE_1": "OREC", "CONDUIT_WI": 62000, "CONDUIT_HE": 4398, "US_INVERT": 23.080000000000002, "DS_INVERT": 23.069000000000003, "USER_TEXT2": "Existing", "SHAPE.LEN": 30.0469335448728}}, {"type": "Feature", "id": 22464, "geometry": {"type": "LineString", "coordinates": [[72.85572528447203, 19.062506202752374], [72.85585945867446, 19.06226659205225]]}, "properties": {"OBJECTID": 22464, "US_NODE_ID": "2174093104", "DS_NODE_ID": "2174093001", "CONDUIT_LE": 30.1, "SHAPE_1": "OREC", "CONDUIT_WI": 62000, "CONDUIT_HE": 4652, "US_INVERT": 23.126, "DS_INVERT": 23.115000000000002, "USER_TEXT2": "Existing", "SHAPE.LEN": 30.0554487572553}}, {"type": "Feature", "id": 22599, "geometry": {"type": "LineString", "coordinates": [[72.85503158048677, 19.10103208247239], [72.85483128918828, 19.100648573974414]]}, "properties": {"OBJECTID": 22599, "US_NODE_ID": "2174133302", "DS_NODE_ID": "2174133301", "CONDUIT_LE": 47.4, "SHAPE_1": "RECT", "CONDUIT_WI": 3000, "CONDUIT_HE": 2000, "US_INVERT": 33.125, "DS_INVERT": 33, "USER_TEXT2": "Proposal", "SHAPE.LEN": 47.4067505741535}}, {"type": "Feature", "id": 22416, "geometry": {"type": "LineString", "coordinates": [[72.85675124714582, 19.060879500471973], [72.85690038130535, 19.06064864989967]]}, "properties": {"OBJECTID": 22416, "US_NODE_ID": "2174084903", "DS_NODE_ID": "2174084904", "CONDUIT_LE": 30, "SHAPE_1": "OREC", "CONDUIT_WI": 62000, "CONDUIT_HE": 4864, "US_INVERT": 23.046, "DS_INVERT": 23.034000000000002, "USER_TEXT2": "Existing", "SHAPE.LEN": 29.996436779891003}}, {"type": "Feature", "id": 22418, "geometry": {"type": "LineString", "coordinates": [[72.85713566603579, 19.060277179500815], [72.8571669493103, 19.060225805021254]]}, "properties": {"OBJECTID": 22418, "US_NODE_ID": "2174085801", "DS_NODE_ID": "2174085802", "CONDUIT_LE": 6.6000000000000005, "SHAPE_1": "RECT", "CONDUIT_WI": 62440, "CONDUIT_HE": 5000, "US_INVERT": 23.016000000000002, "DS_INVERT": 23.014, "USER_TEXT2": "Existing", "SHAPE.LEN": 6.572752855539299}}, {"type": "Feature", "id": 22419, "geometry": {"type": "LineString", "coordinates": [[72.8571669493103, 19.060225805021254], [72.85733814753735, 19.059951467146572]]}, "properties": {"OBJECTID": 22419, "US_NODE_ID": "2174085802", "DS_NODE_ID": "2174085803", "CONDUIT_LE": 35.300000000000004, "SHAPE_1": "RECT", "CONDUIT_WI": 62000, "CONDUIT_HE": 5000, "US_INVERT": 23.014, "DS_INVERT": 23, "USER_TEXT2": "Existing", "SHAPE.LEN": 35.319037124616}}, {"type": "Feature", "id": 22, "geometry": {"type": "LineString", "coordinates": [[72.8567668367579, 19.063804555342653], [72.85636240895641, 19.063563199847966]]}, "properties": {"OBJECTID": 22, "US_NODE_ID": "2", "DS_NODE_ID": "3", "CONDUIT_LE": 50.300000000000004, "SHAPE_1": "RECT", "CONDUIT_WI": 2000, "CONDUIT_HE": 2000, "US_INVERT": 25.225, "DS_INVERT": 25.159000000000002, "USER_TEXT2": "Existing", "SHAPE.LEN": 50.2677829230612}}, {"type": "Feature", "id": 22536, "geometry": {"type": "LineString", "coordinates": [[72.85696617745968, 19.077261850948084], [72.85689923105855, 19.07670556716098]]}, "properties": {"OBJECTID": 22536, "US_NODE_ID": "2174105701", "DS_NODE_ID": "2174105601", "CONDUIT_LE": 62, "SHAPE_1": "RECT", "CONDUIT_WI": 2000, "CONDUIT_HE": 1500, "US_INVERT": 26.455000000000002, "DS_INVERT": 26, "USER_TEXT2": "Existing", "SHAPE.LEN": 61.99266085594329}}, {"type": "Feature", "id": 22483, "geometry": {"type": "LineString", "coordinates": [[72.85926730807752, 19.06926401540848], [72.85900524172425, 19.069327813532297]]}, "properties": {"OBJECTID": 22483, "US_NODE_ID": "2174097802", "DS_NODE_ID": "2174097801", "CONDUIT_LE": 28.5, "SHAPE_1": "RECT", "CONDUIT_WI": 3000, "CONDUIT_HE": 1500, "US_INVERT": 27.222, "DS_INVERT": 27.163, "USER_TEXT2": "Proposal", "SHAPE.LEN": 28.4782373050019}}, {"type": "Feature", "id": 22484, "geometry": {"type": "LineString", "coordinates": [[72.85953530033137, 19.06947849054609], [72.85926730807752, 19.06926401540848]]}, "properties": {"OBJECTID": 22484, "US_NODE_ID": "2174097803", "DS_NODE_ID": "2174097802", "CONDUIT_LE": 36.9, "SHAPE_1": "RECT", "CONDUIT_WI": 3000, "CONDUIT_HE": 1500, "US_INVERT": 27.3, "DS_INVERT": 27.222, "USER_TEXT2": "Proposal", "SHAPE.LEN": 36.8756016900064}}, {"type": "Feature", "id": 22606, "geometry": {"type": "LineString", "coordinates": [[72.8608591384662, 19.104979842666193], [72.86104179709059, 19.10477013730687]]}, "properties": {"OBJECTID": 22606, "US_NODE_ID": "2174139801", "DS_NODE_ID": "2174139701", "CONDUIT_LE": 30.1, "SHAPE_1": "RECT", "CONDUIT_WI": 3500, "CONDUIT_HE": 2898, "US_INVERT": 39, "DS_INVERT": 38.558, "USER_TEXT2": "Existing", "SHAPE.LEN": 30.1442782713403}}, {"type": "Feature", "id": 22614, "geometry": {"type": "LineString", "coordinates": [[72.86107600084155, 19.110089847417548], [72.861238701867, 19.109925538624218]]}, "properties": {"OBJECTID": 22614, "US_NODE_ID": "2174149303", "DS_NODE_ID": "2175140301", "CONDUIT_LE": 25, "SHAPE_1": "OREC", "CONDUIT_WI": 3000, "CONDUIT_HE": 1990, "US_INVERT": 41.2, "DS_INVERT": 41, "USER_TEXT2": "Existing", "SHAPE.LEN": 24.983394485137502}}, {"type": "Feature", "id": 25161, "geometry": {"type": "LineString", "coordinates": [[72.861238701867, 19.109925538624218], [72.86140209475637, 19.109855176732836]]}, "properties": {"OBJECTID": 25161, "US_NODE_ID": "2175140301", "DS_NODE_ID": "2175140302", "CONDUIT_LE": 18.900000000000002, "SHAPE_1": "OREC", "CONDUIT_WI": 3000, "CONDUIT_HE": 1990, "US_INVERT": 41, "DS_INVERT": 40.6, "USER_TEXT2": "Existing", "SHAPE.LEN": 18.878824115924196}}, {"type": "Feature", "id": 25037, "geometry": {"type": "LineString", "coordinates": [[72.86184009660397, 19.104241986662835], [72.86189539672931, 19.104227273587394]]}, "properties": {"OBJECTID": 25037, "US_NODE_ID": "2175130704", "DS_NODE_ID": "2175130705", "CONDUIT_LE": 6, "SHAPE_1": "OREC", "CONDUIT_WI": 3033, "CONDUIT_HE": 1865, "US_INVERT": 37.033, "DS_INVERT": 37.022, "USER_TEXT2": "Existing", "SHAPE.LEN": 6.044005294504629}}, {"type": "Feature", "id": 25039, "geometry": {"type": "LineString", "coordinates": [[72.86194246169315, 19.10411400942504], [72.86201488764367, 19.10402362132902]]}, "properties": {"OBJECTID": 25039, "US_NODE_ID": "2175130706", "DS_NODE_ID": "2175130707", "CONDUIT_LE": 12.6, "SHAPE_1": "OREC", "CONDUIT_WI": 5500, "CONDUIT_HE": 2531, "US_INVERT": 36.937000000000005, "DS_INVERT": 36.859, "USER_TEXT2": "Existing", "SHAPE.LEN": 12.580143083447}}, {"type": "Feature", "id": 25163, "geometry": {"type": "LineString", "coordinates": [[72.8614584212598, 19.109686921689338], [72.86179709060686, 19.109656533113064]]}, "properties": {"OBJECTID": 25163, "US_NODE_ID": "2175140303", "DS_NODE_ID": "2175140304", "CONDUIT_LE": 35.800000000000004, "SHAPE_1": "OREC", "CONDUIT_WI": 3000, "CONDUIT_HE": 1990, "US_INVERT": 40.2, "DS_INVERT": 39.949000000000005, "USER_TEXT2": "Existing", "SHAPE.LEN": 35.8022345671328}}, {"type": "Feature", "id": 24920, "geometry": {"type": "LineString", "coordinates": [[72.86392948325194, 19.073766066933764], [72.86393163337773, 19.07349474316029]]}, "properties": {"OBJECTID": 24920, "US_NODE_ID": "2175102303", "DS_NODE_ID": "2175102301", "CONDUIT_LE": 30, "SHAPE_1": "RECT", "CONDUIT_WI": 4000, "CONDUIT_HE": 1500, "US_INVERT": 26.942, "DS_INVERT": 26.885, "USER_TEXT2": "Proposal", "SHAPE.LEN": 30.041225288759396}}, {"type": "Feature", "id": 24922, "geometry": {"type": "LineString", "coordinates": [[72.86387292899248, 19.074298037471994], [72.86392459138796, 19.074044054822643]]}, "properties": {"OBJECTID": 24922, "US_NODE_ID": "2175102402", "DS_NODE_ID": "2175102302", "CONDUIT_LE": 28.6, "SHAPE_1": "RECT", "CONDUIT_WI": 4000, "CONDUIT_HE": 1500, "US_INVERT": 27.056, "DS_INVERT": 27.001, "USER_TEXT2": "Proposal", "SHAPE.LEN": 28.641469222964098}}, {"type": "Feature", "id": 25072, "geometry": {"type": "LineString", "coordinates": [[72.86372234546691, 19.10121442988563], [72.86386689197941, 19.10098306561601]]}, "properties": {"OBJECTID": 25072, "US_NODE_ID": "2175132306", "DS_NODE_ID": "2175132308", "CONDUIT_LE": 29.8, "SHAPE_1": "OREC", "CONDUIT_WI": 1607, "CONDUIT_HE": 2119, "US_INVERT": 35.779, "DS_INVERT": 35.672000000000004, "USER_TEXT2": "Existing", "SHAPE.LEN": 29.793455657241196}}, {"type": "Feature", "id": 25168, "geometry": {"type": "LineString", "coordinates": [[72.86346745459839, 19.10922249646002], [72.86370338835023, 19.10912677996377]]}, "properties": {"OBJECTID": 25168, "US_NODE_ID": "2175142202", "DS_NODE_ID": "2175142203", "CONDUIT_LE": 27, "SHAPE_1": "OREC", "CONDUIT_WI": 3000, "CONDUIT_HE": 1990, "US_INVERT": 38.4, "DS_INVERT": 38.2, "USER_TEXT2": "Existing", "SHAPE.LEN": 26.9981480846372}}, {"type": "Feature", "id": 24934, "geometry": {"type": "LineString", "coordinates": [[72.86520434936754, 19.071718020209794], [72.86508849725932, 19.071472115910947]]}, "properties": {"OBJECTID": 24934, "US_NODE_ID": "2175103106", "DS_NODE_ID": "2175103104", "CONDUIT_LE": 29.8, "SHAPE_1": "OREC", "CONDUIT_WI": 3500, "CONDUIT_HE": 1959, "US_INVERT": 26.388, "DS_INVERT": 26.331, "USER_TEXT2": "Proposal", "SHAPE.LEN": 29.832708348556004}}, {"type": "Feature", "id": 24917, "geometry": {"type": "LineString", "coordinates": [[72.86438247681, 19.07262262658103], [72.86455168831087, 19.072395894831907]]}, "properties": {"OBJECTID": 24917, "US_NODE_ID": "2175102204", "DS_NODE_ID": "2175103201", "CONDUIT_LE": 30.8, "SHAPE_1": "RECT", "CONDUIT_WI": 4000, "CONDUIT_HE": 1500, "US_INVERT": 26.666, "DS_INVERT": 26.607000000000003, "USER_TEXT2": "Proposal", "SHAPE.LEN": 30.7810154324057}}, {"type": "Feature", "id": 24935, "geometry": {"type": "LineString", "coordinates": [[72.86455168831087, 19.072395894831907], [72.86469567585449, 19.072168778558414]]}, "properties": {"OBJECTID": 24935, "US_NODE_ID": "2175103201", "DS_NODE_ID": "2175103101", "CONDUIT_LE": 29.400000000000002, "SHAPE_1": "RECT", "CONDUIT_WI": 4000, "CONDUIT_HE": 1500, "US_INVERT": 26.607000000000003, "DS_INVERT": 26.551000000000002, "USER_TEXT2": "Proposal", "SHAPE.LEN": 29.360917015141098}}, {"type": "Feature", "id": 25065, "geometry": {"type": "LineString", "coordinates": [[72.8640525523665, 19.099917564125377], [72.86421945776165, 19.09964671527817]]}, "properties": {"OBJECTID": 25065, "US_NODE_ID": "2175132202", "DS_NODE_ID": "2175133202", "CONDUIT_LE": 34.800000000000004, "SHAPE_1": "OREC", "CONDUIT_WI": 3432, "CONDUIT_HE": 1845, "US_INVERT": 35.253, "DS_INVERT": 35.188, "USER_TEXT2": "Existing", "SHAPE.LEN": 34.7545680450786}}, {"type": "Feature", "id": 25095, "geometry": {"type": "LineString", "coordinates": [[72.8645971251767, 19.09990762257392], [72.86456095516027, 19.099838555111294]]}, "properties": {"OBJECTID": 25095, "US_NODE_ID": "2175133207", "DS_NODE_ID": "2175133206", "CONDUIT_LE": 8.5, "SHAPE_1": "OREC", "CONDUIT_WI": 8178, "CONDUIT_HE": 1910, "US_INVERT": 35.188, "DS_INVERT": 35.159, "USER_TEXT2": "Existing", "SHAPE.LEN": 8.54224794770089}}, {"type": "Feature", "id": 25082, "geometry": {"type": "LineString", "coordinates": [[72.86452382869413, 19.098955637223014], [72.86464845469573, 19.099017601254154]]}, "properties": {"OBJECTID": 25082, "US_NODE_ID": "2175133102", "DS_NODE_ID": "2175133103", "CONDUIT_LE": 14.8, "SHAPE_1": "OREC", "CONDUIT_WI": 2005, "CONDUIT_HE": 2777, "US_INVERT": 34.721000000000004, "DS_INVERT": 34.679, "USER_TEXT2": "Existing", "SHAPE.LEN": 14.8030402282774}}, {"type": "Feature", "id": 25083, "geometry": {"type": "LineString", "coordinates": [[72.86464845469573, 19.099017601254154], [72.86480228804105, 19.099098872445477]]}, "properties": {"OBJECTID": 25083, "US_NODE_ID": "2175133103", "DS_NODE_ID": "2175133105", "CONDUIT_LE": 18.5, "SHAPE_1": "RECT", "CONDUIT_WI": 5800, "CONDUIT_HE": 4109, "US_INVERT": 34.679, "DS_INVERT": 34.624, "USER_TEXT2": "Existing", "SHAPE.LEN": 18.5237685150727}}, {"type": "Feature", "id": 25181, "geometry": {"type": "LineString", "coordinates": [[72.86482299244666, 19.108274801821523], [72.8647344083308, 19.10801418479486]]}, "properties": {"OBJECTID": 25181, "US_NODE_ID": "2175143105", "DS_NODE_ID": "2175143103", "CONDUIT_LE": 30.3, "SHAPE_1": "OREC", "CONDUIT_WI": 3000, "CONDUIT_HE": 1965, "US_INVERT": 36.733000000000004, "DS_INVERT": 36.642, "USER_TEXT2": "Existing", "SHAPE.LEN": 30.3238468684301}}, {"type": "Feature", "id": 25100, "geometry": {"type": "LineString", "coordinates": [[72.86537651825552, 19.097962000365165], [72.86544638407065, 19.09769957967485]]}, "properties": {"OBJECTID": 25100, "US_NODE_ID": "2175134004", "DS_NODE_ID": "2175134005", "CONDUIT_LE": 30, "SHAPE_1": "OREC", "CONDUIT_WI": 7000, "CONDUIT_HE": 1860, "US_INVERT": 33.738, "DS_INVERT": 33.677, "USER_TEXT2": "Existing", "SHAPE.LEN": 29.9708361958755}}, {"type": "Feature", "id": 25097, "geometry": {"type": "LineString", "coordinates": [[72.86518891202284, 19.098451818899665], [72.86527118985516, 19.09829793377169]]}, "properties": {"OBJECTID": 25097, "US_NODE_ID": "2175134001", "DS_NODE_ID": "2175134002", "CONDUIT_LE": 19.1, "SHAPE_1": "RECT", "CONDUIT_WI": 7321, "CONDUIT_HE": 2205, "US_INVERT": 34.141, "DS_INVERT": 34.035000000000004, "USER_TEXT2": "Existing", "SHAPE.LEN": 19.112419088121698}}, {"type": "Feature", "id": 25106, "geometry": {"type": "LineString", "coordinates": [[72.86590903584191, 19.106339998661475], [72.86606221820253, 19.1062826760799]]}, "properties": {"OBJECTID": 25106, "US_NODE_ID": "2175134905", "DS_NODE_ID": "2175135901", "CONDUIT_LE": 17.3, "SHAPE_1": "RECT", "CONDUIT_WI": 3000, "CONDUIT_HE": 3186, "US_INVERT": 34.497, "DS_INVERT": 34.477000000000004, "USER_TEXT2": "Existing", "SHAPE.LEN": 17.3264345091539}}, {"type": "Feature", "id": 25189, "geometry": {"type": "LineString", "coordinates": [[72.86486256692929, 19.11477126240512], [72.86520119529249, 19.11482893951333]]}, "properties": {"OBJECTID": 25189, "US_NODE_ID": "2175143801", "DS_NODE_ID": "2175144902", "CONDUIT_LE": 36.2, "SHAPE_1": "OREC", "CONDUIT_WI": 3600, "CONDUIT_HE": 3160, "US_INVERT": 40.639, "DS_INVERT": 40.474000000000004, "USER_TEXT2": "Existing", "SHAPE.LEN": 36.2059178190527}}, {"type": "Feature", "id": 25108, "geometry": {"type": "LineString", "coordinates": [[72.86606221820253, 19.1062826760799], [72.86632662514153, 19.106189092344025]]}, "properties": {"OBJECTID": 25108, "US_NODE_ID": "2175135901", "DS_NODE_ID": "2175135902", "CONDUIT_LE": 29.7, "SHAPE_1": "OREC", "CONDUIT_WI": 3000, "CONDUIT_HE": 3021, "US_INVERT": 34.477000000000004, "DS_INVERT": 34.445, "USER_TEXT2": "Existing", "SHAPE.LEN": 29.694780686174497}}, {"type": "Feature", "id": 24947, "geometry": {"type": "LineString", "coordinates": [[72.86766651908438, 19.0713093535228], [72.86781815541376, 19.07125897639053]]}, "properties": {"OBJECTID": 24947, "US_NODE_ID": "2175106002", "DS_NODE_ID": "2175106003", "CONDUIT_LE": 16.9, "SHAPE_1": "OREC", "CONDUIT_WI": 8000, "CONDUIT_HE": 2225, "US_INVERT": 25.933, "DS_INVERT": 25.921000000000003, "USER_TEXT2": "Existing", "SHAPE.LEN": 16.9092263690566}}, {"type": "Feature", "id": 25024, "geometry": {"type": "LineString", "coordinates": [[72.86771413330725, 19.092678796944675], [72.86967983103526, 19.092390822226317]]}, "properties": {"OBJECTID": 25024, "US_NODE_ID": "2175126401", "DS_NODE_ID": "2175128401", "CONDUIT_LE": 209.3, "SHAPE_1": "RECT", "CONDUIT_WI": 2000, "CONDUIT_HE": 1985, "US_INVERT": 31.764000000000003, "DS_INVERT": 31.442, "USER_TEXT2": "Proposal", "SHAPE.LEN": 209.345671080154}}, {"type": "Feature", "id": 25131, "geometry": {"type": "LineString", "coordinates": [[72.86805933904625, 19.105816902469556], [72.86802661126248, 19.105698813711548]]}, "properties": {"OBJECTID": 25131, "US_NODE_ID": "2175137902", "DS_NODE_ID": "2175137801", "CONDUIT_LE": 13.5, "SHAPE_1": "OREC", "CONDUIT_WI": 3110, "CONDUIT_HE": 3025, "US_INVERT": 34.215, "DS_INVERT": 34.2, "USER_TEXT2": "Existing", "SHAPE.LEN": 13.520670527751198}}, {"type": "Feature", "id": 25130, "geometry": {"type": "LineString", "coordinates": [[72.8680004406026, 19.1059914876577], [72.86810723705474, 19.105961514228134]]}, "properties": {"OBJECTID": 25130, "US_NODE_ID": "2175137901", "DS_NODE_ID": "2175137903", "CONDUIT_LE": 11.700000000000001, "SHAPE_1": "OREC", "CONDUIT_WI": 3000, "CONDUIT_HE": 3016, "US_INVERT": 34.246, "DS_INVERT": 34.233000000000004, "USER_TEXT2": "Existing", "SHAPE.LEN": 11.7198318801935}}, {"type": "Feature", "id": 25205, "geometry": {"type": "LineString", "coordinates": [[72.86771349847432, 19.113903180826163], [72.86790159228686, 19.114060198727998]]}, "properties": {"OBJECTID": 25205, "US_NODE_ID": "2175146701", "DS_NODE_ID": "2175147801", "CONDUIT_LE": 26.3, "SHAPE_1": "RECT", "CONDUIT_WI": 5000, "CONDUIT_HE": 3005, "US_INVERT": 39.004000000000005, "DS_INVERT": 38.842, "USER_TEXT2": "Existing", "SHAPE.LEN": 26.3456947074849}}, {"type": "Feature", "id": 24882, "geometry": {"type": "LineString", "coordinates": [[72.87014516380499, 19.05591686198178], [72.87002850669657, 19.055976937277425]]}, "properties": {"OBJECTID": 24882, "US_NODE_ID": "2175088303", "DS_NODE_ID": "2175088302", "CONDUIT_LE": 14, "SHAPE_1": "RECT", "CONDUIT_WI": 3500, "CONDUIT_HE": 2274, "US_INVERT": 25.225, "DS_INVERT": 25.191000000000003, "USER_TEXT2": "Proposal", "SHAPE.LEN": 13.967104209534599}}, {"type": "Feature", "id": 24966, "geometry": {"type": "LineString", "coordinates": [[72.86919115507848, 19.071431113668986], [72.86956296662812, 19.071644891383425]]}, "properties": {"OBJECTID": 24966, "US_NODE_ID": "2175107004", "DS_NODE_ID": "2175108101", "CONDUIT_LE": 45.7, "SHAPE_1": "OREC", "CONDUIT_WI": 5000, "CONDUIT_HE": 3598, "US_INVERT": 25.7, "DS_INVERT": 25.628, "USER_TEXT2": "Existing", "SHAPE.LEN": 45.7406939629254}}, {"type": "Feature", "id": 24973, "geometry": {"type": "LineString", "coordinates": [[72.86910311085633, 19.075720354828785], [72.86924001479943, 19.075741760725887]]}, "properties": {"OBJECTID": 24973, "US_NODE_ID": "2175107507", "DS_NODE_ID": "2175107508", "CONDUIT_LE": 14.6, "SHAPE_1": "OREC", "CONDUIT_WI": 2000, "CONDUIT_HE": 1778, "US_INVERT": 26.89, "DS_INVERT": 26.87, "USER_TEXT2": "Existing", "SHAPE.LEN": 14.6051242257641}}, {"type": "Feature", "id": 24980, "geometry": {"type": "LineString", "coordinates": [[72.87004367467608, 19.07195768552793], [72.87015355091545, 19.071979903667057]]}, "properties": {"OBJECTID": 24980, "US_NODE_ID": "2175108103", "DS_NODE_ID": "2175108104", "CONDUIT_LE": 11.8, "SHAPE_1": "OREC", "CONDUIT_WI": 5000, "CONDUIT_HE": 3261, "US_INVERT": 25.507, "DS_INVERT": 25.414, "USER_TEXT2": "Existing", "SHAPE.LEN": 11.825351881868}}, {"type": "Feature", "id": 24981, "geometry": {"type": "LineString", "coordinates": [[72.87015355091545, 19.071979903667057], [72.87026307028967, 19.07203004754706]]}, "properties": {"OBJECTID": 24981, "US_NODE_ID": "2175108104", "DS_NODE_ID": "2175109101", "CONDUIT_LE": 12.8, "SHAPE_1": "OREC", "CONDUIT_WI": 7000, "CONDUIT_HE": 3144, "US_INVERT": 25.414, "DS_INVERT": 25.358, "USER_TEXT2": "Existing", "SHAPE.LEN": 12.7961879550122}}, {"type": "Feature", "id": 24995, "geometry": {"type": "LineString", "coordinates": [[72.87077222159722, 19.076269836898927], [72.87082958590203, 19.076307502866026]]}, "properties": {"OBJECTID": 24995, "US_NODE_ID": "2175109603", "DS_NODE_ID": "2175109604", "CONDUIT_LE": 7.3, "SHAPE_1": "RECT", "CONDUIT_WI": 3000, "CONDUIT_HE": 2348, "US_INVERT": 25.93, "DS_INVERT": 25.900000000000002, "USER_TEXT2": "Existing", "SHAPE.LEN": 7.338638633970199}}, {"type": "Feature", "id": 25002, "geometry": {"type": "LineString", "coordinates": [[72.86984343525747, 19.081979866560626], [72.87006322335101, 19.08188033831049]]}, "properties": {"OBJECTID": 25002, "US_NODE_ID": "2175118204", "DS_NODE_ID": "2175118205", "CONDUIT_LE": 25.6, "SHAPE_1": "OREC", "CONDUIT_WI": 2500, "CONDUIT_HE": 1611, "US_INVERT": 27.587, "DS_INVERT": 27.52, "USER_TEXT2": "Existing", "SHAPE.LEN": 25.6259633965242}}, {"type": "Feature", "id": 25146, "geometry": {"type": "LineString", "coordinates": [[72.86964522885336, 19.105697126026456], [72.869999042951, 19.10568289901106]]}, "properties": {"OBJECTID": 25146, "US_NODE_ID": "2175138803", "DS_NODE_ID": "2175139801", "CONDUIT_LE": 37.300000000000004, "SHAPE_1": "RECT", "CONDUIT_WI": 6000, "CONDUIT_HE": 3063, "US_INVERT": 33.561, "DS_INVERT": 33.497, "USER_TEXT2": "Existing", "SHAPE.LEN": 37.27173565599}}, {"type": "Feature", "id": 25217, "geometry": {"type": "LineString", "coordinates": [[72.86960886667725, 19.10789848980924], [72.86951108323737, 19.10772920537205]]}, "properties": {"OBJECTID": 25217, "US_NODE_ID": "2175148102", "DS_NODE_ID": "2175148101", "CONDUIT_LE": 21.400000000000002, "SHAPE_1": "OREC", "CONDUIT_WI": 10000, "CONDUIT_HE": 3382, "US_INVERT": 34.004000000000005, "DS_INVERT": 33.947, "USER_TEXT2": "Existing", "SHAPE.LEN": 21.3823861255006}}, {"type": "Feature", "id": 25252, "geometry": {"type": "LineString", "coordinates": [[72.87028247278982, 19.109438227436573], [72.87037960282795, 19.10937084972141]]}, "properties": {"OBJECTID": 25252, "US_NODE_ID": "2175149301", "DS_NODE_ID": "2175149205", "CONDUIT_LE": 12.700000000000001, "SHAPE_1": "RECT", "CONDUIT_WI": 10800, "CONDUIT_HE": 3900, "US_INVERT": 34.7, "DS_INVERT": 34.645, "USER_TEXT2": "Existing", "SHAPE.LEN": 12.6550852798391}}, {"type": "Feature", "id": 25251, "geometry": {"type": "LineString", "coordinates": [[72.87042059940156, 19.109298197673112], [72.87040785889614, 19.109189489627514]]}, "properties": {"OBJECTID": 25251, "US_NODE_ID": "2175149207", "DS_NODE_ID": "2175149206", "CONDUIT_LE": 12.1, "SHAPE_1": "OREC", "CONDUIT_WI": 10000, "CONDUIT_HE": 3827, "US_INVERT": 34.598, "DS_INVERT": 34.569, "USER_TEXT2": "Existing", "SHAPE.LEN": 12.1103761700453}}, {"type": "Feature", "id": 25225, "geometry": {"type": "LineString", "coordinates": [[72.86965894269532, 19.11209424015541], [72.86961024956358, 19.111855743226954]]}, "properties": {"OBJECTID": 25225, "US_NODE_ID": "2175148504", "DS_NODE_ID": "2175148502", "CONDUIT_LE": 26.900000000000002, "SHAPE_1": "OREC", "CONDUIT_WI": 7000, "CONDUIT_HE": 3633, "US_INVERT": 36.026, "DS_INVERT": 35.791000000000004, "USER_TEXT2": "Existing", "SHAPE.LEN": 26.8985584940903}}, {"type": "Feature", "id": 25264, "geometry": {"type": "LineString", "coordinates": [[72.87009409741944, 19.111611666009367], [72.86963032358727, 19.111703244596566]]}, "properties": {"OBJECTID": 25264, "US_NODE_ID": "2175149501", "DS_NODE_ID": "2175148503", "CONDUIT_LE": 49.9, "SHAPE_1": "RECT", "CONDUIT_WI": 2000, "CONDUIT_HE": 2000, "US_INVERT": 36.695, "DS_INVERT": 36.5, "USER_TEXT2": "Existing", "SHAPE.LEN": 49.851806068486596}}, {"type": "Feature", "id": 25265, "geometry": {"type": "LineString", "coordinates": [[72.86975538205846, 19.112441433082314], [72.8697248655476, 19.11225843536765]]}, "properties": {"OBJECTID": 25265, "US_NODE_ID": "2175149601", "DS_NODE_ID": "2175148601", "CONDUIT_LE": 20.5, "SHAPE_1": "RECT", "CONDUIT_WI": 6000, "CONDUIT_HE": 4858, "US_INVERT": 36.377, "DS_INVERT": 36.197, "USER_TEXT2": "Existing", "SHAPE.LEN": 20.5140870498787}}, {"type": "Feature", "id": 25227, "geometry": {"type": "LineString", "coordinates": [[72.86948730147867, 19.113721060021515], [72.86964633027723, 19.113677746340677]]}, "properties": {"OBJECTID": 25227, "US_NODE_ID": "2175148701", "DS_NODE_ID": "2175148704", "CONDUIT_LE": 17.400000000000002, "SHAPE_1": "RECT", "CONDUIT_WI": 6000, "CONDUIT_HE": 3591, "US_INVERT": 37.904, "DS_INVERT": 37.751000000000005, "USER_TEXT2": "Existing", "SHAPE.LEN": 17.4102459839027}}, {"type": "Feature", "id": 25230, "geometry": {"type": "LineString", "coordinates": [[72.86964633027723, 19.113677746340677], [72.86990669749208, 19.113575373402266]]}, "properties": {"OBJECTID": 25230, "US_NODE_ID": "2175148704", "DS_NODE_ID": "2175149701", "CONDUIT_LE": 29.7, "SHAPE_1": "RECT", "CONDUIT_WI": 6000, "CONDUIT_HE": 3603, "US_INVERT": 37.751000000000005, "DS_INVERT": 37.491, "USER_TEXT2": "Existing", "SHAPE.LEN": 29.6536576895667}}, {"type": "Feature", "id": 25240, "geometry": {"type": "LineString", "coordinates": [[72.86948774738528, 19.115326995105356], [72.86941190695732, 19.11494222997964]]}, "properties": {"OBJECTID": 25240, "US_NODE_ID": "2175148902", "DS_NODE_ID": "2175148901", "CONDUIT_LE": 43.300000000000004, "SHAPE_1": "OREC", "CONDUIT_WI": 5000, "CONDUIT_HE": 2979, "US_INVERT": 40.019000000000005, "DS_INVERT": 39.638000000000005, "USER_TEXT2": "Existing", "SHAPE.LEN": 43.3416658655387}}, {"type": "Feature", "id": 26767, "geometry": {"type": "LineString", "coordinates": [[72.87235304556806, 19.06051198091634], [72.87210116761179, 19.060597595349282]]}, "properties": {"OBJECTID": 26767, "US_NODE_ID": "2176081801", "DS_NODE_ID": "2176080801", "CONDUIT_LE": 28.2, "SHAPE_1": "RECT", "CONDUIT_WI": 1500, "CONDUIT_HE": 1500, "US_INVERT": 26, "DS_INVERT": 25.913, "USER_TEXT2": "Proposal", "SHAPE.LEN": 28.1602556806574}}, {"type": "Feature", "id": 26862, "geometry": {"type": "LineString", "coordinates": [[72.87181652717815, 19.071761091313732], [72.8723477441306, 19.071984278848653]]}, "properties": {"OBJECTID": 26862, "US_NODE_ID": "2176100102", "DS_NODE_ID": "2176101101", "CONDUIT_LE": 61.1, "SHAPE_1": "RECT", "CONDUIT_WI": 10000, "CONDUIT_HE": 4279, "US_INVERT": 25.109, "DS_INVERT": 25.021, "USER_TEXT2": "Existing", "SHAPE.LEN": 61.1374843201779}}, {"type": "Feature", "id": 26865, "geometry": {"type": "LineString", "coordinates": [[72.87262154057709, 19.075127256159725], [72.8718386708686, 19.074907756893744]]}, "properties": {"OBJECTID": 26865, "US_NODE_ID": "2176101401", "DS_NODE_ID": "2176100401", "CONDUIT_LE": 85.9, "SHAPE_1": "RECT", "CONDUIT_WI": 5000, "CONDUIT_HE": 3664, "US_INVERT": 26.172, "DS_INVERT": 26, "USER_TEXT2": "Proposal", "SHAPE.LEN": 85.9196135931721}}, {"type": "Feature", "id": 26994, "geometry": {"type": "LineString", "coordinates": [[72.87130110473564, 19.09956794964978], [72.87153667053529, 19.09972242174758]]}, "properties": {"OBJECTID": 26994, "US_NODE_ID": "2176130201", "DS_NODE_ID": "2176130202", "CONDUIT_LE": 30.1, "SHAPE_1": "OREC", "CONDUIT_WI": 6528, "CONDUIT_HE": 2347, "US_INVERT": 32.521, "DS_INVERT": 32.49, "USER_TEXT2": "Existing", "SHAPE.LEN": 30.1204249638016}}, {"type": "Feature", "id": 26997, "geometry": {"type": "LineString", "coordinates": [[72.87083586646503, 19.102882069043734], [72.87124542866613, 19.102879579605965]]}, "properties": {"OBJECTID": 26997, "US_NODE_ID": "2176130501", "DS_NODE_ID": "2176130502", "CONDUIT_LE": 43.1, "SHAPE_1": "OREC", "CONDUIT_WI": 3000, "CONDUIT_HE": 2696, "US_INVERT": 33.122, "DS_INVERT": 33.004000000000005, "USER_TEXT2": "Existing", "SHAPE.LEN": 43.1074239545812}}, {"type": "Feature", "id": 26998, "geometry": {"type": "LineString", "coordinates": [[72.87124542866613, 19.102879579605965], [72.87152950397754, 19.10288196120231]]}, "properties": {"OBJECTID": 26998, "US_NODE_ID": "2176130502", "DS_NODE_ID": "2176130503", "CONDUIT_LE": 29.900000000000002, "SHAPE_1": "OREC", "CONDUIT_WI": 3000, "CONDUIT_HE": 2744, "US_INVERT": 33.004000000000005, "DS_INVERT": 32.865, "USER_TEXT2": "Existing", "SHAPE.LEN": 29.9001672236126}}, {"type": "Feature", "id": 26864, "geometry": {"type": "LineString", "coordinates": [[72.8723477441306, 19.071984278848653], [72.87247493199202, 19.072041985233348]]}, "properties": {"OBJECTID": 26864, "US_NODE_ID": "2176101101", "DS_NODE_ID": "2176101102", "CONDUIT_LE": 14.8, "SHAPE_1": "OREC", "CONDUIT_WI": 10000, "CONDUIT_HE": 3297, "US_INVERT": 25.021, "DS_INVERT": 25, "USER_TEXT2": "Existing", "SHAPE.LEN": 14.8353194967281}}, {"type": "Feature", "id": 26870, "geometry": {"type": "LineString", "coordinates": [[72.87374608504497, 19.072544238385966], [72.87288224099255, 19.072863964893997]]}, "properties": {"OBJECTID": 26870, "US_NODE_ID": "2176102201", "DS_NODE_ID": "2176101201", "CONDUIT_LE": 97.60000000000001, "SHAPE_1": "OREC", "CONDUIT_WI": 4500, "CONDUIT_HE": 4832, "US_INVERT": 25.348000000000003, "DS_INVERT": 25, "USER_TEXT2": "Proposal", "SHAPE.LEN": 97.5832977512033}}, {"type": "Feature", "id": 27007, "geometry": {"type": "LineString", "coordinates": [[72.87236263571755, 19.100221538918827], [72.87234260453357, 19.100524804745042]]}, "properties": {"OBJECTID": 27007, "US_NODE_ID": "2176131203", "DS_NODE_ID": "2176131301", "CONDUIT_LE": 33.6, "SHAPE_1": "RECT", "CONDUIT_WI": 8000, "CONDUIT_HE": 2718, "US_INVERT": 32.38, "DS_INVERT": 32.127, "USER_TEXT2": "Existing", "SHAPE.LEN": 33.6429784650527}}, {"type": "Feature", "id": 27027, "geometry": {"type": "LineString", "coordinates": [[72.87268428327113, 19.104244323616186], [72.87277986051996, 19.10417871748762]]}, "properties": {"OBJECTID": 27027, "US_NODE_ID": "2176131705", "DS_NODE_ID": "2176132701", "CONDUIT_LE": 12.4, "SHAPE_1": "OREC", "CONDUIT_WI": 15000, "CONDUIT_HE": 3500, "US_INVERT": 31.528000000000002, "DS_INVERT": 31.5, "USER_TEXT2": "Existing", "SHAPE.LEN": 12.407839715679799}}, {"type": "Feature", "id": 27024, "geometry": {"type": "LineString", "coordinates": [[72.87205715028009, 19.104599402514502], [72.87230105298832, 19.10446246064866]]}, "properties": {"OBJECTID": 27024, "US_NODE_ID": "2176131702", "DS_NODE_ID": "2176131703", "CONDUIT_LE": 29.8, "SHAPE_1": "OREC", "CONDUIT_WI": 15000, "CONDUIT_HE": 3632, "US_INVERT": 31.702, "DS_INVERT": 31.635, "USER_TEXT2": "Existing", "SHAPE.LEN": 29.8137582485}}, {"type": "Feature", "id": 27080, "geometry": {"type": "LineString", "coordinates": [[72.87179956025108, 19.115117096246127], [72.87255766513438, 19.1149099837003]]}, "properties": {"OBJECTID": 27080, "US_NODE_ID": "2176141902", "DS_NODE_ID": "2176142901", "CONDUIT_LE": 83, "SHAPE_1": "RECT", "CONDUIT_WI": 2000, "CONDUIT_HE": 2000, "US_INVERT": 39.844, "DS_INVERT": 39.519, "USER_TEXT2": "Existing", "SHAPE.LEN": 83.0148179543869}}, {"type": "Feature", "id": 26826, "geometry": {"type": "LineString", "coordinates": [[72.87419458265475, 19.062853716960447], [72.87363572476362, 19.063099286036152]]}, "properties": {"OBJECTID": 26826, "US_NODE_ID": "2176093101", "DS_NODE_ID": "2176092101", "CONDUIT_LE": 64.8, "SHAPE_1": "RECT", "CONDUIT_WI": 2000, "CONDUIT_HE": 2854, "US_INVERT": 26.005000000000003, "DS_INVERT": 25.737000000000002, "USER_TEXT2": "Proposal", "SHAPE.LEN": 64.81249879459979}}, {"type": "Feature", "id": 26835, "geometry": {"type": "LineString", "coordinates": [[72.87419009844105, 19.070133114588334], [72.87376187755235, 19.07018959841835]]}, "properties": {"OBJECTID": 26835, "US_NODE_ID": "2176093901", "DS_NODE_ID": "2176092901", "CONDUIT_LE": 45.5, "SHAPE_1": "RECT", "CONDUIT_WI": 1500, "CONDUIT_HE": 1500, "US_INVERT": 25.157, "DS_INVERT": 25, "USER_TEXT2": "Proposal", "SHAPE.LEN": 45.5108778205826}}, {"type": "Feature", "id": 26873, "geometry": {"type": "LineString", "coordinates": [[72.87448889826923, 19.070764332116514], [72.87402152392185, 19.070836623814735]]}, "properties": {"OBJECTID": 26873, "US_NODE_ID": "2176103001", "DS_NODE_ID": "2176102002", "CONDUIT_LE": 49.800000000000004, "SHAPE_1": "RECT", "CONDUIT_WI": 2000, "CONDUIT_HE": 2000, "US_INVERT": 24.575000000000003, "DS_INVERT": 24.281000000000002, "USER_TEXT2": "Proposal", "SHAPE.LEN": 49.847467337869794}}, {"type": "Feature", "id": 27033, "geometry": {"type": "LineString", "coordinates": [[72.8735037770235, 19.104367200437927], [72.87308427235708, 19.104245610092264]]}, "properties": {"OBJECTID": 27033, "US_NODE_ID": "2176132703", "DS_NODE_ID": "2176132702", "CONDUIT_LE": 46.2, "SHAPE_1": "OREC", "CONDUIT_WI": 10000, "CONDUIT_HE": 4688, "US_INVERT": 31.272000000000002, "DS_INVERT": 31.224, "USER_TEXT2": "Existing", "SHAPE.LEN": 46.1592720000002}}, {"type": "Feature", "id": 26878, "geometry": {"type": "LineString", "coordinates": [[72.87539783281554, 19.070707064711858], [72.87530148808492, 19.070067342599643]]}, "properties": {"OBJECTID": 26878, "US_NODE_ID": "2176104002", "DS_NODE_ID": "2176094902", "CONDUIT_LE": 71.60000000000001, "SHAPE_1": "RECT", "CONDUIT_WI": 5000, "CONDUIT_HE": 1266, "US_INVERT": 26.704, "DS_INVERT": 26.5, "USER_TEXT2": "Proposal", "SHAPE.LEN": 71.55061145790441}}, {"type": "Feature", "id": 27044, "geometry": {"type": "LineString", "coordinates": [[72.87450405120119, 19.105820332400835], [72.87434549861551, 19.10566133304431]]}, "properties": {"OBJECTID": 27044, "US_NODE_ID": "2176133804", "DS_NODE_ID": "2176133803", "CONDUIT_LE": 24.3, "SHAPE_1": "OREC", "CONDUIT_WI": 10000, "CONDUIT_HE": 3363, "US_INVERT": 31.955000000000002, "DS_INVERT": 31.855, "USER_TEXT2": "Existing", "SHAPE.LEN": 24.256339377573}}, {"type": "Feature", "id": 26853, "geometry": {"type": "LineString", "coordinates": [[72.87609434891552, 19.06830877905126], [72.87589089014936, 19.066979531090215]]}, "properties": {"OBJECTID": 26853, "US_NODE_ID": "2176095701", "DS_NODE_ID": "2176094502", "CONDUIT_LE": 148.70000000000002, "SHAPE_1": "RECT", "CONDUIT_WI": 3000, "CONDUIT_HE": 4190, "US_INVERT": 26.67, "DS_INVERT": 26.44, "USER_TEXT2": "Proposal", "SHAPE.LEN": 148.720711402279}}, {"type": "Feature", "id": 26856, "geometry": {"type": "LineString", "coordinates": [[72.87685566158324, 19.070517011629736], [72.87672939272144, 19.070190409801047], [72.87654193442425, 19.06994108154708], [72.87641793366616, 19.069811948849225], [72.8763069516611, 19.069666133613012]]}, "properties": {"OBJECTID": 26856, "US_NODE_ID": "2176095901", "DS_NODE_ID": "2176095801", "CONDUIT_LE": 111.7, "SHAPE_1": "RECT", "CONDUIT_WI": 3000, "CONDUIT_HE": 3613, "US_INVERT": 27.082, "DS_INVERT": 26.909000000000002, "USER_TEXT2": "Proposal", "SHAPE.LEN": 111.74729026832301}}, {"type": "Feature", "id": 26961, "geometry": {"type": "LineString", "coordinates": [[72.87595852784106, 19.084774721009754], [72.87612011287013, 19.084322239623695]]}, "properties": {"OBJECTID": 26961, "US_NODE_ID": "2176115501", "DS_NODE_ID": "2176115502", "CONDUIT_LE": 52.9, "SHAPE_1": "OREC", "CONDUIT_WI": 5000, "CONDUIT_HE": 1199, "US_INVERT": 27.8, "DS_INVERT": 27.611, "USER_TEXT2": "Proposal", "SHAPE.LEN": 52.9060488035158}}, {"type": "Feature", "id": 26958, "geometry": {"type": "LineString", "coordinates": [[72.875740374494, 19.084746010945125], [72.87668397500161, 19.0851055505227]]}, "properties": {"OBJECTID": 26958, "US_NODE_ID": "2176114501", "DS_NODE_ID": "2176115503", "CONDUIT_LE": 107, "SHAPE_1": "CIRC", "CONDUIT_WI": 1000, "CONDUIT_HE": 1000, "US_INVERT": 27, "DS_INVERT": 26.858, "USER_TEXT2": "Proposal", "SHAPE.LEN": 107.00467279516302}}, {"type": "Feature", "id": 27087, "geometry": {"type": "LineString", "coordinates": [[72.87531596935717, 19.111929100285472], [72.87513981887543, 19.111626451149856]]}, "properties": {"OBJECTID": 27087, "US_NODE_ID": "2176144503", "DS_NODE_ID": "2176144502", "CONDUIT_LE": 38.300000000000004, "SHAPE_1": "RECT", "CONDUIT_WI": 5000, "CONDUIT_HE": 2500, "US_INVERT": 34.367000000000004, "DS_INVERT": 34.294000000000004, "USER_TEXT2": "Proposal", "SHAPE.LEN": 38.2950699837459}}, {"type": "Feature", "id": 27088, "geometry": {"type": "LineString", "coordinates": [[72.87540134713883, 19.112101205368074], [72.87531596935717, 19.111929100285472]]}, "properties": {"OBJECTID": 27088, "US_NODE_ID": "2176144504", "DS_NODE_ID": "2176144503", "CONDUIT_LE": 21.1, "SHAPE_1": "RECT", "CONDUIT_WI": 5000, "CONDUIT_HE": 2500, "US_INVERT": 34.407000000000004, "DS_INVERT": 34.367000000000004, "USER_TEXT2": "Proposal", "SHAPE.LEN": 21.067374443437398}}, {"type": "Feature", "id": 26963, "geometry": {"type": "LineString", "coordinates": [[72.87668397500161, 19.0851055505227], [72.87724186563204, 19.085463351416976]]}, "properties": {"OBJECTID": 26963, "US_NODE_ID": "2176115503", "DS_NODE_ID": "2176116601", "CONDUIT_LE": 70.8, "SHAPE_1": "CIRC", "CONDUIT_WI": 1000, "CONDUIT_HE": 1000, "US_INVERT": 26.858, "DS_INVERT": 26.764000000000003, "USER_TEXT2": "Proposal", "SHAPE.LEN": 70.83678422966419}}, {"type": "Feature", "id": 27121, "geometry": {"type": "LineString", "coordinates": [[72.87644872265625, 19.112771740033363], [72.8763291279339, 19.112612288104067]]}, "properties": {"OBJECTID": 27121, "US_NODE_ID": "2176146601", "DS_NODE_ID": "2176145605", "CONDUIT_LE": 21.7, "SHAPE_1": "OREC", "CONDUIT_WI": 6000, "CONDUIT_HE": 2757, "US_INVERT": 35.171, "DS_INVERT": 35.06, "USER_TEXT2": "Existing", "SHAPE.LEN": 21.681558984538}}, {"type": "Feature", "id": 26800, "geometry": {"type": "LineString", "coordinates": [[72.87924800849312, 19.057569011848347], [72.87902700044549, 19.05739630316478]]}, "properties": {"OBJECTID": 26800, "US_NODE_ID": "2176088502", "DS_NODE_ID": "2176088501", "CONDUIT_LE": 30.1, "SHAPE_1": "OREC", "CONDUIT_WI": 22500, "CONDUIT_HE": 2323, "US_INVERT": 25.484, "DS_INVERT": 25.463, "USER_TEXT2": "Existing", "SHAPE.LEN": 30.1166437474364}}, {"type": "Feature", "id": 26912, "geometry": {"type": "LineString", "coordinates": [[72.87844642581624, 19.07727101680264], [72.8786603198011, 19.077558912543875]]}, "properties": {"OBJECTID": 26912, "US_NODE_ID": "2176107702", "DS_NODE_ID": "2176107703", "CONDUIT_LE": 39, "SHAPE_1": "RECT", "CONDUIT_WI": 3000, "CONDUIT_HE": 2000, "US_INVERT": 26.003, "DS_INVERT": 25.955000000000002, "USER_TEXT2": "Existing", "SHAPE.LEN": 39.0252482375193}}, {"type": "Feature", "id": 26915, "geometry": {"type": "LineString", "coordinates": [[72.8783931894202, 19.078067701892774], [72.87807788874761, 19.07819738085378]]}, "properties": {"OBJECTID": 26915, "US_NODE_ID": "2176107802", "DS_NODE_ID": "2176107801", "CONDUIT_LE": 36.2, "SHAPE_1": "OREC", "CONDUIT_WI": 4000, "CONDUIT_HE": 2613, "US_INVERT": 25.585, "DS_INVERT": 25.400000000000002, "USER_TEXT2": "Existing", "SHAPE.LEN": 36.1626536394939}}, {"type": "Feature", "id": 26803, "geometry": {"type": "LineString", "coordinates": [[72.87990050866559, 19.058090915892777], [72.87969521683334, 19.05790176922982]]}, "properties": {"OBJECTID": 26803, "US_NODE_ID": "2176088601", "DS_NODE_ID": "2176088504", "CONDUIT_LE": 30.1, "SHAPE_1": "OREC", "CONDUIT_WI": 22500, "CONDUIT_HE": 2659, "US_INVERT": 25.548000000000002, "DS_INVERT": 25.527, "USER_TEXT2": "Existing", "SHAPE.LEN": 30.094260577392497}}, {"type": "Feature", "id": 26804, "geometry": {"type": "LineString", "coordinates": [[72.87989737139831, 19.05977757744778], [72.88012643336147, 19.059230350247237]]}, "properties": {"OBJECTID": 26804, "US_NODE_ID": "2176088701", "DS_NODE_ID": "2176089701", "CONDUIT_LE": 65.2, "SHAPE_1": "OREC", "CONDUIT_WI": 5200, "CONDUIT_HE": 1500, "US_INVERT": 27.115000000000002, "DS_INVERT": 27.066000000000003, "USER_TEXT2": "Existing", "SHAPE.LEN": 65.20992800525089}}, {"type": "Feature", "id": 26972, "geometry": {"type": "LineString", "coordinates": [[72.87915816922174, 19.079944761155343], [72.87910230793837, 19.079929665886468]]}, "properties": {"OBJECTID": 26972, "US_NODE_ID": "2176118002", "DS_NODE_ID": "2176118001", "CONDUIT_LE": 6.1000000000000005, "SHAPE_1": "OREC", "CONDUIT_WI": 13000, "CONDUIT_HE": 4387, "US_INVERT": 24.211000000000002, "DS_INVERT": 24, "USER_TEXT2": "Existing", "SHAPE.LEN": 6.113100686231169}}, {"type": "Feature", "id": 26990, "geometry": {"type": "LineString", "coordinates": [[72.88015744857897, 19.094361618557098], [72.87971661439506, 19.094508292765266]]}, "properties": {"OBJECTID": 26990, "US_NODE_ID": "2176129602", "DS_NODE_ID": "2176129601", "CONDUIT_LE": 49.2, "SHAPE_1": "OREC", "CONDUIT_WI": 3000, "CONDUIT_HE": 2000, "US_INVERT": 27.8, "DS_INVERT": 27, "USER_TEXT2": "Proposal", "SHAPE.LEN": 49.1597396250224}}, {"type": "Feature", "id": 27068, "geometry": {"type": "LineString", "coordinates": [[72.87898205486006, 19.099828763298884], [72.8790646398249, 19.099719361423446]]}, "properties": {"OBJECTID": 27068, "US_NODE_ID": "2176138202", "DS_NODE_ID": "2176138203", "CONDUIT_LE": 14.9, "SHAPE_1": "OREC", "CONDUIT_WI": 22000, "CONDUIT_HE": 4870, "US_INVERT": 26.278000000000002, "DS_INVERT": 26.102, "USER_TEXT2": "Existing", "SHAPE.LEN": 14.908760493414599}}, {"type": "Feature", "id": 28059, "geometry": {"type": "LineString", "coordinates": [[72.88119833043342, 19.05663637700037], [72.8810868995334, 19.056888709143053]]}, "properties": {"OBJECTID": 28059, "US_NODE_ID": "2177080403", "DS_NODE_ID": "2177080402", "CONDUIT_LE": 30.3, "SHAPE_1": "OREC", "CONDUIT_WI": 4605, "CONDUIT_HE": 1584, "US_INVERT": 26.585, "DS_INVERT": 26.185000000000002, "USER_TEXT2": "Existing", "SHAPE.LEN": 30.3004682802098}}, {"type": "Feature", "id": 28127, "geometry": {"type": "LineString", "coordinates": [[72.88103969294383, 19.069458048908018], [72.88124416170471, 19.069245874395904]]}, "properties": {"OBJECTID": 28127, "US_NODE_ID": "2177090802", "DS_NODE_ID": "2177090803", "CONDUIT_LE": 31.900000000000002, "SHAPE_1": "RECT", "CONDUIT_WI": 6500, "CONDUIT_HE": 2083, "US_INVERT": 27.436, "DS_INVERT": 27.311, "USER_TEXT2": "Existing", "SHAPE.LEN": 31.8613813087255}}, {"type": "Feature", "id": 26925, "geometry": {"type": "LineString", "coordinates": [[72.88050016462698, 19.073855892402072], [72.88069477995724, 19.073792191328383]]}, "properties": {"OBJECTID": 26925, "US_NODE_ID": "2176109302", "DS_NODE_ID": "2177100301", "CONDUIT_LE": 21.7, "SHAPE_1": "OREC", "CONDUIT_WI": 3000, "CONDUIT_HE": 1500, "US_INVERT": 28.037000000000003, "DS_INVERT": 28.02, "USER_TEXT2": "Existing", "SHAPE.LEN": 21.6667948714156}}, {"type": "Feature", "id": 28312, "geometry": {"type": "LineString", "coordinates": [[72.88133166150872, 19.077757122834186], [72.8810519186234, 19.077751029645693]]}, "properties": {"OBJECTID": 28312, "US_NODE_ID": "2177100703", "DS_NODE_ID": "2177100702", "CONDUIT_LE": 29.5, "SHAPE_1": "OREC", "CONDUIT_WI": 3096, "CONDUIT_HE": 2153, "US_INVERT": 27.295, "DS_INVERT": 27.145, "USER_TEXT2": "Existing", "SHAPE.LEN": 29.4550220359789}}, {"type": "Feature", "id": 28523, "geometry": {"type": "LineString", "coordinates": [[72.88072386794165, 19.08006755061708], [72.88048012486493, 19.08021017747309]]}, "properties": {"OBJECTID": 28523, "US_NODE_ID": "2177110002", "DS_NODE_ID": "2176119003", "CONDUIT_LE": 30.1, "SHAPE_1": "RECT", "CONDUIT_WI": 1500, "CONDUIT_HE": 1500, "US_INVERT": 26.825000000000003, "DS_INVERT": 26.528000000000002, "USER_TEXT2": "Existing", "SHAPE.LEN": 30.1274565871399}}, {"type": "Feature", "id": 28524, "geometry": {"type": "LineString", "coordinates": [[72.88084658065728, 19.080604605479117], [72.88067737924845, 19.080387680904835]]}, "properties": {"OBJECTID": 28524, "US_NODE_ID": "2177110003", "DS_NODE_ID": "2177110001", "CONDUIT_LE": 29.900000000000002, "SHAPE_1": "RECT", "CONDUIT_WI": 2000, "CONDUIT_HE": 1734, "US_INVERT": 26.914, "DS_INVERT": 26.766000000000002, "USER_TEXT2": "Existing", "SHAPE.LEN": 29.9006688888393}}, {"type": "Feature", "id": 28529, "geometry": {"type": "LineString", "coordinates": [[72.8815129324774, 19.081174102702914], [72.88072386794165, 19.08006755061708]]}, "properties": {"OBJECTID": 28529, "US_NODE_ID": "2177110104", "DS_NODE_ID": "2177110002", "CONDUIT_LE": 148, "SHAPE_1": "RECT", "CONDUIT_WI": 1500, "CONDUIT_HE": 1537, "US_INVERT": 27.461000000000002, "DS_INVERT": 26.825000000000003, "USER_TEXT2": "Existing", "SHAPE.LEN": 148.015532834936}}, {"type": "Feature", "id": 28056, "geometry": {"type": "LineString", "coordinates": [[72.88173942216548, 19.055388682805916], [72.88163375246272, 19.055641239678447]]}, "properties": {"OBJECTID": 28056, "US_NODE_ID": "2177080304", "DS_NODE_ID": "2177080303", "CONDUIT_LE": 30.1, "SHAPE_1": "OREC", "CONDUIT_WI": 4568, "CONDUIT_HE": 1384, "US_INVERT": 26.895, "DS_INVERT": 26.873, "USER_TEXT2": "Existing", "SHAPE.LEN": 30.0939753972452}}, {"type": "Feature", "id": 28052, "geometry": {"type": "LineString", "coordinates": [[72.88184517788008, 19.055140395700253], [72.88173942216548, 19.055388682805916]]}, "properties": {"OBJECTID": 28052, "US_NODE_ID": "2177080201", "DS_NODE_ID": "2177080304", "CONDUIT_LE": 29.7, "SHAPE_1": "OREC", "CONDUIT_WI": 4300, "CONDUIT_HE": 1363, "US_INVERT": 26.906000000000002, "DS_INVERT": 26.895, "USER_TEXT2": "Existing", "SHAPE.LEN": 29.658645974656398}}, {"type": "Feature", "id": 28080, "geometry": {"type": "LineString", "coordinates": [[72.88184410722047, 19.059144072622672], [72.88159705951102, 19.059005817437832]]}, "properties": {"OBJECTID": 28080, "US_NODE_ID": "2177081701", "DS_NODE_ID": "2177080701", "CONDUIT_LE": 30.2, "SHAPE_1": "OREC", "CONDUIT_WI": 15000, "CONDUIT_HE": 1938, "US_INVERT": 25.709, "DS_INVERT": 25.689, "USER_TEXT2": "Existing", "SHAPE.LEN": 30.1786636195177}}, {"type": "Feature", "id": 28539, "geometry": {"type": "LineString", "coordinates": [[72.88210602077054, 19.082723709036667], [72.88197741433778, 19.082481460880974]]}, "properties": {"OBJECTID": 28539, "US_NODE_ID": "2177111302", "DS_NODE_ID": "2177111301", "CONDUIT_LE": 30, "SHAPE_1": "RECT", "CONDUIT_WI": 2000, "CONDUIT_HE": 1624, "US_INVERT": 28.174000000000003, "DS_INVERT": 27.877000000000002, "USER_TEXT2": "Existing", "SHAPE.LEN": 30.043701878763198}}, {"type": "Feature", "id": 28541, "geometry": {"type": "LineString", "coordinates": [[72.88235653085192, 19.08320948031576], [72.8822311845011, 19.08296722459196]]}, "properties": {"OBJECTID": 28541, "US_NODE_ID": "2177111304", "DS_NODE_ID": "2177111303", "CONDUIT_LE": 29.900000000000002, "SHAPE_1": "RECT", "CONDUIT_WI": 2000, "CONDUIT_HE": 1621, "US_INVERT": 28.591, "DS_INVERT": 28.472, "USER_TEXT2": "Existing", "SHAPE.LEN": 29.891376722058197}}, {"type": "Feature", "id": 28627, "geometry": {"type": "LineString", "coordinates": [[72.8813928478974, 19.103626945770447], [72.88157062089907, 19.10304355182919]]}, "properties": {"OBJECTID": 28627, "US_NODE_ID": "2177131601", "DS_NODE_ID": "2177131501", "CONDUIT_LE": 67.2, "SHAPE_1": "OREC", "CONDUIT_WI": 1000, "CONDUIT_HE": 500, "US_INVERT": 31.693, "DS_INVERT": 27.842000000000002, "USER_TEXT2": "Proposal", "SHAPE.LEN": 67.2470171784593}}, {"type": "Feature", "id": 28149, "geometry": {"type": "LineString", "coordinates": [[72.88334070875901, 19.06624833971157], [72.88345685045441, 19.06598268235298]]}, "properties": {"OBJECTID": 28149, "US_NODE_ID": "2177092508", "DS_NODE_ID": "2177092401", "CONDUIT_LE": 31.900000000000002, "SHAPE_1": "OREC", "CONDUIT_WI": 5650, "CONDUIT_HE": 1629, "US_INVERT": 26.529, "DS_INVERT": 26.499000000000002, "USER_TEXT2": "Existing", "SHAPE.LEN": 31.8526673917586}}, {"type": "Feature", "id": 28154, "geometry": {"type": "LineString", "coordinates": [[72.88290847749475, 19.067324126069686], [72.88294600013742, 19.067229583130462]]}, "properties": {"OBJECTID": 28154, "US_NODE_ID": "2177092603", "DS_NODE_ID": "2177092604", "CONDUIT_LE": 11.200000000000001, "SHAPE_1": "RECT", "CONDUIT_WI": 4500, "CONDUIT_HE": 1305, "US_INVERT": 26.994, "DS_INVERT": 26.993000000000002, "USER_TEXT2": "Existing", "SHAPE.LEN": 11.1879843993456}}, {"type": "Feature", "id": 28142, "geometry": {"type": "LineString", "coordinates": [[72.88291120554345, 19.066878434360103], [72.88311081160832, 19.06677665010508]]}, "properties": {"OBJECTID": 28142, "US_NODE_ID": "2177092501", "DS_NODE_ID": "2177092504", "CONDUIT_LE": 23.8, "SHAPE_1": "OREC", "CONDUIT_WI": 5650, "CONDUIT_HE": 1810, "US_INVERT": 26.61, "DS_INVERT": 26.588, "USER_TEXT2": "Existing", "SHAPE.LEN": 23.844100183693197}}, {"type": "Feature", "id": 28160, "geometry": {"type": "LineString", "coordinates": [[72.88325204107092, 19.069096553992043], [72.88304447346668, 19.068908999607533]]}, "properties": {"OBJECTID": 28160, "US_NODE_ID": "2177092801", "DS_NODE_ID": "2177092703", "CONDUIT_LE": 30.1, "SHAPE_1": "OREC", "CONDUIT_WI": 7692, "CONDUIT_HE": 1181, "US_INVERT": 27.023, "DS_INVERT": 27.018, "USER_TEXT2": "Existing", "SHAPE.LEN": 30.1439877919296}}, {"type": "Feature", "id": 28334, "geometry": {"type": "LineString", "coordinates": [[72.88294756773182, 19.077332210476808], [72.88282356872746, 19.07732316057189]]}, "properties": {"OBJECTID": 28334, "US_NODE_ID": "2177102703", "DS_NODE_ID": "2177102702", "CONDUIT_LE": 13.1, "SHAPE_1": "RECT", "CONDUIT_WI": 4500, "CONDUIT_HE": 1125, "US_INVERT": 28.495, "DS_INVERT": 27.900000000000002, "USER_TEXT2": "Existing", "SHAPE.LEN": 13.091247825933198}}, {"type": "Feature", "id": 28552, "geometry": {"type": "LineString", "coordinates": [[72.88346606398848, 19.084572407714123], [72.8833546271294, 19.084070336139202]]}, "properties": {"OBJECTID": 28552, "US_NODE_ID": "2177113501", "DS_NODE_ID": "2177112406", "CONDUIT_LE": 56.800000000000004, "SHAPE_1": "RECT", "CONDUIT_WI": 1500, "CONDUIT_HE": 1500, "US_INVERT": 30.1, "DS_INVERT": 29.646, "USER_TEXT2": "Existing", "SHAPE.LEN": 56.8118307771365}}, {"type": "Feature", "id": 28550, "geometry": {"type": "LineString", "coordinates": [[72.88365073082913, 19.084186716353805], [72.8833546271294, 19.084070336139202]]}, "properties": {"OBJECTID": 28550, "US_NODE_ID": "2177113401", "DS_NODE_ID": "2177112406", "CONDUIT_LE": 33.7, "SHAPE_1": "RECT", "CONDUIT_WI": 2000, "CONDUIT_HE": 1874, "US_INVERT": 29.864, "DS_INVERT": 29.646, "USER_TEXT2": "Existing", "SHAPE.LEN": 33.7267171568773}}, {"type": "Feature", "id": 28609, "geometry": {"type": "LineString", "coordinates": [[72.88245473415998, 19.09661928716789], [72.8821732972357, 19.09657417299733]]}, "properties": {"OBJECTID": 28609, "US_NODE_ID": "2177122801", "DS_NODE_ID": "2177121803", "CONDUIT_LE": 30, "SHAPE_1": "OREC", "CONDUIT_WI": 14556, "CONDUIT_HE": 2984, "US_INVERT": 28.138, "DS_INVERT": 27.945, "USER_TEXT2": "Existing", "SHAPE.LEN": 30.040413290931898}}, {"type": "Feature", "id": 28717, "geometry": {"type": "LineString", "coordinates": [[72.88308498474531, 19.107567692433754], [72.8848543184242, 19.10659443688307]]}, "properties": {"OBJECTID": 28717, "US_NODE_ID": "2177142001", "DS_NODE_ID": "2177134901", "CONDUIT_LE": 215.1, "SHAPE_1": "RECT", "CONDUIT_WI": 2000, "CONDUIT_HE": 1500, "US_INVERT": 33.294000000000004, "DS_INVERT": 32.9, "USER_TEXT2": "Proposal", "SHAPE.LEN": 215.146484981744}}, {"type": "Feature", "id": 28171, "geometry": {"type": "LineString", "coordinates": [[72.88401800759138, 19.06465914476885], [72.88413618090901, 19.064396619139153]]}, "properties": {"OBJECTID": 28171, "US_NODE_ID": "2177093304", "DS_NODE_ID": "2177093201", "CONDUIT_LE": 31.6, "SHAPE_1": "OREC", "CONDUIT_WI": 5650, "CONDUIT_HE": 2156, "US_INVERT": 26.352, "DS_INVERT": 26.322000000000003, "USER_TEXT2": "Existing", "SHAPE.LEN": 31.616347929829004}}, {"type": "Feature", "id": 28169, "geometry": {"type": "LineString", "coordinates": [[72.88392458793018, 19.06493128156462], [72.88401800759138, 19.06465914476885]]}, "properties": {"OBJECTID": 28169, "US_NODE_ID": "2177093302", "DS_NODE_ID": "2177093304", "CONDUIT_LE": 31.7, "SHAPE_1": "OREC", "CONDUIT_WI": 5650, "CONDUIT_HE": 1686, "US_INVERT": 26.381, "DS_INVERT": 26.352, "USER_TEXT2": "Existing", "SHAPE.LEN": 31.694437119784897}}, {"type": "Feature", "id": 28172, "geometry": {"type": "LineString", "coordinates": [[72.88406828385415, 19.064987960718945], [72.88418187358661, 19.064727170064394]]}, "properties": {"OBJECTID": 28172, "US_NODE_ID": "2177093305", "DS_NODE_ID": "2177093306", "CONDUIT_LE": 31.3, "SHAPE_1": "OREC", "CONDUIT_WI": 9800, "CONDUIT_HE": 1539, "US_INVERT": 26.84, "DS_INVERT": 26.82, "USER_TEXT2": "Existing", "SHAPE.LEN": 31.2520426802793}}, {"type": "Feature", "id": 28180, "geometry": {"type": "LineString", "coordinates": [[72.884185317626, 19.069714531900278], [72.88393394895202, 19.06962607064357]]}, "properties": {"OBJECTID": 28180, "US_NODE_ID": "2177093803", "DS_NODE_ID": "2177093802", "CONDUIT_LE": 28.2, "SHAPE_1": "OREC", "CONDUIT_WI": 7500, "CONDUIT_HE": 1518, "US_INVERT": 27.043000000000003, "DS_INVERT": 27.038, "USER_TEXT2": "Existing", "SHAPE.LEN": 28.2160727246015}}, {"type": "Feature", "id": 28200, "geometry": {"type": "LineString", "coordinates": [[72.88485758162977, 19.070210835302316], [72.88462988739006, 19.07005362465021]]}, "properties": {"OBJECTID": 28200, "US_NODE_ID": "2177094902", "DS_NODE_ID": "2177094901", "CONDUIT_LE": 29.6, "SHAPE_1": "OREC", "CONDUIT_WI": 7525, "CONDUIT_HE": 1313, "US_INVERT": 27.057000000000002, "DS_INVERT": 27.052, "USER_TEXT2": "Existing", "SHAPE.LEN": 29.6225365453399}}, {"type": "Feature", "id": 28344, "geometry": {"type": "LineString", "coordinates": [[72.88373768974469, 19.072671866634227], [72.88383492378732, 19.072570913029633]]}, "properties": {"OBJECTID": 28344, "US_NODE_ID": "2177103202", "DS_NODE_ID": "2177103203", "CONDUIT_LE": 15.200000000000001, "SHAPE_1": "RECT", "CONDUIT_WI": 6000, "CONDUIT_HE": 1718, "US_INVERT": 27.482000000000003, "DS_INVERT": 27.469, "USER_TEXT2": "Existing", "SHAPE.LEN": 15.1558569536665}}, {"type": "Feature", "id": 28565, "geometry": {"type": "LineString", "coordinates": [[72.88400678516305, 19.08730188056072], [72.88385580767114, 19.08663149893765]]}, "properties": {"OBJECTID": 28565, "US_NODE_ID": "2177113801", "DS_NODE_ID": "2177113702", "CONDUIT_LE": 75.9, "SHAPE_1": "RECT", "CONDUIT_WI": 1500, "CONDUIT_HE": 1500, "US_INVERT": 31.330000000000002, "DS_INVERT": 30.650000000000002, "USER_TEXT2": "Existing", "SHAPE.LEN": 75.9046600925134}}, {"type": "Feature", "id": 28613, "geometry": {"type": "LineString", "coordinates": [[72.88350937822992, 19.096807328234853], [72.88329763638974, 19.09675714284742]]}, "properties": {"OBJECTID": 28613, "US_NODE_ID": "2177123802", "DS_NODE_ID": "2177123801", "CONDUIT_LE": 23, "SHAPE_1": "RECT", "CONDUIT_WI": 8000, "CONDUIT_HE": 3238, "US_INVERT": 28.701, "DS_INVERT": 28.6, "USER_TEXT2": "Existing", "SHAPE.LEN": 22.9687495667483}}, {"type": "Feature", "id": 28619, "geometry": {"type": "LineString", "coordinates": [[72.88435540511031, 19.097516292374593], [72.88403978717498, 19.097641356514625]]}, "properties": {"OBJECTID": 28619, "US_NODE_ID": "2177124901", "DS_NODE_ID": "2177123904", "CONDUIT_LE": 36, "SHAPE_1": "OREC", "CONDUIT_WI": 10700, "CONDUIT_HE": 3320, "US_INVERT": 29.479000000000003, "DS_INVERT": 29.348000000000003, "USER_TEXT2": "Existing", "SHAPE.LEN": 35.9899791310026}}, {"type": "Feature", "id": 28721, "geometry": {"type": "LineString", "coordinates": [[72.8835820051168, 19.11122171716392], [72.88514888123089, 19.11165393816008]]}, "properties": {"OBJECTID": 28721, "US_NODE_ID": "2177143401", "DS_NODE_ID": "2177145501", "CONDUIT_LE": 171.70000000000002, "SHAPE_1": "RECT", "CONDUIT_WI": 2000, "CONDUIT_HE": 1500, "US_INVERT": 34.862, "DS_INVERT": 32.259, "USER_TEXT2": "Proposal", "SHAPE.LEN": 171.70755715722}}, {"type": "Feature", "id": 28183, "geometry": {"type": "LineString", "coordinates": [[72.88508837751442, 19.062291746806697], [72.88520447466561, 19.062029118655435]]}, "properties": {"OBJECTID": 28183, "US_NODE_ID": "2177094002", "DS_NODE_ID": "2177094004", "CONDUIT_LE": 31.5, "SHAPE_1": "OREC", "CONDUIT_WI": 5650, "CONDUIT_HE": 2111, "US_INVERT": 26.086000000000002, "DS_INVERT": 26.057000000000002, "USER_TEXT2": "Existing", "SHAPE.LEN": 31.541490938286298}}, {"type": "Feature", "id": 28114, "geometry": {"type": "LineString", "coordinates": [[72.88524668564112, 19.061591366162304], [72.88502471069086, 19.061419662535254]]}, "properties": {"OBJECTID": 28114, "US_NODE_ID": "2177084903", "DS_NODE_ID": "2177084902", "CONDUIT_LE": 30.1, "SHAPE_1": "OREC", "CONDUIT_WI": 15000, "CONDUIT_HE": 2541, "US_INVERT": 26.01, "DS_INVERT": 25.990000000000002, "USER_TEXT2": "Existing", "SHAPE.LEN": 30.1244743530904}}, {"type": "Feature", "id": 28187, "geometry": {"type": "LineString", "coordinates": [[72.88532247859366, 19.061768689150714], [72.88536406399689, 19.06167797765848], [72.88536587923774, 19.06167716384651]]}, "properties": {"OBJECTID": 28187, "US_NODE_ID": "2177094006", "DS_NODE_ID": "2177084904", "CONDUIT_LE": 11.200000000000001, "SHAPE_1": "OREC", "CONDUIT_WI": 5650, "CONDUIT_HE": 2071, "US_INVERT": 26.027, "DS_INVERT": 26.017000000000003, "USER_TEXT2": "Existing", "SHAPE.LEN": 11.167228050112099}}, {"type": "Feature", "id": 28189, "geometry": {"type": "LineString", "coordinates": [[72.88547085543262, 19.06175535636519], [72.88536585805956, 19.061678833759384], [72.88536587923774, 19.06167716384651]]}, "properties": {"OBJECTID": 28189, "US_NODE_ID": "2177094008", "DS_NODE_ID": "2177084904", "CONDUIT_LE": 14.1, "SHAPE_1": "OREC", "CONDUIT_WI": 15000, "CONDUIT_HE": 1975, "US_INVERT": 26.024, "DS_INVERT": 26.017000000000003, "USER_TEXT2": "Existing", "SHAPE.LEN": 14.111957821377798}}, {"type": "Feature", "id": 28203, "geometry": {"type": "LineString", "coordinates": [[72.88540622203601, 19.07062703341669], [72.88529130862798, 19.07053332382696]]}, "properties": {"OBJECTID": 28203, "US_NODE_ID": "2177094905", "DS_NODE_ID": "2177094904", "CONDUIT_LE": 15.9, "SHAPE_1": "OREC", "CONDUIT_WI": 7761, "CONDUIT_HE": 1571, "US_INVERT": 27.069000000000003, "DS_INVERT": 27.066000000000003, "USER_TEXT2": "Existing", "SHAPE.LEN": 15.9367481529326}}, {"type": "Feature", "id": 28363, "geometry": {"type": "LineString", "coordinates": [[72.88525214843854, 19.072002754743455], [72.88517127424866, 19.0717508702539]]}, "properties": {"OBJECTID": 28363, "US_NODE_ID": "2177104103", "DS_NODE_ID": "2177104101", "CONDUIT_LE": 29.2, "SHAPE_1": "OREC", "CONDUIT_WI": 2918, "CONDUIT_HE": 2202, "US_INVERT": 27.187, "DS_INVERT": 27.18, "USER_TEXT2": "Existing", "SHAPE.LEN": 29.158308753424002}}, {"type": "Feature", "id": 28365, "geometry": {"type": "LineString", "coordinates": [[72.88528755436076, 19.072533021566677], [72.88527528035917, 19.072267918824714]]}, "properties": {"OBJECTID": 28365, "US_NODE_ID": "2177104105", "DS_NODE_ID": "2177104104", "CONDUIT_LE": 29.400000000000002, "SHAPE_1": "OREC", "CONDUIT_WI": 3082, "CONDUIT_HE": 2000, "US_INVERT": 27.199, "DS_INVERT": 27.194000000000003, "USER_TEXT2": "Existing", "SHAPE.LEN": 29.379650567357}}, {"type": "Feature", "id": 28430, "geometry": {"type": "LineString", "coordinates": [[72.88566682077074, 19.074084549205566], [72.88564743626056, 19.074026461291524]]}, "properties": {"OBJECTID": 28430, "US_NODE_ID": "2177105308!", "DS_NODE_ID": "2177105307!", "CONDUIT_LE": 6.7, "SHAPE_1": "OREC", "CONDUIT_WI": 1465, "CONDUIT_HE": 3037, "US_INVERT": 26.762, "DS_INVERT": 26.755000000000003, "USER_TEXT2": "Existing", "SHAPE.LEN": 6.747245544664869}}, {"type": "Feature", "id": 28425, "geometry": {"type": "LineString", "coordinates": [[72.8856483923792, 19.073806991076427], [72.88570011974598, 19.073761746879217]]}, "properties": {"OBJECTID": 28425, "US_NODE_ID": "2177105305", "DS_NODE_ID": "2177105310", "CONDUIT_LE": 7.4, "SHAPE_1": "OREC", "CONDUIT_WI": 4500, "CONDUIT_HE": 2269, "US_INVERT": 26.731, "DS_INVERT": 26.434, "USER_TEXT2": "Existing", "SHAPE.LEN": 7.39887346289961}}, {"type": "Feature", "id": 28441, "geometry": {"type": "LineString", "coordinates": [[72.88571864942458, 19.073651507952487], [72.88573547891698, 19.073494217832963]]}, "properties": {"OBJECTID": 28441, "US_NODE_ID": "2177105313", "DS_NODE_ID": "2177105314", "CONDUIT_LE": 17.5, "SHAPE_1": "OREC", "CONDUIT_WI": 13000, "CONDUIT_HE": 2780, "US_INVERT": 26.427, "DS_INVERT": 26.413, "USER_TEXT2": "Existing", "SHAPE.LEN": 17.504477542903096}}, {"type": "Feature", "id": 28433, "geometry": {"type": "LineString", "coordinates": [[72.88567412019847, 19.07433300895589], [72.88562781716662, 19.07428041398115]]}, "properties": {"OBJECTID": 28433, "US_NODE_ID": "2177105309", "DS_NODE_ID": "2177105304", "CONDUIT_LE": 7.6000000000000005, "SHAPE_1": "OREC", "CONDUIT_WI": 1350, "CONDUIT_HE": 3206, "US_INVERT": 26.794, "DS_INVERT": 26.787000000000003, "USER_TEXT2": "Existing", "SHAPE.LEN": 7.59385725570345}}, {"type": "Feature", "id": 28571, "geometry": {"type": "LineString", "coordinates": [[72.88500132901686, 19.08448843069919], [72.88481647902358, 19.084415047525788]]}, "properties": {"OBJECTID": 28571, "US_NODE_ID": "2177114503", "DS_NODE_ID": "2177114501", "CONDUIT_LE": 21.1, "SHAPE_1": "RECT", "CONDUIT_WI": 1500, "CONDUIT_HE": 1500, "US_INVERT": 30.54, "DS_INVERT": 30.38, "USER_TEXT2": "Existing", "SHAPE.LEN": 21.0856874272574}}, {"type": "Feature", "id": 28621, "geometry": {"type": "LineString", "coordinates": [[72.88469215228321, 19.09747427241088], [72.88451919224815, 19.097467481721914]]}, "properties": {"OBJECTID": 28621, "US_NODE_ID": "2177124903", "DS_NODE_ID": "2177124902", "CONDUIT_LE": 18.2, "SHAPE_1": "OREC", "CONDUIT_WI": 8260, "CONDUIT_HE": 3388, "US_INVERT": 29.611, "DS_INVERT": 29.544, "USER_TEXT2": "Existing", "SHAPE.LEN": 18.220062637927498}}, {"type": "Feature", "id": 28622, "geometry": {"type": "LineString", "coordinates": [[72.8850043757791, 19.09756605722976], [72.88469215228321, 19.09747427241088]]}, "properties": {"OBJECTID": 28622, "US_NODE_ID": "2177124904", "DS_NODE_ID": "2177124903", "CONDUIT_LE": 34.4, "SHAPE_1": "OREC", "CONDUIT_WI": 13000, "CONDUIT_HE": 3263, "US_INVERT": 29.736, "DS_INVERT": 29.611, "USER_TEXT2": "Existing", "SHAPE.LEN": 34.3977710081627}}, {"type": "Feature", "id": 28635, "geometry": {"type": "LineString", "coordinates": [[72.88525419031868, 19.09868356873378], [72.8849957932844, 19.098557793620763]]}, "properties": {"OBJECTID": 28635, "US_NODE_ID": "2177135001", "DS_NODE_ID": "2177134003", "CONDUIT_LE": 30.6, "SHAPE_1": "OREC", "CONDUIT_WI": 12000, "CONDUIT_HE": 3891, "US_INVERT": 30.308, "DS_INVERT": 30.197000000000003, "USER_TEXT2": "Existing", "SHAPE.LEN": 30.5546235331087}}, {"type": "Feature", "id": 28119, "geometry": {"type": "LineString", "coordinates": [[72.88725176281967, 19.05626100231399], [72.88661688613095, 19.05576680426054]]}, "properties": {"OBJECTID": 28119, "US_NODE_ID": "2177086302", "DS_NODE_ID": "2177086301", "CONDUIT_LE": 86.4, "SHAPE_1": "OREC", "CONDUIT_WI": 4700, "CONDUIT_HE": 2292, "US_INVERT": 26.36, "DS_INVERT": 26.292, "USER_TEXT2": "Proposal", "SHAPE.LEN": 86.3787043612024}}, {"type": "Feature", "id": 28391, "geometry": {"type": "LineString", "coordinates": [[72.88621735188808, 19.07086576765419], [72.88624726759403, 19.070829076413116]]}, "properties": {"OBJECTID": 28391, "US_NODE_ID": "2177105011!", "DS_NODE_ID": "2177105012!", "CONDUIT_LE": 5.1000000000000005, "SHAPE_1": "RECT", "CONDUIT_WI": 4000, "CONDUIT_HE": 1925, "US_INVERT": 26.425, "DS_INVERT": 26.422, "USER_TEXT2": "Existing", "SHAPE.LEN": 5.14003891035856}}, {"type": "Feature", "id": 28232, "geometry": {"type": "LineString", "coordinates": [[72.88646172804174, 19.070579154024525], [72.88661316673719, 19.07039706381117]]}, "properties": {"OBJECTID": 28232, "US_NODE_ID": "2177096901!", "DS_NODE_ID": "2177096902!", "CONDUIT_LE": 25.7, "SHAPE_1": "RECT", "CONDUIT_WI": 4000, "CONDUIT_HE": 1803, "US_INVERT": 26.406000000000002, "DS_INVERT": 26.397000000000002, "USER_TEXT2": "Existing", "SHAPE.LEN": 25.7018492817151}}, {"type": "Feature", "id": 28399, "geometry": {"type": "LineString", "coordinates": [[72.8859920332766, 19.071178426760074], [72.88603004070791, 19.07110298754928]]}, "properties": {"OBJECTID": 28399, "US_NODE_ID": "2177105015!", "DS_NODE_ID": "2177105017!", "CONDUIT_LE": 9.3, "SHAPE_1": "OREC", "CONDUIT_WI": 13000, "CONDUIT_HE": 2028, "US_INVERT": 26.47, "DS_INVERT": 26.455000000000002, "USER_TEXT2": "Existing", "SHAPE.LEN": 9.26120942425988}}, {"type": "Feature", "id": 28448, "geometry": {"type": "LineString", "coordinates": [[72.88608966719691, 19.074132703996852], [72.88585074017327, 19.07397482085891]]}, "properties": {"OBJECTID": 28448, "US_NODE_ID": "2177105317!", "DS_NODE_ID": "2177105316!", "CONDUIT_LE": 30.6, "SHAPE_1": "OREC", "CONDUIT_WI": 13000, "CONDUIT_HE": 2301, "US_INVERT": 26.476000000000003, "DS_INVERT": 26.454, "USER_TEXT2": "Existing", "SHAPE.LEN": 30.629169943862298}}, {"type": "Feature", "id": 28478, "geometry": {"type": "LineString", "coordinates": [[72.88672728058881, 19.07462923723835], [72.8865271640957, 19.074452610687125]]}, "properties": {"OBJECTID": 28478, "US_NODE_ID": "2177106402!", "DS_NODE_ID": "2177106401!", "CONDUIT_LE": 28.7, "SHAPE_1": "OREC", "CONDUIT_WI": 13000, "CONDUIT_HE": 2469, "US_INVERT": 26.538, "DS_INVERT": 26.517000000000003, "USER_TEXT2": "Existing", "SHAPE.LEN": 28.743347056319003}}, {"type": "Feature", "id": 28580, "geometry": {"type": "LineString", "coordinates": [[72.88660894784725, 19.085216909157186], [72.88623988414356, 19.085098138144218]]}, "properties": {"OBJECTID": 28580, "US_NODE_ID": "2177116502", "DS_NODE_ID": "2177116501", "CONDUIT_LE": 41, "SHAPE_1": "RECT", "CONDUIT_WI": 1800, "CONDUIT_HE": 1750, "US_INVERT": 31.978, "DS_INVERT": 31.586000000000002, "USER_TEXT2": "Existing", "SHAPE.LEN": 41.0131208972202}}, {"type": "Feature", "id": 28584, "geometry": {"type": "LineString", "coordinates": [[72.88690082738293, 19.086258210074504], [72.88660894784725, 19.085216909157186]]}, "properties": {"OBJECTID": 28584, "US_NODE_ID": "2177116701", "DS_NODE_ID": "2177116502", "CONDUIT_LE": 119.3, "SHAPE_1": "RECT", "CONDUIT_WI": 600, "CONDUIT_HE": 1430, "US_INVERT": 32.688, "DS_INVERT": 31.978, "USER_TEXT2": "Existing", "SHAPE.LEN": 119.312663309516}}, {"type": "Feature", "id": 28724, "geometry": {"type": "LineString", "coordinates": [[72.88580955834065, 19.108665774192243], [72.8865538599159, 19.10886852654059]]}, "properties": {"OBJECTID": 28724, "US_NODE_ID": "2177145101", "DS_NODE_ID": "2177146201", "CONDUIT_LE": 81.5, "SHAPE_1": "RECT", "CONDUIT_WI": 1000, "CONDUIT_HE": 1000, "US_INVERT": 33.655, "DS_INVERT": 33.357, "USER_TEXT2": "Proposal", "SHAPE.LEN": 81.4874837014863}}, {"type": "Feature", "id": 28246, "geometry": {"type": "LineString", "coordinates": [[72.88749325031166, 19.06425481247536], [72.8873676532425, 19.064010805171986]]}, "properties": {"OBJECTID": 28246, "US_NODE_ID": "2177097201", "DS_NODE_ID": "2177096202", "CONDUIT_LE": 30.1, "SHAPE_1": "OREC", "CONDUIT_WI": 10211, "CONDUIT_HE": 2308, "US_INVERT": 26.058, "DS_INVERT": 26.055, "USER_TEXT2": "Existing", "SHAPE.LEN": 30.0776295616859}}, {"type": "Feature", "id": 28252, "geometry": {"type": "LineString", "coordinates": [[72.88828456861899, 19.065693714561615], [72.88815695387778, 19.0654516365116]]}, "properties": {"OBJECTID": 28252, "US_NODE_ID": "2177097402", "DS_NODE_ID": "2177097401", "CONDUIT_LE": 30, "SHAPE_1": "OREC", "CONDUIT_WI": 9431, "CONDUIT_HE": 2341, "US_INVERT": 26.075000000000003, "DS_INVERT": 26.073, "USER_TEXT2": "Existing", "SHAPE.LEN": 29.980439250951598}}, {"type": "Feature", "id": 28256, "geometry": {"type": "LineString", "coordinates": [[72.88791609118188, 19.06772941898747], [72.88809296196337, 19.06756618893746]]}, "properties": {"OBJECTID": 28256, "US_NODE_ID": "2177097604", "DS_NODE_ID": "2177097605", "CONDUIT_LE": 25.900000000000002, "SHAPE_1": "RECT", "CONDUIT_WI": 13000, "CONDUIT_HE": 2255, "US_INVERT": 26.101000000000003, "DS_INVERT": 26.098000000000003, "USER_TEXT2": "Existing", "SHAPE.LEN": 25.9478142277919}}, {"type": "Feature", "id": 28257, "geometry": {"type": "LineString", "coordinates": [[72.88809296196337, 19.06756618893746], [72.88828672866967, 19.067367962376753]]}, "properties": {"OBJECTID": 28257, "US_NODE_ID": "2177097605", "DS_NODE_ID": "2177097606", "CONDUIT_LE": 30, "SHAPE_1": "OREC", "CONDUIT_WI": 13000, "CONDUIT_HE": 2308, "US_INVERT": 26.098000000000003, "DS_INVERT": 26.096, "USER_TEXT2": "Existing", "SHAPE.LEN": 29.962476270996003}}, {"type": "Feature", "id": 28651, "geometry": {"type": "LineString", "coordinates": [[72.88726845238433, 19.100114086133576], [72.88714861739578, 19.10027259018304]]}, "properties": {"OBJECTID": 28651, "US_NODE_ID": "2177137203", "DS_NODE_ID": "2177137202", "CONDUIT_LE": 21.6, "SHAPE_1": "OREC", "CONDUIT_WI": 13000, "CONDUIT_HE": 3585, "US_INVERT": 30.753, "DS_INVERT": 30.694000000000003, "USER_TEXT2": "Existing", "SHAPE.LEN": 21.611339616044198}}, {"type": "Feature", "id": 28281, "geometry": {"type": "LineString", "coordinates": [[72.88855763114708, 19.066457785002136], [72.88853086565899, 19.066303930577366]]}, "properties": {"OBJECTID": 28281, "US_NODE_ID": "2177098502", "DS_NODE_ID": "2177098501", "CONDUIT_LE": 17.3, "SHAPE_1": "OREC", "CONDUIT_WI": 10378, "CONDUIT_HE": 2102, "US_INVERT": 26.084, "DS_INVERT": 26.082, "USER_TEXT2": "Existing", "SHAPE.LEN": 17.2656338360339}}, {"type": "Feature", "id": 28283, "geometry": {"type": "LineString", "coordinates": [[72.88861141836988, 19.067059673055255], [72.88868752519066, 19.066983300008758]]}, "properties": {"OBJECTID": 28283, "US_NODE_ID": "2177098504", "DS_NODE_ID": "2177098506", "CONDUIT_LE": 11.6, "SHAPE_1": "RECT", "CONDUIT_WI": 13000, "CONDUIT_HE": 2597, "US_INVERT": 26.091, "DS_INVERT": 26.09, "USER_TEXT2": "Existing", "SHAPE.LEN": 11.648607333497}}, {"type": "Feature", "id": 28290, "geometry": {"type": "LineString", "coordinates": [[72.88905633373072, 19.067553062398126], [72.88895122842422, 19.06728579714544]]}, "properties": {"OBJECTID": 28290, "US_NODE_ID": "2177098602", "DS_NODE_ID": "2177098601", "CONDUIT_LE": 31.6, "SHAPE_1": "OREC", "CONDUIT_WI": 7000, "CONDUIT_HE": 1691, "US_INVERT": 27.008000000000003, "DS_INVERT": 27, "USER_TEXT2": "Existing", "SHAPE.LEN": 31.591573101857396}}, {"type": "Feature", "id": 28294, "geometry": {"type": "LineString", "coordinates": [[72.88874112749156, 19.069772820346802], [72.88855573233398, 19.06956402664385]]}, "properties": {"OBJECTID": 28294, "US_NODE_ID": "2177098803", "DS_NODE_ID": "2177098802", "CONDUIT_LE": 30.3, "SHAPE_1": "OREC", "CONDUIT_WI": 5000, "CONDUIT_HE": 1389, "US_INVERT": 26.817, "DS_INVERT": 26.8, "USER_TEXT2": "Existing", "SHAPE.LEN": 30.2536869979512}}, {"type": "Feature", "id": 28498, "geometry": {"type": "LineString", "coordinates": [[72.88891216706301, 19.076368692330565], [72.88869224378566, 19.076198036477834]]}, "properties": {"OBJECTID": 28498, "US_NODE_ID": "2177108601!", "DS_NODE_ID": "2177108503!", "CONDUIT_LE": 29.900000000000002, "SHAPE_1": "OREC", "CONDUIT_WI": 13000, "CONDUIT_HE": 2113, "US_INVERT": 26.735000000000003, "DS_INVERT": 26.729000000000003, "USER_TEXT2": "Existing", "SHAPE.LEN": 29.882114981540397}}, {"type": "Feature", "id": 28499, "geometry": {"type": "LineString", "coordinates": [[72.88891216706301, 19.076368692330565], [72.88869224378566, 19.076198036477834]]}, "properties": {"OBJECTID": 28499, "US_NODE_ID": "2177108601", "DS_NODE_ID": "2177108503", "CONDUIT_LE": 29.900000000000002, "SHAPE_1": "OREC", "CONDUIT_WI": 13000, "CONDUIT_HE": 2113, "US_INVERT": 26.735000000000003, "DS_INVERT": 26.729000000000003, "USER_TEXT2": "Existing", "SHAPE.LEN": 29.882114981540397}}, {"type": "Feature", "id": 28594, "geometry": {"type": "LineString", "coordinates": [[72.88888274629637, 19.080697734051103], [72.88944087726578, 19.08037225165602]]}, "properties": {"OBJECTID": 28594, "US_NODE_ID": "2177118001", "DS_NODE_ID": "2177119001", "CONDUIT_LE": 68.9, "SHAPE_1": "OREC", "CONDUIT_WI": 4800, "CONDUIT_HE": 2097, "US_INVERT": 27.703000000000003, "DS_INVERT": 27.635, "USER_TEXT2": "Existing", "SHAPE.LEN": 68.922092287234}}, {"type": "Feature", "id": 28669, "geometry": {"type": "LineString", "coordinates": [[72.88878703584616, 19.10362043847121], [72.88874845885799, 19.103503934457684]]}, "properties": {"OBJECTID": 28669, "US_NODE_ID": "2177138602", "DS_NODE_ID": "2177138601", "CONDUIT_LE": 13.5, "SHAPE_1": "RECT", "CONDUIT_WI": 5000, "CONDUIT_HE": 1864, "US_INVERT": 33.938, "DS_INVERT": 33.771, "USER_TEXT2": "Existing", "SHAPE.LEN": 13.5228414636126}}, {"type": "Feature", "id": 29083, "geometry": {"type": "LineString", "coordinates": [[72.89094285666012, 19.059215223161715], [72.88964397110983, 19.058188695396204]]}, "properties": {"OBJECTID": 29083, "US_NODE_ID": "2178080702", "DS_NODE_ID": "2177089601", "CONDUIT_LE": 177.8, "SHAPE_1": "RECT", "CONDUIT_WI": 4500, "CONDUIT_HE": 2000, "US_INVERT": 26.758000000000003, "DS_INVERT": 26.619, "USER_TEXT2": "Proposal", "SHAPE.LEN": 177.807789480664}}, {"type": "Feature", "id": 28299, "geometry": {"type": "LineString", "coordinates": [[72.88961545712829, 19.065770476746785], [72.88933919003236, 19.065831447194515]]}, "properties": {"OBJECTID": 28299, "US_NODE_ID": "2177099402", "DS_NODE_ID": "2177099401", "CONDUIT_LE": 29.900000000000002, "SHAPE_1": "OREC", "CONDUIT_WI": 12000, "CONDUIT_HE": 1506, "US_INVERT": 26.333000000000002, "DS_INVERT": 26.326, "USER_TEXT2": "Existing", "SHAPE.LEN": 29.856490081722598}}, {"type": "Feature", "id": 28303, "geometry": {"type": "LineString", "coordinates": [[72.88981495811319, 19.067765459854783], [72.88953454727302, 19.067789540943725]]}, "properties": {"OBJECTID": 28303, "US_NODE_ID": "2177099602", "DS_NODE_ID": "2177099601", "CONDUIT_LE": 29.6, "SHAPE_1": "OREC", "CONDUIT_WI": 7000, "CONDUIT_HE": 1507, "US_INVERT": 27.022000000000002, "DS_INVERT": 27.014000000000003, "USER_TEXT2": "Existing", "SHAPE.LEN": 29.6393906598972}}, {"type": "Feature", "id": 29207, "geometry": {"type": "LineString", "coordinates": [[72.89044127751907, 19.07744153591034], [72.8902706804726, 19.0773486113945]]}, "properties": {"OBJECTID": 29207, "US_NODE_ID": "2178100703!", "DS_NODE_ID": "2178100701!", "CONDUIT_LE": 20.7, "SHAPE_1": "OREC", "CONDUIT_WI": 13000, "CONDUIT_HE": 2894, "US_INVERT": 26.893, "DS_INVERT": 26.878, "USER_TEXT2": "Existing", "SHAPE.LEN": 20.696269324204298}}, {"type": "Feature", "id": 28517, "geometry": {"type": "LineString", "coordinates": [[72.88994315579382, 19.078405508083314], [72.89012718879479, 19.078096716637646]]}, "properties": {"OBJECTID": 28517, "US_NODE_ID": "2177109804", "DS_NODE_ID": "2178100801", "CONDUIT_LE": 39.300000000000004, "SHAPE_1": "OREC", "CONDUIT_WI": 4800, "CONDUIT_HE": 2401, "US_INVERT": 27.398, "DS_INVERT": 27.358, "USER_TEXT2": "Existing", "SHAPE.LEN": 39.2952291482058}}, {"type": "Feature", "id": 29221, "geometry": {"type": "LineString", "coordinates": [[72.89012718879479, 19.078096716637646], [72.89031579005558, 19.07777215635732]]}, "properties": {"OBJECTID": 29221, "US_NODE_ID": "2178100801!", "DS_NODE_ID": "2178100702!", "CONDUIT_LE": 41.1, "SHAPE_1": "OREC", "CONDUIT_WI": 4800, "CONDUIT_HE": 2242, "US_INVERT": 27.358, "DS_INVERT": 27.317, "USER_TEXT2": "Existing", "SHAPE.LEN": 41.0536555162875}}, {"type": "Feature", "id": 29222, "geometry": {"type": "LineString", "coordinates": [[72.89012718879479, 19.078096716637646], [72.89031579005558, 19.07777215635732]]}, "properties": {"OBJECTID": 29222, "US_NODE_ID": "2178100801", "DS_NODE_ID": "2178100702", "CONDUIT_LE": 41.1, "SHAPE_1": "OREC", "CONDUIT_WI": 4800, "CONDUIT_HE": 2242, "US_INVERT": 27.358, "DS_INVERT": 27.317, "USER_TEXT2": "Existing", "SHAPE.LEN": 41.0536555162875}}, {"type": "Feature", "id": 29371, "geometry": {"type": "LineString", "coordinates": [[72.89011527039031, 19.082869491796693], [72.89014208367544, 19.082534782073488]]}, "properties": {"OBJECTID": 29371, "US_NODE_ID": "2178110301", "DS_NODE_ID": "2178110201", "CONDUIT_LE": 37.2, "SHAPE_1": "RECT", "CONDUIT_WI": 3500, "CONDUIT_HE": 2753, "US_INVERT": 30.583000000000002, "DS_INVERT": 30.403000000000002, "USER_TEXT2": "Existing", "SHAPE.LEN": 37.1651212781554}}, {"type": "Feature", "id": 29363, "geometry": {"type": "LineString", "coordinates": [[72.89014208367544, 19.082534782073488], [72.89027850275122, 19.082285701435072]]}, "properties": {"OBJECTID": 29363, "US_NODE_ID": "2178110201", "DS_NODE_ID": "2178110202", "CONDUIT_LE": 31.1, "SHAPE_1": "RECT", "CONDUIT_WI": 3500, "CONDUIT_HE": 2193, "US_INVERT": 30.383000000000003, "DS_INVERT": 30.033, "USER_TEXT2": "Existing", "SHAPE.LEN": 31.091929994775196}}, {"type": "Feature", "id": 29390, "geometry": {"type": "LineString", "coordinates": [[72.89014761380423, 19.08875142627023], [72.89024940179421, 19.08839541548725]]}, "properties": {"OBJECTID": 29390, "US_NODE_ID": "2178110902", "DS_NODE_ID": "2178110903", "CONDUIT_LE": 40.800000000000004, "SHAPE_1": "OREC", "CONDUIT_WI": 1500, "CONDUIT_HE": 1500, "US_INVERT": 44.079, "DS_INVERT": 43.902, "USER_TEXT2": "Existing", "SHAPE.LEN": 40.8463735516386}}, {"type": "Feature", "id": 28683, "geometry": {"type": "LineString", "coordinates": [[72.88916743308145, 19.101121339741685], [72.88911513676526, 19.1009744098061]]}, "properties": {"OBJECTID": 28683, "US_NODE_ID": "2177139305", "DS_NODE_ID": "2177139303", "CONDUIT_LE": 17.2, "SHAPE_1": "OREC", "CONDUIT_WI": 13000, "CONDUIT_HE": 2974, "US_INVERT": 31.804000000000002, "DS_INVERT": 31.747, "USER_TEXT2": "Existing", "SHAPE.LEN": 17.1735261376341}}, {"type": "Feature", "id": 28684, "geometry": {"type": "LineString", "coordinates": [[72.8891658097213, 19.10135518135452], [72.88913030480717, 19.10126188973735]]}, "properties": {"OBJECTID": 28684, "US_NODE_ID": "2177139306", "DS_NODE_ID": "2177139304", "CONDUIT_LE": 11, "SHAPE_1": "OREC", "CONDUIT_WI": 13000, "CONDUIT_HE": 2905, "US_INVERT": 31.893, "DS_INVERT": 31.856, "USER_TEXT2": "Existing", "SHAPE.LEN": 10.984125411246898}}, {"type": "Feature", "id": 29557, "geometry": {"type": "LineString", "coordinates": [[72.88982628938383, 19.101840672624927], [72.88975768027045, 19.101781173382214]]}, "properties": {"OBJECTID": 29557, "US_NODE_ID": "2178130401", "DS_NODE_ID": "2177139402", "CONDUIT_LE": 9.8, "SHAPE_1": "RECT", "CONDUIT_WI": 13000, "CONDUIT_HE": 3465, "US_INVERT": 32.183, "DS_INVERT": 32.151, "USER_TEXT2": "Existing", "SHAPE.LEN": 9.77445650662992}}, {"type": "Feature", "id": 28688, "geometry": {"type": "LineString", "coordinates": [[72.88906887599192, 19.10295734134851], [72.88930766238175, 19.102789639844744]]}, "properties": {"OBJECTID": 28688, "US_NODE_ID": "2177139501", "DS_NODE_ID": "2177139502", "CONDUIT_LE": 31.2, "SHAPE_1": "RECT", "CONDUIT_WI": 4500, "CONDUIT_HE": 1775, "US_INVERT": 32.993, "DS_INVERT": 32.954, "USER_TEXT2": "Existing", "SHAPE.LEN": 31.2468672749765}}, {"type": "Feature", "id": 28702, "geometry": {"type": "LineString", "coordinates": [[72.88894256923604, 19.10406293194184], [72.88891765839935, 19.104011672738512]]}, "properties": {"OBJECTID": 28702, "US_NODE_ID": "2177139604", "DS_NODE_ID": "2177139603", "CONDUIT_LE": 6.3, "SHAPE_1": "OREC", "CONDUIT_WI": 6333, "CONDUIT_HE": 2563, "US_INVERT": 34.236000000000004, "DS_INVERT": 34.219, "USER_TEXT2": "Existing", "SHAPE.LEN": 6.25158733842854}}, {"type": "Feature", "id": 28706, "geometry": {"type": "LineString", "coordinates": [[72.88913000565364, 19.10441174328335], [72.88898227201139, 19.10430810023551]]}, "properties": {"OBJECTID": 28706, "US_NODE_ID": "2177139703", "DS_NODE_ID": "2177139702", "CONDUIT_LE": 19.3, "SHAPE_1": "OREC", "CONDUIT_WI": 4783, "CONDUIT_HE": 2620, "US_INVERT": 34.379000000000005, "DS_INVERT": 34.325, "USER_TEXT2": "Existing", "SHAPE.LEN": 19.324542311785798}}, {"type": "Feature", "id": 28709, "geometry": {"type": "LineString", "coordinates": [[72.8895832752153, 19.104478368677075], [72.8893843452579, 19.104517450486927]]}, "properties": {"OBJECTID": 28709, "US_NODE_ID": "2177139706", "DS_NODE_ID": "2177139705", "CONDUIT_LE": 21.400000000000002, "SHAPE_1": "RECT", "CONDUIT_WI": 12000, "CONDUIT_HE": 2466, "US_INVERT": 34.523, "DS_INVERT": 34.463, "USER_TEXT2": "Existing", "SHAPE.LEN": 21.3794595705785}}, {"type": "Feature", "id": 29084, "geometry": {"type": "LineString", "coordinates": [[72.89209974056114, 19.060129016887913], [72.89094285666012, 19.059215223161715]]}, "properties": {"OBJECTID": 29084, "US_NODE_ID": "2178081801", "DS_NODE_ID": "2178080702", "CONDUIT_LE": 158.3, "SHAPE_1": "RECT", "CONDUIT_WI": 4500, "CONDUIT_HE": 2000, "US_INVERT": 26.882, "DS_INVERT": 26.758000000000003, "USER_TEXT2": "Proposal", "SHAPE.LEN": 158.332214031131}}, {"type": "Feature", "id": 29223, "geometry": {"type": "LineString", "coordinates": [[72.89067117284571, 19.078214800139715], [72.89065101267661, 19.077944615366636]]}, "properties": {"OBJECTID": 29223, "US_NODE_ID": "2178100802!", "DS_NODE_ID": "2178100706!", "CONDUIT_LE": 30, "SHAPE_1": "RECT", "CONDUIT_WI": 4500, "CONDUIT_HE": 1448, "US_INVERT": 28.048000000000002, "DS_INVERT": 28.027, "USER_TEXT2": "Existing", "SHAPE.LEN": 29.9889945416648}}, {"type": "Feature", "id": 29224, "geometry": {"type": "LineString", "coordinates": [[72.89067117284571, 19.078214800139715], [72.89065101267661, 19.077944615366636]]}, "properties": {"OBJECTID": 29224, "US_NODE_ID": "2178100802", "DS_NODE_ID": "2178100706", "CONDUIT_LE": 30, "SHAPE_1": "RECT", "CONDUIT_WI": 4500, "CONDUIT_HE": 1448, "US_INVERT": 28.048000000000002, "DS_INVERT": 28.027, "USER_TEXT2": "Existing", "SHAPE.LEN": 29.9889945416648}}, {"type": "Feature", "id": 29239, "geometry": {"type": "LineString", "coordinates": [[72.89109890295852, 19.077956402111838], [72.8908817194726, 19.07777880659435]]}, "properties": {"OBJECTID": 29239, "US_NODE_ID": "2178101701!", "DS_NODE_ID": "2178100709!", "CONDUIT_LE": 30.2, "SHAPE_1": "OREC", "CONDUIT_WI": 9600, "CONDUIT_HE": 2491, "US_INVERT": 27.327, "DS_INVERT": 27.301000000000002, "USER_TEXT2": "Existing", "SHAPE.LEN": 30.154320477337897}}, {"type": "Feature", "id": 29243, "geometry": {"type": "LineString", "coordinates": [[72.89152440415631, 19.078312518075148], [72.89130945518275, 19.078135976485235]]}, "properties": {"OBJECTID": 29243, "US_NODE_ID": "2178101802!", "DS_NODE_ID": "2178101801!", "CONDUIT_LE": 29.900000000000002, "SHAPE_1": "OREC", "CONDUIT_WI": 9600, "CONDUIT_HE": 2365, "US_INVERT": 27.373, "DS_INVERT": 27.348000000000003, "USER_TEXT2": "Existing", "SHAPE.LEN": 29.8999284163023}}, {"type": "Feature", "id": 29232, "geometry": {"type": "LineString", "coordinates": [[72.89070486833704, 19.07929486455438], [72.89069182074638, 19.07902577107197]]}, "properties": {"OBJECTID": 29232, "US_NODE_ID": "2178100902", "DS_NODE_ID": "2178100901", "CONDUIT_LE": 29.8, "SHAPE_1": "RECT", "CONDUIT_WI": 4500, "CONDUIT_HE": 1697, "US_INVERT": 28.189, "DS_INVERT": 28.11, "USER_TEXT2": "Existing", "SHAPE.LEN": 29.8246335181172}}, {"type": "Feature", "id": 29348, "geometry": {"type": "LineString", "coordinates": [[72.8906524382297, 19.080356382427745], [72.89063722031179, 19.08009318509867]]}, "properties": {"OBJECTID": 29348, "US_NODE_ID": "2178110002!", "DS_NODE_ID": "2178110001!", "CONDUIT_LE": 29.2, "SHAPE_1": "RECT", "CONDUIT_WI": 4500, "CONDUIT_HE": 1910, "US_INVERT": 28.506, "DS_INVERT": 28.403000000000002, "USER_TEXT2": "Existing", "SHAPE.LEN": 29.184193670547096}}, {"type": "Feature", "id": 29349, "geometry": {"type": "LineString", "coordinates": [[72.8906524382297, 19.080356382427745], [72.89063722031179, 19.08009318509867]]}, "properties": {"OBJECTID": 29349, "US_NODE_ID": "2178110002", "DS_NODE_ID": "2178110001", "CONDUIT_LE": 29.2, "SHAPE_1": "RECT", "CONDUIT_WI": 4500, "CONDUIT_HE": 1910, "US_INVERT": 28.506, "DS_INVERT": 28.403000000000002, "USER_TEXT2": "Existing", "SHAPE.LEN": 29.184193670547096}}, {"type": "Feature", "id": 29351, "geometry": {"type": "LineString", "coordinates": [[72.89071596309229, 19.080620199569314], [72.8906524382297, 19.080356382427745]]}, "properties": {"OBJECTID": 29351, "US_NODE_ID": "2178110003", "DS_NODE_ID": "2178110002", "CONDUIT_LE": 30, "SHAPE_1": "RECT", "CONDUIT_WI": 4500, "CONDUIT_HE": 1823, "US_INVERT": 28.613000000000003, "DS_INVERT": 28.506, "USER_TEXT2": "Existing", "SHAPE.LEN": 29.964461791262}}, {"type": "Feature", "id": 29380, "geometry": {"type": "LineString", "coordinates": [[72.89039129442739, 19.083944875804097], [72.8903320769814, 19.08368016577478]]}, "properties": {"OBJECTID": 29380, "US_NODE_ID": "2178110402!", "DS_NODE_ID": "2178110401!", "CONDUIT_LE": 30, "SHAPE_1": "RECT", "CONDUIT_WI": 3500, "CONDUIT_HE": 2110, "US_INVERT": 31.536, "DS_INVERT": 31.156000000000002, "USER_TEXT2": "Existing", "SHAPE.LEN": 29.963225658964}}, {"type": "Feature", "id": 29382, "geometry": {"type": "LineString", "coordinates": [[72.89045586741614, 19.084208705932667], [72.89039129442739, 19.083944875804097]]}, "properties": {"OBJECTID": 29382, "US_NODE_ID": "2178110403!", "DS_NODE_ID": "2178110402!", "CONDUIT_LE": 30, "SHAPE_1": "RECT", "CONDUIT_WI": 3500, "CONDUIT_HE": 1997, "US_INVERT": 31.809, "DS_INVERT": 31.536, "USER_TEXT2": "Existing", "SHAPE.LEN": 29.9906576216661}}, {"type": "Feature", "id": 29383, "geometry": {"type": "LineString", "coordinates": [[72.89045586741614, 19.084208705932667], [72.89039129442739, 19.083944875804097]]}, "properties": {"OBJECTID": 29383, "US_NODE_ID": "2178110403", "DS_NODE_ID": "2178110402", "CONDUIT_LE": 30, "SHAPE_1": "RECT", "CONDUIT_WI": 3500, "CONDUIT_HE": 1997, "US_INVERT": 31.809, "DS_INVERT": 31.536, "USER_TEXT2": "Existing", "SHAPE.LEN": 29.9906576216661}}, {"type": "Feature", "id": 29384, "geometry": {"type": "LineString", "coordinates": [[72.89053498480705, 19.08445796564077], [72.89045586741614, 19.084208705932667]]}, "properties": {"OBJECTID": 29384, "US_NODE_ID": "2178110501!", "DS_NODE_ID": "2178110403!", "CONDUIT_LE": 28.8, "SHAPE_1": "RECT", "CONDUIT_WI": 4000, "CONDUIT_HE": 2085, "US_INVERT": 32.421, "DS_INVERT": 31.809, "USER_TEXT2": "Existing", "SHAPE.LEN": 28.8262802166703}}, {"type": "Feature", "id": 29408, "geometry": {"type": "LineString", "coordinates": [[72.8913861370952, 19.084499064690103], [72.8911026491113, 19.08446446445788]]}, "properties": {"OBJECTID": 29408, "US_NODE_ID": "2178111502!", "DS_NODE_ID": "2178111501!", "CONDUIT_LE": 30.1, "SHAPE_1": "RECT", "CONDUIT_WI": 4000, "CONDUIT_HE": 3067, "US_INVERT": 32.939, "DS_INVERT": 32.874, "USER_TEXT2": "Existing", "SHAPE.LEN": 30.085035424609398}}, {"type": "Feature", "id": 29585, "geometry": {"type": "LineString", "coordinates": [[72.89055069545354, 19.105123283284016], [72.8903388078886, 19.105109990293055]]}, "properties": {"OBJECTID": 29585, "US_NODE_ID": "2178130711", "DS_NODE_ID": "2178130710", "CONDUIT_LE": 22.3, "SHAPE_1": "OREC", "CONDUIT_WI": 6910, "CONDUIT_HE": 2378, "US_INVERT": 35.221000000000004, "DS_INVERT": 35.124, "USER_TEXT2": "Existing", "SHAPE.LEN": 22.3491899199949}}, {"type": "Feature", "id": 29646, "geometry": {"type": "LineString", "coordinates": [[72.89228795843813, 19.106961535912145], [72.89104053543768, 19.10694453665896]]}, "properties": {"OBJECTID": 29646, "US_NODE_ID": "2178132906", "DS_NODE_ID": "2178131901", "CONDUIT_LE": 131.3, "SHAPE_1": "RECT", "CONDUIT_WI": 6000, "CONDUIT_HE": 3000, "US_INVERT": 36.129000000000005, "DS_INVERT": 35.47, "USER_TEXT2": "Proposal", "SHAPE.LEN": 131.30034272613298}}, {"type": "Feature", "id": 29126, "geometry": {"type": "LineString", "coordinates": [[72.89262099757639, 19.064975844828453], [72.89234916295527, 19.065046604386065]]}, "properties": {"OBJECTID": 29126, "US_NODE_ID": "2178092302", "DS_NODE_ID": "2178092301", "CONDUIT_LE": 29.7, "SHAPE_1": "OREC", "CONDUIT_WI": 3500, "CONDUIT_HE": 1694, "US_INVERT": 26.425, "DS_INVERT": 26.409000000000002, "USER_TEXT2": "Existing", "SHAPE.LEN": 29.6698123708257}}, {"type": "Feature", "id": 29127, "geometry": {"type": "LineString", "coordinates": [[72.89289934224465, 19.064908915975032], [72.89262099757639, 19.064975844828453]]}, "properties": {"OBJECTID": 29127, "US_NODE_ID": "2178092303", "DS_NODE_ID": "2178092302", "CONDUIT_LE": 30.2, "SHAPE_1": "OREC", "CONDUIT_WI": 3500, "CONDUIT_HE": 1558, "US_INVERT": 26.441000000000003, "DS_INVERT": 26.425, "USER_TEXT2": "Existing", "SHAPE.LEN": 30.2246010377308}}, {"type": "Feature", "id": 29246, "geometry": {"type": "LineString", "coordinates": [[72.89174046534559, 19.078490020614094], [72.89152440415631, 19.078312518075148]]}, "properties": {"OBJECTID": 29246, "US_NODE_ID": "2178101803", "DS_NODE_ID": "2178101802", "CONDUIT_LE": 30.1, "SHAPE_1": "OREC", "CONDUIT_WI": 9600, "CONDUIT_HE": 2554, "US_INVERT": 27.404, "DS_INVERT": 27.373, "USER_TEXT2": "Existing", "SHAPE.LEN": 30.058054192678497}}, {"type": "Feature", "id": 29396, "geometry": {"type": "LineString", "coordinates": [[72.89195250209308, 19.08114051819223], [72.89201182795769, 19.080951382367545]]}, "properties": {"OBJECTID": 29396, "US_NODE_ID": "2178111103!", "DS_NODE_ID": "2178112102!", "CONDUIT_LE": 21.900000000000002, "SHAPE_1": "OREC", "CONDUIT_WI": 7200, "CONDUIT_HE": 1499, "US_INVERT": 27.649, "DS_INVERT": 27.638, "USER_TEXT2": "Existing", "SHAPE.LEN": 21.851705969100003}}, {"type": "Feature", "id": 29428, "geometry": {"type": "LineString", "coordinates": [[72.89254080902735, 19.081340224732006], [72.8921290928149, 19.081215902518384]]}, "properties": {"OBJECTID": 29428, "US_NODE_ID": "2178112104!", "DS_NODE_ID": "2178112103!", "CONDUIT_LE": 45.5, "SHAPE_1": "OREC", "CONDUIT_WI": 4800, "CONDUIT_HE": 1436, "US_INVERT": 27.699, "DS_INVERT": 27.688000000000002, "USER_TEXT2": "Existing", "SHAPE.LEN": 45.4716704449045}}, {"type": "Feature", "id": 29623, "geometry": {"type": "LineString", "coordinates": [[72.89177337826074, 19.100151340350504], [72.89164017694884, 19.100386799967165]]}, "properties": {"OBJECTID": 29623, "US_NODE_ID": "2178132201", "DS_NODE_ID": "2178131202", "CONDUIT_LE": 29.6, "SHAPE_1": "RECT", "CONDUIT_WI": 4000, "CONDUIT_HE": 1820, "US_INVERT": 34.674, "DS_INVERT": 34.405, "USER_TEXT2": "Existing", "SHAPE.LEN": 29.599856599145898}}, {"type": "Feature", "id": 29619, "geometry": {"type": "LineString", "coordinates": [[72.89205631668, 19.0996712629514], [72.89191671416519, 19.099908351325016]]}, "properties": {"OBJECTID": 29619, "US_NODE_ID": "2178132101", "DS_NODE_ID": "2178132202", "CONDUIT_LE": 30.1, "SHAPE_1": "RECT", "CONDUIT_WI": 3500, "CONDUIT_HE": 1789, "US_INVERT": 35.209, "DS_INVERT": 34.942, "USER_TEXT2": "Existing", "SHAPE.LEN": 30.082083311665798}}, {"type": "Feature", "id": 29595, "geometry": {"type": "LineString", "coordinates": [[72.89134154690463, 19.100851176696864], [72.8911676583216, 19.101047956796364]]}, "properties": {"OBJECTID": 29595, "US_NODE_ID": "2178131304", "DS_NODE_ID": "2178131303", "CONDUIT_LE": 28.5, "SHAPE_1": "RECT", "CONDUIT_WI": 4000, "CONDUIT_HE": 2408, "US_INVERT": 33.871, "DS_INVERT": 33.604, "USER_TEXT2": "Existing", "SHAPE.LEN": 28.4538270974222}}, {"type": "Feature", "id": 29590, "geometry": {"type": "LineString", "coordinates": [[72.89149831235237, 19.100620839643533], [72.89134154690463, 19.100851176696864]]}, "properties": {"OBJECTID": 29590, "US_NODE_ID": "2178131201", "DS_NODE_ID": "2178131304", "CONDUIT_LE": 30.400000000000002, "SHAPE_1": "RECT", "CONDUIT_WI": 4000, "CONDUIT_HE": 2296, "US_INVERT": 34.138, "DS_INVERT": 33.871, "USER_TEXT2": "Existing", "SHAPE.LEN": 30.3742252319298}}, {"type": "Feature", "id": 29628, "geometry": {"type": "LineString", "coordinates": [[72.89201210769647, 19.10188558677136], [72.89191666751067, 19.101918818329622]]}, "properties": {"OBJECTID": 29628, "US_NODE_ID": "2178132404", "DS_NODE_ID": "2178132403", "CONDUIT_LE": 10.700000000000001, "SHAPE_1": "OREC", "CONDUIT_WI": 6774, "CONDUIT_HE": 1919, "US_INVERT": 34.479, "DS_INVERT": 34.462, "USER_TEXT2": "Existing", "SHAPE.LEN": 10.6976632962531}}, {"type": "Feature", "id": 29631, "geometry": {"type": "LineString", "coordinates": [[72.89230755270744, 19.102190663403565], [72.89220823147781, 19.102080229966763]]}, "properties": {"OBJECTID": 29631, "US_NODE_ID": "2178132407", "DS_NODE_ID": "2178132406", "CONDUIT_LE": 16.1, "SHAPE_1": "OREC", "CONDUIT_WI": 2703, "CONDUIT_HE": 2047, "US_INVERT": 34.691, "DS_INVERT": 34.501000000000005, "USER_TEXT2": "Existing", "SHAPE.LEN": 16.0863296000051}}, {"type": "Feature", "id": 29609, "geometry": {"type": "LineString", "coordinates": [[72.89168249713921, 19.103751590521625], [72.89162746422913, 19.103572648400842]]}, "properties": {"OBJECTID": 29609, "US_NODE_ID": "2178131608", "DS_NODE_ID": "2178131607", "CONDUIT_LE": 20.6, "SHAPE_1": "OREC", "CONDUIT_WI": 3000, "CONDUIT_HE": 1203, "US_INVERT": 35.694, "DS_INVERT": 35.477000000000004, "USER_TEXT2": "Existing", "SHAPE.LEN": 20.6411485271532}}, {"type": "Feature", "id": 29639, "geometry": {"type": "LineString", "coordinates": [[72.89230931132565, 19.10407672134163], [72.89204364393271, 19.104135881405856]]}, "properties": {"OBJECTID": 29639, "US_NODE_ID": "2178132606", "DS_NODE_ID": "2178132605", "CONDUIT_LE": 28.7, "SHAPE_1": "OREC", "CONDUIT_WI": 3269, "CONDUIT_HE": 1266, "US_INVERT": 36.032000000000004, "DS_INVERT": 35.973, "USER_TEXT2": "Existing", "SHAPE.LEN": 28.717957860892497}}, {"type": "Feature", "id": 29614, "geometry": {"type": "LineString", "coordinates": [[72.89139448150486, 19.10591167309144], [72.89118276404606, 19.105757541731077]]}, "properties": {"OBJECTID": 29614, "US_NODE_ID": "2178131805", "DS_NODE_ID": "2178131804", "CONDUIT_LE": 28.1, "SHAPE_1": "RECT", "CONDUIT_WI": 3500, "CONDUIT_HE": 1898, "US_INVERT": 35.726, "DS_INVERT": 35.654, "USER_TEXT2": "Existing", "SHAPE.LEN": 28.0664757477671}}, {"type": "Feature", "id": 29641, "geometry": {"type": "LineString", "coordinates": [[72.89192418051279, 19.106199522478036], [72.89166450052758, 19.10607099296313]]}, "properties": {"OBJECTID": 29641, "US_NODE_ID": "2178132901", "DS_NODE_ID": "2178131902", "CONDUIT_LE": 30.8, "SHAPE_1": "OREC", "CONDUIT_WI": 4000, "CONDUIT_HE": 1529, "US_INVERT": 36.075, "DS_INVERT": 35.944, "USER_TEXT2": "Existing", "SHAPE.LEN": 30.8133088129139}}, {"type": "Feature", "id": 29645, "geometry": {"type": "LineString", "coordinates": [[72.8922583569207, 19.10682299592626], [72.89222255126158, 19.10664915718397]]}, "properties": {"OBJECTID": 29645, "US_NODE_ID": "2178132905", "DS_NODE_ID": "2178132904", "CONDUIT_LE": 19.6, "SHAPE_1": "OREC", "CONDUIT_WI": 5500, "CONDUIT_HE": 1861, "US_INVERT": 36.737, "DS_INVERT": 36.596000000000004, "USER_TEXT2": "Existing", "SHAPE.LEN": 19.61224107541}}, {"type": "Feature", "id": 29142, "geometry": {"type": "LineString", "coordinates": [[72.89347632065311, 19.062515862647878], [72.89330508534891, 19.06250308440307]]}, "properties": {"OBJECTID": 29142, "US_NODE_ID": "2178093005", "DS_NODE_ID": "2178093004", "CONDUIT_LE": 18.1, "SHAPE_1": "OREC", "CONDUIT_WI": 4000, "CONDUIT_HE": 2422, "US_INVERT": 26.557000000000002, "DS_INVERT": 26.542, "USER_TEXT2": "Existing", "SHAPE.LEN": 18.082135973662}}, {"type": "Feature", "id": 29461, "geometry": {"type": "LineString", "coordinates": [[72.89394761099084, 19.08500517386067], [72.89324373625391, 19.084704079610802]]}, "properties": {"OBJECTID": 29461, "US_NODE_ID": "2178114501", "DS_NODE_ID": "2178113502", "CONDUIT_LE": 81.2, "SHAPE_1": "OREC", "CONDUIT_WI": 7000, "CONDUIT_HE": 4501, "US_INVERT": 28.307000000000002, "DS_INVERT": 28.226000000000003, "USER_TEXT2": "Existing", "SHAPE.LEN": 81.2442422705757}}, {"type": "Feature", "id": 29649, "geometry": {"type": "LineString", "coordinates": [[72.89303474149659, 19.09810341514711], [72.89287953030302, 19.098292352035998]]}, "properties": {"OBJECTID": 29649, "US_NODE_ID": "2178133003", "DS_NODE_ID": "2178133002", "CONDUIT_LE": 26.5, "SHAPE_1": "RECT", "CONDUIT_WI": 5500, "CONDUIT_HE": 2256, "US_INVERT": 37.522, "DS_INVERT": 36.911, "USER_TEXT2": "Existing", "SHAPE.LEN": 26.5415225851872}}, {"type": "Feature", "id": 29651, "geometry": {"type": "LineString", "coordinates": [[72.89319505472675, 19.102361287543552], [72.89302087999184, 19.102424484391285]]}, "properties": {"OBJECTID": 29651, "US_NODE_ID": "2178133402", "DS_NODE_ID": "2178133401", "CONDUIT_LE": 19.6, "SHAPE_1": "OREC", "CONDUIT_WI": 2500, "CONDUIT_HE": 1659, "US_INVERT": 36.141, "DS_INVERT": 35.909, "USER_TEXT2": "Proposal", "SHAPE.LEN": 19.621680530729297}}, {"type": "Feature", "id": 29663, "geometry": {"type": "LineString", "coordinates": [[72.89350242738993, 19.10489403190213], [72.89333861636881, 19.104897765591428]]}, "properties": {"OBJECTID": 29663, "US_NODE_ID": "2178133707", "DS_NODE_ID": "2178133706", "CONDUIT_LE": 17.2, "SHAPE_1": "RECT", "CONDUIT_WI": 3000, "CONDUIT_HE": 1621, "US_INVERT": 36.898, "DS_INVERT": 36.771, "USER_TEXT2": "Existing", "SHAPE.LEN": 17.245680823325}}, {"type": "Feature", "id": 29704, "geometry": {"type": "LineString", "coordinates": [[72.89243438883457, 19.10743074311838], [72.89233034003912, 19.107210930278587]]}, "properties": {"OBJECTID": 29704, "US_NODE_ID": "2178142003", "DS_NODE_ID": "2178142001", "CONDUIT_LE": 26.7, "SHAPE_1": "OREC", "CONDUIT_WI": 8629, "CONDUIT_HE": 2509, "US_INVERT": 37.237, "DS_INVERT": 37.009, "USER_TEXT2": "Proposal", "SHAPE.LEN": 26.6871165143408}}, {"type": "Feature", "id": 29712, "geometry": {"type": "LineString", "coordinates": [[72.89240370868514, 19.10891730163212], [72.89239264449932, 19.108846275112082]]}, "properties": {"OBJECTID": 29712, "US_NODE_ID": "2178142202", "DS_NODE_ID": "2178142201", "CONDUIT_LE": 7.9, "SHAPE_1": "RECT", "CONDUIT_WI": 3000, "CONDUIT_HE": 1589, "US_INVERT": 38.309000000000005, "DS_INVERT": 38.214, "USER_TEXT2": "Existing", "SHAPE.LEN": 7.94954548700742}}, {"type": "Feature", "id": 29713, "geometry": {"type": "LineString", "coordinates": [[72.89244624063194, 19.109144889951693], [72.89240370868514, 19.10891730163212]]}, "properties": {"OBJECTID": 29713, "US_NODE_ID": "2178142203", "DS_NODE_ID": "2178142202", "CONDUIT_LE": 25.6, "SHAPE_1": "OREC", "CONDUIT_WI": 3000, "CONDUIT_HE": 1549, "US_INVERT": 38.616, "DS_INVERT": 38.309000000000005, "USER_TEXT2": "Existing", "SHAPE.LEN": 25.5922602411354}}, {"type": "Feature", "id": 29724, "geometry": {"type": "LineString", "coordinates": [[72.89283270866942, 19.110165725013413], [72.8927371498914, 19.10990777478135]]}, "properties": {"OBJECTID": 29724, "US_NODE_ID": "2178143302", "DS_NODE_ID": "2178143301", "CONDUIT_LE": 30.3, "SHAPE_1": "OREC", "CONDUIT_WI": 3000, "CONDUIT_HE": 1038, "US_INVERT": 39.497, "DS_INVERT": 39.32, "USER_TEXT2": "Existing", "SHAPE.LEN": 30.2783424794027}}, {"type": "Feature", "id": 29172, "geometry": {"type": "LineString", "coordinates": [[72.89584983845079, 19.062713668601464], [72.89477615299971, 19.061978791212336]]}, "properties": {"OBJECTID": 29172, "US_NODE_ID": "2178095001", "DS_NODE_ID": "2178094001", "CONDUIT_LE": 139.3, "SHAPE_1": "RECT", "CONDUIT_WI": 4000, "CONDUIT_HE": 1500, "US_INVERT": 27.5, "DS_INVERT": 27.417, "USER_TEXT2": "Proposal", "SHAPE.LEN": 139.269522868429}}, {"type": "Feature", "id": 29175, "geometry": {"type": "LineString", "coordinates": [[72.89516505111723, 19.06439661061488], [72.89483698923992, 19.064460954828302]]}, "properties": {"OBJECTID": 29175, "US_NODE_ID": "2178095203", "DS_NODE_ID": "2178094202", "CONDUIT_LE": 35.300000000000004, "SHAPE_1": "OREC", "CONDUIT_WI": 3796, "CONDUIT_HE": 2410, "US_INVERT": 26.729000000000003, "DS_INVERT": 26.711000000000002, "USER_TEXT2": "Existing", "SHAPE.LEN": 35.2631966448024}}, {"type": "Feature", "id": 29171, "geometry": {"type": "LineString", "coordinates": [[72.89491267629582, 19.07020018981097], [72.8950683623094, 19.070435013449163]]}, "properties": {"OBJECTID": 29171, "US_NODE_ID": "2178094901", "DS_NODE_ID": "2178095901", "CONDUIT_LE": 30.7, "SHAPE_1": "OREC", "CONDUIT_WI": 5000, "CONDUIT_HE": 2040, "US_INVERT": 26.073, "DS_INVERT": 26.052, "USER_TEXT2": "Existing", "SHAPE.LEN": 30.733206796558}}, {"type": "Feature", "id": 29261, "geometry": {"type": "LineString", "coordinates": [[72.89403821331896, 19.074370573930292], [72.89469472576272, 19.074893845821116]]}, "properties": {"OBJECTID": 29261, "US_NODE_ID": "2178104301!", "DS_NODE_ID": "2178104401!", "CONDUIT_LE": 90.2, "SHAPE_1": "OREC", "CONDUIT_WI": 15000, "CONDUIT_HE": 2287, "US_INVERT": 26.011000000000003, "DS_INVERT": 26.005000000000003, "USER_TEXT2": "Proposal", "SHAPE.LEN": 90.1800975825598}}, {"type": "Feature", "id": 29263, "geometry": {"type": "LineString", "coordinates": [[72.89469472576272, 19.074893845821116], [72.89515095517567, 19.075253141677592]]}, "properties": {"OBJECTID": 29263, "US_NODE_ID": "2178104401!", "DS_NODE_ID": "2178105401!", "CONDUIT_LE": 62.4, "SHAPE_1": "OREC", "CONDUIT_WI": 15000, "CONDUIT_HE": 2365, "US_INVERT": 26.005000000000003, "DS_INVERT": 26.001, "USER_TEXT2": "Proposal", "SHAPE.LEN": 62.3609653549398}}, {"type": "Feature", "id": 29463, "geometry": {"type": "LineString", "coordinates": [[72.89419668608161, 19.085065053044502], [72.89394761099084, 19.08500517386067]]}, "properties": {"OBJECTID": 29463, "US_NODE_ID": "2178114502", "DS_NODE_ID": "2178114501", "CONDUIT_LE": 27, "SHAPE_1": "OREC", "CONDUIT_WI": 7000, "CONDUIT_HE": 3474, "US_INVERT": 28.334, "DS_INVERT": 28.307000000000002, "USER_TEXT2": "Existing", "SHAPE.LEN": 27.042903939111298}}, {"type": "Feature", "id": 29527, "geometry": {"type": "LineString", "coordinates": [[72.89462767843105, 19.090719406701773], [72.8949069186869, 19.090727114821348]]}, "properties": {"OBJECTID": 29527, "US_NODE_ID": "2178124101", "DS_NODE_ID": "2178125101", "CONDUIT_LE": 29.400000000000002, "SHAPE_1": "RECT", "CONDUIT_WI": 2000, "CONDUIT_HE": 2000, "US_INVERT": 42.7, "DS_INVERT": 42.2, "USER_TEXT2": "Existing", "SHAPE.LEN": 29.4042513932935}}, {"type": "Feature", "id": 29669, "geometry": {"type": "LineString", "coordinates": [[72.893668437401, 19.105265236662706], [72.89356639101638, 19.105016760251353]]}, "properties": {"OBJECTID": 29669, "US_NODE_ID": "2178134801", "DS_NODE_ID": "2178133708", "CONDUIT_LE": 29.5, "SHAPE_1": "RECT", "CONDUIT_WI": 3000, "CONDUIT_HE": 1743, "US_INVERT": 37.402, "DS_INVERT": 37.043, "USER_TEXT2": "Existing", "SHAPE.LEN": 29.5325428478484}}, {"type": "Feature", "id": 29670, "geometry": {"type": "LineString", "coordinates": [[72.89380724229284, 19.105512120259775], [72.893668437401, 19.105265236662706]]}, "properties": {"OBJECTID": 29670, "US_NODE_ID": "2178134802", "DS_NODE_ID": "2178134801", "CONDUIT_LE": 31, "SHAPE_1": "RECT", "CONDUIT_WI": 3000, "CONDUIT_HE": 1650, "US_INVERT": 37.742000000000004, "DS_INVERT": 37.402, "USER_TEXT2": "Existing", "SHAPE.LEN": 30.9930184506124}}, {"type": "Feature", "id": 29183, "geometry": {"type": "LineString", "coordinates": [[72.89537723952812, 19.07087663029638], [72.895557977189, 19.0710837379733]]}, "properties": {"OBJECTID": 29183, "US_NODE_ID": "2178095904", "DS_NODE_ID": "2178105001", "CONDUIT_LE": 29.8, "SHAPE_1": "OREC", "CONDUIT_WI": 4613, "CONDUIT_HE": 1904, "US_INVERT": 26.022000000000002, "DS_INVERT": 26.015, "USER_TEXT2": "Existing", "SHAPE.LEN": 29.7956372645392}}, {"type": "Feature", "id": 29474, "geometry": {"type": "LineString", "coordinates": [[72.89542192272654, 19.085826297525838], [72.8951503781901, 19.085742047444914]]}, "properties": {"OBJECTID": 29474, "US_NODE_ID": "2178115603!", "DS_NODE_ID": "2178115602!", "CONDUIT_LE": 30.1, "SHAPE_1": "OREC", "CONDUIT_WI": 2770, "CONDUIT_HE": 2662, "US_INVERT": 33.844, "DS_INVERT": 33.818000000000005, "USER_TEXT2": "Existing", "SHAPE.LEN": 30.0662252200039}}, {"type": "Feature", "id": 29475, "geometry": {"type": "LineString", "coordinates": [[72.89542192272654, 19.085826297525838], [72.8951503781901, 19.085742047444914]]}, "properties": {"OBJECTID": 29475, "US_NODE_ID": "2178115603", "DS_NODE_ID": "2178115602", "CONDUIT_LE": 30.1, "SHAPE_1": "OREC", "CONDUIT_WI": 2770, "CONDUIT_HE": 2662, "US_INVERT": 33.844, "DS_INVERT": 33.818000000000005, "USER_TEXT2": "Existing", "SHAPE.LEN": 30.0662252200039}}, {"type": "Feature", "id": 29539, "geometry": {"type": "LineString", "coordinates": [[72.89524145801688, 19.08936698940404], [72.89533798866476, 19.089322025269716]]}, "properties": {"OBJECTID": 29539, "US_NODE_ID": "2178125002", "DS_NODE_ID": "2178125003", "CONDUIT_LE": 11.3, "SHAPE_1": "RECT", "CONDUIT_WI": 2000, "CONDUIT_HE": 2000, "US_INVERT": 37.6, "DS_INVERT": 37.300000000000004, "USER_TEXT2": "Existing", "SHAPE.LEN": 11.3145923479372}}, {"type": "Feature", "id": 29548, "geometry": {"type": "LineString", "coordinates": [[72.89510016445162, 19.090622736682512], [72.89538106028891, 19.09049948778429]]}, "properties": {"OBJECTID": 29548, "US_NODE_ID": "2178125102!", "DS_NODE_ID": "2178125103!", "CONDUIT_LE": 32.6, "SHAPE_1": "RECT", "CONDUIT_WI": 2000, "CONDUIT_HE": 2000, "US_INVERT": 42.1, "DS_INVERT": 42.1, "USER_TEXT2": "Existing", "SHAPE.LEN": 32.5631693789164}}, {"type": "Feature", "id": 29549, "geometry": {"type": "LineString", "coordinates": [[72.89510016445162, 19.090622736682512], [72.89538106028891, 19.09049948778429]]}, "properties": {"OBJECTID": 29549, "US_NODE_ID": "2178125102", "DS_NODE_ID": "2178125103", "CONDUIT_LE": 32.6, "SHAPE_1": "RECT", "CONDUIT_WI": 2000, "CONDUIT_HE": 2000, "US_INVERT": 42.1, "DS_INVERT": 42.1, "USER_TEXT2": "Existing", "SHAPE.LEN": 32.5631693789164}}, {"type": "Feature", "id": 29546, "geometry": {"type": "LineString", "coordinates": [[72.8949069186869, 19.090727114821348], [72.89510016445162, 19.090622736682512]]}, "properties": {"OBJECTID": 29546, "US_NODE_ID": "2178125101!", "DS_NODE_ID": "2178125102!", "CONDUIT_LE": 23.400000000000002, "SHAPE_1": "RECT", "CONDUIT_WI": 2000, "CONDUIT_HE": 2000, "US_INVERT": 42.2, "DS_INVERT": 42.1, "USER_TEXT2": "Existing", "SHAPE.LEN": 23.3940163289675}}, {"type": "Feature", "id": 19020, "geometry": {"type": "LineString", "coordinates": [[72.8495072177106, 19.07485359198568], [72.85106016061664, 19.07480576706081]]}, "properties": {"OBJECTID": 19020, "US_NODE_ID": "2173107401", "DS_NODE_ID": "2173108401", "CONDUIT_LE": 163.6, "SHAPE_1": "RECT", "CONDUIT_WI": 3000, "CONDUIT_HE": 3000, "US_INVERT": 24.6, "DS_INVERT": 24.478, "USER_TEXT2": "Existing", "SHAPE.LEN": 163.56298481013403}}, {"type": "Feature", "id": 19222, "geometry": {"type": "LineString", "coordinates": [[72.84960135156305, 19.09046393679112], [72.84917299970306, 19.090458935119784]]}, "properties": {"OBJECTID": 19222, "US_NODE_ID": "2173127202", "DS_NODE_ID": "2173127201", "CONDUIT_LE": 45.1, "SHAPE_1": "RECT", "CONDUIT_WI": 3000, "CONDUIT_HE": 2093, "US_INVERT": 27.94, "DS_INVERT": 27.825000000000003, "USER_TEXT2": "Existing", "SHAPE.LEN": 45.0915}}, {"type": "Feature", "id": 19308, "geometry": {"type": "LineString", "coordinates": [[72.84964252372707, 19.112841593918233], [72.84926175201363, 19.112894048549744]]}, "properties": {"OBJECTID": 19308, "US_NODE_ID": "2173147702", "DS_NODE_ID": "2173147701", "CONDUIT_LE": 40.5, "SHAPE_1": "OREC", "CONDUIT_WI": 4500, "CONDUIT_HE": 2528, "US_INVERT": 34.07, "DS_INVERT": 33.847, "USER_TEXT2": "Existing", "SHAPE.LEN": 40.4930858295586}}, {"type": "Feature", "id": 18907, "geometry": {"type": "LineString", "coordinates": [[72.85123902231886, 19.06968205800039], [72.85136515240701, 19.069438863325768]]}, "properties": {"OBJECTID": 18907, "US_NODE_ID": "2173098903", "DS_NODE_ID": "2173099801", "CONDUIT_LE": 30, "SHAPE_1": "OREC", "CONDUIT_WI": 60000, "CONDUIT_HE": 5126, "US_INVERT": 23.482000000000003, "DS_INVERT": 23.471, "USER_TEXT2": "Existing", "SHAPE.LEN": 30.0220745554001}}, {"type": "Feature", "id": 18913, "geometry": {"type": "LineString", "coordinates": [[72.85148967535841, 19.069194956094897], [72.85161445144605, 19.068950983948174]]}, "properties": {"OBJECTID": 18913, "US_NODE_ID": "2173099802", "DS_NODE_ID": "2173099803", "CONDUIT_LE": 30, "SHAPE_1": "OREC", "CONDUIT_WI": 60000, "CONDUIT_HE": 4799, "US_INVERT": 23.459, "DS_INVERT": 23.448, "USER_TEXT2": "Existing", "SHAPE.LEN": 30.0367062390336}}, {"type": "Feature", "id": 18914, "geometry": {"type": "LineString", "coordinates": [[72.85161445144605, 19.068950983948174], [72.85174012380449, 19.06870856850279]]}, "properties": {"OBJECTID": 18914, "US_NODE_ID": "2173099803", "DS_NODE_ID": "2173099804", "CONDUIT_LE": 29.900000000000002, "SHAPE_1": "OREC", "CONDUIT_WI": 60000, "CONDUIT_HE": 4322, "US_INVERT": 23.448, "DS_INVERT": 23.436, "USER_TEXT2": "Existing", "SHAPE.LEN": 29.9234022129837}}, {"type": "Feature", "id": 18906, "geometry": {"type": "LineString", "coordinates": [[72.85111442208196, 19.069926445523336], [72.85123902231886, 19.06968205800039]]}, "properties": {"OBJECTID": 18906, "US_NODE_ID": "2173098902", "DS_NODE_ID": "2173098903", "CONDUIT_LE": 30.1, "SHAPE_1": "OREC", "CONDUIT_WI": 60000, "CONDUIT_HE": 5126, "US_INVERT": 23.494, "DS_INVERT": 23.482000000000003, "USER_TEXT2": "Existing", "SHAPE.LEN": 30.069975315753098}}, {"type": "Feature", "id": 19232, "geometry": {"type": "LineString", "coordinates": [[72.85071709918374, 19.092632870899976], [72.85051914034852, 19.092438850691778]]}, "properties": {"OBJECTID": 19232, "US_NODE_ID": "2173128403", "DS_NODE_ID": "2173128402", "CONDUIT_LE": 29.900000000000002, "SHAPE_1": "OREC", "CONDUIT_WI": 3200, "CONDUIT_HE": 2526, "US_INVERT": 28.558, "DS_INVERT": 28.473000000000003, "USER_TEXT2": "Existing", "SHAPE.LEN": 29.927153083780002}}, {"type": "Feature", "id": 19234, "geometry": {"type": "LineString", "coordinates": [[72.85077170702043, 19.093398264683636], [72.85090590198362, 19.093234049783693]]}, "properties": {"OBJECTID": 19234, "US_NODE_ID": "2173128501", "DS_NODE_ID": "2173128503", "CONDUIT_LE": 23, "SHAPE_1": "RECT", "CONDUIT_WI": 9000, "CONDUIT_HE": 2225, "US_INVERT": 28.913, "DS_INVERT": 28.814, "USER_TEXT2": "Existing", "SHAPE.LEN": 23.0236952796461}}, {"type": "Feature", "id": 19245, "geometry": {"type": "LineString", "coordinates": [[72.85146296294856, 19.093982799067017], [72.85126648758596, 19.09378525691989]]}, "properties": {"OBJECTID": 19245, "US_NODE_ID": "2173129601", "DS_NODE_ID": "2173129505", "CONDUIT_LE": 30.1, "SHAPE_1": "RECT", "CONDUIT_WI": 3000, "CONDUIT_HE": 2028, "US_INVERT": 29.2, "DS_INVERT": 29.1, "USER_TEXT2": "Existing", "SHAPE.LEN": 30.1006558023243}}, {"type": "Feature", "id": 19316, "geometry": {"type": "LineString", "coordinates": [[72.85044893652568, 19.113014505565534], [72.8503567777181, 19.11301342890278]]}, "properties": {"OBJECTID": 19316, "US_NODE_ID": "2173148708", "DS_NODE_ID": "2173148707", "CONDUIT_LE": 9.700000000000001, "SHAPE_1": "OREC", "CONDUIT_WI": 4500, "CONDUIT_HE": 2863, "US_INVERT": 34.635000000000005, "DS_INVERT": 34.582, "USER_TEXT2": "Existing", "SHAPE.LEN": 9.700000000000001}}, {"type": "Feature", "id": 22408, "geometry": {"type": "LineString", "coordinates": [[72.85244139001054, 19.060582886169698], [72.85254721999881, 19.060847870385377]]}, "properties": {"OBJECTID": 22408, "US_NODE_ID": "2174080901", "DS_NODE_ID": "2174080902", "CONDUIT_LE": 31.400000000000002, "SHAPE_1": "RECT", "CONDUIT_WI": 5000, "CONDUIT_HE": 2500, "US_INVERT": 24.672, "DS_INVERT": 24.622, "USER_TEXT2": "Proposal", "SHAPE.LEN": 31.382957158304897}}, {"type": "Feature", "id": 22410, "geometry": {"type": "LineString", "coordinates": [[72.85261713641559, 19.061024820178513], [72.85292991401748, 19.061153111721584]]}, "properties": {"OBJECTID": 22410, "US_NODE_ID": "2174080903", "DS_NODE_ID": "2174080904", "CONDUIT_LE": 35.9, "SHAPE_1": "RECT", "CONDUIT_WI": 5000, "CONDUIT_HE": 2500, "US_INVERT": 24.589000000000002, "DS_INVERT": 24.533, "USER_TEXT2": "Proposal", "SHAPE.LEN": 35.8615392865393}}, {"type": "Feature", "id": 22429, "geometry": {"type": "LineString", "coordinates": [[72.85269715849574, 19.06705501075509], [72.85283229101647, 19.066815414216215]]}, "properties": {"OBJECTID": 22429, "US_NODE_ID": "2174090605", "DS_NODE_ID": "2174090606", "CONDUIT_LE": 30.1, "SHAPE_1": "OREC", "CONDUIT_WI": 60000, "CONDUIT_HE": 5114, "US_INVERT": 23.356, "DS_INVERT": 23.344, "USER_TEXT2": "Existing", "SHAPE.LEN": 30.1014949794857}}, {"type": "Feature", "id": 18911, "geometry": {"type": "LineString", "coordinates": [[72.85223716847405, 19.067734323438714], [72.85232488774713, 19.06756191950658]]}, "properties": {"OBJECTID": 18911, "US_NODE_ID": "2173099704", "DS_NODE_ID": "2174090601", "CONDUIT_LE": 21.2, "SHAPE_1": "OREC", "CONDUIT_WI": 60000, "CONDUIT_HE": 5208, "US_INVERT": 23.39, "DS_INVERT": 23.382, "USER_TEXT2": "Existing", "SHAPE.LEN": 21.204716456486796}}, {"type": "Feature", "id": 22425, "geometry": {"type": "LineString", "coordinates": [[72.85232488774713, 19.06756191950658], [72.85237415539659, 19.067498361995618]]}, "properties": {"OBJECTID": 22425, "US_NODE_ID": "2174090601", "DS_NODE_ID": "2174090602", "CONDUIT_LE": 8.700000000000001, "SHAPE_1": "RECT", "CONDUIT_WI": 60000, "CONDUIT_HE": 5000, "US_INVERT": 23.382, "DS_INVERT": 23.379, "USER_TEXT2": "Existing", "SHAPE.LEN": 8.741853350405739}}, {"type": "Feature", "id": 22432, "geometry": {"type": "LineString", "coordinates": [[72.85270569570056, 19.070079222567255], [72.85282286124949, 19.069907161484714]]}, "properties": {"OBJECTID": 22432, "US_NODE_ID": "2174090902", "DS_NODE_ID": "2174090903", "CONDUIT_LE": 22.7, "SHAPE_1": "OREC", "CONDUIT_WI": 3000, "CONDUIT_HE": 1764, "US_INVERT": 25.736, "DS_INVERT": 25.707, "USER_TEXT2": "Proposal", "SHAPE.LEN": 22.6947130407062}}, {"type": "Feature", "id": 22435, "geometry": {"type": "LineString", "coordinates": [[72.85364239887761, 19.061445932233102], [72.8539598923398, 19.061576986824182]]}, "properties": {"OBJECTID": 22435, "US_NODE_ID": "2174091001", "DS_NODE_ID": "2174091002", "CONDUIT_LE": 36.4, "SHAPE_1": "RECT", "CONDUIT_WI": 5000, "CONDUIT_HE": 2500, "US_INVERT": 24.404, "DS_INVERT": 24.346, "USER_TEXT2": "Proposal", "SHAPE.LEN": 36.4385784574536}}, {"type": "Feature", "id": 22458, "geometry": {"type": "LineString", "coordinates": [[72.85435111249332, 19.067124848626907], [72.85345780607105, 19.067593178300587]]}, "properties": {"OBJECTID": 22458, "US_NODE_ID": "2174092602", "DS_NODE_ID": "2174091601", "CONDUIT_LE": 107.4, "SHAPE_1": "OREC", "CONDUIT_WI": 1500, "CONDUIT_HE": 2000, "US_INVERT": 25.064, "DS_INVERT": 24.900000000000002, "USER_TEXT2": "Proposal", "SHAPE.LEN": 107.38975742593}}, {"type": "Feature", "id": 22498, "geometry": {"type": "LineString", "coordinates": [[72.85350341028432, 19.07504198721544], [72.8535352532347, 19.074856286662026]]}, "properties": {"OBJECTID": 22498, "US_NODE_ID": "2174101501", "DS_NODE_ID": "2174101404", "CONDUIT_LE": 20.8, "SHAPE_1": "RECT", "CONDUIT_WI": 2000, "CONDUIT_HE": 2000, "US_INVERT": 24.777, "DS_INVERT": 24.726000000000003, "USER_TEXT2": "Existing", "SHAPE.LEN": 20.8319466205153}}, {"type": "Feature", "id": 22504, "geometry": {"type": "LineString", "coordinates": [[72.85372850054135, 19.07600567638766], [72.85366313828226, 19.075696000550984]]}, "properties": {"OBJECTID": 22504, "US_NODE_ID": "2174101604", "DS_NODE_ID": "2174101502", "CONDUIT_LE": 35, "SHAPE_1": "RECT", "CONDUIT_WI": 1500, "CONDUIT_HE": 1500, "US_INVERT": 25.297, "DS_INVERT": 25.073, "USER_TEXT2": "Existing", "SHAPE.LEN": 34.9704160684428}}, {"type": "Feature", "id": 22448, "geometry": {"type": "LineString", "coordinates": [[72.85490431616216, 19.06392561364134], [72.85503000263061, 19.06368138873781]]}, "properties": {"OBJECTID": 22448, "US_NODE_ID": "2174092201", "DS_NODE_ID": "2174092202", "CONDUIT_LE": 30.1, "SHAPE_1": "OREC", "CONDUIT_WI": 60000, "CONDUIT_HE": 5103, "US_INVERT": 23.195, "DS_INVERT": 23.184, "USER_TEXT2": "Existing", "SHAPE.LEN": 30.1039864469807}}, {"type": "Feature", "id": 22452, "geometry": {"type": "LineString", "coordinates": [[72.85451312333346, 19.064649090560383], [72.85464808077744, 19.064408920246137]]}, "properties": {"OBJECTID": 22452, "US_NODE_ID": "2174092302", "DS_NODE_ID": "2174092303", "CONDUIT_LE": 30.1, "SHAPE_1": "OREC", "CONDUIT_WI": 60000, "CONDUIT_HE": 5490, "US_INVERT": 23.23, "DS_INVERT": 23.218, "USER_TEXT2": "Existing", "SHAPE.LEN": 30.1488641792688}}, {"type": "Feature", "id": 22465, "geometry": {"type": "LineString", "coordinates": [[72.85550102794858, 19.066425554409733], [72.85480499712153, 19.066771535744525]]}, "properties": {"OBJECTID": 22465, "US_NODE_ID": "2174093501", "DS_NODE_ID": "2174092501", "CONDUIT_LE": 82.7, "SHAPE_1": "OREC", "CONDUIT_WI": 1500, "CONDUIT_HE": 2000, "US_INVERT": 25.264000000000003, "DS_INVERT": 25.158, "USER_TEXT2": "Existing", "SHAPE.LEN": 82.68300913730701}}, {"type": "Feature", "id": 22509, "geometry": {"type": "LineString", "coordinates": [[72.85449835912021, 19.07686460739635], [72.85415398055733, 19.076827177308957]]}, "properties": {"OBJECTID": 22509, "US_NODE_ID": "2174102702", "DS_NODE_ID": "2174102701", "CONDUIT_LE": 36.5, "SHAPE_1": "RECT", "CONDUIT_WI": 1500, "CONDUIT_HE": 1500, "US_INVERT": 26.483, "DS_INVERT": 26.249000000000002, "USER_TEXT2": "Existing", "SHAPE.LEN": 36.4880802454719}}, {"type": "Feature", "id": 22513, "geometry": {"type": "LineString", "coordinates": [[72.85492823696246, 19.077418793318706], [72.85488123826576, 19.07723217477296]]}, "properties": {"OBJECTID": 22513, "US_NODE_ID": "2174102706", "DS_NODE_ID": "2174102705", "CONDUIT_LE": 21.2, "SHAPE_1": "RECT", "CONDUIT_WI": 1500, "CONDUIT_HE": 1500, "US_INVERT": 27, "DS_INVERT": 26.864, "USER_TEXT2": "Existing", "SHAPE.LEN": 21.246176126541002}}, {"type": "Feature", "id": 22577, "geometry": {"type": "LineString", "coordinates": [[72.85385935096771, 19.099454893250577], [72.85376572038423, 19.0991973860116]]}, "properties": {"OBJECTID": 22577, "US_NODE_ID": "2174132201", "DS_NODE_ID": "2174132101", "CONDUIT_LE": 30.2, "SHAPE_1": "RECT", "CONDUIT_WI": 3000, "CONDUIT_HE": 2258, "US_INVERT": 32.4, "DS_INVERT": 32.25, "USER_TEXT2": "Existing", "SHAPE.LEN": 30.1660471532151}}, {"type": "Feature", "id": 22587, "geometry": {"type": "LineString", "coordinates": [[72.85440902754166, 19.101268956656043], [72.85437489744886, 19.1010009336362]]}, "properties": {"OBJECTID": 22587, "US_NODE_ID": "2174132402", "DS_NODE_ID": "2174132304", "CONDUIT_LE": 29.900000000000002, "SHAPE_1": "RECT", "CONDUIT_WI": 3000, "CONDUIT_HE": 2159, "US_INVERT": 33.711, "DS_INVERT": 33.541000000000004, "USER_TEXT2": "Existing", "SHAPE.LEN": 29.8918060486482}}, {"type": "Feature", "id": 22593, "geometry": {"type": "LineString", "coordinates": [[72.85398851491713, 19.10366770366454], [72.85405170120755, 19.103404310775655]]}, "properties": {"OBJECTID": 22593, "US_NODE_ID": "2174132601", "DS_NODE_ID": "2174132602", "CONDUIT_LE": 29.900000000000002, "SHAPE_1": "RECT", "CONDUIT_WI": 3000, "CONDUIT_HE": 2110, "US_INVERT": 35.248000000000005, "DS_INVERT": 35.078, "USER_TEXT2": "Existing", "SHAPE.LEN": 29.9112312501508}}, {"type": "Feature", "id": 22463, "geometry": {"type": "LineString", "coordinates": [[72.85558074328667, 19.062739369934572], [72.85572528447203, 19.062506202752374]]}, "properties": {"OBJECTID": 22463, "US_NODE_ID": "2174093103", "DS_NODE_ID": "2174093104", "CONDUIT_LE": 30, "SHAPE_1": "OREC", "CONDUIT_WI": 62000, "CONDUIT_HE": 4982, "US_INVERT": 23.138, "DS_INVERT": 23.126, "USER_TEXT2": "Existing", "SHAPE.LEN": 29.966814979240002}}, {"type": "Feature", "id": 22470, "geometry": {"type": "LineString", "coordinates": [[72.85682043467757, 19.0652513001683], [72.85623235832924, 19.065846035943068]]}, "properties": {"OBJECTID": 22470, "US_NODE_ID": "2174094403", "DS_NODE_ID": "2174094401", "CONDUIT_LE": 90.4, "SHAPE_1": "OREC", "CONDUIT_WI": 1500, "CONDUIT_HE": 2000, "US_INVERT": 25.508000000000003, "DS_INVERT": 25.392, "USER_TEXT2": "Existing", "SHAPE.LEN": 90.3812480551137}}, {"type": "Feature", "id": 22519, "geometry": {"type": "LineString", "coordinates": [[72.8567851829101, 19.070726460609677], [72.85612005604962, 19.070662724366887]]}, "properties": {"OBJECTID": 22519, "US_NODE_ID": "2174104002", "DS_NODE_ID": "2174104001", "CONDUIT_LE": 70.4, "SHAPE_1": "RECT", "CONDUIT_WI": 3000, "CONDUIT_HE": 1500, "US_INVERT": 26.471, "DS_INVERT": 26.323, "USER_TEXT2": "Proposal", "SHAPE.LEN": 70.3736456352803}}, {"type": "Feature", "id": 22471, "geometry": {"type": "LineString", "coordinates": [[72.85682043467757, 19.0652513001683], [72.85671735918143, 19.0651408074323]]}, "properties": {"OBJECTID": 22471, "US_NODE_ID": "2174094403", "DS_NODE_ID": "2174094402", "CONDUIT_LE": 16.4, "SHAPE_1": "OREC", "CONDUIT_WI": 1500, "CONDUIT_HE": 2000, "US_INVERT": 25.508000000000003, "DS_INVERT": 25.487000000000002, "USER_TEXT2": "Existing", "SHAPE.LEN": 16.3526756220504}}, {"type": "Feature", "id": 22534, "geometry": {"type": "LineString", "coordinates": [[72.85726914276519, 19.07638288793336], [72.85706346069226, 19.075976738900955]]}, "properties": {"OBJECTID": 22534, "US_NODE_ID": "2174105603", "DS_NODE_ID": "2174105602", "CONDUIT_LE": 49.9, "SHAPE_1": "RECT", "CONDUIT_WI": 1500, "CONDUIT_HE": 1500, "US_INVERT": 25.621000000000002, "DS_INVERT": 25.131, "USER_TEXT2": "Existing", "SHAPE.LEN": 49.9092175855322}}, {"type": "Feature", "id": 22523, "geometry": {"type": "LineString", "coordinates": [[72.85651894994719, 19.07761253439869], [72.85683612969513, 19.077401247283476]]}, "properties": {"OBJECTID": 22523, "US_NODE_ID": "2174104701", "DS_NODE_ID": "2174104702", "CONDUIT_LE": 40.800000000000004, "SHAPE_1": "RECT", "CONDUIT_WI": 2000, "CONDUIT_HE": 1500, "US_INVERT": 26.888, "DS_INVERT": 26.607000000000003, "USER_TEXT2": "Existing", "SHAPE.LEN": 40.76824744822859}}, {"type": "Feature", "id": 22530, "geometry": {"type": "LineString", "coordinates": [[72.85686314875905, 19.07877180769889], [72.8565492843133, 19.078577569294634]]}, "properties": {"OBJECTID": 22530, "US_NODE_ID": "2174104903", "DS_NODE_ID": "2174104901", "CONDUIT_LE": 39.4, "SHAPE_1": "RECT", "CONDUIT_WI": 2000, "CONDUIT_HE": 1500, "US_INVERT": 28.586000000000002, "DS_INVERT": 28.296000000000003, "USER_TEXT2": "Existing", "SHAPE.LEN": 39.422075034173396}}, {"type": "Feature", "id": 22616, "geometry": {"type": "LineString", "coordinates": [[72.86058497308976, 19.110662225586825], [72.86070364602142, 19.110522696757883]]}, "properties": {"OBJECTID": 22616, "US_NODE_ID": "2174149402", "DS_NODE_ID": "2174149404", "CONDUIT_LE": 19.900000000000002, "SHAPE_1": "OREC", "CONDUIT_WI": 3000, "CONDUIT_HE": 2258, "US_INVERT": 42.132000000000005, "DS_INVERT": 41.800000000000004, "USER_TEXT2": "Existing", "SHAPE.LEN": 19.865799757372}}, {"type": "Feature", "id": 24905, "geometry": {"type": "LineString", "coordinates": [[72.86288255825919, 19.075056731838266], [72.86311325461912, 19.07492804414195]]}, "properties": {"OBJECTID": 24905, "US_NODE_ID": "2175101504", "DS_NODE_ID": "2175101401", "CONDUIT_LE": 28.2, "SHAPE_1": "RECT", "CONDUIT_WI": 4000, "CONDUIT_HE": 1500, "US_INVERT": 27.334, "DS_INVERT": 27.28, "USER_TEXT2": "Proposal", "SHAPE.LEN": 28.1561671372366}}, {"type": "Feature", "id": 24907, "geometry": {"type": "LineString", "coordinates": [[72.8628345954759, 19.07609506602522], [72.86282806651984, 19.07608287393869]]}, "properties": {"OBJECTID": 24907, "US_NODE_ID": "2175101602", "DS_NODE_ID": "2175101601", "CONDUIT_LE": 1.5, "SHAPE_1": "RECT", "CONDUIT_WI": 2000, "CONDUIT_HE": 1209, "US_INVERT": 29.592000000000002, "DS_INVERT": 29.503, "USER_TEXT2": "Existing", "SHAPE.LEN": 1.5147764356498299}}, {"type": "Feature", "id": 25047, "geometry": {"type": "LineString", "coordinates": [[72.86246901671443, 19.102623421309993], [72.86250308038812, 19.1025605885686]]}, "properties": {"OBJECTID": 25047, "US_NODE_ID": "2175131502", "DS_NODE_ID": "2175131503", "CONDUIT_LE": 7.8, "SHAPE_1": "OREC", "CONDUIT_WI": 1735, "CONDUIT_HE": 1932, "US_INVERT": 35.986000000000004, "DS_INVERT": 35.97, "USER_TEXT2": "Existing", "SHAPE.LEN": 7.82623792124926}}, {"type": "Feature", "id": 25029, "geometry": {"type": "LineString", "coordinates": [[72.8617724360363, 19.103739891061853], [72.86179470499366, 19.103707632354645]]}, "properties": {"OBJECTID": 25029, "US_NODE_ID": "2175130602", "DS_NODE_ID": "2175130603", "CONDUIT_LE": 4.3, "SHAPE_1": "RECT", "CONDUIT_WI": 2200, "CONDUIT_HE": 2076, "US_INVERT": 36.562000000000005, "DS_INVERT": 36.5, "USER_TEXT2": "Existing", "SHAPE.LEN": 4.27200187265877}}, {"type": "Feature", "id": 25056, "geometry": {"type": "LineString", "coordinates": [[72.8623350981709, 19.10358022611713], [72.86248064537179, 19.10334526190753]]}, "properties": {"OBJECTID": 25056, "US_NODE_ID": "2175131601", "DS_NODE_ID": "2175131602", "CONDUIT_LE": 30.2, "SHAPE_1": "OREC", "CONDUIT_WI": 1956, "CONDUIT_HE": 2253, "US_INVERT": 36.485, "DS_INVERT": 36.386, "USER_TEXT2": "Existing", "SHAPE.LEN": 30.1900645908551}}, {"type": "Feature", "id": 24921, "geometry": {"type": "LineString", "coordinates": [[72.86362768944343, 19.07444323284197], [72.86387292899248, 19.074298037471994]]}, "properties": {"OBJECTID": 24921, "US_NODE_ID": "2175102401", "DS_NODE_ID": "2175102402", "CONDUIT_LE": 30.400000000000002, "SHAPE_1": "RECT", "CONDUIT_WI": 4000, "CONDUIT_HE": 1500, "US_INVERT": 27.114, "DS_INVERT": 27.056, "USER_TEXT2": "Proposal", "SHAPE.LEN": 30.4121365227766}}, {"type": "Feature", "id": 24910, "geometry": {"type": "LineString", "coordinates": [[72.86312026246054, 19.0766462963009], [72.86298772127728, 19.076407536272544]]}, "properties": {"OBJECTID": 24910, "US_NODE_ID": "2175101605", "DS_NODE_ID": "2175101604", "CONDUIT_LE": 29.900000000000002, "SHAPE_1": "OREC", "CONDUIT_WI": 2585, "CONDUIT_HE": 632, "US_INVERT": 29.888, "DS_INVERT": 29.787000000000003, "USER_TEXT2": "Existing", "SHAPE.LEN": 29.891061763845098}}, {"type": "Feature", "id": 24923, "geometry": {"type": "LineString", "coordinates": [[72.86355909069091, 19.077475885746406], [72.86350159579358, 19.07736458837672]]}, "properties": {"OBJECTID": 24923, "US_NODE_ID": "2175102701", "DS_NODE_ID": "2175101703", "CONDUIT_LE": 13.700000000000001, "SHAPE_1": "RECT", "CONDUIT_WI": 2000, "CONDUIT_HE": 2308, "US_INVERT": 30.452, "DS_INVERT": 30.397000000000002, "USER_TEXT2": "Existing", "SHAPE.LEN": 13.728696180628399}}, {"type": "Feature", "id": 25068, "geometry": {"type": "LineString", "coordinates": [[72.863393729426, 19.10105525527755], [72.86350168798029, 19.10086140367567]]}, "properties": {"OBJECTID": 25068, "US_NODE_ID": "2175132302", "DS_NODE_ID": "2175132303", "CONDUIT_LE": 24.3, "SHAPE_1": "RECT", "CONDUIT_WI": 2600, "CONDUIT_HE": 1727, "US_INVERT": 35.521, "DS_INVERT": 35.476, "USER_TEXT2": "Existing", "SHAPE.LEN": 24.2851806664064}}, {"type": "Feature", "id": 25070, "geometry": {"type": "LineString", "coordinates": [[72.86354827519501, 19.100785167077234], [72.86363580730355, 19.100628112048124]]}, "properties": {"OBJECTID": 25070, "US_NODE_ID": "2175132304", "DS_NODE_ID": "2175132305", "CONDUIT_LE": 19.7, "SHAPE_1": "OREC", "CONDUIT_WI": 2302, "CONDUIT_HE": 1731, "US_INVERT": 35.457, "DS_INVERT": 35.421, "USER_TEXT2": "Existing", "SHAPE.LEN": 19.6786686541544}}, {"type": "Feature", "id": 25071, "geometry": {"type": "LineString", "coordinates": [[72.86363580730355, 19.100628112048124], [72.86377567277243, 19.10039127391318]]}, "properties": {"OBJECTID": 25071, "US_NODE_ID": "2175132305", "DS_NODE_ID": "2175132307", "CONDUIT_LE": 30.1, "SHAPE_1": "OREC", "CONDUIT_WI": 3094, "CONDUIT_HE": 1567, "US_INVERT": 35.421, "DS_INVERT": 35.365, "USER_TEXT2": "Existing", "SHAPE.LEN": 30.071913806740003}}, {"type": "Feature", "id": 25050, "geometry": {"type": "LineString", "coordinates": [[72.86266532231076, 19.102283364665862], [72.86280517912698, 19.102047430704783]]}, "properties": {"OBJECTID": 25050, "US_NODE_ID": "2175131505", "DS_NODE_ID": "2175131401", "CONDUIT_LE": 30, "SHAPE_1": "OREC", "CONDUIT_WI": 1617, "CONDUIT_HE": 1929, "US_INVERT": 35.899, "DS_INVERT": 35.839, "USER_TEXT2": "Existing", "SHAPE.LEN": 29.984162486219297}}, {"type": "Feature", "id": 25080, "geometry": {"type": "LineString", "coordinates": [[72.8635758636702, 19.101448481328017], [72.86372234546691, 19.10121442988563]]}, "properties": {"OBJECTID": 25080, "US_NODE_ID": "2175132404", "DS_NODE_ID": "2175132306", "CONDUIT_LE": 30.2, "SHAPE_1": "OREC", "CONDUIT_WI": 1791, "CONDUIT_HE": 1842, "US_INVERT": 35.886, "DS_INVERT": 35.779, "USER_TEXT2": "Existing", "SHAPE.LEN": 30.1532751123323}}, {"type": "Feature", "id": 25053, "geometry": {"type": "LineString", "coordinates": [[72.86304802366179, 19.10237452069965], [72.86308794970721, 19.102299110218606]]}, "properties": {"OBJECTID": 25053, "US_NODE_ID": "2175131508", "DS_NODE_ID": "2175131509", "CONDUIT_LE": 9.3, "SHAPE_1": "RECT", "CONDUIT_WI": 2800, "CONDUIT_HE": 1929, "US_INVERT": 36.099000000000004, "DS_INVERT": 36.088, "USER_TEXT2": "Existing", "SHAPE.LEN": 9.34719209174606}}, {"type": "Feature", "id": 25165, "geometry": {"type": "LineString", "coordinates": [[72.86297023765354, 19.109316081944336], [72.86318282447314, 19.10926254829807]]}, "properties": {"OBJECTID": 25165, "US_NODE_ID": "2175141201", "DS_NODE_ID": "2175142201", "CONDUIT_LE": 23.1, "SHAPE_1": "OREC", "CONDUIT_WI": 3000, "CONDUIT_HE": 1990, "US_INVERT": 38.9, "DS_INVERT": 38.6, "USER_TEXT2": "Existing", "SHAPE.LEN": 23.145841959194296}}, {"type": "Feature", "id": 25167, "geometry": {"type": "LineString", "coordinates": [[72.86318282447314, 19.10926254829807], [72.86346745459839, 19.10922249646002]]}, "properties": {"OBJECTID": 25167, "US_NODE_ID": "2175142201", "DS_NODE_ID": "2175142202", "CONDUIT_LE": 30.3, "SHAPE_1": "OREC", "CONDUIT_WI": 3000, "CONDUIT_HE": 1990, "US_INVERT": 38.6, "DS_INVERT": 38.4, "USER_TEXT2": "Existing", "SHAPE.LEN": 30.2828334209334}}, {"type": "Feature", "id": 24930, "geometry": {"type": "LineString", "coordinates": [[72.86482229919874, 19.07197558634437], [72.86509973389086, 19.071973698971135]]}, "properties": {"OBJECTID": 24930, "US_NODE_ID": "2175103102", "DS_NODE_ID": "2175103105", "CONDUIT_LE": 29.2, "SHAPE_1": "OREC", "CONDUIT_WI": 4000, "CONDUIT_HE": 1500, "US_INVERT": 26.502000000000002, "DS_INVERT": 26.446, "USER_TEXT2": "Proposal", "SHAPE.LEN": 29.2063596995586}}, {"type": "Feature", "id": 25060, "geometry": {"type": "LineString", "coordinates": [[72.86400179076422, 19.09920881776232], [72.86394789538814, 19.099114253228294]]}, "properties": {"OBJECTID": 25060, "US_NODE_ID": "2175132102", "DS_NODE_ID": "2175132101", "CONDUIT_LE": 11.9, "SHAPE_1": "OREC", "CONDUIT_WI": 4433, "CONDUIT_HE": 2111, "US_INVERT": 35.087, "DS_INVERT": 35.065000000000005, "USER_TEXT2": "Existing", "SHAPE.LEN": 11.9079805172834}}, {"type": "Feature", "id": 25089, "geometry": {"type": "LineString", "coordinates": [[72.86420535874761, 19.09956074181782], [72.86414415281679, 19.09944351096475]]}, "properties": {"OBJECTID": 25089, "US_NODE_ID": "2175133201", "DS_NODE_ID": "2175132203", "CONDUIT_LE": 14.5, "SHAPE_1": "OREC", "CONDUIT_WI": 4101, "CONDUIT_HE": 2028, "US_INVERT": 35.17, "DS_INVERT": 35.143, "USER_TEXT2": "Existing", "SHAPE.LEN": 14.490341610880002}}, {"type": "Feature", "id": 25096, "geometry": {"type": "LineString", "coordinates": [[72.86462924232245, 19.099626177249288], [72.86473979386219, 19.099378159022116]]}, "properties": {"OBJECTID": 25096, "US_NODE_ID": "2175133208", "DS_NODE_ID": "2175133104", "CONDUIT_LE": 29.8, "SHAPE_1": "OREC", "CONDUIT_WI": 2304, "CONDUIT_HE": 2002, "US_INVERT": 35.036, "DS_INVERT": 34.776, "USER_TEXT2": "Existing", "SHAPE.LEN": 29.823648334836598}}, {"type": "Feature", "id": 25174, "geometry": {"type": "LineString", "coordinates": [[72.86460882744082, 19.107063522598537], [72.86486269347103, 19.106940650723455]]}, "properties": {"OBJECTID": 25174, "US_NODE_ID": "2175143004", "DS_NODE_ID": "2175143006", "CONDUIT_LE": 30, "SHAPE_1": "RECT", "CONDUIT_WI": 3000, "CONDUIT_HE": 3021, "US_INVERT": 36.289, "DS_INVERT": 36.199000000000005, "USER_TEXT2": "Existing", "SHAPE.LEN": 29.9828768374551}}, {"type": "Feature", "id": 25185, "geometry": {"type": "LineString", "coordinates": [[72.86429466373961, 19.108650604745563], [72.86433891398585, 19.10859824856113]]}, "properties": {"OBJECTID": 25185, "US_NODE_ID": "2175143203", "DS_NODE_ID": "2175143204", "CONDUIT_LE": 7.4, "SHAPE_1": "RECT", "CONDUIT_WI": 3000, "CONDUIT_HE": 2745, "US_INVERT": 36.978, "DS_INVERT": 36.955, "USER_TEXT2": "Existing", "SHAPE.LEN": 7.435876777488989}}, {"type": "Feature", "id": 25178, "geometry": {"type": "LineString", "coordinates": [[72.8647101726076, 19.107817002500752], [72.86469831586955, 19.10777171088568]]}, "properties": {"OBJECTID": 25178, "US_NODE_ID": "2175143102", "DS_NODE_ID": "2175143101", "CONDUIT_LE": 5.2, "SHAPE_1": "RECT", "CONDUIT_WI": 3000, "CONDUIT_HE": 2276, "US_INVERT": 36.576, "DS_INVERT": 36.56, "USER_TEXT2": "Existing", "SHAPE.LEN": 5.16754119480435}}, {"type": "Feature", "id": 25179, "geometry": {"type": "LineString", "coordinates": [[72.8647344083308, 19.10801418479486], [72.8647101726076, 19.107817002500752]]}, "properties": {"OBJECTID": 25179, "US_NODE_ID": "2175143103", "DS_NODE_ID": "2175143102", "CONDUIT_LE": 22, "SHAPE_1": "OREC", "CONDUIT_WI": 3000, "CONDUIT_HE": 1956, "US_INVERT": 36.642, "DS_INVERT": 36.576, "USER_TEXT2": "Existing", "SHAPE.LEN": 21.9801621970813}}, {"type": "Feature", "id": 25188, "geometry": {"type": "LineString", "coordinates": [[72.86463058485647, 19.108538145511087], [72.864743657118, 19.108462037995867]]}, "properties": {"OBJECTID": 25188, "US_NODE_ID": "2175143206", "DS_NODE_ID": "2175143104", "CONDUIT_LE": 14.6, "SHAPE_1": "RECT", "CONDUIT_WI": 3000, "CONDUIT_HE": 2376, "US_INVERT": 36.854, "DS_INVERT": 36.81, "USER_TEXT2": "Existing", "SHAPE.LEN": 14.581777856283498}}, {"type": "Feature", "id": 25169, "geometry": {"type": "LineString", "coordinates": [[72.86370338835023, 19.10912677996377], [72.86384856573572, 19.10906884993827]]}, "properties": {"OBJECTID": 25169, "US_NODE_ID": "2175142203", "DS_NODE_ID": "2175142204", "CONDUIT_LE": 16.6, "SHAPE_1": "OREC", "CONDUIT_WI": 3000, "CONDUIT_HE": 1990, "US_INVERT": 38.2, "DS_INVERT": 38.085, "USER_TEXT2": "Existing", "SHAPE.LEN": 16.5710591091819}}, {"type": "Feature", "id": 25018, "geometry": {"type": "LineString", "coordinates": [[72.86576646219574, 19.097043385955015], [72.86588979015761, 19.09720649949558]]}, "properties": {"OBJECTID": 25018, "US_NODE_ID": "2175124906", "DS_NODE_ID": "2175124907", "CONDUIT_LE": 22.2, "SHAPE_1": "RECT", "CONDUIT_WI": 7000, "CONDUIT_HE": 2072, "US_INVERT": 33.476, "DS_INVERT": 33.431000000000004, "USER_TEXT2": "Existing", "SHAPE.LEN": 22.2407284053378}}, {"type": "Feature", "id": 25099, "geometry": {"type": "LineString", "coordinates": [[72.86529488263291, 19.0982224915673], [72.86537651825552, 19.097962000365165]]}, "properties": {"OBJECTID": 25099, "US_NODE_ID": "2175134003", "DS_NODE_ID": "2175134004", "CONDUIT_LE": 30.1, "SHAPE_1": "OREC", "CONDUIT_WI": 7000, "CONDUIT_HE": 2396, "US_INVERT": 33.8, "DS_INVERT": 33.738, "USER_TEXT2": "Existing", "SHAPE.LEN": 30.0938036429428}}, {"type": "Feature", "id": 25105, "geometry": {"type": "LineString", "coordinates": [[72.86586923144444, 19.10635461528677], [72.86590903584191, 19.106339998661475]]}, "properties": {"OBJECTID": 25105, "US_NODE_ID": "2175134904", "DS_NODE_ID": "2175134905", "CONDUIT_LE": 4.5, "SHAPE_1": "RECT", "CONDUIT_WI": 3000, "CONDUIT_HE": 3195, "US_INVERT": 34.501000000000005, "DS_INVERT": 34.497, "USER_TEXT2": "Existing", "SHAPE.LEN": 4.49106056294056}}, {"type": "Feature", "id": 25192, "geometry": {"type": "LineString", "coordinates": [[72.86484676968857, 19.11529582772406], [72.86482614765248, 19.115048252024113]]}, "properties": {"OBJECTID": 25192, "US_NODE_ID": "2175143903", "DS_NODE_ID": "2175143902", "CONDUIT_LE": 27.5, "SHAPE_1": "OREC", "CONDUIT_WI": 3600, "CONDUIT_HE": 2853, "US_INVERT": 40.945, "DS_INVERT": 40.821000000000005, "USER_TEXT2": "Existing", "SHAPE.LEN": 27.4969235697378}}, {"type": "Feature", "id": 24865, "geometry": {"type": "LineString", "coordinates": [[72.86727341869663, 19.05763408046005], [72.86743426709992, 19.057669419795715]]}, "properties": {"OBJECTID": 24865, "US_NODE_ID": "2175085504", "DS_NODE_ID": "2175085505", "CONDUIT_LE": 17.400000000000002, "SHAPE_1": "OREC", "CONDUIT_WI": 5000, "CONDUIT_HE": 1356, "US_INVERT": 26.532, "DS_INVERT": 26.399, "USER_TEXT2": "Existing", "SHAPE.LEN": 17.3801245778044}}, {"type": "Feature", "id": 25021, "geometry": {"type": "LineString", "coordinates": [[72.86642601432195, 19.097402399032525], [72.86669178663571, 19.09749761135419]]}, "properties": {"OBJECTID": 25021, "US_NODE_ID": "2175125902", "DS_NODE_ID": "2175125903", "CONDUIT_LE": 29.900000000000002, "SHAPE_1": "RECT", "CONDUIT_WI": 6000, "CONDUIT_HE": 1891, "US_INVERT": 33.307, "DS_INVERT": 33.246, "USER_TEXT2": "Existing", "SHAPE.LEN": 29.8939793269481}}, {"type": "Feature", "id": 25202, "geometry": {"type": "LineString", "coordinates": [[72.8663333499046, 19.11415073038145], [72.8665107593715, 19.114087204502642]]}, "properties": {"OBJECTID": 25202, "US_NODE_ID": "2175145802", "DS_NODE_ID": "2175145803", "CONDUIT_LE": 20, "SHAPE_1": "OREC", "CONDUIT_WI": 4500, "CONDUIT_HE": 3285, "US_INVERT": 39.714, "DS_INVERT": 39.623000000000005, "USER_TEXT2": "Existing", "SHAPE.LEN": 19.9520129433098}}, {"type": "Feature", "id": 24875, "geometry": {"type": "LineString", "coordinates": [[72.86875015300664, 19.05499206230741], [72.86821771716941, 19.05532734544695]]}, "properties": {"OBJECTID": 24875, "US_NODE_ID": "2175087201", "DS_NODE_ID": "2175086302", "CONDUIT_LE": 67.2, "SHAPE_1": "OREC", "CONDUIT_WI": 3000, "CONDUIT_HE": 1500, "US_INVERT": 24.737000000000002, "DS_INVERT": 24.596, "USER_TEXT2": "Proposal", "SHAPE.LEN": 67.2324326497264}}, {"type": "Feature", "id": 24872, "geometry": {"type": "LineString", "coordinates": [[72.86779064878323, 19.057755853655145], [72.86803473403624, 19.057686849941064]]}, "properties": {"OBJECTID": 24872, "US_NODE_ID": "2175086502", "DS_NODE_ID": "2175086503", "CONDUIT_LE": 26.8, "SHAPE_1": "OREC", "CONDUIT_WI": 5000, "CONDUIT_HE": 1704, "US_INVERT": 26.104000000000003, "DS_INVERT": 25.900000000000002, "USER_TEXT2": "Existing", "SHAPE.LEN": 26.8087168320306}}, {"type": "Feature", "id": 24877, "geometry": {"type": "LineString", "coordinates": [[72.8685069500203, 19.05994231346898], [72.8687669915383, 19.05980166741933]]}, "properties": {"OBJECTID": 24877, "US_NODE_ID": "2175087801", "DS_NODE_ID": "2175087802", "CONDUIT_LE": 31.5, "SHAPE_1": "OREC", "CONDUIT_WI": 2000, "CONDUIT_HE": 1266, "US_INVERT": 26.692, "DS_INVERT": 26.536, "USER_TEXT2": "Existing", "SHAPE.LEN": 31.495425832015698}}, {"type": "Feature", "id": 24969, "geometry": {"type": "LineString", "coordinates": [[72.86861737296917, 19.075984792169518], [72.8687376497052, 19.075916846562542]]}, "properties": {"OBJECTID": 24969, "US_NODE_ID": "2175107503", "DS_NODE_ID": "2175107505", "CONDUIT_LE": 14.700000000000001, "SHAPE_1": "OREC", "CONDUIT_WI": 2000, "CONDUIT_HE": 1879, "US_INVERT": 26.97, "DS_INVERT": 26.900000000000002, "USER_TEXT2": "Existing", "SHAPE.LEN": 14.7274838271851}}, {"type": "Feature", "id": 24962, "geometry": {"type": "LineString", "coordinates": [[72.86820929231708, 19.07646326551301], [72.86834776095638, 19.076338135304745]]}, "properties": {"OBJECTID": 24962, "US_NODE_ID": "2175106606", "DS_NODE_ID": "2175107601", "CONDUIT_LE": 20.1, "SHAPE_1": "OREC", "CONDUIT_WI": 2000, "CONDUIT_HE": 1718, "US_INVERT": 27.490000000000002, "DS_INVERT": 27.3, "USER_TEXT2": "Existing", "SHAPE.LEN": 20.1097550387865}}, {"type": "Feature", "id": 25114, "geometry": {"type": "LineString", "coordinates": [[72.8673468375341, 19.09798573599659], [72.86739376455456, 19.09777565378567]]}, "properties": {"OBJECTID": 25114, "US_NODE_ID": "2175136002", "DS_NODE_ID": "2175136003", "CONDUIT_LE": 23.8, "SHAPE_1": "OREC", "CONDUIT_WI": 2700, "CONDUIT_HE": 1730, "US_INVERT": 33.468, "DS_INVERT": 33.392, "USER_TEXT2": "Existing", "SHAPE.LEN": 23.778494383370898}}, {"type": "Feature", "id": 25117, "geometry": {"type": "LineString", "coordinates": [[72.86785102864118, 19.09793828268115], [72.86804229421521, 19.097916109315822]]}, "properties": {"OBJECTID": 25117, "US_NODE_ID": "2175136005", "DS_NODE_ID": "2175137001", "CONDUIT_LE": 20.3, "SHAPE_1": "OREC", "CONDUIT_WI": 5328, "CONDUIT_HE": 2050, "US_INVERT": 32.988, "DS_INVERT": 32.966, "USER_TEXT2": "Existing", "SHAPE.LEN": 20.280532537386698}}, {"type": "Feature", "id": 25207, "geometry": {"type": "LineString", "coordinates": [[72.86750849469881, 19.11394512259695], [72.86771349847432, 19.113903180826163]]}, "properties": {"OBJECTID": 25207, "US_NODE_ID": "2175146802", "DS_NODE_ID": "2175146701", "CONDUIT_LE": 22.1, "SHAPE_1": "RECT", "CONDUIT_WI": 4000, "CONDUIT_HE": 2878, "US_INVERT": 39.14, "DS_INVERT": 39.004000000000005, "USER_TEXT2": "Existing", "SHAPE.LEN": 22.0693985729109}}, {"type": "Feature", "id": 25208, "geometry": {"type": "LineString", "coordinates": [[72.86790159228686, 19.114060198727998], [72.86810533790343, 19.114230045307764]]}, "properties": {"OBJECTID": 25208, "US_NODE_ID": "2175147801", "DS_NODE_ID": "2175147802", "CONDUIT_LE": 28.5, "SHAPE_1": "RECT", "CONDUIT_WI": 5000, "CONDUIT_HE": 3356, "US_INVERT": 38.842, "DS_INVERT": 38.666000000000004, "USER_TEXT2": "Existing", "SHAPE.LEN": 28.5206497040302}}, {"type": "Feature", "id": 24886, "geometry": {"type": "LineString", "coordinates": [[72.86968362609983, 19.056279162690945], [72.86962591640697, 19.05618636284236]]}, "properties": {"OBJECTID": 24886, "US_NODE_ID": "2175088402", "DS_NODE_ID": "2175088401", "CONDUIT_LE": 11.9, "SHAPE_1": "RECT", "CONDUIT_WI": 5000, "CONDUIT_HE": 2923, "US_INVERT": 25.084, "DS_INVERT": 25.075000000000003, "USER_TEXT2": "Proposal", "SHAPE.LEN": 11.9364986491014}}, {"type": "Feature", "id": 24880, "geometry": {"type": "LineString", "coordinates": [[72.87002850669657, 19.055976937277425], [72.86982826147157, 19.056111018528767]]}, "properties": {"OBJECTID": 24880, "US_NODE_ID": "2175088302", "DS_NODE_ID": "2175088301", "CONDUIT_LE": 25.8, "SHAPE_1": "RECT", "CONDUIT_WI": 3500, "CONDUIT_HE": 2308, "US_INVERT": 25.191000000000003, "DS_INVERT": 25.13, "USER_TEXT2": "Proposal", "SHAPE.LEN": 25.784103629950003}}, {"type": "Feature", "id": 24998, "geometry": {"type": "LineString", "coordinates": [[72.86916825828176, 19.082326139815706], [72.86922207816956, 19.08227798586878]]}, "properties": {"OBJECTID": 24998, "US_NODE_ID": "2175117301", "DS_NODE_ID": "2175118201", "CONDUIT_LE": 7.8, "SHAPE_1": "OREC", "CONDUIT_WI": 2500, "CONDUIT_HE": 1399, "US_INVERT": 27.799000000000003, "DS_INVERT": 27.779, "USER_TEXT2": "Existing", "SHAPE.LEN": 7.779460135510689}}, {"type": "Feature", "id": 25005, "geometry": {"type": "LineString", "coordinates": [[72.86923461274105, 19.082634920858794], [72.86923867334396, 19.08246605709465]]}, "properties": {"OBJECTID": 25005, "US_NODE_ID": "2175118302", "DS_NODE_ID": "2175118303", "CONDUIT_LE": 18.7, "SHAPE_1": "OREC", "CONDUIT_WI": 2000, "CONDUIT_HE": 1254, "US_INVERT": 27.894000000000002, "DS_INVERT": 27.844, "USER_TEXT2": "Existing", "SHAPE.LEN": 18.7010694881336}}, {"type": "Feature", "id": 24891, "geometry": {"type": "LineString", "coordinates": [[72.87121246386414, 19.05751170925038], [72.8706364653743, 19.0567201202256]]}, "properties": {"OBJECTID": 24891, "US_NODE_ID": "2175089503", "DS_NODE_ID": "2175089401", "CONDUIT_LE": 106.60000000000001, "SHAPE_1": "OREC", "CONDUIT_WI": 3500, "CONDUIT_HE": 1892, "US_INVERT": 25.607000000000003, "DS_INVERT": 25.413, "USER_TEXT2": "Proposal", "SHAPE.LEN": 106.576263773882}}, {"type": "Feature", "id": 24893, "geometry": {"type": "LineString", "coordinates": [[72.87101699070418, 19.059429802558114], [72.87037143266383, 19.059696040003402]]}, "properties": {"OBJECTID": 24893, "US_NODE_ID": "2175089701", "DS_NODE_ID": "2175088701", "CONDUIT_LE": 74.10000000000001, "SHAPE_1": "OREC", "CONDUIT_WI": 3500, "CONDUIT_HE": 2235, "US_INVERT": 25.645, "DS_INVERT": 25.5, "USER_TEXT2": "Proposal", "SHAPE.LEN": 74.0800242980522}}, {"type": "Feature", "id": 24989, "geometry": {"type": "LineString", "coordinates": [[72.87009013383614, 19.076372199152228], [72.87023415738396, 19.076333833471054]]}, "properties": {"OBJECTID": 24989, "US_NODE_ID": "2175108605", "DS_NODE_ID": "2175109601", "CONDUIT_LE": 15.700000000000001, "SHAPE_1": "OREC", "CONDUIT_WI": 2000, "CONDUIT_HE": 1688, "US_INVERT": 26.52, "DS_INVERT": 26.5, "USER_TEXT2": "Existing", "SHAPE.LEN": 15.7447664996976}}, {"type": "Feature", "id": 25008, "geometry": {"type": "LineString", "coordinates": [[72.87057247816857, 19.08165589150406], [72.87084741879015, 19.08155248328762]]}, "properties": {"OBJECTID": 25008, "US_NODE_ID": "2175119202", "DS_NODE_ID": "2175119203", "CONDUIT_LE": 31.1, "SHAPE_1": "OREC", "CONDUIT_WI": 4794, "CONDUIT_HE": 1822, "US_INVERT": 27.45, "DS_INVERT": 27.413, "USER_TEXT2": "Existing", "SHAPE.LEN": 31.123624467597004}}, {"type": "Feature", "id": 25150, "geometry": {"type": "LineString", "coordinates": [[72.87065133987946, 19.099036542059967], [72.87086474168568, 19.09921514673477]]}, "properties": {"OBJECTID": 25150, "US_NODE_ID": "2175139103", "DS_NODE_ID": "2176130101", "CONDUIT_LE": 29.900000000000002, "SHAPE_1": "OREC", "CONDUIT_WI": 6151, "CONDUIT_HE": 2131, "US_INVERT": 32.617000000000004, "DS_INVERT": 32.586, "USER_TEXT2": "Existing", "SHAPE.LEN": 29.925574347036296}}, {"type": "Feature", "id": 25219, "geometry": {"type": "LineString", "coordinates": [[72.86938877243801, 19.110984541086857], [72.8695495481622, 19.110888553792314]]}, "properties": {"OBJECTID": 25219, "US_NODE_ID": "2175148401", "DS_NODE_ID": "2175148403", "CONDUIT_LE": 20, "SHAPE_1": "OREC", "CONDUIT_WI": 8000, "CONDUIT_HE": 3912, "US_INVERT": 35.435, "DS_INVERT": 35.365, "USER_TEXT2": "Existing", "SHAPE.LEN": 19.981500741435802}}, {"type": "Feature", "id": 25269, "geometry": {"type": "LineString", "coordinates": [[72.86991230615354, 19.113317400308535], [72.86984404475106, 19.11302411884758]]}, "properties": {"OBJECTID": 25269, "US_NODE_ID": "2175149702", "DS_NODE_ID": "2175149603", "CONDUIT_LE": 33.3, "SHAPE_1": "RECT", "CONDUIT_WI": 6000, "CONDUIT_HE": 4079, "US_INVERT": 37.241, "DS_INVERT": 36.949000000000005, "USER_TEXT2": "Existing", "SHAPE.LEN": 33.2567175103016}}, {"type": "Feature", "id": 26759, "geometry": {"type": "LineString", "coordinates": [[72.87221929946081, 19.058784290447832], [72.87158182566691, 19.05916172787825]]}, "properties": {"OBJECTID": 26759, "US_NODE_ID": "2176080602", "DS_NODE_ID": "2176080701", "CONDUIT_LE": 79.10000000000001, "SHAPE_1": "RECT", "CONDUIT_WI": 3000, "CONDUIT_HE": 1500, "US_INVERT": 25.929000000000002, "DS_INVERT": 25.775000000000002, "USER_TEXT2": "Proposal", "SHAPE.LEN": 79.0589653360073}}, {"type": "Feature", "id": 26934, "geometry": {"type": "LineString", "coordinates": [[72.87187011545264, 19.08107292070484], [72.87212435234925, 19.080953915758034]]}, "properties": {"OBJECTID": 26934, "US_NODE_ID": "2176110104", "DS_NODE_ID": "2176111101", "CONDUIT_LE": 29.8, "SHAPE_1": "OREC", "CONDUIT_WI": 6511, "CONDUIT_HE": 1944, "US_INVERT": 27.161, "DS_INVERT": 27.098000000000003, "USER_TEXT2": "Existing", "SHAPE.LEN": 29.829683203145198}}, {"type": "Feature", "id": 27077, "geometry": {"type": "LineString", "coordinates": [[72.87096999891428, 19.111405922197203], [72.87073345027666, 19.111475446314163]]}, "properties": {"OBJECTID": 27077, "US_NODE_ID": "2176140502", "DS_NODE_ID": "2176140501", "CONDUIT_LE": 26.1, "SHAPE_1": "RECT", "CONDUIT_WI": 2000, "CONDUIT_HE": 2000, "US_INVERT": 37.066, "DS_INVERT": 36.964, "USER_TEXT2": "Existing", "SHAPE.LEN": 26.058395959843697}}, {"type": "Feature", "id": 26942, "geometry": {"type": "LineString", "coordinates": [[72.87203713149765, 19.083467604465675], [72.87376104118337, 19.081867947842326]]}, "properties": {"OBJECTID": 26942, "US_NODE_ID": "2176111401", "DS_NODE_ID": "2176112201", "CONDUIT_LE": 253.6, "SHAPE_1": "OREC", "CONDUIT_WI": 2000, "CONDUIT_HE": 2024, "US_INVERT": 26.825000000000003, "DS_INVERT": 26.572000000000003, "USER_TEXT2": "Proposal", "SHAPE.LEN": 253.56849173349602}}, {"type": "Feature", "id": 27008, "geometry": {"type": "LineString", "coordinates": [[72.87234260453357, 19.100524804745042], [72.87259593157698, 19.10062799477736]]}, "properties": {"OBJECTID": 27008, "US_NODE_ID": "2176131301", "DS_NODE_ID": "2176131302", "CONDUIT_LE": 29, "SHAPE_1": "OREC", "CONDUIT_WI": 8000, "CONDUIT_HE": 2911, "US_INVERT": 32.127, "DS_INVERT": 31.909000000000002, "USER_TEXT2": "Existing", "SHAPE.LEN": 29.0077575831018}}, {"type": "Feature", "id": 27015, "geometry": {"type": "LineString", "coordinates": [[72.87233707805004, 19.102888587270673], [72.87254065537786, 19.102786077315805]]}, "properties": {"OBJECTID": 27015, "US_NODE_ID": "2176131503", "DS_NODE_ID": "2176131504", "CONDUIT_LE": 24.2, "SHAPE_1": "OREC", "CONDUIT_WI": 3800, "CONDUIT_HE": 2927, "US_INVERT": 32.471000000000004, "DS_INVERT": 32.307, "USER_TEXT2": "Existing", "SHAPE.LEN": 24.246901152312198}}, {"type": "Feature", "id": 27016, "geometry": {"type": "LineString", "coordinates": [[72.87254065537786, 19.102786077315805], [72.8726698115119, 19.102729301158963]]}, "properties": {"OBJECTID": 27016, "US_NODE_ID": "2176131504", "DS_NODE_ID": "2176131506", "CONDUIT_LE": 15, "SHAPE_1": "RECT", "CONDUIT_WI": 3800, "CONDUIT_HE": 3191, "US_INVERT": 32.307, "DS_INVERT": 32.207, "USER_TEXT2": "Existing", "SHAPE.LEN": 14.976797938811899}}, {"type": "Feature", "id": 27017, "geometry": {"type": "LineString", "coordinates": [[72.8726599298751, 19.10304550521734], [72.8726698115119, 19.102729301158963]]}, "properties": {"OBJECTID": 27017, "US_NODE_ID": "2176131505", "DS_NODE_ID": "2176131506", "CONDUIT_LE": 35, "SHAPE_1": "OREC", "CONDUIT_WI": 20000, "CONDUIT_HE": 4448, "US_INVERT": 31.102, "DS_INVERT": 31.024, "USER_TEXT2": "Existing", "SHAPE.LEN": 35.0247892744553}}, {"type": "Feature", "id": 27081, "geometry": {"type": "LineString", "coordinates": [[72.87302909498305, 19.113565053154183], [72.8723768461367, 19.112480820451786]]}, "properties": {"OBJECTID": 27081, "US_NODE_ID": "2176142701", "DS_NODE_ID": "2176141601", "CONDUIT_LE": 138.3, "SHAPE_1": "RECT", "CONDUIT_WI": 2000, "CONDUIT_HE": 2000, "US_INVERT": 38.509, "DS_INVERT": 37.968, "USER_TEXT2": "Existing", "SHAPE.LEN": 138.28467015544402}}, {"type": "Feature", "id": 26830, "geometry": {"type": "LineString", "coordinates": [[72.874587558706, 19.06518777980199], [72.87421902106459, 19.06421522628637]]}, "properties": {"OBJECTID": 26830, "US_NODE_ID": "2176093301", "DS_NODE_ID": "2176093201", "CONDUIT_LE": 114.5, "SHAPE_1": "RECT", "CONDUIT_WI": 5000, "CONDUIT_HE": 1923, "US_INVERT": 25.927, "DS_INVERT": 25.841, "USER_TEXT2": "Proposal", "SHAPE.LEN": 114.45457614267801}}, {"type": "Feature", "id": 26832, "geometry": {"type": "LineString", "coordinates": [[72.87470340801376, 19.06645820925622], [72.87386519354729, 19.06655874438051]]}, "properties": {"OBJECTID": 26832, "US_NODE_ID": "2176093501", "DS_NODE_ID": "2176092502", "CONDUIT_LE": 88.9, "SHAPE_1": "RECT", "CONDUIT_WI": 3000, "CONDUIT_HE": 1500, "US_INVERT": 26.5, "DS_INVERT": 26.137, "USER_TEXT2": "Proposal", "SHAPE.LEN": 88.94071058857129}}, {"type": "Feature", "id": 26874, "geometry": {"type": "LineString", "coordinates": [[72.87414393791704, 19.071964412118252], [72.8739350381914, 19.07202367535003], [72.87392841433457, 19.072028768360553]]}, "properties": {"OBJECTID": 26874, "US_NODE_ID": "2176103101", "DS_NODE_ID": "2176102101", "CONDUIT_LE": 23.8, "SHAPE_1": "OREC", "CONDUIT_WI": 3000, "CONDUIT_HE": 2931, "US_INVERT": 25.738, "DS_INVERT": 25.606, "USER_TEXT2": "Proposal", "SHAPE.LEN": 23.8455744317453}}, {"type": "Feature", "id": 26886, "geometry": {"type": "LineString", "coordinates": [[72.8752273988934, 19.07625027147915], [72.87391312060086, 19.075725992732014]]}, "properties": {"OBJECTID": 26886, "US_NODE_ID": "2176104601", "DS_NODE_ID": "2176102501", "CONDUIT_LE": 150, "SHAPE_1": "RECT", "CONDUIT_WI": 5000, "CONDUIT_HE": 1940, "US_INVERT": 26.774, "DS_INVERT": 26.474, "USER_TEXT2": "Proposal", "SHAPE.LEN": 150.03402058256702}}, {"type": "Feature", "id": 26945, "geometry": {"type": "LineString", "coordinates": [[72.8734002892142, 19.080355723575327], [72.87365742368517, 19.08023544995155]]}, "properties": {"OBJECTID": 26945, "US_NODE_ID": "2176112002", "DS_NODE_ID": "2176112003", "CONDUIT_LE": 30.2, "SHAPE_1": "OREC", "CONDUIT_WI": 6511, "CONDUIT_HE": 2356, "US_INVERT": 26.783, "DS_INVERT": 26.72, "USER_TEXT2": "Existing", "SHAPE.LEN": 30.1654491009168}}, {"type": "Feature", "id": 26954, "geometry": {"type": "LineString", "coordinates": [[72.87423816486495, 19.08140646337563], [72.87448317698953, 19.08118708404178], [72.87496591209782, 19.080736503079915]]}, "properties": {"OBJECTID": 26954, "US_NODE_ID": "2176113101", "DS_NODE_ID": "2176114101", "CONDUIT_LE": 106.60000000000001, "SHAPE_1": "OREC", "CONDUIT_WI": 2000, "CONDUIT_HE": 4919, "US_INVERT": 26.5, "DS_INVERT": 26.298000000000002, "USER_TEXT2": "Proposal", "SHAPE.LEN": 106.63764786886401}}, {"type": "Feature", "id": 26984, "geometry": {"type": "LineString", "coordinates": [[72.87326690301364, 19.091843349823005], [72.87429593536842, 19.091690835001366]]}, "properties": {"OBJECTID": 26984, "US_NODE_ID": "2176122301", "DS_NODE_ID": "2176123301", "CONDUIT_LE": 109.60000000000001, "SHAPE_1": "RECT", "CONDUIT_WI": 6500, "CONDUIT_HE": 1397, "US_INVERT": 30.852, "DS_INVERT": 30.683, "USER_TEXT2": "Proposal", "SHAPE.LEN": 109.621393897359}}, {"type": "Feature", "id": 27037, "geometry": {"type": "LineString", "coordinates": [[72.87391292818022, 19.10447532814392], [72.8735037770235, 19.104367200437927]]}, "properties": {"OBJECTID": 27037, "US_NODE_ID": "2176133701", "DS_NODE_ID": "2176132703", "CONDUIT_LE": 44.7, "SHAPE_1": "OREC", "CONDUIT_WI": 10000, "CONDUIT_HE": 4879, "US_INVERT": 31.318, "DS_INVERT": 31.272000000000002, "USER_TEXT2": "Existing", "SHAPE.LEN": 44.6959273565277}}, {"type": "Feature", "id": 27084, "geometry": {"type": "LineString", "coordinates": [[72.87367576666242, 19.114640187047396], [72.87302909498305, 19.113565053154183]]}, "properties": {"OBJECTID": 27084, "US_NODE_ID": "2176143801", "DS_NODE_ID": "2176142701", "CONDUIT_LE": 137.1, "SHAPE_1": "RECT", "CONDUIT_WI": 2000, "CONDUIT_HE": 2000, "US_INVERT": 39.045, "DS_INVERT": 38.509, "USER_TEXT2": "Existing", "SHAPE.LEN": 137.11852537130102}}, {"type": "Feature", "id": 26841, "geometry": {"type": "LineString", "coordinates": [[72.8756208731914, 19.063940528674568], [72.87527913026493, 19.063623156546623]]}, "properties": {"OBJECTID": 26841, "US_NODE_ID": "2176094202", "DS_NODE_ID": "2176094201", "CONDUIT_LE": 50.300000000000004, "SHAPE_1": "RECT", "CONDUIT_WI": 3000, "CONDUIT_HE": 4470, "US_INVERT": 26.614, "DS_INVERT": 26.516000000000002, "USER_TEXT2": "Proposal", "SHAPE.LEN": 50.2896609652521}}, {"type": "Feature", "id": 26845, "geometry": {"type": "LineString", "coordinates": [[72.87508513262706, 19.070122658172057], [72.87481215388031, 19.070148416107816]]}, "properties": {"OBJECTID": 26845, "US_NODE_ID": "2176094901", "DS_NODE_ID": "2176093904", "CONDUIT_LE": 28.900000000000002, "SHAPE_1": "RECT", "CONDUIT_WI": 1500, "CONDUIT_HE": 1500, "US_INVERT": 25.518, "DS_INVERT": 25.418000000000003, "USER_TEXT2": "Proposal", "SHAPE.LEN": 28.8778461800737}}, {"type": "Feature", "id": 26879, "geometry": {"type": "LineString", "coordinates": [[72.87546264239933, 19.07128680755407], [72.87539783281554, 19.070707064711858]]}, "properties": {"OBJECTID": 26879, "US_NODE_ID": "2176104003", "DS_NODE_ID": "2176104002", "CONDUIT_LE": 64.5, "SHAPE_1": "RECT", "CONDUIT_WI": 5000, "CONDUIT_HE": 1303, "US_INVERT": 26.791, "DS_INVERT": 26.704, "USER_TEXT2": "Proposal", "SHAPE.LEN": 64.5489736556671}}, {"type": "Feature", "id": 27085, "geometry": {"type": "LineString", "coordinates": [[72.87479228400748, 19.11140969415458], [72.87438882749098, 19.11022603726295]]}, "properties": {"OBJECTID": 27085, "US_NODE_ID": "2176144501", "DS_NODE_ID": "2176143301", "CONDUIT_LE": 137.8, "SHAPE_1": "RECT", "CONDUIT_WI": 5000, "CONDUIT_HE": 2500, "US_INVERT": 34.211, "DS_INVERT": 33.949000000000005, "USER_TEXT2": "Proposal", "SHAPE.LEN": 137.75891429163502}}, {"type": "Feature", "id": 26893, "geometry": {"type": "LineString", "coordinates": [[72.87671617203937, 19.072442983887143], [72.8765043633261, 19.072357324798695], [72.87640577549978, 19.07231066333209], [72.87625172230898, 19.07221091261466]]}, "properties": {"OBJECTID": 26893, "US_NODE_ID": "2176105103", "DS_NODE_ID": "2176105102", "CONDUIT_LE": 55.4, "SHAPE_1": "RECT", "CONDUIT_WI": 2000, "CONDUIT_HE": 2000, "US_INVERT": 29.485000000000003, "DS_INVERT": 28, "USER_TEXT2": "Proposal", "SHAPE.LEN": 55.4436831783441}}, {"type": "Feature", "id": 26902, "geometry": {"type": "LineString", "coordinates": [[72.8770809895184, 19.075648375570545], [72.87619972194993, 19.074501909245154]]}, "properties": {"OBJECTID": 26902, "US_NODE_ID": "2176106501", "DS_NODE_ID": "2176105401", "CONDUIT_LE": 157.20000000000002, "SHAPE_1": "RECT", "CONDUIT_WI": 5000, "CONDUIT_HE": 1511, "US_INVERT": 27.5, "DS_INVERT": 27.287000000000003, "USER_TEXT2": "Proposal", "SHAPE.LEN": 157.220005088411}}, {"type": "Feature", "id": 26957, "geometry": {"type": "LineString", "coordinates": [[72.87554295588046, 19.082868548663477], [72.87792290065262, 19.08070554558332]]}, "properties": {"OBJECTID": 26957, "US_NODE_ID": "2176114301", "DS_NODE_ID": "2176117101", "CONDUIT_LE": 346.6, "SHAPE_1": "OREC", "CONDUIT_WI": 2000, "CONDUIT_HE": 4315, "US_INVERT": 28.314, "DS_INVERT": 28, "USER_TEXT2": "Proposal", "SHAPE.LEN": 346.57179631354904}}, {"type": "Feature", "id": 26959, "geometry": {"type": "LineString", "coordinates": [[72.87552828780291, 19.087369366967106], [72.87602641888802, 19.087273041834962]]}, "properties": {"OBJECTID": 26959, "US_NODE_ID": "2176114801", "DS_NODE_ID": "2176115801", "CONDUIT_LE": 53.5, "SHAPE_1": "OREC", "CONDUIT_WI": 3000, "CONDUIT_HE": 1979, "US_INVERT": 28, "DS_INVERT": 27.823, "USER_TEXT2": "Proposal", "SHAPE.LEN": 53.506821994956894}}, {"type": "Feature", "id": 27047, "geometry": {"type": "LineString", "coordinates": [[72.87551061274948, 19.100812498301938], [72.87580208024532, 19.10080767615946]]}, "properties": {"OBJECTID": 27047, "US_NODE_ID": "2176134303", "DS_NODE_ID": "2176135301", "CONDUIT_LE": 30.7, "SHAPE_1": "OREC", "CONDUIT_WI": 22000, "CONDUIT_HE": 5113, "US_INVERT": 29.705000000000002, "DS_INVERT": 29.684, "USER_TEXT2": "Existing", "SHAPE.LEN": 30.6819853399352}}, {"type": "Feature", "id": 27095, "geometry": {"type": "LineString", "coordinates": [[72.87604457947133, 19.108189131019106], [72.87593717598973, 19.107935973960675]]}, "properties": {"OBJECTID": 27095, "US_NODE_ID": "2176145102", "DS_NODE_ID": "2176145101", "CONDUIT_LE": 30.2, "SHAPE_1": "OREC", "CONDUIT_WI": 9000, "CONDUIT_HE": 2796, "US_INVERT": 32.999, "DS_INVERT": 32.936, "USER_TEXT2": "Existing", "SHAPE.LEN": 30.222445682803396}}, {"type": "Feature", "id": 26782, "geometry": {"type": "LineString", "coordinates": [[72.87751156328227, 19.055268305286194], [72.87752432177506, 19.054998500195467]]}, "properties": {"OBJECTID": 26782, "US_NODE_ID": "2176086201", "DS_NODE_ID": "2176086202", "CONDUIT_LE": 29.900000000000002, "SHAPE_1": "OREC", "CONDUIT_WI": 22500, "CONDUIT_HE": 2734, "US_INVERT": 25.273, "DS_INVERT": 25.263, "USER_TEXT2": "Existing", "SHAPE.LEN": 29.9021191705538}}, {"type": "Feature", "id": 26793, "geometry": {"type": "LineString", "coordinates": [[72.87820557406714, 19.056661106678646], [72.87801574495442, 19.056459420026677]]}, "properties": {"OBJECTID": 26793, "US_NODE_ID": "2176087401", "DS_NODE_ID": "2176086402", "CONDUIT_LE": 30, "SHAPE_1": "OREC", "CONDUIT_WI": 22500, "CONDUIT_HE": 2398, "US_INVERT": 25.379, "DS_INVERT": 25.357000000000003, "USER_TEXT2": "Existing", "SHAPE.LEN": 29.9672267749286}}, {"type": "Feature", "id": 26898, "geometry": {"type": "LineString", "coordinates": [[72.8769632420899, 19.072288660638254], [72.87679494790669, 19.07237433946554]]}, "properties": {"OBJECTID": 26898, "US_NODE_ID": "2176106101", "DS_NODE_ID": "2176105104", "CONDUIT_LE": 20.1, "SHAPE_1": "RECT", "CONDUIT_WI": 2000, "CONDUIT_HE": 2000, "US_INVERT": 30.324, "DS_INVERT": 29.786, "USER_TEXT2": "Proposal", "SHAPE.LEN": 20.09601950636}}, {"type": "Feature", "id": 26901, "geometry": {"type": "LineString", "coordinates": [[72.87773701944954, 19.072550486713084], [72.87770289634727, 19.072507703346776], [72.87765247261706, 19.072438834621984], [72.8776289488834, 19.072406046031265], [72.87759516744921, 19.072373139331212], [72.87757127198861, 19.072369612422765], [72.87753365690658, 19.072369179313565], [72.87751997869519, 19.072369021817412], [72.877472381763, 19.072368592088672]]}, "properties": {"OBJECTID": 26901, "US_NODE_ID": "2176106201", "DS_NODE_ID": "2176106103", "CONDUIT_LE": 37.7, "SHAPE_1": "RECT", "CONDUIT_WI": 2000, "CONDUIT_HE": 1414, "US_INVERT": 33, "DS_INVERT": 31.991000000000003, "USER_TEXT2": "Proposal", "SHAPE.LEN": 37.677302478224895}}, {"type": "Feature", "id": 26967, "geometry": {"type": "LineString", "coordinates": [[72.87689116131033, 19.08323726758315], [72.87703874674582, 19.083062830662556]]}, "properties": {"OBJECTID": 26967, "US_NODE_ID": "2176116301", "DS_NODE_ID": "2176116302", "CONDUIT_LE": 24.8, "SHAPE_1": "OREC", "CONDUIT_WI": 5000, "CONDUIT_HE": 1220, "US_INVERT": 27.089000000000002, "DS_INVERT": 27, "USER_TEXT2": "Proposal", "SHAPE.LEN": 24.7858830788818}}, {"type": "Feature", "id": 27055, "geometry": {"type": "LineString", "coordinates": [[72.87643661069822, 19.10084576356297], [72.87674505190373, 19.100725573434786]]}, "properties": {"OBJECTID": 27055, "US_NODE_ID": "2176135303", "DS_NODE_ID": "2176136301", "CONDUIT_LE": 35.1, "SHAPE_1": "RECT", "CONDUIT_WI": 24000, "CONDUIT_HE": 5388, "US_INVERT": 29.64, "DS_INVERT": 29.349, "USER_TEXT2": "Existing", "SHAPE.LEN": 35.0853245674028}}, {"type": "Feature", "id": 27114, "geometry": {"type": "LineString", "coordinates": [[72.87672758157208, 19.1089423963006], [72.87646735359408, 19.108783128564653]]}, "properties": {"OBJECTID": 27114, "US_NODE_ID": "2176146202", "DS_NODE_ID": "2176146201", "CONDUIT_LE": 32.6, "SHAPE_1": "OREC", "CONDUIT_WI": 9000, "CONDUIT_HE": 3748, "US_INVERT": 33.25, "DS_INVERT": 33.182, "USER_TEXT2": "Existing", "SHAPE.LEN": 32.5737624477124}}, {"type": "Feature", "id": 27101, "geometry": {"type": "LineString", "coordinates": [[72.87625408641941, 19.110625405900283], [72.87629142460928, 19.110356395934257]]}, "properties": {"OBJECTID": 27101, "US_NODE_ID": "2176145402", "DS_NODE_ID": "2176145301", "CONDUIT_LE": 30, "SHAPE_1": "OREC", "CONDUIT_WI": 5068, "CONDUIT_HE": 1710, "US_INVERT": 34.677, "DS_INVERT": 34.633, "USER_TEXT2": "Existing", "SHAPE.LEN": 30.042207525413296}}, {"type": "Feature", "id": 27117, "geometry": {"type": "LineString", "coordinates": [[72.87655466737364, 19.10999468185589], [72.87683639285967, 19.109946278205346]]}, "properties": {"OBJECTID": 27117, "US_NODE_ID": "2176146301", "DS_NODE_ID": "2176146302", "CONDUIT_LE": 30.1, "SHAPE_1": "OREC", "CONDUIT_WI": 4814, "CONDUIT_HE": 1766, "US_INVERT": 34.551, "DS_INVERT": 34.507000000000005, "USER_TEXT2": "Existing", "SHAPE.LEN": 30.1307515931813}}, {"type": "Feature", "id": 27127, "geometry": {"type": "LineString", "coordinates": [[72.87722728075525, 19.11341752688157], [72.87716036298949, 19.113151194350134]]}, "properties": {"OBJECTID": 27127, "US_NODE_ID": "2176146702", "DS_NODE_ID": "2176146701", "CONDUIT_LE": 30.3, "SHAPE_1": "OREC", "CONDUIT_WI": 6000, "CONDUIT_HE": 3088, "US_INVERT": 35.78, "DS_INVERT": 35.625, "USER_TEXT2": "Existing", "SHAPE.LEN": 30.316991935216798}}, {"type": "Feature", "id": 26794, "geometry": {"type": "LineString", "coordinates": [[72.87837032237655, 19.05688208583247], [72.87820557406714, 19.056661106678646]]}, "properties": {"OBJECTID": 26794, "US_NODE_ID": "2176087402", "DS_NODE_ID": "2176087401", "CONDUIT_LE": 30, "SHAPE_1": "OREC", "CONDUIT_WI": 22500, "CONDUIT_HE": 2437, "US_INVERT": 25.400000000000002, "DS_INVERT": 25.379, "USER_TEXT2": "Existing", "SHAPE.LEN": 29.990367568437698}}, {"type": "Feature", "id": 26917, "geometry": {"type": "LineString", "coordinates": [[72.87909427513749, 19.074068248335813], [72.87875128540684, 19.07310051109764]]}, "properties": {"OBJECTID": 26917, "US_NODE_ID": "2176108301", "DS_NODE_ID": "2176107202", "CONDUIT_LE": 113.10000000000001, "SHAPE_1": "RECT", "CONDUIT_WI": 5000, "CONDUIT_HE": 1998, "US_INVERT": 31.35, "DS_INVERT": 31, "USER_TEXT2": "Proposal", "SHAPE.LEN": 113.06480442648801}}, {"type": "Feature", "id": 26909, "geometry": {"type": "LineString", "coordinates": [[72.87790785164907, 19.076591879565825], [72.87807506552193, 19.076815106138845]]}, "properties": {"OBJECTID": 26909, "US_NODE_ID": "2176107601", "DS_NODE_ID": "2176107602", "CONDUIT_LE": 30.3, "SHAPE_1": "RECT", "CONDUIT_WI": 3000, "CONDUIT_HE": 2000, "US_INVERT": 26.118000000000002, "DS_INVERT": 26.081, "USER_TEXT2": "Existing", "SHAPE.LEN": 30.342379603452297}}, {"type": "Feature", "id": 26923, "geometry": {"type": "LineString", "coordinates": [[72.87876846457453, 19.077962095661565], [72.87859977590773, 19.078022309752225]]}, "properties": {"OBJECTID": 26923, "US_NODE_ID": "2176108801", "DS_NODE_ID": "2176107803", "CONDUIT_LE": 19, "SHAPE_1": "OREC", "CONDUIT_WI": 4000, "CONDUIT_HE": 2523, "US_INVERT": 25.796000000000003, "DS_INVERT": 25.699, "USER_TEXT2": "Existing", "SHAPE.LEN": 18.9673422874687}}, {"type": "Feature", "id": 26913, "geometry": {"type": "LineString", "coordinates": [[72.8786603198011, 19.077558912543875], [72.87893006458214, 19.07785183358803]]}, "properties": {"OBJECTID": 26913, "US_NODE_ID": "2176107703", "DS_NODE_ID": "2176108701", "CONDUIT_LE": 43.1, "SHAPE_1": "RECT", "CONDUIT_WI": 3000, "CONDUIT_HE": 2000, "US_INVERT": 25.955000000000002, "DS_INVERT": 25.902, "USER_TEXT2": "Existing", "SHAPE.LEN": 43.105212123361596}}, {"type": "Feature", "id": 26988, "geometry": {"type": "LineString", "coordinates": [[72.87762257596309, 19.09129834109176], [72.87836246387103, 19.09131860822916]]}, "properties": {"OBJECTID": 26988, "US_NODE_ID": "2176127201", "DS_NODE_ID": "2176127202", "CONDUIT_LE": 77.9, "SHAPE_1": "RECT", "CONDUIT_WI": 10000, "CONDUIT_HE": 879, "US_INVERT": 30.12, "DS_INVERT": 30, "USER_TEXT2": "Proposal", "SHAPE.LEN": 77.91084648494069}}, {"type": "Feature", "id": 27132, "geometry": {"type": "LineString", "coordinates": [[72.87788026260807, 19.11452162559839], [72.8778541591062, 19.11418440585145]]}, "properties": {"OBJECTID": 27132, "US_NODE_ID": "2176147802", "DS_NODE_ID": "2176147801", "CONDUIT_LE": 37.4, "SHAPE_1": "OREC", "CONDUIT_WI": 4724, "CONDUIT_HE": 2340, "US_INVERT": 36.578, "DS_INVERT": 36.387, "USER_TEXT2": "Existing", "SHAPE.LEN": 37.4370137697974}}, {"type": "Feature", "id": 26812, "geometry": {"type": "LineString", "coordinates": [[72.88014242271164, 19.05835122218689], [72.87998984164544, 19.058185807193556]]}, "properties": {"OBJECTID": 26812, "US_NODE_ID": "2176089602", "DS_NODE_ID": "2176089601", "CONDUIT_LE": 24.400000000000002, "SHAPE_1": "RECT", "CONDUIT_WI": 22500, "CONDUIT_HE": 2378, "US_INVERT": 25.572000000000003, "DS_INVERT": 25.558, "USER_TEXT2": "Existing", "SHAPE.LEN": 24.360683870737297}}, {"type": "Feature", "id": 26808, "geometry": {"type": "LineString", "coordinates": [[72.8794442679229, 19.060970316420192], [72.87957607582284, 19.06059132294891]]}, "properties": {"OBJECTID": 26808, "US_NODE_ID": "2176088902", "DS_NODE_ID": "2176088801", "CONDUIT_LE": 44.2, "SHAPE_1": "OREC", "CONDUIT_WI": 5200, "CONDUIT_HE": 1500, "US_INVERT": 27.22, "DS_INVERT": 27.187, "USER_TEXT2": "Existing", "SHAPE.LEN": 44.19577950178049}}, {"type": "Feature", "id": 26978, "geometry": {"type": "LineString", "coordinates": [[72.88026766875954, 19.08018140415457], [72.87979452679559, 19.080108350028457]]}, "properties": {"OBJECTID": 26978, "US_NODE_ID": "2176119002", "DS_NODE_ID": "2176119001", "CONDUIT_LE": 50.5, "SHAPE_1": "OREC", "CONDUIT_WI": 13000, "CONDUIT_HE": 3258, "US_INVERT": 26.14, "DS_INVERT": 25.447000000000003, "USER_TEXT2": "Existing", "SHAPE.LEN": 50.4573770901738}}, {"type": "Feature", "id": 26976, "geometry": {"type": "LineString", "coordinates": [[72.87940088229814, 19.085078236323845], [72.87911084018263, 19.084906146751955]]}, "properties": {"OBJECTID": 26976, "US_NODE_ID": "2176118503", "DS_NODE_ID": "2176118502", "CONDUIT_LE": 36, "SHAPE_1": "RECT", "CONDUIT_WI": 3000, "CONDUIT_HE": 1500, "US_INVERT": 27.274, "DS_INVERT": 27.069000000000003, "USER_TEXT2": "Existing", "SHAPE.LEN": 35.9877211115125}}, {"type": "Feature", "id": 27138, "geometry": {"type": "LineString", "coordinates": [[72.87949689726331, 19.11189459258778], [72.8808043761587, 19.111749776559897]]}, "properties": {"OBJECTID": 27138, "US_NODE_ID": "2176149501", "DS_NODE_ID": "2177140501", "CONDUIT_LE": 138.5, "SHAPE_1": "RECT", "CONDUIT_WI": 1500, "CONDUIT_HE": 1500, "US_INVERT": 38.068000000000005, "DS_INVERT": 37.792, "USER_TEXT2": "Proposal", "SHAPE.LEN": 138.535374543833}}, {"type": "Feature", "id": 26818, "geometry": {"type": "LineString", "coordinates": [[72.88085075727584, 19.058619960599483], [72.88057650328305, 19.0585395488366]]}, "properties": {"OBJECTID": 26818, "US_NODE_ID": "2176089608", "DS_NODE_ID": "2176089606", "CONDUIT_LE": 30.2, "SHAPE_1": "OREC", "CONDUIT_WI": 15000, "CONDUIT_HE": 2530, "US_INVERT": 25.63, "DS_INVERT": 25.61, "USER_TEXT2": "Existing", "SHAPE.LEN": 30.214276798394497}}, {"type": "Feature", "id": 28305, "geometry": {"type": "LineString", "coordinates": [[72.88069477995724, 19.073792191328383], [72.88085482023504, 19.073757900506212]]}, "properties": {"OBJECTID": 28305, "US_NODE_ID": "2177100301", "DS_NODE_ID": "2177100302", "CONDUIT_LE": 17.3, "SHAPE_1": "OREC", "CONDUIT_WI": 3000, "CONDUIT_HE": 1500, "US_INVERT": 28.02, "DS_INVERT": 28.006, "USER_TEXT2": "Existing", "SHAPE.LEN": 17.2696265159383}}, {"type": "Feature", "id": 26979, "geometry": {"type": "LineString", "coordinates": [[72.88048012486493, 19.08021017747309], [72.88026766875954, 19.08018140415457]]}, "properties": {"OBJECTID": 26979, "US_NODE_ID": "2176119003", "DS_NODE_ID": "2176119002", "CONDUIT_LE": 22.6, "SHAPE_1": "OREC", "CONDUIT_WI": 5000, "CONDUIT_HE": 2000, "US_INVERT": 26.528000000000002, "DS_INVERT": 26.14, "USER_TEXT2": "Existing", "SHAPE.LEN": 22.589753491793598}}, {"type": "Feature", "id": 28522, "geometry": {"type": "LineString", "coordinates": [[72.88067737924845, 19.080387680904835], [72.88048012486493, 19.08021017747309]]}, "properties": {"OBJECTID": 28522, "US_NODE_ID": "2177110001", "DS_NODE_ID": "2176119003", "CONDUIT_LE": 28.6, "SHAPE_1": "RECT", "CONDUIT_WI": 2000, "CONDUIT_HE": 1892, "US_INVERT": 26.766000000000002, "DS_INVERT": 26.528000000000002, "USER_TEXT2": "Existing", "SHAPE.LEN": 28.5895085652062}}, {"type": "Feature", "id": 28526, "geometry": {"type": "LineString", "coordinates": [[72.88130571810366, 19.081256627726024], [72.88101478660815, 19.080825131569338]]}, "properties": {"OBJECTID": 28526, "US_NODE_ID": "2177110102", "DS_NODE_ID": "2177110101", "CONDUIT_LE": 56.7, "SHAPE_1": "RECT", "CONDUIT_WI": 2000, "CONDUIT_HE": 1721, "US_INVERT": 27.036, "DS_INVERT": 26.976000000000003, "USER_TEXT2": "Existing", "SHAPE.LEN": 56.746806077523}}, {"type": "Feature", "id": 28604, "geometry": {"type": "LineString", "coordinates": [[72.88069544928065, 19.094344325842776], [72.88053911509206, 19.094085997900525]]}, "properties": {"OBJECTID": 28604, "US_NODE_ID": "2177120601", "DS_NODE_ID": "2177120501", "CONDUIT_LE": 33, "SHAPE_1": "OREC", "CONDUIT_WI": 3000, "CONDUIT_HE": 2000, "US_INVERT": 29.6, "DS_INVERT": 29, "USER_TEXT2": "Proposal", "SHAPE.LEN": 32.9969695578245}}, {"type": "Feature", "id": 28711, "geometry": {"type": "LineString", "coordinates": [[72.8807443488252, 19.10781083271614], [72.88152501395685, 19.107621442561154]]}, "properties": {"OBJECTID": 28711, "US_NODE_ID": "2177140101", "DS_NODE_ID": "2177141002", "CONDUIT_LE": 84.8, "SHAPE_1": "RECT", "CONDUIT_WI": 2000, "CONDUIT_HE": 1500, "US_INVERT": 35.868, "DS_INVERT": 35.63, "USER_TEXT2": "Proposal", "SHAPE.LEN": 84.79588052847849}}, {"type": "Feature", "id": 28322, "geometry": {"type": "LineString", "coordinates": [[72.88225391149062, 19.077294033577136], [72.88197057176494, 19.07727610468466]]}, "properties": {"OBJECTID": 28322, "US_NODE_ID": "2177101705", "DS_NODE_ID": "2177101704", "CONDUIT_LE": 29.900000000000002, "SHAPE_1": "RECT", "CONDUIT_WI": 3000, "CONDUIT_HE": 1058, "US_INVERT": 27.580000000000002, "DS_INVERT": 27.55, "USER_TEXT2": "Existing", "SHAPE.LEN": 29.8919694934944}}, {"type": "Feature", "id": 28318, "geometry": {"type": "LineString", "coordinates": [[72.88176580685693, 19.077448310405316], [72.88157081547035, 19.0776463768794]]}, "properties": {"OBJECTID": 28318, "US_NODE_ID": "2177101701", "DS_NODE_ID": "2177100704", "CONDUIT_LE": 30, "SHAPE_1": "OREC", "CONDUIT_WI": 3096, "CONDUIT_HE": 1938, "US_INVERT": 27.47, "DS_INVERT": 27.438000000000002, "USER_TEXT2": "Existing", "SHAPE.LEN": 30.036733213350598}}, {"type": "Feature", "id": 28534, "geometry": {"type": "LineString", "coordinates": [[72.88161880060059, 19.08136591019948], [72.8815129324774, 19.081174102702914]]}, "properties": {"OBJECTID": 28534, "US_NODE_ID": "2177111101", "DS_NODE_ID": "2177110104", "CONDUIT_LE": 24, "SHAPE_1": "RECT", "CONDUIT_WI": 1500, "CONDUIT_HE": 1634, "US_INVERT": 27.564, "DS_INVERT": 27.461000000000002, "USER_TEXT2": "Existing", "SHAPE.LEN": 23.9827020996384}}, {"type": "Feature", "id": 28537, "geometry": {"type": "LineString", "coordinates": [[72.88184898734744, 19.082241117014846], [72.88172764734304, 19.081995838692805]]}, "properties": {"OBJECTID": 28537, "US_NODE_ID": "2177111203", "DS_NODE_ID": "2177111202", "CONDUIT_LE": 30, "SHAPE_1": "RECT", "CONDUIT_WI": 2000, "CONDUIT_HE": 1717, "US_INVERT": 27.581000000000003, "DS_INVERT": 27.283, "USER_TEXT2": "Existing", "SHAPE.LEN": 30.010164944565002}}, {"type": "Feature", "id": 28538, "geometry": {"type": "LineString", "coordinates": [[72.88197741433778, 19.082481460880974], [72.88184898734744, 19.082241117014846]]}, "properties": {"OBJECTID": 28538, "US_NODE_ID": "2177111301", "DS_NODE_ID": "2177111203", "CONDUIT_LE": 29.8, "SHAPE_1": "RECT", "CONDUIT_WI": 2000, "CONDUIT_HE": 1648, "US_INVERT": 27.877000000000002, "DS_INVERT": 27.581000000000003, "USER_TEXT2": "Existing", "SHAPE.LEN": 29.847083317805097}}, {"type": "Feature", "id": 28095, "geometry": {"type": "LineString", "coordinates": [[72.88345467053229, 19.06025744581573], [72.88334783184212, 19.060179302280574]]}, "properties": {"OBJECTID": 28095, "US_NODE_ID": "2177082805", "DS_NODE_ID": "2177082804", "CONDUIT_LE": 14.200000000000001, "SHAPE_1": "OREC", "CONDUIT_WI": 15000, "CONDUIT_HE": 2355, "US_INVERT": 25.852, "DS_INVERT": 25.843, "USER_TEXT2": "Existing", "SHAPE.LEN": 14.1902000902031}}, {"type": "Feature", "id": 28102, "geometry": {"type": "LineString", "coordinates": [[72.8838903936685, 19.06060466387758], [72.8836787880044, 19.060425272621902]]}, "properties": {"OBJECTID": 28102, "US_NODE_ID": "2177083801", "DS_NODE_ID": "2177082806", "CONDUIT_LE": 29.8, "SHAPE_1": "OREC", "CONDUIT_WI": 15000, "CONDUIT_HE": 1994, "US_INVERT": 25.892000000000003, "DS_INVERT": 25.872, "USER_TEXT2": "Existing", "SHAPE.LEN": 29.8454144501295}}, {"type": "Feature", "id": 28137, "geometry": {"type": "LineString", "coordinates": [[72.88246861583706, 19.068112578689746], [72.88285543897362, 19.067448708940752]]}, "properties": {"OBJECTID": 28137, "US_NODE_ID": "2177091707", "DS_NODE_ID": "2177092601", "CONDUIT_LE": 84, "SHAPE_1": "RECT", "CONDUIT_WI": 4800, "CONDUIT_HE": 1630, "US_INVERT": 26.999000000000002, "DS_INVERT": 26.995, "USER_TEXT2": "Existing", "SHAPE.LEN": 84.027942636066}}, {"type": "Feature", "id": 28325, "geometry": {"type": "LineString", "coordinates": [[72.88331303308073, 19.073120433903043], [72.8835074447401, 19.07292304289585]]}, "properties": {"OBJECTID": 28325, "US_NODE_ID": "2177102203", "DS_NODE_ID": "2177102204", "CONDUIT_LE": 29.900000000000002, "SHAPE_1": "OREC", "CONDUIT_WI": 3290, "CONDUIT_HE": 1419, "US_INVERT": 27.589000000000002, "DS_INVERT": 27.519000000000002, "USER_TEXT2": "Existing", "SHAPE.LEN": 29.940774873072296}}, {"type": "Feature", "id": 28333, "geometry": {"type": "LineString", "coordinates": [[72.88282356872746, 19.07732316057189], [72.88253874580032, 19.077308145722085]]}, "properties": {"OBJECTID": 28333, "US_NODE_ID": "2177102702", "DS_NODE_ID": "2177102701", "CONDUIT_LE": 30, "SHAPE_1": "RECT", "CONDUIT_WI": 3000, "CONDUIT_HE": 1228, "US_INVERT": 27.900000000000002, "DS_INVERT": 27.7, "USER_TEXT2": "Existing", "SHAPE.LEN": 30.0281534563816}}, {"type": "Feature", "id": 28544, "geometry": {"type": "LineString", "coordinates": [[72.88266602713476, 19.08366431924498], [72.882505063188, 19.083440911181125]]}, "properties": {"OBJECTID": 28544, "US_NODE_ID": "2177112402", "DS_NODE_ID": "2177112401", "CONDUIT_LE": 30, "SHAPE_1": "RECT", "CONDUIT_WI": 2000, "CONDUIT_HE": 1973, "US_INVERT": 28.962, "DS_INVERT": 28.773, "USER_TEXT2": "Existing", "SHAPE.LEN": 29.9816266364919}}, {"type": "Feature", "id": 28569, "geometry": {"type": "LineString", "coordinates": [[72.88481647902358, 19.084415047525788], [72.88337814989139, 19.08392161432409]]}, "properties": {"OBJECTID": 28569, "US_NODE_ID": "2177114501", "DS_NODE_ID": "2177112407", "CONDUIT_LE": 161, "SHAPE_1": "RECT", "CONDUIT_WI": 1500, "CONDUIT_HE": 1500, "US_INVERT": 30.38, "DS_INVERT": 29.5, "USER_TEXT2": "Existing", "SHAPE.LEN": 160.95549457145}}, {"type": "Feature", "id": 28610, "geometry": {"type": "LineString", "coordinates": [[72.88273524301609, 19.096665219451573], [72.88245473415998, 19.09661928716789]]}, "properties": {"OBJECTID": 28610, "US_NODE_ID": "2177122802", "DS_NODE_ID": "2177122801", "CONDUIT_LE": 30, "SHAPE_1": "OREC", "CONDUIT_WI": 14490, "CONDUIT_HE": 2756, "US_INVERT": 28.303, "DS_INVERT": 28.138, "USER_TEXT2": "Existing", "SHAPE.LEN": 29.959324478532597}}, {"type": "Feature", "id": 28722, "geometry": {"type": "LineString", "coordinates": [[72.88339106573639, 19.11494912229741], [72.88290598450877, 19.112894925784452]]}, "properties": {"OBJECTID": 28722, "US_NODE_ID": "2177143801", "DS_NODE_ID": "2177142601", "CONDUIT_LE": 233.1, "SHAPE_1": "RECT", "CONDUIT_WI": 1000, "CONDUIT_HE": 1000, "US_INVERT": 37.493, "DS_INVERT": 35.821000000000005, "USER_TEXT2": "Proposal", "SHAPE.LEN": 233.09371505898702}}, {"type": "Feature", "id": 28191, "geometry": {"type": "LineString", "coordinates": [[72.884733672185, 19.063083909906126], [72.88483397431966, 19.06285724366064]]}, "properties": {"OBJECTID": 28191, "US_NODE_ID": "2177094102", "DS_NODE_ID": "2177094104", "CONDUIT_LE": 27.2, "SHAPE_1": "OREC", "CONDUIT_WI": 5650, "CONDUIT_HE": 2648, "US_INVERT": 26.175, "DS_INVERT": 26.150000000000002, "USER_TEXT2": "Existing", "SHAPE.LEN": 27.226648032396497}}, {"type": "Feature", "id": 28192, "geometry": {"type": "LineString", "coordinates": [[72.88476885610142, 19.063404158540944], [72.8848531958304, 19.06324842944983]]}, "properties": {"OBJECTID": 28192, "US_NODE_ID": "2177094103", "DS_NODE_ID": "2177094105", "CONDUIT_LE": 19.400000000000002, "SHAPE_1": "OREC", "CONDUIT_WI": 10160, "CONDUIT_HE": 1629, "US_INVERT": 26.73, "DS_INVERT": 26.72, "USER_TEXT2": "Existing", "SHAPE.LEN": 19.3935967215986}}, {"type": "Feature", "id": 28176, "geometry": {"type": "LineString", "coordinates": [[72.8837027691839, 19.065781551222635], [72.88382530473025, 19.06551293553965]]}, "properties": {"OBJECTID": 28176, "US_NODE_ID": "2177093402", "DS_NODE_ID": "2177093403", "CONDUIT_LE": 32.4, "SHAPE_1": "OREC", "CONDUIT_WI": 10020, "CONDUIT_HE": 1549, "US_INVERT": 26.89, "DS_INVERT": 26.88, "USER_TEXT2": "Existing", "SHAPE.LEN": 32.4172775496339}}, {"type": "Feature", "id": 28336, "geometry": {"type": "LineString", "coordinates": [[72.884504527285, 19.071624676800724], [72.88468547689625, 19.071416581327732]]}, "properties": {"OBJECTID": 28336, "US_NODE_ID": "2177103001", "DS_NODE_ID": "2177104001", "CONDUIT_LE": 29.900000000000002, "SHAPE_1": "OREC", "CONDUIT_WI": 4897, "CONDUIT_HE": 1868, "US_INVERT": 27.240000000000002, "DS_INVERT": 27.194000000000003, "USER_TEXT2": "Existing", "SHAPE.LEN": 29.894244894962597}}, {"type": "Feature", "id": 28338, "geometry": {"type": "LineString", "coordinates": [[72.8839823123666, 19.072260975641402], [72.88413148352997, 19.072035062992995]]}, "properties": {"OBJECTID": 28338, "US_NODE_ID": "2177103102", "DS_NODE_ID": "2177103103", "CONDUIT_LE": 29.5, "SHAPE_1": "OREC", "CONDUIT_WI": 5005, "CONDUIT_HE": 1655, "US_INVERT": 27.383000000000003, "DS_INVERT": 27.331000000000003, "USER_TEXT2": "Existing", "SHAPE.LEN": 29.533032353620598}}, {"type": "Feature", "id": 28346, "geometry": {"type": "LineString", "coordinates": [[72.88396509489122, 19.074294892102856], [72.88443321818413, 19.074183168972194]]}, "properties": {"OBJECTID": 28346, "US_NODE_ID": "2177103301!", "DS_NODE_ID": "2177103302!", "CONDUIT_LE": 50.800000000000004, "SHAPE_1": "OREC", "CONDUIT_WI": 4500, "CONDUIT_HE": 2075, "US_INVERT": 26.924000000000003, "DS_INVERT": 26.873, "USER_TEXT2": "Existing", "SHAPE.LEN": 50.8069879549064}}, {"type": "Feature", "id": 28348, "geometry": {"type": "LineString", "coordinates": [[72.88443321818413, 19.074183168972194], [72.88490637765523, 19.07408636666148]]}, "properties": {"OBJECTID": 28348, "US_NODE_ID": "2177103302!", "DS_NODE_ID": "2177104301!", "CONDUIT_LE": 50.9, "SHAPE_1": "OREC", "CONDUIT_WI": 4500, "CONDUIT_HE": 2127, "US_INVERT": 26.873, "DS_INVERT": 26.822000000000003, "USER_TEXT2": "Existing", "SHAPE.LEN": 50.9484297025924}}, {"type": "Feature", "id": 28570, "geometry": {"type": "LineString", "coordinates": [[72.88492793683012, 19.08467048376233], [72.88391353154603, 19.084285455692534]]}, "properties": {"OBJECTID": 28570, "US_NODE_ID": "2177114502", "DS_NODE_ID": "2177113402", "CONDUIT_LE": 115, "SHAPE_1": "RECT", "CONDUIT_WI": 1800, "CONDUIT_HE": 1200, "US_INVERT": 30.869, "DS_INVERT": 29.92, "USER_TEXT2": "Existing", "SHAPE.LEN": 114.972403810393}}, {"type": "Feature", "id": 28566, "geometry": {"type": "LineString", "coordinates": [[72.88409610113645, 19.087310810127136], [72.88398330369645, 19.08676664778704]]}, "properties": {"OBJECTID": 28566, "US_NODE_ID": "2177113802", "DS_NODE_ID": "2177113703", "CONDUIT_LE": 61.4, "SHAPE_1": "CIRC", "CONDUIT_WI": 900, "CONDUIT_HE": 900, "US_INVERT": 31.235000000000003, "DS_INVERT": 31.168000000000003, "USER_TEXT2": "Existing", "SHAPE.LEN": 61.4065957369402}}, {"type": "Feature", "id": 28567, "geometry": {"type": "LineString", "coordinates": [[72.88414466074475, 19.08790055890929], [72.88400678516305, 19.08730188056072]]}, "properties": {"OBJECTID": 28567, "US_NODE_ID": "2177113803", "DS_NODE_ID": "2177113801", "CONDUIT_LE": 67.9, "SHAPE_1": "RECT", "CONDUIT_WI": 1500, "CONDUIT_HE": 1500, "US_INVERT": 31.970000000000002, "DS_INVERT": 31.330000000000002, "USER_TEXT2": "Existing", "SHAPE.LEN": 67.85383044464031}}, {"type": "Feature", "id": 28568, "geometry": {"type": "LineString", "coordinates": [[72.88421665955578, 19.08784241576191], [72.88409610113645, 19.087310810127136]]}, "properties": {"OBJECTID": 28568, "US_NODE_ID": "2177113804", "DS_NODE_ID": "2177113802", "CONDUIT_LE": 60.2, "SHAPE_1": "CIRC", "CONDUIT_WI": 900, "CONDUIT_HE": 900, "US_INVERT": 31.3, "DS_INVERT": 31.235000000000003, "USER_TEXT2": "Existing", "SHAPE.LEN": 60.2100489951636}}, {"type": "Feature", "id": 28614, "geometry": {"type": "LineString", "coordinates": [[72.88367287313595, 19.096834723038686], [72.88350937822992, 19.096807328234853]]}, "properties": {"OBJECTID": 28614, "US_NODE_ID": "2177123803", "DS_NODE_ID": "2177123802", "CONDUIT_LE": 17.5, "SHAPE_1": "RECT", "CONDUIT_WI": 8000, "CONDUIT_HE": 3187, "US_INVERT": 28.752000000000002, "DS_INVERT": 28.701, "USER_TEXT2": "Existing", "SHAPE.LEN": 17.4736411053907}}, {"type": "Feature", "id": 28615, "geometry": {"type": "LineString", "coordinates": [[72.88365106758884, 19.09701742009272], [72.88367287313595, 19.096834723038686]]}, "properties": {"OBJECTID": 28615, "US_NODE_ID": "2177123901", "DS_NODE_ID": "2177123803", "CONDUIT_LE": 20.400000000000002, "SHAPE_1": "OREC", "CONDUIT_WI": 5781, "CONDUIT_HE": 2622, "US_INVERT": 28.757, "DS_INVERT": 28.752000000000002, "USER_TEXT2": "Existing", "SHAPE.LEN": 20.357421383122198}}, {"type": "Feature", "id": 28620, "geometry": {"type": "LineString", "coordinates": [[72.88451919224815, 19.097467481721914], [72.88435540511031, 19.097516292374593]]}, "properties": {"OBJECTID": 28620, "US_NODE_ID": "2177124902", "DS_NODE_ID": "2177124901", "CONDUIT_LE": 18.1, "SHAPE_1": "OREC", "CONDUIT_WI": 8260, "CONDUIT_HE": 3455, "US_INVERT": 29.544, "DS_INVERT": 29.479000000000003, "USER_TEXT2": "Existing", "SHAPE.LEN": 18.0662786057339}}, {"type": "Feature", "id": 28720, "geometry": {"type": "LineString", "coordinates": [[72.8838629828927, 19.11034877638487], [72.88434993040235, 19.10904553621074]]}, "properties": {"OBJECTID": 28720, "US_NODE_ID": "2177143301", "DS_NODE_ID": "2177144201", "CONDUIT_LE": 153.1, "SHAPE_1": "RECT", "CONDUIT_WI": 1000, "CONDUIT_HE": 1000, "US_INVERT": 34.818000000000005, "DS_INVERT": 34.258, "USER_TEXT2": "Proposal", "SHAPE.LEN": 153.121716291322}}, {"type": "Feature", "id": 28116, "geometry": {"type": "LineString", "coordinates": [[72.8860337082019, 19.055304744580006], [72.88551652500045, 19.054906633831436]]}, "properties": {"OBJECTID": 28116, "US_NODE_ID": "2177085201", "DS_NODE_ID": "2177084203", "CONDUIT_LE": 70.10000000000001, "SHAPE_1": "OREC", "CONDUIT_WI": 4700, "CONDUIT_HE": 2309, "US_INVERT": 26.23, "DS_INVERT": 26.175, "USER_TEXT2": "Proposal", "SHAPE.LEN": 70.0534482493189}}, {"type": "Feature", "id": 28115, "geometry": {"type": "LineString", "coordinates": [[72.88536587923774, 19.06167716384651], [72.88524637433534, 19.06159276718531], [72.88524668564112, 19.061591366162304]]}, "properties": {"OBJECTID": 28115, "US_NODE_ID": "2177084904", "DS_NODE_ID": "2177084903", "CONDUIT_LE": 15.8, "SHAPE_1": "OREC", "CONDUIT_WI": 15000, "CONDUIT_HE": 1982, "US_INVERT": 26.017000000000003, "DS_INVERT": 26.01, "USER_TEXT2": "Existing", "SHAPE.LEN": 15.8299150153609}}, {"type": "Feature", "id": 28194, "geometry": {"type": "LineString", "coordinates": [[72.8848531958304, 19.06324842944983], [72.88495552148777, 19.063047513419047]]}, "properties": {"OBJECTID": 28194, "US_NODE_ID": "2177094105", "DS_NODE_ID": "2177094107", "CONDUIT_LE": 24.7, "SHAPE_1": "RECT", "CONDUIT_WI": 14000, "CONDUIT_HE": 2179, "US_INVERT": 26.72, "DS_INVERT": 26.7, "USER_TEXT2": "Existing", "SHAPE.LEN": 24.7157508330214}}, {"type": "Feature", "id": 28357, "geometry": {"type": "LineString", "coordinates": [[72.88521740000935, 19.07083352375821], [72.8852424290287, 19.070807615930914]]}, "properties": {"OBJECTID": 28357, "US_NODE_ID": "2177104008", "DS_NODE_ID": "2177104009", "CONDUIT_LE": 3.9, "SHAPE_1": "RECT", "CONDUIT_WI": 4700, "CONDUIT_HE": 1928, "US_INVERT": 27.072000000000003, "DS_INVERT": 27.066000000000003, "USER_TEXT2": "Existing", "SHAPE.LEN": 3.89486841883009}}, {"type": "Feature", "id": 28360, "geometry": {"type": "LineString", "coordinates": [[72.88541863104997, 19.070922329692486], [72.88525329087764, 19.07079568182246]]}, "properties": {"OBJECTID": 28360, "US_NODE_ID": "2177104011", "DS_NODE_ID": "2177104010", "CONDUIT_LE": 22.400000000000002, "SHAPE_1": "OREC", "CONDUIT_WI": 4000, "CONDUIT_HE": 2069, "US_INVERT": 27.080000000000002, "DS_INVERT": 27.073, "USER_TEXT2": "Existing", "SHAPE.LEN": 22.3508630535825}}, {"type": "Feature", "id": 28375, "geometry": {"type": "LineString", "coordinates": [[72.88547126097085, 19.070956899218753], [72.88541863104997, 19.070922329692486]]}, "properties": {"OBJECTID": 28375, "US_NODE_ID": "2177105001", "DS_NODE_ID": "2177104011", "CONDUIT_LE": 6.7, "SHAPE_1": "RECT", "CONDUIT_WI": 4000, "CONDUIT_HE": 2067, "US_INVERT": 27.082, "DS_INVERT": 27.080000000000002, "USER_TEXT2": "Existing", "SHAPE.LEN": 6.73382278501595}}, {"type": "Feature", "id": 28353, "geometry": {"type": "LineString", "coordinates": [[72.8849573126366, 19.071115974525075], [72.88502575081272, 19.071038174877728]]}, "properties": {"OBJECTID": 28353, "US_NODE_ID": "2177104004", "DS_NODE_ID": "2177104006", "CONDUIT_LE": 11.200000000000001, "SHAPE_1": "RECT", "CONDUIT_WI": 6000, "CONDUIT_HE": 2062, "US_INVERT": 27.136000000000003, "DS_INVERT": 27.128, "USER_TEXT2": "Existing", "SHAPE.LEN": 11.2294256309038}}, {"type": "Feature", "id": 28367, "geometry": {"type": "LineString", "coordinates": [[72.8851227146256, 19.073120467951263], [72.88507037111455, 19.073006476681385]]}, "properties": {"OBJECTID": 28367, "US_NODE_ID": "2177104202", "DS_NODE_ID": "2177104201", "CONDUIT_LE": 13.8, "SHAPE_1": "OREC", "CONDUIT_WI": 2500, "CONDUIT_HE": 2320, "US_INVERT": 27.209, "DS_INVERT": 27.205000000000002, "USER_TEXT2": "Existing", "SHAPE.LEN": 13.771114148463099}}, {"type": "Feature", "id": 28369, "geometry": {"type": "LineString", "coordinates": [[72.88523593632524, 19.073201774470597], [72.8851227146256, 19.073120467951263]]}, "properties": {"OBJECTID": 28369, "US_NODE_ID": "2177104204", "DS_NODE_ID": "2177104202", "CONDUIT_LE": 14.9, "SHAPE_1": "OREC", "CONDUIT_WI": 2499, "CONDUIT_HE": 2037, "US_INVERT": 27.212, "DS_INVERT": 27.209, "USER_TEXT2": "Existing", "SHAPE.LEN": 14.9361843591327}}, {"type": "Feature", "id": 28374, "geometry": {"type": "LineString", "coordinates": [[72.88530705915126, 19.07401755142539], [72.88559049892365, 19.073923388596782]]}, "properties": {"OBJECTID": 28374, "US_NODE_ID": "2177104302", "DS_NODE_ID": "2177105319", "CONDUIT_LE": 31.6, "SHAPE_1": "OREC", "CONDUIT_WI": 4500, "CONDUIT_HE": 2621, "US_INVERT": 26.779, "DS_INVERT": 26.747, "USER_TEXT2": "Existing", "SHAPE.LEN": 31.6059839266238}}, {"type": "Feature", "id": 28455, "geometry": {"type": "LineString", "coordinates": [[72.88558858230388, 19.074224156911846], [72.88559141771468, 19.074198960990877], [72.8856268784246, 19.074153598872744]]}, "properties": {"OBJECTID": 28455, "US_NODE_ID": "2177105320", "DS_NODE_ID": "2177105303", "CONDUIT_LE": 9.1, "SHAPE_1": "OREC", "CONDUIT_WI": 1465, "CONDUIT_HE": 3221, "US_INVERT": 26.779, "DS_INVERT": 26.77, "USER_TEXT2": "Existing", "SHAPE.LEN": 9.06316572601537}}, {"type": "Feature", "id": 28429, "geometry": {"type": "LineString", "coordinates": [[72.88564743626056, 19.074026461291524], [72.88571099385982, 19.073960071662313]]}, "properties": {"OBJECTID": 28429, "US_NODE_ID": "2177105307", "DS_NODE_ID": "2177105312", "CONDUIT_LE": 9.9, "SHAPE_1": "OREC", "CONDUIT_WI": 1465, "CONDUIT_HE": 3044, "US_INVERT": 26.755000000000003, "DS_INVERT": 26.745, "USER_TEXT2": "Existing", "SHAPE.LEN": 9.93943148877238}}, {"type": "Feature", "id": 28434, "geometry": {"type": "LineString", "coordinates": [[72.88570011974598, 19.073761746879217], [72.88571455631391, 19.073683060246]]}, "properties": {"OBJECTID": 28434, "US_NODE_ID": "2177105310!", "DS_NODE_ID": "2177105311!", "CONDUIT_LE": 8.8, "SHAPE_1": "OREC", "CONDUIT_WI": 13000, "CONDUIT_HE": 2173, "US_INVERT": 26.434, "DS_INVERT": 26.428, "USER_TEXT2": "Existing", "SHAPE.LEN": 8.84345670029542}}, {"type": "Feature", "id": 28435, "geometry": {"type": "LineString", "coordinates": [[72.88570011974598, 19.073761746879217], [72.88571455631391, 19.073683060246]]}, "properties": {"OBJECTID": 28435, "US_NODE_ID": "2177105310", "DS_NODE_ID": "2177105311", "CONDUIT_LE": 8.8, "SHAPE_1": "OREC", "CONDUIT_WI": 13000, "CONDUIT_HE": 2173, "US_INVERT": 26.434, "DS_INVERT": 26.428, "USER_TEXT2": "Existing", "SHAPE.LEN": 8.84345670029542}}, {"type": "Feature", "id": 28447, "geometry": {"type": "LineString", "coordinates": [[72.88585074017327, 19.07397482085891], [72.88579605325803, 19.073895938424123]]}, "properties": {"OBJECTID": 28447, "US_NODE_ID": "2177105316", "DS_NODE_ID": "2177105315", "CONDUIT_LE": 10.5, "SHAPE_1": "OREC", "CONDUIT_WI": 13000, "CONDUIT_HE": 3353, "US_INVERT": 26.454, "DS_INVERT": 26.447000000000003, "USER_TEXT2": "Existing", "SHAPE.LEN": 10.4601988097741}}, {"type": "Feature", "id": 28218, "geometry": {"type": "LineString", "coordinates": [[72.88695492945328, 19.063302933042714], [72.88677864204966, 19.063089700011748]]}, "properties": {"OBJECTID": 28218, "US_NODE_ID": "2177096103", "DS_NODE_ID": "2177096102", "CONDUIT_LE": 30, "SHAPE_1": "OREC", "CONDUIT_WI": 10256, "CONDUIT_HE": 2309, "US_INVERT": 26.047, "DS_INVERT": 26.044, "USER_TEXT2": "Existing", "SHAPE.LEN": 30.029557903672195}}, {"type": "Feature", "id": 28240, "geometry": {"type": "LineString", "coordinates": [[72.8869017261352, 19.070029691022217], [72.88699042947465, 19.069927086726302]]}, "properties": {"OBJECTID": 28240, "US_NODE_ID": "2177096905!", "DS_NODE_ID": "2177096906!", "CONDUIT_LE": 14.700000000000001, "SHAPE_1": "OREC", "CONDUIT_WI": 10000, "CONDUIT_HE": 2672, "US_INVERT": 26.135, "DS_INVERT": 26.134, "USER_TEXT2": "Existing", "SHAPE.LEN": 14.705222913305299}}, {"type": "Feature", "id": 28397, "geometry": {"type": "LineString", "coordinates": [[72.88595392164898, 19.071336966026102], [72.8859920332766, 19.071178426760074]]}, "properties": {"OBJECTID": 28397, "US_NODE_ID": "2177105014!", "DS_NODE_ID": "2177105015!", "CONDUIT_LE": 18, "SHAPE_1": "OREC", "CONDUIT_WI": 13000, "CONDUIT_HE": 2355, "US_INVERT": 26.243000000000002, "DS_INVERT": 26.23, "USER_TEXT2": "Existing", "SHAPE.LEN": 18.005554698481202}}, {"type": "Feature", "id": 28404, "geometry": {"type": "LineString", "coordinates": [[72.88603004070791, 19.07110298754928], [72.8860900060316, 19.07101696353789]]}, "properties": {"OBJECTID": 28404, "US_NODE_ID": "2177105017", "DS_NODE_ID": "2177105006", "CONDUIT_LE": 11.4, "SHAPE_1": "OREC", "CONDUIT_WI": 13000, "CONDUIT_HE": 2384, "US_INVERT": 26.223000000000003, "DS_INVERT": 26.215, "USER_TEXT2": "Existing", "SHAPE.LEN": 11.4262648284555}}, {"type": "Feature", "id": 28406, "geometry": {"type": "LineString", "coordinates": [[72.88584086393581, 19.072415615370378], [72.88587335343661, 19.072146279276776]]}, "properties": {"OBJECTID": 28406, "US_NODE_ID": "2177105101", "DS_NODE_ID": "2177105102", "CONDUIT_LE": 30, "SHAPE_1": "OREC", "CONDUIT_WI": 13000, "CONDUIT_HE": 2279, "US_INVERT": 26.328000000000003, "DS_INVERT": 26.307000000000002, "USER_TEXT2": "Existing", "SHAPE.LEN": 30.0154077939981}}, {"type": "Feature", "id": 28462, "geometry": {"type": "LineString", "coordinates": [[72.88592036230226, 19.074738241263358], [72.88589135773896, 19.074593963694394]]}, "properties": {"OBJECTID": 28462, "US_NODE_ID": "2177105404!", "DS_NODE_ID": "2177105403!", "CONDUIT_LE": 16.3, "SHAPE_1": "OREC", "CONDUIT_WI": 1624, "CONDUIT_HE": 3351, "US_INVERT": 26.849, "DS_INVERT": 26.833000000000002, "USER_TEXT2": "Existing", "SHAPE.LEN": 16.2630709676863}}, {"type": "Feature", "id": 28464, "geometry": {"type": "LineString", "coordinates": [[72.885962003474, 19.074884826209253], [72.88594069408286, 19.07483062741336], [72.88592036230226, 19.074738241263358]]}, "properties": {"OBJECTID": 28464, "US_NODE_ID": "2177105405!", "DS_NODE_ID": "2177105404!", "CONDUIT_LE": 16.9, "SHAPE_1": "OREC", "CONDUIT_WI": 1624, "CONDUIT_HE": 3334, "US_INVERT": 26.866, "DS_INVERT": 26.849, "USER_TEXT2": "Existing", "SHAPE.LEN": 16.8564429018127}}, {"type": "Feature", "id": 28475, "geometry": {"type": "LineString", "coordinates": [[72.88605427390276, 19.07530554304796], [72.88618670756601, 19.075165545061328]]}, "properties": {"OBJECTID": 28475, "US_NODE_ID": "2177105502", "DS_NODE_ID": "2177105407", "CONDUIT_LE": 20.8, "SHAPE_1": "OREC", "CONDUIT_WI": 1687, "CONDUIT_HE": 3472, "US_INVERT": 26.928, "DS_INVERT": 26.908, "USER_TEXT2": "Existing", "SHAPE.LEN": 20.8470688783819}}, {"type": "Feature", "id": 28476, "geometry": {"type": "LineString", "coordinates": [[72.8865271640957, 19.074452610687125], [72.88631731997248, 19.074293937888715]]}, "properties": {"OBJECTID": 28476, "US_NODE_ID": "2177106401!", "DS_NODE_ID": "2177105318!", "CONDUIT_LE": 28.2, "SHAPE_1": "OREC", "CONDUIT_WI": 13000, "CONDUIT_HE": 2490, "US_INVERT": 26.517000000000003, "DS_INVERT": 26.497, "USER_TEXT2": "Existing", "SHAPE.LEN": 28.223748865095896}}, {"type": "Feature", "id": 28480, "geometry": {"type": "LineString", "coordinates": [[72.88694282920248, 19.074804941241727], [72.88672728058881, 19.07462923723835]]}, "properties": {"OBJECTID": 28480, "US_NODE_ID": "2177106403!", "DS_NODE_ID": "2177106402!", "CONDUIT_LE": 29.900000000000002, "SHAPE_1": "OREC", "CONDUIT_WI": 13000, "CONDUIT_HE": 2238, "US_INVERT": 26.559, "DS_INVERT": 26.538, "USER_TEXT2": "Existing", "SHAPE.LEN": 29.8877182886215}}, {"type": "Feature", "id": 28262, "geometry": {"type": "LineString", "coordinates": [[72.88763209847278, 19.06822489284198], [72.88777494410729, 19.067992842973126]]}, "properties": {"OBJECTID": 28262, "US_NODE_ID": "2177097703", "DS_NODE_ID": "2177097601", "CONDUIT_LE": 29.8, "SHAPE_1": "OREC", "CONDUIT_WI": 13000, "CONDUIT_HE": 2799, "US_INVERT": 26.107000000000003, "DS_INVERT": 26.104000000000003, "USER_TEXT2": "Existing", "SHAPE.LEN": 29.768947321160002}}, {"type": "Feature", "id": 28255, "geometry": {"type": "LineString", "coordinates": [[72.88788780318094, 19.067770206622477], [72.88791609118188, 19.06772941898747]]}, "properties": {"OBJECTID": 28255, "US_NODE_ID": "2177097603", "DS_NODE_ID": "2177097604", "CONDUIT_LE": 5.4, "SHAPE_1": "RECT", "CONDUIT_WI": 13000, "CONDUIT_HE": 2185, "US_INVERT": 26.101000000000003, "DS_INVERT": 26.101000000000003, "USER_TEXT2": "Existing", "SHAPE.LEN": 5.409336821644589}}, {"type": "Feature", "id": 28244, "geometry": {"type": "LineString", "coordinates": [[72.8870072154524, 19.069900834838], [72.88703648951015, 19.069864970707737]]}, "properties": {"OBJECTID": 28244, "US_NODE_ID": "2177096907!", "DS_NODE_ID": "2177096801!", "CONDUIT_LE": 5, "SHAPE_1": "RECT", "CONDUIT_WI": 10000, "CONDUIT_HE": 2874, "US_INVERT": 26.133000000000003, "DS_INVERT": 26.133000000000003, "USER_TEXT2": "Existing", "SHAPE.LEN": 5.0262895579144695}}, {"type": "Feature", "id": 28482, "geometry": {"type": "LineString", "coordinates": [[72.88716482283657, 19.0749767119829], [72.88694282920248, 19.074804941241727]]}, "properties": {"OBJECTID": 28482, "US_NODE_ID": "2177106404!", "DS_NODE_ID": "2177106403!", "CONDUIT_LE": 30.1, "SHAPE_1": "OREC", "CONDUIT_WI": 13000, "CONDUIT_HE": 2247, "US_INVERT": 26.580000000000002, "DS_INVERT": 26.559, "USER_TEXT2": "Existing", "SHAPE.LEN": 30.1292156972265}}, {"type": "Feature", "id": 28491, "geometry": {"type": "LineString", "coordinates": [[72.88804267003829, 19.07566932656727], [72.8878278986727, 19.075489834309053]]}, "properties": {"OBJECTID": 28491, "US_NODE_ID": "2177107503", "DS_NODE_ID": "2177107502", "CONDUIT_LE": 30.1, "SHAPE_1": "OREC", "CONDUIT_WI": 13000, "CONDUIT_HE": 2041, "US_INVERT": 26.666, "DS_INVERT": 26.644000000000002, "USER_TEXT2": "Existing", "SHAPE.LEN": 30.100784817841497}}, {"type": "Feature", "id": 28577, "geometry": {"type": "LineString", "coordinates": [[72.88713129539764, 19.08165023202954], [72.88773221681296, 19.08133040286884]]}, "properties": {"OBJECTID": 28577, "US_NODE_ID": "2177116202!", "DS_NODE_ID": "2177117101!", "CONDUIT_LE": 72.5, "SHAPE_1": "OREC", "CONDUIT_WI": 4800, "CONDUIT_HE": 2283, "US_INVERT": 27.916, "DS_INVERT": 27.843, "USER_TEXT2": "Existing", "SHAPE.LEN": 72.4917027242429}}, {"type": "Feature", "id": 28586, "geometry": {"type": "LineString", "coordinates": [[72.88773221681296, 19.08133040286884], [72.88827850878664, 19.08103209106128]]}, "properties": {"OBJECTID": 28586, "US_NODE_ID": "2177117101!", "DS_NODE_ID": "2177118101!", "CONDUIT_LE": 66.3, "SHAPE_1": "OREC", "CONDUIT_WI": 4800, "CONDUIT_HE": 2157, "US_INVERT": 27.843, "DS_INVERT": 27.777, "USER_TEXT2": "Existing", "SHAPE.LEN": 66.3143715753984}}, {"type": "Feature", "id": 28650, "geometry": {"type": "LineString", "coordinates": [[72.88714861739578, 19.10027259018304], [72.88705451747656, 19.1002751233285]]}, "properties": {"OBJECTID": 28650, "US_NODE_ID": "2177137202", "DS_NODE_ID": "2177137201", "CONDUIT_LE": 9.9, "SHAPE_1": "OREC", "CONDUIT_WI": 13000, "CONDUIT_HE": 3724, "US_INVERT": 30.694000000000003, "DS_INVERT": 30.667, "USER_TEXT2": "Existing", "SHAPE.LEN": 9.908077512817508}}, {"type": "Feature", "id": 28273, "geometry": {"type": "LineString", "coordinates": [[72.88843234088249, 19.06593005905948], [72.88828456861899, 19.065693714561615]]}, "properties": {"OBJECTID": 28273, "US_NODE_ID": "2177098401", "DS_NODE_ID": "2177097402", "CONDUIT_LE": 30.400000000000002, "SHAPE_1": "OREC", "CONDUIT_WI": 10268, "CONDUIT_HE": 2129, "US_INVERT": 26.078000000000003, "DS_INVERT": 26.075000000000003, "USER_TEXT2": "Existing", "SHAPE.LEN": 30.4420906734409}}, {"type": "Feature", "id": 28259, "geometry": {"type": "LineString", "coordinates": [[72.88834477447945, 19.067327514582423], [72.88861141836988, 19.067059673055255]]}, "properties": {"OBJECTID": 28259, "US_NODE_ID": "2177097607", "DS_NODE_ID": "2177098504", "CONDUIT_LE": 40.800000000000004, "SHAPE_1": "RECT", "CONDUIT_WI": 13000, "CONDUIT_HE": 2711, "US_INVERT": 26.095000000000002, "DS_INVERT": 26.091, "USER_TEXT2": "Existing", "SHAPE.LEN": 40.8327328610271}}, {"type": "Feature", "id": 28663, "geometry": {"type": "LineString", "coordinates": [[72.8879688320287, 19.102052416450018], [72.88792613505149, 19.101074585282905]]}, "properties": {"OBJECTID": 28663, "US_NODE_ID": "2177138401", "DS_NODE_ID": "2177137301", "CONDUIT_LE": 108.4, "SHAPE_1": "RECT", "CONDUIT_WI": 4000, "CONDUIT_HE": 2000, "US_INVERT": 32.3, "DS_INVERT": 32, "USER_TEXT2": "Existing", "SHAPE.LEN": 108.355341354268}}, {"type": "Feature", "id": 29108, "geometry": {"type": "LineString", "coordinates": [[72.89037810374353, 19.06775794965126], [72.89009948545811, 19.067733406148584]]}, "properties": {"OBJECTID": 29108, "US_NODE_ID": "2178090601", "DS_NODE_ID": "2177099603", "CONDUIT_LE": 29.5, "SHAPE_1": "OREC", "CONDUIT_WI": 7000, "CONDUIT_HE": 1344, "US_INVERT": 27.075000000000003, "DS_INVERT": 27.042, "USER_TEXT2": "Existing", "SHAPE.LEN": 29.456130683611498}}, {"type": "Feature", "id": 28513, "geometry": {"type": "LineString", "coordinates": [[72.88975399937632, 19.078811042858884], [72.88989650032345, 19.078484196577527]]}, "properties": {"OBJECTID": 28513, "US_NODE_ID": "2177109802", "DS_NODE_ID": "2177109803", "CONDUIT_LE": 39.2, "SHAPE_1": "OREC", "CONDUIT_WI": 4800, "CONDUIT_HE": 2352, "US_INVERT": 27.447000000000003, "DS_INVERT": 27.408, "USER_TEXT2": "Existing", "SHAPE.LEN": 39.172954836213194}}, {"type": "Feature", "id": 28515, "geometry": {"type": "LineString", "coordinates": [[72.88989650032345, 19.078484196577527], [72.88994315579382, 19.078405508083314]]}, "properties": {"OBJECTID": 28515, "US_NODE_ID": "2177109803", "DS_NODE_ID": "2177109804", "CONDUIT_LE": 10, "SHAPE_1": "OREC", "CONDUIT_WI": 4800, "CONDUIT_HE": 2391, "US_INVERT": 27.408, "DS_INVERT": 27.398, "USER_TEXT2": "Existing", "SHAPE.LEN": 10.001004908008001}}, {"type": "Feature", "id": 28518, "geometry": {"type": "LineString", "coordinates": [[72.88961286919931, 19.07975020898902], [72.88962835840928, 19.079311424256677]]}, "properties": {"OBJECTID": 28518, "US_NODE_ID": "2177109901!", "DS_NODE_ID": "2177109902!", "CONDUIT_LE": 48.6, "SHAPE_1": "OREC", "CONDUIT_WI": 4800, "CONDUIT_HE": 2446, "US_INVERT": 27.553, "DS_INVERT": 27.504, "USER_TEXT2": "Existing", "SHAPE.LEN": 48.6079385895967}}, {"type": "Feature", "id": 28701, "geometry": {"type": "LineString", "coordinates": [[72.88891765839935, 19.104011672738512], [72.88886416643335, 19.103952106226767]]}, "properties": {"OBJECTID": 28701, "US_NODE_ID": "2177139603", "DS_NODE_ID": "2177139601", "CONDUIT_LE": 8.700000000000001, "SHAPE_1": "OREC", "CONDUIT_WI": 5360, "CONDUIT_HE": 2580, "US_INVERT": 34.219, "DS_INVERT": 34.194, "USER_TEXT2": "Existing", "SHAPE.LEN": 8.67123580408237}}, {"type": "Feature", "id": 29575, "geometry": {"type": "LineString", "coordinates": [[72.88994824748194, 19.104452257006105], [72.88978577705323, 19.10442512000265]]}, "properties": {"OBJECTID": 29575, "US_NODE_ID": "2178130701", "DS_NODE_ID": "2177139708", "CONDUIT_LE": 17.400000000000002, "SHAPE_1": "OREC", "CONDUIT_WI": 3214, "CONDUIT_HE": 2229, "US_INVERT": 34.65, "DS_INVERT": 34.619, "USER_TEXT2": "Existing", "SHAPE.LEN": 17.3616620085751}}, {"type": "Feature", "id": 29116, "geometry": {"type": "LineString", "coordinates": [[72.89140668772222, 19.06595536589159], [72.89157013528744, 19.066176731424672]]}, "properties": {"OBJECTID": 29116, "US_NODE_ID": "2178091402", "DS_NODE_ID": "2178091403", "CONDUIT_LE": 29.900000000000002, "SHAPE_1": "OREC", "CONDUIT_WI": 5122, "CONDUIT_HE": 1563, "US_INVERT": 26.813000000000002, "DS_INVERT": 26.783, "USER_TEXT2": "Existing", "SHAPE.LEN": 29.945617375502497}}, {"type": "Feature", "id": 29110, "geometry": {"type": "LineString", "coordinates": [[72.8909410338981, 19.067830094365608], [72.89065733246566, 19.067803854998637]]}, "properties": {"OBJECTID": 29110, "US_NODE_ID": "2178090603", "DS_NODE_ID": "2178090602", "CONDUIT_LE": 30, "SHAPE_1": "OREC", "CONDUIT_WI": 4426, "CONDUIT_HE": 1469, "US_INVERT": 27.11, "DS_INVERT": 27.09, "USER_TEXT2": "Existing", "SHAPE.LEN": 30.0065726453389}}, {"type": "Feature", "id": 29217, "geometry": {"type": "LineString", "coordinates": [[72.8906733750198, 19.077596240129434], [72.89060284014066, 19.077526178612807]]}, "properties": {"OBJECTID": 29217, "US_NODE_ID": "2178100708!", "DS_NODE_ID": "2178100705!", "CONDUIT_LE": 10.700000000000001, "SHAPE_1": "OREC", "CONDUIT_WI": 13000, "CONDUIT_HE": 2724, "US_INVERT": 27.283, "DS_INVERT": 27.277, "USER_TEXT2": "Existing", "SHAPE.LEN": 10.737723328993}}, {"type": "Feature", "id": 29241, "geometry": {"type": "LineString", "coordinates": [[72.89130945518275, 19.078135976485235], [72.89109890295852, 19.077956402111838]]}, "properties": {"OBJECTID": 29241, "US_NODE_ID": "2178101801!", "DS_NODE_ID": "2178101701!", "CONDUIT_LE": 29.8, "SHAPE_1": "OREC", "CONDUIT_WI": 9600, "CONDUIT_HE": 2690, "US_INVERT": 27.348000000000003, "DS_INVERT": 27.327, "USER_TEXT2": "Existing", "SHAPE.LEN": 29.774419002224}}, {"type": "Feature", "id": 29230, "geometry": {"type": "LineString", "coordinates": [[72.89069182074638, 19.07902577107197], [72.89068194389753, 19.078754695056237]]}, "properties": {"OBJECTID": 29230, "US_NODE_ID": "2178100901", "DS_NODE_ID": "2178100803", "CONDUIT_LE": 30, "SHAPE_1": "RECT", "CONDUIT_WI": 4500, "CONDUIT_HE": 1596, "US_INVERT": 28.11, "DS_INVERT": 28.089000000000002, "USER_TEXT2": "Existing", "SHAPE.LEN": 30.0304932635147}}, {"type": "Feature", "id": 29234, "geometry": {"type": "LineString", "coordinates": [[72.89071248129522, 19.079835800888482], [72.890728276318, 19.079565086484276]]}, "properties": {"OBJECTID": 29234, "US_NODE_ID": "2178100903", "DS_NODE_ID": "2178100904", "CONDUIT_LE": 30, "SHAPE_1": "RECT", "CONDUIT_WI": 4500, "CONDUIT_HE": 2008, "US_INVERT": 28.298000000000002, "DS_INVERT": 28.191000000000003, "USER_TEXT2": "Existing", "SHAPE.LEN": 30.018536223140497}}, {"type": "Feature", "id": 29358, "geometry": {"type": "LineString", "coordinates": [[72.89070477455918, 19.08094096118428], [72.89072611066463, 19.08079546274714]]}, "properties": {"OBJECTID": 29358, "US_NODE_ID": "2178110104!", "DS_NODE_ID": "2178110105!", "CONDUIT_LE": 16.3, "SHAPE_1": "RECT", "CONDUIT_WI": 4500, "CONDUIT_HE": 2177, "US_INVERT": 28.621000000000002, "DS_INVERT": 28.618000000000002, "USER_TEXT2": "Existing", "SHAPE.LEN": 16.2648357277287}}, {"type": "Feature", "id": 29359, "geometry": {"type": "LineString", "coordinates": [[72.89070477455918, 19.08094096118428], [72.89072611066463, 19.08079546274714]]}, "properties": {"OBJECTID": 29359, "US_NODE_ID": "2178110104", "DS_NODE_ID": "2178110105", "CONDUIT_LE": 16.3, "SHAPE_1": "RECT", "CONDUIT_WI": 4500, "CONDUIT_HE": 2177, "US_INVERT": 28.621000000000002, "DS_INVERT": 28.618000000000002, "USER_TEXT2": "Existing", "SHAPE.LEN": 16.2648357277287}}, {"type": "Feature", "id": 29369, "geometry": {"type": "LineString", "coordinates": [[72.89048720815694, 19.08210433945224], [72.89029637448286, 19.081848824521725]]}, "properties": {"OBJECTID": 29369, "US_NODE_ID": "2178110204", "DS_NODE_ID": "2178110203", "CONDUIT_LE": 34.7, "SHAPE_1": "RECT", "CONDUIT_WI": 3500, "CONDUIT_HE": 2064, "US_INVERT": 29.434, "DS_INVERT": 29.014000000000003, "USER_TEXT2": "Existing", "SHAPE.LEN": 34.6960436754682}}, {"type": "Feature", "id": 29386, "geometry": {"type": "LineString", "coordinates": [[72.89081782090476, 19.08446120386475], [72.89053498480705, 19.08445796564077]]}, "properties": {"OBJECTID": 29386, "US_NODE_ID": "2178110502!", "DS_NODE_ID": "2178110501!", "CONDUIT_LE": 29.8, "SHAPE_1": "RECT", "CONDUIT_WI": 4000, "CONDUIT_HE": 2136, "US_INVERT": 32.87, "DS_INVERT": 32.421, "USER_TEXT2": "Existing", "SHAPE.LEN": 29.7737}}, {"type": "Feature", "id": 29406, "geometry": {"type": "LineString", "coordinates": [[72.8911026491113, 19.08446446445788], [72.89081782090476, 19.08446120386475]]}, "properties": {"OBJECTID": 29406, "US_NODE_ID": "2178111501!", "DS_NODE_ID": "2178110502!", "CONDUIT_LE": 30, "SHAPE_1": "RECT", "CONDUIT_WI": 4000, "CONDUIT_HE": 3024, "US_INVERT": 32.874, "DS_INVERT": 32.808, "USER_TEXT2": "Existing", "SHAPE.LEN": 29.983400000000003}}, {"type": "Feature", "id": 29593, "geometry": {"type": "LineString", "coordinates": [[72.89102554273923, 19.1012320592033], [72.89082921384603, 19.101428530349793]]}, "properties": {"OBJECTID": 29593, "US_NODE_ID": "2178131302", "DS_NODE_ID": "2178131301", "CONDUIT_LE": 30, "SHAPE_1": "OREC", "CONDUIT_WI": 3742, "CONDUIT_HE": 2237, "US_INVERT": 33.381, "DS_INVERT": 33.121, "USER_TEXT2": "Existing", "SHAPE.LEN": 30.002666548158697}}, {"type": "Feature", "id": 29596, "geometry": {"type": "LineString", "coordinates": [[72.89084916401214, 19.101945146359064], [72.89076809950049, 19.10190204912786]]}, "properties": {"OBJECTID": 29596, "US_NODE_ID": "2178131401", "DS_NODE_ID": "2178130408", "CONDUIT_LE": 9.8, "SHAPE_1": "OREC", "CONDUIT_WI": 2737, "CONDUIT_HE": 2482, "US_INVERT": 33.117000000000004, "DS_INVERT": 33.031, "USER_TEXT2": "Existing", "SHAPE.LEN": 9.77564124597461}}, {"type": "Feature", "id": 29114, "geometry": {"type": "LineString", "coordinates": [[72.8920709650584, 19.065107755777266], [72.89179704137156, 19.065174733866403]]}, "properties": {"OBJECTID": 29114, "US_NODE_ID": "2178091304", "DS_NODE_ID": "2178091303", "CONDUIT_LE": 29.8, "SHAPE_1": "OREC", "CONDUIT_WI": 3408, "CONDUIT_HE": 1547, "US_INVERT": 26.401, "DS_INVERT": 26.394000000000002, "USER_TEXT2": "Existing", "SHAPE.LEN": 29.774951841102897}}, {"type": "Feature", "id": 29120, "geometry": {"type": "LineString", "coordinates": [[72.89204227338838, 19.066853265107014], [72.89219892516535, 19.067086295125193]]}, "properties": {"OBJECTID": 29120, "US_NODE_ID": "2178091503", "DS_NODE_ID": "2178092501", "CONDUIT_LE": 30.6, "SHAPE_1": "OREC", "CONDUIT_WI": 4676, "CONDUIT_HE": 1550, "US_INVERT": 26.724, "DS_INVERT": 26.702, "USER_TEXT2": "Existing", "SHAPE.LEN": 30.6202547344074}}, {"type": "Feature", "id": 29247, "geometry": {"type": "LineString", "coordinates": [[72.89195463623476, 19.078672640052936], [72.89174046534559, 19.078490020614094]]}, "properties": {"OBJECTID": 29247, "US_NODE_ID": "2178101804!", "DS_NODE_ID": "2178101803!", "CONDUIT_LE": 30.3, "SHAPE_1": "OREC", "CONDUIT_WI": 9600, "CONDUIT_HE": 2499, "US_INVERT": 27.439, "DS_INVERT": 27.404, "USER_TEXT2": "Existing", "SHAPE.LEN": 30.283028330733398}}, {"type": "Feature", "id": 29251, "geometry": {"type": "LineString", "coordinates": [[72.89217249043672, 19.07884186245706], [72.89195463623476, 19.078672640052936]]}, "properties": {"OBJECTID": 29251, "US_NODE_ID": "2178102801!", "DS_NODE_ID": "2178101804!", "CONDUIT_LE": 29.6, "SHAPE_1": "OREC", "CONDUIT_WI": 9600, "CONDUIT_HE": 2495, "US_INVERT": 27.463, "DS_INVERT": 27.439, "USER_TEXT2": "Existing", "SHAPE.LEN": 29.6127146097753}}, {"type": "Feature", "id": 29421, "geometry": {"type": "LineString", "coordinates": [[72.89238628755962, 19.079913168827787], [72.89247716779744, 19.07965742831652]]}, "properties": {"OBJECTID": 29421, "US_NODE_ID": "2178112004", "DS_NODE_ID": "2178102902", "CONDUIT_LE": 29.900000000000002, "SHAPE_1": "OREC", "CONDUIT_WI": 7200, "CONDUIT_HE": 1633, "US_INVERT": 27.575000000000003, "DS_INVERT": 27.561, "USER_TEXT2": "Existing", "SHAPE.LEN": 29.8869689291169}}, {"type": "Feature", "id": 29257, "geometry": {"type": "LineString", "coordinates": [[72.89257043717721, 19.07940040710845], [72.89261188381388, 19.07914469278125]]}, "properties": {"OBJECTID": 29257, "US_NODE_ID": "2178102903!", "DS_NODE_ID": "2178102904!", "CONDUIT_LE": 28.6, "SHAPE_1": "OREC", "CONDUIT_WI": 7200, "CONDUIT_HE": 2674, "US_INVERT": 27.544, "DS_INVERT": 27.518, "USER_TEXT2": "Existing", "SHAPE.LEN": 28.6458583465394}}, {"type": "Feature", "id": 29419, "geometry": {"type": "LineString", "coordinates": [[72.89229529101713, 19.080171092960523], [72.89238628755962, 19.079913168827787]]}, "properties": {"OBJECTID": 29419, "US_NODE_ID": "2178112003", "DS_NODE_ID": "2178112004", "CONDUIT_LE": 30.1, "SHAPE_1": "OREC", "CONDUIT_WI": 7200, "CONDUIT_HE": 1525, "US_INVERT": 27.581000000000003, "DS_INVERT": 27.575000000000003, "USER_TEXT2": "Existing", "SHAPE.LEN": 30.119999561919002}}, {"type": "Feature", "id": 29398, "geometry": {"type": "LineString", "coordinates": [[72.89178187679315, 19.0818781073665], [72.89189950008506, 19.081479753327642]]}, "properties": {"OBJECTID": 29398, "US_NODE_ID": "2178111201!", "DS_NODE_ID": "2178111102!", "CONDUIT_LE": 45.800000000000004, "SHAPE_1": "OREC", "CONDUIT_WI": 4500, "CONDUIT_HE": 1887, "US_INVERT": 27.721, "DS_INVERT": 27.675, "USER_TEXT2": "Existing", "SHAPE.LEN": 45.8091463584512}}, {"type": "Feature", "id": 29423, "geometry": {"type": "LineString", "coordinates": [[72.8919896841168, 19.081168218004127], [72.89195250209308, 19.08114051819223]]}, "properties": {"OBJECTID": 29423, "US_NODE_ID": "2178112101", "DS_NODE_ID": "2178111103", "CONDUIT_LE": 5, "SHAPE_1": "OREC", "CONDUIT_WI": 4800, "CONDUIT_HE": 1603, "US_INVERT": 27.659000000000002, "DS_INVERT": 27.649, "USER_TEXT2": "Existing", "SHAPE.LEN": 4.9723063562093595}}, {"type": "Feature", "id": 29430, "geometry": {"type": "LineString", "coordinates": [[72.892682580155, 19.0813900703147], [72.89254080902735, 19.081340224732006]]}, "properties": {"OBJECTID": 29430, "US_NODE_ID": "2178112105!", "DS_NODE_ID": "2178112104!", "CONDUIT_LE": 15.9, "SHAPE_1": "RECT", "CONDUIT_WI": 4800, "CONDUIT_HE": 1405, "US_INVERT": 27.719, "DS_INVERT": 27.699, "USER_TEXT2": "Existing", "SHAPE.LEN": 15.910937046258498}}, {"type": "Feature", "id": 29431, "geometry": {"type": "LineString", "coordinates": [[72.892682580155, 19.0813900703147], [72.89254080902735, 19.081340224732006]]}, "properties": {"OBJECTID": 29431, "US_NODE_ID": "2178112105", "DS_NODE_ID": "2178112104", "CONDUIT_LE": 15.9, "SHAPE_1": "RECT", "CONDUIT_WI": 4800, "CONDUIT_HE": 1405, "US_INVERT": 27.719, "DS_INVERT": 27.699, "USER_TEXT2": "Existing", "SHAPE.LEN": 15.910937046258498}}, {"type": "Feature", "id": 29403, "geometry": {"type": "LineString", "coordinates": [[72.89141245534745, 19.082744048528845], [72.89153548306695, 19.082655660858855]]}, "properties": {"OBJECTID": 29403, "US_NODE_ID": "2178111302", "DS_NODE_ID": "2178111303", "CONDUIT_LE": 16.2, "SHAPE_1": "OREC", "CONDUIT_WI": 6923, "CONDUIT_HE": 3500, "US_INVERT": 27.828000000000003, "DS_INVERT": 27.811, "USER_TEXT2": "Existing", "SHAPE.LEN": 16.2317680851471}}, {"type": "Feature", "id": 29436, "geometry": {"type": "LineString", "coordinates": [[72.8924711947662, 19.084129779132976], [72.8919858254907, 19.08370255520717], [72.89199480924222, 19.08369477058687]]}, "properties": {"OBJECTID": 29436, "US_NODE_ID": "2178112402!", "DS_NODE_ID": "2178112401!", "CONDUIT_LE": 70.9, "SHAPE_1": "OREC", "CONDUIT_WI": 7000, "CONDUIT_HE": 3106, "US_INVERT": 28.122, "DS_INVERT": 28.051000000000002, "USER_TEXT2": "Existing", "SHAPE.LEN": 70.9040368840867}}, {"type": "Feature", "id": 29437, "geometry": {"type": "LineString", "coordinates": [[72.8924711947662, 19.084129779132976], [72.8919858254907, 19.08370255520717], [72.89199480924222, 19.08369477058687]]}, "properties": {"OBJECTID": 29437, "US_NODE_ID": "2178112402", "DS_NODE_ID": "2178112401", "CONDUIT_LE": 70.9, "SHAPE_1": "OREC", "CONDUIT_WI": 7000, "CONDUIT_HE": 3106, "US_INVERT": 28.122, "DS_INVERT": 28.051000000000002, "USER_TEXT2": "Existing", "SHAPE.LEN": 70.9040368840867}}, {"type": "Feature", "id": 29410, "geometry": {"type": "LineString", "coordinates": [[72.89166312172377, 19.084558889932065], [72.8913861370952, 19.084499064690103]]}, "properties": {"OBJECTID": 29410, "US_NODE_ID": "2178111503!", "DS_NODE_ID": "2178111502!", "CONDUIT_LE": 29.900000000000002, "SHAPE_1": "RECT", "CONDUIT_WI": 4000, "CONDUIT_HE": 3301, "US_INVERT": 33.005, "DS_INVERT": 32.939, "USER_TEXT2": "Existing", "SHAPE.LEN": 29.898502890278596}}, {"type": "Feature", "id": 29413, "geometry": {"type": "LineString", "coordinates": [[72.8919346987013, 19.084640252037673], [72.89166312172377, 19.084558889932065]]}, "properties": {"OBJECTID": 29413, "US_NODE_ID": "2178111504", "DS_NODE_ID": "2178111503", "CONDUIT_LE": 30, "SHAPE_1": "OREC", "CONDUIT_WI": 4000, "CONDUIT_HE": 3435, "US_INVERT": 33.071000000000005, "DS_INVERT": 33.005, "USER_TEXT2": "Existing", "SHAPE.LEN": 29.972079221335296}}, {"type": "Feature", "id": 29440, "geometry": {"type": "LineString", "coordinates": [[72.89247559121982, 19.084807793512837], [72.89220521530893, 19.084722543749564]]}, "properties": {"OBJECTID": 29440, "US_NODE_ID": "2178112502!", "DS_NODE_ID": "2178112501!", "CONDUIT_LE": 30, "SHAPE_1": "OREC", "CONDUIT_WI": 4000, "CONDUIT_HE": 3894, "US_INVERT": 33.202, "DS_INVERT": 33.136, "USER_TEXT2": "Existing", "SHAPE.LEN": 29.984182482102096}}, {"type": "Feature", "id": 29453, "geometry": {"type": "LineString", "coordinates": [[72.89324373625391, 19.084704079610802], [72.8924711947662, 19.084129779132976]]}, "properties": {"OBJECTID": 29453, "US_NODE_ID": "2178113502", "DS_NODE_ID": "2178112402", "CONDUIT_LE": 103.2, "SHAPE_1": "OREC", "CONDUIT_WI": 7000, "CONDUIT_HE": 3582, "US_INVERT": 28.226000000000003, "DS_INVERT": 28.122, "USER_TEXT2": "Existing", "SHAPE.LEN": 103.226036260674}}, {"type": "Feature", "id": 29624, "geometry": {"type": "LineString", "coordinates": [[72.89191671416519, 19.099908351325016], [72.89177337826074, 19.100151340350504]]}, "properties": {"OBJECTID": 29624, "US_NODE_ID": "2178132202", "DS_NODE_ID": "2178132201", "CONDUIT_LE": 30.8, "SHAPE_1": "RECT", "CONDUIT_WI": 4000, "CONDUIT_HE": 1660, "US_INVERT": 34.942, "DS_INVERT": 34.674, "USER_TEXT2": "Existing", "SHAPE.LEN": 30.844080404025696}}, {"type": "Feature", "id": 29629, "geometry": {"type": "LineString", "coordinates": [[72.89210826929468, 19.101945400727168], [72.89201210769647, 19.10188558677136]]}, "properties": {"OBJECTID": 29629, "US_NODE_ID": "2178132405", "DS_NODE_ID": "2178132404", "CONDUIT_LE": 12.1, "SHAPE_1": "OREC", "CONDUIT_WI": 4853, "CONDUIT_HE": 2108, "US_INVERT": 34.49, "DS_INVERT": 34.479, "USER_TEXT2": "Existing", "SHAPE.LEN": 12.0950403058444}}, {"type": "Feature", "id": 29606, "geometry": {"type": "LineString", "coordinates": [[72.89142718385544, 19.103449411332402], [72.89119142594792, 19.103529245531334]]}, "properties": {"OBJECTID": 29606, "US_NODE_ID": "2178131605", "DS_NODE_ID": "2178131604", "CONDUIT_LE": 26.3, "SHAPE_1": "OREC", "CONDUIT_WI": 3548, "CONDUIT_HE": 1571, "US_INVERT": 35.432, "DS_INVERT": 35.308, "USER_TEXT2": "Existing", "SHAPE.LEN": 26.3405074989075}}, {"type": "Feature", "id": 29615, "geometry": {"type": "LineString", "coordinates": [[72.89142664854735, 19.105930154051105], [72.89139448150486, 19.10591167309144]]}, "properties": {"OBJECTID": 29615, "US_NODE_ID": "2178131806", "DS_NODE_ID": "2178131805", "CONDUIT_LE": 4, "SHAPE_1": "RECT", "CONDUIT_WI": 3500, "CONDUIT_HE": 1888, "US_INVERT": 35.736000000000004, "DS_INVERT": 35.726, "USER_TEXT2": "Existing", "SHAPE.LEN": 3.9557862745603396}}, {"type": "Feature", "id": 29617, "geometry": {"type": "LineString", "coordinates": [[72.89166450052758, 19.10607099296313], [72.89142664854735, 19.105930154051105]]}, "properties": {"OBJECTID": 29617, "US_NODE_ID": "2178131902", "DS_NODE_ID": "2178131806", "CONDUIT_LE": 29.5, "SHAPE_1": "OREC", "CONDUIT_WI": 4000, "CONDUIT_HE": 1768, "US_INVERT": 35.944, "DS_INVERT": 35.736000000000004, "USER_TEXT2": "Existing", "SHAPE.LEN": 29.4925316758328}}, {"type": "Feature", "id": 29146, "geometry": {"type": "LineString", "coordinates": [[72.89317773875679, 19.064837945102518], [72.89289934224465, 19.064908915975032]]}, "properties": {"OBJECTID": 29146, "US_NODE_ID": "2178093301", "DS_NODE_ID": "2178092303", "CONDUIT_LE": 30.3, "SHAPE_1": "OREC", "CONDUIT_WI": 3500, "CONDUIT_HE": 1658, "US_INVERT": 26.441000000000003, "DS_INVERT": 26.441000000000003, "USER_TEXT2": "Existing", "SHAPE.LEN": 30.3426980977302}}, {"type": "Feature", "id": 29153, "geometry": {"type": "LineString", "coordinates": [[72.89367890089525, 19.068373217795475], [72.89383185956828, 19.068598075006467]]}, "properties": {"OBJECTID": 29153, "US_NODE_ID": "2178093703", "DS_NODE_ID": "2178093704", "CONDUIT_LE": 29.6, "SHAPE_1": "OREC", "CONDUIT_WI": 5000, "CONDUIT_HE": 2371, "US_INVERT": 26.353, "DS_INVERT": 26.3, "USER_TEXT2": "Existing", "SHAPE.LEN": 29.648777377827898}}, {"type": "Feature", "id": 29154, "geometry": {"type": "LineString", "coordinates": [[72.89383185956828, 19.068598075006467], [72.89398186633211, 19.068831027906512]]}, "properties": {"OBJECTID": 29154, "US_NODE_ID": "2178093704", "DS_NODE_ID": "2178093705", "CONDUIT_LE": 30.2, "SHAPE_1": "OREC", "CONDUIT_WI": 5000, "CONDUIT_HE": 2405, "US_INVERT": 26.3, "DS_INVERT": 26.263, "USER_TEXT2": "Existing", "SHAPE.LEN": 30.241858408503898}}, {"type": "Feature", "id": 29250, "geometry": {"type": "LineString", "coordinates": [[72.89291252959212, 19.073535726145945], [72.89403821331896, 19.074370573930292]]}, "properties": {"OBJECTID": 29250, "US_NODE_ID": "2178102201", "DS_NODE_ID": "2178104301", "CONDUIT_LE": 150.3, "SHAPE_1": "OREC", "CONDUIT_WI": 15000, "CONDUIT_HE": 2478, "US_INVERT": 26.02, "DS_INVERT": 26.011000000000003, "USER_TEXT2": "Proposal", "SHAPE.LEN": 150.283598572832}}, {"type": "Feature", "id": 29432, "geometry": {"type": "LineString", "coordinates": [[72.89282018523579, 19.081437442853996], [72.892682580155, 19.0813900703147]]}, "properties": {"OBJECTID": 29432, "US_NODE_ID": "2178112106!", "DS_NODE_ID": "2178112105!", "CONDUIT_LE": 15.4, "SHAPE_1": "OREC", "CONDUIT_WI": 4800, "CONDUIT_HE": 1468, "US_INVERT": 27.731, "DS_INVERT": 27.719, "USER_TEXT2": "Existing", "SHAPE.LEN": 15.405012917229199}}, {"type": "Feature", "id": 29448, "geometry": {"type": "LineString", "coordinates": [[72.89323910348209, 19.081579924141142], [72.89313279995966, 19.08153775769739]]}, "properties": {"OBJECTID": 29448, "US_NODE_ID": "2178113103!", "DS_NODE_ID": "2178113102!", "CONDUIT_LE": 12.1, "SHAPE_1": "RECT", "CONDUIT_WI": 4800, "CONDUIT_HE": 1503, "US_INVERT": 27.763, "DS_INVERT": 27.75, "USER_TEXT2": "Existing", "SHAPE.LEN": 12.1245949610698}}, {"type": "Feature", "id": 29653, "geometry": {"type": "LineString", "coordinates": [[72.89348400669785, 19.10212102510875], [72.89324943681078, 19.102179441072057]]}, "properties": {"OBJECTID": 29653, "US_NODE_ID": "2178133404", "DS_NODE_ID": "2178133403", "CONDUIT_LE": 25.5, "SHAPE_1": "OREC", "CONDUIT_WI": 2500, "CONDUIT_HE": 1600, "US_INVERT": 36.96, "DS_INVERT": 36.407000000000004, "USER_TEXT2": "Proposal", "SHAPE.LEN": 25.5214394221799}}, {"type": "Feature", "id": 29658, "geometry": {"type": "LineString", "coordinates": [[72.89293970058858, 19.104720824892787], [72.8928764179981, 19.104453843930614]]}, "properties": {"OBJECTID": 29658, "US_NODE_ID": "2178133702", "DS_NODE_ID": "2178133701", "CONDUIT_LE": 30.3, "SHAPE_1": "OREC", "CONDUIT_WI": 3341, "CONDUIT_HE": 1523, "US_INVERT": 36.361000000000004, "DS_INVERT": 36.265, "USER_TEXT2": "Existing", "SHAPE.LEN": 30.3002176210007}}, {"type": "Feature", "id": 29705, "geometry": {"type": "LineString", "coordinates": [[72.89253130711282, 19.107629132600607], [72.89243438883457, 19.10743074311838]]}, "properties": {"OBJECTID": 29705, "US_NODE_ID": "2178142004", "DS_NODE_ID": "2178142003", "CONDUIT_LE": 24.2, "SHAPE_1": "OREC", "CONDUIT_WI": 8000, "CONDUIT_HE": 2691, "US_INVERT": 37.246, "DS_INVERT": 37.237, "USER_TEXT2": "Proposal", "SHAPE.LEN": 24.217861777209002}}, {"type": "Feature", "id": 29703, "geometry": {"type": "LineString", "coordinates": [[72.89237634667305, 19.107751935019248], [72.89255499555952, 19.107678074089215]]}, "properties": {"OBJECTID": 29703, "US_NODE_ID": "2178142002", "DS_NODE_ID": "2178142005", "CONDUIT_LE": 20.5, "SHAPE_1": "OREC", "CONDUIT_WI": 2500, "CONDUIT_HE": 2000, "US_INVERT": 37.435, "DS_INVERT": 37.248000000000005, "USER_TEXT2": "Proposal", "SHAPE.LEN": 20.5034411036294}}, {"type": "Feature", "id": 29711, "geometry": {"type": "LineString", "coordinates": [[72.89239264449932, 19.108846275112082], [72.89229077457087, 19.108619065859443]]}, "properties": {"OBJECTID": 29711, "US_NODE_ID": "2178142201", "DS_NODE_ID": "2178142102", "CONDUIT_LE": 27.3, "SHAPE_1": "RECT", "CONDUIT_WI": 3000, "CONDUIT_HE": 1615, "US_INVERT": 38.214, "DS_INVERT": 38.062000000000005, "USER_TEXT2": "Existing", "SHAPE.LEN": 27.3452074777282}}, {"type": "Feature", "id": 29096, "geometry": {"type": "LineString", "coordinates": [[72.8966179038871, 19.059845246120744], [72.8950026854411, 19.060363603284863]]}, "properties": {"OBJECTID": 29096, "US_NODE_ID": "2178086702", "DS_NODE_ID": "2178084801", "CONDUIT_LE": 179.5, "SHAPE_1": "RECT", "CONDUIT_WI": 2000, "CONDUIT_HE": 1500, "US_INVERT": 29, "DS_INVERT": 28.276, "USER_TEXT2": "Proposal", "SHAPE.LEN": 179.467053493754}}, {"type": "Feature", "id": 29464, "geometry": {"type": "LineString", "coordinates": [[72.89407050306032, 19.085393190322723], [72.89380323992658, 19.08530205646297]]}, "properties": {"OBJECTID": 29464, "US_NODE_ID": "2178114601!", "DS_NODE_ID": "2178113505!", "CONDUIT_LE": 29.900000000000002, "SHAPE_1": "OREC", "CONDUIT_WI": 4000, "CONDUIT_HE": 2911, "US_INVERT": 33.595, "DS_INVERT": 33.53, "USER_TEXT2": "Existing", "SHAPE.LEN": 29.886846654674002}}, {"type": "Feature", "id": 29534, "geometry": {"type": "LineString", "coordinates": [[72.8937969527225, 19.09729807181957], [72.8935911623157, 19.097485409284666]]}, "properties": {"OBJECTID": 29534, "US_NODE_ID": "2178124901", "DS_NODE_ID": "2178123903", "CONDUIT_LE": 30, "SHAPE_1": "RECT", "CONDUIT_WI": 5500, "CONDUIT_HE": 2226, "US_INVERT": 38.243, "DS_INVERT": 38.061, "USER_TEXT2": "Existing", "SHAPE.LEN": 29.989223357733}}, {"type": "Feature", "id": 29664, "geometry": {"type": "LineString", "coordinates": [[72.89356639101638, 19.105016760251353], [72.89350242738993, 19.10489403190213]]}, "properties": {"OBJECTID": 29664, "US_NODE_ID": "2178133708", "DS_NODE_ID": "2178133707", "CONDUIT_LE": 15.200000000000001, "SHAPE_1": "RECT", "CONDUIT_WI": 3000, "CONDUIT_HE": 1669, "US_INVERT": 37.043, "DS_INVERT": 36.898, "USER_TEXT2": "Existing", "SHAPE.LEN": 15.164248745322}}, {"type": "Feature", "id": 29683, "geometry": {"type": "LineString", "coordinates": [[72.89512752018442, 19.105961587765922], [72.89487397506261, 19.10594875206061]]}, "properties": {"OBJECTID": 29683, "US_NODE_ID": "2178135802", "DS_NODE_ID": "2178135801", "CONDUIT_LE": 26.7, "SHAPE_1": "OREC", "CONDUIT_WI": 3000, "CONDUIT_HE": 1952, "US_INVERT": 39.246, "DS_INVERT": 39.056000000000004, "USER_TEXT2": "Existing", "SHAPE.LEN": 26.7226495692325}}, {"type": "Feature", "id": 29738, "geometry": {"type": "LineString", "coordinates": [[72.89481535903413, 19.108369432078483], [72.89472472136794, 19.108339485943787]]}, "properties": {"OBJECTID": 29738, "US_NODE_ID": "2178145104", "DS_NODE_ID": "2178145103", "CONDUIT_LE": 10.1, "SHAPE_1": "RECT", "CONDUIT_WI": 6000, "CONDUIT_HE": 2000, "US_INVERT": 38.351, "DS_INVERT": 38.321000000000005, "USER_TEXT2": "Proposal", "SHAPE.LEN": 10.0989577090906}}]}