{"type": "FeatureCollection", "crs": {"type": "name", "properties": {"name": "urn:ogc:def:crs:OGC:1.3:CRS84"}}, "metadata": {"source": "BMC_GIS", "layer_id": 344, "layer_name": "Flooding Spots", "retrieved_at": "2026-09-12T13:52:13.253667+00:00", "attribution": "Brihanmumbai Municipal Corporation (BMC/MCGM) GIS Portal", "feature_count": 116}, "features": [{"type": "Feature", "id": 513, "geometry": {"type": "Polygon", "coordinates": [[[72.85159110034026, 19.09967054011542], [72.85157459766529, 19.099669166983617], [72.85155859831062, 19.099665091761686], [72.85154358529195, 19.09965843570324], [72.85153001488987, 19.099649403752807], [72.85151830164767, 19.09963826901542], [72.85150880130605, 19.099625369847647], [72.85150179955457, 19.099611097983903], [72.85149751313332, 19.099595886806945], [72.85149606907267, 19.099580200266505], [72.85149751254991, 19.09956451309929], [72.8515018003561, 19.099549301720195], [72.85150880108269, 19.099535029772408], [72.85151830199322, 19.099522131045763], [72.85153001584858, 19.099510996007606], [72.85154358482356, 19.099501962815978], [72.85155859773555, 19.099495307584924], [72.851574597796, 19.099491232732657], [72.8515910998041, 19.099489859956183], [72.85160760246171, 19.09949123308481], [72.8516236018018, 19.099495308301023], [72.85163861482201, 19.099501963448798], [72.85165218425801, 19.09951099628279], [72.85166389845207, 19.09952213102287], [72.85167339880155, 19.099535030183375], [72.85168039961597, 19.09954930203073], [72.85168468700368, 19.099564513216105], [72.85168613108233, 19.09958019975681], [72.8516846866724, 19.099595886916138], [72.85168039983083, 19.099611098312035], [72.85167339911436, 19.099625370267365], [72.85166389820823, 19.099638269002483], [72.85165218530103, 19.099649404060113], [72.85163861537984, 19.099658436344807], [72.85162360245492, 19.099665091581148], [72.85160760236633, 19.099669167339215], [72.85159110034026, 19.09967054011542]]]}, "properties": {"OBJECTID": 513, "NAME": "1, 125, Shri Kalpataru society, Dixit road, Near Sathye College, Vie Parle East (Delete)", "TYPE": 2, "LOCATION": "Dixit Road, Opposite shanta niwas, Andheri east, Mumbai, 400057", "AWSID": "WS16221900029", "STRETCH": 40, "DEPTH": 2, "AFFECT_ROAD": null, "AFFECT_RAIL": "No", "NO_DE_WATER_PUMP": 0, "REMARKS": null, "FEATUREID": "FS11000000024", "EDUPDATEUSER": null, "EDUPDATETIME": null, "CREATED_USER": "DMMASTER", "CREATED_DATE": 1529143829000, "LAST_EDITED_USER": "DMMASTER@PRSRVGISDB.MUMBASE.MCGM.GOV.IN", "LAST_EDITED_DATE": 1653384982000, "HEIGHT_TO_MSL": null, "AFFECT_ELECTRIC": "No", "AFFECT_HAZ_MAT": "No", "WARD": "K/E", "AFFECT_AREA": null, "SUBTYPE": null, "AFFECT_BEST_ROUTE": null, "AFFECTED_HUT": null, "AFFECT_POPULATION": null, "SHAPE.AREA": 312.71197763, "SHAPE.LEN": 62.7667143866412}}, {"type": "Feature", "id": 270, "geometry": {"type": "Polygon", "coordinates": [[[72.8592679002865, 19.10451569823628], [72.85890035417802, 19.104460063051555], [72.85854303864534, 19.10436106328237], [72.85820158803776, 19.104220288367376], [72.8578814008759, 19.10403992750795], [72.85758751997723, 19.103822854073858], [72.85732457464096, 19.103572465946165], [72.85709671259835, 19.103292730780495], [72.85690752956837, 19.10298804878411], [72.85676001349276, 19.10266323037855], [72.85665648783018, 19.102323399785455], [72.85659857471292, 19.101973906071656], [72.8565872078999, 19.10162027813308], [72.85662254343508, 19.101268080938077], [72.85670404100517, 19.10092287131324], [72.85683040922518, 19.100590095242126], [72.85699964581966, 19.10027499440067], [72.85720910403998, 19.09998254100102], [72.85745545671881, 19.099717352476837], [72.85773482746465, 19.099483612631197], [72.85804281923619, 19.099284992493335], [72.85837456395902, 19.099124633744765], [72.85872483279016, 19.099005070524797], [72.85908810420449, 19.098928179647597], [72.85945865042679, 19.09889518161297], [72.85983062162704, 19.098906593715554], [72.86019815718821, 19.098962220499416], [72.86055546287598, 19.09906120975136], [72.8608968990321, 19.09920199029257], [72.86121708237941, 19.099382333672512], [72.86151096696635, 19.09959941290889], [72.86177391362524, 19.09984979425145], [72.86200177529467, 19.1001295257783], [72.86219095896888, 19.1004341968165], [72.86233849593648, 19.100759018234687], [72.86244202627987, 19.101098846642515], [72.86249994710563, 19.101448333336982], [72.86251133322605, 19.101801961314088], [72.86247600876766, 19.102154168039238], [72.86239452971111, 19.102499375053327], [72.86226816931193, 19.1028321630402], [72.86209893249887, 19.103147262064414], [72.86188949003265, 19.10343972243481], [72.86164312528047, 19.103704916806027], [72.86136375254833, 19.103938666858983], [72.8610557539622, 19.104137292902937], [72.86072400853107, 19.104297644031355], [72.86037372813358, 19.104417216359142], [72.86001044012524, 19.104494100439066], [72.85963988016758, 19.104527111897568], [72.8592679002865, 19.10451569823628]]]}, "properties": {"OBJECTID": 270, "NAME": "MC Chakala Post office (Delete)", "TYPE": 2, "LOCATION": "Chakala Road,Near Navratri Mandal,Andheri East,Mumbai,400099", "AWSID": "WS19247700031", "STRETCH": 50, "DEPTH": 1.5, "AFFECT_ROAD": null, "AFFECT_RAIL": "No", "NO_DE_WATER_PUMP": 1, "REMARKS": "Other Agency (2025)", "FEATUREID": "FS11000000003", "EDUPDATEUSER": null, "EDUPDATETIME": null, "CREATED_USER": null, "CREATED_DATE": 1507037244000, "LAST_EDITED_USER": "DMMASTER@PRSRVGISDB.MUMBASE.MCGM.GOV.IN", "LAST_EDITED_DATE": 1750850434000, "HEIGHT_TO_MSL": null, "AFFECT_ELECTRIC": "No", "AFFECT_HAZ_MAT": null, "WARD": "K/E", "AFFECT_AREA": "Andheri East", "SUBTYPE": 2, "AFFECT_BEST_ROUTE": "2022", "AFFECTED_HUT": null, "AFFECT_POPULATION": null, "SHAPE.AREA": 304864.055313895, "SHAPE.LEN": 1958.59238233986}}, {"type": "Feature", "id": 501, "geometry": {"type": "Polygon", "coordinates": [[[72.85722370032384, 19.11135643992181], [72.85720719734783, 19.111355067190324], [72.85719119481948, 19.111350991414714], [72.85717618147052, 19.11134433570992], [72.85716261078186, 19.111335304073805], [72.85715089734616, 19.111324168699017], [72.85714139501576, 19.11131126971848], [72.85713439427361, 19.11129699801286], [72.85713010713677, 19.111281786905373], [72.85712866255723, 19.111266100365846], [72.85713010667831, 19.11125041314198], [72.85713439440018, 19.111235201628585], [72.85714139525523, 19.111220930387166], [72.85715089652606, 19.111208031407287], [72.85716261095102, 19.111196896067053], [72.8571761806642, 19.111187864339975], [72.85719119545656, 19.11118120874903], [72.8572071965995, 19.111177132604737], [72.85722369977482, 19.1111757603363], [72.85724020273348, 19.111177133064615], [72.85725620524723, 19.111181208834537], [72.8572712185977, 19.111187863628643], [72.85728478927028, 19.1111968961594], [72.85729650271946, 19.111208030622677], [72.85730600505775, 19.111220929595937], [72.85731300580119, 19.111235202199367], [72.85731729295452, 19.11125041330418], [72.85731873660194, 19.111266099832907], [72.8573172934483, 19.111281787071018], [72.8573130057527, 19.111296997687], [72.85730600489615, 19.111311269839078], [72.85729650267962, 19.1113241688164], [72.85728478920292, 19.11133530417609], [72.85727121853179, 19.111344335899382], [72.85725620468821, 19.111350990603547], [72.85724020257871, 19.111355066739453], [72.85722370032384, 19.11135643992181]]]}, "properties": {"OBJECTID": 501, "NAME": "Chakala, Kajuwadi, Waman Chawl, Andheri East (Delete)", "TYPE": 2, "LOCATION": "Waman Chawl, Shamsuddin Road, Near Kajuwadi Sport Club, Andheri East, Mumbai, 400099", "AWSID": "WS17260000032", "STRETCH": 45, "DEPTH": 2, "AFFECT_ROAD": null, "AFFECT_RAIL": "No", "NO_DE_WATER_PUMP": null, "REMARKS": null, "FEATUREID": "FS11000000012", "EDUPDATEUSER": "1 computer operator", "EDUPDATETIME": 1578915007000, "CREATED_USER": "DMMASTER", "CREATED_DATE": 1529143829000, "LAST_EDITED_USER": "DMMASTER@PRSRVGISDB.MUMBASE.MCGM.GOV.IN", "LAST_EDITED_DATE": 1653384920000, "HEIGHT_TO_MSL": null, "AFFECT_ELECTRIC": "No", "AFFECT_HAZ_MAT": "No", "WARD": "K/E", "AFFECT_AREA": "Kajuwadi", "SUBTYPE": null, "AFFECT_BEST_ROUTE": null, "AFFECTED_HUT": null, "AFFECT_POPULATION": null, "SHAPE.AREA": 312.70845082, "SHAPE.LEN": 62.7663604326448}}, {"type": "Feature", "id": 2244, "geometry": {"type": "Polygon", "coordinates": [[[72.85881864360363, 19.113217907850867], [72.8587989974805, 19.113162934538714], [72.85877898081283, 19.113106925392028], [72.85891934880878, 19.113066075866627], [72.8589251364326, 19.113176628893385], [72.85881864360363, 19.113217907850867]]]}, "properties": {"OBJECTID": 2244, "NAME": "C.G. Road Andheri east (Delete)", "TYPE": 2, "LOCATION": "C.G. Road Andheri east", "AWSID": "WS19247700031", "STRETCH": null, "DEPTH": null, "AFFECT_ROAD": null, "AFFECT_RAIL": null, "NO_DE_WATER_PUMP": null, "REMARKS": "Already Tackled (2024-25)", "FEATUREID": "FS11000000037", "EDUPDATEUSER": null, "EDUPDATETIME": null, "CREATED_USER": "DMMASTER", "CREATED_DATE": 1623650744000, "LAST_EDITED_USER": "DMMASTER@PRSRVGISDB.MUMBASE.MCGM.GOV.IN", "LAST_EDITED_DATE": 1714129664000, "HEIGHT_TO_MSL": null, "AFFECT_ELECTRIC": null, "AFFECT_HAZ_MAT": null, "WARD": "K/E", "AFFECT_AREA": null, "SUBTYPE": 2, "AFFECT_BEST_ROUTE": "2022", "AFFECTED_HUT": null, "AFFECT_POPULATION": null, "SHAPE.AREA": 170.18853614, "SHAPE.LEN": 52.786534870514195}}, {"type": "Feature", "id": 577, "geometry": {"type": "Polygon", "coordinates": [[[72.87197479969245, 19.06143033962716], [72.87195830232113, 19.06142896778871], [72.87194230493624, 19.06142489191139], [72.87192729611894, 19.061418236864707], [72.8719137292657, 19.06140920479341], [72.87190201886973, 19.06139806875172], [72.8718925196597, 19.0613851697526], [72.87188552114289, 19.061370897736232], [72.8718812353154, 19.06135568691166], [72.87187979115937, 19.061340000337836], [72.87188123486202, 19.06132431276389], [72.87188552137127, 19.06130910240235], [72.87189252035978, 19.061294830222774], [72.87190201920137, 19.061281930050143], [72.87191372979257, 19.06127079509463], [72.87192729634707, 19.061261762686005], [72.87194230497451, 19.061255108061385], [72.87195830188818, 19.061251031929594], [72.87197480006512, 19.06124965964475], [72.87199129835741, 19.061251032394136], [72.87200729477792, 19.061255108254823], [72.87202230358511, 19.061261763293974], [72.87203587043395, 19.0612707953568], [72.8720475808548, 19.061281929583863], [72.87205708004961, 19.06129483038198], [72.87206407857933, 19.061309102393075], [72.87206836537304, 19.061324313225924], [72.87206980859719, 19.061339999789052], [72.87206836491184, 19.06135568736616], [72.872064079367, 19.061370897744347], [72.87205708038857, 19.061385169931444], [72.87204758061308, 19.061398069198432], [72.87203587095836, 19.061409205076412], [72.87202230440754, 19.06141823658916], [72.87200729480588, 19.061424892111226], [72.8719912978758, 19.061428968245696], [72.87197479969245, 19.06143033962716]]]}, "properties": {"OBJECTID": 577, "NAME": "Kurla Garden Area, Kurla (Delete)", "TYPE": 2, "LOCATION": "Lal Bhadur Shastri Marg, Near Police station, Kurla West, Mumbai, 400070", "AWSID": "WS19196800038", "STRETCH": 60, "DEPTH": 2, "AFFECT_ROAD": null, "AFFECT_RAIL": "No", "NO_DE_WATER_PUMP": 0, "REMARKS": "Already Tackled (2024-25)", "FEATUREID": "FS15000000040", "EDUPDATEUSER": null, "EDUPDATETIME": null, "CREATED_USER": "DMMASTER", "CREATED_DATE": 1529143829000, "LAST_EDITED_USER": "DMMASTER@PRSRVGISDB.MUMBASE.MCGM.GOV.IN", "LAST_EDITED_DATE": 1714072033000, "HEIGHT_TO_MSL": null, "AFFECT_ELECTRIC": "No", "AFFECT_HAZ_MAT": "No", "WARD": "L", "AFFECT_AREA": null, "SUBTYPE": 2, "AFFECT_BEST_ROUTE": "2022", "AFFECTED_HUT": null, "AFFECT_POPULATION": null, "SHAPE.AREA": 312.70361593, "SHAPE.LEN": 62.765875211597496}}, {"type": "Feature", "id": 509, "geometry": {"type": "Polygon", "coordinates": [[[72.87081680017556, 19.111455040434826], [72.87080029696959, 19.111453667105287], [72.87078429494461, 19.111449590684188], [72.87076928092335, 19.11144293603568], [72.87075571129223, 19.111433904449267], [72.87074399685773, 19.11142276894828], [72.87073449530341, 19.111409869686224], [72.87072749428482, 19.111395598395525], [72.87072320587936, 19.11138038658093], [72.87072176285535, 19.111364700056637], [72.87072320570624, 19.111349012601643], [72.87072749410973, 19.11133380157594], [72.8707344948079, 19.11131952971513], [72.87074399699394, 19.111306630856134], [72.87075571058543, 19.11129549636845], [72.87076928062615, 19.111286463578296], [72.87078429497946, 19.111279808631668], [72.87080029685272, 19.111275733090256], [72.87081680005674, 19.111274359591825], [72.87083330324538, 19.111275732918184], [72.87084930525572, 19.111279809333578], [72.87086431926684, 19.111286463974565], [72.87087788889355, 19.111295495552504], [72.87088960332987, 19.111306631045085], [72.87089910489206, 19.111319530299856], [72.87090610592358, 19.111333801585246], [72.8709103943455, 19.111349013397163], [72.8709118373875, 19.1113646999217], [72.87091039360386, 19.111380387368882], [72.8709061061651, 19.111395598411274], [72.87089910452696, 19.11140987026864], [72.87088960329545, 19.111422769147083], [72.87087788875203, 19.111433903632168], [72.87086431870347, 19.111442936429597], [72.87084930528732, 19.11144959139255], [72.87083330339759, 19.111453666936647], [72.87081680017556, 19.111455040434826]]]}, "properties": {"OBJECTID": 509, "NAME": "Apna Dhaba, Andheri Kurla Road (Delete)", "TYPE": 2, "LOCATION": "Apna Dhaba, Andheri Kurla Road, Near Apna Dhaba, Marol Pipeline, Andheri East, Mumbai, 400059", "AWSID": "WS19247700031", "STRETCH": 30, "DEPTH": 1, "AFFECT_ROAD": null, "AFFECT_RAIL": "No", "NO_DE_WATER_PUMP": 0, "REMARKS": null, "FEATUREID": "FS11000000020", "EDUPDATEUSER": null, "EDUPDATETIME": null, "CREATED_USER": "DMMASTER", "CREATED_DATE": 1529143829000, "LAST_EDITED_USER": "DMMASTER@PRSRVGISDB.MUMBASE.MCGM.GOV.IN", "LAST_EDITED_DATE": 1653384973000, "HEIGHT_TO_MSL": null, "AFFECT_ELECTRIC": "No", "AFFECT_HAZ_MAT": "No", "WARD": "K/E", "AFFECT_AREA": "Apna Dhaba Area", "SUBTYPE": null, "AFFECT_BEST_ROUTE": null, "AFFECTED_HUT": null, "AFFECT_POPULATION": null, "SHAPE.AREA": 312.70507059, "SHAPE.LEN": 62.76602120120349}}, {"type": "Feature", "id": 217, "geometry": {"type": "Polygon", "coordinates": [[[72.8743709000009, 19.111105498270764], [72.87431134299402, 19.11110193610659], [72.87425272585227, 19.11109130678967], [72.87419597196569, 19.111073778157003], [72.87414197673486, 19.11104962611515], [72.8740915933652, 19.11101923086279], [72.87404561296086, 19.110983073047546], [72.87400476276287, 19.110941722906098], [72.87396968820127, 19.110895831927145], [72.87394093877079, 19.110846122752104], [72.87391897192383, 19.110793381993627], [72.8739041324344, 19.11073843922187], [72.873896653418, 19.110682161556632], [72.8738966527396, 19.11062543736682], [72.87390413227209, 19.11056916000319], [72.87391897328493, 19.110514216905905], [72.8739409404183, 19.110461476101577], [72.87396968856521, 19.11041176821766], [72.87400476396056, 19.110365875656033], [72.87404561376313, 19.11032452638118], [72.87409159399134, 19.11028836781735], [72.87414197893165, 19.11025797418377], [72.87419597285137, 19.110233822241945], [72.87425272707677, 19.110216293299796], [72.87431134390852, 19.110205664224367], [72.87437090044264, 19.110202102297528], [72.87443045618228, 19.11020566440071], [72.87448907304662, 19.110216292729685], [72.87454582667901, 19.110233822151194], [72.87459982077871, 19.110257974045535], [72.87465020595204, 19.11028836826645], [72.87469618632804, 19.110324525927176], [72.87473703562912, 19.11036587590858], [72.87477211126065, 19.110411767667397], [72.87480085995391, 19.11046147581733], [72.87482282704792, 19.110514217398187], [72.87483766778708, 19.110569160135423], [72.87484514713687, 19.110625436890214], [72.87484514717744, 19.110682162003496], [72.87483766795042, 19.11073843943508], [72.87482282816713, 19.110793381740528], [72.8748008612473, 19.110846122671262], [72.87477211228446, 19.11089583159189], [72.8747370369694, 19.110941723403965], [72.87469618715429, 19.110983072831832], [72.8746502068446, 19.111019230635296], [72.87459982266363, 19.111049626209727], [72.87454582756203, 19.11107377823721], [72.87448907400538, 19.11109130725396], [72.87443045686042, 19.111101936356008], [72.8743709000009, 19.111105498270764]]]}, "properties": {"OBJECTID": 217, "NAME": "Airport Road", "TYPE": 2, "LOCATION": "Andheri Kurla Road,Opp Indian oil Pump,Andheri East,Mumbai,400059", "AWSID": "WS19247700031", "STRETCH": 60, "DEPTH": 1.5, "AFFECT_ROAD": "Anderi Kurla Road", "AFFECT_RAIL": "No", "NO_DE_WATER_PUMP": 1, "REMARKS": null, "FEATUREID": "FS11000000007", "EDUPDATEUSER": null, "EDUPDATETIME": null, "CREATED_USER": null, "CREATED_DATE": 1507037244000, "LAST_EDITED_USER": "DMMASTER", "LAST_EDITED_DATE": 1610968174000, "HEIGHT_TO_MSL": null, "AFFECT_ELECTRIC": "No", "AFFECT_HAZ_MAT": null, "WARD": "K/E", "AFFECT_AREA": "Andheri East", "SUBTYPE": null, "AFFECT_BEST_ROUTE": null, "AFFECTED_HUT": null, "AFFECT_POPULATION": null, "SHAPE.AREA": 7836.741696375, "SHAPE.LEN": 314.021017199962}}, {"type": "Feature", "id": 569, "geometry": {"type": "Polygon", "coordinates": [[[72.87610041785496, 19.075495035499532], [72.87597956238665, 19.075198884194624], [72.87591461261799, 19.074887238410042], [72.87590757459888, 19.074569644468827], [72.8759586894177, 19.074255706884244], [72.87606631626579, 19.073954949718487], [72.87622723136336, 19.073676548154463], [72.87643657082333, 19.073428969256565], [72.87668793512559, 19.0732196778274], [72.87697371550797, 19.073055095028398], [72.87728518588358, 19.072940168601356], [72.87761294301654, 19.072878420410913], [72.87794697388134, 19.072871726834947], [72.87827716796781, 19.072920295764142], [72.87859347538269, 19.07302263138482], [72.87888629688895, 19.073175638017652], [72.87914671035057, 19.07337466516028], [72.87936683836261, 19.073613657122646], [72.87953993684755, 19.07388535725905], [72.87966082373921, 19.074181515210455], [72.87972574664211, 19.074493135569632], [72.87973279937664, 19.074810745512412], [72.87968171776211, 19.075124694136175], [72.8795740869448, 19.075425437572097], [72.87941317608906, 19.075703841496967], [72.87920384486331, 19.07595144021691], [72.8789524533321, 19.076160725602698], [72.87866669445, 19.076325320420757], [72.87835520986424, 19.076440231366554], [72.87802744663863, 19.0765019820213], [72.87769339127195, 19.076508682064645], [72.87736321505668, 19.07646011984703], [72.8770468930045, 19.076357767030593], [72.87675407015215, 19.07620475445683], [72.87649364602693, 19.076005749014694], [72.87627352857146, 19.075766729482652], [72.87610041785496, 19.075495035499532]]]}, "properties": {"OBJECTID": 569, "NAME": "Kurla Depot Junction", "TYPE": 2, "LOCATION": "BKC Road, Near Kanakia Zillion, Kurla West, Mumbai, 400072", "AWSID": "WS19207400037", "STRETCH": 60, "DEPTH": 1, "AFFECT_ROAD": null, "AFFECT_RAIL": "No", "NO_DE_WATER_PUMP": 0, "REMARKS": "Other Agency (2025)", "FEATUREID": "FS15000000032", "EDUPDATEUSER": null, "EDUPDATETIME": null, "CREATED_USER": "DMMASTER", "CREATED_DATE": 1529143829000, "LAST_EDITED_USER": "DMMASTER@PRSRVGISDB.MUMBASE.MCGM.GOV.IN", "LAST_EDITED_DATE": 1750850354000, "HEIGHT_TO_MSL": null, "AFFECT_ELECTRIC": "No", "AFFECT_HAZ_MAT": "No", "WARD": "L", "AFFECT_AREA": null, "SUBTYPE": null, "AFFECT_BEST_ROUTE": null, "AFFECTED_HUT": null, "AFFECT_POPULATION": null, "SHAPE.AREA": 127258.853832565, "SHAPE.LEN": 1266.1965948167401}}, {"type": "Feature", "id": 7044, "geometry": {"type": "Polygon", "coordinates": [[[72.88255054156603, 19.06019117862389], [72.88246760664572, 19.06028012269001], [72.88237959475708, 19.06036404619901], [72.88228680929531, 19.060442659849162], [72.88218957011114, 19.06051569264293], [72.88208821240816, 19.06058289282115], [72.88198308558738, 19.060644028730877], [72.88187455204273, 19.06069888962397], [72.88176298591182, 19.06074728638357], [72.88164877178622, 19.060789052176013], [72.88153230338568, 19.060824043025963], [72.8814139822009, 19.060852138312715], [72.88129421610952, 19.060873241185988], [72.88117341797006, 19.060887278899813], [72.88105200419875, 19.060894203063278], [72.88093039333398, 19.060893989807358], [72.88080900459363, 19.060886639867192], [72.88068825642982, 19.060872178579544], [72.88056856508648, 19.060850655795473], [72.88045034316445, 19.060822145708467], [72.88033399819923, 19.06078674659871], [72.880219931256, 19.06074458049426], [72.88010853554711, 19.06069579275042], [72.88000019507669, 19.060640551548644], [72.87989528331677, 19.060579047316804], [72.8797941619199, 19.060511492072724], [72.87969717947252, 19.060438118693327], [72.87960467029319, 19.060359180111853], [72.87951695328023, 19.060274948445944], [72.87943433081234, 19.060185714059603], [72.8793570877063, 19.060091784562243], [72.87928549023508, 19.059993483748304], [72.87921978521001, 19.059891150481054], [72.87916019912993, 19.059785137524464], [72.87910693740038, 19.059675810327157], [72.87906018362558, 19.05956354576263], [72.8790200989755, 19.059448730830095], [72.8789868216302, 19.05933176132041], [72.87896046630362, 19.05921304045171], [72.87894112384801, 19.059092977479416], [72.8789288609408, 19.05897198628547], [72.87892371985481, 19.058850483951584], [72.8789257183124, 19.05872888932147], [72.8789348494245, 19.05860762155701], [72.87895108171425, 19.05848709869331], [72.8789743592256, 19.058367736197646], [72.87900460171613, 19.05824994553727], [72.87904170493373, 19.05813413276099], [72.87908554097591, 19.05802069709944], [72.87913595873074, 19.057910029588843], [72.8791927843978, 19.057802511723033], [72.87925582208725, 19.057698514138366], [72.87932485449507, 19.057598395336065], [72.87939964365229, 19.05750250044638], [72.87947993174518, 19.05741116003886], [72.87956544200405, 19.057324688982813], [72.8796558796573, 19.057243385361883], [72.87975093294766, 19.057167529446495], [72.8798502742067, 19.057097382727704], [72.87995356098453, 19.057033187015776], [72.88006043723024, 19.056975163606637], [72.88017053451927, 19.056923512518996], [72.88028347332344, 19.056878411804846], [72.88039886431932, 19.056840016935702], [72.88051630973023, 19.056808460266623], [72.8806354046975, 19.05678385057999], [72.88075573867611, 19.056766272710487], [72.88087689684991, 19.056755787252676], [72.88099846156159, 19.0567524303521], [72.88112001375238, 19.05675621358069], [72.88124113440671, 19.056767123896876], [72.8813614059966, 19.056785123690535], [72.88148041392095, 19.05681015091265], [72.88159774793479, 19.0568421192892], [72.88171300356349, 19.056880918618575], [72.88182578349699, 19.05692641515144], [72.88193569895952, 19.05697845205183], [72.8820423710497, 19.057036849937763], [72.88214543204676, 19.05710140749963], [72.88224452667805, 19.057171902194142], [72.88233931334386, 19.057248091011484], [72.88242946529495, 19.057329711313017], [72.88251467175883, 19.057416481736656], [72.88259463901117, 19.05750810316677], [72.88266909138831, 19.057604259765316], [72.88273777223748, 19.057704620060573], [72.88280044480153, 19.057808838089816], [72.88285689303518, 19.057916554591905], [72.88290692234968, 19.058027398245745], [72.8829503602836, 19.0581409869503], [72.88298705709738, 19.058256929141773], [72.88301688628952, 19.058374825143407], [72.8830397450326, 19.058494268543267], [72.8830555545278, 19.05861484759521], [72.88306426027653, 19.058736146638257], [72.88306583226824, 19.058857747529483], [72.88306026508397, 19.058979231085427], [72.88304757791497, 19.059100178527103], [72.8830278144965, 19.05922017292362], [72.8830010429572, 19.059338800629444], [72.88296735558409, 19.059455652710287], [72.88292686850451, 19.05957032635283], [72.88287972128585, 19.059682426253264], [72.88282607645431, 19.05979156598001], [72.88276611893474, 19.059897369305823], [72.88270005541315, 19.059999471504717], [72.88262811362416, 19.060097520609265], [72.88255054156603, 19.06019117862389]]]}, "properties": {"OBJECTID": 7044, "NAME": "Vivekanand School Shivshrushti Road", "TYPE": 2, "LOCATION": "Agri Samaj Chawl, Shivshrushti Road, Kurla East", "AWSID": null, "STRETCH": null, "DEPTH": null, "AFFECT_ROAD": null, "AFFECT_RAIL": null, "NO_DE_WATER_PUMP": null, "REMARKS": "Planning Stage (2025)", "FEATUREID": "FS15000000060", "EDUPDATEUSER": null, "EDUPDATETIME": null, "CREATED_USER": "DMMASTER@PRSRVGISDB.MUMBASE.MCGM.GOV.IN", "CREATED_DATE": 1689864694000, "LAST_EDITED_USER": "DMMASTER@PRSRVGISDB.MUMBASE.MCGM.GOV.IN", "LAST_EDITED_DATE": 1750850331000, "HEIGHT_TO_MSL": null, "AFFECT_ELECTRIC": null, "AFFECT_HAZ_MAT": null, "WARD": "L", "AFFECT_AREA": null, "SUBTYPE": null, "AFFECT_BEST_ROUTE": null, "AFFECTED_HUT": null, "AFFECT_POPULATION": null, "SHAPE.AREA": 156190.07631701, "SHAPE.LEN": 1401.1881668334001}}, {"type": "Feature", "id": 585, "geometry": {"type": "Polygon", "coordinates": [[[72.87998770000006, 19.058427139813425], [72.87997120184227, 19.058425767800216], [72.87995520637837, 19.05842169174486], [72.87994019552913, 19.05841503732212], [72.87992663126629, 19.05840600494922], [72.87991492045829, 19.058394870285014], [72.87990542075293, 19.058381969845236], [72.87989842161574, 19.05836769807454], [72.87989413603447, 19.058352487379235], [72.87989269302415, 19.058336799911576], [72.87989413591131, 19.05832111309762], [72.87989842256373, 19.058305901574514], [72.87990542073332, 19.05829162991071], [72.87991491974103, 19.058278730158513], [72.87992663056855, 19.058267594629026], [72.87994019646698, 19.05825856336829], [72.87995520646056, 19.058251908053716], [72.87997120199529, 19.05824783207044], [72.87998769987162, 19.058246459935752], [72.88000419801212, 19.058247831945806], [72.88002019441123, 19.058251908006397], [72.88003520428909, 19.058258563313846], [72.880048768559, 19.05826759477516], [72.88006048030714, 19.05827873034505], [72.88006997908201, 19.058291629863515], [72.8800769772823, 19.058305901617995], [72.88008126381828, 19.058321113224675], [72.88008270685802, 19.05833679978945], [72.88008126398815, 19.05835248660656], [72.88007697830012, 19.058367698146263], [72.88006997919082, 19.058381969806675], [72.88006048018752, 19.05839486956731], [72.8800487693582, 19.058406005105162], [72.88003520439027, 19.05841503728722], [72.88002019439526, 19.058421691703952], [72.88000419789432, 19.058425767678997], [72.87998770000006, 19.058427139813425]]]}, "properties": {"OBJECTID": 585, "NAME": "Bunter Bhavan Nalla (Delete)", "TYPE": 2, "LOCATION": "Ashok Samrat Road, Near Gujarat Clay Mills, Chunabhatti, Mumbai, 400070", "AWSID": "WS19196800038", "STRETCH": 40, "DEPTH": 1, "AFFECT_ROAD": null, "AFFECT_RAIL": "No", "NO_DE_WATER_PUMP": 0, "REMARKS": null, "FEATUREID": "FS15000000048", "EDUPDATEUSER": null, "EDUPDATETIME": null, "CREATED_USER": "DMMASTER", "CREATED_DATE": 1529143829000, "LAST_EDITED_USER": "DMMASTER@PRSRVGISDB.MUMBASE.MCGM.GOV.IN", "LAST_EDITED_DATE": 1653391035000, "HEIGHT_TO_MSL": null, "AFFECT_ELECTRIC": "No", "AFFECT_HAZ_MAT": "No", "WARD": "L", "AFFECT_AREA": null, "SUBTYPE": null, "AFFECT_BEST_ROUTE": null, "AFFECTED_HUT": null, "AFFECT_POPULATION": null, "SHAPE.AREA": 312.70272748499997, "SHAPE.LEN": 62.7657860453744}}, {"type": "Feature", "id": 13, "geometry": {"type": "Polygon", "coordinates": [[[72.88044350011042, 19.078839429436684], [72.88041142317087, 19.078837510476177], [72.88037985259903, 19.07883178462602], [72.88034928507179, 19.078822342507078], [72.88032020324285, 19.078809331485353], [72.88029306717044, 19.078792957379793], [72.88026830297564, 19.078773479815382], [72.88024630104596, 19.07875120407306], [72.88022740937448, 19.078726481916213], [72.88021192605244, 19.07869970427807], [72.88020009462315, 19.078671293078767], [72.88019210226284, 19.078641694881476], [72.88018807315427, 19.078611379009537], [72.88018807344338, 19.07858082134461], [72.88019210174039, 19.078550504217397], [72.88020009493421, 19.078520907441842], [72.88021192646535, 19.07849249474616], [72.88022741007968, 19.078465717429278], [72.88024630196966, 19.078440995416674], [72.88026830262834, 19.078418720895005], [72.88029306750529, 19.078399242175827], [72.88032020409938, 19.078382868178558], [72.88034928539534, 19.078369857745898], [72.88037985277103, 19.078360415161004], [72.88041142360791, 19.078354689331693], [72.88044349988623, 19.078352770276396], [72.88047557673393, 19.078354689222408], [72.88050714817199, 19.07836041505895], [72.88053771466755, 19.078369858037004], [72.88056679550563, 19.078382868105102], [72.88059393249665, 19.07839924217809], [72.88061869667175, 19.07841872060088], [72.88064069862831, 19.078440995396885], [72.88065959033781, 19.078465717514838], [72.88067507371817, 19.078492495120813], [72.88068690521085, 19.078520907199845], [72.88069489863084, 19.078550503588612], [72.88069892685972, 19.078580821253794], [72.88069892667588, 19.07861137802464], [72.88069489846735, 19.07864169517151], [72.88068690533963, 19.078671292879275], [72.88067507388182, 19.078699704708427], [72.88065959030969, 19.078726482067182], [72.88064069843963, 19.078751204124273], [72.88061869776583, 19.078773479593394], [72.88059393286194, 19.07879295835393], [72.88056679623081, 19.07880933148387], [72.88053771486773, 19.07882234194451], [72.88050714741055, 19.07883178454786], [72.88047557647148, 19.07883751128802], [72.88044350011042, 19.078839429436684]]]}, "properties": {"OBJECTID": 13, "NAME": "Shalimar Bakery (Delete)", "TYPE": 2, "LOCATION": "New Mill Road,In Side Shalimar Bakery,Kurla West,Mumbai,400070", "AWSID": "WS19207400037", "STRETCH": 50, "DEPTH": 1, "AFFECT_ROAD": null, "AFFECT_RAIL": "No", "NO_DE_WATER_PUMP": 1, "REMARKS": null, "FEATUREID": "FS15000000004", "EDUPDATEUSER": null, "EDUPDATETIME": null, "CREATED_USER": null, "CREATED_DATE": 1506429884000, "LAST_EDITED_USER": "DMMASTER@PRSRVGISDB.MUMBASE.MCGM.GOV.IN", "LAST_EDITED_DATE": 1653246519000, "HEIGHT_TO_MSL": null, "AFFECT_ELECTRIC": "No", "AFFECT_HAZ_MAT": null, "WARD": "L", "AFFECT_AREA": "Kurla West ", "SUBTYPE": null, "AFFECT_BEST_ROUTE": null, "AFFECTED_HUT": null, "AFFECT_POPULATION": null, "SHAPE.AREA": 2274.1698039149996, "SHAPE.LEN": 169.161837607985}}, {"type": "Feature", "id": 6727, "geometry": {"type": "Polygon", "coordinates": [[[72.8799034746684, 19.104332204634808], [72.87989434408387, 19.104331288414954], [72.87988551131335, 19.104328800605174], [72.8798772447361, 19.10432481679631], [72.87986979552787, 19.10431945803438], [72.87986339002909, 19.104312887142648], [72.87985822286761, 19.10430530377434], [72.87985445104502, 19.104296938346263], [72.87985218916623, 19.104288045037713], [72.87985150595728, 19.104278894067374], [72.87985242217714, 19.104269763482847], [72.87985490998692, 19.104260930712325], [72.87985889379577, 19.104252664135064], [72.87986425255771, 19.10424521492684], [72.87987082344944, 19.10423880942807], [72.87987840681775, 19.104233642266596], [72.87988677224583, 19.104229870444], [72.87989566555437, 19.104227608565207], [72.87990481652471, 19.104226925356258], [72.87991394710924, 19.10422784157611], [72.87992277987976, 19.104230329385892], [72.87993104645702, 19.104234313194755], [72.87993849566524, 19.104239671956687], [72.87994490116402, 19.10424624284842], [72.8799500683255, 19.104253826216727], [72.87995384014809, 19.104262191644803], [72.87995610202688, 19.104271084953353], [72.87995678523583, 19.104280235923692], [72.87995586901597, 19.10428936650822], [72.87995338120619, 19.10429819927874], [72.87994939739734, 19.104306465856002], [72.8799440386354, 19.104313915064225], [72.87993746774367, 19.104320320562994], [72.87992988437536, 19.10432548772447], [72.87992151894728, 19.104329259547065], [72.87991262563874, 19.10433152142586], [72.8799034746684, 19.104332204634808]]]}, "properties": {"OBJECTID": 6727, "NAME": "Hasanpada Road, Marol, Andheri East", "TYPE": 2, "LOCATION": "Hasanpada Road, Marol, Andheri East", "AWSID": null, "STRETCH": null, "DEPTH": null, "AFFECT_ROAD": null, "AFFECT_RAIL": null, "NO_DE_WATER_PUMP": null, "REMARKS": "Monsoon 24 (2024-25)", "FEATUREID": "FS11000000050", "EDUPDATEUSER": null, "EDUPDATETIME": null, "CREATED_USER": "DMMASTER@PRSRVGISDB.MUMBASE.MCGM.GOV.IN", "CREATED_DATE": 1689763962000, "LAST_EDITED_USER": "DMMASTER@PRSRVGISDB.MUMBASE.MCGM.GOV.IN", "LAST_EDITED_DATE": 1714416992000, "HEIGHT_TO_MSL": null, "AFFECT_ELECTRIC": null, "AFFECT_HAZ_MAT": null, "WARD": "K/E", "AFFECT_AREA": null, "SUBTYPE": null, "AFFECT_BEST_ROUTE": null, "AFFECTED_HUT": null, "AFFECT_POPULATION": null, "SHAPE.AREA": 106.18477254, "SHAPE.LEN": 36.575330423119304}}, {"type": "Feature", "id": 568, "geometry": {"type": "Polygon", "coordinates": [[[72.88239650002375, 19.08342613964631], [72.88238000032955, 19.083424766718885], [72.88236400052538, 19.08342069242974], [72.88234898932339, 19.08341403711174], [72.88233542113097, 19.083405003804653], [72.882323708566, 19.08339386913625], [72.88231420932989, 19.083380969622375], [72.88230720915463, 19.083366697857727], [72.88230292199805, 19.083351487162474], [72.88230147879383, 19.08333579971038], [72.88230292192442, 19.083320112916116], [72.88230720923893, 19.083304902319377], [72.88231420945293, 19.083290629789353], [72.88232370895898, 19.08327773095744], [72.88233542061721, 19.083266596349393], [72.88234898860853, 19.083257563311918], [72.88236400088711, 19.08325090802623], [72.88237999979054, 19.083246832984415], [72.88239650018048, 19.08324545997168], [72.88241299985737, 19.08324683289595], [72.8824289986855, 19.083250908071644], [72.88244401082729, 19.083257563393023], [72.88245757902678, 19.083266595788512], [72.88246929063216, 19.083277731340765], [72.88247879083751, 19.08329062995514], [72.88248579102567, 19.083304901714484], [72.88249007818722, 19.083320113310183], [72.88249152142086, 19.083335799859388], [72.8824900783076, 19.08335148665681], [72.88248579099623, 19.083366698162394], [72.88247879080382, 19.083380969796778], [72.88246929130219, 19.083393868637152], [72.88245757868071, 19.083405004145792], [72.88244401068157, 19.08341403719056], [72.8824289993515, 19.08342069158932], [72.88241300043164, 19.08342476663383], [72.88239650002375, 19.08342613964631]]]}, "properties": {"OBJECTID": 568, "NAME": "Near Shital Cinema, Samrat C H S (Delete)", "TYPE": 2, "LOCATION": "LBS Road, Near Shital Talaw, Kurla West, Mumbai, 400072", "AWSID": "WS20215900036", "STRETCH": 100, "DEPTH": 2, "AFFECT_ROAD": null, "AFFECT_RAIL": "No", "NO_DE_WATER_PUMP": 0, "REMARKS": "DOC 31.05.2020 Work is in progress by Road Dept. Structures and utilities affecting in the alignment of the proposed work.", "FEATUREID": "FS15000000031", "EDUPDATEUSER": null, "EDUPDATETIME": null, "CREATED_USER": "DMMASTER", "CREATED_DATE": 1529143829000, "LAST_EDITED_USER": "DMMASTER@PRSRVGISDB.MUMBASE.MCGM.GOV.IN", "LAST_EDITED_DATE": 1653390980000, "HEIGHT_TO_MSL": null, "AFFECT_ELECTRIC": "No", "AFFECT_HAZ_MAT": "No", "WARD": "L", "AFFECT_AREA": "Shital Cinema", "SUBTYPE": 4, "AFFECT_BEST_ROUTE": null, "AFFECTED_HUT": null, "AFFECT_POPULATION": null, "SHAPE.AREA": 312.70027988, "SHAPE.LEN": 62.76554040307779}}, {"type": "Feature", "id": 102, "geometry": {"type": "Polygon", "coordinates": [[[72.88288820034246, 19.08155736322707], [72.88285867561308, 19.081555596816763], [72.88282961724448, 19.08155032745087], [72.88280148215242, 19.081541635351503], [72.88277471509542, 19.081529660217296], [72.88274973837474, 19.081514589362474], [72.88272694417732, 19.08149666214515], [72.88270669376374, 19.081476159118687], [72.88268930507303, 19.08145340550223], [72.88267505383341, 19.081428758547652], [72.88266416405159, 19.08140260833345], [72.88265680626223, 19.08137536600205], [72.88265309848944, 19.08134746286754], [72.88265309881976, 19.08131933678121], [72.88265680634069, 19.081291433045624], [72.88266416320148, 19.081264191792457], [72.88267505375516, 19.081238040746577], [72.88268930457018, 19.081213394322837], [72.88270669315199, 19.081190640177372], [72.88272694415505, 19.08117013826079], [72.8827497380698, 19.08115221007886], [72.88277471594945, 19.081137140553334], [72.88280148243199, 19.0811251645078], [72.88282961705869, 19.08111647312056], [72.88285867536192, 19.081111203097993], [72.88288820026403, 19.08110943680555], [72.88291772396568, 19.081111203192677], [72.8829467832018, 19.08111647345183], [72.88297491729587, 19.08112516460911], [72.88300168429694, 19.081137140612945], [72.88302666195251, 19.081152210538676], [72.88304945519302, 19.08117013770716], [72.88306970656957, 19.081190640707963], [72.88308709529251, 19.081213394291467], [72.88310134563159, 19.081238041207882], [72.88311223642678, 19.08126419141316], [72.88311959333974, 19.081291433722466], [72.88312330119149, 19.081319336855163], [72.88312330094064, 19.08134746294915], [72.88311959350614, 19.081375365798273], [72.88311223574968, 19.08140260796827], [72.88310134619833, 19.08142875905608], [72.88308709543058, 19.08145340461214], [72.88306970685417, 19.081476159698443], [72.88304945584807, 19.081496661652555], [72.88302666192199, 19.081514588966407], [72.88300168397822, 19.081529660328535], [72.88297491745033, 19.081541635494663], [72.8829467827546, 19.08155032689755], [72.88291772437451, 19.08155559692664], [72.88288820034246, 19.08155736322707]]]}, "properties": {"OBJECTID": 102, "NAME": "Christen Villege (Delete)", "TYPE": 2, "LOCATION": "Father Peeter Parera Road,Near Citizen Manglore Store,Christen Villege,Mumbai,400070", "AWSID": "WS20215900036", "STRETCH": 150, "DEPTH": 2, "AFFECT_ROAD": "Father Peeter Parera Road ", "AFFECT_RAIL": "No", "NO_DE_WATER_PUMP": 2, "REMARKS": null, "FEATUREID": "FS15000000018", "EDUPDATEUSER": null, "EDUPDATETIME": null, "CREATED_USER": null, "CREATED_DATE": 1506429884000, "LAST_EDITED_USER": "DMMASTER@PRSRVGISDB.MUMBASE.MCGM.GOV.IN", "LAST_EDITED_DATE": 1653506430000, "HEIGHT_TO_MSL": null, "AFFECT_ELECTRIC": "No", "AFFECT_HAZ_MAT": null, "WARD": "L", "AFFECT_AREA": "Christen Villege ", "SUBTYPE": null, "AFFECT_BEST_ROUTE": null, "AFFECTED_HUT": 100, "AFFECT_POPULATION": 350, "SHAPE.AREA": 1926.56742106, "SHAPE.LEN": 155.698007871925}}, {"type": "Feature", "id": 100, "geometry": {"type": "Polygon", "coordinates": [[[72.88326793018416, 19.087755241281364], [72.88307212125355, 19.087691629160204], [72.88288624547421, 19.08760518157901], [72.88271322698333, 19.08749726992783], [72.88255580425842, 19.087369593163412], [72.88241645239034, 19.087224163363437], [72.88229737297782, 19.08706327850881], [72.88220044250095, 19.08688947311026], [72.88212719087736, 19.086705486344307], [72.8820787696735, 19.08651422194143], [72.88205594043882, 19.086318694757193], [72.88205907426791, 19.08612199102224], [72.8820881135258, 19.085927215512367], [72.88214260114638, 19.08573742956039], [72.88222167702317, 19.085555636563736], [72.88232409332126, 19.085384699061837], [72.8824482414252, 19.085227311950497], [72.88259215629314, 19.08508595917812], [72.88275356735704, 19.084962870977225], [72.88292993609844, 19.084859982749144], [72.88311847995578, 19.084778922696145], [72.88331621654655, 19.084720970781863], [72.8835200362024, 19.084687032468786], [72.88372672173972, 19.084677652495813], [72.8839330202613, 19.084692971443435], [72.88413566365766, 19.08473275668021], [72.88433146976544, 19.08479636648943], [72.88451734439603, 19.084882814222876], [72.88469036268431, 19.084990721358984], [72.88484778420144, 19.085118398968035], [72.88498713403109, 19.085263822444734], [72.88510621698182, 19.085424709349493], [72.88520314996717, 19.085598513453945], [72.88527640570445, 19.085782500211348], [72.8853248315465, 19.085973760519327], [72.88534765988916, 19.086169289422447], [72.88534453091958, 19.086365990888606], [72.8853154971418, 19.086560770897993], [72.88526100984362, 19.086750556257286], [72.88518194026415, 19.086932349040342], [72.88507952558746, 19.087103290103055], [72.88495537437147, 19.087260680826898], [72.88481146307039, 19.087402032762288], [72.8846500459705, 19.087525127117196], [72.88447367707342, 19.087628012302023], [72.88428513702428, 19.087709071742324], [72.88408739219048, 19.08776702883129], [72.88388356973911, 19.08780096380781], [72.88367687647025, 19.087810345343396], [72.88347058176787, 19.087795025830527], [72.88326793018416, 19.087755241281364]]]}, "properties": {"OBJECTID": 100, "NAME": "Kale Marg No 1 Kajupada  (Shanti Nagar, Bail Bazar)", "TYPE": 2, "LOCATION": "Kale Road,Opp Bharat Coal Compound,kurla West,Mumbai,400070", "AWSID": "WS20215900036", "STRETCH": 50, "DEPTH": 2, "AFFECT_ROAD": "Kale Road ", "AFFECT_RAIL": "No", "NO_DE_WATER_PUMP": 1, "REMARKS": "Will be Tackled before Monsoon 26 (2025)", "FEATUREID": "FS15000000016", "EDUPDATEUSER": null, "EDUPDATETIME": null, "CREATED_USER": null, "CREATED_DATE": 1506429884000, "LAST_EDITED_USER": "DMMASTER@PRSRVGISDB.MUMBASE.MCGM.GOV.IN", "LAST_EDITED_DATE": 1750856199000, "HEIGHT_TO_MSL": null, "AFFECT_ELECTRIC": "No", "AFFECT_HAZ_MAT": null, "WARD": "L", "AFFECT_AREA": "kurla West ", "SUBTYPE": 2, "AFFECT_BEST_ROUTE": "2022", "AFFECTED_HUT": null, "AFFECT_POPULATION": null, "SHAPE.AREA": 94255.5976552, "SHAPE.LEN": 1089.04174060962}}, {"type": "Feature", "id": 584, "geometry": {"type": "Polygon", "coordinates": [[[72.888254700338, 19.069262039682922], [72.88823820096957, 19.069260668301318], [72.88822220422614, 19.069256591944992], [72.88820719300597, 19.069249937184647], [72.88819362742183, 19.069240904398647], [72.88818191628212, 19.06922976925293], [72.88817241630119, 19.069216870046056], [72.8881654170274, 19.069202597600444], [72.88816112954778, 19.069187387003407], [72.88815968670554, 19.069171700447455], [72.88816112998524, 19.06915601262757], [72.88816541722613, 19.069140801796834], [72.88817241622516, 19.069126529821098], [72.888181916284, 19.06911363056868], [72.88819362743112, 19.069102496352397], [72.88820719296442, 19.06909346271762], [72.88822220371065, 19.06908680770236], [72.88823820112681, 19.069082732000783], [72.8882547000852, 19.069081360127534], [72.88827119942486, 19.06908273240915], [72.88828719616514, 19.06908680785664], [72.88830220737519, 19.06909346260946], [72.88831577294347, 19.06910249629017], [72.888327484085, 19.069113631427516], [72.8883369840852, 19.069126529723967], [72.88834398337188, 19.069140802164288], [72.88834826991804, 19.069156012747754], [72.88834971276677, 19.069171700207093], [72.88834827046571, 19.069187387137855], [72.88834398323941, 19.069202597974265], [72.8883369842505, 19.069216869957522], [72.88832748419607, 19.069229769218403], [72.88831577303569, 19.069240904346177], [72.88830220655616, 19.069249937074208], [72.88828719579702, 19.069256592094767], [72.88827119931432, 19.069260667809914], [72.888254700338, 19.069262039682922]]]}, "properties": {"OBJECTID": 584, "NAME": "Carshade Nalla (Delete)", "TYPE": 2, "LOCATION": "Aala Hazrat Road, Near Terminal Office, Kurla West, Mumbai, 400070", "AWSID": "WS19196800038", "STRETCH": 60, "DEPTH": 2, "AFFECT_ROAD": null, "AFFECT_RAIL": "No", "NO_DE_WATER_PUMP": 0, "REMARKS": null, "FEATUREID": "FS15000000047", "EDUPDATEUSER": null, "EDUPDATETIME": null, "CREATED_USER": "DMMASTER", "CREATED_DATE": 1529143829000, "LAST_EDITED_USER": "DMMASTER@PRSRVGISDB.MUMBASE.MCGM.GOV.IN", "LAST_EDITED_DATE": 1653391033000, "HEIGHT_TO_MSL": null, "AFFECT_ELECTRIC": "No", "AFFECT_HAZ_MAT": "No", "WARD": "L", "AFFECT_AREA": null, "SUBTYPE": null, "AFFECT_BEST_ROUTE": null, "AFFECTED_HUT": null, "AFFECT_POPULATION": null, "SHAPE.AREA": 312.69801437, "SHAPE.LEN": 62.7653130661803}}, {"type": "Feature", "id": 122, "geometry": {"type": "Polygon", "coordinates": [[[72.89358959956738, 19.061366918532947], [72.89356111375092, 19.061365213870737], [72.89353307628386, 19.061360127932556], [72.89350592977668, 19.06135174164967], [72.89348010291455, 19.061340185474865], [72.89345600471265, 19.061325642929887], [72.89343401130975, 19.061308343228333], [72.89341447265133, 19.06128855864205], [72.89339769542686, 19.061266601596362], [72.89338394504934, 19.061242818369628], [72.89337343716409, 19.061217584479863], [72.89336633870124, 19.061191296567177], [72.89336276221128, 19.061164369619163], [72.89336276215703, 19.061137229702336], [72.89336633979984, 19.06111030317855], [72.89337343751231, 19.06108401573684], [72.89338394461414, 19.06105878162068], [72.8933976955412, 19.061034998187512], [72.89341447275193, 19.061013041425515], [72.89343401159086, 19.06099325697655], [72.89345600413333, 19.060975956566903], [72.89348010398038, 19.06096141444907], [72.89350593017205, 19.060949858413736], [72.89353307666268, 19.060941471704524], [72.89356111336188, 19.06093638580387], [72.89358960037039, 19.06093468149872], [72.89361808706431, 19.060936386160385], [72.8936461235156, 19.060941472068397], [72.89367326996737, 19.060949858325245], [72.89369909583831, 19.06096141445806], [72.89372319496535, 19.060975956979597], [72.89374518836173, 19.06099325664588], [72.89376472703225, 19.06101304119813], [72.89378150428668, 19.06103499821318], [72.89379525471008, 19.061058781414545], [72.89380576264291, 19.061084016188982], [72.8938128602357, 19.061110303177255], [72.89381643774891, 19.06113723013442], [72.89381643787708, 19.061164370058357], [72.8938128612538, 19.06119129660846], [72.89380576265268, 19.061217584062188], [72.89379525559958, 19.061242818207162], [72.89378150470583, 19.061266601673307], [72.89376472751083, 19.061288558470334], [72.8937451886691, 19.06130834295422], [72.89372319611685, 19.061325642493323], [72.89369909622015, 19.06134018554253], [72.89367326998702, 19.06135174069683], [72.89364612342082, 19.061360128323727], [72.89361808665015, 19.06136521423051], [72.89358959956738, 19.061366918532947]]]}, "properties": {"OBJECTID": 122, "NAME": "Postal Colony Service Road 2 (Delete)", "TYPE": 2, "LOCATION": "Postal Colony Service Road,Near Street Light Pole No MJ05/01,Chembur East,Mumbai,400071", "AWSID": "WS21198300041", "STRETCH": 50, "DEPTH": 2, "AFFECT_ROAD": null, "AFFECT_RAIL": "No", "NO_DE_WATER_PUMP": 1, "REMARKS": "Already Tackled (2024-25)", "FEATUREID": "FS22000000002", "EDUPDATEUSER": null, "EDUPDATETIME": null, "CREATED_USER": null, "CREATED_DATE": 1506509507000, "LAST_EDITED_USER": "DMMASTER@PRSRVGISDB.MUMBASE.MCGM.GOV.IN", "LAST_EDITED_DATE": 1714196994000, "HEIGHT_TO_MSL": null, "AFFECT_ELECTRIC": "No", "AFFECT_HAZ_MAT": null, "WARD": "M/W", "AFFECT_AREA": "Chembur East", "SUBTYPE": null, "AFFECT_BEST_ROUTE": null, "AFFECTED_HUT": 200, "AFFECT_POPULATION": 580, "SHAPE.AREA": 1793.936171005, "SHAPE.LEN": 150.243067925334}}, {"type": "Feature", "id": 6758, "geometry": {"type": "Polygon", "coordinates": [[[72.89616851703236, 19.10492404491233], [72.89606236817018, 19.10489806946111], [72.89595814545665, 19.104865207157577], [72.89585629518943, 19.104825598723153], [72.89575725350701, 19.10477941376724], [72.89566144452108, 19.10472685006091], [72.89556927850042, 19.104668132690023], [72.89548115011408, 19.10460351309137], [72.89539743674135, 19.104533267976], [72.89531849685572, 19.104457698144277], [72.89524466848992, 19.104377127197825], [72.89517626778834, 19.104291900153804], [72.89511358765328, 19.1042023819675], [72.89505689649073, 19.104108955969537], [72.89500643706091, 19.10401202222437], [72.89496242543888, 19.103911995817185], [72.89492505008913, 19.103809305076414], [72.89489447105866, 19.10370438973957], [72.89487081929158, 19.103597699070235], [72.8948541960684, 19.103489689934236], [72.89484467257228, 19.10338082484327], [72.89484228958432, 19.103271569974375], [72.89484705730882, 19.103162393173672], [72.89485895532965, 19.10305376195298], [72.8948779326977, 19.102946141487866], [72.8949039081489, 19.102839992625682], [72.89493677045245, 19.102735769912154], [72.89497637888687, 19.10263391964494], [72.89502256384279, 19.102534877962523], [72.8950751275491, 19.102439068976587], [72.89513384492, 19.102346902955926], [72.89519846451866, 19.102258774569584], [72.89526870963402, 19.102175061196846], [72.89534427946575, 19.10209612131122], [72.8954248504122, 19.10202229294542], [72.89551007745622, 19.10195389224384], [72.89559959564252, 19.101891212108793], [72.89569302164048, 19.101834520946227], [72.89578995538565, 19.101784061516412], [72.89588998179283, 19.10174004989437], [72.89599267253361, 19.10170267454463], [72.89609758787046, 19.101672095514168], [72.89620427853978, 19.10164844374709], [72.89631228767578, 19.1016318205239], [72.89642115276675, 19.10162229702778], [72.89653040763565, 19.101619914039816], [72.89663958443636, 19.101624681764317], [72.89674821565704, 19.10163657978516], [72.89685583612216, 19.101655557153194], [72.89696198498434, 19.101681532604413], [72.89706620769788, 19.101714394907948], [72.89716805796509, 19.10175400334237], [72.89726709964751, 19.101800188298284], [72.89736290863344, 19.101852752004614], [72.8974550746541, 19.1019114693755], [72.89754320304044, 19.101976088974155], [72.89762691641317, 19.102046334089525], [72.8977058562988, 19.102121903921248], [72.8977796846646, 19.1022024748677], [72.89784808536618, 19.10228770191172], [72.89791076550124, 19.102377220098024], [72.89796745666379, 19.102470646095988], [72.89801791609361, 19.102567579841153], [72.89806192771564, 19.10266760624834], [72.8980993030654, 19.10277029698911], [72.89812988209586, 19.102875212325955], [72.89815353386294, 19.10298190299529], [72.89817015708613, 19.10308991213129], [72.89817968058225, 19.103198777222254], [72.8981820635702, 19.10330803209115], [72.8981772958457, 19.10341720889185], [72.89816539782487, 19.103525840112543], [72.89814642045683, 19.103633460577658], [72.89812044500562, 19.10373960943984], [72.89808758270208, 19.10384383215337], [72.89804797426766, 19.103945682420584], [72.89800178931173, 19.104044724103], [72.89794922560542, 19.104140533088938], [72.89789050823452, 19.1042326991096], [72.89782588863586, 19.10432082749594], [72.8977556435205, 19.10440454086868], [72.89768007368878, 19.104483480754304], [72.89759950274232, 19.104557309120104], [72.8975142756983, 19.104625709821683], [72.897424757512, 19.10468838995673], [72.89733133151404, 19.104745081119297], [72.89723439776887, 19.104795540549112], [72.89713437136169, 19.104839552171153], [72.89703168062091, 19.104876927520895], [72.89692676528406, 19.104907506551356], [72.89682007461474, 19.104931158318433], [72.89671206547874, 19.104947781541625], [72.89660320038777, 19.104957305037743], [72.89649394551887, 19.10495968802571], [72.89638476871816, 19.104954920301207], [72.89627613749748, 19.104943022280363], [72.89616851703236, 19.10492404491233]]]}, "properties": {"OBJECTID": 6758, "NAME": "Nahar Amrit Shakto Road Khairani Road", "TYPE": 2, "LOCATION": "Nahar Amrit Shakti Road Khairani Road, Sakinaka, Kurla", "AWSID": null, "STRETCH": null, "DEPTH": null, "AFFECT_ROAD": null, "AFFECT_RAIL": null, "NO_DE_WATER_PUMP": null, "REMARKS": "Will be tackled befor monsoon 2025 (2025)", "FEATUREID": "FS15000000056", "EDUPDATEUSER": null, "EDUPDATETIME": null, "CREATED_USER": "DMMASTER@PRSRVGISDB.MUMBASE.MCGM.GOV.IN", "CREATED_DATE": 1689779959000, "LAST_EDITED_USER": "DMMASTER@PRSRVGISDB.MUMBASE.MCGM.GOV.IN", "LAST_EDITED_DATE": 1750847569000, "HEIGHT_TO_MSL": null, "AFFECT_ELECTRIC": null, "AFFECT_HAZ_MAT": null, "WARD": "L", "AFFECT_AREA": null, "SUBTYPE": null, "AFFECT_BEST_ROUTE": null, "AFFECTED_HUT": null, "AFFECT_POPULATION": null, "SHAPE.AREA": 106883.720203405, "SHAPE.LEN": 1159.14628576686}}, {"type": "Feature", "id": 449, "geometry": {"type": "Polygon", "coordinates": [[[72.85400569397292, 19.0596264903431], [72.85398919613871, 19.059625117819706], [72.8539731985571, 19.059621042236742], [72.85395818980872, 19.059614386703316], [72.85394462418537, 19.05960535522313], [72.85393291426597, 19.05959421905919], [72.85392341472352, 19.05958132015824], [72.85391641597903, 19.059567047592306], [72.8539121299545, 19.059551837392686], [72.85391068561474, 19.059536149916543], [72.85391213001027, 19.059520462633007], [72.85391641616265, 19.059505251916956], [72.8539234146363, 19.059490979634784], [72.85393291371312, 19.059478079597525], [72.85394462430399, 19.059466944972463], [72.85395818964444, 19.059457913040518], [72.85397319868464, 19.059451258126067], [72.85398919571487, 19.059447181773077], [72.85400569369764, 19.059445810190567], [72.85402219247595, 19.059447181818708], [72.85403818908159, 19.059451258288032], [72.8540531978315, 19.059457912910812], [72.85406676438862, 19.059466945296705], [72.85407847433314, 19.059478079646045], [72.85408797291038, 19.05949098033493], [72.8540949716794, 19.059505251992444], [72.85409925770874, 19.059520463092543], [72.85410070207806, 19.05953614966583], [72.85409925769981, 19.059551836952554], [72.85409497156202, 19.059567047674292], [72.85408797309843, 19.059581319964], [72.85407847403765, 19.059594219106597], [72.85406676438309, 19.0596053546542], [72.85405319808498, 19.05961438658233], [72.85403818902027, 19.059621042405197], [72.85402219198524, 19.059625117857717], [72.85400569397292, 19.0596264903431]]]}, "properties": {"OBJECTID": 449, "NAME": "Jagatvidya Society, Kalanagar, Behind, Guru Nanak Hospital, Bandra (E) (Delete)", "TYPE": 2, "LOCATION": "Doctor Panikars Speciality Care Centre Road, In Front of Jagatvidya Society, Kalanagar, Behind Guru Nanak Hospital, Bandra East, Mumbai, 400051", "AWSID": "WS17181900026", "STRETCH": 100, "DEPTH": 4, "AFFECT_ROAD": "Jagat Vidua Road", "AFFECT_RAIL": "No", "NO_DE_WATER_PUMP": 0, "REMARKS": null, "FEATUREID": "FS21000000039", "EDUPDATEUSER": null, "EDUPDATETIME": null, "CREATED_USER": "DMMASTER", "CREATED_DATE": 1529143829000, "LAST_EDITED_USER": "DMMASTER@PRSRVGISDB.MUMBASE.MCGM.GOV.IN", "LAST_EDITED_DATE": 1653383183000, "HEIGHT_TO_MSL": null, "AFFECT_ELECTRIC": "No", "AFFECT_HAZ_MAT": "No", "WARD": "H/E", "AFFECT_AREA": "Jagat Vidyav Society", "SUBTYPE": null, "AFFECT_BEST_ROUTE": null, "AFFECTED_HUT": null, "AFFECT_POPULATION": null, "SHAPE.AREA": 312.71111453, "SHAPE.LEN": 62.7666277791632}}, {"type": "Feature", "id": 6732, "geometry": {"type": "Polygon", "coordinates": [[[72.8535602812118, 19.10676664388884], [72.85351900700925, 19.106762593806852], [72.85347901096571, 19.10675162660752], [72.85344144369454, 19.106734057797198], [72.8534073859377, 19.106710392798572], [72.85337781747488, 19.106681312410565], [72.85335358893691, 19.106647653222996], [72.85333539733472, 19.106610383549405], [72.85332376600756, 19.106570575570448], [72.85331902956757, 19.106529374489195], [72.85332132427348, 19.10648796558575], [72.85333058411078, 19.10644754011886], [72.85334654269083, 19.10640926105561], [72.8533687409143, 19.10637422961496], [72.85339654017876, 19.10634345358767], [72.85342914074997, 19.10631781834401], [72.85346560476883, 19.106298061363272], [72.85350488323193, 19.106284751017817], [72.85354584616941, 19.10627827022205], [72.85358731515211, 19.106278805416665], [72.85362809719292, 19.106286341205088], [72.85366701906679, 19.10630066079641], [72.85370296106224, 19.106321352242052], [72.85373488919352, 19.106347820286803], [72.85376188494642, 19.106379303493203], [72.85378317170229, 19.106414896146728], [72.8537981370799, 19.106453574311534], [72.85380635055262, 19.106494225287243], [72.85380757583374, 19.1065356796193], [72.8538017776742, 19.106576744742043], [72.85378912287648, 19.10661623928666], [72.85376997549606, 19.106653027067008], [72.85374488636822, 19.10668604976563], [72.85371457726148, 19.10671435737961], [72.85367992011368, 19.10673713555043], [72.85364191194783, 19.10675372899159], [72.85360164618969, 19.106763660339993], [72.8535602812118, 19.10676664388884]]]}, "properties": {"OBJECTID": 6732, "NAME": "Dariyalal Society Nr AAI Juhu", "TYPE": 2, "LOCATION": "Dariyalal Society Nr AAI Juhu", "AWSID": null, "STRETCH": null, "DEPTH": null, "AFFECT_ROAD": null, "AFFECT_RAIL": null, "NO_DE_WATER_PUMP": null, "REMARKS": "Monsoon 24 (2024-25)", "FEATUREID": "FS20000000071", "EDUPDATEUSER": null, "EDUPDATETIME": null, "CREATED_USER": "DMMASTER@PRSRVGISDB.MUMBASE.MCGM.GOV.IN", "CREATED_DATE": 1689766319000, "LAST_EDITED_USER": "DMMASTER@PRSRVGISDB.MUMBASE.MCGM.GOV.IN", "LAST_EDITED_DATE": 1714417028000, "HEIGHT_TO_MSL": null, "AFFECT_ELECTRIC": null, "AFFECT_HAZ_MAT": null, "WARD": "K/W", "AFFECT_AREA": null, "SUBTYPE": null, "AFFECT_BEST_ROUTE": null, "AFFECTED_HUT": null, "AFFECT_POPULATION": null, "SHAPE.AREA": 2291.41346921, "SHAPE.LEN": 169.89452078549502}}, {"type": "Feature", "id": 510, "geometry": {"type": "Polygon", "coordinates": [[[72.86744415253716, 19.112300957594524], [72.86742765024674, 19.112299584871092], [72.86741164824517, 19.112295509060072], [72.86739663431572, 19.112288854142406], [72.86738306388038, 19.112279822307908], [72.8673713496414, 19.11226868660913], [72.86736184831472, 19.112255788097695], [72.86735484663325, 19.112241515790277], [72.86735055947001, 19.11222630484026], [72.8673491148683, 19.112210618298963], [72.86735055900084, 19.11219493091435], [72.86735484678474, 19.112179719989633], [72.8673618478023, 19.112165448289975], [72.8673713502985, 19.112152548733345], [72.86738306417028, 19.112141413586023], [72.86739663443014, 19.112132381973147], [72.86741164801897, 19.112125727311966], [72.86742765003879, 19.11212165117721], [72.86744415332302, 19.11212027799245], [72.86746065559606, 19.112121650712734], [72.86747665757142, 19.11212572742117], [72.86749167244083, 19.112132382342313], [72.86750524192166, 19.112141414157318], [72.86751695617406, 19.112152548944575], [72.86752645844712, 19.11216544836287], [72.86753345920302, 19.112179719750827], [72.8675377473328, 19.112194930709173], [72.86753919099081, 19.112210618142832], [72.86753774688721, 19.1122263046275], [72.86753345911796, 19.11224151555792], [72.86752645809894, 19.112255788168238], [72.86751695561874, 19.112268686830244], [72.86750524174515, 19.11227982198595], [72.86749167242752, 19.11228885361711], [72.86747665786405, 19.112295509175713], [72.86746065582778, 19.112299585313153], [72.86744415253716, 19.112300957594524]]]}, "properties": {"OBJECTID": 510, "NAME": "A K Road, Kohinoor Junction ", "TYPE": 2, "LOCATION": "Andheri Kurla Road, Near J B Nagar Metro Station, Andheri East, Mumbai, 400059", "AWSID": "WS19247700031", "STRETCH": 20, "DEPTH": 1, "AFFECT_ROAD": null, "AFFECT_RAIL": "No", "NO_DE_WATER_PUMP": 0, "REMARKS": null, "FEATUREID": "FS11000000021", "EDUPDATEUSER": null, "EDUPDATETIME": null, "CREATED_USER": "DMMASTER", "CREATED_DATE": 1529143829000, "LAST_EDITED_USER": "DMMASTER@PRSRVGISDB.MUMBASE.MCGM.GOV.IN", "LAST_EDITED_DATE": 1653462068000, "HEIGHT_TO_MSL": null, "AFFECT_ELECTRIC": "No", "AFFECT_HAZ_MAT": "No", "WARD": "K/E", "AFFECT_AREA": "Kohinoor Junction Area", "SUBTYPE": 99, "AFFECT_BEST_ROUTE": "2022", "AFFECTED_HUT": null, "AFFECT_POPULATION": null, "SHAPE.AREA": 312.70427363, "SHAPE.LEN": 62.7659412051139}}, {"type": "Feature", "id": 459, "geometry": {"type": "Polygon", "coordinates": [[[72.8697929001848, 19.08134804012817], [72.86977639995828, 19.081346666993095], [72.86976040077434, 19.081342591656977], [72.8697453903419, 19.08133593718316], [72.86973182212898, 19.08132690392009], [72.86972010966306, 19.081315769435495], [72.86971060966353, 19.081302870255843], [72.86970360973889, 19.081288598111104], [72.86969932284899, 19.081273387224897], [72.8696978798906, 19.08125769977649], [72.86969932320973, 19.08124201318001], [72.8697036096826, 19.081226802054807], [72.8697106098698, 19.08121253008623], [72.86972011015877, 19.081199631081873], [72.86973182242482, 19.081188496437594], [72.86974538989246, 19.081179462559614], [72.86976040141873, 19.08117280831991], [72.86977640033138, 19.08116873257674], [72.86979289955808, 19.081167359769296], [72.86980939976728, 19.081168732901222], [72.86982539893663, 19.081172808231646], [72.86984041030887, 19.081179462708914], [72.86985397756746, 19.08118849595252], [72.86986569002366, 19.0811996313319], [72.86987519004258, 19.081212529601135], [72.86988218998015, 19.08122680174058], [72.86988647688646, 19.081242012624106], [72.86988791986283, 19.081257700072772], [72.86988647656102, 19.0812733866724], [72.86988219010276, 19.081288597803297], [72.86987518992566, 19.081302869779407], [72.86986568964109, 19.08131576879224], [72.86985397831157, 19.081326904359006], [72.86984040989773, 19.081335937330152], [72.86982539930847, 19.08134259158613], [72.8698094003794, 19.08134666733196], [72.8697929001848, 19.08134804012817]]]}, "properties": {"OBJECTID": 459, "NAME": "Vakola, Indian Airlines Colony, Bldg No 2, Kurla West (Delete)", "TYPE": 1, "LOCATION": "Air India Road, Near Indian Airlince Colony, Kurla West, Mumbai, 400017", "AWSID": "WS19207400037", "STRETCH": 40, "DEPTH": 1, "AFFECT_ROAD": null, "AFFECT_RAIL": "No", "NO_DE_WATER_PUMP": 0, "REMARKS": null, "FEATUREID": "FS21000000049", "EDUPDATEUSER": null, "EDUPDATETIME": null, "CREATED_USER": "DMMASTER", "CREATED_DATE": 1529143829000, "LAST_EDITED_USER": "DMMASTER@PRSRVGISDB.MUMBASE.MCGM.GOV.IN", "LAST_EDITED_DATE": 1653548366000, "HEIGHT_TO_MSL": null, "AFFECT_ELECTRIC": "No", "AFFECT_HAZ_MAT": "No", "WARD": "H/E", "AFFECT_AREA": null, "SUBTYPE": null, "AFFECT_BEST_ROUTE": "2022", "AFFECTED_HUT": null, "AFFECT_POPULATION": null, "SHAPE.AREA": 312.70541863, "SHAPE.LEN": 62.7660561320453}}, {"type": "Feature", "id": 516, "geometry": {"type": "Polygon", "coordinates": [[[72.86972490014125, 19.10824713973291], [72.869708397259, 19.108245767239808], [72.86969239557152, 19.108241690754888], [72.86967738187964, 19.108235036047358], [72.86966381160971, 19.108226004397565], [72.86965209935912, 19.10821486887442], [72.86964259710227, 19.10820196956673], [72.86963559628755, 19.108187698252028], [72.86963130802455, 19.108172487327874], [72.86962986416142, 19.108156799888487], [72.86963130799268, 19.10814111335838], [72.86963559637913, 19.108125902354885], [72.86964259701351, 19.108111629623878], [72.86965209906812, 19.10809873080759], [72.86966381152604, 19.10808759636004], [72.8696773822869, 19.108078563638912], [72.8696923963823, 19.108071907852292], [72.86970839699315, 19.10806783326939], [72.86972489987423, 19.108066459838522], [72.86974140272756, 19.108067833231605], [72.86975740442355, 19.10807190790455], [72.86977241808216, 19.108078564410796], [72.86978598834767, 19.108087596052115], [72.86979770061167, 19.108098730663745], [72.86980720287636, 19.108111629964156], [72.86981420369244, 19.10812590217669], [72.86981849197191, 19.10814111309815], [72.86981993586458, 19.108156799634674], [72.86981849203912, 19.108172487071062], [72.86981420366729, 19.108187698080258], [72.8698072030546, 19.108201969915672], [72.86979770100443, 19.108214868740458], [72.86978598758303, 19.108226004088525], [72.86977241777596, 19.108235035924782], [72.86975740367919, 19.10824169081358], [72.86974140302874, 19.108245767205428], [72.86972490014125, 19.10824713973291]]]}, "properties": {"OBJECTID": 516, "NAME": "Lele Wadi, Marol Pipe line", "TYPE": 2, "LOCATION": "Marol Pipeline Road, Opposite Golden Chariot, Andheri East, Mumbai, 400059", "AWSID": "WS19247700031", "STRETCH": 60, "DEPTH": 2, "AFFECT_ROAD": null, "AFFECT_RAIL": "No", "NO_DE_WATER_PUMP": 0, "REMARKS": "Monsoon 24 (2024-25)", "FEATUREID": "FS11000000027", "EDUPDATEUSER": null, "EDUPDATETIME": null, "CREATED_USER": "DMMASTER", "CREATED_DATE": 1529143829000, "LAST_EDITED_USER": "DMMASTER@PRSRVGISDB.MUMBASE.MCGM.GOV.IN", "LAST_EDITED_DATE": 1714416989000, "HEIGHT_TO_MSL": null, "AFFECT_ELECTRIC": "No", "AFFECT_HAZ_MAT": "No", "WARD": "K/E", "AFFECT_AREA": null, "SUBTYPE": null, "AFFECT_BEST_ROUTE": null, "AFFECTED_HUT": 60, "AFFECT_POPULATION": 180, "SHAPE.AREA": 312.704001475, "SHAPE.LEN": 62.7659139244492}}, {"type": "Feature", "id": 219, "geometry": {"type": "Polygon", "coordinates": [[[72.87096719994031, 19.106795397661003], [72.87090764462468, 19.106791837258825], [72.87084902930776, 19.106781207020507], [72.8707922773046, 19.106763678410047], [72.87073828304734, 19.1067395264338], [72.87068789971089, 19.106709131303514], [72.870641921219, 19.106672973711667], [72.87060107289372, 19.10663162298062], [72.87056599821226, 19.106585732392663], [72.87053725141467, 19.10653602284555], [72.8705152842147, 19.10648328179524], [72.87050044421227, 19.1064283388491], [72.87049296543947, 19.106372062043395], [72.87049296482692, 19.10631533702722], [72.87050044419694, 19.106259059859333], [72.87051528386804, 19.10620411706251], [72.8705372522835, 19.106151375799108], [72.87056599863085, 19.106101666623772], [72.87060107384788, 19.106055775597454], [72.87064192325361, 19.106014426136973], [72.87068790093812, 19.10597826834272], [72.87073828408289, 19.105947873745013], [72.87079227789594, 19.105923720909114], [72.8708490298971, 19.105906192891098], [72.87090764530362, 19.105895562963646], [72.87096720023806, 19.10589200199516], [72.87102675522507, 19.1058955632504], [72.87108537025313, 19.10590619340389], [72.87114212202533, 19.105923720996913], [72.87119611609006, 19.105947873739748], [72.87124649933007, 19.105978267816663], [72.87129247683208, 19.106014426146146], [72.87133332617223, 19.106055775836033], [72.87136840097354, 19.10610166719293], [72.871397147984, 19.106151375725965], [72.8714191163926, 19.106204116706564], [72.87143395574456, 19.106259059596297], [72.87144143482757, 19.106315337297854], [72.87144143481379, 19.106372062334408], [72.87143395576071, 19.106428338667143], [72.8714191163574, 19.106483281564326], [72.87139714910543, 19.106536022965155], [72.87136840195363, 19.106585732274038], [72.87133332681685, 19.106631622550807], [72.87129247927554, 19.106672973992488], [72.87124649960938, 19.10670913100435], [72.87119611724701, 19.106739525736607], [72.87114212321374, 19.106763677765947], [72.87108537091972, 19.106781206750675], [72.87102675520006, 19.10679183670466], [72.87096719994031, 19.106795397661003]]]}, "properties": {"OBJECTID": 219, "NAME": "J D Maidan (Delete)", "TYPE": 2, "LOCATION": "Pipe Line Road,Opp Chankaya Mandal,Andheri East,Mumbai,400059", "AWSID": "WS19247700031", "STRETCH": 50, "DEPTH": 1.5, "AFFECT_ROAD": null, "AFFECT_RAIL": "No", "NO_DE_WATER_PUMP": 1, "REMARKS": "Pump Shift Yellow Hospital", "FEATUREID": "FS11000000009", "EDUPDATEUSER": null, "EDUPDATETIME": null, "CREATED_USER": null, "CREATED_DATE": 1507037244000, "LAST_EDITED_USER": "DMMASTER@PRSRVGISDB.MUMBASE.MCGM.GOV.IN", "LAST_EDITED_DATE": 1653213742000, "HEIGHT_TO_MSL": null, "AFFECT_ELECTRIC": "No", "AFFECT_HAZ_MAT": null, "WARD": "K/E", "AFFECT_AREA": "Andheri East", "SUBTYPE": null, "AFFECT_BEST_ROUTE": null, "AFFECTED_HUT": 400, "AFFECT_POPULATION": 900, "SHAPE.AREA": 7836.775188335, "SHAPE.LEN": 314.02168823356203}}, {"type": "Feature", "id": 98, "geometry": {"type": "Polygon", "coordinates": [[[72.8742273732775, 19.071207555901342], [72.87403042386111, 19.070950986383195], [72.87386884271929, 19.070672970927934], [72.87374518051865, 19.07037789911599], [72.87366139466951, 19.07007041561309], [72.87361880072001, 19.069755359085793], [72.87361806531611, 19.069437719663757], [72.87365921557048, 19.069122501750243], [72.87374158566529, 19.068814666501808], [72.87386389920268, 19.0685190821988], [72.87402419481067, 19.068240399645106], [72.87421995766135, 19.06798302027106], [72.87444810751767, 19.06775099122461], [72.8747050456258, 19.067547978822763], [72.87498671742209, 19.067377193408788], [72.87528868073856, 19.06724132962779], [72.87560616737768, 19.067142504818197], [72.87593418232645, 19.06708229990461], [72.87626754681101, 19.067061659634955], [72.87660099216359, 19.06708090540639], [72.8769292803764, 19.06713974116964], [72.87724722432922, 19.067237230174477], [72.87754980599703, 19.06737183607012], [72.87783226927942, 19.067541442936395], [72.87809014339122, 19.067743382643354], [72.87831936901331, 19.06797444984395], [72.87851632249966, 19.0682310151525], [72.87867790334703, 19.06850901981985], [72.87880158014333, 19.068804098195805], [72.8788853734472, 19.069111580235436], [72.87892797279915, 19.069426629234485], [72.87892870694859, 19.069744268582077], [72.87888758049908, 19.070059489670996], [72.87880521595835, 19.070367328010533], [72.87868291664958, 19.07066292266667], [72.87852262005318, 19.070941600638378], [72.87832685936036, 19.07119898752473], [72.87809870056047, 19.071431024874524], [72.87784176629083, 19.071634037311732], [72.87756008927569, 19.07180482750747], [72.87725812342026, 19.071940699800965], [72.8769406233235, 19.07203952114544], [72.876612598602, 19.072099726007593], [72.87627923721638, 19.0721203678781], [72.87594576959845, 19.07210111951499], [72.8756174713783, 19.072042281103887], [72.8752995140516, 19.07194479298727], [72.87499692776235, 19.071810172905273], [72.87471446109335, 19.071640558633398], [72.87445659259814, 19.071438622297066], [72.8742273732775, 19.071207555901342]]]}, "properties": {"OBJECTID": 98, "NAME": "Surve Chowk, LBS Road, Kurla", "TYPE": 2, "LOCATION": "Swapna Apartment,LBS Road,In Front of Swapna Apartment,Kurla West,Mumbai,400070", "AWSID": "WS19207400037", "STRETCH": 50, "DEPTH": 2, "AFFECT_ROAD": "L B S Road ", "AFFECT_RAIL": "No", "NO_DE_WATER_PUMP": 1, "REMARKS": "Planning Stage (2025)", "FEATUREID": "FS15000000014", "EDUPDATEUSER": null, "EDUPDATETIME": null, "CREATED_USER": null, "CREATED_DATE": 1506429884000, "LAST_EDITED_USER": "DMMASTER@PRSRVGISDB.MUMBASE.MCGM.GOV.IN", "LAST_EDITED_DATE": 1750856114000, "HEIGHT_TO_MSL": null, "AFFECT_ELECTRIC": "No", "AFFECT_HAZ_MAT": null, "WARD": "L", "AFFECT_AREA": "Kurla West ", "SUBTYPE": null, "AFFECT_BEST_ROUTE": null, "AFFECTED_HUT": null, "AFFECT_POPULATION": null, "SHAPE.AREA": 245728.787755455, "SHAPE.LEN": 1758.40523881655}}, {"type": "Feature", "id": 2893, "geometry": {"type": "Polygon", "coordinates": [[[72.87380407846808, 19.07327182195647], [72.87379141622628, 19.073270551165674], [72.8737791670229, 19.073267100905834], [72.87376770304377, 19.073261576011344], [72.87375737261611, 19.073254144353335], [72.87374848962472, 19.07324503173897], [72.87374132397481, 19.073234515050427], [72.87373609339103, 19.073222913831962], [72.873732956802, 19.073210580580735], [72.87373200951143, 19.073197890036337], [72.87373328030222, 19.07318522779454], [72.87373673056206, 19.073172978591156], [72.87374225545655, 19.07316151461203], [72.87374968711455, 19.07315118418436], [72.87375879972892, 19.073142301192973], [72.87376931641747, 19.073135135543065], [72.87378091763593, 19.07312990495928], [72.87379325088716, 19.07312676837026], [72.87380594143156, 19.073125821079675], [72.87381860367336, 19.07312709187047], [72.87383085287674, 19.07313054213031], [72.87384231685587, 19.0731360670248], [72.87385264728353, 19.07314349868281], [72.87386153027492, 19.073152611297175], [72.87386869592483, 19.07316312798572], [72.87387392650861, 19.073174729204183], [72.87387706309764, 19.07318706245541], [72.87387801038821, 19.07319975299981], [72.87387673959742, 19.073212415241606], [72.87387328933758, 19.07322466444499], [72.87386776444309, 19.073236128424117], [72.87386033278509, 19.073246458851784], [72.87385122017072, 19.073255341843172], [72.87384070348217, 19.07326250749308], [72.87382910226371, 19.073267738076865], [72.87381676901248, 19.073270874665887], [72.87380407846808, 19.07327182195647]]]}, "properties": {"OBJECTID": 2893, "NAME": "Kapadia Nagar Society, CST Road Bldg.15 (Delete)", "TYPE": 2, "LOCATION": "Kapadia Nagar Society, CST Road Bldg.15", "AWSID": "WS19207400037", "STRETCH": null, "DEPTH": null, "AFFECT_ROAD": null, "AFFECT_RAIL": null, "NO_DE_WATER_PUMP": null, "REMARKS": "Already Tackled (2024-25)", "FEATUREID": "FS15000000049", "EDUPDATEUSER": null, "EDUPDATETIME": null, "CREATED_USER": "DMMASTER", "CREATED_DATE": 1623700349000, "LAST_EDITED_USER": "DMMASTER@PRSRVGISDB.MUMBASE.MCGM.GOV.IN", "LAST_EDITED_DATE": 1714071364000, "HEIGHT_TO_MSL": null, "AFFECT_ELECTRIC": null, "AFFECT_HAZ_MAT": null, "WARD": "L", "AFFECT_AREA": null, "SUBTYPE": 2, "AFFECT_BEST_ROUTE": "2022", "AFFECTED_HUT": null, "AFFECT_POPULATION": null, "SHAPE.AREA": 204.2142906, "SHAPE.LEN": 50.72244763965669}}, {"type": "Feature", "id": 519, "geometry": {"type": "Polygon", "coordinates": [[[72.87750122731639, 19.08528308444611], [72.87748472657701, 19.085281711055355], [72.87746872676449, 19.08527763633583], [72.87745371564137, 19.08527098062265], [72.8774401476011, 19.085261947870638], [72.87742843622951, 19.085250812922823], [72.87741893539787, 19.085237914066436], [72.8774119346513, 19.085223642140384], [72.8774076479247, 19.085208431372585], [72.8774062051887, 19.085192743928076], [72.87740764786155, 19.085177057210316], [72.87741193473889, 19.085161845864185], [72.87741893544803, 19.085147573571113], [72.8774284363779, 19.085134675052057], [72.87744014753595, 19.085123539887718], [72.87745371591664, 19.085114507253], [72.87746872662392, 19.085107852380975], [72.87748472674664, 19.085103776901995], [72.87750122731588, 19.085102404349975], [72.87751772709947, 19.08510377682347], [72.87753372688587, 19.085107852440444], [72.87754873801038, 19.085114507242974], [72.87756230604624, 19.085123539986526], [72.8775740183696, 19.085134674936892], [72.8775835192091, 19.08514757378602], [72.87759051901861, 19.08516184569583], [72.87759480575015, 19.085177057364074], [72.87759624946555, 19.085192743916643], [72.8775948058601, 19.085208430626604], [72.87759051899737, 19.085223641978427], [72.87758351924828, 19.08523791428997], [72.87757401832283, 19.0852508128175], [72.87756230621301, 19.08526194797925], [72.87754873782447, 19.08527098062125], [72.87753372709277, 19.085277636401724], [72.87751772696512, 19.08528171098026], [72.87750122731639, 19.08528308444611]]]}, "properties": {"OBJECTID": 519, "NAME": "Karanti Nagar (Delete)", "TYPE": 2, "LOCATION": "Kurla Andheri Road, Near Hanuman Mandir, Kurla West, Mumbai, 400072", "AWSID": "WS20215900036", "STRETCH": 50, "DEPTH": 2, "AFFECT_ROAD": null, "AFFECT_RAIL": "No", "NO_DE_WATER_PUMP": 0, "REMARKS": null, "FEATUREID": "FS11000000030", "EDUPDATEUSER": null, "EDUPDATETIME": null, "CREATED_USER": "DMMASTER", "CREATED_DATE": 1529143829000, "LAST_EDITED_USER": "DMMASTER@PRSRVGISDB.MUMBASE.MCGM.GOV.IN", "LAST_EDITED_DATE": 1653462106000, "HEIGHT_TO_MSL": null, "AFFECT_ELECTRIC": "No", "AFFECT_HAZ_MAT": "No", "WARD": "K/E", "AFFECT_AREA": "Kranti Nagar", "SUBTYPE": 2, "AFFECT_BEST_ROUTE": "2022", "AFFECTED_HUT": 30, "AFFECT_POPULATION": 90, "SHAPE.AREA": 312.701860205, "SHAPE.LEN": 62.76569901933801}}, {"type": "Feature", "id": 518, "geometry": {"type": "Polygon", "coordinates": [[[72.87684550045725, 19.08689553994697], [72.87682899860961, 19.086894167374908], [72.87681299962989, 19.08689009169342], [72.87679798838863, 19.086883436819456], [72.876784420267, 19.086874404011304], [72.87677270789183, 19.086863269005903], [72.87676320703594, 19.08685037011378], [72.87675620724521, 19.086836098174935], [72.87675191960444, 19.086820887385176], [72.87675047693313, 19.08680519994271], [72.87675191969748, 19.08678951323997], [72.87675620669046, 19.086774301921395], [72.87676320658588, 19.08676002965663], [72.87677270766841, 19.08674713118734], [72.87678441994089, 19.0867359960927], [72.87679798755441, 19.086726962609866], [72.87681300033451, 19.086720307830895], [72.87682899871506, 19.086716233307357], [72.87684550040619, 19.086714859938134], [72.87686200127503, 19.08671623339921], [72.87687800025168, 19.08672030817187], [72.87689301243276, 19.086726963049273], [72.87690657960002, 19.086735995838012], [72.876918291977, 19.08674713083502], [72.87692779284073, 19.086760029719883], [72.87693479264438, 19.086774301653424], [72.87693908029007, 19.086789513343632], [72.87694052299088, 19.086805199883216], [72.87693908024384, 19.086820886589102], [72.87693479326546, 19.086836097913363], [72.87692779338018, 19.086850370185655], [72.87691829230207, 19.086863268663425], [72.87690658002775, 19.086874403766423], [72.87689301240638, 19.08688343725654], [72.87687799961338, 19.08689009204083], [72.87686200121641, 19.086894166567056], [72.87684550045725, 19.08689553994697]]]}, "properties": {"OBJECTID": 518, "NAME": "Kranti Nagar BMC Compound (Delete)", "TYPE": 2, "LOCATION": "Kranti Nagar Road, Near Jai Bhavani Mitra Mandal, Kurla West, Mumbai, 400072", "AWSID": "WS20215900036", "STRETCH": 40, "DEPTH": 1, "AFFECT_ROAD": null, "AFFECT_RAIL": "No", "NO_DE_WATER_PUMP": 0, "REMARKS": null, "FEATUREID": "FS11000000029", "EDUPDATEUSER": null, "EDUPDATETIME": null, "CREATED_USER": "DMMASTER", "CREATED_DATE": 1529143829000, "LAST_EDITED_USER": "DMMASTER@PRSRVGISDB.MUMBASE.MCGM.GOV.IN", "LAST_EDITED_DATE": 1653384992000, "HEIGHT_TO_MSL": null, "AFFECT_ELECTRIC": "No", "AFFECT_HAZ_MAT": "No", "WARD": "K/E", "AFFECT_AREA": null, "SUBTYPE": null, "AFFECT_BEST_ROUTE": null, "AFFECTED_HUT": 150, "AFFECT_POPULATION": 450, "SHAPE.AREA": 312.703202645, "SHAPE.LEN": 62.7658337576549}}, {"type": "Feature", "id": 506, "geometry": {"type": "Polygon", "coordinates": [[[72.87851950014154, 19.11031823993802], [72.87850299690987, 19.11031686730444], [72.87848699569236, 19.110312790653364], [72.87847198235478, 19.11030613572096], [72.87845841234193, 19.110297103767344], [72.87844669836079, 19.11028596872465], [72.87843719622144, 19.110273069807626], [72.87843019455885, 19.110258797846136], [72.87842590733581, 19.11024358706919], [72.87842446263791, 19.110227899620128], [72.8784259066353, 19.1102122129567], [72.87843019526242, 19.11019700168959], [72.87843719621054, 19.11018273037939], [72.87844669776668, 19.11016983105679], [72.87845841175621, 19.110158696030474], [72.87847198226656, 19.11014966443861], [72.878486996271, 19.11014300882249], [72.87850299696444, 19.110138932570486], [72.87851950004175, 19.110137560169758], [72.87853600325606, 19.110138932800197], [72.87855200445892, 19.11014300944558], [72.87856701778637, 19.11014966437043], [72.87858058779481, 19.110158696315573], [72.87859230177777, 19.110169831349896], [72.87860180392495, 19.110182730259616], [72.8786088046504, 19.110197002204842], [72.87861309283998, 19.110212212990064], [72.87861453660577, 19.110227900428402], [72.87861309262574, 19.11024358709501], [72.87860880496332, 19.11025879837877], [72.87860180402537, 19.110273069696504], [72.87859230247365, 19.110285969027558], [72.87858058753218, 19.11029710405132], [72.87856701796409, 19.110306135661432], [72.87855200394674, 19.110312791282844], [72.87853600324836, 19.110316866634406], [72.87851950014154, 19.11031823993802]]]}, "properties": {"OBJECTID": 506, "NAME": "Marol Maroshi Road, Andheri East (Delete)", "TYPE": 2, "LOCATION": "Marol Maroshi Road, Near Uco Bank ATM, Andheri East, Mumbai, 400059", "AWSID": "WS19247700031", "STRETCH": 30, "DEPTH": 1, "AFFECT_ROAD": null, "AFFECT_RAIL": "No", "NO_DE_WATER_PUMP": 0, "REMARKS": "Already Tackled (2024-25)", "FEATUREID": "FS11000000017", "EDUPDATEUSER": null, "EDUPDATETIME": null, "CREATED_USER": "DMMASTER", "CREATED_DATE": 1529143829000, "LAST_EDITED_USER": "DMMASTER@PRSRVGISDB.MUMBASE.MCGM.GOV.IN", "LAST_EDITED_DATE": 1714129754000, "HEIGHT_TO_MSL": null, "AFFECT_ELECTRIC": "No", "AFFECT_HAZ_MAT": "No", "WARD": "K/E", "AFFECT_AREA": null, "SUBTYPE": 2, "AFFECT_BEST_ROUTE": "2022", "AFFECTED_HUT": null, "AFFECT_POPULATION": null, "SHAPE.AREA": 312.69922486, "SHAPE.LEN": 62.7654345158603}}, {"type": "Feature", "id": 582, "geometry": {"type": "Polygon", "coordinates": [[[72.8814042997239, 19.074821839549305], [72.88138780086973, 19.074820468421194], [72.88137180192663, 19.074816392318187], [72.88135679246209, 19.07480973700319], [72.88134322498283, 19.07480070368803], [72.88133151303497, 19.074789569011713], [72.88132201333967, 19.074776670382487], [72.88131501354809, 19.074762397707733], [72.88131072662227, 19.07474718700634], [72.88130928445031, 19.07473149955998], [72.88131072656249, 19.074715812750796], [72.8813150136596, 19.074700602151292], [72.88132201256413, 19.074686329608987], [72.88133151252921, 19.074673430787996], [72.8813432245301, 19.07466229619228], [72.88135679181623, 19.074653263157547], [72.88137180236319, 19.074646607864985], [72.88138780139359, 19.074642531936117], [72.8814042999603, 19.074641159821795], [72.88142079878565, 19.07464253184989], [72.88143679771417, 19.074646607947216], [72.8814518081185, 19.074653263265624], [72.88146537465492, 19.074662295658253], [72.88147708659312, 19.074673431229353], [72.88148658724613, 19.074686329862207], [72.88149358611223, 19.074700601617604], [72.88149787304297, 19.074715813219466], [72.88149931619425, 19.07473149977384], [72.88149787314951, 19.07474718657526], [72.88149358605551, 19.074762398083582], [72.88148658717259, 19.074776669730277], [72.8814770872119, 19.074789568559737], [72.88146537519772, 19.074800704066963], [72.88145180790376, 19.074809737108954], [72.88143679829378, 19.07481639241775], [72.88142079924698, 19.074820468349284], [72.8814042997239, 19.074821839549305]]]}, "properties": {"OBJECTID": 582, "NAME": "M P Patankar Marg (Delete)", "TYPE": 2, "LOCATION": "Pipe Line Road, Near Priti Parlar, Kurla West, Mumbai, 400070", "AWSID": "WS19207400037", "STRETCH": 40, "DEPTH": 1, "AFFECT_ROAD": null, "AFFECT_RAIL": "No", "NO_DE_WATER_PUMP": 0, "REMARKS": null, "FEATUREID": "FS15000000045", "EDUPDATEUSER": null, "EDUPDATETIME": null, "CREATED_USER": "DMMASTER", "CREATED_DATE": 1529143829000, "LAST_EDITED_USER": "DMMASTER@PRSRVGISDB.MUMBASE.MCGM.GOV.IN", "LAST_EDITED_DATE": 1653391030000, "HEIGHT_TO_MSL": null, "AFFECT_ELECTRIC": "No", "AFFECT_HAZ_MAT": "No", "WARD": "L", "AFFECT_AREA": null, "SUBTYPE": null, "AFFECT_BEST_ROUTE": null, "AFFECTED_HUT": null, "AFFECT_POPULATION": null, "SHAPE.AREA": 312.701283705, "SHAPE.LEN": 62.7656411653268}}, {"type": "Feature", "id": 572, "geometry": {"type": "Polygon", "coordinates": [[[72.88347389997068, 19.093994139612036], [72.88345739921839, 19.093992766680753], [72.88344139933902, 19.093988692399975], [72.883426386226, 19.09398203706994], [72.88341281811587, 19.093973003774067], [72.88340110480284, 19.093961869107424], [72.8833916040112, 19.093948969585746], [72.88338460339116, 19.093934697825503], [72.88338031596409, 19.093919487135835], [72.88337887267203, 19.09390379969027], [72.8833803158999, 19.093888112903354], [72.88338460254401, 19.09387290230357], [72.8833916041614, 19.093858629792702], [72.88340110523073, 19.093845730979993], [72.88341281764365, 19.093834596380056], [72.8834263855581, 19.093825563339315], [72.88344139880175, 19.093818908060662], [72.88345739873279, 19.093814833024993], [72.88347390018167, 19.093813460017337], [72.88349040091661, 19.093814832945466], [72.88350640076989, 19.093818908123698], [72.88352141387277, 19.09382556344622], [72.88353498198997, 19.093834595830476], [72.88354669529333, 19.093845731391895], [72.88355619610428, 19.093858630003137], [72.88356319673726, 19.093872901758065], [72.88356748416926, 19.093888113348196], [72.88356892654079, 19.093903799879936], [72.88356748428023, 19.093919486680928], [72.88356319668927, 19.093934698178614], [72.8835561960435, 19.093948969804792], [72.88354669497859, 19.093961868625986], [72.88353498160238, 19.093973004126525], [72.88352141368009, 19.09398203717452], [72.883506401385, 19.093988691566288], [72.88349040143754, 19.09399276660465], [72.88347389997068, 19.093994139612036]]]}, "properties": {"OBJECTID": 572, "NAME": "Jarimari Area (Delete)", "TYPE": 2, "LOCATION": "Big Bazar Road, Near Hindustan Wieth Bridge, Kurla West, Mumbai, 400072", "AWSID": "WS20215900036", "STRETCH": 80, "DEPTH": 1, "AFFECT_ROAD": null, "AFFECT_RAIL": "No", "NO_DE_WATER_PUMP": 0, "REMARKS": null, "FEATUREID": "FS15000000035", "EDUPDATEUSER": null, "EDUPDATETIME": null, "CREATED_USER": "DMMASTER", "CREATED_DATE": 1529143829000, "LAST_EDITED_USER": "DMMASTER@PRSRVGISDB.MUMBASE.MCGM.GOV.IN", "LAST_EDITED_DATE": 1653390988000, "HEIGHT_TO_MSL": null, "AFFECT_ELECTRIC": "No", "AFFECT_HAZ_MAT": "No", "WARD": "L", "AFFECT_AREA": "Jarimari Chowk", "SUBTYPE": null, "AFFECT_BEST_ROUTE": null, "AFFECTED_HUT": null, "AFFECT_POPULATION": null, "SHAPE.AREA": 312.699365695, "SHAPE.LEN": 62.7654486701898}}, {"type": "Feature", "id": 2569, "geometry": {"type": "Polygon", "coordinates": [[[72.8844311586601, 19.107982639274386], [72.88443039053871, 19.107982562215373], [72.88442964746797, 19.10798235294418], [72.88442895202569, 19.107982017819403], [72.88442832534255, 19.107981567023643], [72.88442778646001, 19.1079810142541], [72.88442735175173, 19.107980376306397], [72.88442703442608, 19.107979672564248], [72.88442684412489, 19.107978924410506], [72.88442678663031, 19.107978154577445], [72.88442686368933, 19.10797738645605], [72.88442707296052, 19.107976643385303], [72.8844274080853, 19.107975947943032], [72.88442785888105, 19.107975321259897], [72.8844284116506, 19.107974782377347], [72.88442904959831, 19.107974347669064], [72.88442975334046, 19.107974030343428], [72.8844305014942, 19.107973840042224], [72.88443127132726, 19.107973782547656], [72.88443203944865, 19.10797385960667], [72.8844327825194, 19.107974068877862], [72.88443347796168, 19.10797440400264], [72.88443410464481, 19.1079748547984], [72.88443464352736, 19.10797540756794], [72.88443507823564, 19.107976045515645], [72.88443539556128, 19.107976749257794], [72.88443558586248, 19.107977497411536], [72.88443564335705, 19.107978267244597], [72.88443556629804, 19.107979035365993], [72.88443535702685, 19.10797977843674], [72.88443502190206, 19.10798047387901], [72.88443457110631, 19.107981100562146], [72.88443401833676, 19.107981639444695], [72.88443338038905, 19.10798207415298], [72.88443267664691, 19.107982391478615], [72.88443192849317, 19.10798258177982], [72.8844311586601, 19.107982639274386]]]}, "properties": {"OBJECTID": 2569, "NAME": "Sagbaug Road (Delete)", "TYPE": 2, "LOCATION": "Sagbaug Road , Andheri (east)", "AWSID": "WS19247700031", "STRETCH": null, "DEPTH": null, "AFFECT_ROAD": null, "AFFECT_RAIL": null, "NO_DE_WATER_PUMP": null, "REMARKS": "Already Tackled (2024-25)", "FEATUREID": "FS11000000044", "EDUPDATEUSER": null, "EDUPDATETIME": null, "CREATED_USER": "DMMASTER", "CREATED_DATE": 1623656872000, "LAST_EDITED_USER": "DMMASTER@PRSRVGISDB.MUMBASE.MCGM.GOV.IN", "LAST_EDITED_DATE": 1714155787000, "HEIGHT_TO_MSL": null, "AFFECT_ELECTRIC": null, "AFFECT_HAZ_MAT": null, "WARD": "K/E", "AFFECT_AREA": null, "SUBTYPE": 2, "AFFECT_BEST_ROUTE": "2022", "AFFECTED_HUT": null, "AFFECT_POPULATION": null, "SHAPE.AREA": 0.75148866, "SHAPE.LEN": 3.07693570802007}}, {"type": "Feature", "id": 3201, "geometry": {"type": "Polygon", "coordinates": [[[72.88842417932445, 19.057454232862234], [72.88830462277866, 19.057438356281043], [72.8881862167449, 19.05741542497855], [72.88806937712863, 19.057385519501786], [72.8879545143333, 19.057348744894828], [72.88784203181865, 19.05730523032983], [72.88773232468363, 19.057255128653285], [72.88762577827853, 19.05719861584916], [72.8875227668515, 19.05713589042074], [72.88742365223393, 19.05706717269338], [72.88732878256954, 19.056992704040603], [72.88723849109148, 19.056912746036268], [72.88715309495184, 19.056827579535785], [72.8870728941077, 19.056737503689586], [72.88699817026745, 19.056642834892372], [72.88692918590128, 19.056543905671745], [72.88686618331933, 19.0564410635202], [72.88680938382042, 19.056334669674545], [72.8867589869149, 19.05622509784704], [72.88671516962373, 19.05611273291273], [72.88667808585673, 19.05599796955754], [72.88664786587199, 19.05588121089195], [72.88662461581832, 19.05576286703502], [72.88660841736237, 19.05564335367387], [72.88659932740181, 19.05552309060354], [72.88659737786546, 19.055402500252445], [72.88660257560112, 19.0552820061986], [72.88661490235158, 19.055162031681757], [72.88663431481868, 19.055042998116782], [72.88666074481539, 19.054925323613418], [72.88669409950542, 19.05480942150765], [72.88673426172917, 19.054695698909846], [72.8867810904154, 19.05458455527478], [72.88683442107661, 19.054476380998526], [72.88689406638693, 19.054371556047172], [72.88695981684002, 19.054270448622187], [72.88703144148501, 19.054173413867087], [72.88710868873774, 19.054080792619985], [72.88719128726441, 19.053992910216394], [72.88727894693467, 19.053910075346458], [72.88737135984076, 19.05383257897068], [72.88746820137894, 19.05376069329791], [72.88756913138981, 19.05369467082919], [72.887673795353, 19.05363474347085], [72.88778182563253, 19.053581121719926], [72.88789284276811, 19.05353399392477], [72.888006456808, 19.053493525623484], [72.88812226867874, 19.053459858962448], [72.8882398715869, 19.05343311219704], [72.888358852448, 19.05341337927625], [72.8884787933374, 19.053400729512678], [72.88859927295836, 19.053395207339083], [72.88871986812181, 19.0533968321523], [72.88884015523287, 19.053405598245114], [72.88895971177865, 19.053421474826305], [72.88907811781242, 19.053444406128797], [72.88919495742869, 19.053474311605562], [72.88930982022401, 19.05351108621252], [72.88942230273867, 19.053554600777517], [72.88953200987369, 19.053604702454063], [72.88963855627878, 19.053661215258188], [72.88974156770581, 19.05372394068661], [72.88984068232338, 19.05379265841397], [72.88993555198778, 19.053867127066745], [72.89002584346584, 19.05394708507108], [72.89011123960547, 19.054032251571563], [72.89019144044961, 19.054122327417762], [72.89026616428987, 19.054216996214976], [72.89033514865604, 19.054315925435603], [72.89039815123799, 19.054418767587148], [72.8904549507369, 19.054525161432803], [72.89050534764242, 19.054634733260308], [72.89054916493359, 19.054747098194618], [72.89058624870059, 19.054861861549806], [72.89061646868532, 19.054978620215397], [72.890639718739, 19.055096964072327], [72.89065591719495, 19.05521647743348], [72.8906650071555, 19.055336740503808], [72.89066695669186, 19.055457330854903], [72.8906617589562, 19.05557782490875], [72.89064943220573, 19.05569779942559], [72.89063001973864, 19.055816832990566], [72.89060358974193, 19.05593450749393], [72.8905702350519, 19.0560504095997], [72.89053007282814, 19.0561641321975], [72.89048324414192, 19.05627527583257], [72.8904299134807, 19.05638345010882], [72.89037026817039, 19.056488275060175], [72.8903045177173, 19.05658938248516], [72.89023289307231, 19.05668641724026], [72.89015564581958, 19.056779038487363], [72.8900730472929, 19.056866920890954], [72.88998538762264, 19.05694975576089], [72.88989297471656, 19.057027252136667], [72.88979613317838, 19.057099137809438], [72.8896952031675, 19.057165160278156], [72.88959053920432, 19.057225087636496], [72.88948250892479, 19.057278709387422], [72.8893714917892, 19.057325837182578], [72.88925787774932, 19.057366305483864], [72.88914206587857, 19.0573999721449], [72.88902446297041, 19.057426718910307], [72.88890548210932, 19.057446451831098], [72.88878554121992, 19.05745910159467], [72.88866506159896, 19.057464623768265], [72.8885444664355, 19.05746299895505], [72.88842417932445, 19.057454232862234]]]}, "properties": {"OBJECTID": 3201, "NAME": "Chandroday Society, opp Swastik chamber, Sion-trombay road, Chambur", "TYPE": 2, "LOCATION": "Chandroday Society, opp Swastik chamber, Sion-trombay road, Chambur", "AWSID": "WS21198300041", "STRETCH": null, "DEPTH": null, "AFFECT_ROAD": null, "AFFECT_RAIL": null, "NO_DE_WATER_PUMP": null, "REMARKS": "Already Tackled Metro Deptt (2025)", "FEATUREID": "FS22000000043", "EDUPDATEUSER": null, "EDUPDATETIME": null, "CREATED_USER": "DMMASTER", "CREATED_DATE": 1623737744000, "LAST_EDITED_USER": "DMMASTER@PRSRVGISDB.MUMBASE.MCGM.GOV.IN", "LAST_EDITED_DATE": 1750856662000, "HEIGHT_TO_MSL": null, "AFFECT_ELECTRIC": null, "AFFECT_HAZ_MAT": null, "WARD": "M/W", "AFFECT_AREA": null, "SUBTYPE": 2, "AFFECT_BEST_ROUTE": "2022", "AFFECTED_HUT": null, "AFFECT_POPULATION": null, "SHAPE.AREA": 159220.655741465, "SHAPE.LEN": 1414.71262502489}}, {"type": "Feature", "id": 97, "geometry": {"type": "Polygon", "coordinates": [[[72.8875814000078, 19.087562798882903], [72.88752185164829, 19.08755923726784], [72.88746324330965, 19.087548608359683], [72.88740649733566, 19.0875310790042], [72.88735250996004, 19.08750692685134], [72.88730213241, 19.08747653200892], [72.88725615859052, 19.08744037419128], [72.88721531474921, 19.087399023567794], [72.88718024439133, 19.08735313155675], [72.8871514998104, 19.087303424405075], [72.88712953570229, 19.087250682339562], [72.88711469776595, 19.087195739435867], [72.88710722012911, 19.087139461910283], [72.88710721978644, 19.087082737216534], [72.88711469774515, 19.08702645870329], [72.88712953724001, 19.086971516560993], [72.88715150117078, 19.08691877521075], [72.8871802445323, 19.086869067124102], [72.88721531558274, 19.086823175674507], [72.88725615976963, 19.086781825246657], [72.88730213321301, 19.08674566693891], [72.88735251132377, 19.086715273242874], [72.88740649757084, 19.08669112098197], [72.88746324341878, 19.086673592443606], [72.88752185229897, 19.086662961875753], [72.88758140043963, 19.0866594011457], [72.88764094754396, 19.086662961796943], [72.88769955652101, 19.086673592437695], [72.88775630226414, 19.08669112077604], [72.88781028945883, 19.086715272792627], [72.88786066691229, 19.086745666581937], [72.88790663974189, 19.086781825137535], [72.88794748363615, 19.086823175612167], [72.8879825550865, 19.086869066596854], [72.88801129889544, 19.08691877543297], [72.88803326326166, 19.086971517417716], [72.88804810245853, 19.087026459383615], [72.88805558041672, 19.087082736901774], [72.88805558013276, 19.087139461615738], [72.8880481015406, 19.08719573928266], [72.88803326420178, 19.08725068244994], [72.88801129953437, 19.08730342391543], [72.88798255631846, 19.087353132146344], [72.88794748533684, 19.087399023749263], [72.88790664113758, 19.08744037432989], [72.88786066761293, 19.087476531877115], [72.88781029027339, 19.087506926610676], [72.88775630284503, 19.087531078957298], [72.88769955671627, 19.087548607559338], [72.88764094753485, 19.08755923725074], [72.8875814000078, 19.087562798882903]]]}, "properties": {"OBJECTID": 97, "NAME": "Kajupada Kale Marg No 2 (Delete)", "TYPE": 2, "LOCATION": "Doshi Building,Sundar Baug Lane,Inside Doshi Building,Sundar Baug, Kurla West,Mumbai,400070", "AWSID": "WS20215900036", "STRETCH": 38, "DEPTH": 2, "AFFECT_ROAD": null, "AFFECT_RAIL": "No", "NO_DE_WATER_PUMP": 1, "REMARKS": "Already Tackled (2024-25)", "FEATUREID": "FS15000000013", "EDUPDATEUSER": null, "EDUPDATETIME": null, "CREATED_USER": null, "CREATED_DATE": 1506429884000, "LAST_EDITED_USER": "DMMASTER@PRSRVGISDB.MUMBASE.MCGM.GOV.IN", "LAST_EDITED_DATE": 1714071830000, "HEIGHT_TO_MSL": null, "AFFECT_ELECTRIC": "No", "AFFECT_HAZ_MAT": null, "WARD": "L", "AFFECT_AREA": "Sundar Baug, Kurla West ", "SUBTYPE": 2, "AFFECT_BEST_ROUTE": "2022", "AFFECTED_HUT": null, "AFFECT_POPULATION": null, "SHAPE.AREA": 7836.627875685, "SHAPE.LEN": 314.01873678076805}}, {"type": "Feature", "id": 632, "geometry": {"type": "Polygon", "coordinates": [[[72.8929533814316, 19.08164677934042], [72.89293688079735, 19.081645405550315], [72.8929208817649, 19.081641331277186], [72.89290587116338, 19.081634675901284], [72.89289230339983, 19.08162564334028], [72.89288059113093, 19.081614508393297], [72.89287109110542, 19.081601609352845], [72.89286409100205, 19.08158733701484], [72.89285980384426, 19.081572125581978], [72.89285836057216, 19.081556439029562], [72.89285980363309, 19.08154075206336], [72.89286409089561, 19.08152554113164], [72.89287109109436, 19.081511269017373], [72.89288059067381, 19.081498369560787], [72.89289230344774, 19.08148723512405], [72.89290587078204, 19.081478202141003], [72.89292088160062, 19.081471546829516], [72.892936881106, 19.081467471742254], [72.89295338132014, 19.081466098660933], [72.8929698809871, 19.081467472437026], [72.89298588000497, 19.08147154670448], [72.89300089059634, 19.08147820207286], [72.8930144593054, 19.081487234636274], [72.89302617062617, 19.081498369564027], [72.8930356706595, 19.081511268597197], [72.89304267077577, 19.081525540929892], [72.89304695794999, 19.081540752360056], [72.89304840124004, 19.081556438912713], [72.89304695819645, 19.08157212588206], [72.89304267094853, 19.08158733681944], [72.89303567075991, 19.081601608941245], [72.8930261711849, 19.08161450840628], [72.8930144593591, 19.081625642862257], [72.89300089106702, 19.08163467584172], [72.89298588023556, 19.081641331158515], [72.89296988071374, 19.081645406248473], [72.8929533814316, 19.08164677934042]]]}, "properties": {"OBJECTID": 632, "NAME": "Kirol Road Gurunath Vardhe Marge (Delete) ", "TYPE": 2, "LOCATION": "Nathani Road (Kirol Road), In Frontside Of Skyland Wellfare Space, Vidyviha West, Mumbai, 400086", "AWSID": "WS20215900036", "STRETCH": 150, "DEPTH": 3, "AFFECT_ROAD": null, "AFFECT_RAIL": "No", "NO_DE_WATER_PUMP": 0, "REMARKS": null, "FEATUREID": "FS17000000015", "EDUPDATEUSER": null, "EDUPDATETIME": null, "CREATED_USER": "DMMASTER", "CREATED_DATE": 1529143829000, "LAST_EDITED_USER": "DMMASTER@PRSRVGISDB.MUMBASE.MCGM.GOV.IN", "LAST_EDITED_DATE": 1653391935000, "HEIGHT_TO_MSL": null, "AFFECT_ELECTRIC": "No", "AFFECT_HAZ_MAT": "No", "WARD": "N", "AFFECT_AREA": null, "SUBTYPE": null, "AFFECT_BEST_ROUTE": null, "AFFECTED_HUT": null, "AFFECT_POPULATION": null, "SHAPE.AREA": 312.696822095, "SHAPE.LEN": 62.7651933965147}}, {"type": "Feature", "id": 502, "geometry": {"type": "Polygon", "coordinates": [[[72.85188120032687, 19.11341503992669], [72.85186469724412, 19.113413666700307], [72.85184869469253, 19.11340959135708], [72.85183368141591, 19.113402936123272], [72.8518201099541, 19.11339390409554], [72.85180839582125, 19.113382769295487], [72.85179889383498, 19.1133698700705], [72.85179189255602, 19.113355598189635], [72.85178760493892, 19.113340386992206], [72.85178616183325, 19.113324699569382], [72.8517876045813, 19.11330901332264], [72.85179189285238, 19.113293801989922], [72.85179889426192, 19.11327953010501], [72.85180839606441, 19.11326663055272], [72.85182011002068, 19.1132554955932], [72.85183368111205, 19.11324646431814], [72.85184869531622, 19.113239809192812], [72.85186469675546, 19.11323573264334], [72.85188120014112, 19.113234359975866], [72.8518977032065, 19.11323573319907], [72.85191370478172, 19.113239809428613], [72.85192871900998, 19.113246463762838], [72.85194229046738, 19.113255495782084], [72.85195400365198, 19.11326663056265], [72.85196350564614, 19.11327952978037], [72.85197050693804, 19.113293801655914], [72.8519747945716, 19.113309012850692], [72.85197623769527, 19.113324700273765], [72.85197479495291, 19.113340387426813], [72.85197050670813, 19.11335559786214], [72.8519635062588, 19.11336986976569], [72.85195400446071, 19.113382769326456], [72.85194228955251, 19.11339390428328], [72.85192871940333, 19.11340293557672], [72.85191370518623, 19.113409590707324], [72.85189770278045, 19.11341366724839], [72.85188120032687, 19.11341503992669]]]}, "properties": {"OBJECTID": 502, "NAME": "Sai Wadi, Nalu Yadav chwal, Andheri East_Test (Delete)", "TYPE": 2, "LOCATION": "N S Phadke Road, Near Nalu Yadav Chawl, Andheri East, Mumbai, 400069", "AWSID": "WS17260000032", "STRETCH": 35, "DEPTH": 1, "AFFECT_ROAD": null, "AFFECT_RAIL": "No", "NO_DE_WATER_PUMP": null, "REMARKS": null, "FEATUREID": "FS11000000013", "EDUPDATEUSER": "Deshmukh Ajit N", "EDUPDATETIME": 1578670342000, "CREATED_USER": "DMMASTER", "CREATED_DATE": 1529143829000, "LAST_EDITED_USER": "DMMASTER@PRSRVGISDB.MUMBASE.MCGM.GOV.IN", "LAST_EDITED_DATE": 1653384922000, "HEIGHT_TO_MSL": null, "AFFECT_ELECTRIC": "No", "AFFECT_HAZ_MAT": "No", "WARD": "K/E", "AFFECT_AREA": "Sai Wadi", "SUBTYPE": null, "AFFECT_BEST_ROUTE": null, "AFFECTED_HUT": null, "AFFECT_POPULATION": null, "SHAPE.AREA": 312.71135742499996, "SHAPE.LEN": 62.766652153325005}}, {"type": "Feature", "id": 454, "geometry": {"type": "Polygon", "coordinates": [[[72.85362850885878, 19.076852706569216], [72.85361200934017, 19.07685133384768], [72.85359601110045, 19.076847258992167], [72.853580999931, 19.07684060418114], [72.8535674330523, 19.076831570747228], [72.85355572110099, 19.07682043625771], [72.85354622075171, 19.076807537266372], [72.85353922242689, 19.07679326465422], [72.85353493521485, 19.076778054421087], [72.85353349093724, 19.076762366958043], [72.8535349347432, 19.076746679711693], [72.85353922154276, 19.07673146907758], [72.85354622093095, 19.076717196908493], [72.85355572115027, 19.076704297915224], [72.85356743311142, 19.076693162551358], [72.8535809999853, 19.076684129899068], [72.85359601066428, 19.076677475180315], [72.85361200938893, 19.076673399933146], [72.8536285091163, 19.076672026747868], [72.85364500860594, 19.076673400369327], [72.85366100683109, 19.076677475219157], [72.85367601799044, 19.076684130022652], [72.85368958486474, 19.076693163448077], [72.85370129681789, 19.076704297929258], [72.85371079717501, 19.076717196913314], [72.8537177964743, 19.07673146862812], [72.85372208274123, 19.076746679750627], [72.85372352703682, 19.076762367213963], [72.85372208325981, 19.076778053560346], [72.85371779646319, 19.076793265103305], [72.8537107970851, 19.07680753727991], [72.85370129687017, 19.076820436281672], [72.85368958491881, 19.076831570750787], [72.85367601802544, 19.076840604313457], [72.85366100733356, 19.076847259037482], [72.85364500859245, 19.076851334287337], [72.85362850885878, 19.076852706569216]]]}, "properties": {"OBJECTID": 454, "NAME": "Devdarshan Society (Delete)", "TYPE": 2, "LOCATION": "Rajendra Kamble Road, Opp Police Training Institute, Santacruz East, Mumbai, 400055", "AWSID": "WS21000010001", "STRETCH": 100, "DEPTH": 3, "AFFECT_ROAD": "Rajendra Kamble Road", "AFFECT_RAIL": "No", "NO_DE_WATER_PUMP": 0, "REMARKS": null, "FEATUREID": "FS21000000044", "EDUPDATEUSER": null, "EDUPDATETIME": null, "CREATED_USER": "DMMASTER", "CREATED_DATE": 1529143829000, "LAST_EDITED_USER": "DMMASTER@PRSRVGISDB.MUMBASE.MCGM.GOV.IN", "LAST_EDITED_DATE": 1653383202000, "HEIGHT_TO_MSL": null, "AFFECT_ELECTRIC": "No", "AFFECT_HAZ_MAT": "No", "WARD": "H/E", "AFFECT_AREA": "Yashwant Nagar", "SUBTYPE": null, "AFFECT_BEST_ROUTE": null, "AFFECTED_HUT": null, "AFFECT_POPULATION": null, "SHAPE.AREA": 312.71078746499995, "SHAPE.LEN": 62.766594966437296}}, {"type": "Feature", "id": 2561, "geometry": {"type": "Polygon", "coordinates": [[[72.8548422008142, 19.1126850852046], [72.85484217484665, 19.112685080526262], [72.85484215180516, 19.11268506766976], [72.8548421341866, 19.112685048028293], [72.85484212390024, 19.112685023730325], [72.85484212206077, 19.11268499740891], [72.85484212886752, 19.112684971916387], [72.85484214358286, 19.112684950015264], [72.85484216461217, 19.11268493407887], [72.85484218967659, 19.112684925834156], [72.85484221605999, 19.11268492617457], [72.85484224090335, 19.112684935063218], [72.85484226151449, 19.11268495153688], [72.85484227565988, 19.11268497381038], [72.85484228180663, 19.112684999470037], [72.85484227928865, 19.112685025735228], [72.8548422683788, 19.112685049759715], [72.85484225025935, 19.11268506894007], [72.85484222689381, 19.112685081197803], [72.8548422008142, 19.1126850852046]]]}, "properties": {"OBJECTID": 2561, "NAME": "Bahar Jn (Delete)", "TYPE": 2, "LOCATION": "Parshiwada, Chakala, Andheri East, Mumbai, Maharashtra 400053", "AWSID": "WS17260000032", "STRETCH": null, "DEPTH": null, "AFFECT_ROAD": null, "AFFECT_RAIL": null, "NO_DE_WATER_PUMP": null, "REMARKS": "Already Tackled (2024-25)", "FEATUREID": "FS11000000038", "EDUPDATEUSER": null, "EDUPDATETIME": null, "CREATED_USER": "DMMASTER", "CREATED_DATE": 1623655126000, "LAST_EDITED_USER": "DMMASTER@PRSRVGISDB.MUMBASE.MCGM.GOV.IN", "LAST_EDITED_DATE": 1714135854000, "HEIGHT_TO_MSL": null, "AFFECT_ELECTRIC": null, "AFFECT_HAZ_MAT": null, "WARD": "K/E", "AFFECT_AREA": null, "SUBTYPE": 2, "AFFECT_BEST_ROUTE": "2022", "AFFECTED_HUT": null, "AFFECT_POPULATION": null, "SHAPE.AREA": 0.00024217, "SHAPE.LEN": 0.055420526380532104}}, {"type": "Feature", "id": 6722, "geometry": {"type": "Polygon", "coordinates": [[[72.86445923303143, 19.071738013996857], [72.86444141350673, 19.07173622462784], [72.86442417542132, 19.071731368115373], [72.8644080425457, 19.071723592022124], [72.86439350506915, 19.07171313262075], [72.8643810047055, 19.071700307714874], [72.86437092127201, 19.07168550698277], [72.86436356114869, 19.071669180137196], [72.86435914796915, 19.071651823261085], [72.86435781582566, 19.071633963734342], [72.86435960519466, 19.071616144209646], [72.86436446170714, 19.07159890612424], [72.86437223780038, 19.071582773248625], [72.86438269720175, 19.071568235772066], [72.86439552210763, 19.071555735408424], [72.86441032283973, 19.07154565197493], [72.86442664968531, 19.071538291851606], [72.86444400656141, 19.071533878672078], [72.86446186608816, 19.071532546528566], [72.86447968561286, 19.07153433589758], [72.86449692369827, 19.07153919241005], [72.86451305657388, 19.0715469685033], [72.86452759405044, 19.071557427904672], [72.86454009441408, 19.07157025281055], [72.86455017784758, 19.071585053542652], [72.8645575379709, 19.071601380388227], [72.86456195115043, 19.071618737264338], [72.86456328329393, 19.07163659679108], [72.86456149392492, 19.071654416315777], [72.86455663741245, 19.071671654401182], [72.86454886131921, 19.071687787276797], [72.86453840191784, 19.071702324753357], [72.86452557701196, 19.071714825117], [72.86451077627986, 19.071724908550493], [72.86449444943428, 19.071732268673816], [72.86447709255818, 19.071736681853345], [72.86445923303143, 19.071738013996857]]]}, "properties": {"OBJECTID": 6722, "NAME": "Dani Corporate Park, CST Road", "TYPE": 2, "LOCATION": "Dani Corporate Park, CST Road, Bandra East", "AWSID": null, "STRETCH": null, "DEPTH": null, "AFFECT_ROAD": null, "AFFECT_RAIL": null, "NO_DE_WATER_PUMP": null, "REMARKS": "Monsoon 24 (2024-25)", "FEATUREID": "FS21000000054", "EDUPDATEUSER": null, "EDUPDATETIME": null, "CREATED_USER": "DMMASTER@PRSRVGISDB.MUMBASE.MCGM.GOV.IN", "CREATED_DATE": 1689761981000, "LAST_EDITED_USER": "DMMASTER@PRSRVGISDB.MUMBASE.MCGM.GOV.IN", "LAST_EDITED_DATE": 1714416947000, "HEIGHT_TO_MSL": null, "AFFECT_ELECTRIC": null, "AFFECT_HAZ_MAT": null, "WARD": "H/E", "AFFECT_AREA": null, "SUBTYPE": null, "AFFECT_BEST_ROUTE": null, "AFFECTED_HUT": null, "AFFECT_POPULATION": null, "SHAPE.AREA": 404.45391139, "SHAPE.LEN": 71.38248407403638}}, {"type": "Feature", "id": 447, "geometry": {"type": "Polygon", "coordinates": [[[72.86517810121539, 19.077411335896386], [72.8651616014466, 19.07740996329198], [72.86514560278682, 19.077405887601024], [72.86513059196753, 19.0773992327898], [72.8651170252779, 19.07739020015277], [72.86510531340097, 19.077379065427124], [72.86509581302668, 19.077366166049853], [72.86508881269599, 19.077351893767563], [72.86508452725198, 19.07733668282973], [72.86508308281529, 19.077320996265644], [72.8650845274529, 19.07730530884595], [72.86508881324602, 19.07729009784227], [72.86509581265828, 19.077275826054837], [72.8651053130218, 19.077262927296395], [72.86511702527126, 19.07725179204118], [72.86513059164746, 19.077242759384937], [72.86514560296895, 19.077236103695967], [72.86516160060125, 19.077232029218504], [72.86517810133918, 19.07723065590868], [72.8651946010791, 19.077232029413057], [72.86521059878596, 19.077236104184177], [72.86522560959513, 19.07724275898788], [72.86523917723026, 19.07725179162745], [72.86525088909745, 19.077262927247855], [72.86526038854127, 19.07727582570372], [72.86526738888489, 19.077290097980722], [72.8652716752952, 19.077305308926864], [72.86527311878838, 19.07732099638335], [72.86527167512956, 19.077336682914083], [72.86526738935106, 19.07735189392345], [72.86526038899898, 19.07736616570741], [72.86525088862831, 19.077379065377475], [72.86523917733848, 19.07739019974892], [72.86522560999295, 19.07739923330456], [72.86521059867012, 19.077405888095676], [72.86519460102139, 19.077409962575818], [72.86517810121539, 19.077411335896386]]]}, "properties": {"OBJECTID": 447, "NAME": "Raza Khan Chawl No 3, Kalina Jama Masjid, Santacruz (Delete)", "TYPE": 2, "LOCATION": "Majit Gali Road, Behind Razkhan Chawal No 3, Santacruz East, Mumbai, 400029", "AWSID": "WS17181900026", "STRETCH": 50, "DEPTH": 2, "AFFECT_ROAD": null, "AFFECT_RAIL": "No", "NO_DE_WATER_PUMP": 0, "REMARKS": null, "FEATUREID": "FS21000000037", "EDUPDATEUSER": null, "EDUPDATETIME": null, "CREATED_USER": "DMMASTER", "CREATED_DATE": 1529143829000, "LAST_EDITED_USER": "DMMASTER@PRSRVGISDB.MUMBASE.MCGM.GOV.IN", "LAST_EDITED_DATE": 1653383178000, "HEIGHT_TO_MSL": null, "AFFECT_ELECTRIC": "No", "AFFECT_HAZ_MAT": "No", "WARD": "H/E", "AFFECT_AREA": "Raza Khanchawal No 3", "SUBTYPE": null, "AFFECT_BEST_ROUTE": null, "AFFECTED_HUT": 20, "AFFECT_POPULATION": 60, "SHAPE.AREA": 312.70568633, "SHAPE.LEN": 62.76608301550309}}, {"type": "Feature", "id": 216, "geometry": {"type": "Polygon", "coordinates": [[[72.87144686044925, 19.111660578171083], [72.87138730339719, 19.111657015949927], [72.8713286863387, 19.111646386603713], [72.87127193171224, 19.111628857973134], [72.87121793681509, 19.111604706000744], [72.87116755199693, 19.111574310865482], [72.87112157215499, 19.111538153270878], [72.87108072167096, 19.111496803431457], [72.8710456459758, 19.111450911942132], [72.87101689832939, 19.111401203302147], [72.87099492954324, 19.111348462247015], [72.87098009006603, 19.111293519320135], [72.87097261109786, 19.111237241621513], [72.87097261144963, 19.11118051662833], [72.87098009104328, 19.11112424037718], [72.87099493117842, 19.111069296692225], [72.87101689929483, 19.111016556337084], [72.8710456474429, 19.110966848092936], [72.87108072276969, 19.110920956170144], [72.87112157340482, 19.110879605824564], [72.87116755340753, 19.110843448059384], [72.87121793803763, 19.11081305438266], [72.87127193345272, 19.11078890156411], [72.87132868619723, 19.110771372648536], [72.87138730427753, 19.11076074365073], [72.87144686003467, 19.110757181782354], [72.8715064158195, 19.110760743942457], [72.8715650335391, 19.110771373214817], [72.87162178697285, 19.110788901720095], [72.87167578168899, 19.110813053555898], [72.87172616736075, 19.110843447648747], [72.87177214716284, 19.110879605991943], [72.87181299675002, 19.110920955671308], [72.87184807256506, 19.110966847929543], [72.87187682137449, 19.111016555566394], [72.87189878945762, 19.111069297432927], [72.87191362923451, 19.111124240314375], [72.8719211085361, 19.11118051710257], [72.87192110945827, 19.11123724213809], [72.8719136301585, 19.111293519360363], [72.87189879030284, 19.111348462242564], [72.87187682239993, 19.111401202724142], [72.87184807438597, 19.111450912015993], [72.87181299818936, 19.111496803178277], [72.87177214755322, 19.11153815277373], [72.87172616840752, 19.11157431069268], [72.87167578263649, 19.111604706288283], [72.87162178795123, 19.111628858311292], [72.87156503397524, 19.11164638727947], [72.8715064165318, 19.11165701631484], [72.87144686044925, 19.111660578171083]]]}, "properties": {"OBJECTID": 216, "NAME": "Fish Market (Delete)", "TYPE": 2, "LOCATION": "Andheri Kurla Road,Opp Axis Bank,Andheri East,Mumbai,400059", "AWSID": "WS19247700031", "STRETCH": 80, "DEPTH": 1.5, "AFFECT_ROAD": "Anderi Kurla Road", "AFFECT_RAIL": "No", "NO_DE_WATER_PUMP": 1, "REMARKS": null, "FEATUREID": "FS11000000006", "EDUPDATEUSER": null, "EDUPDATETIME": null, "CREATED_USER": null, "CREATED_DATE": 1507037244000, "LAST_EDITED_USER": "DMMASTER@PRSRVGISDB.MUMBASE.MCGM.GOV.IN", "LAST_EDITED_DATE": 1653213737000, "HEIGHT_TO_MSL": null, "AFFECT_ELECTRIC": "No", "AFFECT_HAZ_MAT": null, "WARD": "K/E", "AFFECT_AREA": "Andheri East", "SUBTYPE": null, "AFFECT_BEST_ROUTE": null, "AFFECTED_HUT": null, "AFFECT_POPULATION": null, "SHAPE.AREA": 7836.772725555001, "SHAPE.LEN": 314.021638876293}}, {"type": "Feature", "id": 2895, "geometry": {"type": "Polygon", "coordinates": [[[72.87976741599223, 19.066653278113414], [72.87975534660136, 19.066652067316205], [72.87974367082438, 19.066648779085998], [72.87973274342389, 19.066643513334004], [72.87972289642339, 19.066636430057425], [72.87971442901902, 19.066627744478044], [72.87970759848858, 19.066617720502794], [72.87970261237429, 19.066606662705087], [72.87969962217669, 19.066594907070513], [72.87969871875144, 19.06658281078808], [72.87969992954865, 19.06657074139721], [72.87970321777885, 19.066559065620233], [72.87970848353085, 19.06654813821973], [72.87971556680742, 19.06653829121923], [72.87972425238681, 19.066529823814864], [72.87973427636206, 19.066522993284426], [72.87974533415976, 19.06651800717013], [72.87975708979434, 19.066515016972538], [72.87976918607677, 19.066514113547285], [72.87978125546765, 19.066515324344493], [72.87979293124462, 19.0665186125747], [72.87980385864512, 19.066523878326695], [72.87981370564562, 19.066530961603274], [72.87982217304999, 19.066539647182655], [72.87982900358043, 19.066549671157905], [72.87983398969472, 19.06656072895561], [72.87983697989232, 19.066572484590186], [72.87983788331756, 19.066584580872618], [72.87983667252036, 19.066596650263488], [72.87983338429015, 19.066608326040466], [72.87982811853816, 19.06661925344097], [72.87982103526159, 19.066629100441467], [72.8798123496822, 19.066637567845834], [72.87980232570695, 19.066644398376273], [72.87979126790924, 19.066649384490567], [72.87977951227467, 19.06665237468816], [72.87976741599223, 19.066653278113414]]]}, "properties": {"OBJECTID": 2895, "NAME": "Balaji Mandir Marg Kurla(W) (Delete)", "TYPE": 2, "LOCATION": "Balaji Mandir Marg Kurla(W)", "AWSID": "WS19196800038", "STRETCH": null, "DEPTH": null, "AFFECT_ROAD": null, "AFFECT_RAIL": null, "NO_DE_WATER_PUMP": null, "REMARKS": "Already Tackled (2024-25)", "FEATUREID": "FS15000000051", "EDUPDATEUSER": null, "EDUPDATETIME": null, "CREATED_USER": "DMMASTER", "CREATED_DATE": 1623700920000, "LAST_EDITED_USER": "DMMASTER@PRSRVGISDB.MUMBASE.MCGM.GOV.IN", "LAST_EDITED_DATE": 1714071378000, "HEIGHT_TO_MSL": null, "AFFECT_ELECTRIC": null, "AFFECT_HAZ_MAT": null, "WARD": "L", "AFFECT_AREA": null, "SUBTYPE": 2, "AFFECT_BEST_ROUTE": "2022", "AFFECTED_HUT": null, "AFFECT_POPULATION": null, "SHAPE.AREA": 185.5367045, "SHAPE.LEN": 48.347281194127895}}, {"type": "Feature", "id": 15, "geometry": {"type": "Polygon", "coordinates": [[[72.88035089962926, 19.070404117981845], [72.88032320239131, 19.07040246176976], [72.88029594219167, 19.070397516345626], [72.88026954834486, 19.070389363424322], [72.88024443726546, 19.070378127929736], [72.88022100566967, 19.070363989658944], [72.88019962219876, 19.07034716963692], [72.8801806245119, 19.070327934599238], [72.88016431276354, 19.07030658698115], [72.88015094296583, 19.070283463937837], [72.88014072708056, 19.07025893011933], [72.88013382453937, 19.07023337215323], [72.88013034706215, 19.070207193280492], [72.88013034640078, 19.070180805988294], [72.88013382484516, 19.070154627614507], [72.88014072681257, 19.070129069411674], [72.88015094265856, 19.070104535687612], [72.88016431261444, 19.070081413011476], [72.88018062495658, 19.07006006477308], [72.88019962267849, 19.070040829453237], [72.8802210055169, 19.070024010710984], [72.88024443761965, 19.070009872052278], [72.88026954849543, 19.06999863684097], [72.88029594163153, 19.06999048297824], [72.88032320214997, 19.069985538474402], [72.8803508996571, 19.069983881481658], [72.88037859776497, 19.069985538597003], [72.88040585791373, 19.06999048309969], [72.88043225074682, 19.069998636888542], [72.88045736179863, 19.070009871450516], [72.8804807933596, 19.070024010591986], [72.88050217683589, 19.07004082967753], [72.88052117453422, 19.070060064683034], [72.88053748724933, 19.070081413186195], [72.88055085614062, 19.070104536194627], [72.88056107304305, 19.07012906910348], [72.88056797469905, 19.070154627048833], [72.8805714531956, 19.070180805930914], [72.88057145297701, 19.07020719321895], [72.88056797458705, 19.07023337251054], [72.88056107268896, 19.07025892983189], [72.88055085688907, 19.07028346358324], [72.88053748790301, 19.070306587204648], [72.88052117463732, 19.070327934562137], [72.88050217786258, 19.07034716992593], [72.88048079404274, 19.07036398959123], [72.88045736285368, 19.07037812828754], [72.88043225098947, 19.070389362605653], [72.88040585778118, 19.070397517385263], [72.88037859720662, 19.070402460991705], [72.88035089962926, 19.070404117981845]]]}, "properties": {"OBJECTID": 15, "NAME": "Pipe Road,  Markas Masjid (Delete)", "TYPE": 2, "LOCATION": "Sagar Niwas,Pipe Road,Near Markas Masjid,Danis Ground, Kurla,Mumbai,400070", "AWSID": "WS19207400037", "STRETCH": 50, "DEPTH": 2, "AFFECT_ROAD": "Pipe Road ", "AFFECT_RAIL": "No", "NO_DE_WATER_PUMP": 1, "REMARKS": null, "FEATUREID": "FS15000000006", "EDUPDATEUSER": null, "EDUPDATETIME": null, "CREATED_USER": null, "CREATED_DATE": 1506429884000, "LAST_EDITED_USER": "DMMASTER@PRSRVGISDB.MUMBASE.MCGM.GOV.IN", "LAST_EDITED_DATE": 1653246513000, "HEIGHT_TO_MSL": null, "AFFECT_ELECTRIC": "No", "AFFECT_HAZ_MAT": null, "WARD": "L", "AFFECT_AREA": "Danis Ground, Kurla ", "SUBTYPE": null, "AFFECT_BEST_ROUTE": null, "AFFECTED_HUT": 30, "AFFECT_POPULATION": 100, "SHAPE.AREA": 1695.745910795, "SHAPE.LEN": 146.07346765430302}}, {"type": "Feature", "id": 566, "geometry": {"type": "Polygon", "coordinates": [[[72.87795990011598, 19.074932140301673], [72.87794340132388, 19.074930767963536], [72.87792740153688, 19.07492669155755], [72.87791239221906, 19.074920036877394], [72.87789882493398, 19.07491100422894], [72.87788711323293, 19.074899869355217], [72.87787761287973, 19.07488696965959], [72.8778706143322, 19.074872697796255], [72.87786632677799, 19.07485748703405], [72.87786488303384, 19.07484179957031], [72.87786632736952, 19.074826112841595], [72.87787061382677, 19.074810902342218], [72.87787761301823, 19.07479662995994], [72.8778871132384, 19.074783731343175], [72.87789882546627, 19.074772596086504], [72.87791239197189, 19.07476356331361], [72.87792740168703, 19.074756908305186], [72.87794340079216, 19.074752831781637], [72.87795990031518, 19.074751459990612], [72.87797639908999, 19.074752832325572], [72.87799239792399, 19.074756907811807], [72.87800740817008, 19.07476356339852], [72.87802097545074, 19.074772596038517], [72.87803268715362, 19.074783730903878], [72.87804218657627, 19.074796629678154], [72.87804918607512, 19.074810902450267], [72.87805347269584, 19.074826113198853], [72.87805491741933, 19.074841799770635], [72.87805347308947, 19.074857487405648], [72.87804918569692, 19.074872697899778], [72.87804218746545, 19.0748869703005], [72.87803268724971, 19.074899868925737], [72.87802097502002, 19.074911004190774], [72.87800740755668, 19.074920036959995], [72.8779923978286, 19.074926691973726], [72.87797639871857, 19.074930767596825], [72.87795990011598, 19.074932140301673]]]}, "properties": {"OBJECTID": 566, "NAME": "Shanti Nagar BailBazar (Delete)", "TYPE": 2, "LOCATION": "BKC Road, Near Shaima Apartment, Kurla West, Mumbai, 400072", "AWSID": "WS19207400037", "STRETCH": 70, "DEPTH": 1, "AFFECT_ROAD": null, "AFFECT_RAIL": "No", "NO_DE_WATER_PUMP": 0, "REMARKS": "Already Tackled (2024-25)", "FEATUREID": "FS15000000029", "EDUPDATEUSER": null, "EDUPDATETIME": null, "CREATED_USER": "DMMASTER", "CREATED_DATE": 1529143829000, "LAST_EDITED_USER": "DMMASTER@PRSRVGISDB.MUMBASE.MCGM.GOV.IN", "LAST_EDITED_DATE": 1714071361000, "HEIGHT_TO_MSL": null, "AFFECT_ELECTRIC": "No", "AFFECT_HAZ_MAT": "No", "WARD": "L", "AFFECT_AREA": null, "SUBTYPE": 2, "AFFECT_BEST_ROUTE": "2022", "AFFECTED_HUT": 100, "AFFECT_POPULATION": 300, "SHAPE.AREA": 312.70172541, "SHAPE.LEN": 62.7656854875585}}, {"type": "Feature", "id": 99, "geometry": {"type": "Polygon", "coordinates": [[[72.88022489930763, 19.076929748700895], [72.88019323094598, 19.076927854304994], [72.88016205978823, 19.076922200787383], [72.88013187871734, 19.076912877822174], [72.88010316658176, 19.07690003273164], [72.88007637210443, 19.076883865784808], [72.88005192238585, 19.076864633908226], [72.88003019927135, 19.07684264138135], [72.88001154705375, 19.07681823179562], [72.87999626004421, 19.076791794234307], [72.87998457905994, 19.076763740650268], [72.87997668556412, 19.076734518444276], [72.87997270958688, 19.07670458526444], [72.87997270970871, 19.076674414195658], [72.87997668746999, 19.076644481279452], [72.87998457796405, 19.076615258179686], [72.87999626035526, 19.076587206883957], [72.88001154851806, 19.076560768756618], [72.88003019966658, 19.076536358315323], [72.88005192286943, 19.076514366038847], [72.88007637364906, 19.076495134819865], [72.88010316623861, 19.0764789673324], [72.88013187932712, 19.07646612248468], [72.88016205816619, 19.076456799184697], [72.8801932296649, 19.076451144643283], [72.8802249005241, 19.07644925164287], [72.88025656974615, 19.0764511460356], [72.88028773987241, 19.076456799518326], [72.8803179208748, 19.076466122451293], [72.88034663295926, 19.076478967503263], [72.88037342740607, 19.07649513440767], [72.88039787711666, 19.07651436624064], [72.88041960024617, 19.076536358725427], [72.88043825155096, 19.07656076826233], [72.88045353956723, 19.076587205803225], [72.8804652206245, 19.076615259364438], [72.8804731142049, 19.076644481557597], [72.88047709027299, 19.076674414735347], [72.88047709024256, 19.07670458581298], [72.88047311256751, 19.076734518748353], [72.88046522216058, 19.0767637409733], [72.88045353981816, 19.076791793207875], [72.88043825359631, 19.07681823139787], [72.88041960057889, 19.076842640957526], [72.880397877361, 19.076864634180357], [72.88037342655512, 19.076883865439637], [72.88034663394123, 19.076900031155727], [72.88031792076431, 19.076912877837028], [72.88028774184582, 19.076922201154968], [72.88025657025871, 19.076927855703893], [72.88022489930763, 19.076929748700895]]]}, "properties": {"OBJECTID": 99, "NAME": "Daruwala Chawl (Delete)", "TYPE": 2, "LOCATION": "New Mill Road,Off Hanif Caterers,Bhalekar Wadi,Mumbai,400070", "AWSID": "WS19207400037", "STRETCH": 150, "DEPTH": 2, "AFFECT_ROAD": null, "AFFECT_RAIL": "No", "NO_DE_WATER_PUMP": 1, "REMARKS": null, "FEATUREID": "FS15000000015", "EDUPDATEUSER": null, "EDUPDATETIME": null, "CREATED_USER": null, "CREATED_DATE": 1506429884000, "LAST_EDITED_USER": "DMMASTER@PRSRVGISDB.MUMBASE.MCGM.GOV.IN", "LAST_EDITED_DATE": 1653246561000, "HEIGHT_TO_MSL": null, "AFFECT_ELECTRIC": "No", "AFFECT_HAZ_MAT": null, "WARD": "L", "AFFECT_AREA": "Bhalekar Wadi ", "SUBTYPE": null, "AFFECT_BEST_ROUTE": null, "AFFECTED_HUT": 50, "AFFECT_POPULATION": 120, "SHAPE.AREA": 2216.956555875, "SHAPE.LEN": 167.020408424541}}, {"type": "Feature", "id": 2571, "geometry": {"type": "Polygon", "coordinates": [[[72.88209720896216, 19.106613894508758], [72.88209597445243, 19.10661377064473], [72.88209478020643, 19.106613434292115], [72.88209366251074, 19.106612895670807], [72.88209265532595, 19.106612171146548], [72.88209178925489, 19.10661128273364], [72.88209109061268, 19.106610257426052], [72.8820905806272, 19.106609126377247], [72.88209027479412, 19.106607923953568], [72.882090182406, 19.106606686690046], [72.88209030627003, 19.10660545218031], [72.88209064262264, 19.106604257934315], [72.88209118124395, 19.106603140238615], [72.88209190576822, 19.106602133053837], [72.88209279418112, 19.106601266982775], [72.8820938194887, 19.10660056834056], [72.8820949505375, 19.106600058355085], [72.8820961529612, 19.106599752521998], [72.88209739022471, 19.106599660133885], [72.88209862473445, 19.10659978399791], [72.88209981898045, 19.106600120350528], [72.88210093667614, 19.106600658971836], [72.88210194386093, 19.106601383496095], [72.882102809932, 19.106602271909004], [72.8821035085742, 19.10660329721659], [72.88210401855967, 19.106604428265396], [72.88210432439276, 19.106605630689074], [72.88210441678088, 19.106606867952596], [72.88210429291685, 19.10660810246233], [72.88210395656424, 19.106609296708328], [72.88210341794293, 19.106610414404027], [72.88210269341866, 19.106611421588806], [72.88210180500576, 19.106612287659868], [72.88210077969818, 19.106612986302082], [72.88209964864937, 19.106613496287558], [72.88209844622568, 19.106613802120645], [72.88209720896216, 19.106613894508758]]]}, "properties": {"OBJECTID": 2571, "NAME": "Cargo Complex Nullah (Delete)", "TYPE": 2, "LOCATION": "5c, 105, Andheri - Kurla Rd, Mittal Industrial Estate, Marol, Andheri East, Mumbai, Maharashtra 400059", "AWSID": "WS19247700031", "STRETCH": null, "DEPTH": null, "AFFECT_ROAD": null, "AFFECT_RAIL": null, "NO_DE_WATER_PUMP": null, "REMARKS": "Already Tackled (2024-25)", "FEATUREID": "FS11000000046", "EDUPDATEUSER": null, "EDUPDATETIME": null, "CREATED_USER": "DMMASTER", "CREATED_DATE": 1623657472000, "LAST_EDITED_USER": "DMMASTER@PRSRVGISDB.MUMBASE.MCGM.GOV.IN", "LAST_EDITED_DATE": 1714156521000, "HEIGHT_TO_MSL": null, "AFFECT_ELECTRIC": null, "AFFECT_HAZ_MAT": null, "WARD": "K/E", "AFFECT_AREA": null, "SUBTYPE": 2, "AFFECT_BEST_ROUTE": "2022", "AFFECTED_HUT": null, "AFFECT_POPULATION": null, "SHAPE.AREA": 1.94109802, "SHAPE.LEN": 4.9451661954313995}}, {"type": "Feature", "id": 7043, "geometry": {"type": "Polygon", "coordinates": [[[72.88368342227143, 19.073770136168246], [72.88365775213428, 19.073767561426575], [72.88363291908338, 19.07376056822848], [72.88360967765844, 19.073749369058746], [72.88358873403838, 19.073734304198474], [72.88357072458452, 19.073715831385826], [72.88355619650495, 19.07369451190786], [72.88354559122807, 19.073670993546134], [72.88353923098984, 19.07364599089416], [72.88353730904285, 19.073620263644873], [72.88353988378452, 19.07359459350772], [72.88354687698262, 19.07356976045683], [72.88355807615235, 19.073546519031886], [72.88357314101263, 19.07352557541183], [72.88359161382527, 19.073507565957954], [72.88361293330324, 19.0734930378784], [72.88363645166497, 19.07348243260152], [72.88366145431694, 19.073476072363277], [72.88368718156623, 19.0734741504163], [72.88371285170338, 19.07347672515797], [72.88373768475428, 19.073483718356066], [72.88376092617922, 19.0734949175258], [72.88378186979928, 19.07350998238607], [72.88379987925315, 19.07352845519872], [72.88381440733271, 19.073549774676685], [72.88382501260959, 19.07357329303841], [72.88383137284782, 19.073598295690385], [72.88383329479481, 19.073624022939672], [72.88383072005314, 19.073649693076824], [72.88382372685504, 19.073674526127714], [72.88381252768531, 19.07369776755266], [72.88379746282503, 19.073718711172717], [72.88377899001239, 19.07373672062659], [72.88375767053442, 19.073751248706145], [72.88373415217269, 19.073761853983026], [72.88370914952073, 19.073768214221268], [72.88368342227143, 19.073770136168246]]]}, "properties": {"OBJECTID": 7043, "NAME": "AI-Barkat School, Ramdev Peer Marg", "TYPE": 2, "LOCATION": "AI-Barkat School, Ramdev Peer Marg, Kurla", "AWSID": null, "STRETCH": null, "DEPTH": null, "AFFECT_ROAD": null, "AFFECT_RAIL": null, "NO_DE_WATER_PUMP": null, "REMARKS": "Monsoon 24 (2024-25)", "FEATUREID": "FS15000000059", "EDUPDATEUSER": null, "EDUPDATETIME": null, "CREATED_USER": "DMMASTER@PRSRVGISDB.MUMBASE.MCGM.GOV.IN", "CREATED_DATE": 1689864155000, "LAST_EDITED_USER": "DMMASTER@PRSRVGISDB.MUMBASE.MCGM.GOV.IN", "LAST_EDITED_DATE": 1716983273000, "HEIGHT_TO_MSL": null, "AFFECT_ELECTRIC": null, "AFFECT_HAZ_MAT": null, "WARD": "L", "AFFECT_AREA": null, "SUBTYPE": null, "AFFECT_BEST_ROUTE": null, "AFFECTED_HUT": null, "AFFECT_POPULATION": null, "SHAPE.AREA": 839.29201254, "SHAPE.LEN": 102.828543008823}}, {"type": "Feature", "id": 104, "geometry": {"type": "Polygon", "coordinates": [[[72.88526130020622, 19.082637986838325], [72.88523422456102, 19.082636367229615], [72.88520757641487, 19.082631533257796], [72.88518177471333, 19.082623562896963], [72.88515722734452, 19.08261258186801], [72.88513432167406, 19.08259876082012], [72.88511341782666, 19.082582320673147], [72.88509484696966, 19.08256351814562], [72.8850789007949, 19.08254265105351], [72.88506583163334, 19.082520049278756], [72.88505584494757, 19.08249606745689], [72.88504909837023, 19.0824710858692], [72.885045698088, 19.08244549594888], [72.8850456978459, 19.082419703882525], [72.88504909820384, 19.082394114342854], [72.885055844614, 19.08236913227311], [72.88506583138125, 19.08234515028669], [72.88507890166325, 19.082322548667268], [72.8850948476425, 19.082301681821626], [72.88511341810309, 19.08228288017334], [72.88513432142952, 19.082266438454546], [72.88515722747218, 19.082252618437405], [72.88518177530742, 19.082241636377294], [72.88520757605282, 19.082233665754984], [72.8852342243238, 19.082228832891897], [72.88526130017908, 19.08222721335926], [72.88528837575883, 19.082228832957664], [72.8853150238568, 19.08223366600886], [72.88534082550825, 19.082241636346122], [72.88536537282823, 19.082252618250028], [72.88538827848782, 19.08226643836379], [72.88540918231787, 19.082282879382007], [72.88542775318584, 19.082301681878768], [72.88544369843778, 19.082322548932254], [72.88545676859077, 19.08234515069499], [72.88546675532992, 19.082369132500165], [72.88547350196907, 19.08239411407843], [72.88547690231772, 19.082419703997243], [72.88547690262665, 19.082445496070033], [72.88547350233176, 19.082471085623713], [72.88546675502697, 19.08249606770325], [72.88545676926519, 19.082520048823504], [72.88544369900184, 19.082542651375892], [72.8854277530368, 19.08256351825321], [72.8854091816237, 19.08258231992219], [72.88538827828957, 19.0825987607673], [72.88536537315079, 19.082612581724003], [72.8853408252792, 19.08262356290094], [72.88531502447573, 19.082631533536407], [72.88528837612867, 19.082636367308158], [72.88526130020622, 19.082637986838325]]]}, "properties": {"OBJECTID": 104, "NAME": "Kohinoor junction (Delete)", "TYPE": 2, "LOCATION": "City Fresh,Premier Road,Opp City Fresh Mall,Kurla West,Mumbai,400070", "AWSID": "WS20215900036", "STRETCH": 50, "DEPTH": 3, "AFFECT_ROAD": "Premier Road ", "AFFECT_RAIL": "No", "NO_DE_WATER_PUMP": 1, "REMARKS": null, "FEATUREID": "FS15000000020", "EDUPDATEUSER": null, "EDUPDATETIME": null, "CREATED_USER": null, "CREATED_DATE": 1506429885000, "LAST_EDITED_USER": "DMMASTER@PRSRVGISDB.MUMBASE.MCGM.GOV.IN", "LAST_EDITED_DATE": 1653246576000, "HEIGHT_TO_MSL": null, "AFFECT_ELECTRIC": "No", "AFFECT_HAZ_MAT": null, "WARD": "L", "AFFECT_AREA": "Kurla West ", "SUBTYPE": null, "AFFECT_BEST_ROUTE": null, "AFFECTED_HUT": null, "AFFECT_POPULATION": null, "SHAPE.AREA": 1620.22295073, "SHAPE.LEN": 142.783603999988}}, {"type": "Feature", "id": 7041, "geometry": {"type": "Polygon", "coordinates": [[[72.88791980845583, 19.103984194804486], [72.887856362962, 19.104077452625113], [72.88778718695634, 19.104166542647214], [72.88771255344496, 19.104251113273172], [72.88763275697222, 19.104330830741365], [72.88754811245835, 19.104405380443364], [72.88745895395658, 19.104474468165552], [72.88736563333477, 19.104537821250258], [72.88726851888678, 19.104595189671794], [72.88716799387899, 19.104646347023216], [72.88706445503766, 19.104691091409823], [72.8869583109833, 19.104729246245967], [72.88684998061801, 19.104760660951936], [72.88673989147225, 19.104785211548243], [72.88662847801756, 19.104802801144903], [72.88651617995195, 19.104813360323803], [72.8864034404646, 19.1048168474127], [72.88629070448675, 19.104813248649638], [72.88617841693582, 19.104802578237294], [72.88606702095944, 19.10478487828691], [72.88595695618666, 19.10476021865211], [72.88584865699285, 19.104728696653197], [72.88574255078544, 19.104690436693105], [72.88563905631716, 19.104645589766417], [72.88553858203342, 19.104594332863464], [72.88544152446028, 19.104536868271822], [72.88534826663965, 19.104473422777986], [72.88525917661755, 19.10440424677233], [72.8851746059916, 19.104329613260948], [72.8850948885234, 19.104249816788208], [72.88502033882139, 19.10416517227434], [72.88495125109921, 19.104076013772563], [72.8848878980145, 19.103982693150755], [72.88483052959296, 19.103885578702776], [72.88477937224154, 19.10378505369498], [72.88473462785494, 19.103681514853655], [72.88469647301879, 19.103575370799298], [72.88466505831282, 19.103467040434], [72.88464050771651, 19.10335695128823], [72.88462291811986, 19.10324553783354], [72.88461235894096, 19.103133239767942], [72.88460887185207, 19.103020500280593], [72.88461247061512, 19.10290776430275], [72.88462314102746, 19.102795476751805], [72.88464084097785, 19.10268408077543], [72.88466550061266, 19.10257401600265], [72.88469702261156, 19.102465716808833], [72.88473528257165, 19.102359610601425], [72.88478012949834, 19.102256116133155], [72.8848313864013, 19.1021556418494], [72.88488885099294, 19.10205858427626], [72.88495229648677, 19.101965326455634], [72.88502147249243, 19.101876236433533], [72.88509610600381, 19.101791665807575], [72.88517590247655, 19.101711948339382], [72.88526054699042, 19.101637398637383], [72.88534970549219, 19.101568310915194], [72.885443026114, 19.10150495783049], [72.88554014056199, 19.101447589408952], [72.88564066556978, 19.10139643205753], [72.88574420441111, 19.101351687670924], [72.88585034846547, 19.10131353283478], [72.88595867883076, 19.10128211812881], [72.88606876797652, 19.101257567532503], [72.88618018143121, 19.101239977935844], [72.88629247949682, 19.101229418756944], [72.88640521898417, 19.101225931668047], [72.88651795496202, 19.10122953043111], [72.88663024251295, 19.101240200843453], [72.88674163848933, 19.101257900793836], [72.88685170326211, 19.101282560428636], [72.88696000245592, 19.10131408242755], [72.88706610866333, 19.101352342387642], [72.88716960313161, 19.10139718931433], [72.88727007741535, 19.101448446217283], [72.8873671349885, 19.101505910808925], [72.88746039280912, 19.10156935630276], [72.88754948283122, 19.101638532308417], [72.88763405345718, 19.1017131658198], [72.88771377092537, 19.10179296229254], [72.88778832062738, 19.101877606806408], [72.88785740834956, 19.101966765308184], [72.88792076143427, 19.102060085929992], [72.88797812985581, 19.10215720037797], [72.88802928720723, 19.102257725385765], [72.88807403159383, 19.102361264227092], [72.88811218642998, 19.10246740828145], [72.88814360113595, 19.102575738646745], [72.88816815173226, 19.102685827792516], [72.88818574132891, 19.102797241247206], [72.88819630050781, 19.102909539312805], [72.8881997875967, 19.103022278800154], [72.88819618883365, 19.103135014777997], [72.88818551842131, 19.103247302328942], [72.88816781847092, 19.103358698305318], [72.88814315883612, 19.103468763078098], [72.88811163683721, 19.103577062271913], [72.88807337687712, 19.10368316847932], [72.88802852995043, 19.10378666294759], [72.88797727304747, 19.103887137231347], [72.88791980845583, 19.103984194804486]]]}, "properties": {"OBJECTID": 7041, "NAME": "Sakinaka Metro Station", "TYPE": 2, "LOCATION": "Saki Naka Metro Station", "AWSID": null, "STRETCH": null, "DEPTH": null, "AFFECT_ROAD": null, "AFFECT_RAIL": null, "NO_DE_WATER_PUMP": null, "REMARKS": "Planning Stage (2025)", "FEATUREID": "FS15000000057", "EDUPDATEUSER": null, "EDUPDATETIME": null, "CREATED_USER": "DMMASTER@PRSRVGISDB.MUMBASE.MCGM.GOV.IN", "CREATED_DATE": 1689862481000, "LAST_EDITED_USER": "DMMASTER@PRSRVGISDB.MUMBASE.MCGM.GOV.IN", "LAST_EDITED_DATE": 1750847551000, "HEIGHT_TO_MSL": null, "AFFECT_ELECTRIC": null, "AFFECT_HAZ_MAT": null, "WARD": "L", "AFFECT_AREA": null, "SUBTYPE": null, "AFFECT_BEST_ROUTE": null, "AFFECTED_HUT": null, "AFFECT_POPULATION": null, "SHAPE.AREA": 115544.92298243, "SHAPE.LEN": 1205.18791394972}}, {"type": "Feature", "id": 7042, "geometry": {"type": "Polygon", "coordinates": [[[72.88977687842159, 19.102368639705574], [72.88966593009687, 19.1023609814558], [72.88955569086323, 19.10234630184693], [72.88944660461517, 19.10232465998856], [72.88933911060452, 19.102296143024827], [72.8892336416717, 19.102260865783467], [72.88913062250289, 19.102218970313487], [72.88903046791991, 19.102170625313157], [72.88893358120993, 19.10211602545073], [72.88884035250153, 19.10205539058058], [72.88875115719381, 19.10198896485793], [72.88866635444481, 19.10191701575572], [72.88858628572524, 19.10183983298759], [72.88851127344361, 19.101757727341308], [72.88844161964788, 19.101671029427333], [72.88837760480929, 19.10158008834756], [72.88831948669304, 19.101485270289626], [72.88826749932024, 19.10138695705238], [72.8882218520257, 19.101285544508535], [72.88818272861496, 19.10118144101061], [72.8881502866242, 19.101075065746645], [72.88812465668585, 19.100966847052288], [72.88810594200264, 19.10085722068602], [72.888094217932, 19.100746628074535], [72.8880895316826, 19.100635514535238], [72.88809190212432, 19.100524327483143], [72.88810131971223, 19.100413514629256], [72.88811774652505, 19.10030352217784], [72.88814111641777, 19.10019479302967], [72.88817133528809, 19.100087764998644], [72.8882082814553, 19.09998286904888], [72.88825180615021, 19.09988052755934], [72.88830173411422, 19.09978115262308], [72.88835786430508, 19.099685144387898], [72.8884199707063, 19.099592889445066], [72.88848780323731, 19.099504759272687], [72.88856108876047, 19.09942110873985], [72.88863953218083, 19.099342274677735], [72.88872281763443, 19.099268574523283], [72.88881060976014, 19.099200305041002], [72.88890255505007, 19.099137741128004], [72.88899828327297, 19.099081134707085], [72.88909740896507, 19.09903071371232], [72.8891995329822, 19.098986681171265], [72.88930424410701, 19.09894921438742], [72.88941112070472, 19.098918464226298], [72.88951973242101, 19.098894554507943], [72.88962964191484, 19.098877581508358], [72.88974040661945, 19.098867613571816], [72.88985158052449, 19.098864690835683], [72.88996271597188, 19.09886882506878], [72.89007336545838, 19.09887999962402], [72.89018308343758, 19.098898169505404], [72.89029142811388, 19.09892326154924], [72.89039796322153, 19.09895517471871], [72.89050225978124, 19.09899378051076], [72.89060389782759, 19.099038923473483], [72.89070246810003, 19.099090421832106], [72.89079757369085, 19.099148068220906], [72.89088883164342, 19.09921163051823], [72.89097587449417, 19.099280852781135], [72.89105835175225, 19.099355456276], [72.89113593131087, 19.09943514060089], [72.89120830078453, 19.09951958489514], [72.89127516876688, 19.09960844913139], [72.89133626600416, 19.099701375484724], [72.89139134647938, 19.099797989773514], [72.89144018840288, 19.099897902966116], [72.8914825951055, 19.10000071274737], [72.8915183958304, 19.100106005138574], [72.89154744642069, 19.100213356164424], [72.8915696298999, 19.100322333560236], [72.89158485694301, 19.100432498512497], [72.89159306623607, 19.100543407425825], [72.89159422472315, 19.10065461370917], [72.89158832773946, 19.100765669574084], [72.89157539903003, 19.10087612783779], [72.89155549065424, 19.100985543723844], [72.89152868277608, 19.101093476653098], [72.89149508334143, 19.101199492017734], [72.89145482764333, 19.1013031629313], [72.8914080777773, 19.10140407194761], [72.89135502198852, 19.10150181274168], [72.89129587391393, 19.10159599174582], [72.89123087172197, 19.10168622973443], [72.89116027715352, 19.101772163350972], [72.89108437446797, 19.101853446571106], [72.89100346929865, 19.101929752095987], [72.89091788742215, 19.102000772670202], [72.89082797344646, 19.102066222318967], [72.89073408942343, 19.102125837499642], [72.89063661339087, 19.102179378162937], [72.89053593785039, 19.1022266287195], [72.89043246818683, 19.102267398908012], [72.89032662103602, 19.102301524561316], [72.89021882260707, 19.102328868267453], [72.89010950696623, 19.102349319922965], [72.88999911428897, 19.102362797176255], [72.88988808908765, 19.10236924575918], [72.88977687842159, 19.102368639705574]]]}, "properties": {"OBJECTID": 7042, "NAME": "Upstream Side of AGLR New Sakinaka Metro Station ", "TYPE": 2, "LOCATION": "Upstream Side of AGLR New Sakinaka Metro Station ", "AWSID": null, "STRETCH": null, "DEPTH": null, "AFFECT_ROAD": null, "AFFECT_RAIL": null, "NO_DE_WATER_PUMP": null, "REMARKS": "Planning Stage (2025)", "FEATUREID": "FS15000000058", "EDUPDATEUSER": null, "EDUPDATETIME": null, "CREATED_USER": "DMMASTER@PRSRVGISDB.MUMBASE.MCGM.GOV.IN", "CREATED_DATE": 1689863859000, "LAST_EDITED_USER": "DMMASTER@PRSRVGISDB.MUMBASE.MCGM.GOV.IN", "LAST_EDITED_DATE": 1750847557000, "HEIGHT_TO_MSL": null, "AFFECT_ELECTRIC": null, "AFFECT_HAZ_MAT": null, "WARD": "L", "AFFECT_AREA": null, "SUBTYPE": null, "AFFECT_BEST_ROUTE": null, "AFFECTED_HUT": null, "AFFECT_POPULATION": null, "SHAPE.AREA": 118190.07979724, "SHAPE.LEN": 1218.90496754547}}, {"type": "Feature", "id": 3527, "geometry": {"type": "Polygon", "coordinates": [[[72.89335512210144, 19.060392332092725], [72.89323467545049, 19.060367875691966], [72.89311583783713, 19.060336520741554], [72.89299900402797, 19.06029837139948], [72.89288456213316, 19.06025355439402], [72.8927728923172, 19.06020221860276], [72.89266436553595, 19.060144534558038], [72.89255934230447, 19.060080693880444], [72.8924581714994, 19.060010908642298], [72.89236118919995, 19.059935410663133], [72.89226871757157, 19.059854450739653], [72.89218106379573, 19.059768297812575], [72.89209851904944, 19.05967723807326], [72.89202135753806, 19.059581574013002], [72.89194983558436, 19.059481623418197], [72.89188419077706, 19.059377718314664], [72.89182464118164, 19.059270203864706], [72.89177138461586, 19.059159437220515], [72.89172459799268, 19.059045786337744], [72.89168443673253, 19.058929628753198], [72.89165103424712, 19.05881135033069], [72.8916245014961, 19.05869134397924], [72.89160492661863, 19.05857000834789], [72.89159237464048, 19.058447746501393], [72.89158688725806, 19.058324964581313], [72.89158848269989, 19.058202070456844], [72.89159715566609, 19.058079472369904], [72.89161287734593, 19.05795757757901], [72.89163559551358, 19.0578367910064], [72.89166523470155, 19.05771751389292], [72.89170169645145, 19.057600142465148], [72.89174485964102, 19.057485066619158], [72.89179458088648, 19.057372668625344], [72.89185069501886, 19.057263321858535], [72.89191301563264, 19.057157389557695], [72.89198133570503, 19.05705522361927], [72.8920554282836, 19.056957163428237], [72.89213504724025, 19.05686353473069], [72.89221992808883, 19.056774648551745], [72.8923097888637, 19.056690800162347], [72.8924043310564, 19.05661226809842], [72.89250324060725, 19.056539313235575], [72.8926061889487, 19.056472177922533], [72.8927128340967, 19.056411085176055], [72.8928228217868, 19.056356237940097], [72.89293578665092, 19.05630781841166], [72.8930513534312, 19.056265987435555], [72.89316913822637, 19.05623088397007], [72.89328874976722, 19.056202624625392], [72.8934097907162, 19.05618130327622], [72.8935318589875, 19.056166990749933], [72.89365454908256, 19.056159734591304], [72.89377745343724, 19.05615955890456], [72.89390016377561, 19.056166464273318], [72.8940222724663, 19.056180427758637], [72.8941433738765, 19.05620140297522], [72.89426306571951, 19.056229320245507], [72.89438095039108, 19.05626408683114], [72.89449663629014, 19.05630558724101], [72.89460973911982, 19.05635368361493], [72.89471988316386, 19.056408216181588], [72.89482670253483, 19.056469003789278], [72.89492984238953, 19.056535844507682], [72.89502896010774, 19.056608516298652], [72.89512372643034, 19.05668677775381], [72.89521382655316, 19.05677036889647], [72.89529896117266, 19.056859012045265], [72.89537884748016, 19.056952412736567], [72.89545322010142, 19.057050260702677], [72.89552183197804, 19.057152230902485], [72.8955844551883, 19.057257984601247], [72.89564088170417, 19.057367170495805], [72.89569092408244, 19.057479425881606], [72.89573441608736, 19.05759437785754], [72.89577121324288, 19.057711644564712], [72.89580119331252, 19.0578308364549], [72.89582425670554, 19.057951557584648], [72.89584032680764, 19.05807340693049], [72.89584935023558, 19.05819597972116], [72.89585129701442, 19.05831886878217], [72.89584616067715, 19.05844166588842], [72.89583395828619, 19.05856396312027], [72.89581473037664, 19.05868535421862], [72.8957885408217, 19.058805435934445], [72.89575547662041, 19.058923809368363], [72.89571564760874, 19.059040081295727], [72.89566918609465, 19.05915386547289], [72.89561624641864, 19.059264783920263], [72.89555700444096, 19.05937246817791], [72.89549165695752, 19.05947656052956], [72.89542042104608, 19.05957671519089], [72.8953435333452, 19.059672599458185], [72.89526124926805, 19.059763894813553], [72.89517384215408, 19.059850297983008], [72.89508160236093, 19.059931521943906], [72.89498483629991, 19.060007296878414], [72.89488386541817, 19.060077371069827], [72.89477902513079, 19.060141511738728], [72.89467066370668, 19.06019950581626], [72.89455914111159, 19.060251160651934], [72.89444482781236, 19.060296304653576], [72.89432810354629, 19.060334787857357], [72.89420935605963, 19.060366482425945], [72.89408897981961, 19.060391283073162], [72.89396737470399, 19.060409107413765], [72.89384494467274, 19.060419896237075], [72.89372209642607, 19.060423613703712], [72.89359923805355, 19.060420247464627], [72.89347677767833, 19.060409808702126], [72.89335512210144, 19.060392332092725]]]}, "properties": {"OBJECTID": 3527, "NAME": "Postal Colony, Chembur", "TYPE": 1, "LOCATION": "Postal Colony, Chembur", "AWSID": "WS21198300041", "STRETCH": null, "DEPTH": null, "AFFECT_ROAD": null, "AFFECT_RAIL": null, "NO_DE_WATER_PUMP": null, "REMARKS": "Planning Stage (2025)", "FEATUREID": "FS22000000045", "EDUPDATEUSER": null, "EDUPDATETIME": null, "CREATED_USER": "DMMASTER", "CREATED_DATE": 1623741920000, "LAST_EDITED_USER": "DMMASTER@PRSRVGISDB.MUMBASE.MCGM.GOV.IN", "LAST_EDITED_DATE": 1750850365000, "HEIGHT_TO_MSL": null, "AFFECT_ELECTRIC": null, "AFFECT_HAZ_MAT": null, "WARD": "M/W", "AFFECT_AREA": null, "SUBTYPE": 3, "AFFECT_BEST_ROUTE": "2022", "AFFECTED_HUT": null, "AFFECT_POPULATION": null, "SHAPE.AREA": 174525.35245124, "SHAPE.LEN": 1481.13775690688}}, {"type": "Feature", "id": 125, "geometry": {"type": "Polygon", "coordinates": [[[72.89095030010479, 19.061905760911618], [72.89090835018277, 19.0619032514951], [72.89086706173687, 19.061895761735066], [72.89082708588323, 19.06188341108543], [72.89078905284282, 19.06186639373357], [72.890753562443, 19.061844978491795], [72.89072117566036, 19.061819501474094], [72.8906924022614, 19.06179036685805], [72.89066769623625, 19.061758032379938], [72.89064744631195, 19.061723008322875], [72.89063197227875, 19.06168584753861], [72.89062151940593, 19.06164713635072], [72.89061625193001, 19.06160748364083], [72.8906162521627, 19.061567516321837], [72.89062152069653, 19.06152786308141], [72.89063197359012, 19.06148915163984], [72.89064744639627, 19.061451990730742], [72.89066769609606, 19.061416967413358], [72.89069240222024, 19.061384633536353], [72.89072117645048, 19.061355497718267], [72.89075356361485, 19.061330021745942], [72.89078905326856, 19.061308606254656], [72.8908270854156, 19.061291588987125], [72.89086706199781, 19.061279237698827], [72.89090834976705, 19.061271748384357], [72.89095030031106, 19.06126923918359], [72.89099225007612, 19.06127174857542], [72.89103353839042, 19.061279237390377], [72.8910735141125, 19.061291588886665], [72.89111154706325, 19.06130860617097], [72.89114703740951, 19.061330021338396], [72.89117942322824, 19.061355498268757], [72.89120819760326, 19.061384632821866], [72.89123290369335, 19.061416967233495], [72.89125315371724, 19.061451991235568], [72.89126862692854, 19.061489151968935], [72.89127907993819, 19.061527864037398], [72.8912843485346, 19.061567515851312], [72.8912843484622, 19.06160748318571], [72.89127908007956, 19.06164713645972], [72.8912686273186, 19.061685847950894], [72.89125315367976, 19.061723008008492], [72.89123290404073, 19.061758032300553], [72.89120819795065, 19.061790366253568], [72.89117942466413, 19.06181950215825], [72.89114703745378, 19.06184497820128], [72.89111154676733, 19.06186639374292], [72.89107351545547, 19.061883411069203], [72.89103353874549, 19.061895761485914], [72.89099224986002, 19.061903251705903], [72.89095030010479, 19.061905760911618]]]}, "properties": {"OBJECTID": 125, "NAME": "Shell Colony Building No1 (Delete)", "TYPE": 2, "LOCATION": "Thakkar Bappa Colony Road,Opp New Everest Society,Chembur East,Mumbai,400071", "AWSID": "WS21198300041", "STRETCH": 60, "DEPTH": 1.5, "AFFECT_ROAD": null, "AFFECT_RAIL": "No", "NO_DE_WATER_PUMP": 1, "REMARKS": "Topographically low-lying area", "FEATUREID": "FS22000000005", "EDUPDATEUSER": null, "EDUPDATETIME": null, "CREATED_USER": null, "CREATED_DATE": 1506509508000, "LAST_EDITED_USER": "DMMASTER@PRSRVGISDB.MUMBASE.MCGM.GOV.IN", "LAST_EDITED_DATE": 1653506585000, "HEIGHT_TO_MSL": null, "AFFECT_ELECTRIC": "No", "AFFECT_HAZ_MAT": null, "WARD": "M/W", "AFFECT_AREA": "Chembur East", "SUBTYPE": 2, "AFFECT_BEST_ROUTE": "2022", "AFFECTED_HUT": 150, "AFFECT_POPULATION": 400, "SHAPE.AREA": 3890.384539165, "SHAPE.LEN": 221.25200510024902}}, {"type": "Feature", "id": 55, "geometry": {"type": "Polygon", "coordinates": [[[72.85265949979113, 19.085297399336174], [72.85259995309718, 19.08529383830391], [72.8525413440888, 19.085283208447574], [72.85248459882006, 19.085265678633835], [72.85243061343628, 19.085241526675933], [72.8523802362184, 19.085211131898053], [72.85233426284425, 19.085174974176567], [72.85229342036783, 19.085133623817253], [72.85225835023685, 19.085087732324375], [72.85222960554793, 19.08503802423908], [72.85220764174548, 19.08498528167539], [72.85219280434282, 19.08493033875728], [72.85218532632922, 19.084874061716604], [72.85218532642199, 19.084817337130257], [72.85219280543038, 19.084761059232203], [72.85220764261956, 19.084706117225515], [72.85222960737833, 19.08465337464357], [72.85225835069349, 19.084603667444338], [72.85229342071018, 19.084557776191023], [72.85233426464376, 19.08451642517137], [72.85238023657726, 19.084480267133415], [72.85243061375004, 19.084449872636625], [72.85248459953552, 19.08442572015101], [72.85254134534736, 19.084408191796417], [72.85259995269048, 19.084397561624282], [72.85265949968851, 19.084394001346517], [72.8527190470158, 19.084397562339557], [72.85277765478587, 19.084408192099783], [72.85283439983593, 19.084425719992854], [72.85288838597751, 19.084449872728356], [72.85293876308783, 19.084480267356046], [72.85298473453422, 19.084516424901008], [72.85302557895236, 19.084557776036753], [72.85306064921488, 19.08460366739571], [72.85308939315519, 19.084653375359288], [72.85311135722775, 19.084706116939444], [72.85312619494141, 19.084761058909343], [72.8531336742147, 19.084817336857288], [72.85313367443361, 19.084874062378375], [72.85312619574175, 19.084930339441527], [72.8531113578583, 19.084985282440776], [72.85308939427401, 19.08503802425717], [72.85306065015408, 19.085087731589873], [72.85302558019401, 19.085133623899797], [72.85298473720911, 19.085174974180205], [72.85293876423242, 19.085211132349603], [72.85288838689188, 19.08524152696966], [72.85283440088632, 19.08526567864842], [72.85277765573163, 19.085283207980442], [72.85271904712575, 19.085293838167736], [72.85265949979113, 19.085297399336174]]]}, "properties": {"OBJECTID": 55, "NAME": "Rameshwar Vidya Mandir, Vakola (Delete)", "TYPE": 2, "LOCATION": "Vakola Pipeline Road,Inside Rameshwar Vidya Mandir,Vakola,Mumbai,400029", "AWSID": "WS21000010001", "STRETCH": 50, "DEPTH": 3, "AFFECT_ROAD": null, "AFFECT_RAIL": "No", "NO_DE_WATER_PUMP": 1, "REMARKS": null, "FEATUREID": "FS21000000006", "EDUPDATEUSER": null, "EDUPDATETIME": null, "CREATED_USER": null, "CREATED_DATE": 1506592289000, "LAST_EDITED_USER": "DMMASTER@PRSRVGISDB.MUMBASE.MCGM.GOV.IN", "LAST_EDITED_DATE": 1653077121000, "HEIGHT_TO_MSL": null, "AFFECT_ELECTRIC": "No", "AFFECT_HAZ_MAT": null, "WARD": "H/E", "AFFECT_AREA": "Vakola", "SUBTYPE": null, "AFFECT_BEST_ROUTE": null, "AFFECTED_HUT": null, "AFFECT_POPULATION": null, "SHAPE.AREA": 7836.94701508, "SHAPE.LEN": 314.02513077487004}}, {"type": "Feature", "id": 515, "geometry": {"type": "Polygon", "coordinates": [[[72.85788449982262, 19.102678540195935], [72.85786799770044, 19.102677166702843], [72.85785199690075, 19.102673091975188], [72.857836984266, 19.10266643639234], [72.8578234142056, 19.10265740395952], [72.85781170127004, 19.102646268672373], [72.85780220025826, 19.102633369769084], [72.8577951987918, 19.102619098095186], [72.85779091078099, 19.102603886994654], [72.85778946803732, 19.10258819956685], [72.85779091097116, 19.102572513202706], [72.85779519927468, 19.102557301643937], [72.85780219962975, 19.102543030323723], [72.85781170123424, 19.102530131256117], [72.85782341399499, 19.102518995789044], [72.85783698386811, 19.102509963943827], [72.85785199686825, 19.10250330820308], [72.85786799808109, 19.1024992328289], [72.85788450038785, 19.102497860415454], [72.8579010015543, 19.10249923299117], [72.85791700328939, 19.102503307724184], [72.85793201590238, 19.102509964202603], [72.85794558597001, 19.102518995723827], [72.85795729890742, 19.10253013100259], [72.85796679992706, 19.102543029898598], [72.85797380140643, 19.102557301567195], [72.85797808943373, 19.102572512665045], [72.85797953219536, 19.102588200093116], [72.85797808926725, 19.10260388736356], [72.85797380098997, 19.102619098024917], [72.85796679968335, 19.102633370244746], [72.85795729903332, 19.102646269331895], [72.85794558628234, 19.102657403904207], [72.85793201640136, 19.10266643575672], [72.85791700337666, 19.10267309240588], [72.857901002159, 19.102677166879616], [72.85788449982262, 19.102678540195935]]]}, "properties": {"OBJECTID": 515, "NAME": "Subway on M C Chagala Marg, Below T2 Elevated Road", "TYPE": 1, "LOCATION": "Chakala Road, Opposite P S General Store, Andheri East, Mumbai, 400099", "AWSID": "WS16221900029", "STRETCH": 50, "DEPTH": 1.5, "AFFECT_ROAD": null, "AFFECT_RAIL": "No", "NO_DE_WATER_PUMP": 0, "REMARKS": "Monsoon 25 (2024-25)", "FEATUREID": "FS11000000026", "EDUPDATEUSER": null, "EDUPDATETIME": null, "CREATED_USER": "DMMASTER", "CREATED_DATE": 1529143829000, "LAST_EDITED_USER": "DMMASTER@PRSRVGISDB.MUMBASE.MCGM.GOV.IN", "LAST_EDITED_DATE": 1716982441000, "HEIGHT_TO_MSL": null, "AFFECT_ELECTRIC": "No", "AFFECT_HAZ_MAT": "No", "WARD": "K/E", "AFFECT_AREA": null, "SUBTYPE": 99, "AFFECT_BEST_ROUTE": "2022", "AFFECTED_HUT": null, "AFFECT_POPULATION": null, "SHAPE.AREA": 312.708961075, "SHAPE.LEN": 62.7664116835681}}, {"type": "Feature", "id": 101, "geometry": {"type": "Polygon", "coordinates": [[[72.8711965334311, 19.059944912624466], [72.87096360705007, 19.059811721507973], [72.8707500780141, 19.059651810466917], [72.87055929871252, 19.059467706781646], [72.87039430013122, 19.059262331461838], [72.87025767340188, 19.0590389021267], [72.87015156480385, 19.058800952813918], [72.87007766747278, 19.05855223993938], [72.87003713290237, 19.058296680752967], [72.8700306019948, 19.058038303111804], [72.8700581753718, 19.057781190940762], [72.87011942130435, 19.05752938496521], [72.87021337495935, 19.057286868252298], [72.8703385578978, 19.057057453530945], [72.87049298204418, 19.056844770596683], [72.87067422692084, 19.05665216965555], [72.87087943349836, 19.05648268241849], [72.87110535481115, 19.056339001013068], [72.87134843250895, 19.056223359641216], [72.87160483008624, 19.05613760993903], [72.87187051996779, 19.056083095528102], [72.87214128908153, 19.056060661115282], [72.87241288191785, 19.056070681242915], [72.87268101557056, 19.056112997233168], [72.87294145942523, 19.056186924428815], [72.87319010559814, 19.05629131442493], [72.87342303210755, 19.056424516952806], [72.87363656213793, 19.056584424818436], [72.87382733763475, 19.056768512682716], [72.87399234320266, 19.056973899656676], [72.87412897680544, 19.05719731759296], [72.87423508302433, 19.05743525960018], [72.8743089845465, 19.057683969561953], [72.87434952945105, 19.057939533908876], [72.87435607088332, 19.058197912093178], [72.87432850298075, 19.05845502552265], [72.87426725228548, 19.058706836046948], [72.87417330794264, 19.058949362566715], [72.87404814076534, 19.059178771334544], [72.87389370796345, 19.059391452792052], [72.87371246219865, 19.059584056907166], [72.8735072530676, 19.059753546240472], [72.87328133800457, 19.059897234917557], [72.87303825671427, 19.060012876610475], [72.87278184588521, 19.06009862767832], [72.87251615242059, 19.060153146433635], [72.87224537288218, 19.060175573478165], [72.87197376960796, 19.06016555331843], [72.87170563362277, 19.060123236647694], [72.87144518172454, 19.060049304448512], [72.8711965334311, 19.059944912624466]]]}, "properties": {"OBJECTID": 101, "NAME": "Pant Walwalkar School", "TYPE": 2, "LOCATION": "LBS Road,Next to Moon Furniture,Kurla West,Mumbai,400070", "AWSID": "WS19196800038", "STRETCH": 50, "DEPTH": 2, "AFFECT_ROAD": null, "AFFECT_RAIL": "No", "NO_DE_WATER_PUMP": 1, "REMARKS": "Planning Stage (2025)", "FEATUREID": "FS15000000017", "EDUPDATEUSER": null, "EDUPDATETIME": null, "CREATED_USER": null, "CREATED_DATE": 1506429884000, "LAST_EDITED_USER": "DMMASTER@PRSRVGISDB.MUMBASE.MCGM.GOV.IN", "LAST_EDITED_DATE": 1750856160000, "HEIGHT_TO_MSL": null, "AFFECT_ELECTRIC": "No", "AFFECT_HAZ_MAT": null, "WARD": "L", "AFFECT_AREA": "Kurla West ", "SUBTYPE": null, "AFFECT_BEST_ROUTE": null, "AFFECTED_HUT": null, "AFFECT_POPULATION": null, "SHAPE.AREA": 162684.663044465, "SHAPE.LEN": 1430.75165177816}}, {"type": "Feature", "id": 2084, "geometry": {"type": "Polygon", "coordinates": [[[72.8679680850914, 19.11225698465571], [72.86796784660372, 19.11225696070568], [72.86796761589808, 19.112256895706555], [72.86796739998437, 19.1122567916333], [72.86796720542299, 19.112256651648128], [72.8679670381256, 19.112256480004415], [72.86796690317546, 19.11225628191747], [72.86796680467295, 19.112256063406065], [72.86796674561103, 19.112255831109557], [72.86796672778425, 19.11225559208616], [72.86796675173427, 19.112255353598478], [72.8679668167334, 19.11225512289284], [72.86796692080665, 19.112254906979118], [72.86796706079183, 19.112254712417737], [72.86796723243555, 19.112254545120358], [72.86796743052248, 19.112254410170216], [72.86796764903389, 19.112254311667705], [72.8679678813304, 19.11225425260578], [72.8679681203538, 19.112254234779], [72.86796835884148, 19.11225425872903], [72.86796858954712, 19.112254323728155], [72.86796880546083, 19.11225442780141], [72.86796900002221, 19.112254567786582], [72.8679691673196, 19.112254739430295], [72.86796930226974, 19.11225493751724], [72.86796940077225, 19.112255156028645], [72.86796945983417, 19.112255388325153], [72.86796947766095, 19.11225562734855], [72.86796945371093, 19.112255865836232], [72.8679693887118, 19.11225609654187], [72.86796928463855, 19.112256312455592], [72.86796914465337, 19.112256507016973], [72.86796897300965, 19.112256674314352], [72.86796877492272, 19.112256809264494], [72.86796855641131, 19.112256907767005], [72.8679683241148, 19.11225696682893], [72.8679680850914, 19.11225698465571]]]}, "properties": {"OBJECTID": 2084, "NAME": "Kohinoor junction, Near J.B. Nagar (Delete)", "TYPE": 2, "LOCATION": " KohinoorJunction ,Andheri - Kurla Rd, J B Nagar, Andheri East, Mumbai, Maharashtra 400059", "AWSID": "WS19247700031", "STRETCH": null, "DEPTH": null, "AFFECT_ROAD": null, "AFFECT_RAIL": null, "NO_DE_WATER_PUMP": null, "REMARKS": "Already Tackled (2024-25)", "FEATUREID": "FS11000000033", "EDUPDATEUSER": null, "EDUPDATETIME": null, "CREATED_USER": "DMMASTER", "CREATED_DATE": 1623645191000, "LAST_EDITED_USER": "DMMASTER@PRSRVGISDB.MUMBASE.MCGM.GOV.IN", "LAST_EDITED_DATE": 1714129733000, "HEIGHT_TO_MSL": null, "AFFECT_ELECTRIC": null, "AFFECT_HAZ_MAT": null, "WARD": "K/E", "AFFECT_AREA": null, "SUBTYPE": 2, "AFFECT_BEST_ROUTE": "2022", "AFFECTED_HUT": null, "AFFECT_POPULATION": null, "SHAPE.AREA": 0.07244465, "SHAPE.LEN": 0.955346233873517}}, {"type": "Feature", "id": 458, "geometry": {"type": "Polygon", "coordinates": [[[72.87191787158143, 19.070962893445017], [72.87190137328693, 19.070961520608034], [72.87188537501346, 19.070957444640936], [72.8718703653693, 19.070950790415985], [72.8718567978102, 19.070941757370992], [72.8718450868051, 19.070930622174817], [72.8718355871354, 19.07091772313282], [72.87182858831085, 19.070903451089574], [72.87182430138702, 19.07088824024402], [72.87182285821154, 19.07087255278515], [72.87182430113714, 19.070856866127425], [72.87182858800176, 19.070841654903024], [72.87183558653332, 19.070827382767693], [72.87184508694024, 19.07081448357769], [72.8718567982735, 19.070803348701908], [72.87187036471269, 19.070794316370854], [72.87188537520315, 19.070787660948717], [72.87190137305825, 19.070783584914782], [72.87191787218775, 19.070782212728037], [72.87193437142635, 19.070783584669673], [72.87195036873537, 19.07078766062011], [72.87196537930775, 19.070794315751627], [72.8719789459126, 19.070803348777215], [72.8719906569195, 19.070814483965005], [72.87200015659705, 19.070827382999752], [72.87200715638437, 19.070841655048653], [72.8720114433246, 19.070856865891525], [72.87201288556817, 19.070872553339694], [72.87201144265988, 19.070888240000578], [72.87200715580987, 19.07090345123068], [72.87200015728841, 19.07091772337353], [72.87199065689741, 19.070930621668857], [72.87197894556235, 19.07094175655301], [72.87196537910378, 19.070950789794463], [72.87195036860042, 19.07095744522191], [72.87193437072888, 19.070961521258525], [72.87191787158143, 19.070962893445017]]]}, "properties": {"OBJECTID": 458, "NAME": "BKC Metro piller (Delete)", "TYPE": 2, "LOCATION": "BKC Road, Near Telephone Exchange, Kurla West, Mumbai, 400072", "AWSID": "WS19207400037", "STRETCH": 100, "DEPTH": 1, "AFFECT_ROAD": null, "AFFECT_RAIL": "No", "NO_DE_WATER_PUMP": 0, "REMARKS": null, "FEATUREID": "FS21000000048", "EDUPDATEUSER": null, "EDUPDATETIME": null, "CREATED_USER": "DMMASTER", "CREATED_DATE": 1529143829000, "LAST_EDITED_USER": "DMMASTER@PRSRVGISDB.MUMBASE.MCGM.GOV.IN", "LAST_EDITED_DATE": 1653383220000, "HEIGHT_TO_MSL": null, "AFFECT_ELECTRIC": "No", "AFFECT_HAZ_MAT": "No", "WARD": "H/E", "AFFECT_AREA": "BKC Metro Piller Chouk", "SUBTYPE": null, "AFFECT_BEST_ROUTE": null, "AFFECTED_HUT": null, "AFFECT_POPULATION": null, "SHAPE.AREA": 312.704373975, "SHAPE.LEN": 62.765951290226795}}, {"type": "Feature", "id": 453, "geometry": {"type": "Polygon", "coordinates": [[[72.87175554807229, 19.07855932386598], [72.87173904808468, 19.07855795093164], [72.87172305004503, 19.078553875797237], [72.87170803881813, 19.078547220584237], [72.87169447068271, 19.07853818837813], [72.87168276015967, 19.07852705314034], [72.87167325918323, 19.078514154048047], [72.8716662601238, 19.078499881979933], [72.8716619730941, 19.078484671124706], [72.87166052899512, 19.078468983660695], [72.87166197302842, 19.07845329703512], [72.87166626017758, 19.078438085846543], [72.87167326006153, 19.078423813771625], [72.87168276002687, 19.078410914632162], [72.87169447100887, 19.078399779817154], [72.87170803908029, 19.07839074667373], [72.87172305028177, 19.07838409224012], [72.87173904792783, 19.078380017186777], [72.87175554782819, 19.07837864418566], [72.87177204779849, 19.078380017116817], [72.87178804582354, 19.07838409224554], [72.87180305704034, 19.078390747451017], [72.87181662517135, 19.078399779648667], [72.87182833569621, 19.07841091487807], [72.87183783573059, 19.07842381395214], [72.87184483575284, 19.078438086025912], [72.87184912279895, 19.078453296878457], [72.87185056691591, 19.078468984342738], [72.8718491228999, 19.078484670971484], [72.87184483576537, 19.078499882165744], [72.87183783684142, 19.07851415425916], [72.87182833593057, 19.0785270533961], [72.87181662494676, 19.078538188219472], [72.8718030568675, 19.07854722137018], [72.87178804565309, 19.078553875809096], [72.87177204799062, 19.07855795086513], [72.87175554807229, 19.07855932386598]]]}, "properties": {"OBJECTID": 453, "NAME": "Behind sent Merry Church (Delete)", "TYPE": 2, "LOCATION": "Kalina Shatri Nagar Road, Near Radhakrushna Temple, Kalina, Santacruz East, Mumbai, 400029", "AWSID": "WS19207400037", "STRETCH": 100, "DEPTH": 3, "AFFECT_ROAD": "Shatri Nagar Road", "AFFECT_RAIL": "No", "NO_DE_WATER_PUMP": 0, "REMARKS": null, "FEATUREID": "FS21000000043", "EDUPDATEUSER": null, "EDUPDATETIME": null, "CREATED_USER": "DMMASTER", "CREATED_DATE": 1529143829000, "LAST_EDITED_USER": "DMMASTER@PRSRVGISDB.MUMBASE.MCGM.GOV.IN", "LAST_EDITED_DATE": 1653383200000, "HEIGHT_TO_MSL": null, "AFFECT_ELECTRIC": "No", "AFFECT_HAZ_MAT": "No", "WARD": "H/E", "AFFECT_AREA": "Shastri Nagar", "SUBTYPE": null, "AFFECT_BEST_ROUTE": null, "AFFECTED_HUT": 200, "AFFECT_POPULATION": 600, "SHAPE.AREA": 312.70295972, "SHAPE.LEN": 62.765809353363494}}, {"type": "Feature", "id": 575, "geometry": {"type": "Polygon", "coordinates": [[[72.87606358752814, 19.0765164682486], [72.87604708767583, 19.076515094813047], [72.87603108968158, 19.076511020060877], [72.87601607937015, 19.076504365209786], [72.87600251208299, 19.07649533242054], [72.87599080042159, 19.076484197429497], [72.87598130014852, 19.076471297643565], [72.8759743007693, 19.07645702570878], [72.87597001431769, 19.076441814928646], [72.87596857074455, 19.076426128371633], [72.87597001434867, 19.07641044076485], [72.87597430103074, 19.07639523033274], [72.8759813014081, 19.076380958057953], [72.87599079998, 19.076368058639012], [72.87600251243309, 19.07635692443092], [72.87601607917645, 19.07634789091848], [72.8760310900504, 19.076341236097768], [72.87604708837932, 19.076337160651033], [72.87606358806971, 19.076335788143705], [72.87608008791621, 19.076337160672963], [72.87609608588437, 19.07634123632258], [72.87611109713558, 19.076347891177075], [72.87612466441831, 19.07635692395788], [72.87613637608156, 19.076368058940556], [72.87614587542407, 19.076380957805114], [72.8761528748162, 19.076395229734597], [72.87615716222261, 19.07641044142616], [72.87615860486382, 19.076426127972457], [72.87615716223841, 19.076441814690227], [72.87615287460953, 19.076457026020215], [72.87614587614208, 19.07647129832442], [72.87613637568631, 19.076484196826794], [72.8761246641698, 19.076495331957332], [72.8761110974301, 19.076504364573918], [72.87609608558182, 19.07651102029209], [72.87608008819792, 19.076515094849324], [72.87606358752814, 19.0765164682486]]]}, "properties": {"OBJECTID": 575, "NAME": "Kurla Depot Junction (Delete)", "TYPE": 1, "LOCATION": "BKC Road, Kanakia Zillion, Kurla West, Mumbai, 400072", "AWSID": "WS19207400037", "STRETCH": 40, "DEPTH": 1, "AFFECT_ROAD": null, "AFFECT_RAIL": "No", "NO_DE_WATER_PUMP": 0, "REMARKS": null, "FEATUREID": "FS15000000038", "EDUPDATEUSER": null, "EDUPDATETIME": null, "CREATED_USER": "DMMASTER", "CREATED_DATE": 1529143829000, "LAST_EDITED_USER": "DMMASTER@PRSRVGISDB.MUMBASE.MCGM.GOV.IN", "LAST_EDITED_DATE": 1653506461000, "HEIGHT_TO_MSL": null, "AFFECT_ELECTRIC": "No", "AFFECT_HAZ_MAT": "No", "WARD": "L", "AFFECT_AREA": null, "SUBTYPE": 2, "AFFECT_BEST_ROUTE": "2022", "AFFECTED_HUT": null, "AFFECT_POPULATION": null, "SHAPE.AREA": 312.70221242, "SHAPE.LEN": 62.76573436880769}}, {"type": "Feature", "id": 2897, "geometry": {"type": "Polygon", "coordinates": [[[72.87923948171645, 19.07481487671392], [72.87923518593668, 19.07481444572342], [72.87923103026016, 19.0748132753263], [72.87922714095504, 19.074811401084492], [72.87922363619587, 19.07480887994588], [72.879220622473, 19.074805788513988], [72.87921819135687, 19.074802220720407], [72.8792164167157, 19.07479828497074], [72.87921535247108, 19.074794100850752], [72.87921503095954, 19.07478979549281], [72.87921546195004, 19.074785499713034], [72.87921663234717, 19.07478134403652], [72.87921850658897, 19.074777454731397], [72.87922102772758, 19.074773949972233], [72.87922411915947, 19.07477093624936], [72.87922768695306, 19.074768505133225], [72.87923162270272, 19.074766730492062], [72.8792358068227, 19.07476566624744], [72.87924011218065, 19.074765344735898], [72.87924440796043, 19.074765775726398], [72.87924856363695, 19.074766946123518], [72.87925245294207, 19.074768820365325], [72.87925595770123, 19.074771341503936], [72.87925897142411, 19.07477443293583], [72.87926140254024, 19.07477800072941], [72.8792631771814, 19.074781936479077], [72.87926424142603, 19.074786120599065], [72.87926456293756, 19.07479042595701], [72.87926413194707, 19.074794721736783], [72.87926296154994, 19.074798877413297], [72.87926108730814, 19.07480276671842], [72.87925856616953, 19.074806271477584], [72.87925547473763, 19.074809285200455], [72.87925190694405, 19.074811716316592], [72.87924797119439, 19.074813490957755], [72.8792437870744, 19.074814555202376], [72.87923948171645, 19.07481487671392]]]}, "properties": {"OBJECTID": 2897, "NAME": "Kurla Depot Junction, Kurla (w) (Delete)", "TYPE": 2, "LOCATION": "Kurla Depot Junction, Kurla (w)", "AWSID": "WS19207400037", "STRETCH": null, "DEPTH": null, "AFFECT_ROAD": null, "AFFECT_RAIL": null, "NO_DE_WATER_PUMP": null, "REMARKS": null, "FEATUREID": "FS15000000053", "EDUPDATEUSER": null, "EDUPDATETIME": null, "CREATED_USER": "DMMASTER", "CREATED_DATE": 1623702606000, "LAST_EDITED_USER": "DMMASTER@PRSRVGISDB.MUMBASE.MCGM.GOV.IN", "LAST_EDITED_DATE": 1653246766000, "HEIGHT_TO_MSL": null, "AFFECT_ELECTRIC": null, "AFFECT_HAZ_MAT": null, "WARD": "L", "AFFECT_AREA": null, "SUBTYPE": 2, "AFFECT_BEST_ROUTE": "<Null>", "AFFECTED_HUT": null, "AFFECT_POPULATION": null, "SHAPE.AREA": 23.50411832, "SHAPE.LEN": 17.2079494703354}}, {"type": "Feature", "id": 16, "geometry": {"type": "Polygon", "coordinates": [[[72.88194944146161, 19.069934555821238], [72.88172064101322, 19.069817411849492], [72.881509089596, 19.06967392407154], [72.88131811963179, 19.06950635199524], [72.88115074596719, 19.06931734711592], [72.88100960124025, 19.06910988080977], [72.88089692267727, 19.068887236950882], [72.880814476331, 19.068652918902107], [72.88076356787015, 19.068410623440787], [72.88074500262933, 19.068164170745], [72.88075907203822, 19.067917451846718], [72.88080554126512, 19.067674355324886], [72.88088370408163, 19.06743871193463], [72.88099230567391, 19.067214239526578], [72.88112963378286, 19.067004473642907], [72.88129352856498, 19.066812739633942], [72.88148140017874, 19.066642039956328], [72.88169030740494, 19.066495072244013], [72.88191692608505, 19.066374171141586], [72.8821576937027, 19.066281218739473], [72.88240882579655, 19.066217698059724], [72.88266634179523, 19.066184603028375], [72.8829261863916, 19.066182455227082], [72.88318427626902, 19.066211289074374], [72.88343652088335, 19.066270660193005], [72.88367895586606, 19.066359612614992], [72.88390775248838, 19.066476755665146], [72.88411930347223, 19.066620238746925], [72.88431027070476, 19.066787808791297], [72.88447765549006, 19.066976813767436], [72.88461879669377, 19.06718427401482], [72.88473147860498, 19.067406916896875], [72.88481393023116, 19.067641232791434], [72.88486484456544, 19.06788352950476], [72.88488341692138, 19.068129981485658], [72.88486935354838, 19.0683767003786], [72.88482288887684, 19.068619799354305], [72.88474474017525, 19.06885544859394], [72.8846361326565, 19.069079918937195], [72.884498810574, 19.069289681373622], [72.88433491253265, 19.069481426391896], [72.88414704098035, 19.06965212801155], [72.88393813431978, 19.069799090194365], [72.88371150896275, 19.06992000152868], [72.88347073555686, 19.070012956395445], [72.8832196063504, 19.070076480792615], [72.88296208427883, 19.070109576013927], [72.88270222503068, 19.07011172046583], [72.88244414079244, 19.07008288099419], [72.88219188810695, 19.070023515208625], [72.88194944146161, 19.069934555821238]]]}, "properties": {"OBJECTID": 16, "NAME": "Bramhanwadi Pumpping", "TYPE": 2, "LOCATION": "Bhagini Mandal,Maheshwar Patankar Road,In Front of Little Leaders per School,Bramhanwadi, Kurla,Mumbai,400070", "AWSID": "WS19196800038", "STRETCH": 100, "DEPTH": 2, "AFFECT_ROAD": null, "AFFECT_RAIL": "No", "NO_DE_WATER_PUMP": 1, "REMARKS": "Planning Stage (2025)", "FEATUREID": "FS15000000007", "EDUPDATEUSER": null, "EDUPDATETIME": null, "CREATED_USER": null, "CREATED_DATE": 1506429884000, "LAST_EDITED_USER": "DMMASTER@PRSRVGISDB.MUMBASE.MCGM.GOV.IN", "LAST_EDITED_DATE": 1750850337000, "HEIGHT_TO_MSL": null, "AFFECT_ELECTRIC": "No", "AFFECT_HAZ_MAT": null, "WARD": "L", "AFFECT_AREA": "Bramhanwadi, Kurla ", "SUBTYPE": null, "AFFECT_BEST_ROUTE": null, "AFFECTED_HUT": 70, "AFFECT_POPULATION": 150, "SHAPE.AREA": 148685.35003811, "SHAPE.LEN": 1367.8076857211}}, {"type": "Feature", "id": 579, "geometry": {"type": "Polygon", "coordinates": [[[72.88144619975687, 19.07505444044334], [72.8814297008906, 19.075053068413595], [72.88141370192432, 19.075048992312066], [72.88139869243776, 19.075042336998454], [72.88138512398841, 19.07503330367363], [72.88137341297262, 19.07502216900931], [72.88136391326253, 19.075009270380946], [72.88135691440941, 19.07499499771775], [72.88135262652607, 19.07497978700582], [72.88135118338907, 19.074964100451815], [72.88135262741294, 19.074948412761167], [72.8813569135647, 19.074933202150337], [72.8813639134276, 19.074918929618285], [72.88137341340489, 19.07490603079641], [72.88138512542128, 19.0748948961996], [72.88139869177587, 19.074885863152687], [72.88141370234351, 19.07487920785873], [72.8814297013962, 19.07487513192839], [72.88144619998624, 19.07487375981252], [72.8814626988352, 19.074875131839093], [72.88147869778685, 19.074879207934938], [72.88149370821318, 19.074885863251964], [72.88150727476983, 19.07489489564334], [72.88151898672584, 19.074906031213366], [72.88152848739367, 19.074918929845353], [72.88153548627116, 19.074933201600118], [72.88153977320955, 19.07494841320159], [72.88154121731439, 19.074964099766763], [72.88153977331932, 19.074979786557417], [72.88153548622078, 19.074994998066146], [72.88152848732936, 19.075009269713497], [72.88151898734503, 19.075022169446992], [72.8815072762767, 19.075033304063087], [72.88149370801449, 19.07504233709542], [72.88147869838386, 19.075048992405616], [72.88146269931472, 19.07505306833864], [72.88144619975687, 19.07505444044334]]]}, "properties": {"OBJECTID": 579, "NAME": "Sabhashchandra Chawl, Masrani Estate, Kurla West (Delete)", "TYPE": 2, "LOCATION": "Masrani Estate, Near Sai Baba Mandir, Kurla West, Mumbai, 400070", "AWSID": "WS19207400037", "STRETCH": 40, "DEPTH": 1, "AFFECT_ROAD": null, "AFFECT_RAIL": "No", "NO_DE_WATER_PUMP": 0, "REMARKS": null, "FEATUREID": "FS15000000042", "EDUPDATEUSER": null, "EDUPDATETIME": null, "CREATED_USER": "DMMASTER", "CREATED_DATE": 1529143829000, "LAST_EDITED_USER": "DMMASTER@PRSRVGISDB.MUMBASE.MCGM.GOV.IN", "LAST_EDITED_DATE": 1653391021000, "HEIGHT_TO_MSL": null, "AFFECT_ELECTRIC": "No", "AFFECT_HAZ_MAT": "No", "WARD": "L", "AFFECT_AREA": null, "SUBTYPE": null, "AFFECT_BEST_ROUTE": null, "AFFECTED_HUT": null, "AFFECT_POPULATION": null, "SHAPE.AREA": 312.70140714499996, "SHAPE.LEN": 62.7656535381781}}, {"type": "Feature", "id": 18, "geometry": {"type": "Polygon", "coordinates": [[[72.8817463002236, 19.07755480418347], [72.88171575570047, 19.07755297715208], [72.88168569335221, 19.077547524504222], [72.88165658710099, 19.077538532982327], [72.8816288949811, 19.07752614334277], [72.88160305530472, 19.07751055302159], [72.88157947445077, 19.07749200515478], [72.88155852394642, 19.077470793964274], [72.88154053586666, 19.077447252962532], [72.88152579143548, 19.077421754821362], [72.88151452496346, 19.077394700577866], [72.88150691438314, 19.077366516815786], [72.88150307849138, 19.077337648407607], [72.88150307800274, 19.07730855039714], [72.88150691466865, 19.077279682569806], [72.88151452570446, 19.077251499452608], [72.88152579145776, 19.077224444982587], [72.88154053547741, 19.07719894708816], [72.88155852466294, 19.07717540594823], [72.88157947400263, 19.077154194950108], [72.88160305529512, 19.07713564724069], [72.8816288952493, 19.077120055704714], [72.88165658696389, 19.077107666773877], [72.88168569379555, 19.07709867505171], [72.88171575600829, 19.077093223390104], [72.88174629941436, 19.077091395762434], [72.88177684385423, 19.077093222780697], [72.8818069061266, 19.07709867540629], [72.8818360123141, 19.077107666898183], [72.88186370438643, 19.077120056501887], [72.88188954402295, 19.077135647686745], [72.88191312581935, 19.0771541955239], [72.88193407539923, 19.077175405761185], [72.88195206446339, 19.07719894673858], [72.88196680799751, 19.077224444839693], [72.88197807453743, 19.077251499061965], [72.88198568519643, 19.077279682812097], [72.8819895211727, 19.077308551218344], [72.88198952174636, 19.077337649237013], [72.88198568611057, 19.077366517093086], [72.88197807514511, 19.077394700236642], [72.88196680849798, 19.077421754728917], [72.8819520645166, 19.07744725266132], [72.88193407629905, 19.077470793852502], [72.88191312600615, 19.07749200487987], [72.88188954468927, 19.077510552626787], [72.88186370470252, 19.0775261432921], [72.88183601291563, 19.077538533151472], [72.8818069060101, 19.07754752489034], [72.88177684371512, 19.07755297655896], [72.8817463002236, 19.07755480418347]]]}, "properties": {"OBJECTID": 18, "NAME": "inside Amar Jyoth Building (Delete)", "TYPE": 2, "LOCATION": "Amar Jyoth Building,Pipe Road,Inside Amar Jyoth Building,Kurla West,Mumbai,400070", "AWSID": "WS19207400037", "STRETCH": 50, "DEPTH": 2, "AFFECT_ROAD": null, "AFFECT_RAIL": "No", "NO_DE_WATER_PUMP": 1, "REMARKS": null, "FEATUREID": "FS15000000009", "EDUPDATEUSER": null, "EDUPDATETIME": null, "CREATED_USER": null, "CREATED_DATE": 1506429884000, "LAST_EDITED_USER": "DMMASTER@PRSRVGISDB.MUMBASE.MCGM.GOV.IN", "LAST_EDITED_DATE": 1653246498000, "HEIGHT_TO_MSL": null, "AFFECT_ELECTRIC": "No", "AFFECT_HAZ_MAT": null, "WARD": "L", "AFFECT_AREA": "Kurla West ", "SUBTYPE": null, "AFFECT_BEST_ROUTE": null, "AFFECTED_HUT": null, "AFFECT_POPULATION": null, "SHAPE.AREA": 2062.0541156450004, "SHAPE.LEN": 161.079761962751}}, {"type": "Feature", "id": 6756, "geometry": {"type": "Polygon", "coordinates": [[[72.8863520218792, 19.066858522370833], [72.88633149738963, 19.066856464177857], [72.88631164211462, 19.06685087321324], [72.88629305934668, 19.06684191935562], [72.8862763137138, 19.06682987466343], [72.88626191402355, 19.066815105108542], [72.88625029780324, 19.06679805945641], [72.88624181800586, 19.066779255630546], [72.88623673228575, 19.066759264975687], [72.88623519516993, 19.066738694897765], [72.8862372533629, 19.066718170408187], [72.88624284432753, 19.066698315133184], [72.88625179818514, 19.06667973236524], [72.88626384287734, 19.066662986732354], [72.88627861243222, 19.06664858704211], [72.88629565808436, 19.066636970821808], [72.88631446191022, 19.06662849102442], [72.88633445256508, 19.066623405304306], [72.886355022643, 19.066621868188495], [72.88637554713257, 19.06662392638147], [72.88639540240759, 19.066629517346087], [72.88641398517552, 19.066638471203706], [72.88643073080841, 19.066650515895898], [72.88644513049866, 19.066665285450785], [72.88645674671896, 19.066682331102918], [72.88646522651635, 19.06670113492878], [72.88647031223645, 19.06672112558364], [72.88647184935228, 19.066741695661563], [72.8864697911593, 19.06676222015114], [72.88646420019468, 19.066782075426143], [72.88645524633706, 19.066800658194087], [72.88644320164487, 19.066817403826974], [72.88642843208999, 19.066831803517218], [72.88641138643784, 19.06684341973752], [72.88639258261199, 19.066851899534907], [72.88637259195713, 19.066856985255022], [72.8863520218792, 19.066858522370833]]]}, "properties": {"OBJECTID": 6756, "NAME": "Shell Colony Road, Nr Tilak Nagar Station ", "TYPE": 2, "LOCATION": "Shell Colony Road, Nr Tilak Nagar Station ", "AWSID": null, "STRETCH": null, "DEPTH": null, "AFFECT_ROAD": null, "AFFECT_RAIL": null, "NO_DE_WATER_PUMP": null, "REMARKS": "Already Tackled (2024-25)", "FEATUREID": "FS15000000054", "EDUPDATEUSER": null, "EDUPDATETIME": null, "CREATED_USER": "DMMASTER@PRSRVGISDB.MUMBASE.MCGM.GOV.IN", "CREATED_DATE": 1689779542000, "LAST_EDITED_USER": "DMMASTER@PRSRVGISDB.MUMBASE.MCGM.GOV.IN", "LAST_EDITED_DATE": 1714072114000, "HEIGHT_TO_MSL": null, "AFFECT_ELECTRIC": null, "AFFECT_HAZ_MAT": null, "WARD": "L", "AFFECT_AREA": null, "SUBTYPE": null, "AFFECT_BEST_ROUTE": null, "AFFECTED_HUT": null, "AFFECT_POPULATION": null, "SHAPE.AREA": 536.53419916, "SHAPE.LEN": 82.2159050646127}}, {"type": "Feature", "id": 123, "geometry": {"type": "Polygon", "coordinates": [[[72.89118099976345, 19.06528422492695], [72.89115534593162, 19.065282690428187], [72.89113009637262, 19.065278110181495], [72.89110564915381, 19.06527055738895], [72.89108239131136, 19.065260151193815], [72.89106068747489, 19.06524705474382], [72.89104088176711, 19.065231475212837], [72.89102328552433, 19.065213658240754], [72.89100817638092, 19.065193885213077], [72.89099579263883, 19.06517246777685], [72.8909863304866, 19.065149742389174], [72.89097993831186, 19.065126069348707], [72.89097671591149, 19.065101820140864], [72.8909767163686, 19.065077379265748], [72.89097993767535, 19.06505313059316], [72.89098633033197, 19.06502945744955], [72.89099579272312, 19.06500673262916], [72.89100817686293, 19.06498531484651], [72.89102328563683, 19.064965541478816], [72.89104088235722, 19.064947724158884], [72.89106068795957, 19.064932145129966], [72.89108239155364, 19.06491904923704], [72.89110564948497, 19.064908643012814], [72.8911300968014, 19.064901089389252], [72.89115534628041, 19.064896509493078], [72.89118099991849, 19.064894975550878], [72.89120665465286, 19.06489650914815], [72.89123190414693, 19.064901090282298], [72.89125635038239, 19.064908642139688], [72.89127960912973, 19.064919049223562], [72.89130131294615, 19.06493214564575], [72.8913211186601, 19.064947724244984], [72.89133871396285, 19.06496554117862], [72.89135382406897, 19.06498531509543], [72.89136620689845, 19.06500673250021], [72.8913756700598, 19.065029456980643], [72.89138206227857, 19.065053130915793], [72.89138528380009, 19.06507737920825], [72.89138528434135, 19.065101821003157], [72.89138206310257, 19.065126068785155], [72.89137566953431, 19.065149742839573], [72.89136620718271, 19.06517246768337], [72.89135382401973, 19.065193885503618], [72.89133871527002, 19.065213657996598], [72.89132111854735, 19.065231475344877], [72.89130131291638, 19.065247055303363], [72.89127960929127, 19.065260151219203], [72.89125635131708, 19.065270557461332], [72.89123190396002, 19.065278110193542], [72.89120665442302, 19.06528269009469], [72.89118099976345, 19.06528422492695]]]}, "properties": {"OBJECTID": 123, "NAME": "Tilak Nagar Railway Station East (Delete)", "TYPE": 2, "LOCATION": "Sahakar Nagar Road,In Fornt of Tilak Nagar Railway Station East,Chembur East,Mumbai,400071", "AWSID": "WS21198300041", "STRETCH": 50, "DEPTH": 1.5, "AFFECT_ROAD": null, "AFFECT_RAIL": "No", "NO_DE_WATER_PUMP": 1, "REMARKS": null, "FEATUREID": "FS22000000003", "EDUPDATEUSER": null, "EDUPDATETIME": null, "CREATED_USER": null, "CREATED_DATE": 1506509507000, "LAST_EDITED_USER": "DMMASTER@PRSRVGISDB.MUMBASE.MCGM.GOV.IN", "LAST_EDITED_DATE": 1653391482000, "HEIGHT_TO_MSL": null, "AFFECT_ELECTRIC": "No", "AFFECT_HAZ_MAT": null, "WARD": "M/W", "AFFECT_AREA": "Chembur East", "SUBTYPE": null, "AFFECT_BEST_ROUTE": null, "AFFECTED_HUT": 400, "AFFECT_POPULATION": 780, "SHAPE.AREA": 1454.86835536, "SHAPE.LEN": 135.30155838548902}}, {"type": "Feature", "id": 580, "geometry": {"type": "Polygon", "coordinates": [[[72.89222960032454, 19.068602640351763], [72.89221310096165, 19.068601268426047], [72.89219710414584, 19.068597192411364], [72.89218209375028, 19.068590537072616], [72.89216852703086, 19.068581503649142], [72.89215681564018, 19.06857036873427], [72.89214731631161, 19.068557469716392], [72.89214031669138, 19.068543198293877], [72.8921360307606, 19.068527986873622], [72.8921345865899, 19.068512300301432], [72.89213603137446, 19.068496613337654], [72.89214031728892, 19.068481402365997], [72.89214731592966, 19.068467130202855], [72.89215681565942, 19.068454230711346], [72.89216852746648, 19.06844309622248], [72.89218209369623, 19.068434063182494], [72.89219710425589, 19.068427407821904], [72.89221310059658, 19.06842333174857], [72.89222960043264, 19.0684219604238], [72.89224609882834, 19.068423332335513], [72.89226209562956, 19.068427408344522], [72.89227710602641, 19.068434062772596], [72.89229067274141, 19.068443096187632], [72.89230238413391, 19.06845423109412], [72.89231188442015, 19.068467130115604], [72.892318883092, 19.068481402425096], [72.89232316905061, 19.0684966129395], [72.89232461322783, 19.068512300415097], [72.89232316941045, 19.068527987392862], [72.8923188825607, 19.068543198359354], [72.89231188394152, 19.068557469626867], [72.89230238421618, 19.06857036912681], [72.89229067335715, 19.06858150363491], [72.89227710616971, 19.068590536671316], [72.89226209559719, 19.068597192037203], [72.8922460992401, 19.06860126811323], [72.89222960032454, 19.068602640351763]]]}, "properties": {"OBJECTID": 580, "NAME": "Kurla Terminal, Milan Park, 2, Vidyavihar (Delete)", "TYPE": 2, "LOCATION": "Minal Park, 2 Road, Near Kurla Terminal, Kurla West, Mumbai, 400070", "AWSID": "WS19196800038", "STRETCH": 60, "DEPTH": 2, "AFFECT_ROAD": null, "AFFECT_RAIL": "No", "NO_DE_WATER_PUMP": 0, "REMARKS": null, "FEATUREID": "FS15000000043", "EDUPDATEUSER": null, "EDUPDATETIME": null, "CREATED_USER": "DMMASTER", "CREATED_DATE": 1529143829000, "LAST_EDITED_USER": "DMMASTER@PRSRVGISDB.MUMBASE.MCGM.GOV.IN", "LAST_EDITED_DATE": 1653391026000, "HEIGHT_TO_MSL": null, "AFFECT_ELECTRIC": "No", "AFFECT_HAZ_MAT": "No", "WARD": "L", "AFFECT_AREA": null, "SUBTYPE": null, "AFFECT_BEST_ROUTE": null, "AFFECTED_HUT": null, "AFFECT_POPULATION": null, "SHAPE.AREA": 312.696495715, "SHAPE.LEN": 62.76516064063719}}, {"type": "Feature", "id": 2565, "geometry": {"type": "Polygon", "coordinates": [[[72.8494946498316, 19.10348895377727], [72.84949459940987, 19.103488948708353], [72.84949455063438, 19.1034889349608], [72.84949450498712, 19.103488912952333], [72.84949446385508, 19.10348888335166], [72.84949442848804, 19.10348884705818], [72.84949439996059, 19.103488805174663], [72.84949437913954, 19.103488758973707], [72.84949436665752, 19.10348870985911], [72.8494943628938, 19.103488659323197], [72.8494943679627, 19.103488608901472], [72.84949438171026, 19.103488560125975], [72.84949440371872, 19.103488514478723], [72.8494944333194, 19.103488473346683], [72.84949446961288, 19.10348843797964], [72.8494945114964, 19.103488409452194], [72.84949455769735, 19.103488388631142], [72.84949460681194, 19.10348837614912], [72.84949465734786, 19.10348837238539], [72.8494947077696, 19.103488377454305], [72.84949475654508, 19.103488391201857], [72.84949480219234, 19.103488413210325], [72.84949484332438, 19.103488442811], [72.84949487869142, 19.103488479104477], [72.84949490721887, 19.103488520987995], [72.84949492803992, 19.10348856718895], [72.84949494052194, 19.103488616303547], [72.84949494428567, 19.10348866683946], [72.84949493921675, 19.103488717261186], [72.8494949254692, 19.103488766036683], [72.84949490346074, 19.103488811683935], [72.84949487386005, 19.103488852815975], [72.84949483756658, 19.10348888818302], [72.84949479568306, 19.103488916710464], [72.8494947494821, 19.103488937531516], [72.84949470036752, 19.10348895001354], [72.8494946498316, 19.10348895377727]]]}, "properties": {"OBJECTID": 2565, "NAME": "Hanuman Road (Delete)", "TYPE": 2, "LOCATION": "Hanuman Road , Andheri (East)", "AWSID": "WS16221900029", "STRETCH": null, "DEPTH": null, "AFFECT_ROAD": null, "AFFECT_RAIL": null, "NO_DE_WATER_PUMP": null, "REMARKS": "Already Tackled (2024-25)", "FEATUREID": "FS11000000042", "EDUPDATEUSER": null, "EDUPDATETIME": null, "CREATED_USER": "DMMASTER", "CREATED_DATE": 1623656448000, "LAST_EDITED_USER": "DMMASTER@PRSRVGISDB.MUMBASE.MCGM.GOV.IN", "LAST_EDITED_DATE": 1714155782000, "HEIGHT_TO_MSL": null, "AFFECT_ELECTRIC": null, "AFFECT_HAZ_MAT": null, "WARD": "K/E", "AFFECT_AREA": null, "SUBTYPE": 2, "AFFECT_BEST_ROUTE": "2022", "AFFECTED_HUT": null, "AFFECT_POPULATION": null, "SHAPE.AREA": 0.0032397100000000002, "SHAPE.LEN": 0.202033727135591}}, {"type": "Feature", "id": 445, "geometry": {"type": "Polygon", "coordinates": [[[72.85308603166698, 19.076808346176897], [72.85306953216248, 19.076806973407617], [72.85305353395692, 19.076802897603542], [72.85303852281773, 19.07679624275077], [72.85302495596453, 19.07678721018322], [72.85301324406768, 19.076776074759874], [72.85300374376563, 19.07676317574485], [72.85299674452946, 19.076748904008817], [72.85299245833059, 19.076733692875898], [72.85299101409286, 19.076718006316682], [72.85299245794863, 19.076702319079487], [72.85299674480648, 19.07668710755955], [72.85300374422502, 19.076672836318505], [72.85301324353055, 19.07665993734596], [72.85302495647072, 19.07664880203086], [72.85303852336583, 19.07663976942102], [72.85305353406915, 19.076633113845066], [72.85306953184772, 19.076629038634824], [72.8530860315582, 19.07662766640128], [72.8531025319953, 19.076629039178425], [72.8531185301979, 19.076633114073683], [72.85313354132698, 19.076639768918916], [72.85314710816417, 19.076648802381115], [72.85315882007448, 19.076659936892987], [72.8531683203844, 19.07667283590074], [72.8531753186836, 19.07668710762041], [72.85317960584878, 19.076702318761733], [72.85318105009284, 19.07671800622435], [72.85317960626602, 19.07673369256159], [72.85317531942277, 19.076748904087246], [72.85316832000268, 19.076763176238934], [72.85315881975166, 19.076776075208887], [72.85314710777118, 19.07678720964031], [72.85313354085658, 19.076796243160533], [72.85311853015196, 19.076802897838633], [72.85310253235697, 19.076806973051557], [72.85308603166698, 19.076808346176897]]]}, "properties": {"OBJECTID": 445, "NAME": "Krushnadeep Building, Yashvant Nagar, Vakola, Santacruz (Delete)", "TYPE": 2, "LOCATION": "Krushnadeep Bhavan, Rajendra Kamble Road, In Frontside Krushnadeep Building, Santacruz East, Mumbai, 400055", "AWSID": "WS21000010001", "STRETCH": 100, "DEPTH": 2, "AFFECT_ROAD": null, "AFFECT_RAIL": "No", "NO_DE_WATER_PUMP": 0, "REMARKS": null, "FEATUREID": "FS21000000035", "EDUPDATEUSER": null, "EDUPDATETIME": null, "CREATED_USER": "DMMASTER", "CREATED_DATE": 1529143829000, "LAST_EDITED_USER": "DMMASTER@PRSRVGISDB.MUMBASE.MCGM.GOV.IN", "LAST_EDITED_DATE": 1653383167000, "HEIGHT_TO_MSL": null, "AFFECT_ELECTRIC": "No", "AFFECT_HAZ_MAT": "No", "WARD": "H/E", "AFFECT_AREA": "Yashvant Nagar", "SUBTYPE": null, "AFFECT_BEST_ROUTE": null, "AFFECTED_HUT": null, "AFFECT_POPULATION": null, "SHAPE.AREA": 312.71085376, "SHAPE.LEN": 62.766601603932}}, {"type": "Feature", "id": 446, "geometry": {"type": "Polygon", "coordinates": [[[72.85240273853259, 19.082470915024686], [72.85238623943395, 19.082469542151653], [72.85237023976069, 19.082465467130966], [72.85235522911857, 19.082458812190044], [72.8523416609413, 19.082449778621566], [72.85232994872574, 19.082438644029704], [72.85232044915467, 19.08242574497141], [72.85231344884443, 19.082411473188895], [72.85230916167002, 19.0823962620295], [72.85230771846746, 19.082380574583325], [72.8523091615324, 19.082364888263587], [72.85231344865284, 19.082349676788613], [72.85232044937943, 19.082335404718673], [72.85232994910481, 19.082322505825545], [72.85234166062567, 19.082311370581582], [72.85235522899717, 19.08230233808711], [72.852370240257, 19.0822956826233], [72.85238623859354, 19.082291608432772], [72.85240273888111, 19.082290235413602], [72.85241923891235, 19.08229160829451], [72.85243523762111, 19.08229568329844], [72.85245024920303, 19.082302338242883], [72.85246381738754, 19.082311370899767], [72.85247552864337, 19.082322506375295], [72.85248502917223, 19.082335405437405], [72.8524920285455, 19.08234967720355], [72.85249631573635, 19.082364888360267], [72.85249775991842, 19.082380574914676], [72.85249631590924, 19.08239626212964], [72.85249202881504, 19.08241147270721], [72.85248502904847, 19.082425744795756], [72.85247552932748, 19.082438643697362], [72.85246381685486, 19.082449778938635], [72.85245024941376, 19.082458812354563], [72.85243523815265, 19.082465466920517], [72.85241923883812, 19.08246954200578], [72.85240273853259, 19.082470915024686]]]}, "properties": {"OBJECTID": 446, "NAME": "Vakola Datta Mandir Road, Balwadi Chawl Committee (Delete)", "TYPE": 2, "LOCATION": "Vakola Pipeline Road, In Front Balwadi chawal, Nadkarni Compound, Santacruz East, Mumbai, 400055", "AWSID": "WS21000010001", "STRETCH": 100, "DEPTH": 3, "AFFECT_ROAD": "Vakola pipeline Road", "AFFECT_RAIL": "No", "NO_DE_WATER_PUMP": 0, "REMARKS": null, "FEATUREID": "FS21000000036", "EDUPDATEUSER": null, "EDUPDATETIME": null, "CREATED_USER": "DMMASTER", "CREATED_DATE": 1529143829000, "LAST_EDITED_USER": "DMMASTER@PRSRVGISDB.MUMBASE.MCGM.GOV.IN", "LAST_EDITED_DATE": 1653383176000, "HEIGHT_TO_MSL": null, "AFFECT_ELECTRIC": "No", "AFFECT_HAZ_MAT": "No", "WARD": "H/E", "AFFECT_AREA": "Nadkarni Compound", "SUBTYPE": null, "AFFECT_BEST_ROUTE": null, "AFFECTED_HUT": null, "AFFECT_POPULATION": null, "SHAPE.AREA": 312.70970856499997, "SHAPE.LEN": 62.7664866685188}}, {"type": "Feature", "id": 2081, "geometry": {"type": "Polygon", "coordinates": [[[72.85366843118496, 19.09658681000221], [72.85366592051311, 19.09658655767971], [72.85366349179934, 19.096585873216963], [72.8536612188389, 19.09658477741102], [72.85365917069454, 19.096583303557395], [72.8536574095981, 19.096581496438386], [72.85365598905959, 19.096579410962384], [72.85365495224136, 19.096577110495527], [72.8536543306466, 19.096574664936334], [72.85365414316216, 19.096572148591882], [72.85365439548467, 19.096569637920027], [72.85365507994742, 19.09656720920626], [72.85365617575336, 19.096564936245823], [72.85365764960697, 19.096562888101467], [72.85365945672599, 19.09656112700502], [72.85366154220199, 19.09655970646651], [72.85366384266885, 19.09655866964828], [72.85366628822804, 19.096558048053524], [72.8536688045725, 19.09655786056909], [72.85367131524434, 19.09655811289159], [72.85367374395811, 19.096558797354337], [72.85367601691856, 19.09655989316028], [72.85367806506291, 19.096561367013905], [72.85367982615935, 19.096563174132914], [72.85368124669786, 19.096565259608916], [72.8536822835161, 19.096567560075773], [72.85368290511084, 19.096570005634966], [72.85368309259529, 19.096572521979418], [72.85368284027278, 19.096575032651273], [72.85368215581003, 19.09657746136504], [72.85368106000409, 19.096579734325477], [72.85367958615048, 19.096581782469833], [72.85367777903146, 19.09658354356628], [72.85367569355546, 19.09658496410479], [72.8536733930886, 19.09658600092302], [72.85367094752941, 19.096586622517776], [72.85366843118496, 19.09658681000221]]]}, "properties": {"OBJECTID": 2081, "NAME": "Bawa International Hotel Internal Road (Delete)", "TYPE": 2, "LOCATION": "Plot No, T1, Near, 2087, Nehru Rd, Extn, Vile Parle East, Vile Parle, Mumbai, Maharashtra 400099", "AWSID": "WS16221900029", "STRETCH": null, "DEPTH": null, "AFFECT_ROAD": null, "AFFECT_RAIL": null, "NO_DE_WATER_PUMP": null, "REMARKS": "Already Tackled (2024-25)", "FEATUREID": "FS11000000031", "EDUPDATEUSER": null, "EDUPDATETIME": null, "CREATED_USER": "DMMASTER", "CREATED_DATE": 1623643252000, "LAST_EDITED_USER": "DMMASTER@PRSRVGISDB.MUMBASE.MCGM.GOV.IN", "LAST_EDITED_DATE": 1714129240000, "HEIGHT_TO_MSL": null, "AFFECT_ELECTRIC": null, "AFFECT_HAZ_MAT": null, "WARD": "K/E", "AFFECT_AREA": null, "SUBTYPE": 2, "AFFECT_BEST_ROUTE": "2022", "AFFECTED_HUT": null, "AFFECT_POPULATION": null, "SHAPE.AREA": 8.02917437, "SHAPE.LEN": 10.057559046687599}}, {"type": "Feature", "id": 79, "geometry": {"type": "Polygon", "coordinates": [[[72.85423699982721, 19.114075497953074], [72.8541774418521, 19.114071936420444], [72.85411882367951, 19.114061307010758], [72.85406206868446, 19.114043777661724], [72.85400807316576, 19.114019626193475], [72.8539576884104, 19.11398923106665], [72.85391170736835, 19.11395307303322], [72.85387085720323, 19.113911723307023], [72.85383578045345, 19.113865830698064], [72.85380703215877, 19.11381612338538], [72.85378506405854, 19.11376338163467], [72.85377022268031, 19.113708438679087], [72.85376274388452, 19.113652161687074], [72.85376274355063, 19.11359543720158], [72.85377022436832, 19.113539160380064], [72.85378506467008, 19.11348421679928], [72.85380703276489, 19.113431476299727], [72.8538357815645, 19.113381767632017], [72.85387085810821, 19.113335876761695], [72.8539117076316, 19.113294526142024], [72.85395768886136, 19.113258367666695], [72.85400807413204, 19.113227973638814], [72.85406206953593, 19.113203821650938], [72.85411882539708, 19.11318629290087], [72.85417744302649, 19.113175664141387], [72.85423700045575, 19.113172101657636], [72.85429655715195, 19.113175664032003], [72.85435517503562, 19.11318629335659], [72.85441192979985, 19.113203821687982], [72.85446592607612, 19.113227973933665], [72.8545163107353, 19.11325836800696], [72.85456229174932, 19.11329452588577], [72.85460314194465, 19.11333587726914], [72.85463821789935, 19.11338176792658], [72.8546669673341, 19.113431476042617], [72.85468893475473, 19.113484216798543], [72.85470377643281, 19.1135391597089], [72.85471125555058, 19.113595436693846], [72.85471125619672, 19.11365216211408], [72.85470377663458, 19.11370843901492], [72.85468893566218, 19.11376338178211], [72.85466696776908, 19.113816123311434], [72.85463822007671, 19.11386583123181], [72.8546031426397, 19.113911723147893], [72.85456229311517, 19.113953073017484], [72.8545163118037, 19.113989230732457], [72.85446592730348, 19.114019625798058], [72.85441193071743, 19.11404377787133], [72.8543551764749, 19.11406130670695], [72.85429655757034, 19.114071936384835], [72.85423699982721, 19.114075497953074]]]}, "properties": {"OBJECTID": 79, "NAME": "Hanuman Nagar (Delete)", "TYPE": 2, "LOCATION": "Prof. N S Fadke Road,Near Shivaji Mandal,Goregoan West,Mumbai,400104", "AWSID": "WS17260000032", "STRETCH": 50, "DEPTH": 1.5, "AFFECT_ROAD": null, "AFFECT_RAIL": "No", "NO_DE_WATER_PUMP": 1, "REMARKS": null, "FEATUREID": "FS11000000010", "EDUPDATEUSER": null, "EDUPDATETIME": null, "CREATED_USER": null, "CREATED_DATE": 1506949500000, "LAST_EDITED_USER": "DMMASTER@PRSRVGISDB.MUMBASE.MCGM.GOV.IN", "LAST_EDITED_DATE": 1653384914000, "HEIGHT_TO_MSL": null, "AFFECT_ELECTRIC": "No", "AFFECT_HAZ_MAT": null, "WARD": "K/E", "AFFECT_AREA": "Goregoan West", "SUBTYPE": null, "AFFECT_BEST_ROUTE": null, "AFFECTED_HUT": 800, "AFFECT_POPULATION": 2600, "SHAPE.AREA": 7836.928538535, "SHAPE.LEN": 314.024760593734}}, {"type": "Feature", "id": 2568, "geometry": {"type": "Polygon", "coordinates": [[[72.85616028835399, 19.108835879262895], [72.85615944215097, 19.10883579422468], [72.85615862357042, 19.10883556353678], [72.85615785748446, 19.10883519420852], [72.85615716717027, 19.10883469746176], [72.85615657360266, 19.108834088389898], [72.8561560948169, 19.10883338549927], [72.85615574536064, 19.108832610146855], [72.85615553585194, 19.108831785891343], [72.85615547265662, 19.108830937777324], [72.85615555769483, 19.10883009157431], [72.85615578838274, 19.10882927299375], [72.856156157711, 19.108828506907802], [72.85615665445776, 19.1088278165936], [72.85615726352962, 19.10882722302599], [72.85615796642026, 19.10882674424023], [72.85615874177266, 19.108826394783975], [72.85615956602817, 19.108826185275277], [72.8561604141422, 19.108826122079957], [72.85616126034522, 19.10882620711817], [72.85616207892576, 19.108826437806073], [72.85616284501172, 19.10882680713433], [72.85616353532592, 19.108827303881093], [72.85616412889352, 19.108827912952954], [72.85616460767929, 19.10882861584358], [72.85616495713555, 19.108829391195997], [72.85616516664425, 19.10883021545151], [72.85616522983956, 19.10883106356553], [72.85616514480135, 19.108831909768544], [72.85616491411345, 19.108832728349103], [72.85616454478519, 19.10883349443505], [72.85616404803842, 19.108834184749252], [72.85616343896656, 19.10883477831686], [72.85616273607593, 19.108835257102623], [72.85616196072353, 19.108835606558877], [72.85616113646802, 19.108835816067575], [72.85616028835399, 19.108835879262895]]]}, "properties": {"OBJECTID": 2568, "NAME": "Sahar Road (Delete)", "TYPE": 2, "LOCATION": "Sahar Road, Andheri(East)", "AWSID": "WS19247700031", "STRETCH": null, "DEPTH": null, "AFFECT_ROAD": null, "AFFECT_RAIL": null, "NO_DE_WATER_PUMP": null, "REMARKS": "Already Tackled (2024-25)", "FEATUREID": "FS11000000043", "EDUPDATEUSER": null, "EDUPDATETIME": null, "CREATED_USER": "DMMASTER", "CREATED_DATE": 1623656660000, "LAST_EDITED_USER": "DMMASTER@PRSRVGISDB.MUMBASE.MCGM.GOV.IN", "LAST_EDITED_DATE": 1714155782000, "HEIGHT_TO_MSL": null, "AFFECT_ELECTRIC": null, "AFFECT_HAZ_MAT": null, "WARD": "K/E", "AFFECT_AREA": null, "SUBTYPE": 2, "AFFECT_BEST_ROUTE": "2022", "AFFECTED_HUT": null, "AFFECT_POPULATION": null, "SHAPE.AREA": 0.9120691, "SHAPE.LEN": 3.38977611029541}}, {"type": "Feature", "id": 8001, "geometry": {"type": "Polygon", "coordinates": [[[72.87381103811931, 19.06444745646631], [72.87369749436013, 19.064396518954972], [72.87358704374095, 19.064339182439223], [72.87348004652877, 19.06427563393887], [72.87337685172623, 19.064206080735904], [72.87327779593335, 19.06413074969842], [72.87318320224952, 19.06404988654061], [72.87309337921968, 19.063963755021273], [72.87300861982789, 19.063872636083538], [72.87292920054165, 19.06377682693843], [72.87285538041017, 19.06367664009547], [72.8727874002194, 19.063572402343315], [72.87272548170655, 19.06346445368385], [72.87266982683698, 19.063353146223157], [72.87262061714529, 19.063238843023047], [72.87257801314327, 19.063121916916792], [72.8725421537963, 19.06300274929305], [72.87251315607014, 19.062881728851846], [72.87249111454933, 19.062759250336697], [72.87247610112874, 19.062635713247065], [72.87246816477902, 19.062511520535256], [72.8724673313869, 19.06238707729209], [72.87247360367073, 19.062262789425553], [72.87248696117162, 19.062139062336836], [72.87250736032017, 19.062016299597982], [72.87253473457862, 19.061894901635533], [72.87256899465781, 19.06177526442441], [72.8726100288085, 19.06165777819632], [72.87265770318581, 19.061542826166928], [72.87271186228581, 19.061430783285857], [72.87277232945281, 19.0613220150137], [72.87283890745546, 19.06121687612995], [72.87291137913016, 19.061115709575795], [72.87298950808935, 19.061018845335504], [72.87307303949262, 19.060926599360098], [72.87316170087792, 19.06083927253677], [72.87325520305019, 19.060757149707477], [72.87335324102482, 19.060680498739806], [72.87345549502228, 19.060609569653295], [72.87356163151132, 19.06054459380387], [72.87367130429675, 19.06048578312925], [72.87378415564874, 19.06043332945763], [72.87389981746963, 19.060387403881993], [72.87401791249464, 19.06034815620201], [72.8741380555223, 19.06031571443546], [72.87425985467104, 19.060290184400646], [72.87438291265737, 19.06027164937123], [72.87450682809168, 19.060260169804625], [72.87463119678762, 19.060255783144793], [72.87475561308032, 19.06025850370011], [72.87487967114973, 19.060268322596684], [72.87500296634417, 19.06028520780732], [72.87512509650038, 19.060309104255964], [72.87524566325516, 19.060339933997376], [72.8753642733448, 19.060377596471344], [72.87548053988787, 19.060421968830703], [72.87559408364706, 19.060472906342042], [72.87570453426623, 19.06053024285779], [72.87581153147842, 19.060593791358144], [72.87591472628095, 19.06066334456111], [72.87601378207384, 19.060738675598593], [72.87610837575767, 19.060819538756405], [72.8761981987875, 19.06090567027574], [72.8762829581793, 19.060996789213476], [72.87636237746554, 19.061092598358584], [72.87643619759702, 19.061192785201545], [72.8765041777878, 19.0612970229537], [72.87656609630064, 19.061404971613165], [72.8766217511702, 19.061516279073857], [72.8766709608619, 19.061630582273967], [72.87671356486392, 19.061747508380222], [72.87674942421089, 19.061866676003962], [72.87677842193705, 19.06198769644517], [72.87680046345785, 19.062110174960317], [72.87681547687845, 19.06223371204995], [72.87682341322817, 19.062357904761758], [72.87682424662029, 19.062482348004924], [72.87681797433646, 19.06260663587146], [72.87680461683557, 19.062730362960178], [72.87678421768702, 19.062853125699032], [72.87675684342857, 19.06297452366148], [72.87672258334938, 19.063094160872605], [72.8766815491987, 19.063211647100694], [72.87663387482138, 19.063326599130086], [72.87657971572138, 19.063438642011157], [72.87651924855437, 19.063547410283313], [72.87645267055173, 19.063652549167063], [72.87638019887703, 19.06375371572122], [72.87630206991784, 19.06385057996151], [72.87621853851456, 19.063942825936916], [72.87612987712927, 19.064030152760242], [72.876036374957, 19.064112275589537], [72.87593833698237, 19.064188926557208], [72.8758360829849, 19.06425985564372], [72.87572994649587, 19.064324831493145], [72.87562027371044, 19.064383642167765], [72.87550742235845, 19.064436095839383], [72.87539176053755, 19.06448202141502], [72.87527366551255, 19.064521269095003], [72.8751535224849, 19.064553710861553], [72.87503172333615, 19.064579240896368], [72.87490866534982, 19.064597775925783], [72.8747847499155, 19.06460925549239], [72.87466038121957, 19.06461364215222], [72.87453596492686, 19.064610921596906], [72.87441190685746, 19.06460110270033], [72.87428861166302, 19.064584217489696], [72.8741664815068, 19.06456032104105], [72.87404591475203, 19.064529491299638], [72.87392730466239, 19.06449182882567], [72.87381103811931, 19.06444745646631]]]}, "properties": {"OBJECTID": 8001, "NAME": "Kurla Court LBS Road", "TYPE": 2, "LOCATION": "Kurla Court, LBS Marg, Kurla West", "AWSID": null, "STRETCH": null, "DEPTH": null, "AFFECT_ROAD": null, "AFFECT_RAIL": null, "NO_DE_WATER_PUMP": null, "REMARKS": "Planning Stage (2025)", "FEATUREID": "FS15000000062", "EDUPDATEUSER": null, "EDUPDATETIME": null, "CREATED_USER": "DMMASTER@PRSRVGISDB.MUMBASE.MCGM.GOV.IN", "CREATED_DATE": 1743658985000, "LAST_EDITED_USER": "DMMASTER@PRSRVGISDB.MUMBASE.MCGM.GOV.IN", "LAST_EDITED_DATE": 1750856152000, "HEIGHT_TO_MSL": null, "AFFECT_ELECTRIC": null, "AFFECT_HAZ_MAT": null, "WARD": "L", "AFFECT_AREA": null, "SUBTYPE": null, "AFFECT_BEST_ROUTE": null, "AFFECTED_HUT": null, "AFFECT_POPULATION": null, "SHAPE.AREA": 180172.67786610502, "SHAPE.LEN": 1504.90657205763}}, {"type": "Feature", "id": 573, "geometry": {"type": "Polygon", "coordinates": [[[72.87758609978827, 19.07624183987956], [72.8775695999358, 19.0762404665818], [72.87755360191578, 19.076236391960734], [72.87753859060389, 19.076229737219123], [72.8775250242043, 19.076220703643767], [72.87751331339794, 19.07620956875218], [72.87750381300037, 19.076196669937687], [72.87749681254355, 19.076182398037925], [72.87749252595343, 19.076167187280006], [72.87749108319656, 19.076151499828658], [72.87749252569192, 19.07613581308759], [72.87749681319033, 19.076120601713278], [72.87750381341779, 19.07610633026961], [72.87751331281206, 19.076093430769763], [72.8775250242025, 19.07608229644189], [72.87753859085127, 19.07607326280687], [72.8775536016517, 19.076066607853587], [72.87756959991889, 19.07606253317145], [72.87758609959539, 19.076061159620675], [72.87760260038044, 19.076062532926226], [72.87761859837435, 19.076066608444744], [72.87763360872623, 19.076073263167874], [72.8776471760828, 19.076082295842575], [72.877658886891, 19.07609343072579], [72.87766838728488, 19.07610633043615], [72.87767538680473, 19.076120602319673], [72.87767967436116, 19.07613581308585], [72.8776811171475, 19.07615149963431], [72.87767967370804, 19.07616718727075], [72.87767538718563, 19.076182397758558], [72.8776683869568, 19.076196670112886], [72.87765888662855, 19.076209568707096], [72.87764717617468, 19.076220703957432], [72.87763360857966, 19.076229736685647], [72.87761859776633, 19.076236391644212], [72.87760260042113, 19.076240467243114], [72.87758609978827, 19.07624183987956]]]}, "properties": {"OBJECTID": 573, "NAME": "CST Road, LBS Road Junction (Delete)", "TYPE": 2, "LOCATION": "LBS Road, Near Kanakia Zillion, Kurla West, Mumbai, 400072", "AWSID": "WS19207400037", "STRETCH": 100, "DEPTH": 1, "AFFECT_ROAD": "LBS Road", "AFFECT_RAIL": "No", "NO_DE_WATER_PUMP": 0, "REMARKS": null, "FEATUREID": "FS15000000036", "EDUPDATEUSER": null, "EDUPDATETIME": null, "CREATED_USER": "DMMASTER", "CREATED_DATE": 1529143829000, "LAST_EDITED_USER": "DMMASTER@PRSRVGISDB.MUMBASE.MCGM.GOV.IN", "LAST_EDITED_DATE": 1653390989000, "HEIGHT_TO_MSL": null, "AFFECT_ELECTRIC": "No", "AFFECT_HAZ_MAT": "No", "WARD": "L", "AFFECT_AREA": null, "SUBTYPE": null, "AFFECT_BEST_ROUTE": null, "AFFECTED_HUT": null, "AFFECT_POPULATION": null, "SHAPE.AREA": 312.70110112, "SHAPE.LEN": 62.7656228459668}}, {"type": "Feature", "id": 106, "geometry": {"type": "Polygon", "coordinates": [[[72.88091280034344, 19.07949547396055], [72.8808829579934, 19.079493689160724], [72.8808535863286, 19.079488362621632], [72.88082514887267, 19.07947957735558], [72.88079809417641, 19.079467473109027], [72.88077284829856, 19.079452239953195], [72.88074980908333, 19.079434120024665], [72.88072934156008, 19.07941339572997], [72.88071176550253, 19.079390396828593], [72.88069736132348, 19.079365485145015], [72.88068635393792, 19.079339053479867], [72.88067891856598, 19.079311517547154], [72.88067517030686, 19.07928331404772], [72.88067517003395, 19.07925488538151], [72.88067891772252, 19.079226681377243], [72.88068635451049, 19.079199146670426], [72.88069736087935, 19.07917271435953], [72.88071176619923, 19.079147802502682], [72.88072934126768, 19.07912480319273], [72.88074980974315, 19.079104079978954], [72.88077284920986, 19.07908595884663], [72.88079809500044, 19.079070726454567], [72.88082514979841, 19.0790586221162], [72.88085358744935, 19.079049836940076], [72.88088295775626, 19.079044510272077], [72.8809127998357, 19.079042725332652], [72.88094264114481, 19.07904451101217], [72.88097201273719, 19.079049837529993], [72.88100045013228, 19.079058622767402], [72.88102750479464, 19.079070726076583], [72.8810527506454, 19.079085959194774], [72.88107578984204, 19.079104079987708], [72.88109625834001, 19.079124803352794], [72.88111383346909, 19.079147803112743], [72.88112823866, 19.079172713876257], [72.88113924514896, 19.079199146413362], [72.88114668155742, 19.079226681442467], [72.8811504289358, 19.079254885832256], [72.88115042930137, 19.079283313603163], [72.88114668168939, 19.079311517624458], [72.881139245907, 19.079339053270484], [72.88112823865325, 19.079365484699018], [72.8811138333699, 19.079390396592103], [72.88109625831869, 19.07941339594055], [72.88107579079, 19.07943411920361], [72.88105275129998, 19.079452240371744], [72.88102750451746, 19.079467472783854], [72.88100045061131, 19.0794795771574], [72.88097201288986, 19.079488362349487], [72.88094264155453, 19.079493689013237], [72.88091280034344, 19.07949547396055]]]}, "properties": {"OBJECTID": 106, "NAME": "Goawala Compound (Delete)", "TYPE": 2, "LOCATION": "Madinatul Aman CHS,Goawala Compound lane,Near Madinatul Aman CHS,Kurla,Mumbai,400070", "AWSID": "WS19207400037", "STRETCH": 80, "DEPTH": 3, "AFFECT_ROAD": null, "AFFECT_RAIL": "No", "NO_DE_WATER_PUMP": 1, "REMARKS": null, "FEATUREID": "FS15000000022", "EDUPDATEUSER": null, "EDUPDATETIME": null, "CREATED_USER": null, "CREATED_DATE": 1506429885000, "LAST_EDITED_USER": "DMMASTER@PRSRVGISDB.MUMBASE.MCGM.GOV.IN", "LAST_EDITED_DATE": 1653246580000, "HEIGHT_TO_MSL": null, "AFFECT_ELECTRIC": "Yes", "AFFECT_HAZ_MAT": null, "WARD": "L", "AFFECT_AREA": "Kurla ", "SUBTYPE": null, "AFFECT_BEST_ROUTE": null, "AFFECTED_HUT": 50, "AFFECT_POPULATION": 150, "SHAPE.AREA": 1968.281376205, "SHAPE.LEN": 157.374564580064}}, {"type": "Feature", "id": 571, "geometry": {"type": "Polygon", "coordinates": [[[72.88663120019565, 19.097331239575883], [72.8866146981089, 19.097329866882898], [72.88659869782204, 19.097325791936544], [72.88658368521818, 19.097319136836102], [72.88657011570872, 19.097310103722464], [72.88655840290164, 19.09729896922849], [72.88654890168463, 19.09728606983225], [72.88654190162087, 19.097271798168254], [72.88653761385513, 19.09725658661804], [72.88653617120568, 19.09724090008513], [72.88653761420085, 19.097225213252827], [72.88654190164404, 19.09721000167286], [72.88654890221275, 19.097195729926337], [72.8865584032728, 19.09718283094972], [72.88657011575455, 19.097171696154835], [72.8865836847639, 19.097162662904935], [72.88659869821268, 19.097156008290884], [72.88661469842539, 19.097151933005502], [72.88663120021245, 19.09715055974453], [72.88664770227038, 19.097151933337503], [72.88666370159262, 19.09715600826727], [72.88667871513636, 19.097162663371087], [72.88669228370283, 19.0971716955622], [72.88670399745028, 19.097182830961856], [72.8867134977251, 19.097195730339887], [72.88672049780179, 19.097210001998587], [72.88672478559545, 19.097225212642964], [72.8867262292014, 19.09724090009017], [72.88672478622358, 19.09725658692562], [72.88672049785646, 19.097271797597227], [72.88671349823643, 19.097286070265323], [72.88670399718082, 19.097298969250406], [72.88669228374722, 19.097310104042766], [72.88667871473004, 19.097319137299955], [72.88666370221836, 19.097325791930217], [72.88664770198922, 19.097329867218296], [72.88663120019565, 19.097331239575883]]]}, "properties": {"OBJECTID": 571, "NAME": "Krishna Nagar (Delete)", "TYPE": 2, "LOCATION": "Safedpool Road, , Kurla West, Mumbai, 400072", "AWSID": "WS20215900036", "STRETCH": 60, "DEPTH": 1.5, "AFFECT_ROAD": null, "AFFECT_RAIL": "No", "NO_DE_WATER_PUMP": 0, "REMARKS": null, "FEATUREID": "FS15000000034", "EDUPDATEUSER": null, "EDUPDATETIME": null, "CREATED_USER": "DMMASTER", "CREATED_DATE": 1529143829000, "LAST_EDITED_USER": "DMMASTER@PRSRVGISDB.MUMBASE.MCGM.GOV.IN", "LAST_EDITED_DATE": 1653390986000, "HEIGHT_TO_MSL": null, "AFFECT_ELECTRIC": "No", "AFFECT_HAZ_MAT": "No", "WARD": "L", "AFFECT_AREA": "Krishna Nagar Radha krishna Mandir", "SUBTYPE": null, "AFFECT_BEST_ROUTE": null, "AFFECTED_HUT": 50, "AFFECT_POPULATION": 150, "SHAPE.AREA": 312.699396035, "SHAPE.LEN": 62.765451705324196}}, {"type": "Feature", "id": 124, "geometry": {"type": "Polygon", "coordinates": [[[72.89142440768185, 19.061758181458355], [72.8913981715573, 19.06175661147621], [72.89137235004068, 19.06175192811567], [72.89134734785148, 19.061744203750404], [72.89132356147078, 19.061733561243646], [72.89130136592355, 19.061720167474046], [72.8912811109679, 19.061704234195386], [72.89126311546454, 19.06168601255241], [72.89124766361186, 19.061665790327943], [72.89123499932688, 19.06164388555561], [72.89122532245747, 19.061620645573214], [72.89121878418177, 19.061596435227496], [72.89121548893075, 19.061571635089443], [72.8912154896621, 19.06154663959384], [72.89121878427805, 19.061521839835816], [72.8912253222057, 19.06149762906597], [72.89123499888096, 19.06147438817473], [72.89124766337005, 19.061452483973053], [72.89126311466171, 19.06143226192383], [72.89128111029554, 19.0614140399176], [72.8913013654237, 19.061398107358738], [72.89132356150772, 19.061384713522166], [72.89134734723402, 19.061374070273846], [72.89137234809209, 19.061366345857298], [72.89139817115772, 19.06136166223856], [72.89142440702683, 19.06136009241847], [72.89145064309, 19.06136166239096], [72.89147646550049, 19.061366345745967], [72.89150146669287, 19.06137407007827], [72.89152525302708, 19.061384713461756], [72.89154744856478, 19.061398106299126], [72.89156770446473, 19.061414039558738], [72.89158569902855, 19.061432261161983], [72.89160115090664, 19.061452483360448], [72.89161381523056, 19.06147438811127], [72.89162349215, 19.061497628077987], [72.89163003047227, 19.061521839318036], [72.891633325797, 19.06154663855148], [72.89163332511691, 19.061571634956284], [72.89163003057152, 19.061596433824285], [72.89162349269576, 19.061620644613537], [72.89161381606186, 19.061643885529215], [72.891601151601, 19.061665789758877], [72.89158570032268, 19.061686011837836], [72.89156770468645, 19.06170423387368], [72.89154744954031, 19.061720166460198], [72.89152525342388, 19.061733560320715], [72.89150146765273, 19.061744203587768], [72.8914764667402, 19.061751928016662], [72.89145064361395, 19.061756611640565], [72.89142440768185, 19.061758181458355]]]}, "properties": {"OBJECTID": 124, "NAME": "Shell Colony Samrat  Ashok Nagar (Delete)", "TYPE": 2, "LOCATION": "Thakkar Bappa Colony Road,Near New Everest Society,Chembur East,Mumbai,400071", "AWSID": "WS21198300041", "STRETCH": 50, "DEPTH": 1.5, "AFFECT_ROAD": null, "AFFECT_RAIL": "No", "NO_DE_WATER_PUMP": 1, "REMARKS": "Already Tackled (2024-25)", "FEATUREID": "FS22000000004", "EDUPDATEUSER": null, "EDUPDATETIME": null, "CREATED_USER": null, "CREATED_DATE": 1506509507000, "LAST_EDITED_USER": "DMMASTER@PRSRVGISDB.MUMBASE.MCGM.GOV.IN", "LAST_EDITED_DATE": 1714163329000, "HEIGHT_TO_MSL": null, "AFFECT_ELECTRIC": "No", "AFFECT_HAZ_MAT": null, "WARD": "M/W", "AFFECT_AREA": "Chembur East", "SUBTYPE": 2, "AFFECT_BEST_ROUTE": "2022", "AFFECTED_HUT": 140, "AFFECT_POPULATION": 450, "SHAPE.AREA": 1521.6867305550002, "SHAPE.LEN": 138.37370728428002}}, {"type": "Feature", "id": 8, "geometry": {"type": "Polygon", "coordinates": [[[72.89713951517263, 19.08126463813486], [72.89693035238031, 19.08133144573661], [72.8967140233078, 19.081372800896542], [72.89649396612724, 19.081388046419864], [72.89627361834823, 19.081376954178133], [72.89605647049663, 19.081339686880842], [72.89584595904044, 19.081276850145542], [72.89564538010598, 19.081189402989203], [72.8954579176192, 19.08107876112062], [72.89528651880757, 19.080946649184238], [72.89513386889428, 19.08079514834105], [72.8950024152107, 19.08062666763528], [72.8948942079026, 19.080443843713823], [72.8948109490447, 19.08024956396557], [72.89475395747252, 19.08004689295132], [72.89472413793199, 19.079839033208227], [72.89472194766554, 19.079629263443856], [72.89474743127991, 19.079420886543986], [72.89480017958506, 19.07921717942275], [72.89487936971594, 19.079021376320245], [72.89498375234002, 19.07883655394252], [72.89511166713552, 19.078665609962776], [72.89526110542174, 19.078511269160064], [72.8954297193696, 19.07837595616606], [72.89561484293377, 19.07826179299827], [72.89581355177563, 19.07817059342505], [72.89602271076365, 19.078103787635946], [72.89623903169597, 19.078062440065544], [72.89645909016079, 19.078047192681304], [72.89667944027478, 19.078058281649902], [72.89689657268461, 19.07809555221351], [72.8971070940447, 19.078158389378274], [72.89730766399936, 19.078245817456896], [72.8974951267559, 19.078356462726536], [72.8976927095667, 19.07852848097115], [72.8978416846887, 19.0786797300702], [72.89796952794498, 19.078847535411626], [72.89807424717414, 19.079029249383343], [72.89815419490897, 19.079222010608607], [72.89820809260078, 19.07942278215725], [72.89823511277945, 19.079628391321734], [72.89823480032328, 19.079835595560734], [72.898207188693, 19.080041132601597], [72.89815268928048, 19.080241756213493], [72.89807218077095, 19.08043430768404], [72.89796690629467, 19.080615735423986], [72.8978385594927, 19.08078320163576], [72.89768914430621, 19.080934050909317], [72.89752102421919, 19.081065898405686], [72.89733684276355, 19.08117668044084], [72.89713951517263, 19.08126463813486]]]}, "properties": {"OBJECTID": 8, "NAME": "Vidhyavihar Station", "TYPE": 2, "LOCATION": "Bhaveshwer Complex,Vidhyavihar Station Road,Opp Booking Office,Vidhyavihar West,Mumbai,400086", "AWSID": "WS22217800043", "STRETCH": 50, "DEPTH": 2, "AFFECT_ROAD": null, "AFFECT_RAIL": "Yes", "NO_DE_WATER_PUMP": 1, "REMARKS": "Will be Tackled before Monsoon 26 (2025)", "FEATUREID": "FS17000000013", "EDUPDATEUSER": null, "EDUPDATETIME": null, "CREATED_USER": null, "CREATED_DATE": 1506430176000, "LAST_EDITED_USER": "DMMASTER@PRSRVGISDB.MUMBASE.MCGM.GOV.IN", "LAST_EDITED_DATE": 1750856809000, "HEIGHT_TO_MSL": null, "AFFECT_ELECTRIC": "No", "AFFECT_HAZ_MAT": null, "WARD": "N", "AFFECT_AREA": "Vidhyavihar West", "SUBTYPE": 2, "AFFECT_BEST_ROUTE": "2022", "AFFECTED_HUT": null, "AFFECT_POPULATION": null, "SHAPE.AREA": 107249.061922995, "SHAPE.LEN": 1161.7295614491802}}, {"type": "Feature", "id": 3841, "geometry": {"type": "Polygon", "coordinates": [[[72.89674622613879, 19.08603003338267], [72.89672565405694, 19.086140616554513], [72.89669817899457, 19.086249689784015], [72.89666390938322, 19.086356822608977], [72.89662298046939, 19.08646159222508], [72.89657555378078, 19.086563585154515], [72.89652181648889, 19.086662398877785], [72.89646198067024, 19.086757643422267], [72.8963962824695, 19.086848942901256], [72.89632498116741, 19.086935936997424], [72.89624835815766, 19.087018282384815], [72.89616671583627, 19.0870956540838], [72.89608037640818, 19.08716774674364], [72.89598968061566, 19.087234275847536], [72.89589498639357, 19.08729497883551], [72.89579666745675, 19.087349616140603], [72.8956951118251, 19.087397972134333], [72.89559072029235, 19.08743985597768], [72.89548390484414, 19.08747510237426], [72.89537508703228, 19.087503572222637], [72.89526469631093, 19.08752515316533], [72.89515316834186, 19.087539760032218], [72.89504094327499, 19.087547335176673], [72.8949284640114, 19.087547848703053], [72.89481617445537, 19.087541298584714], [72.89470451776245, 19.087527710671974], [72.8945939345906, 19.08750713859012], [72.8944848613611, 19.087479663527755], [72.89437772853614, 19.087445393916408], [72.89427295892004, 19.087404465002567], [72.8941709659906, 19.087357038313968], [72.89407215226733, 19.087303301022075], [72.89397690772284, 19.087243465203432], [72.89388560824386, 19.087177767002675], [72.8937986141477, 19.087106465700597], [72.8937162687603, 19.087029842690853], [72.89363889706131, 19.086948200369463], [72.89356680440147, 19.08686186094137], [72.89350027529758, 19.086771165148846], [72.8934395723096, 19.086676470926758], [72.8933849350045, 19.08657815198993], [72.89333657901078, 19.086476596358295], [72.89329469516743, 19.086372204825533], [72.89325944877086, 19.08626538937733], [72.89323097892247, 19.086156571565464], [72.89320939797979, 19.086046180844118], [72.89319479111289, 19.085934652875043], [72.89318721596844, 19.08582242780818], [72.89318670244207, 19.085709948544594], [72.8931932525604, 19.08559765898855], [72.89320684047314, 19.08548600229563], [72.89322741255499, 19.08537541912379], [72.89325488761736, 19.085266345894286], [72.89328915722871, 19.085159213069325], [72.89333008614254, 19.08505444345322], [72.89337751283115, 19.084952450523787], [72.89343125012304, 19.084853636800517], [72.89349108594169, 19.084758392256035], [72.89355678414243, 19.084667092777046], [72.89362808544452, 19.084580098680878], [72.89370470845427, 19.084497753293487], [72.89378635077566, 19.0844203815945], [72.89387269020375, 19.084348288934663], [72.89396338599627, 19.084281759830766], [72.89405808021836, 19.084221056842793], [72.89415639915518, 19.0841664195377], [72.89425795478682, 19.08411806354397], [72.89436234631958, 19.08407617970062], [72.89446916176779, 19.084040933304042], [72.89457797957965, 19.084012463455664], [72.894688370301, 19.08399088251297], [72.89479989827007, 19.083976275646084], [72.89491212333694, 19.08396870050163], [72.89502460260053, 19.083968186975248], [72.89513689215656, 19.083974737093587], [72.89524854884948, 19.083988325006327], [72.89535913202133, 19.084008897088182], [72.89546820525084, 19.084036372150546], [72.89557533807579, 19.084070641761894], [72.89568010769189, 19.084111570675734], [72.89578210062133, 19.084158997364334], [72.8958809143446, 19.084212734656226], [72.89597615888908, 19.08427257047487], [72.89606745836807, 19.084338268675626], [72.89615445246423, 19.084409569977705], [72.89623679785163, 19.08448619298745], [72.89631416955062, 19.08456783530884], [72.89638626221046, 19.084654174736933], [72.89645279131435, 19.084744870529455], [72.89651349430233, 19.084839564751544], [72.89656813160742, 19.084937883688372], [72.89661648760115, 19.085039439320006], [72.8966583714445, 19.08514383085277], [72.89669361784107, 19.08525064630097], [72.89672208768945, 19.085359464112837], [72.89674366863214, 19.085469854834184], [72.89675827549904, 19.08558138280326], [72.89676585064349, 19.085693607870123], [72.89676636416986, 19.085806087133708], [72.89675981405153, 19.08591837668975], [72.89674622613879, 19.08603003338267]]]}, "properties": {"OBJECTID": 3841, "NAME": "Mahendra Park Junciton of NSS Road (Delete)", "TYPE": 2, "LOCATION": "Mahendra Park junction, LBS Road, Ghatkopar (w)", "AWSID": "WS20215900036", "STRETCH": null, "DEPTH": null, "AFFECT_ROAD": null, "AFFECT_RAIL": null, "NO_DE_WATER_PUMP": null, "REMARKS": "Will be tackeled before Monsoon (2025)", "FEATUREID": "FS17000000019", "EDUPDATEUSER": null, "EDUPDATETIME": null, "CREATED_USER": "DMMASTER", "CREATED_DATE": 1623748912000, "LAST_EDITED_USER": "DMMASTER@PRSRVGISDB.MUMBASE.MCGM.GOV.IN", "LAST_EDITED_DATE": 1750849308000, "HEIGHT_TO_MSL": null, "AFFECT_ELECTRIC": null, "AFFECT_HAZ_MAT": null, "WARD": "N", "AFFECT_AREA": null, "SUBTYPE": 2, "AFFECT_BEST_ROUTE": "2022", "AFFECTED_HUT": null, "AFFECT_POPULATION": null, "SHAPE.AREA": 111781.76935911, "SHAPE.LEN": 1185.40393951603}}, {"type": "Feature", "id": 452, "geometry": {"type": "Polygon", "coordinates": [[[72.85035923134414, 19.07925641411042], [72.85034273069822, 19.07925504106453], [72.85032673329451, 19.07925096592224], [72.85031172112838, 19.07924431082679], [72.85029815425976, 19.079235278055524], [72.85028644239794, 19.079224143365604], [72.85027694220327, 19.07921124422007], [72.85026994218202, 19.079196972385642], [72.85026565620042, 19.07918176121123], [72.85026421223738, 19.07916607375446], [72.85026565639406, 19.079150386569754], [72.85026994167005, 19.079135176028565], [72.8502769423984, 19.079120904035634], [72.85028644206027, 19.079108005241295], [72.85029815440416, 19.07909687012604], [72.85031172165105, 19.07908783685025], [72.85032673265904, 19.07908118243364], [72.85034273073215, 19.07907710658775], [72.85035923069518, 19.079075733721716], [72.85037573132378, 19.07907710676445], [72.85039172871288, 19.079081181901017], [72.85040673991904, 19.079087836977845], [72.85042030773316, 19.07909686975173], [72.85043201958517, 19.079108005336415], [72.85044151979935, 19.079120903571535], [72.85044851982187, 19.07913517630382], [72.85045280583155, 19.07915038657245], [72.85045424981256, 19.079166074029484], [72.8504528056732, 19.07918176121738], [72.8504485204118, 19.079196971764254], [72.85044151969355, 19.079211243764743], [72.85043202003607, 19.079224142567522], [72.85042030769034, 19.079235277691154], [72.85040674138547, 19.0792443109853], [72.850391729403, 19.079250966299245], [72.85037573132513, 19.079255041244668], [72.85035923134414, 19.07925641411042]]]}, "properties": {"OBJECTID": 452, "NAME": "Vakola bridge Ashok Nagar Lane (Delete)", "TYPE": 2, "LOCATION": "Ashok Nagar lane, Behind BIYC School, Santacruz East, Mumbai, 400055", "AWSID": "WS21000010001", "STRETCH": 100, "DEPTH": 2, "AFFECT_ROAD": "Shivaji Nagar Road", "AFFECT_RAIL": "No", "NO_DE_WATER_PUMP": 0, "REMARKS": null, "FEATUREID": "FS21000000042", "EDUPDATEUSER": null, "EDUPDATETIME": null, "CREATED_USER": "DMMASTER", "CREATED_DATE": 1529143829000, "LAST_EDITED_USER": "DMMASTER@PRSRVGISDB.MUMBASE.MCGM.GOV.IN", "LAST_EDITED_DATE": 1653383193000, "HEIGHT_TO_MSL": null, "AFFECT_ELECTRIC": "No", "AFFECT_HAZ_MAT": "No", "WARD": "H/E", "AFFECT_AREA": "Ashok Nagar", "SUBTYPE": null, "AFFECT_BEST_ROUTE": null, "AFFECTED_HUT": null, "AFFECT_POPULATION": null, "SHAPE.AREA": 312.71129731499997, "SHAPE.LEN": 62.766646126533196}}, {"type": "Feature", "id": 6721, "geometry": {"type": "Polygon", "coordinates": [[[72.85482330472374, 19.08036828041498], [72.85481201856618, 19.08036714637035], [72.85480110079551, 19.08036406973371], [72.85479088314264, 19.080359143987113], [72.85478167606581, 19.08035251879688], [72.85477375931737, 19.080344395466053], [72.85476737344372, 19.080335020817934], [72.8547627124764, 19.080324679696467], [72.85475991803655, 19.08031368631139], [72.85475907503181, 19.080302374691144], [72.85476020907643, 19.08029108853359], [72.85476328571308, 19.08028017076291], [72.85476821145967, 19.080269953110047], [72.85477483664991, 19.08026074603321], [72.85478295998072, 19.08025282928477], [72.85479233462884, 19.080246443411124], [72.85480267575032, 19.080241782443807], [72.8548136691354, 19.080238988003952], [72.85482498075564, 19.080238144999207], [72.8548362669132, 19.080239279043838], [72.85484718468386, 19.080242355680475], [72.85485740233673, 19.080247281427074], [72.85486660941356, 19.08025390661731], [72.854874526162, 19.080262029948134], [72.85488091203565, 19.080271404596253], [72.85488557300297, 19.08028174571772], [72.85488836744283, 19.0802927391028], [72.85488921044757, 19.080304050723043], [72.85488807640294, 19.0803153368806], [72.8548849997663, 19.080326254651276], [72.8548800740197, 19.08033647230414], [72.85487344882947, 19.080345679380976], [72.85486532549865, 19.080353596129417], [72.85485595085053, 19.080359982003063], [72.85484560972905, 19.08036464297038], [72.85483461634398, 19.080367437410235], [72.85482330472374, 19.08036828041498]]]}, "properties": {"OBJECTID": 6721, "NAME": "Ashok Nagar, krishna Nagar Culvert, St Anthony Road", "TYPE": 2, "LOCATION": "Ashok Nagar, krishna Nagar Culvert, St Anthony Road, Vakola", "AWSID": null, "STRETCH": null, "DEPTH": null, "AFFECT_ROAD": null, "AFFECT_RAIL": null, "NO_DE_WATER_PUMP": null, "REMARKS": "Monsoon 24 (2024-25)", "FEATUREID": "FS21000000053", "EDUPDATEUSER": null, "EDUPDATETIME": null, "CREATED_USER": "DMMASTER@PRSRVGISDB.MUMBASE.MCGM.GOV.IN", "CREATED_DATE": 1689761662000, "LAST_EDITED_USER": "DMMASTER@PRSRVGISDB.MUMBASE.MCGM.GOV.IN", "LAST_EDITED_DATE": 1714416942000, "HEIGHT_TO_MSL": null, "AFFECT_ELECTRIC": null, "AFFECT_HAZ_MAT": null, "WARD": "H/E", "AFFECT_AREA": null, "SUBTYPE": null, "AFFECT_BEST_ROUTE": null, "AFFECTED_HUT": null, "AFFECT_POPULATION": null, "SHAPE.AREA": 162.24749975, "SHAPE.LEN": 45.2112114171}}, {"type": "Feature", "id": 103, "geometry": {"type": "Polygon", "coordinates": [[[72.86817511522418, 19.052158700809024], [72.86836013825382, 19.052004770155964], [72.86856398517224, 19.0518740964111], [72.86878345308494, 19.051768754360026], [72.86901507665176, 19.05169039665404], [72.8692551935092, 19.05164026269868], [72.86950003321185, 19.051619130906868], [72.86974572338656, 19.051627356708444], [72.86998840272743, 19.051664800690265], [72.87022421768664, 19.051730863784343], [72.87044947600228, 19.051824514329557], [72.87066060513187, 19.051944269523055], [72.87085429501359, 19.05208824764718], [72.8710274809551, 19.052254168770578], [72.87117742720376, 19.052439430679335], [72.8713017813028, 19.052641092337197], [72.87139856497558, 19.05285599300771], [72.87146626177432, 19.053080732486542], [72.87150380830278, 19.053311764034156], [72.87151061251782, 19.05354544968457], [72.87148655601229, 19.0537781054346], [72.87143202085404, 19.054006057556837], [72.87134788011433, 19.05422571565693], [72.87123543847238, 19.05443361263826], [72.8710964893862, 19.054626465884336], [72.870933218272, 19.054801246600988], [72.87074819871924, 19.05495517887418], [72.87054433979698, 19.05508584926546], [72.87032487284677, 19.055191199438035], [72.87009324078555, 19.05526956553014], [72.86985311774428, 19.055319701870133], [72.86960826698954, 19.055340822695275], [72.8693625752211, 19.05533259351636], [72.86911989933672, 19.055295153736335], [72.86888407731952, 19.055229081547402], [72.86865882038511, 19.055135433330005], [72.86844767970486, 19.05501567100364], [72.86825399187042, 19.05487169210381], [72.86808080560394, 19.054705766605252], [72.86793086977882, 19.054520507874003], [72.86780651790687, 19.054318843326506], [72.86770973458783, 19.054103943835063], [72.86764203887844, 19.053879207923853], [72.86760449600601, 19.05364816344526], [72.86759770576104, 19.05341448460609], [72.86762176943238, 19.053181829899838], [72.86767630451732, 19.052953881117887], [72.86776045100392, 19.052734224192513], [72.86787288208106, 19.052526329451652], [72.86801183651487, 19.05233347160593], [72.86817511522418, 19.052158700809024]]]}, "properties": {"OBJECTID": 103, "NAME": "Samarth Nagar, Near Railway Track, Chunabhatti", "TYPE": 2, "LOCATION": "Padwal Bhavan,Station Road,Opp Padwal Bhavan,Chunabhatti,Mumbai,400070", "AWSID": "WS19196800038", "STRETCH": 60, "DEPTH": 2, "AFFECT_ROAD": "Station Road ", "AFFECT_RAIL": "No", "NO_DE_WATER_PUMP": 1, "REMARKS": "Planning Stage (2025)", "FEATUREID": "FS15000000019", "EDUPDATEUSER": null, "EDUPDATETIME": null, "CREATED_USER": null, "CREATED_DATE": 1506429885000, "LAST_EDITED_USER": "DMMASTER@PRSRVGISDB.MUMBASE.MCGM.GOV.IN", "LAST_EDITED_DATE": 1750855969000, "HEIGHT_TO_MSL": null, "AFFECT_ELECTRIC": "No", "AFFECT_HAZ_MAT": null, "WARD": "L", "AFFECT_AREA": "Chunabhatti ", "SUBTYPE": null, "AFFECT_BEST_ROUTE": null, "AFFECTED_HUT": 120, "AFFECT_POPULATION": 300, "SHAPE.AREA": 133103.06293131, "SHAPE.LEN": 1294.1510666933}}, {"type": "Feature", "id": 215, "geometry": {"type": "Polygon", "coordinates": [[[72.86727499959366, 19.112797797597032], [72.86721544329781, 19.112794235811364], [72.86715682528215, 19.112783606918555], [72.86710007084675, 19.112766077910354], [72.86704607537389, 19.11274192563065], [72.86699569014574, 19.112711531191415], [72.86694971008536, 19.112675372604148], [72.86690885857803, 19.1126340227972], [72.86687378391422, 19.112588130605683], [72.86684503455226, 19.112538423194216], [72.86682306703229, 19.11248568176045], [72.86680822700944, 19.112430738605003], [72.86680074755101, 19.11237446175626], [72.86680074841875, 19.112317736896603], [72.86680822666116, 19.112261460027362], [72.86682306828179, 19.112206516828987], [72.86684503596958, 19.112153776196127], [72.86687378459067, 19.112104067835844], [72.86690886126985, 19.112058175945986], [72.86694971126528, 19.1120168257346], [72.86699569146683, 19.111980668221168], [72.86704607617777, 19.111950273981225], [72.86710007056668, 19.11192612156], [72.86715682497629, 19.1119085931223], [72.86721544266297, 19.11189796370319], [72.8672749997366, 19.111894402342557], [72.86733455666537, 19.111897964089117], [72.86739317534216, 19.111908592908026], [72.86744992858488, 19.111926121790848], [72.86750392387675, 19.1119502739339], [72.8675543089969, 19.111980668222824], [72.86760028904064, 19.112016825752416], [72.86764113868949, 19.112058176291413], [72.86767621538502, 19.112104068370723], [72.8677049639983, 19.112153775660193], [72.86772693177697, 19.11220651701327], [72.86774177304963, 19.112261460134338], [72.86774925187987, 19.112317736964858], [72.86774925228609, 19.11237446186692], [72.86774177339905, 19.112430738793183], [72.86772693299642, 19.11248568210301], [72.867704964572, 19.112538422851372], [72.86767621609654, 19.112588131356265], [72.86764114138622, 19.112634023421776], [72.86760029043964, 19.112675372872058], [72.86755431013337, 19.11271153143139], [72.86750392525464, 19.11274192579489], [72.86744992873363, 19.11276607829069], [72.8673931749927, 19.11278360680295], [72.86733455699273, 19.112794236248572], [72.86727499959366, 19.112797797597032]]]}, "properties": {"OBJECTID": 215, "NAME": "J B Nagar (Delete)", "TYPE": 2, "LOCATION": " M V Road,Near J B Nagar Metro Station,Andheri East,Mumbai,400059", "AWSID": "WS19247700031", "STRETCH": 30, "DEPTH": 1.5, "AFFECT_ROAD": "M V Road", "AFFECT_RAIL": "No", "NO_DE_WATER_PUMP": 1, "REMARKS": null, "FEATUREID": "FS11000000005", "EDUPDATEUSER": null, "EDUPDATETIME": null, "CREATED_USER": null, "CREATED_DATE": 1507037244000, "LAST_EDITED_USER": "DMMASTER@PRSRVGISDB.MUMBASE.MCGM.GOV.IN", "LAST_EDITED_DATE": 1653213734000, "HEIGHT_TO_MSL": null, "AFFECT_ELECTRIC": "No", "AFFECT_HAZ_MAT": null, "WARD": "K/E", "AFFECT_AREA": "Andheri East", "SUBTYPE": null, "AFFECT_BEST_ROUTE": null, "AFFECTED_HUT": null, "AFFECT_POPULATION": null, "SHAPE.AREA": 7836.8085713, "SHAPE.LEN": 314.02235705239104}}, {"type": "Feature", "id": 135, "geometry": {"type": "Polygon", "coordinates": [[[72.87010069979073, 19.08078851740182], [72.87007228909128, 19.080786817841243], [72.87004432624111, 19.080781746140016], [72.8700172529455, 19.08077338237545], [72.86999149504088, 19.080761858831128], [72.86996745969113, 19.080747356351328], [72.86994552587683, 19.08073010513436], [72.86992603881122, 19.080710375635217], [72.86990930612882, 19.080688479424747], [72.86989559226693, 19.080664762801764], [72.8698851128816, 19.080639597695846], [72.86987803387476, 19.080613383462474], [72.86987446587953, 19.080586532367033], [72.86987446619491, 19.08055946689735], [72.86987803409404, 19.080532615193153], [72.86988511283967, 19.080506402036637], [72.86989559268419, 19.080481237144813], [72.86990930606247, 19.08045751963022], [72.86992603917564, 19.08043562368269], [72.86994552633793, 19.080415894890926], [72.86996746051815, 19.080398643138384], [72.8699914952627, 19.08038414081893], [72.87001725332546, 19.080372616613854], [72.87004432669097, 19.080364253685666], [72.87007228902716, 19.08035918169266], [72.8701007003655, 19.08035748226265], [72.87012911099288, 19.080359181811826], [72.87015707377739, 19.08036425349375], [72.87018414701791, 19.08037261723233], [72.87020990488142, 19.080384140745615], [72.87023394020665, 19.080398643191238], [72.87025587401452, 19.080415894373086], [72.87027536109225, 19.08043562383836], [72.87029209380454, 19.080457520018346], [72.8703058077122, 19.080481236616095], [72.8703162871563, 19.08050640170368], [72.87032336623125, 19.08053261592674], [72.87032693428804, 19.080559467923678], [72.8703269340578, 19.08058653249737], [72.87032336623963, 19.080613383313906], [72.87031628753178, 19.080639598299506], [72.87030580774727, 19.08066476231695], [72.87029209345216, 19.08068847985343], [72.87027536130451, 19.080710375846856], [72.8702558741278, 19.08073010557652], [72.87023393993795, 19.08074735645837], [72.87020990515529, 19.080761858805925], [72.87018414703984, 19.080773383032934], [72.87015707361037, 19.080781745975553], [72.870129111203, 19.08078681797458], [72.87010069979073, 19.08078851740182]]]}, "properties": {"OBJECTID": 135, "NAME": "Indian Airlines Ideal School (Delete)", "TYPE": 2, "LOCATION": "Indian Airlines Ideal School,Air India Road,In Side Air India Colony,Air India Colony,Mumbai,400029", "AWSID": "WS19207400037", "STRETCH": 50, "DEPTH": 2, "AFFECT_ROAD": null, "AFFECT_RAIL": "No", "NO_DE_WATER_PUMP": 1, "REMARKS": null, "FEATUREID": "FS21000000001", "EDUPDATEUSER": null, "EDUPDATETIME": null, "CREATED_USER": null, "CREATED_DATE": 1506592289000, "LAST_EDITED_USER": "DMMASTER@PRSRVGISDB.MUMBASE.MCGM.GOV.IN", "LAST_EDITED_DATE": 1653077181000, "HEIGHT_TO_MSL": null, "AFFECT_ELECTRIC": "No", "AFFECT_HAZ_MAT": null, "WARD": "H/E", "AFFECT_AREA": "Air India Colony", "SUBTYPE": null, "AFFECT_BEST_ROUTE": null, "AFFECTED_HUT": null, "AFFECT_POPULATION": null, "SHAPE.AREA": 1784.03093402, "SHAPE.LEN": 149.827709454262}}, {"type": "Feature", "id": 136, "geometry": {"type": "Polygon", "coordinates": [[[72.872745800363, 19.080605384451886], [72.87271735356147, 19.08060368217374], [72.8726893574398, 19.08059860506665], [72.8726622489782, 19.080590231340608], [72.87263645972645, 19.08057869243589], [72.87261239491711, 19.080564171878656], [72.87259043353461, 19.080546899862053], [72.87257092270801, 19.080527145955344], [72.87255417101537, 19.080505222639484], [72.87254043815003, 19.080481476155196], [72.87252994640046, 19.080456280312525], [72.87252285884837, 19.080430032626023], [72.87251928607586, 19.08040314987579], [72.87251928543483, 19.080376050936945], [72.87252285808204, 19.080349165778102], [72.8725299463371, 19.080322919171945], [72.87254043852448, 19.08029772352521], [72.87255416994664, 19.080273977083234], [72.87257092396082, 19.08025205400663], [72.87259043392527, 19.080232300780665], [72.87261239472498, 19.080215026412496], [72.87263645986437, 19.080200506913954], [72.87266225022411, 19.080188969143975], [72.8726893559032, 19.080180595346157], [72.87271735434804, 19.080175517035336], [72.87274579989169, 19.080173815779993], [72.87277424567105, 19.08017551803578], [72.87280224267685, 19.08018059513449], [72.87282935013329, 19.08018896882352], [72.87285513935534, 19.080200506793986], [72.87287920415162, 19.080215026413846], [72.8729011655046, 19.080232300201487], [72.87292067634336, 19.080252054074258], [72.87293742901586, 19.080273977370506], [72.87295116097715, 19.080297723818536], [72.87296165278563, 19.080322919642818], [72.87296874136744, 19.080349166426814], [72.87297231420173, 19.080376050078527], [72.8729723139666, 19.080403149013552], [72.87296874138897, 19.08043003418792], [72.87296165319493, 19.08045628081693], [72.87295116105616, 19.080481476492473], [72.87293742967871, 19.080505222064257], [72.87292067661855, 19.08052714608996], [72.87290116570132, 19.08054689933982], [72.87287920489193, 19.0805641728374], [72.87285514066424, 19.08057869237505], [72.87282935119008, 19.080590231081143], [72.8728022435586, 19.080598603968355], [72.87277424503087, 19.08060368318835], [72.872745800363, 19.080605384451886]]]}, "properties": {"OBJECTID": 136, "NAME": "Air India Colony N Building (Air India Road)", "TYPE": 2, "LOCATION": "Air India Colony N Building,Air India Road,Near Air India Colony N Building,Air India Colony,Mumbai,400029", "AWSID": "WS19207400037", "STRETCH": 30, "DEPTH": 1, "AFFECT_ROAD": null, "AFFECT_RAIL": "No", "NO_DE_WATER_PUMP": 1, "REMARKS": "Already Tackled (2024-25)", "FEATUREID": "FS21000000002", "EDUPDATEUSER": null, "EDUPDATETIME": null, "CREATED_USER": null, "CREATED_DATE": 1506592289000, "LAST_EDITED_USER": "DMMASTER@PRSRVGISDB.MUMBASE.MCGM.GOV.IN", "LAST_EDITED_DATE": 1714156386000, "HEIGHT_TO_MSL": null, "AFFECT_ELECTRIC": "No", "AFFECT_HAZ_MAT": null, "WARD": "H/E", "AFFECT_AREA": "Air India Colony", "SUBTYPE": 3, "AFFECT_BEST_ROUTE": "2022", "AFFECTED_HUT": null, "AFFECT_POPULATION": null, "SHAPE.AREA": 1788.4430886, "SHAPE.LEN": 150.01286736944}}, {"type": "Feature", "id": 2242, "geometry": {"type": "Polygon", "coordinates": [[[72.87012496328691, 19.111293257840416], [72.87012491355009, 19.111293252846302], [72.87012486543608, 19.11129323929135], [72.87012482040684, 19.11129321758742], [72.87012477983053, 19.111293188393972], [72.87012474494007, 19.11129315259804], [72.87012471679557, 19.111293111287264], [72.87012469625218, 19.111293065716847], [72.87012468393412, 19.11129301727143], [72.87012468021565, 19.111292967422994], [72.87012468520976, 19.111292917686164], [72.87012469876471, 19.111292869572168], [72.87012472046865, 19.11129282454292], [72.8701247496621, 19.111292783966622], [72.87012478545802, 19.111292749076153], [72.8701248267688, 19.111292720931647], [72.87012487233922, 19.111292700388265], [72.87012492078463, 19.111292688070197], [72.87012497063307, 19.11129268435173], [72.8701250203699, 19.111292689345845], [72.8701250684839, 19.111292702900798], [72.87012511351314, 19.111292724604727], [72.87012515408945, 19.111292753798175], [72.87012518897991, 19.111292789594106], [72.87012521712441, 19.111292830904883], [72.8701252376678, 19.1112928764753], [72.87012524998586, 19.11129292492072], [72.87012525370433, 19.111292974769153], [72.87012524871022, 19.111293024505983], [72.87012523515527, 19.11129307261998], [72.87012521345133, 19.111293117649225], [72.87012518425789, 19.111293158225525], [72.87012514846197, 19.111293193115994], [72.87012510715118, 19.1112932212605], [72.87012506158077, 19.11129324180388], [72.87012501313535, 19.11129325412195], [72.87012496328691, 19.111293257840416]]]}, "properties": {"OBJECTID": 2242, "NAME": "Marol Fish Market, Andheri Kurla road. (Delete)", "TYPE": 2, "LOCATION": "Sir Mathuradas Vasanji Rd, Ajit Nagar, J B Nagar, Andheri East, Mumbai, Maharashtra 400059", "AWSID": "WS19247700031", "STRETCH": null, "DEPTH": null, "AFFECT_ROAD": null, "AFFECT_RAIL": null, "NO_DE_WATER_PUMP": null, "REMARKS": "Already Tackled (2024-25)", "FEATUREID": "FS11000000035", "EDUPDATEUSER": null, "EDUPDATETIME": null, "CREATED_USER": "DMMASTER", "CREATED_DATE": 1623649431000, "LAST_EDITED_USER": "DMMASTER@PRSRVGISDB.MUMBASE.MCGM.GOV.IN", "LAST_EDITED_DATE": 1714129681000, "HEIGHT_TO_MSL": null, "AFFECT_ELECTRIC": null, "AFFECT_HAZ_MAT": null, "WARD": "K/E", "AFFECT_AREA": null, "SUBTYPE": 2, "AFFECT_BEST_ROUTE": "2022", "AFFECTED_HUT": null, "AFFECT_POPULATION": null, "SHAPE.AREA": 0.00315141, "SHAPE.LEN": 0.199260415874906}}, {"type": "Feature", "id": 451, "geometry": {"type": "Polygon", "coordinates": [[[72.87463188193503, 19.078169902118844], [72.87461538193432, 19.078168529443644], [72.87459938384538, 19.078164453652647], [72.87458437346169, 19.078157798677083], [72.87457080518847, 19.07814876576736], [72.87455909447799, 19.078137630696087], [72.87454959423165, 19.078124731743177], [72.87454259397676, 19.078110459750572], [72.87453830668323, 19.078095248937213], [72.87453686419848, 19.078079562394247], [72.87453830701745, 19.078063874804794], [72.87454259388554, 19.078048664425335], [72.87454959446454, 19.078034392225987], [72.87455909419745, 19.078021492913873], [72.87457080497646, 19.078010357894197], [72.87458437286897, 19.078001325423404], [72.87459938395534, 19.07799466983737], [72.8746153824577, 19.077990595437615], [72.87463188232303, 19.077989222172665], [72.87464838230642, 19.077990594844703], [72.87466438039228, 19.077994669726877], [72.87467939076588, 19.078001324694913], [72.87469295903468, 19.078010357596177], [72.87470466974698, 19.07802149265909], [72.87471417000117, 19.0780343916047], [72.87472117026896, 19.07804866359202], [72.87472545661747, 19.078063875294873], [72.87472690007009, 19.07807956184906], [72.87472545726844, 19.078095249441674], [72.87472117041494, 19.078110459826817], [72.87471416984606, 19.078124732033697], [72.87470467011757, 19.078137631354267], [72.87469295933674, 19.078148766382313], [72.87467939143639, 19.078157798860378], [72.8746643803371, 19.07816445445171], [72.87464838181832, 19.078168528854146], [72.87463188193503, 19.078169902118844]]]}, "properties": {"OBJECTID": 451, "NAME": "Kalina, Shastrinagar, Santacruz (Delete)", "TYPE": 2, "LOCATION": "Shatri Nagar Road, Near Shiv mandir, Santacruz East, Mumbai, 400029", "AWSID": "WS19207400037", "STRETCH": 50, "DEPTH": 2, "AFFECT_ROAD": null, "AFFECT_RAIL": "No", "NO_DE_WATER_PUMP": 0, "REMARKS": null, "FEATUREID": "FS21000000041", "EDUPDATEUSER": null, "EDUPDATETIME": null, "CREATED_USER": "DMMASTER", "CREATED_DATE": 1529143829000, "LAST_EDITED_USER": "DMMASTER@PRSRVGISDB.MUMBASE.MCGM.GOV.IN", "LAST_EDITED_DATE": 1653383191000, "HEIGHT_TO_MSL": null, "AFFECT_ELECTRIC": "No", "AFFECT_HAZ_MAT": "No", "WARD": "H/E", "AFFECT_AREA": "Shastri Nagar", "SUBTYPE": null, "AFFECT_BEST_ROUTE": null, "AFFECTED_HUT": 100, "AFFECT_POPULATION": 300, "SHAPE.AREA": 312.70242961499997, "SHAPE.LEN": 62.765756159191795}}, {"type": "Feature", "id": 11, "geometry": {"type": "Polygon", "coordinates": [[[72.87984806120346, 19.06817368525623], [72.87958246054517, 19.068205417561494], [72.87931475272352, 19.068205268647823], [72.87904918665788, 19.068173207007437], [72.87878994451079, 19.068109743254563], [72.87854111647854, 19.068015894605253], [72.87830661404995, 19.067893132389457], [72.87809014339122, 19.067743382643354], [72.8778951255414, 19.067569026089153], [72.8777246121305, 19.067372802315777], [72.87758132915363, 19.067157803954245], [72.87746750368098, 19.06692743312717], [72.87738494877327, 19.066685298545362], [72.87733495009066, 19.066435243103577], [72.87731831423947, 19.06618120352424], [72.87733530074034, 19.065927182475086], [72.87738563228612, 19.065677189974874], [72.87746852238426, 19.065435162419035], [72.87758265864997, 19.065204932582375], [72.87772624238403, 19.06499010633069], [72.87789700431273, 19.064794095324736], [72.87809226814785, 19.06461997504041], [72.87830892376239, 19.064470502531293], [72.8785435889402, 19.064348021645444], [72.8787925465329, 19.06425447404986], [72.8790518735645, 19.06419133116829], [72.87931748109172, 19.064159596449272], [72.87958515668619, 19.06415975075722], [72.87985071837186, 19.064191822791766], [72.88010996578814, 19.06425526929315], [72.8803587895169, 19.064349117207623], [72.88059329000022, 19.064471874723594], [72.88080975930997, 19.064621619578187], [72.88100477834686, 19.064795974877548], [72.88117529175685, 19.064992193956588], [72.88131857903471, 19.0652071916557], [72.88143241190184, 19.065437569609056], [72.88151496972813, 19.065679693852754], [72.88156497375199, 19.065929748753245], [72.88158161611393, 19.066183790385814], [72.88156463600194, 19.066437810637375], [72.88151431216534, 19.0666878039631], [72.88143142597175, 19.06692983470908], [72.88131729237244, 19.06716006818243], [72.88117371177337, 19.067374895657412], [72.88100295039352, 19.067570910669566], [72.88080768550465, 19.06774503214037], [72.8805910272215, 19.067894509149788], [72.88035635896759, 19.068016990466678], [72.8801073942432, 19.0681105423685], [72.87984806120346, 19.06817368525623]]]}, "properties": {"OBJECTID": 11, "NAME": "Kurla Station west near Police Chowky", "TYPE": 2, "LOCATION": "S G Barve Road,Near Police Chowki,Kurla Station,Mumbai,400070", "AWSID": "WS19196800038", "STRETCH": 50, "DEPTH": 2, "AFFECT_ROAD": "S G Barve Road ", "AFFECT_RAIL": "No", "NO_DE_WATER_PUMP": 1, "REMARKS": "Will be tackled before Monsoon 26 (2025)", "FEATUREID": "FS15000000002", "EDUPDATEUSER": null, "EDUPDATETIME": null, "CREATED_USER": null, "CREATED_DATE": 1506429884000, "LAST_EDITED_USER": "DMMASTER@PRSRVGISDB.MUMBASE.MCGM.GOV.IN", "LAST_EDITED_DATE": 1750856088000, "HEIGHT_TO_MSL": null, "AFFECT_ELECTRIC": "No", "AFFECT_HAZ_MAT": null, "WARD": "L", "AFFECT_AREA": "Kurla Station ", "SUBTYPE": null, "AFFECT_BEST_ROUTE": null, "AFFECTED_HUT": null, "AFFECT_POPULATION": null, "SHAPE.AREA": 157786.704808525, "SHAPE.LEN": 1409.0491853872102}}, {"type": "Feature", "id": 218, "geometry": {"type": "Polygon", "coordinates": [[[72.87706770002056, 19.105919198135524], [72.87700814470944, 19.10591563701688], [72.87694953007042, 19.105905006918793], [72.87689277753474, 19.105887478349775], [72.87683878534355, 19.10586332633084], [72.87678840098405, 19.105832930980664], [72.87674242313534, 19.105796773924677], [72.87670157526236, 19.105755422634626], [72.87666649989247, 19.10570953216886], [72.87663775319174, 19.105659823431033], [72.8766157859755, 19.105607082047467], [72.8766009458509, 19.105552139423168], [72.87659346785514, 19.10549586179436], [72.87659346797854, 19.10543913660469], [72.87660094712673, 19.105382859905188], [72.87661578661307, 19.105327917333707], [72.87663775396348, 19.105275176052583], [72.87666650124726, 19.10522546666424], [72.87670157562046, 19.105179576106845], [72.87674242435322, 19.10513822603421], [72.87678840343804, 19.105102068399045], [72.8768387862902, 19.105071673811068], [72.87689277908699, 19.10504752087509], [72.87694953031404, 19.105029992688177], [72.8770081461504, 19.10501936256513], [72.87706769986488, 19.105015802276363], [72.8771272539089, 19.10501936333407], [72.87718587015917, 19.105029993369318], [72.87724262056366, 19.10504752089907], [72.87729661446244, 19.105071673706565], [72.87734699682525, 19.10510206798149], [72.87739297558416, 19.105138225797116], [72.87743382447186, 19.105179576045973], [72.87746889901149, 19.105225467269687], [72.87749764591344, 19.105275175896534], [72.87751961338819, 19.105327917199325], [72.87753445286224, 19.105382859767182], [72.87754193212977, 19.10543913739961], [72.87754193234163, 19.105495861717408], [72.87753445443737, 19.105552139398903], [72.87751961426878, 19.1056070820597], [72.87749764714337, 19.10565982256404], [72.8774689000053, 19.105709532096867], [72.87743382475078, 19.105755422796847], [72.87739297694407, 19.105796773936518], [72.87734699872789, 19.105832930822253], [72.87729661474653, 19.10586332642598], [72.8772426217411, 19.10588747765233], [72.8771858702213, 19.105905006806005], [72.8771272550219, 19.105915636966635], [72.87706770002056, 19.105919198135524]]]}, "properties": {"OBJECTID": 218, "NAME": "Airport (Delete)", "TYPE": 2, "LOCATION": "Airport Road,Opp Airport,Andheri East,Mumbai,400059", "AWSID": "WS19247700031", "STRETCH": 40, "DEPTH": 1.5, "AFFECT_ROAD": null, "AFFECT_RAIL": "No", "NO_DE_WATER_PUMP": 1, "REMARKS": null, "FEATUREID": "FS11000000008", "EDUPDATEUSER": null, "EDUPDATETIME": null, "CREATED_USER": null, "CREATED_DATE": 1507037244000, "LAST_EDITED_USER": "DMMASTER@PRSRVGISDB.MUMBASE.MCGM.GOV.IN", "LAST_EDITED_DATE": 1653213740000, "HEIGHT_TO_MSL": null, "AFFECT_ELECTRIC": "No", "AFFECT_HAZ_MAT": null, "WARD": "K/E", "AFFECT_AREA": "Andheri East", "SUBTYPE": null, "AFFECT_BEST_ROUTE": null, "AFFECTED_HUT": 400, "AFFECT_POPULATION": 900, "SHAPE.AREA": 7836.71844644, "SHAPE.LEN": 314.02055139093505}}, {"type": "Feature", "id": 570, "geometry": {"type": "Polygon", "coordinates": [[[72.87950059944544, 19.06691005125951], [72.87947052908001, 19.066907551117833], [72.87944137451267, 19.066900121509814], [72.87941401629884, 19.06688799296201], [72.87938928959989, 19.066871529163553], [72.87936794702392, 19.066851235571274], [72.87935063244369, 19.066827726590716], [72.87933787735808, 19.06680171288815], [72.87933006588591, 19.066773990148583], [72.87932743241069, 19.066745400207893], [72.87933006471785, 19.066716808506943], [72.87933787667939, 19.066689085712074], [72.87935063338684, 19.066663073679848], [72.87936794761652, 19.066639564641328], [72.87938929259134, 19.066619268831126], [72.87941401727036, 19.066602807437395], [72.87944137339242, 19.066590677685376], [72.87947052976966, 19.066583249388888], [72.87950060003945, 19.066580749010733], [72.87953067034739, 19.066583249141924], [72.87955982678893, 19.066590676946635], [72.87958718304651, 19.066602807253886], [72.87961190787708, 19.066619267389864], [72.87963325231284, 19.06663956458876], [72.87965056691908, 19.066663073545165], [72.8796633239702, 19.06668908544572], [72.87967113547391, 19.06671680998264], [72.87967376710903, 19.06674539990232], [72.87967113488234, 19.066773989807484], [72.8796633229463, 19.066801714427502], [72.87965056818359, 19.066827725603403], [72.87963325205739, 19.066851235551315], [72.87961191089887, 19.06687152962672], [72.87958718427117, 19.06688799282903], [72.87955982620657, 19.06690012257679], [72.87953067167452, 19.06690755090404], [72.87950059944544, 19.06691005125951]]]}, "properties": {"OBJECTID": 570, "NAME": "Durrani Chowk, Near kurla Station (Delete)", "TYPE": 2, "LOCATION": "Kurla Station Road, Near Kurla Station, Kurla West, Mumbai, 400072", "AWSID": "WS19196800038", "STRETCH": 100, "DEPTH": 1, "AFFECT_ROAD": "Kurla Station Road", "AFFECT_RAIL": "No", "NO_DE_WATER_PUMP": 0, "REMARKS": null, "FEATUREID": "FS15000000033", "EDUPDATEUSER": null, "EDUPDATETIME": null, "CREATED_USER": "DMMASTER", "CREATED_DATE": 1529143829000, "LAST_EDITED_USER": "DMMASTER@PRSRVGISDB.MUMBASE.MCGM.GOV.IN", "LAST_EDITED_DATE": 1653390985000, "HEIGHT_TO_MSL": null, "AFFECT_ELECTRIC": "No", "AFFECT_HAZ_MAT": "No", "WARD": "L", "AFFECT_AREA": "Durrani Chowk", "SUBTYPE": null, "AFFECT_BEST_ROUTE": null, "AFFECTED_HUT": null, "AFFECT_POPULATION": null, "SHAPE.AREA": 1038.727656215, "SHAPE.LEN": 114.395248241884}}, {"type": "Feature", "id": 581, "geometry": {"type": "Polygon", "coordinates": [[[72.88035719953464, 19.073726439949873], [72.88034070081821, 19.07372506783599], [72.88032470296274, 19.073720991665144], [72.88030969173198, 19.07371433715895], [72.88029612535058, 19.073705303790693], [72.88028441354909, 19.073694169060772], [72.88027491399411, 19.073681270389983], [72.88026791433258, 19.073666997686974], [72.88026362847242, 19.07365178698242], [72.88026218353731, 19.07363610040696], [72.880263627638, 19.07362041273155], [72.88026791383939, 19.073605202150336], [72.88027491372321, 19.073590929661393], [72.8802844136921, 19.073578030894783], [72.88029612472113, 19.07356689635282], [72.88030969196019, 19.07355786339109], [72.88032470338635, 19.073551208188558], [72.88034070137464, 19.0735471323316], [72.88035719983046, 19.073545760301258], [72.88037369852957, 19.073547132411985], [72.88038969733182, 19.073551207684936], [72.8804047075911, 19.073557863075838], [72.88041827491797, 19.07356689644654], [72.8804299857714, 19.07357803115719], [72.88043948628408, 19.07359092983161], [72.88044648597003, 19.07360520162618], [72.8804507718351, 19.073620413231204], [72.88045221583826, 19.07363609979599], [72.88045077176638, 19.073651786571407], [72.8804464855681, 19.07366699806144], [72.88043948570586, 19.073681269654774], [72.88042998572992, 19.07369416933299], [72.88041827469908, 19.073705303883315], [72.88040470840204, 19.07371433686323], [72.880389696963, 19.073720992071078], [72.8803736989583, 19.07372506793072], [72.88035719953464, 19.073726439949873]]]}, "properties": {"OBJECTID": 581, "NAME": "Dr Ambedkar Chowk (Delete)", "TYPE": 2, "LOCATION": "C S T Road, Near Budhvihar, Kurla West, Mumbai, 400070", "AWSID": "WS19207400037", "STRETCH": 40, "DEPTH": 1, "AFFECT_ROAD": null, "AFFECT_RAIL": "No", "NO_DE_WATER_PUMP": 0, "REMARKS": null, "FEATUREID": "FS15000000044", "EDUPDATEUSER": null, "EDUPDATETIME": null, "CREATED_USER": "DMMASTER", "CREATED_DATE": 1529143829000, "LAST_EDITED_USER": "DMMASTER@PRSRVGISDB.MUMBASE.MCGM.GOV.IN", "LAST_EDITED_DATE": 1653391027000, "HEIGHT_TO_MSL": null, "AFFECT_ELECTRIC": "No", "AFFECT_HAZ_MAT": "No", "WARD": "L", "AFFECT_AREA": null, "SUBTYPE": null, "AFFECT_BEST_ROUTE": null, "AFFECTED_HUT": null, "AFFECT_POPULATION": null, "SHAPE.AREA": 312.70033095, "SHAPE.LEN": 62.765545540062796}}, {"type": "Feature", "id": 19, "geometry": {"type": "Polygon", "coordinates": [[[72.88026199986521, 19.074401494624286], [72.88023119393954, 19.074399652647646], [72.88020087441738, 19.074394152590077], [72.88017151802622, 19.074385083939166], [72.88014358942799, 19.07437258843367], [72.88011752692486, 19.074356863512243], [72.88009374443924, 19.074338156013297], [72.88007261440427, 19.07431676288128], [72.88005447076289, 19.07429301945864], [72.88003960133416, 19.074267302107828], [72.88002823847552, 19.074240015457885], [72.88002056195528, 19.074211590631016], [72.88001669435297, 19.07418247344703], [72.88001669343714, 19.07415312614221], [72.8800205618944, 19.074124009415808], [72.8800282387575, 19.074095584138], [72.88003960147766, 19.074068297824603], [72.88005447168156, 19.074042580187115], [72.8800726143018, 19.074018836799766], [72.8800937442953, 19.073997443757275], [72.88011752773107, 19.073978736848133], [72.88014358938919, 19.073963011642178], [72.88017151855222, 19.073950516330992], [72.88020087476163, 19.073941447277857], [72.88023119447855, 19.073935948191153], [72.8802619996901, 19.073934105706964], [72.88029280553108, 19.073935947670254], [72.88032312498756, 19.073941446802017], [72.88035248130244, 19.07395051632556], [72.88038041080219, 19.07396301180551], [72.88040647232657, 19.07397873667587], [72.88043025480461, 19.07399744413355], [72.88045138485379, 19.07401883722575], [72.88046952758037, 19.074042580601603], [72.88048439801273, 19.07406829793369], [72.88049576095194, 19.074095583658913], [72.88050343754068, 19.074124009376774], [72.88050730619034, 19.07415312566659], [72.88050730623127, 19.074182473871975], [72.8805034378556, 19.074211590616525], [72.88049576202542, 19.074240015028913], [72.88048439840088, 19.074267302268296], [72.8804695291858, 19.074293019955313], [72.88045138564553, 19.074316762469618], [72.8804302556372, 19.074338156456122], [72.88040647312648, 19.074356863414327], [72.88038041047369, 19.074372588642373], [72.88035248219866, 19.074385083990304], [72.88032312591413, 19.07439415306043], [72.88029280611353, 19.074399652154245], [72.88026199986521, 19.074401494624286]]]}, "properties": {"OBJECTID": 19, "NAME": "Kurla Station west 2", "TYPE": 2, "LOCATION": "L B S Road,Opp Bal Hanuman Mandir,Kurla Signal, Kurla West,Mumbai,400070", "AWSID": "WS19207400037", "STRETCH": 100, "DEPTH": 2, "AFFECT_ROAD": "L B S Road ", "AFFECT_RAIL": "No", "NO_DE_WATER_PUMP": 1, "REMARKS": null, "FEATUREID": "FS15000000010", "EDUPDATEUSER": null, "EDUPDATETIME": null, "CREATED_USER": null, "CREATED_DATE": 1506429884000, "LAST_EDITED_USER": "DMMASTER@PRSRVGISDB.MUMBASE.MCGM.GOV.IN", "LAST_EDITED_DATE": 1689919746000, "HEIGHT_TO_MSL": null, "AFFECT_ELECTRIC": "No", "AFFECT_HAZ_MAT": null, "WARD": "L", "AFFECT_AREA": "Kurla Signal, Kurla West ", "SUBTYPE": null, "AFFECT_BEST_ROUTE": null, "AFFECTED_HUT": null, "AFFECT_POPULATION": null, "SHAPE.AREA": 2097.640657205, "SHAPE.LEN": 162.46375842162502}}, {"type": "Feature", "id": 105, "geometry": {"type": "Polygon", "coordinates": [[[72.87823777584305, 19.07604551411821], [72.87820717283668, 19.07604368314766], [72.87817705215325, 19.076038220254247], [72.87814788866933, 19.076029211296664], [72.8781201442109, 19.07601679708307], [72.87809425325867, 19.076001176819666], [72.87807062694321, 19.075982592800894], [72.8780496358202, 19.07596134014713], [72.87803161289266, 19.075937753290294], [72.87801684031233, 19.07591220582065], [72.87800555237911, 19.075885098778848], [72.87799792604213, 19.07585686054641], [72.87799408388751, 19.075827936040856], [72.87799408375881, 19.075798781176612], [72.87799792643676, 19.07576985663043], [72.87800555195498, 19.075741618766386], [72.87801683970355, 19.07571451150761], [72.87803161321317, 19.0756889636816], [72.87804963650518, 19.075665377235776], [72.87807062646341, 19.075644125573405], [72.87809425393343, 19.075625541823847], [72.87812014371119, 19.075609919745766], [72.87814788983331, 19.07559750667709], [72.87817705185786, 19.07558849716928], [72.87820717290077, 19.07558303409843], [72.87823777590515, 19.075581203202567], [72.87826837977782, 19.075583034170876], [72.87829849943519, 19.075588497030985], [72.87832766285514, 19.07559750595845], [72.87835540821577, 19.075609920146963], [72.87838129817811, 19.07562554126295], [72.8784049244861, 19.075644125240988], [72.87842591562314, 19.075665377855454], [72.87844393954673, 19.075688963784714], [72.87845871216861, 19.07571451212822], [72.87846999922007, 19.07574161913779], [72.87847762468616, 19.07576985734731], [72.87848146882541, 19.075798781872813], [72.87848146810107, 19.07582793583126], [72.8784776255036, 19.075856860395355], [72.87846999910612, 19.075885098274913], [72.87845871236372, 19.07591220557795], [72.87844393889252, 19.07593775344205], [72.8784259156186, 19.075961339928387], [72.87840492469569, 19.075982592523292], [72.87838129815104, 19.07600117632143], [72.87835540834057, 19.07601679752894], [72.87832766309575, 19.076029211537186], [72.87829849910875, 19.07603822013674], [72.8782683789332, 19.076043683225553], [72.87823777584305, 19.07604551411821]]]}, "properties": {"OBJECTID": 105, "NAME": "Annasagar Marg (Delete)", "TYPE": 2, "LOCATION": "Narohna Building,CST Road,In Front of Narohna Building,Kurla West,Mumbai,400070", "AWSID": "WS19207400037", "STRETCH": 40, "DEPTH": 2, "AFFECT_ROAD": null, "AFFECT_RAIL": "No", "NO_DE_WATER_PUMP": 1, "REMARKS": null, "FEATUREID": "FS15000000021", "EDUPDATEUSER": null, "EDUPDATETIME": null, "CREATED_USER": null, "CREATED_DATE": 1506429885000, "LAST_EDITED_USER": "DMMASTER@PRSRVGISDB.MUMBASE.MCGM.GOV.IN", "LAST_EDITED_DATE": 1653246578000, "HEIGHT_TO_MSL": null, "AFFECT_ELECTRIC": "No", "AFFECT_HAZ_MAT": null, "WARD": "L", "AFFECT_AREA": "Kurla West ", "SUBTYPE": null, "AFFECT_BEST_ROUTE": null, "AFFECTED_HUT": 120, "AFFECT_POPULATION": 300, "SHAPE.AREA": 2070.0977597, "SHAPE.LEN": 161.39362551891801}}, {"type": "Feature", "id": 504, "geometry": {"type": "Polygon", "coordinates": [[[72.87862070021384, 19.10867393957874], [72.87860419714222, 19.108672566969677], [72.87858819606383, 19.108668491244895], [72.87857318191277, 19.108661836322664], [72.87855961201834, 19.108652804387436], [72.8785478981339, 19.108641669359855], [72.87853839702815, 19.108628769562067], [72.87853139636074, 19.10861449761886], [72.87852710820445, 19.10859928683397], [72.8785256644332, 19.10858360029766], [72.87852710840177, 19.108567912725388], [72.87853139599977, 19.108552702340592], [72.87853839686676, 19.108538430113512], [72.87854789830796, 19.10852553077372], [72.87855961216371, 19.10851439572725], [72.87857318157543, 19.10850536410199], [72.8785881963827, 19.1084987075696], [72.8786041968889, 19.108494633098864], [72.8786206998131, 19.108493259769855], [72.87863720285584, 19.108494633278898], [72.87865320393115, 19.10849870809483], [72.87866821806054, 19.10850536391268], [72.87868178795054, 19.108514395839435], [72.87869350183682, 19.108525530858632], [72.87870300296193, 19.108538429745998], [72.87871000364228, 19.108552701683898], [72.87871429180349, 19.108567913369225], [72.87871573559272, 19.10858359990578], [72.87871429165303, 19.10859928657807], [72.87871000405814, 19.108614497871702], [72.87870300320127, 19.108628770106318], [72.87869350177604, 19.108641668551453], [72.87868178791847, 19.108652803606308], [72.87866821753728, 19.108661836131034], [72.87865320369022, 19.108668490873423], [72.8786372031445, 19.108672567153118], [72.87862070021384, 19.10867393957874]]]}, "properties": {"OBJECTID": 504, "NAME": "Andheri Kurla Road, Marol Naka Metro Station", "TYPE": 1, "LOCATION": "Andheri Kurla Road, Near Concord Galaxy, Andheri East, Mumbai, 400059", "AWSID": "WS19247700031", "STRETCH": 30, "DEPTH": 1, "AFFECT_ROAD": null, "AFFECT_RAIL": "No", "NO_DE_WATER_PUMP": 0, "REMARKS": "Already Tackled (2024-25)", "FEATUREID": "FS11000000015", "EDUPDATEUSER": null, "EDUPDATETIME": null, "CREATED_USER": "DMMASTER", "CREATED_DATE": 1529143829000, "LAST_EDITED_USER": "DMMASTER@PRSRVGISDB.MUMBASE.MCGM.GOV.IN", "LAST_EDITED_DATE": 1714133801000, "HEIGHT_TO_MSL": null, "AFFECT_ELECTRIC": "No", "AFFECT_HAZ_MAT": "No", "WARD": "K/E", "AFFECT_AREA": "Marol Naka Metro Station Area", "SUBTYPE": 99, "AFFECT_BEST_ROUTE": "2022", "AFFECTED_HUT": null, "AFFECT_POPULATION": null, "SHAPE.AREA": 312.70043748, "SHAPE.LEN": 62.7655562140495}}, {"type": "Feature", "id": 2894, "geometry": {"type": "Polygon", "coordinates": [[[72.88171146427881, 19.08209619672192], [72.88169738475186, 19.08209478427663], [72.88168376439312, 19.08209094840536], [72.88167101705028, 19.082084805659118], [72.88165953004491, 19.08207654268214], [72.88164965240388, 19.082066410540804], [72.88164168425426, 19.082054717095094], [72.8816358677043, 19.082041817644438], [72.88163237948689, 19.082028104132124], [72.88163132558977, 19.082013993236277], [72.88163273803507, 19.081999913709332], [72.88163657390633, 19.081986293350585], [72.88164271665256, 19.081973546007752], [72.88165097962954, 19.08196205900239], [72.88166111177088, 19.08195218136134], [72.8816728052166, 19.081944213211738], [72.88168570466725, 19.08193839666177], [72.88169941817956, 19.08193490844436], [72.88171352907541, 19.081933854547238], [72.88172760860236, 19.081935266992527], [72.8817412289611, 19.0819391028638], [72.88175397630394, 19.08194524561004], [72.8817654633093, 19.081953508587016], [72.88177534095034, 19.081963640728354], [72.88178330909996, 19.081975334174064], [72.88178912564992, 19.08198823362472], [72.88179261386733, 19.082001947137034], [72.88179366776446, 19.08201605803288], [72.88179225531916, 19.082030137559826], [72.88178841944789, 19.082043757918573], [72.88178227670166, 19.082056505261406], [72.88177401372468, 19.08206799226677], [72.88176388158334, 19.082077869907817], [72.88175218813763, 19.08208583805742], [72.88173928868697, 19.08209165460739], [72.88172557517466, 19.082095142824798], [72.88171146427881, 19.08209619672192]]]}, "properties": {"OBJECTID": 2894, "NAME": "Near Sheetal Cinema, LBS Road Kurla (W) (Delete)", "TYPE": 2, "LOCATION": "Near Sheetal Cinema, LBS Road Kurla (W)", "AWSID": "WS20215900036", "STRETCH": null, "DEPTH": null, "AFFECT_ROAD": null, "AFFECT_RAIL": null, "NO_DE_WATER_PUMP": null, "REMARKS": "Already Tackled (2024-25)", "FEATUREID": "FS15000000050", "EDUPDATEUSER": null, "EDUPDATETIME": null, "CREATED_USER": "DMMASTER", "CREATED_DATE": 1623700565000, "LAST_EDITED_USER": "DMMASTER@PRSRVGISDB.MUMBASE.MCGM.GOV.IN", "LAST_EDITED_DATE": 1714071377000, "HEIGHT_TO_MSL": null, "AFFECT_ELECTRIC": null, "AFFECT_HAZ_MAT": null, "WARD": "L", "AFFECT_AREA": null, "SUBTYPE": 2, "AFFECT_BEST_ROUTE": "2022", "AFFECTED_HUT": null, "AFFECT_POPULATION": null, "SHAPE.AREA": 252.4850358, "SHAPE.LEN": 56.399461729320095}}, {"type": "Feature", "id": 428, "geometry": {"type": "Polygon", "coordinates": [[[72.85074412976248, 19.057161649747204], [72.85072763221697, 19.057160277861176], [72.85071163592569, 19.05715620203617], [72.85069662658631, 19.05714954716207], [72.85068306136357, 19.057140514573444], [72.85067135086689, 19.057129380033004], [72.85066185172663, 19.057116480096163], [72.85065485334391, 19.05710220834348], [72.85065056672617, 19.05708699718543], [72.85064912364223, 19.057071309723092], [72.85065056733411, 19.0570556233813], [72.85065485275004, 19.057040411846113], [72.85066185231301, 19.05702613971254], [72.85067135146288, 19.05701323985118], [72.85068306110838, 19.057002105423916], [72.85069662734587, 19.056993072835407], [72.85071163625483, 19.056986418175914], [72.85072763214126, 19.05698234207859], [72.85074412988462, 19.056980969863282], [72.85076062836258, 19.05698234175719], [72.85077662368953, 19.05698641756544], [72.85079163300719, 19.05699307333513], [72.85080519918695, 19.057002105023237], [72.85081690872408, 19.057013240447368], [72.8508264078722, 19.05702614037696], [72.85083340721759, 19.057040412135425], [72.85083769290196, 19.057055623279737], [72.85083913601548, 19.05707130983924], [72.85083769327903, 19.057086997098402], [72.85083340693954, 19.0571022077251], [72.85082640833643, 19.057116479877255], [72.85081690919094, 19.05712937974709], [72.8508051985822, 19.05714051507477], [72.85079163329826, 19.057149546778476], [72.85077662436474, 19.057156202346373], [72.8507606284619, 19.057160278446354], [72.85074412976248, 19.057161649747204]]]}, "properties": {"OBJECTID": 428, "NAME": "Hightake Apartment, Madhusudhan Society, Bandra (Delete)", "TYPE": 2, "LOCATION": "Madhusudan Kalelkar Road, In Front of Hightake Apartment, Madhusudhan Society, Bandra East, Mumbai, 400051", "AWSID": "WS17181900026", "STRETCH": 50, "DEPTH": 2, "AFFECT_ROAD": null, "AFFECT_RAIL": "No", "NO_DE_WATER_PUMP": 0, "REMARKS": null, "FEATUREID": "FS21000000018", "EDUPDATEUSER": null, "EDUPDATETIME": null, "CREATED_USER": "DMMASTER", "CREATED_DATE": 1529143829000, "LAST_EDITED_USER": "DMMASTER@PRSRVGISDB.MUMBASE.MCGM.GOV.IN", "LAST_EDITED_DATE": 1653383104000, "HEIGHT_TO_MSL": null, "AFFECT_ELECTRIC": "No", "AFFECT_HAZ_MAT": "No", "WARD": "H/E", "AFFECT_AREA": "Kala Nagar", "SUBTYPE": null, "AFFECT_BEST_ROUTE": null, "AFFECTED_HUT": null, "AFFECT_POPULATION": null, "SHAPE.AREA": 312.712502015, "SHAPE.LEN": 62.766767008446095}}, {"type": "Feature", "id": 444, "geometry": {"type": "Polygon", "coordinates": [[[72.85041354577915, 19.06313417731248], [72.85039704765354, 19.063132805339944], [72.8503810508159, 19.063128729433245], [72.85036604099213, 19.063122073581617], [72.85035247532718, 19.063113041831272], [72.85034076354022, 19.06310190632333], [72.85033126507523, 19.063089007260487], [72.85032426558867, 19.06307473456781], [72.8503199798456, 19.0630595243133], [72.85031853585251, 19.063043836844702], [72.85031997969963, 19.063028149619917], [72.85032426629586, 19.063012939033776], [72.85033126524235, 19.06299866693767], [72.85034076385683, 19.062985767125923], [72.85035247494663, 19.06297463187764], [72.85036604075938, 19.06296560026039], [72.85038105120397, 19.06295894479386], [72.8503970476846, 19.062954868784697], [72.85041354602417, 19.06295349665807], [72.8504300441325, 19.062954868627422], [72.8504460409439, 19.062958945431546], [72.85046105076924, 19.062965600372515], [72.85047461737959, 19.062974632125464], [72.85048632823023, 19.06298576671087], [72.85049582669144, 19.06299866666956], [72.85050282619093, 19.06301293935696], [72.85050711195042, 19.063028149608822], [72.85050855596144, 19.063043837077686], [72.85050711213162, 19.06305952430566], [72.85050282554997, 19.063074734897487], [72.85049582661357, 19.063089007001146], [72.85048632801511, 19.063101905918217], [72.85047461691182, 19.063113042077983], [72.85046105109122, 19.063122073702488], [72.85044604063373, 19.063128729174313], [72.85043004413667, 19.063132805186132], [72.85041354577915, 19.06313417731248]]]}, "properties": {"OBJECTID": 444, "NAME": "Goverment Colony, in between of Bldg 302, 910, Bandra (E) (Delete)", "TYPE": 2, "LOCATION": "Samaj Mandir Hall Road, In Front of Goverment Colony, Bandra East, Mumbai, 400051", "AWSID": "WS17181900026", "STRETCH": 100, "DEPTH": 3, "AFFECT_ROAD": null, "AFFECT_RAIL": "No", "NO_DE_WATER_PUMP": 0, "REMARKS": null, "FEATUREID": "FS21000000034", "EDUPDATEUSER": null, "EDUPDATETIME": null, "CREATED_USER": "DMMASTER", "CREATED_DATE": 1529143829000, "LAST_EDITED_USER": "DMMASTER@PRSRVGISDB.MUMBASE.MCGM.GOV.IN", "LAST_EDITED_DATE": 1653383165000, "HEIGHT_TO_MSL": null, "AFFECT_ELECTRIC": "No", "AFFECT_HAZ_MAT": "No", "WARD": "H/E", "AFFECT_AREA": "Government Colony", "SUBTYPE": null, "AFFECT_BEST_ROUTE": null, "AFFECTED_HUT": null, "AFFECT_POPULATION": null, "SHAPE.AREA": 312.712901485, "SHAPE.LEN": 62.7668070953915}}, {"type": "Feature", "id": 440, "geometry": {"type": "Polygon", "coordinates": [[[72.85240273853259, 19.082470915024686], [72.85238623943395, 19.082469542151653], [72.85237023976069, 19.082465467130966], [72.85235522911857, 19.082458812190044], [72.8523416609413, 19.082449778621566], [72.85232994872574, 19.082438644029704], [72.85232044915467, 19.08242574497141], [72.85231344884443, 19.082411473188895], [72.85230916167002, 19.0823962620295], [72.85230771846746, 19.082380574583325], [72.8523091615324, 19.082364888263587], [72.85231344865284, 19.082349676788613], [72.85232044937943, 19.082335404718673], [72.85232994910481, 19.082322505825545], [72.85234166062567, 19.082311370581582], [72.85235522899717, 19.08230233808711], [72.852370240257, 19.0822956826233], [72.85238623859354, 19.082291608432772], [72.85240273888111, 19.082290235413602], [72.85241923891235, 19.08229160829451], [72.85243523762111, 19.08229568329844], [72.85245024920303, 19.082302338242883], [72.85246381738754, 19.082311370899767], [72.85247552864337, 19.082322506375295], [72.85248502917223, 19.082335405437405], [72.8524920285455, 19.08234967720355], [72.85249631573635, 19.082364888360267], [72.85249775991842, 19.082380574914676], [72.85249631590924, 19.08239626212964], [72.85249202881504, 19.08241147270721], [72.85248502904847, 19.082425744795756], [72.85247552932748, 19.082438643697362], [72.85246381685486, 19.082449778938635], [72.85245024941376, 19.082458812354563], [72.85243523815265, 19.082465466920517], [72.85241923883812, 19.08246954200578], [72.85240273853259, 19.082470915024686]]]}, "properties": {"OBJECTID": 440, "NAME": "Pride of Vakola Building, Near Kandwala Compound, Vakola Pipe line, Santacruz East (Delete)", "TYPE": 2, "LOCATION": "Vakola Pipeline Road, Near Kandwala Compound, Vakola Pipe line, Santacruz East, Mumbai, 400055", "AWSID": "WS21000010001", "STRETCH": 50, "DEPTH": 2, "AFFECT_ROAD": null, "AFFECT_RAIL": "No", "NO_DE_WATER_PUMP": 0, "REMARKS": null, "FEATUREID": "FS21000000030", "EDUPDATEUSER": null, "EDUPDATETIME": null, "CREATED_USER": "DMMASTER", "CREATED_DATE": 1529143829000, "LAST_EDITED_USER": "DMMASTER@PRSRVGISDB.MUMBASE.MCGM.GOV.IN", "LAST_EDITED_DATE": 1653383141000, "HEIGHT_TO_MSL": null, "AFFECT_ELECTRIC": "No", "AFFECT_HAZ_MAT": "No", "WARD": "H/E", "AFFECT_AREA": "Khandwala Compound", "SUBTYPE": null, "AFFECT_BEST_ROUTE": null, "AFFECTED_HUT": null, "AFFECT_POPULATION": null, "SHAPE.AREA": 312.70970856499997, "SHAPE.LEN": 62.7664866685188}}, {"type": "Feature", "id": 54, "geometry": {"type": "Polygon", "coordinates": [[[72.85214100030798, 19.084247399429675], [72.8520814530667, 19.08424383825608], [72.85202284542184, 19.084233208284044], [72.85196610055948, 19.084215679252132], [72.85191211369177, 19.084191527158165], [72.85186173783102, 19.084161132286606], [72.85181576486063, 19.084124973568095], [72.85177492179344, 19.084083624019243], [72.85173985201777, 19.084037731555252], [72.85171110857823, 19.083988024330843], [72.85168914504939, 19.08393528172937], [72.85167430692864, 19.0838803387785], [72.85166682910145, 19.08382406173257], [72.8516668293322, 19.08376733715752], [72.85167430842804, 19.083711059287126], [72.85168914565273, 19.083656117324004], [72.85171111039455, 19.083603374800877], [72.85173985270221, 19.083553666760547], [72.85177492259857, 19.083507775593507], [72.85181576731246, 19.08346642468298], [72.85186173902983, 19.083430266753325], [72.85191211498174, 19.083399873265424], [72.85196610143042, 19.083375720011297], [72.85202284597125, 19.083358190870786], [72.8520814529409, 19.08334756173278], [72.85214099956532, 19.083344000683553], [72.85220054743994, 19.083347561817916], [72.85225915385818, 19.083358190790726], [72.85231589942849, 19.0833757197193], [72.85236988515419, 19.08339987256872], [72.8524202609074, 19.08343026729008], [72.85246623291161, 19.083466424940028], [72.85250707695896, 19.08350777615737], [72.85254214688945, 19.0835536666812], [72.85257088956875, 19.083603374687026], [72.85259285430595, 19.08365611721919], [72.85260769178777, 19.083711059210792], [72.85261517087464, 19.08376733716397], [72.85261517096716, 19.083824061770652], [72.85260769313777, 19.083880338817227], [72.85259285521877, 19.083935281772902], [72.85257089068986, 19.083988024422535], [72.85254214758906, 19.0840377316932], [72.85250707774932, 19.08408362391685], [72.852466234934, 19.084124974099204], [72.85242026217345, 19.08416113216029], [72.85236988604214, 19.084191526674555], [72.8523158993734, 19.084215679121833], [72.85225915455145, 19.08423320832557], [72.85220054725733, 19.08424383839291], [72.85214100030798, 19.084247399429675]]]}, "properties": {"OBJECTID": 54, "NAME": "Datta Mandir Road, Vakola (Delete)", "TYPE": 2, "LOCATION": "Datta Mandir Road,Opp Datta Mandir,Balvadi, Vakola,Mumbai,400029", "AWSID": "WS21000010001", "STRETCH": 100, "DEPTH": 3, "AFFECT_ROAD": null, "AFFECT_RAIL": "No", "NO_DE_WATER_PUMP": 1, "REMARKS": null, "FEATUREID": "FS21000000005", "EDUPDATEUSER": null, "EDUPDATETIME": null, "CREATED_USER": null, "CREATED_DATE": 1506592289000, "LAST_EDITED_USER": "DMMASTER@PRSRVGISDB.MUMBASE.MCGM.GOV.IN", "LAST_EDITED_DATE": 1653077101000, "HEIGHT_TO_MSL": null, "AFFECT_ELECTRIC": "No", "AFFECT_HAZ_MAT": null, "WARD": "H/E", "AFFECT_AREA": "Balvadi, Vakola", "SUBTYPE": null, "AFFECT_BEST_ROUTE": null, "AFFECTED_HUT": 60, "AFFECT_POPULATION": 150, "SHAPE.AREA": 7836.95464786, "SHAPE.LEN": 314.02528369324705}}, {"type": "Feature", "id": 574, "geometry": {"type": "Polygon", "coordinates": [[[72.87832789970619, 19.077293739820675], [72.87831139973713, 19.07729236657885], [72.87829540159372, 19.07728829201113], [72.87828039110526, 19.077281637329595], [72.87826682363006, 19.07727260378671], [72.87825511175265, 19.077261468920607], [72.87824561219212, 19.077248570145297], [72.87823861163409, 19.077234298264816], [72.87823432591892, 19.07721908662442], [72.87823288213163, 19.07720340006509], [72.87823432552733, 19.077187713324935], [72.87823861204728, 19.07717250192009], [72.87824561226802, 19.077158230447864], [72.87825511167766, 19.07714533091139], [72.87826682406649, 19.077134195647663], [72.87828039076118, 19.077125162866487], [72.87829540163777, 19.07711850785975], [72.87831139999754, 19.07711443312162], [72.8783278997687, 19.077113060417172], [72.87834439973194, 19.0771144327527], [72.87836039784926, 19.07711850821788], [72.8783754092775, 19.077125162902817], [72.8783889757984, 19.07713419642631], [72.87840068767763, 19.077145331284047], [72.8784101881959, 19.07715823006301], [72.87841718781692, 19.07717250192724], [72.87842147356001, 19.077187712661832], [72.87842291830368, 19.077203400135485], [72.8784214739754, 19.07721908686787], [72.87841718841993, 19.07723429828933], [72.8784101882093, 19.077248569769086], [72.87840068785418, 19.07726146930308], [72.87838897642496, 19.07727260368298], [72.878375408761, 19.07728163736363], [72.8783603978715, 19.077288292375645], [72.87834440044523, 19.0772923671274], [72.87832789970619, 19.077293739820675]]]}, "properties": {"OBJECTID": 574, "NAME": "Kalpana Junction (Delete)", "TYPE": 2, "LOCATION": "LBS road, Near Kalpana Theater, Kurla West, Mumbai, 400072", "AWSID": "WS19207400037", "STRETCH": 100, "DEPTH": 1, "AFFECT_ROAD": null, "AFFECT_RAIL": "No", "NO_DE_WATER_PUMP": 0, "REMARKS": "Already Tackled (2024-25)", "FEATUREID": "FS15000000037", "EDUPDATEUSER": null, "EDUPDATETIME": null, "CREATED_USER": "DMMASTER", "CREATED_DATE": 1529143829000, "LAST_EDITED_USER": "DMMASTER@PRSRVGISDB.MUMBASE.MCGM.GOV.IN", "LAST_EDITED_DATE": 1714071917000, "HEIGHT_TO_MSL": null, "AFFECT_ELECTRIC": "No", "AFFECT_HAZ_MAT": "No", "WARD": "L", "AFFECT_AREA": null, "SUBTYPE": 99, "AFFECT_BEST_ROUTE": null, "AFFECTED_HUT": null, "AFFECT_POPULATION": null, "SHAPE.AREA": 312.701644725, "SHAPE.LEN": 62.7656774092268}}, {"type": "Feature", "id": 567, "geometry": {"type": "Polygon", "coordinates": [[[72.8797249176267, 19.081344883909598], [72.87970841818462, 19.08134351076452], [72.87969241866533, 19.081339436267967], [72.87967740777229, 19.081332780759183], [72.87966383989205, 19.08132374818683], [72.87965212765559, 19.081312613377545], [72.87964262779292, 19.081299713743636], [72.87963562792612, 19.081285441904985], [72.87963134105365, 19.081270231173104], [72.87962989810063, 19.081254543722814], [72.87963134144181, 19.081238856968785], [72.87963562796996, 19.081223646438513], [72.87964262829564, 19.081209374020766], [72.87965212785801, 19.081196475332504], [72.87966383952698, 19.081185339992057], [72.87967740841044, 19.081176307158096], [72.87969241867611, 19.081169652059174], [72.87970841836457, 19.081165577246587], [72.87972491759287, 19.08116420444429], [72.87974141797903, 19.081165576694], [72.87975741747223, 19.081169652088004], [72.87977242836664, 19.081176306686114], [72.87978599623096, 19.08118534015316], [72.87979770846925, 19.08119647495407], [72.87980720835125, 19.081209373677563], [72.87981420821946, 19.081223646414053], [72.87981849510835, 19.081238857143248], [72.87981993809085, 19.081254543690655], [72.8798184947555, 19.08127023135098], [72.87981420824192, 19.081285441886934], [72.87980720792636, 19.08129971431221], [72.87979770836844, 19.08131261300892], [72.8797859957477, 19.08132374834682], [72.87977242780633, 19.081332781198984], [72.87975741657782, 19.08133943629226], [72.87974141782287, 19.081343511118465], [72.8797249176267, 19.081344883909598]]]}, "properties": {"OBJECTID": 567, "NAME": "Hindu Cemetery, Bail Bazar (Delete)", "TYPE": 2, "LOCATION": "Near Hindu Smashan Bhumi Road, Khetani Industrial, Kurla West, Mumbai, 400072", "AWSID": "WS20215900036", "STRETCH": 40, "DEPTH": 1, "AFFECT_ROAD": null, "AFFECT_RAIL": "No", "NO_DE_WATER_PUMP": 0, "REMARKS": "Already Tackled (2024-25)", "FEATUREID": "FS15000000030", "EDUPDATEUSER": null, "EDUPDATETIME": null, "CREATED_USER": "DMMASTER", "CREATED_DATE": 1529143829000, "LAST_EDITED_USER": "DMMASTER@PRSRVGISDB.MUMBASE.MCGM.GOV.IN", "LAST_EDITED_DATE": 1714071828000, "HEIGHT_TO_MSL": null, "AFFECT_ELECTRIC": "No", "AFFECT_HAZ_MAT": "No", "WARD": "L", "AFFECT_AREA": null, "SUBTYPE": null, "AFFECT_BEST_ROUTE": null, "AFFECTED_HUT": null, "AFFECT_POPULATION": null, "SHAPE.AREA": 312.701952895, "SHAPE.LEN": 62.7657083047121}}, {"type": "Feature", "id": 578, "geometry": {"type": "Polygon", "coordinates": [[[72.88108059967949, 19.073574239638194], [72.88106410096512, 19.07357286758996], [72.88104810308795, 19.07356879238472], [72.88103309184653, 19.073562137032777], [72.88101952543173, 19.073553103715074], [72.88100781358655, 19.07354196902734], [72.88099831397898, 19.073529070389103], [72.88099131425747, 19.073514797708004], [72.88098702833187, 19.07349958701402], [72.88098558427768, 19.073483900448462], [72.88098702830797, 19.07346821276042], [72.88099131443965, 19.07345300215537], [72.88099831425663, 19.073438729632105], [72.88100781416351, 19.073425830821737], [72.88101952513728, 19.0734146962279], [72.88103309232952, 19.073405663207744], [72.8810481027688, 19.073399007931116], [72.88106410073107, 19.073394932008135], [72.88108060012252, 19.073393559921858], [72.88109709881957, 19.073394931966927], [72.88111309667065, 19.073399008069615], [72.88112810790194, 19.07340566341405], [72.88114167527372, 19.07341469583106], [72.88115338615935, 19.073425831402663], [72.88116288577474, 19.073438730033622], [72.88116988647052, 19.07345300181721], [72.88117417240106, 19.07346821341164], [72.88117561647321, 19.073483899977457], [72.88117417247172, 19.07349958676551], [72.88116988634313, 19.073514798279362], [72.88116288559787, 19.073529069896097], [72.88115338569543, 19.073541968714935], [72.88114167470835, 19.07355310422028], [72.88112810845816, 19.073562137258623], [72.88111309706757, 19.073568791626496], [72.88109709908888, 19.073572867552162], [72.88108059967949, 19.073574239638194]]]}, "properties": {"OBJECTID": 578, "NAME": "Link Road, Kurla (Delete)", "TYPE": 2, "LOCATION": "Aagra Road, Near Safa Marwa Bakery, Kurla West, Mumbai, 400070", "AWSID": "WS19207400037", "STRETCH": 60, "DEPTH": 2, "AFFECT_ROAD": null, "AFFECT_RAIL": "No", "NO_DE_WATER_PUMP": 0, "REMARKS": null, "FEATUREID": "FS15000000041", "EDUPDATEUSER": null, "EDUPDATETIME": null, "CREATED_USER": "DMMASTER", "CREATED_DATE": 1529143829000, "LAST_EDITED_USER": "DMMASTER@PRSRVGISDB.MUMBASE.MCGM.GOV.IN", "LAST_EDITED_DATE": 1653391019000, "HEIGHT_TO_MSL": null, "AFFECT_ELECTRIC": "No", "AFFECT_HAZ_MAT": "No", "WARD": "L", "AFFECT_AREA": null, "SUBTYPE": null, "AFFECT_BEST_ROUTE": null, "AFFECTED_HUT": null, "AFFECT_POPULATION": null, "SHAPE.AREA": 312.700531605, "SHAPE.LEN": 62.7655656778109}}, {"type": "Feature", "id": 121, "geometry": {"type": "Polygon", "coordinates": [[[72.89577269969543, 19.06302155566552], [72.89573284622239, 19.06301917150468], [72.89569362053864, 19.06301205679668], [72.89565564252759, 19.063000322492968], [72.8956195102069, 19.062984156074695], [72.89558579321611, 19.062963810638983], [72.89555502518374, 19.06293960752147], [72.89552768958221, 19.062911928005388], [72.89550421692395, 19.06288120967619], [72.89548497918786, 19.062847936421782], [72.89547027943958, 19.06281263289432], [72.89546034814646, 19.062775855435255], [72.89545534421862, 19.062738184860887], [72.89545534375961, 19.062700214591256], [72.895460349656, 19.062662543533488], [72.89547028029385, 19.062625766920075], [72.89548498016653, 19.062590463784208], [72.89550421806663, 19.062557189712884], [72.89552769000393, 19.06252647146072], [72.89555502604817, 19.062498791672308], [72.89558579412842, 19.0624745889258], [72.8956195097024, 19.062454244294106], [72.89565564246213, 19.062438076905156], [72.89569362109444, 19.062426343093072], [72.89573284668096, 19.06241922842158], [72.89577270033065, 19.062416845061417], [72.89581255366203, 19.062419229200007], [72.89585177826683, 19.062426343859364], [72.89588975713065, 19.06243807721979], [72.89592588937037, 19.062454243577097], [72.89595960631279, 19.06247458894573], [72.89599037433241, 19.062498791994205], [72.89601770995759, 19.06252647144367], [72.89604118267445, 19.06255718971286], [72.89606042050039, 19.06259046291763], [72.8960751203641, 19.06262576640891], [72.89608505084121, 19.062662543836733], [72.8960900558512, 19.062700215321748], [72.89609005645488, 19.062738185605237], [72.89608505070636, 19.06277585579015], [72.89607512017685, 19.062812633351434], [72.8960604203996, 19.062847936543733], [72.8960411825647, 19.062881210679567], [72.89601771066961, 19.062911928097197], [72.89599037463128, 19.062939607050804], [72.89595960650958, 19.062963809861124], [72.89592589083799, 19.06298415635439], [72.8958897579862, 19.063000322883436], [72.89585178018949, 19.063012055831717], [72.89581255350188, 19.063019171407497], [72.89577269969543, 19.06302155566552]]]}, "properties": {"OBJECTID": 121, "NAME": "Postal Colony Service Road 1", "TYPE": 2, "LOCATION": "Postal Colony Service Road,Near Postal Colony Housing Society,Chembur East,Mumbai,400071", "AWSID": "WS21198300041", "STRETCH": 50, "DEPTH": 3.5, "AFFECT_ROAD": null, "AFFECT_RAIL": "No", "NO_DE_WATER_PUMP": 1, "REMARKS": "Planning stage (2024-25)", "FEATUREID": "FS22000000001", "EDUPDATEUSER": null, "EDUPDATETIME": null, "CREATED_USER": null, "CREATED_DATE": 1506509507000, "LAST_EDITED_USER": "DMMASTER@PRSRVGISDB.MUMBASE.MCGM.GOV.IN", "LAST_EDITED_DATE": 1714308930000, "HEIGHT_TO_MSL": null, "AFFECT_ELECTRIC": "No", "AFFECT_HAZ_MAT": null, "WARD": "M/W", "AFFECT_AREA": "Chembur East", "SUBTYPE": 4, "AFFECT_BEST_ROUTE": null, "AFFECTED_HUT": 500, "AFFECT_POPULATION": 2800, "SHAPE.AREA": 3511.231881485, "SHAPE.LEN": 210.19418902873701}}, {"type": "Feature", "id": 514, "geometry": {"type": "Polygon", "coordinates": [[[72.85884349962504, 19.10470734003736], [72.85882699823608, 19.10470596662127], [72.85881099721394, 19.104701891956537], [72.85879598340782, 19.104695236420692], [72.85878241408396, 19.104686204050314], [72.8587706999992, 19.104675068795256], [72.85876119880865, 19.104662169925618], [72.85875419813931, 19.104647898285826], [72.858749910006, 19.10463268719713], [72.858748466224, 19.10461699975846], [72.85874991005645, 19.10460131339396], [72.85875419834697, 19.10458610181249], [72.85876119873949, 19.104571829555876], [72.8587707003962, 19.104558931348524], [72.85878241420698, 19.1045477958414], [72.85879598326308, 19.10453876392727], [72.85881099737533, 19.104532108134784], [72.85882699782427, 19.104528032683678], [72.85884350033562, 19.10452666020333], [72.85886000171888, 19.104528032713134], [72.85887600271477, 19.10453210827526], [72.8588910174608, 19.10453876381464], [72.8589045858302, 19.104547796165498], [72.85891629991681, 19.104558931412146], [72.85892580111522, 19.104571830274512], [72.85893280179751, 19.104586101909003], [72.85893708994729, 19.10460131299503], [72.85893853374728, 19.104617000433954], [72.85893708993216, 19.104632686801644], [72.85893280165627, 19.104647898388816], [72.85892580128548, 19.104662169749858], [72.85891629962154, 19.104675068868787], [72.85890458580894, 19.10468620438429], [72.85889101674499, 19.10469523630571], [72.8588760026198, 19.104701892103506], [72.85886000216601, 19.104705966654155], [72.85884349962504, 19.10470734003736]]]}, "properties": {"OBJECTID": 514, "NAME": "Ambedkar chowk, Baman Wada, VileparleEast (Delete)", "TYPE": 2, "LOCATION": "Nyaymurti Chagla Marg, In Front of Bloaram Tea Centre, Andheri East, Mumbai, 400099", "AWSID": "WS19247700031", "STRETCH": 40, "DEPTH": 1, "AFFECT_ROAD": null, "AFFECT_RAIL": "No", "NO_DE_WATER_PUMP": 0, "REMARKS": null, "FEATUREID": "FS11000000025", "EDUPDATEUSER": null, "EDUPDATETIME": null, "CREATED_USER": "DMMASTER", "CREATED_DATE": 1529143829000, "LAST_EDITED_USER": "DMMASTER@PRSRVGISDB.MUMBASE.MCGM.GOV.IN", "LAST_EDITED_DATE": 1653384983000, "HEIGHT_TO_MSL": null, "AFFECT_ELECTRIC": "No", "AFFECT_HAZ_MAT": "No", "WARD": "K/E", "AFFECT_AREA": null, "SUBTYPE": null, "AFFECT_BEST_ROUTE": null, "AFFECTED_HUT": 60, "AFFECT_POPULATION": 180, "SHAPE.AREA": 312.70779578, "SHAPE.LEN": 62.7662946930859}}, {"type": "Feature", "id": 53, "geometry": {"type": "Polygon", "coordinates": [[[72.8637067997115, 19.075905300266065], [72.8636472558037, 19.07590173768937], [72.86358865088737, 19.07589110890615], [72.86353190911747, 19.07587357999221], [72.86347792568809, 19.075849426886904], [72.86342755165688, 19.075819033410305], [72.86338158180484, 19.07578287486361], [72.8633407412564, 19.075741524196534], [72.86330567243594, 19.075695631984015], [72.86327693035314, 19.075645923661554], [72.8632549676251, 19.075593182189223], [72.86324012983152, 19.075538239868262], [72.86323265287406, 19.075481962051608], [72.8632326526555, 19.075425237088215], [72.86324013099976, 19.075368959229625], [72.86325496820395, 19.075314016801318], [72.86327693085818, 19.075261275131414], [72.86330567387309, 19.075211566638497], [72.86334074163871, 19.07516567458648], [72.86338158332707, 19.075124325132986], [72.86342755315871, 19.075088166557595], [72.86347792746581, 19.075057772169707], [72.86353190970779, 19.075033619591938], [72.86358865231831, 19.07501609101358], [72.86364725589397, 19.075005462342197], [72.86370679963623, 19.075001899943615], [72.86376634418907, 19.07500546157805], [72.86382494785569, 19.075016091168543], [72.8638816903335, 19.07503361997925], [72.86393567264413, 19.075057772033993], [72.86398604654453, 19.075088167166797], [72.86403201733, 19.07512432466712], [72.86407285793176, 19.075165675185442], [72.86410792593365, 19.07521156725303], [72.864136669179, 19.075261274572718], [72.86415863215366, 19.07531401686773], [72.86417346929645, 19.075368959132486], [72.8641809465751, 19.075425236942067], [72.8641809471168, 19.075481961936916], [72.86417347002717, 19.075538239874547], [72.86415863214027, 19.07559318239218], [72.86413666969895, 19.075645924188407], [72.86410792779068, 19.07569563193359], [72.86407285914358, 19.075741524127956], [72.86403201838077, 19.075782874648297], [72.86398604845607, 19.075819033366148], [72.86393567399304, 19.07584942697417], [72.86388169056971, 19.07587357963725], [72.86382494861662, 19.075891109193062], [72.86376634377848, 19.07590173787978], [72.8637067997115, 19.075905300266065]]]}, "properties": {"OBJECTID": 53, "NAME": "Sundar Nagar, Kalina", "TYPE": 1, "LOCATION": "Praveen Apartment,Sundar Nagar Road no 2,Inside Praveen Apartment,Sundar Nagar, Kalina,Mumbai,400029", "AWSID": "WS21000010001", "STRETCH": 40, "DEPTH": 2, "AFFECT_ROAD": null, "AFFECT_RAIL": "No", "NO_DE_WATER_PUMP": 1, "REMARKS": "Already Tackled (2024-25)", "FEATUREID": "FS21000000004", "EDUPDATEUSER": null, "EDUPDATETIME": null, "CREATED_USER": null, "CREATED_DATE": 1506592289000, "LAST_EDITED_USER": "DMMASTER@PRSRVGISDB.MUMBASE.MCGM.GOV.IN", "LAST_EDITED_DATE": 1714135471000, "HEIGHT_TO_MSL": null, "AFFECT_ELECTRIC": "No", "AFFECT_HAZ_MAT": null, "WARD": "H/E", "AFFECT_AREA": "Sundar Nagar, Kalina", "SUBTYPE": 3, "AFFECT_BEST_ROUTE": "2022", "AFFECTED_HUT": null, "AFFECT_POPULATION": null, "SHAPE.AREA": 7836.84805519, "SHAPE.LEN": 314.023148115341}}, {"type": "Feature", "id": 52, "geometry": {"type": "Polygon", "coordinates": [[[72.86475629969145, 19.080527000072404], [72.86469675408199, 19.080523437673637], [72.86463814841711, 19.08051280907547], [72.86458140402884, 19.080495280317972], [72.86452741898731, 19.080471127370856], [72.86447704439881, 19.080440732245464], [72.86443107311068, 19.080404574734285], [72.8643902303162, 19.08036322417245], [72.86435516129828, 19.080317332069228], [72.86432641823502, 19.080267623825527], [72.86430445470886, 19.080214882411163], [72.86428961727356, 19.080159939234406], [72.86428213990578, 19.080103662334956], [72.86428214044912, 19.080046937374156], [72.86428961788073, 19.079990658570694], [72.86430445626225, 19.079935717003938], [72.86432641936494, 19.079882975260418], [72.8643551620809, 19.079833266662988], [72.86439023162792, 19.079787375413257], [72.86443107434985, 19.079746024928145], [72.86447704535465, 19.079709867112772], [72.86452742100215, 19.079679471666307], [72.86458140468446, 19.07965531982635], [72.86463814789727, 19.079637791064364], [72.86469675500061, 19.079627162237813], [72.86475630042085, 19.079623599660255], [72.86481584476391, 19.079627161997887], [72.86487445202869, 19.079637791436358], [72.864931195225, 19.079655320068607], [72.86498517914765, 19.079679471965136], [72.86503555457838, 19.079709866951465], [72.86508152582687, 19.079746025211474], [72.8651223677363, 19.079787374710374], [72.86515743783548, 19.079833266690645], [72.86518618109986, 19.07988297482365], [72.8652081439228, 19.079935717049622], [72.86522298166882, 19.07999065927803], [72.86523046029622, 19.08004693708452], [72.8652304600761, 19.080103662076763], [72.86522298297248, 19.080159939141993], [72.8652081448467, 19.08021488171223], [72.86518618195697, 19.080267623582092], [72.86515743938628, 19.080317332323904], [72.86512236990767, 19.080363223727044], [72.86508152716142, 19.08040457526804], [72.86503555607516, 19.080440732322774], [72.86498518122161, 19.08047112700041], [72.8649311963463, 19.080495279828867], [72.86487445190264, 19.0805128086432], [72.86481584637487, 19.080523438421263], [72.86475629969145, 19.080527000072404]]]}, "properties": {"OBJECTID": 52, "NAME": "Kalina Gaontan (Delete)", "TYPE": 2, "LOCATION": "Meena Apartment,Kalina Gaontan Road,Near Meena Apartment,Kalina,Mumbai,400029", "AWSID": "WS21000010001", "STRETCH": 20, "DEPTH": 1, "AFFECT_ROAD": null, "AFFECT_RAIL": "No", "NO_DE_WATER_PUMP": 1, "REMARKS": null, "FEATUREID": "FS21000000003", "EDUPDATEUSER": null, "EDUPDATETIME": null, "CREATED_USER": null, "CREATED_DATE": 1506592289000, "LAST_EDITED_USER": "DMMASTER@PRSRVGISDB.MUMBASE.MCGM.GOV.IN", "LAST_EDITED_DATE": 1653077030000, "HEIGHT_TO_MSL": null, "AFFECT_ELECTRIC": "No", "AFFECT_HAZ_MAT": null, "WARD": "H/E", "AFFECT_AREA": "Kalina", "SUBTYPE": null, "AFFECT_BEST_ROUTE": null, "AFFECTED_HUT": null, "AFFECT_POPULATION": null, "SHAPE.AREA": 7836.84094631, "SHAPE.LEN": 314.023005682465}}, {"type": "Feature", "id": 441, "geometry": {"type": "Polygon", "coordinates": [[[72.86574907554328, 19.077036803996233], [72.86573257580106, 19.07703543144609], [72.86571657810686, 19.07703135581773], [72.86570156729191, 19.07702470105387], [72.8656879996452, 19.077015668447494], [72.86567628776139, 19.07700453285348], [72.86566678829627, 19.076991634417087], [72.86565978887647, 19.076977362163735], [72.86565550243492, 19.07696215122347], [72.86565405795496, 19.076946463755228], [72.86565550157074, 19.076930777217036], [72.86565978919955, 19.076915566215487], [72.86566678759613, 19.076901294388513], [72.86567628790563, 19.076888394690613], [72.86568800008018, 19.076877260295518], [72.86570156735868, 19.076868226698753], [72.86571657766552, 19.07686157184961], [72.86573257620209, 19.076857497328525], [72.86574907595347, 19.076856123952414], [72.8657655756668, 19.076857497402532], [72.86578157430786, 19.076861572133055], [72.86579658511272, 19.07686822688941], [72.86581015179355, 19.076877260379423], [72.86582186369075, 19.07688839506195], [72.86583136410205, 19.07690129440521], [72.86583836259643, 19.076915565739142], [72.86584265000431, 19.076930776687714], [72.86584409355233, 19.07694646414523], [72.86584264995389, 19.076962150686576], [72.86583836328954, 19.076977361704824], [72.86583136394162, 19.076991634431455], [72.86582186364808, 19.07700453323471], [72.86581015242159, 19.077015667649157], [72.86579658513524, 19.077024701253197], [72.86578157386562, 19.07703135609663], [72.8657655762625, 19.077035430631383], [72.86574907554328, 19.077036803996233]]]}, "properties": {"OBJECTID": 441, "NAME": "Jhankhan Chawl, Near Kalina Jama Masjid, Santacruz (Delete)", "TYPE": 2, "LOCATION": "Majit Gali Road, Behind Jama Masjid, Jankhan Chawal Kalina, Santacruz East, Mumbai, 400029", "AWSID": "WS21000010001", "STRETCH": 100, "DEPTH": 3, "AFFECT_ROAD": null, "AFFECT_RAIL": "No", "NO_DE_WATER_PUMP": 0, "REMARKS": null, "FEATUREID": "FS21000000031", "EDUPDATEUSER": null, "EDUPDATETIME": null, "CREATED_USER": "DMMASTER", "CREATED_DATE": 1529143829000, "LAST_EDITED_USER": "DMMASTER@PRSRVGISDB.MUMBASE.MCGM.GOV.IN", "LAST_EDITED_DATE": 1653383145000, "HEIGHT_TO_MSL": null, "AFFECT_ELECTRIC": "No", "AFFECT_HAZ_MAT": "No", "WARD": "H/E", "AFFECT_AREA": "Jaankhan Chawl", "SUBTYPE": null, "AFFECT_BEST_ROUTE": null, "AFFECTED_HUT": 20, "AFFECT_POPULATION": 60, "SHAPE.AREA": 312.705649345, "SHAPE.LEN": 62.7660793104958}}, {"type": "Feature", "id": 96, "geometry": {"type": "Polygon", "coordinates": [[[72.87287570471501, 19.07337696216719], [72.872847844855, 19.073375294788164], [72.87282042430047, 19.073370321996293], [72.87279387528672, 19.073362120138373], [72.87276861700862, 19.073350819606958], [72.87274504715222, 19.073336598419864], [72.87272353812988, 19.073319679466685], [72.87270442946956, 19.073300331324287], [72.87268802128102, 19.07327885914863], [72.87267457240216, 19.073255601040223], [72.87266429666879, 19.073230922581384], [72.87265735437728, 19.07320521583448], [72.87265385629179, 19.073178883129195], [72.87265385597613, 19.07315234239375], [72.87265735476235, 19.073126010050046], [72.87266429699004, 19.07310030186206], [72.87267457295974, 19.073075624840456], [72.87268802097121, 19.073052366427046], [72.87270442923484, 19.073030893613563], [72.87272353881355, 19.073011545749512], [72.87274504750297, 19.072994628264194], [72.87276861751124, 19.07298040643245], [72.872793875459, 19.072969105374767], [72.87282042385839, 19.072960903866935], [72.87284784495874, 19.07295593077135], [72.872875704569, 19.07295426327463], [72.87290356530961, 19.072955930653674], [72.87293098580103, 19.072960903426992], [72.87295753381193, 19.072969105248998], [72.8729827930004, 19.07298040576151], [72.87300636187179, 19.072994627807958], [72.87302787184937, 19.0730115458352], [72.87304698052134, 19.073030893945017], [72.8730633887386, 19.073052366091353], [72.87307683670004, 19.07307562506769], [72.87308711346284, 19.073100301713595], [72.87309405484686, 19.07312601024591], [72.87309755396407, 19.073152342057423], [72.87309755338906, 19.0731788836919], [72.87309405561942, 19.073205216061428], [72.87308711252341, 19.073230922454126], [72.87307683658881, 19.073255600406497], [72.87306338859761, 19.07327885975463], [72.8730469803605, 19.073300331698537], [72.87302787077904, 19.07331967959602], [72.87300636205777, 19.073336598015658], [72.87298279296272, 19.073350819885366], [72.87295753497585, 19.073362120061002], [72.8729309855536, 19.073370322474894], [72.87290356533468, 19.07337529558723], [72.87287570471501, 19.07337696216719]]]}, "properties": {"OBJECTID": 96, "NAME": "Kapadia Nagar Building No 16 (Delete)", "TYPE": 2, "LOCATION": "Kapadia Nagar,Sunni Raza Jama Masjid Road,Inside Kapadia Nagar,Kapadia Nagar, Kurla,Mumbai,400070", "AWSID": "WS19207400037", "STRETCH": 30, "DEPTH": 3, "AFFECT_ROAD": null, "AFFECT_RAIL": "No", "NO_DE_WATER_PUMP": 1, "REMARKS": null, "FEATUREID": "FS15000000012", "EDUPDATEUSER": null, "EDUPDATETIME": null, "CREATED_USER": null, "CREATED_DATE": 1506429884000, "LAST_EDITED_USER": "DMMASTER@PRSRVGISDB.MUMBASE.MCGM.GOV.IN", "LAST_EDITED_DATE": 1653246488000, "HEIGHT_TO_MSL": null, "AFFECT_ELECTRIC": "No", "AFFECT_HAZ_MAT": null, "WARD": "L", "AFFECT_AREA": "Kapadia Nagar, Kurla ", "SUBTYPE": null, "AFFECT_BEST_ROUTE": null, "AFFECTED_HUT": 60, "AFFECT_POPULATION": 180, "SHAPE.AREA": 1715.68511551, "SHAPE.LEN": 146.929750695247}}, {"type": "Feature", "id": 517, "geometry": {"type": "Polygon", "coordinates": [[[72.87105710044546, 19.111434039611492], [72.87104059722567, 19.111432667206653], [72.87102459519454, 19.11142859080609], [72.87100958116336, 19.111421936176434], [72.87099601058033, 19.11141290369252], [72.87098429706793, 19.111401769119524], [72.87097479454457, 19.11138886985718], [72.8709677944667, 19.11137459768155], [72.87096350602741, 19.111359386773575], [72.87096206298047, 19.11134370024896], [72.87096350580849, 19.111328012789826], [72.87096779418984, 19.111312801756313], [72.87097479486727, 19.111298529884234], [72.8709842970346, 19.111285631010873], [72.87099601062154, 19.111274495603023], [72.87100958063772, 19.111265463696814], [72.8710245949815, 19.11125880872943], [72.87104059684904, 19.111254733166337], [72.87105710005129, 19.11125335964594], [72.87107360324214, 19.111254732950716], [72.87108960525865, 19.111258809345586], [72.87110461927969, 19.111265463967698], [72.87111818890821, 19.11127449643217], [72.87112990337252, 19.111285631007746], [72.87113940495365, 19.111298530251815], [72.87114640599455, 19.111312802433126], [72.8711506944503, 19.111328013338415], [72.87115213656513, 19.11134369985229], [72.87115069375447, 19.111359387314607], [72.87114640633784, 19.11137459836481], [72.87113940472045, 19.11138887023344], [72.87112990255754, 19.11140176911526], [72.87111818898035, 19.11141290362837], [72.87110461894474, 19.11142193644499], [72.87108960458802, 19.1114285914177], [72.87107360270402, 19.111432666983486], [72.87105710044546, 19.111434039611492]]]}, "properties": {"OBJECTID": 517, "NAME": "Lakheri Jn, Andheri Kurla Road, Andheri E (Delete)", "TYPE": 2, "LOCATION": "A K Road, Near The One Time Hotel, Andheri East, Mumbai, 400069", "AWSID": "WS19247700031", "STRETCH": 50, "DEPTH": 2, "AFFECT_ROAD": null, "AFFECT_RAIL": "No", "NO_DE_WATER_PUMP": 0, "REMARKS": "Already Tackled (2024-25)", "FEATUREID": "FS11000000028", "EDUPDATEUSER": null, "EDUPDATETIME": null, "CREATED_USER": "DMMASTER", "CREATED_DATE": 1529143829000, "LAST_EDITED_USER": "DMMASTER@PRSRVGISDB.MUMBASE.MCGM.GOV.IN", "LAST_EDITED_DATE": 1714129890000, "HEIGHT_TO_MSL": null, "AFFECT_ELECTRIC": "No", "AFFECT_HAZ_MAT": "No", "WARD": "K/E", "AFFECT_AREA": null, "SUBTYPE": 2, "AFFECT_BEST_ROUTE": "2022", "AFFECTED_HUT": null, "AFFECT_POPULATION": null, "SHAPE.AREA": 312.70449469, "SHAPE.LEN": 62.7659634158613}}, {"type": "Feature", "id": 7045, "geometry": {"type": "Polygon", "coordinates": [[[72.87904255697819, 19.067392334562413], [72.8790126753571, 19.06738933670212], [72.87898376827796, 19.067381195497013], [72.87895671406774, 19.067368158313492], [72.87893233475492, 19.06735062127978], [72.87891137109258, 19.067329117249766], [72.87889446005101, 19.06730429961253], [72.87888211546365, 19.06727692243942], [72.87887471241451, 19.06724781757198], [72.87887247584153, 19.067217869346887], [72.87887547370183, 19.067187987725802], [72.87888361490693, 19.06715908064666], [72.87889665209045, 19.067132026436436], [72.87891418912416, 19.067107647123617], [72.87893569315418, 19.067086683461287], [72.87896051079142, 19.067069772419714], [72.87898788796453, 19.067057427832342], [72.87901699283196, 19.067050024783214], [72.87904694105706, 19.067047788210225], [72.87907682267814, 19.067050786070517], [72.87910572975728, 19.067058927275625], [72.8791327839675, 19.067071964459146], [72.87915716328033, 19.06708950149286], [72.87917812694266, 19.06711100552287], [72.87919503798423, 19.067135823160108], [72.8792073825716, 19.06716320033322], [72.87921478562073, 19.067192305200656], [72.87921702219371, 19.06722225342575], [72.87921402433342, 19.067252135046836], [72.87920588312832, 19.067281042125977], [72.8791928459448, 19.067308096336202], [72.87917530891109, 19.06733247564902], [72.87915380488107, 19.06735343931135], [72.87912898724383, 19.067370350352924], [72.87910161007072, 19.067382694940296], [72.87907250520328, 19.067390097989424], [72.87904255697819, 19.067392334562413]]]}, "properties": {"OBJECTID": 7045, "NAME": "Preimer Road Near Don Bosco School", "TYPE": 2, "LOCATION": "Preimer Road Near Don Bosco School, Kurla West", "AWSID": null, "STRETCH": null, "DEPTH": null, "AFFECT_ROAD": null, "AFFECT_RAIL": null, "NO_DE_WATER_PUMP": null, "REMARKS": "Monsoon 25 (2024-25)", "FEATUREID": "FS15000000061", "EDUPDATEUSER": null, "EDUPDATETIME": null, "CREATED_USER": "DMMASTER@PRSRVGISDB.MUMBASE.MCGM.GOV.IN", "CREATED_DATE": 1689864885000, "LAST_EDITED_USER": "DMMASTER@PRSRVGISDB.MUMBASE.MCGM.GOV.IN", "LAST_EDITED_DATE": 1714417056000, "HEIGHT_TO_MSL": null, "AFFECT_ELECTRIC": null, "AFFECT_HAZ_MAT": null, "WARD": "L", "AFFECT_AREA": null, "SUBTYPE": null, "AFFECT_BEST_ROUTE": null, "AFFECTED_HUT": null, "AFFECT_POPULATION": null, "SHAPE.AREA": 1137.28164698, "SHAPE.LEN": 119.699173750678}}, {"type": "Feature", "id": 12, "geometry": {"type": "Polygon", "coordinates": [[[72.88038210025424, 19.068169586243343], [72.88035576463638, 19.068168011660486], [72.88032984498106, 19.068163310211354], [72.88030474978063, 19.068155557047938], [72.88028087363209, 19.06814487413287], [72.88025859437573, 19.06813143110971], [72.88023826273883, 19.06811543795762], [72.88022019943992, 19.068097148571145], [72.8802046896046, 19.06807685166326], [72.88019197809666, 19.068054864388625], [72.88018226376164, 19.068031536793853], [72.88017570152174, 19.068007236485833], [72.88017239482318, 19.067982344931735], [72.88017239377099, 19.06795725472788], [72.88017570185846, 19.06793236335405], [72.88018226375712, 19.06790806219394], [72.88019197768777, 19.06788473487082], [72.88020468982495, 19.067862749053848], [72.88022020006495, 19.067842451104703], [72.88023826303326, 19.067824161572982], [72.88025859481381, 19.067808168950577], [72.88028087394487, 19.067794726070243], [72.88030474910968, 19.067784042967777], [72.88032984480107, 19.067776289657044], [72.88035576521256, 19.067771588948585], [72.88038209997198, 19.067770013805735], [72.88040843457811, 19.06777158836791], [72.88043435417705, 19.067776289800495], [72.88045945027999, 19.067784042952535], [72.88048332544336, 19.067794725830026], [72.88050560466715, 19.067808169727023], [72.88052593631002, 19.067824161945822], [72.88054400056916, 19.067842451314107], [72.88055950948026, 19.067862748184893], [72.88057222197732, 19.067884735448764], [72.88058193542443, 19.06790806211371], [72.8805884977113, 19.06793236331601], [72.8805918054225, 19.067957254879587], [72.88059180558803, 19.067982345078626], [72.88058849851001, 19.06800723647664], [72.88058193571376, 19.068031537645425], [72.88057222182478, 19.068054864993197], [72.88055950971602, 19.06807685083839], [72.88054400043927, 19.068097148828418], [72.88052593746853, 19.068115438390013], [72.88050560566984, 19.068131431040268], [72.8804833255562, 19.0681448739338], [72.88045945034617, 19.068155557055146], [72.88043435459991, 19.0681633103783], [72.88040843412729, 19.068168011091934], [72.88038210025424, 19.068169586243343]]]}, "properties": {"OBJECTID": 12, "NAME": "Balaji Mandir (Delete)", "TYPE": 2, "LOCATION": "Ansari Building,S G Barve Road,In Front of Ansari Building,Balaji Mandir,Mumbai,400070", "AWSID": "WS19196800038", "STRETCH": 100, "DEPTH": 2, "AFFECT_ROAD": null, "AFFECT_RAIL": "No", "NO_DE_WATER_PUMP": 1, "REMARKS": null, "FEATUREID": "FS15000000003", "EDUPDATEUSER": null, "EDUPDATETIME": null, "CREATED_USER": null, "CREATED_DATE": 1506429884000, "LAST_EDITED_USER": "DMMASTER@PRSRVGISDB.MUMBASE.MCGM.GOV.IN", "LAST_EDITED_DATE": 1653246522000, "HEIGHT_TO_MSL": null, "AFFECT_ELECTRIC": "No", "AFFECT_HAZ_MAT": null, "WARD": "L", "AFFECT_AREA": "Balaji Mandir ", "SUBTYPE": null, "AFFECT_BEST_ROUTE": null, "AFFECTED_HUT": null, "AFFECT_POPULATION": null, "SHAPE.AREA": 1533.08125431, "SHAPE.LEN": 138.890818287155}}, {"type": "Feature", "id": 107, "geometry": {"type": "Polygon", "coordinates": [[[72.87991419979288, 19.07601234144472], [72.87988226770311, 19.076010431330722], [72.87985083797103, 19.07600473054062], [72.87982040821467, 19.075995329706835], [72.87979145726808, 19.075982377055357], [72.87976444234305, 19.075966077469765], [72.8797397896104, 19.07594668605989], [72.87971788657782, 19.075924509880597], [72.87969908030496, 19.075899898878486], [72.87968366511225, 19.075873241234003], [72.87967188742246, 19.075844956190952], [72.87966393059685, 19.07581549117211], [72.87965991983432, 19.075785310093096], [72.87965992032916, 19.075754888824676], [72.87966393071389, 19.075724707891283], [72.87967188792393, 19.07569524349421], [72.87968366541286, 19.07566695845841], [72.87969908077466, 19.075640300513655], [72.8797178873558, 19.075615689552407], [72.87973978949952, 19.075593514192114], [72.87976444266089, 19.07557412274388], [72.87979145721776, 19.075557822353137], [72.87982040808471, 19.075544870077685], [72.87985083760857, 19.075535469307834], [72.87988226697856, 19.075529768994585], [72.87991420009459, 19.075527858274445], [72.87994613303174, 19.07552976928815], [72.87997756174249, 19.075535469139847], [72.88000799142924, 19.075544869940835], [72.88003694232385, 19.07555782255312], [72.88006395720637, 19.075574122998738], [72.88008861089227, 19.075593513472054], [72.88011051299021, 19.075615689597615], [72.88012931930079, 19.07564030056119], [72.88014473455127, 19.07566695817381], [72.88015651231528, 19.07569524319367], [72.88016446922686, 19.07572470819946], [72.88016848008174, 19.07575488927639], [72.88016847967984, 19.075785310553776], [72.88016446938276, 19.075815491506663], [72.88015651223812, 19.075844956835674], [72.88014473482197, 19.075873241004633], [72.88012931950198, 19.07589989899086], [72.88011051294058, 19.075924509996188], [72.88008861078177, 19.075946686303535], [72.88006395759372, 19.075966077792774], [72.88003694300022, 19.07598237731584], [72.88000799205527, 19.075995330522172], [72.87997756150077, 19.07600473129936], [72.87994613205241, 19.07601043071711], [72.87991419979288, 19.07601234144472]]]}, "properties": {"OBJECTID": 107, "NAME": "Near Rahat Apartment (Delete)", "TYPE": 2, "LOCATION": "Rahat Apartment,New Mill Road,Near Rahat Apartment,Halav pool,  Kurla West,Mumbai,400070", "AWSID": "WS19207400037", "STRETCH": 30, "DEPTH": 2, "AFFECT_ROAD": null, "AFFECT_RAIL": "No", "NO_DE_WATER_PUMP": 1, "REMARKS": null, "FEATUREID": "FS15000000023", "EDUPDATEUSER": null, "EDUPDATETIME": null, "CREATED_USER": null, "CREATED_DATE": 1506429885000, "LAST_EDITED_USER": "DMMASTER@PRSRVGISDB.MUMBASE.MCGM.GOV.IN", "LAST_EDITED_DATE": 1653246583000, "HEIGHT_TO_MSL": null, "AFFECT_ELECTRIC": "No", "AFFECT_HAZ_MAT": null, "WARD": "L", "AFFECT_AREA": "Halav pool,  Kurla West ", "SUBTYPE": null, "AFFECT_BEST_ROUTE": null, "AFFECTED_HUT": 60, "AFFECT_POPULATION": 150, "SHAPE.AREA": 2253.871324935, "SHAPE.LEN": 168.40520448338302}}, {"type": "Feature", "id": 14, "geometry": {"type": "Polygon", "coordinates": [[[72.88186009982478, 19.077673075079428], [72.88182977077976, 19.07767126047765], [72.88179991976362, 19.07766584730954], [72.88177101695672, 19.077656917757892], [72.88174352130922, 19.077644615299178], [72.88171786263045, 19.077629133658338], [72.8816944472884, 19.0776107168743], [72.88167364400684, 19.077589655523504], [72.88165578205746, 19.077566279472865], [72.88164114171484, 19.07754096138315], [72.88162995545906, 19.077514096850663], [72.88162239743495, 19.07748611151225], [72.88161858839698, 19.077457445746475], [72.88161858812168, 19.077428553683106], [72.88162239750272, 19.077399887871543], [72.88162995565558, 19.07737190286067], [72.88164114202402, 19.07734503896416], [72.88165578211431, 19.077319719616707], [72.88167364378742, 19.07729634410516], [72.88169444682717, 19.07727528225906], [72.881717863055, 19.07725686541921], [72.88174352111409, 19.07724138378301], [72.88177101792542, 19.0772290820198], [72.88179991971816, 19.077220152959864], [72.88182977150555, 19.077214739509923], [72.88186010006083, 19.077212924751397], [72.88189042902376, 19.07721473934024], [72.88192028090347, 19.07722015340045], [72.88194918270914, 19.077229082008465], [72.88197667927116, 19.077241383539608], [72.88200233696054, 19.077256866033764], [72.88202575229523, 19.07727528277779], [72.88204655559056, 19.077296344089984], [72.88206441757393, 19.07731972010586], [72.88207905795718, 19.07734503906996], [72.88209024429139, 19.0773719026784], [72.88209780239308, 19.077399888005008], [72.88210161151437, 19.07742855376888], [72.88210161186203, 19.077457446743495], [72.88209780162164, 19.077486111658576], [72.88209024448807, 19.07751409670634], [72.88207905817491, 19.07754096063557], [72.88206441812235, 19.07756628002045], [72.88204655551715, 19.077589655560843], [72.88202575247418, 19.07761071744658], [72.88200233812206, 19.077629134345226], [72.88197667908116, 19.07764461509938], [72.88194918219835, 19.077656917790762], [72.88192028033278, 19.077665846867184], [72.88189042941421, 19.077671260334952], [72.88186009982478, 19.077673075079428]]]}, "properties": {"OBJECTID": 14, "NAME": "Dhobi Ghat, Pipe Road (Delete)", "TYPE": 2, "LOCATION": "Pipe Road,Near Immamiya Chawl,Kurla West,Mumbai,400070", "AWSID": "WS19207400037", "STRETCH": 100, "DEPTH": 2, "AFFECT_ROAD": null, "AFFECT_RAIL": "No", "NO_DE_WATER_PUMP": 1, "REMARKS": null, "FEATUREID": "FS15000000005", "EDUPDATEUSER": null, "EDUPDATETIME": null, "CREATED_USER": null, "CREATED_DATE": 1506429884000, "LAST_EDITED_USER": "DMMASTER@PRSRVGISDB.MUMBASE.MCGM.GOV.IN", "LAST_EDITED_DATE": 1653246517000, "HEIGHT_TO_MSL": null, "AFFECT_ELECTRIC": "No", "AFFECT_HAZ_MAT": null, "WARD": "L", "AFFECT_AREA": "Kurla West ", "SUBTYPE": null, "AFFECT_BEST_ROUTE": null, "AFFECTED_HUT": 70, "AFFECT_POPULATION": 200, "SHAPE.AREA": 2033.15562498, "SHAPE.LEN": 159.947059788893}}, {"type": "Feature", "id": 2896, "geometry": {"type": "Polygon", "coordinates": [[[72.88169314532173, 19.081566407837553], [72.88168024586922, 19.08156511377975], [72.88166776709915, 19.08156159941517], [72.88165608817265, 19.081555971526], [72.88164556394797, 19.081548401112812], [72.88163651419838, 19.081539118198773], [72.8816292138959, 19.08152840484053], [72.88162388485658, 19.081516586558056], [72.88162068900056, 19.081504022443877], [72.8816197234323, 19.08149109425225], [72.88162101749009, 19.081478194799733], [72.88162453185467, 19.081465716029665], [72.88163015974384, 19.081454037103157], [72.88163773015704, 19.081443512878487], [72.88164701307107, 19.08143446312889], [72.88165772642931, 19.08142716282643], [72.88166954471178, 19.0814218337871], [72.88168210882597, 19.081418637931073], [72.8816950370176, 19.081417672362807], [72.88170793647011, 19.08141896642061], [72.88172041524018, 19.08142248078519], [72.88173209416668, 19.08142810867436], [72.88174261839136, 19.081435679087548], [72.88175166814095, 19.081444962001587], [72.88175896844342, 19.08145567535983], [72.88176429748275, 19.081467493642304], [72.88176749333877, 19.081480057756483], [72.88176845890703, 19.08149298594811], [72.88176716484924, 19.081505885400627], [72.88176365048466, 19.081518364170694], [72.88175802259549, 19.081530043097203], [72.88175045218229, 19.081540567321873], [72.88174116926825, 19.08154961707147], [72.88173045591002, 19.08155691737393], [72.88171863762754, 19.08156224641326], [72.88170607351336, 19.081565442269287], [72.88169314532173, 19.081566407837553]]]}, "properties": {"OBJECTID": 2896, "NAME": "Kalpana Junction Kurla(w) (Delete)", "TYPE": 2, "LOCATION": "Kalpana Junction Kurla(w)", "AWSID": "WS20215900036", "STRETCH": null, "DEPTH": null, "AFFECT_ROAD": null, "AFFECT_RAIL": null, "NO_DE_WATER_PUMP": null, "REMARKS": null, "FEATUREID": "FS15000000052", "EDUPDATEUSER": null, "EDUPDATETIME": null, "CREATED_USER": "DMMASTER", "CREATED_DATE": 1623702085000, "LAST_EDITED_USER": "DMMASTER@PRSRVGISDB.MUMBASE.MCGM.GOV.IN", "LAST_EDITED_DATE": 1653506486000, "HEIGHT_TO_MSL": null, "AFFECT_ELECTRIC": null, "AFFECT_HAZ_MAT": null, "WARD": "L", "AFFECT_AREA": null, "SUBTYPE": 2, "AFFECT_BEST_ROUTE": "2022", "AFFECTED_HUT": null, "AFFECT_POPULATION": null, "SHAPE.AREA": 211.93504943, "SHAPE.LEN": 51.672387696779204}}, {"type": "Feature", "id": 565, "geometry": {"type": "Polygon", "coordinates": [[[72.88988597897466, 19.09104087121022], [72.8896257835407, 19.091138606955447], [72.88935172236961, 19.091191924766118], [72.88907206651392, 19.091199178785516], [72.88879532076122, 19.091160147640405], [72.88852993398956, 19.091076020280525], [72.88828392795236, 19.090949370940653], [72.88806480479602, 19.090784032513124], [72.88787919939476, 19.090585013961928], [72.88773277318899, 19.090358405148336], [72.88762996356104, 19.090111061408408], [72.88757388376455, 19.089850479546968], [72.88756625590645, 19.089584615501945], [72.88760732789108, 19.089321543757215], [72.88769579833018, 19.08906923789129], [72.88782902373147, 19.08883534352943], [72.8880029493043, 19.08862701768268], [72.88821226525769, 19.0884505927313], [72.88845063087567, 19.088311364031192], [72.88871082127453, 19.088213629549784], [72.88898488591924, 19.08816032587064], [72.88926453474187, 19.088153071469], [72.889541276702, 19.088192101461008], [72.88980667401273, 19.088276221738404], [72.89005267026087, 19.088402855174362], [72.8902718011379, 19.088568204808464], [72.89045739928643, 19.08876720740113], [72.89060383571535, 19.088993826133503], [72.8907066360253, 19.08924117657478], [72.89076271331007, 19.089501743412303], [72.89077034630127, 19.089767607817738], [72.89072928648683, 19.090030694360884], [72.89064081982725, 19.090283002053553], [72.89050758935893, 19.09051688505095], [72.8903336852516, 19.090725220800906], [72.89012435478138, 19.09090165513836], [72.88988597897466, 19.09104087121022]]]}, "properties": {"OBJECTID": 565, "NAME": "Sanjay Nagar Police Chowky", "TYPE": 2, "LOCATION": "Sanjay Nagar Road, Near Sanjaynagar Police Chowky, Kurla West, Mumbai, 400072", "AWSID": "WS20215900036", "STRETCH": 50, "DEPTH": 2, "AFFECT_ROAD": null, "AFFECT_RAIL": "No", "NO_DE_WATER_PUMP": 0, "REMARKS": "Monsoon 26 (2025)", "FEATUREID": "FS15000000028", "EDUPDATEUSER": null, "EDUPDATETIME": null, "CREATED_USER": "DMMASTER", "CREATED_DATE": 1529143829000, "LAST_EDITED_USER": "DMMASTER@PRSRVGISDB.MUMBASE.MCGM.GOV.IN", "LAST_EDITED_DATE": 1750847891000, "HEIGHT_TO_MSL": null, "AFFECT_ELECTRIC": "No", "AFFECT_HAZ_MAT": "No", "WARD": "L", "AFFECT_AREA": "Sanjay Nagar", "SUBTYPE": 2, "AFFECT_BEST_ROUTE": "2022", "AFFECTED_HUT": 50, "AFFECT_POPULATION": 150, "SHAPE.AREA": 89199.007856845, "SHAPE.LEN": 1060.0763591421398}}, {"type": "Feature", "id": 17, "geometry": {"type": "Polygon", "coordinates": [[[72.8953066002954, 19.11213959791766], [72.89524704278004, 19.112136036145266], [72.89518842521129, 19.112125407039674], [72.89513167101713, 19.112107878335323], [72.89507767564913, 19.112083725840627], [72.89502729141452, 19.112053330554488], [72.89498131139241, 19.112017173062437], [72.8949404610199, 19.111975822600712], [72.89490538487038, 19.111929930581912], [72.8948766372441, 19.11188022326078], [72.89485466911825, 19.111827481712684], [72.89483982913188, 19.11177253913474], [72.89483234957478, 19.11171626171675], [72.89483235033713, 19.11165953694354], [72.89483982863035, 19.111603259928337], [72.89485466964486, 19.111548317275744], [72.89487663813678, 19.111495576146343], [72.89490538623511, 19.11144586808716], [72.89494046216474, 19.11139997558262], [72.89498131222686, 19.11135862575454], [72.89502729153624, 19.111322467903317], [72.89507767732266, 19.111292073660444], [72.89513167197548, 19.111267921667817], [72.89518842590309, 19.111250393323196], [72.89524704334748, 19.111239763814048], [72.89530660043576, 19.11123620232421], [72.89536615668379, 19.111239764036004], [72.89542477396346, 19.111250393057073], [72.89548152791478, 19.111267921647404], [72.89553552310147, 19.111292074005743], [72.89558590818925, 19.111322468249483], [72.89563188818269, 19.111358625587094], [72.89567273765797, 19.11139997588885], [72.89570781393856, 19.111445867773305], [72.89573656175448, 19.11149557588642], [72.8957585301387, 19.111548317353527], [72.89577337137466, 19.111603259896576], [72.89578085030342, 19.111659537296084], [72.89578084986493, 19.1117162621003], [72.89577337092715, 19.111772539172275], [72.89575853113082, 19.11182748193579], [72.89573656285266, 19.111880223191385], [72.89570781490032, 19.111929931394943], [72.89567273905118, 19.11197582314984], [72.89563188897687, 19.1120171731309], [72.89558590862465, 19.11205333111409], [72.89553552360954, 19.11208372639471], [72.89548152873661, 19.112107877581035], [72.89542477546652, 19.112125406903548], [72.89536615675894, 19.112136036428723], [72.8953066002954, 19.11213959791766]]]}, "properties": {"OBJECTID": 17, "NAME": "Chindivali Panvhvati CHS (Delete)", "TYPE": 2, "LOCATION": "Chandivali Panchvati CHS,Road No 10,Inside Chandivali Panchvati CHS,Chandivali,Mumbai,400076", "AWSID": "WS19247700031", "STRETCH": 30, "DEPTH": 1, "AFFECT_ROAD": null, "AFFECT_RAIL": "No", "NO_DE_WATER_PUMP": 1, "REMARKS": null, "FEATUREID": "FS15000000008", "EDUPDATEUSER": null, "EDUPDATETIME": null, "CREATED_USER": null, "CREATED_DATE": 1506429884000, "LAST_EDITED_USER": "DMMASTER@PRSRVGISDB.MUMBASE.MCGM.GOV.IN", "LAST_EDITED_DATE": 1653390849000, "HEIGHT_TO_MSL": null, "AFFECT_ELECTRIC": "No", "AFFECT_HAZ_MAT": null, "WARD": "L", "AFFECT_AREA": "Chindivali ", "SUBTYPE": null, "AFFECT_BEST_ROUTE": null, "AFFECTED_HUT": null, "AFFECT_POPULATION": null, "SHAPE.AREA": 7836.55352396, "SHAPE.LEN": 314.017247107558}}]}