{"type": "FeatureCollection", "crs": {"type": "name", "properties": {"name": "urn:ogc:def:crs:OGC:1.3:CRS84"}}, "metadata": {"source": "OpenStreetMap", "retrieved_at": "2026-09-12T13:52:26.777931+00:00", "attribution": "OpenStreetMap contributors (ODbL)", "feature_count": 1128}, "features": [{"type": "Feature", "id": "22854472", "properties": {"id": "22854472", "name": "Ramakrishna Chemburkar Marg", "highway": "secondary", "lanes": "2", "source": "OSM"}, "geometry": {"type": "LineString", "coordinates": [[72.8945737, 19.054147], [72.8946174, 19.0543432], [72.8947295, 19.0548471], [72.8948201, 19.0552514], [72.8948733, 19.0554888], [72.8949945, 19.0560296], [72.8950934, 19.0564709], [72.8951344, 19.0566662], [72.8952564, 19.057356], [72.8953288, 19.0576979], [72.8954036, 19.0579213], [72.8954443, 19.0580035], [72.8956018, 19.058322], [72.8959225, 19.0588268], [72.8961871, 19.0592432], [72.8964358, 19.0596332], [72.8966104, 19.0598896], [72.8968886, 19.0602964], [72.8969937, 19.0604725], [72.8970626, 19.0605879]]}}, {"type": "Feature", "id": "22854860", "properties": {"id": "22854860", "name": "S G Barve Marg (C S T Road)", "highway": "secondary", "lanes": null, "source": "OSM"}, "geometry": {"type": "LineString", "coordinates": [[72.8859595, 19.0586924], [72.8858965, 19.0587817], [72.8855956, 19.0592226], [72.8855807, 19.0592428], [72.8850696, 19.0599369], [72.8844858, 19.0607299]]}}, {"type": "Feature", "id": "22855453", "properties": {"id": "22855453", "name": "Air India Road", "highway": "secondary", "lanes": null, "source": "OSM"}, "geometry": {"type": "LineString", "coordinates": [[72.8599596, 19.0849445], [72.8607273, 19.0850516], [72.8608534, 19.0850535], [72.8609124, 19.0850466], [72.8609781, 19.085025], [72.8610237, 19.0849578], [72.8610679, 19.0848805], [72.8611873, 19.0846245], [72.8612356, 19.0845333], [72.8613, 19.0844509], [72.8613684, 19.0844065], [72.8614394, 19.0843799], [72.8618471, 19.0843039], [72.8622656, 19.0842278], [72.8624479, 19.0842164], [72.8626867, 19.0842265], [72.8634457, 19.0842595], [72.8636898, 19.0842696], [72.8638373, 19.0842722], [72.8640211, 19.084243], [72.8641123, 19.0842151], [72.8642948, 19.0841197], [72.8647922, 19.0838882], [72.8649317, 19.0838197], [72.8650054, 19.0837576], [72.8653598, 19.0834068], [72.8655711, 19.0831887], [72.866022, 19.0827792], [72.8662245, 19.0826106], [72.8663599, 19.0825257], [72.8664605, 19.0824636], [72.866592, 19.082423], [72.8668065, 19.0823888], [72.8672236, 19.0823926], [72.8678509, 19.0824554], [72.8682362, 19.082494], [72.8683729, 19.0825003], [72.8684923, 19.0824978], [72.8685808, 19.0824864], [72.8687149, 19.0824408], [72.870048, 19.0818159], [72.8703766, 19.0816474]]}}, {"type": "Feature", "id": "22855562", "properties": {"id": "22855562", "name": "V K Krishna Marg", "highway": "tertiary", "lanes": null, "source": "OSM"}, "geometry": {"type": "LineString", "coordinates": [[72.8649718, 19.0985848], [72.8649093, 19.0986264], [72.8643929, 19.0995628], [72.864371, 19.0995998], [72.863735, 19.1006743]]}}, {"type": "Feature", "id": "22855576", "properties": {"id": "22855576", "name": "S G Barve Marg", "highway": "tertiary", "lanes": null, "source": "OSM"}, "geometry": {"type": "LineString", "coordinates": [[72.877716, 19.0668239], [72.8787167, 19.0661193], [72.8790426, 19.0658596], [72.8794655, 19.0665517]]}}, {"type": "Feature", "id": "22855577", "properties": {"id": "22855577", "name": "Jawaharlal Nehru Road", "highway": "secondary", "lanes": null, "source": "OSM"}, "geometry": {"type": "LineString", "coordinates": [[72.8587181, 19.0819093], [72.8589528, 19.0807976], [72.8590308, 19.080418], [72.8591745, 19.0800844], [72.8592025, 19.0800277], [72.8594016, 19.0797734], [72.8602351, 19.0790771], [72.8604953, 19.0789149], [72.8610693, 19.0787019], [72.8611551, 19.0786284], [72.8611846, 19.0784991], [72.861198, 19.0781468], [72.8612436, 19.078015], [72.861359, 19.0779364], [72.8615043, 19.0778821], [72.8617557, 19.0778561]]}}, {"type": "Feature", "id": "22855579", "properties": {"id": "22855579", "name": "Kalina Kurla Road", "highway": "secondary", "lanes": null, "source": "OSM"}, "geometry": {"type": "LineString", "coordinates": [[72.8787234, 19.0777927], [72.8784089, 19.0778984], [72.8780912, 19.0780124], [72.8778828, 19.0781017], [72.8774777, 19.0782685], [72.8771731, 19.078399]]}}, {"type": "Feature", "id": "22855647", "properties": {"id": "22855647", "name": "Avenue 5: Lane 3", "highway": "tertiary", "lanes": "2", "source": "OSM"}, "geometry": {"type": "LineString", "coordinates": [[72.8679652, 19.0621157], [72.8683025, 19.0621397], [72.8688744, 19.0621803]]}}, {"type": "Feature", "id": "22855651", "properties": {"id": "22855651", "name": "Street 5", "highway": "tertiary", "lanes": "2", "source": "OSM"}, "geometry": {"type": "LineString", "coordinates": [[72.8622599, 19.0652128], [72.8625426, 19.0649824], [72.862555, 19.0649715], [72.8629199, 19.0646518], [72.8629412, 19.0646331], [72.863069, 19.0645211], [72.8634483, 19.0641888], [72.8634676, 19.0641719], [72.8635385, 19.0641081], [72.8636321, 19.0640243], [72.8641175, 19.0636025], [72.8641859, 19.0635426], [72.8644365, 19.0633231], [72.8645691, 19.0632069], [72.8649167, 19.0629023], [72.8650215, 19.0628669], [72.8651286, 19.0628348]]}}, {"type": "Feature", "id": "22855692", "properties": {"id": "22855692", "name": "Avenue 5: Lane 3", "highway": "tertiary", "lanes": "2", "source": "OSM"}, "geometry": {"type": "LineString", "coordinates": [[72.8688367, 19.0620872], [72.8679638, 19.0620436]]}}, {"type": "Feature", "id": "22855805", "properties": {"id": "22855805", "name": "Street 7", "highway": "secondary", "lanes": "2", "source": "OSM"}, "geometry": {"type": "LineString", "coordinates": [[72.8652769, 19.0672793], [72.8653978, 19.0671608], [72.8657184, 19.066865], [72.866236, 19.0663874], [72.8664284, 19.0662199], [72.8664584, 19.0661937], [72.8664872, 19.0661686]]}}, {"type": "Feature", "id": "22855806", "properties": {"id": "22855806", "name": "Kanzul Iman Road", "highway": "tertiary", "lanes": "2", "source": "OSM"}, "geometry": {"type": "LineString", "coordinates": [[72.8674929, 19.0704014], [72.8675393, 19.0704779], [72.8678721, 19.0706993], [72.8682824, 19.0709723], [72.8685231, 19.0711325], [72.8690092, 19.0714231], [72.8698506, 19.0718899], [72.8701933, 19.0720412], [72.8702595, 19.0720434]]}}, {"type": "Feature", "id": "22855835", "properties": {"id": "22855835", "name": "Street 7", "highway": "secondary", "lanes": "2", "source": "OSM"}, "geometry": {"type": "LineString", "coordinates": [[72.8664307, 19.0661162], [72.866402, 19.0661444], [72.8661849, 19.0663342], [72.8657463, 19.0667387], [72.8656656, 19.0668132], [72.8653966, 19.0670614], [72.8653326, 19.0671204], [72.8651975, 19.0672299]]}}, {"type": "Feature", "id": "22855841", "properties": {"id": "22855841", "name": "Avenue 5", "highway": "tertiary", "lanes": null, "source": "OSM"}, "geometry": {"type": "LineString", "coordinates": [[72.8690517, 19.0622722], [72.8691455, 19.0625078], [72.8692947, 19.0628789], [72.8697265, 19.063953], [72.8701097, 19.0649014], [72.8701201, 19.064923], [72.8702312, 19.0651551], [72.8704655, 19.0656853], [72.8704711, 19.0657801]]}}, {"type": "Feature", "id": "22855895", "properties": {"id": "22855895", "name": "Bharat Nagar Road", "highway": "tertiary", "lanes": "2", "source": "OSM"}, "geometry": {"type": "LineString", "coordinates": [[72.8620802, 19.0652947], [72.8618884, 19.0654516], [72.8617069, 19.0656002], [72.861675, 19.0656216], [72.8616034, 19.0656697], [72.8614931, 19.0657148], [72.86145, 19.0657245], [72.8613515, 19.0657466], [72.8612917, 19.0657541], [72.8612626, 19.0657577], [72.8612271, 19.0657622], [72.8611509, 19.0657717], [72.8608824, 19.0658053], [72.8605336, 19.0658489], [72.8603996, 19.0658657], [72.860134, 19.0658989], [72.8600438, 19.0659102], [72.8594995, 19.0659783], [72.8580266, 19.0661628], [72.8579576, 19.0661711], [72.8575573, 19.0662212], [72.8575284, 19.0662248], [72.857163, 19.0662824]]}}, {"type": "Feature", "id": "22855897", "properties": {"id": "22855897", "name": "Unnamed Road", "highway": "tertiary", "lanes": null, "source": "OSM"}, "geometry": {"type": "LineString", "coordinates": [[72.8595089, 19.0660495], [72.8594995, 19.0659783], [72.8594328, 19.0654711], [72.8594124, 19.0653166], [72.8593728, 19.0650153]]}}, {"type": "Feature", "id": "22855921", "properties": {"id": "22855921", "name": "Avenue 3", "highway": "tertiary", "lanes": "2", "source": "OSM"}, "geometry": {"type": "LineString", "coordinates": [[72.8723, 19.0710084], [72.8724298, 19.0707597], [72.8724597, 19.0706871], [72.8724765, 19.0706145], [72.8724756, 19.0702842], [72.8724458, 19.0701656], [72.8720175, 19.0689938], [72.8719284, 19.0689151], [72.871356, 19.0685648], [72.8711522, 19.0684363], [72.8701673, 19.067815], [72.8697261, 19.0675376], [72.8696352, 19.0674802], [72.8696019, 19.0674529], [72.8695743, 19.0674332], [72.8694166, 19.0673209], [72.868924, 19.0668192], [72.8679244, 19.0659614], [72.8676733, 19.0657295]]}}, {"type": "Feature", "id": "22856778", "properties": {"id": "22856778", "name": "Maroshi Village Road", "highway": "secondary", "lanes": null, "source": "OSM"}, "geometry": {"type": "LineString", "coordinates": [[72.8784764, 19.1104433], [72.8784867, 19.1105027], [72.8785819, 19.1108245], [72.8788537, 19.1117916], [72.8788788, 19.1118807], [72.8789108, 19.1120151], [72.8790006, 19.1122604], [72.8794188, 19.1131048], [72.8794768, 19.1131259]]}}, {"type": "Feature", "id": "22857103", "properties": {"id": "22857103", "name": "Cardinal Gracias Road", "highway": "tertiary", "lanes": null, "source": "OSM"}, "geometry": {"type": "LineString", "coordinates": [[72.8585872, 19.1077588], [72.8586734, 19.1078215], [72.8587067, 19.1078689], [72.8588503, 19.1080735], [72.8590549, 19.108767], [72.859055, 19.1088084], [72.8590552, 19.1088683], [72.8590558, 19.1091005], [72.858999, 19.1094809], [72.8589839, 19.1095332], [72.858961, 19.1097081], [72.8589082, 19.1101115], [72.8588876, 19.1102525], [72.8588243, 19.1106861], [72.8588007, 19.1108355], [72.8587833, 19.1109667], [72.8587821, 19.1109755], [72.8587124, 19.1114501], [72.8587091, 19.1114727], [72.8586651, 19.1117718]]}}, {"type": "Feature", "id": "22857142", "properties": {"id": "22857142", "name": "V K Krishna Marg", "highway": "secondary", "lanes": null, "source": "OSM"}, "geometry": {"type": "LineString", "coordinates": [[72.859285, 19.1070163], [72.8592061, 19.1071011], [72.8591307, 19.1071809], [72.8586488, 19.107691], [72.8585872, 19.1077588], [72.8583531, 19.1079468], [72.8581227, 19.1080875], [72.8579958, 19.108165], [72.8578305, 19.108266], [72.8574557, 19.1084038], [72.8570319, 19.1085016], [72.856201, 19.1086933], [72.8561097, 19.1087144], [72.8554117, 19.1088633], [72.855148, 19.1089171], [72.8546538, 19.109007], [72.8539346, 19.1091378]]}}, {"type": "Feature", "id": "22857711", "properties": {"id": "22857711", "name": "Jiva Mahale Marg", "highway": "tertiary", "lanes": null, "source": "OSM"}, "geometry": {"type": "LineString", "coordinates": [[72.853016, 19.1129536], [72.8530528, 19.1128883], [72.8531359, 19.1127411], [72.8532509, 19.1125373], [72.8533062, 19.1123268], [72.8533131, 19.1122088], [72.8533034, 19.1120948], [72.8532992, 19.1119773], [72.8532891, 19.1116919], [72.8532632, 19.1113479], [72.8532014, 19.1111174], [72.8531423, 19.110897], [72.8530421, 19.1105232], [72.8530245, 19.110369], [72.8530013, 19.1101666], [72.8529928, 19.1100373], [72.8530028, 19.1099763], [72.8530389, 19.1097467], [72.8530638, 19.1094842], [72.8530717, 19.1094346]]}}, {"type": "Feature", "id": "22859037", "properties": {"id": "22859037", "name": "Ramakrishna Paramahansa Marg", "highway": "tertiary", "lanes": null, "source": "OSM"}, "geometry": {"type": "LineString", "coordinates": [[72.8547095, 19.0602565], [72.8545874, 19.0603954], [72.8544588, 19.0606019], [72.8541851, 19.0610413], [72.8541625, 19.0610963], [72.8541489, 19.061176], [72.8541236, 19.0612424], [72.8541116, 19.0612629], [72.8540928, 19.0612949], [72.8540379, 19.0613884], [72.8539863, 19.0614367]]}}, {"type": "Feature", "id": "22859071", "properties": {"id": "22859071", "name": "Nanasaheb Dharmadhikari Marg", "highway": "tertiary", "lanes": null, "source": "OSM"}, "geometry": {"type": "LineString", "coordinates": [[72.8475994, 19.0557497], [72.8481669, 19.0561764], [72.8482084, 19.0562076], [72.8482573, 19.0562443], [72.8482903, 19.0562692], [72.848339, 19.0563058], [72.8483743, 19.0563324], [72.8486946, 19.0565737], [72.8488009, 19.0566602], [72.8494319, 19.0571234], [72.8499027, 19.0574741], [72.8500079, 19.0575599], [72.850437, 19.0579096], [72.8505347, 19.0579893], [72.8508919, 19.0582709], [72.8512273, 19.0585354]]}}, {"type": "Feature", "id": "22859105", "properties": {"id": "22859105", "name": "Madhusudan Kalekar Marg", "highway": "tertiary", "lanes": null, "source": "OSM"}, "geometry": {"type": "LineString", "coordinates": [[72.8517784, 19.0579436], [72.8518128, 19.057972], [72.8521735, 19.0582696], [72.852253, 19.058339], [72.8528451, 19.0588243], [72.8534558, 19.0593248], [72.853481, 19.0593455], [72.8535677, 19.0594508], [72.8535821, 19.0594683]]}}, {"type": "Feature", "id": "22859144", "properties": {"id": "22859144", "name": "Avenue 5", "highway": "tertiary", "lanes": "2", "source": "OSM"}, "geometry": {"type": "LineString", "coordinates": [[72.868036, 19.0597643], [72.8679401, 19.0596553], [72.8679091, 19.0595911], [72.8675584, 19.0588563], [72.8674991, 19.0587319], [72.8674097, 19.0586165], [72.8672973, 19.0585051], [72.86716, 19.0584111], [72.8659841, 19.0577613], [72.8658667, 19.0576964], [72.8653543, 19.0574592], [72.8649043, 19.0573209], [72.8644612, 19.0572801], [72.8641612, 19.0573173], [72.8638573, 19.0573636], [72.8635565, 19.0574228], [72.8633104, 19.0575011], [72.8630757, 19.0576026], [72.8628739, 19.0576992], [72.8613697, 19.0585339], [72.8611434, 19.0586712]]}}, {"type": "Feature", "id": "22859164", "properties": {"id": "22859164", "name": "Unnamed Road", "highway": "tertiary", "lanes": null, "source": "OSM"}, "geometry": {"type": "LineString", "coordinates": [[72.857163, 19.0662824], [72.8570602, 19.0656168], [72.8570574, 19.0655466], [72.8570855, 19.0654574], [72.8572101, 19.0653214], [72.8572617, 19.0652804], [72.8573106, 19.0652612], [72.8573899, 19.0652464], [72.8574168, 19.0652432], [72.8585604, 19.0651088], [72.8589354, 19.0650647], [72.8593728, 19.0650153]]}}, {"type": "Feature", "id": "22859189", "properties": {"id": "22859189", "name": "Unnamed Road", "highway": "tertiary", "lanes": null, "source": "OSM"}, "geometry": {"type": "LineString", "coordinates": [[72.8542532, 19.0657047], [72.8543451, 19.0656559], [72.8545067, 19.0655057], [72.8545762, 19.0654411], [72.8546053, 19.0653921], [72.8546763, 19.0652725], [72.8547882, 19.0650771], [72.8548647, 19.0649435], [72.8550435, 19.0646461], [72.8551552, 19.0644484], [72.8552641, 19.0642556], [72.8555012, 19.0638357], [72.855518, 19.063805], [72.8556553, 19.0635538], [72.8558106, 19.0632696], [72.8559622, 19.06298]]}}, {"type": "Feature", "id": "22859198", "properties": {"id": "22859198", "name": "Sharada Devi Road", "highway": "tertiary", "lanes": null, "source": "OSM"}, "geometry": {"type": "LineString", "coordinates": [[72.8498304, 19.0654916], [72.8499257, 19.0654092], [72.8500933, 19.0651083], [72.8501576, 19.0649905], [72.8504705, 19.0644172], [72.8505322, 19.0643463], [72.8505854, 19.0643176], [72.8506998, 19.0643299], [72.8513606, 19.0646737], [72.8513846, 19.0646862], [72.8520164, 19.064995]]}}, {"type": "Feature", "id": "22859210", "properties": {"id": "22859210", "name": "Unnamed Road", "highway": "tertiary", "lanes": null, "source": "OSM"}, "geometry": {"type": "LineString", "coordinates": [[72.8559622, 19.06298], [72.856076, 19.0627705], [72.8562288, 19.0625301], [72.8564121, 19.0622417], [72.8565799, 19.0619923], [72.8567379, 19.0617575]]}}, {"type": "Feature", "id": "22859290", "properties": {"id": "22859290", "name": "Unnamed Road", "highway": "tertiary", "lanes": null, "source": "OSM"}, "geometry": {"type": "LineString", "coordinates": [[72.8567379, 19.0617575], [72.8572579, 19.0609544], [72.8573719, 19.0608356]]}}, {"type": "Feature", "id": "22859298", "properties": {"id": "22859298", "name": "JL Shirshekar Marg", "highway": "tertiary", "lanes": null, "source": "OSM"}, "geometry": {"type": "LineString", "coordinates": [[72.8495016, 19.0657738], [72.8496042, 19.0661056], [72.8496847, 19.0662121], [72.8497463, 19.0662628], [72.8498412, 19.066321], [72.8499303, 19.0663631], [72.8503154, 19.06655], [72.8506924, 19.0667393], [72.8510125, 19.0669], [72.8511856, 19.0669869]]}}, {"type": "Feature", "id": "22859299", "properties": {"id": "22859299", "name": "Unnamed Road", "highway": "tertiary", "lanes": null, "source": "OSM"}, "geometry": {"type": "LineString", "coordinates": [[72.8497439, 19.0606265], [72.8499009, 19.0605693], [72.8499382, 19.0605631], [72.8499749, 19.0605615], [72.8500175, 19.0605622], [72.8505063, 19.0605701], [72.8507407, 19.0605739], [72.851022, 19.0605784], [72.8512182, 19.0605816], [72.8513494, 19.060552]]}}, {"type": "Feature", "id": "22860195", "properties": {"id": "22860195", "name": "Nehru Road", "highway": "tertiary", "lanes": null, "source": "OSM"}, "geometry": {"type": "LineString", "coordinates": [[72.8555506, 19.095762], [72.8553168, 19.0958873], [72.8548137, 19.0960615], [72.8543134, 19.0961917], [72.8542084, 19.0962178], [72.8541123, 19.0962418], [72.8539438, 19.0962816], [72.8536062, 19.0963556], [72.8535337, 19.0963711], [72.8532984, 19.0964215], [72.8531244, 19.0964588]]}}, {"type": "Feature", "id": "22860258", "properties": {"id": "22860258", "name": "Dayaldas Road", "highway": "primary", "lanes": null, "source": "OSM"}, "geometry": {"type": "LineString", "coordinates": [[72.851775, 19.0968086], [72.8516144, 19.0963122], [72.8514325, 19.0957632], [72.8512611, 19.0951879], [72.8511864, 19.094981], [72.8508893, 19.0941793], [72.8502815, 19.0934021]]}}, {"type": "Feature", "id": "22860355", "properties": {"id": "22860355", "name": "Nehru Road", "highway": "tertiary", "lanes": null, "source": "OSM"}, "geometry": {"type": "LineString", "coordinates": [[72.8548803, 19.0945665], [72.8549874, 19.0948316], [72.8552097, 19.0952208], [72.8554912, 19.0956978], [72.8555506, 19.095762]]}}, {"type": "Feature", "id": "22860456", "properties": {"id": "22860456", "name": "Nanda Patkar Road", "highway": "tertiary", "lanes": null, "source": "OSM"}, "geometry": {"type": "LineString", "coordinates": [[72.8500181, 19.0951402], [72.8501358, 19.0957845], [72.8502878, 19.0964288], [72.8503647, 19.0967789], [72.8504571, 19.0971269]]}}, {"type": "Feature", "id": "27055934", "properties": {"id": "27055934", "name": "Bandra Kurla Complex Road", "highway": "primary", "lanes": "3", "source": "OSM"}, "geometry": {"type": "LineString", "coordinates": [[72.8567907, 19.0599864], [72.8576193, 19.0604139]]}}, {"type": "Feature", "id": "27055936", "properties": {"id": "27055936", "name": "Bandra Kurla Complex Road", "highway": "primary", "lanes": "3", "source": "OSM"}, "geometry": {"type": "LineString", "coordinates": [[72.8621463, 19.0653357], [72.8651975, 19.0672299], [72.8652769, 19.0672793], [72.8683414, 19.0691817], [72.868405, 19.0692212], [72.8695123, 19.0699086], [72.8705694, 19.0705649], [72.8708472, 19.0707263], [72.8711271, 19.070861], [72.8714176, 19.0709735], [72.8716827, 19.0710411], [72.8717995, 19.0710692]]}}, {"type": "Feature", "id": "27055937", "properties": {"id": "27055937", "name": "Bandra Kurla Complex Road", "highway": "primary", "lanes": null, "source": "OSM"}, "geometry": {"type": "LineString", "coordinates": [[72.8753551, 19.0707566], [72.8742347, 19.0709006]]}}, {"type": "Feature", "id": "27055938", "properties": {"id": "27055938", "name": "Bandra Kurla Complex Road", "highway": "primary", "lanes": "5", "source": "OSM"}, "geometry": {"type": "LineString", "coordinates": [[72.8508936, 19.0556609], [72.8507958, 19.055597], [72.8503939, 19.0553345], [72.8501355, 19.0549943], [72.8497295, 19.0545834], [72.8493852, 19.0542196], [72.8490813, 19.053842], [72.8490311, 19.0537797], [72.8489484, 19.0537036], [72.8488905, 19.0536544], [72.8487892, 19.0535757], [72.8486536, 19.0534598], [72.8485211, 19.0533507], [72.8477079, 19.0528658]]}}, {"type": "Feature", "id": "39743635", "properties": {"id": "39743635", "name": "Street 3: Lane 1", "highway": "tertiary", "lanes": null, "source": "OSM"}, "geometry": {"type": "LineString", "coordinates": [[72.8606545, 19.0621479], [72.8607439, 19.06232], [72.8609355, 19.0626887], [72.8610286, 19.0628679], [72.8611082, 19.0630211], [72.8611812, 19.0631187], [72.8612012, 19.0631455], [72.8612929, 19.0632278], [72.8612988, 19.0632325], [72.8613312, 19.0632579], [72.8614372, 19.0633413], [72.8619462, 19.0637419], [72.8620115, 19.0637932], [72.8620581, 19.0638299], [72.8621561, 19.0638619], [72.8622237, 19.0638545], [72.8622541, 19.0638512], [72.8625528, 19.0636132], [72.8625778, 19.0635933], [72.862758, 19.0634498], [72.8628545, 19.0633669], [72.863061, 19.0631893], [72.8631634, 19.0631013], [72.8632829, 19.0629986], [72.8634213, 19.0628796], [72.8637116, 19.0626301], [72.8637304, 19.0626139], [72.8637743, 19.0625438], [72.8637931, 19.0624728], [72.8637891, 19.0624018], [72.8637736, 19.0623314], [72.8637052, 19.0621527], [72.8636271, 19.0619488], [72.8635393, 19.0617197], [72.8633344, 19.0611846]]}}, {"type": "Feature", "id": "39743636", "properties": {"id": "39743636", "name": "Unnamed Road", "highway": "tertiary", "lanes": null, "source": "OSM"}, "geometry": {"type": "LineString", "coordinates": [[72.862758, 19.0634498], [72.8628138, 19.0635066], [72.8633462, 19.0640484], [72.8633965, 19.0640995]]}}, {"type": "Feature", "id": "39744013", "properties": {"id": "39744013", "name": "Unnamed Road", "highway": "tertiary", "lanes": null, "source": "OSM"}, "geometry": {"type": "LineString", "coordinates": [[72.8535444, 19.065737], [72.854028, 19.0657877]]}}, {"type": "Feature", "id": "39744021", "properties": {"id": "39744021", "name": "Unnamed Road", "highway": "tertiary", "lanes": "2", "source": "OSM"}, "geometry": {"type": "LineString", "coordinates": [[72.8527612, 19.0674813], [72.8521743, 19.0672972]]}}, {"type": "Feature", "id": "39744025", "properties": {"id": "39744025", "name": "Unnamed Road", "highway": "tertiary", "lanes": "2", "source": "OSM"}, "geometry": {"type": "LineString", "coordinates": [[72.8521743, 19.0672972], [72.8520818, 19.0672676], [72.8518329, 19.0671757], [72.8517515, 19.0671495], [72.8516274, 19.0671095], [72.8514581, 19.067055], [72.8512863, 19.0669948], [72.8511856, 19.0669869]]}}, {"type": "Feature", "id": "39744040", "properties": {"id": "39744040", "name": "Unnamed Road", "highway": "tertiary", "lanes": null, "source": "OSM"}, "geometry": {"type": "LineString", "coordinates": [[72.854028, 19.0657877], [72.8541758, 19.065763], [72.8542074, 19.0657519], [72.8542532, 19.0657047]]}}, {"type": "Feature", "id": "46165969", "properties": {"id": "46165969", "name": "Airport Flyover", "highway": "motorway", "lanes": null, "source": "OSM"}, "geometry": {"type": "LineString", "coordinates": [[72.8539246, 19.098929], [72.8534746, 19.0977511], [72.853041, 19.0964703], [72.8528647, 19.0959774], [72.8527468, 19.0956315], [72.8525708, 19.095181], [72.8523583, 19.0947469], [72.852054, 19.0943105], [72.8517337, 19.0939364], [72.8513324, 19.0935377], [72.8509358, 19.0932349], [72.8505887, 19.0930129], [72.8505089, 19.0929659]]}}, {"type": "Feature", "id": "46166424", "properties": {"id": "46166424", "name": "Airport Flyover", "highway": "motorway", "lanes": null, "source": "OSM"}, "geometry": {"type": "LineString", "coordinates": [[72.8506505, 19.0932194], [72.8507561, 19.0932801], [72.8508852, 19.0933697], [72.8512484, 19.093649], [72.8516251, 19.0940121], [72.85194, 19.0943594], [72.8522263, 19.0948008], [72.852437, 19.0952305], [72.8526184, 19.0956609], [72.8527409, 19.0960051], [72.8529199, 19.0965574], [72.8533593, 19.0977928], [72.8538212, 19.0989786]]}}, {"type": "Feature", "id": "46417994", "properties": {"id": "46417994", "name": "Service road", "highway": "primary", "lanes": null, "source": "OSM"}, "geometry": {"type": "LineString", "coordinates": [[72.8509279, 19.0934922], [72.8510217, 19.0935619], [72.8511585, 19.0936734], [72.8512913, 19.0937989], [72.8515194, 19.0940363], [72.8517667, 19.09434], [72.8520431, 19.0947199], [72.8521341, 19.094909], [72.8522554, 19.0952087], [72.8522798, 19.0952689], [72.8524152, 19.0955718]]}}, {"type": "Feature", "id": "46417998", "properties": {"id": "46417998", "name": "Airport Flyover", "highway": "motorway", "lanes": null, "source": "OSM"}, "geometry": {"type": "LineString", "coordinates": [[72.8504931, 19.0931238], [72.8505911, 19.0931833], [72.8506505, 19.0932194]]}}, {"type": "Feature", "id": "46418006", "properties": {"id": "46418006", "name": "Western Express Highway", "highway": "motorway", "lanes": null, "source": "OSM"}, "geometry": {"type": "LineString", "coordinates": [[72.8466256, 19.0921126], [72.8477609, 19.0923167], [72.8486938, 19.0924997], [72.849362, 19.092654], [72.8498612, 19.0928312], [72.8501239, 19.0929455], [72.8503039, 19.0930352], [72.8504931, 19.0931238]]}}, {"type": "Feature", "id": "46418007", "properties": {"id": "46418007", "name": "Western Express Highway", "highway": "motorway", "lanes": "4", "source": "OSM"}, "geometry": {"type": "LineString", "coordinates": [[72.8504334, 19.0929193], [72.8502687, 19.092846], [72.8499044, 19.0926838], [72.8494004, 19.0925351], [72.8487972, 19.0923822], [72.8481203, 19.092247], [72.8475303, 19.0921407], [72.8470352, 19.0920429], [72.846657, 19.0919866]]}}, {"type": "Feature", "id": "46418380", "properties": {"id": "46418380", "name": "Unnamed Road", "highway": "tertiary", "lanes": null, "source": "OSM"}, "geometry": {"type": "LineString", "coordinates": [[72.8503534, 19.0927218], [72.8502846, 19.0926862], [72.8500069, 19.0925623], [72.849468, 19.0923758], [72.8488785, 19.0922401], [72.8481106, 19.0920823], [72.8471356, 19.0919005], [72.8464802, 19.0917847], [72.8461463, 19.0917114], [72.8457704, 19.0916137], [72.8455378, 19.0915287], [72.8453136, 19.0914401], [72.8451203, 19.0913313], [72.8447925, 19.0910974], [72.8445617, 19.0909078], [72.8443713, 19.0906989], [72.8442665, 19.0905601], [72.8441359, 19.0903569], [72.8440966, 19.0902957], [72.8439966, 19.0900899]]}}, {"type": "Feature", "id": "48799047", "properties": {"id": "48799047", "name": "Western Express Highway", "highway": "motorway", "lanes": null, "source": "OSM"}, "geometry": {"type": "LineString", "coordinates": [[72.8539115, 19.0992195], [72.8540021, 19.0995706], [72.8542197, 19.1000877], [72.8543951, 19.1006762], [72.8544493, 19.1009544], [72.8545035, 19.1012326], [72.8545223, 19.1015401], [72.8544951, 19.1019253], [72.854417, 19.1023843], [72.8541945, 19.1034405], [72.8541859, 19.1034791]]}}, {"type": "Feature", "id": "49012602", "properties": {"id": "49012602", "name": "Unnamed Road", "highway": "tertiary", "lanes": null, "source": "OSM"}, "geometry": {"type": "LineString", "coordinates": [[72.850222, 19.0769337], [72.8504292, 19.0768305], [72.8507723, 19.0766435], [72.8508854, 19.0765873], [72.8514214, 19.0763216], [72.8514736, 19.0762876], [72.851691, 19.0761944], [72.8517625, 19.0761419], [72.8517834, 19.0761265], [72.8518492, 19.0760783], [72.8521445, 19.0757092], [72.8521659, 19.0756824], [72.8521744, 19.075668], [72.8523384, 19.0753891], [72.852463, 19.0751772], [72.8526154, 19.0749181], [72.8529879, 19.0742698], [72.8530567, 19.0741646]]}}, {"type": "Feature", "id": "49013036", "properties": {"id": "49013036", "name": "Unnamed Road", "highway": "trunk_link", "lanes": null, "source": "OSM"}, "geometry": {"type": "LineString", "coordinates": [[72.8600807, 19.0745539], [72.8601701, 19.0745719], [72.8602745, 19.0746016], [72.8603598, 19.0746245], [72.8604233, 19.0746387], [72.8605221, 19.074641]]}}, {"type": "Feature", "id": "49037280", "properties": {"id": "49037280", "name": "Bandra Kurla Complex Road", "highway": "primary", "lanes": "3", "source": "OSM"}, "geometry": {"type": "LineString", "coordinates": [[72.8576975, 19.0602701], [72.8568633, 19.0598396]]}}, {"type": "Feature", "id": "49131965", "properties": {"id": "49131965", "name": "Mahakali Caves Road", "highway": "tertiary", "lanes": null, "source": "OSM"}, "geometry": {"type": "LineString", "coordinates": [[72.8632135, 19.1180311], [72.8632108, 19.1179725], [72.8631957, 19.1179175], [72.8631729, 19.1178359], [72.863156, 19.1177736], [72.8630496, 19.1175645], [72.8629162, 19.1172821], [72.8628677, 19.1171794], [72.8626881, 19.1168647], [72.8624842, 19.1165711], [72.8622776, 19.1164064], [72.8618378, 19.1161531], [72.8616961, 19.1160762], [72.8616439, 19.1160467], [72.8607514, 19.1155422], [72.8604296, 19.1153141], [72.8602977, 19.1150429], [72.8602311, 19.1149061]]}}, {"type": "Feature", "id": "49682801", "properties": {"id": "49682801", "name": "Avenue 3: Lane 2", "highway": "secondary", "lanes": "2", "source": "OSM"}, "geometry": {"type": "LineString", "coordinates": [[72.8626426, 19.0590308], [72.8625926, 19.0596665], [72.8625848, 19.0597653], [72.8625767, 19.0598678], [72.8625476, 19.0602374], [72.8625269, 19.0605162], [72.8625163, 19.0606354], [72.8625126, 19.0606826], [72.8624978, 19.0608696], [72.8624842, 19.0610426], [72.8624831, 19.0610575], [72.8624755, 19.0611611], [72.8624726, 19.0613011], [72.862468, 19.0614119]]}}, {"type": "Feature", "id": "49682803", "properties": {"id": "49682803", "name": "Avenue 5", "highway": "tertiary", "lanes": "2", "source": "OSM"}, "geometry": {"type": "LineString", "coordinates": [[72.8613506, 19.0586595], [72.8614123, 19.0585936], [72.8619167, 19.0583137], [72.8629104, 19.0577623], [72.8631087, 19.0576674], [72.8633384, 19.057568], [72.8635765, 19.0574923], [72.8638685, 19.0574348], [72.8641578, 19.0574095], [72.8644503, 19.0574043], [72.8648979, 19.0574212], [72.8653579, 19.0575837], [72.865799, 19.0577808], [72.8659164, 19.0578371], [72.8671399, 19.0584837], [72.867268, 19.0585714], [72.8673722, 19.0586746], [72.8674378, 19.0587594], [72.8674541, 19.0587804], [72.8675092, 19.0588942], [72.8678689, 19.0596687], [72.8679602, 19.0598049], [72.8680323, 19.0598952], [72.8681119, 19.0599579]]}}, {"type": "Feature", "id": "49682804", "properties": {"id": "49682804", "name": "Avenue 3: Lane 4", "highway": "tertiary", "lanes": null, "source": "OSM"}, "geometry": {"type": "LineString", "coordinates": [[72.8661849, 19.0663342], [72.866236, 19.0663874], [72.8663932, 19.0664878], [72.8668101, 19.0667468], [72.8671356, 19.0669665], [72.8672034, 19.0670049], [72.8673478, 19.0670971], [72.8673947, 19.0671258], [72.8674923, 19.0671855], [72.8676322, 19.0672717], [72.867843, 19.0674015], [72.8680142, 19.067507], [72.8680551, 19.0675296], [72.8682888, 19.0675866], [72.868365, 19.0675517], [72.8684056, 19.0675331], [72.8685167, 19.0673707], [72.8688529, 19.0668792], [72.868924, 19.0668192]]}}, {"type": "Feature", "id": "49682806", "properties": {"id": "49682806", "name": "Unnamed Road", "highway": "tertiary", "lanes": null, "source": "OSM"}, "geometry": {"type": "LineString", "coordinates": [[72.8701127, 19.0678886], [72.8701673, 19.067815], [72.870213, 19.0676838], [72.8702729, 19.0672062], [72.8702796, 19.0671532], [72.8704711, 19.0657801]]}}, {"type": "Feature", "id": "49682807", "properties": {"id": "49682807", "name": "Street 9: Lane 1", "highway": "tertiary", "lanes": "2", "source": "OSM"}, "geometry": {"type": "LineString", "coordinates": [[72.8690198, 19.0683469], [72.8692273, 19.0684784], [72.8695174, 19.0686622], [72.8695685, 19.0686956], [72.869603, 19.0687182], [72.8698471, 19.068871], [72.8700916, 19.0690113], [72.8704061, 19.0691917], [72.8704295, 19.0692015], [72.8704913, 19.0692272], [72.8705655, 19.0692259], [72.8706327, 19.0691755], [72.8707578, 19.0689966], [72.8709155, 19.068771], [72.8710938, 19.068516]]}}, {"type": "Feature", "id": "49684311", "properties": {"id": "49684311", "name": "Unnamed Road", "highway": "secondary", "lanes": "3", "source": "OSM"}, "geometry": {"type": "LineString", "coordinates": [[72.8708827, 19.07458], [72.8709303, 19.0745514], [72.8710305, 19.074335]]}}, {"type": "Feature", "id": "49684334", "properties": {"id": "49684334", "name": "BKC Connector", "highway": "secondary", "lanes": "2", "source": "OSM"}, "geometry": {"type": "LineString", "coordinates": [[72.8645378, 19.0589758], [72.8645519, 19.058747], [72.8645833, 19.058455]]}}, {"type": "Feature", "id": "49684335", "properties": {"id": "49684335", "name": "Hotel Trident Road", "highway": "tertiary", "lanes": null, "source": "OSM"}, "geometry": {"type": "LineString", "coordinates": [[72.8668703, 19.065906], [72.866911, 19.0659688], [72.8669728, 19.0660642], [72.8672631, 19.0665128], [72.867321, 19.0666023], [72.8673546, 19.0667401], [72.8673478, 19.0670971]]}}, {"type": "Feature", "id": "83336645", "properties": {"id": "83336645", "name": "Srinivas Bagarka Road", "highway": "tertiary", "lanes": null, "source": "OSM"}, "geometry": {"type": "LineString", "coordinates": [[72.867761, 19.1118863], [72.867761, 19.1118109], [72.8677276, 19.1117302], [72.8676771, 19.1116263], [72.8676357, 19.1115591], [72.8676265, 19.1115442], [72.8675884, 19.1115041], [72.867268, 19.1112291], [72.8669485, 19.110985], [72.866535, 19.1105519], [72.8664017, 19.1104147], [72.8663253, 19.1103271], [72.8661208, 19.1100445], [72.8658271, 19.1096425], [72.8657659, 19.1095666], [72.8653854, 19.1092173], [72.8653603, 19.1091936]]}}, {"type": "Feature", "id": "83337274", "properties": {"id": "83337274", "name": "Sahar Road", "highway": "secondary", "lanes": null, "source": "OSM"}, "geometry": {"type": "LineString", "coordinates": [[72.8534641, 19.1092404], [72.8532854, 19.1092904], [72.8532237, 19.109307], [72.8530496, 19.1093538], [72.8529377, 19.1093921], [72.8527608, 19.1094527], [72.8525224, 19.1095434], [72.8520836, 19.1097787]]}}, {"type": "Feature", "id": "99838652", "properties": {"id": "99838652", "name": "Andheri Flyover", "highway": "motorway", "lanes": "2", "source": "OSM"}, "geometry": {"type": "LineString", "coordinates": [[72.8535401, 19.1063234], [72.8534114, 19.106913], [72.8533724, 19.1071295], [72.8533655, 19.1073929], [72.8533808, 19.1076915], [72.8534153, 19.1079354], [72.8534884, 19.1082872], [72.854459, 19.1125277], [72.8547757, 19.1141265], [72.8554533, 19.1187547]]}}, {"type": "Feature", "id": "102523148", "properties": {"id": "102523148", "name": "Unnamed Road", "highway": "tertiary", "lanes": null, "source": "OSM"}, "geometry": {"type": "LineString", "coordinates": [[72.8796869, 19.1134823], [72.8797739, 19.1135156], [72.881773, 19.1131655], [72.8823229, 19.1130513], [72.8826666, 19.1129658], [72.8827156, 19.1128992]]}}, {"type": "Feature", "id": "102523203", "properties": {"id": "102523203", "name": "Makwana Road", "highway": "tertiary", "lanes": null, "source": "OSM"}, "geometry": {"type": "LineString", "coordinates": [[72.8829193, 19.1128247], [72.8830552, 19.1133984], [72.8830596, 19.1134172], [72.8832607, 19.1142578], [72.8832864, 19.1143681], [72.8833568, 19.1146515], [72.88339, 19.114785], [72.8834048, 19.1148426], [72.8835913, 19.1154654], [72.8836315, 19.1156348]]}}, {"type": "Feature", "id": "102523206", "properties": {"id": "102523206", "name": "Marol Cooperative Industrial Estate Rd", "highway": "tertiary", "lanes": null, "source": "OSM"}, "geometry": {"type": "LineString", "coordinates": [[72.8829607, 19.112667], [72.8830401, 19.1125744], [72.88318, 19.1121955], [72.8832677, 19.111958], [72.8832886, 19.1119026], [72.883516, 19.1113008], [72.8835521, 19.1112051], [72.8838667, 19.1103576], [72.8839081, 19.1102373], [72.8840451, 19.1098394], [72.8841291, 19.1095955], [72.8842954, 19.1091235], [72.8843134, 19.1090725], [72.8844127, 19.1085837], [72.8844709, 19.1082824], [72.8844963, 19.1081543], [72.8844935, 19.108087], [72.884483, 19.1080264], [72.8843701, 19.1078408], [72.8839336, 19.1072401]]}}, {"type": "Feature", "id": "102523541", "properties": {"id": "102523541", "name": "Unnamed Road", "highway": "tertiary", "lanes": null, "source": "OSM"}, "geometry": {"type": "LineString", "coordinates": [[72.8711659, 19.1137803], [72.8718795, 19.1138143], [72.8720359, 19.1137763]]}}, {"type": "Feature", "id": "102523542", "properties": {"id": "102523542", "name": "Kondivita Road", "highway": "tertiary", "lanes": null, "source": "OSM"}, "geometry": {"type": "LineString", "coordinates": [[72.8711659, 19.1137803], [72.8711781, 19.1136497], [72.8711692, 19.1132782], [72.8710954, 19.1124152], [72.8709451, 19.1117346], [72.8708146, 19.111264], [72.8707365, 19.1110928]]}}, {"type": "Feature", "id": "102526616", "properties": {"id": "102526616", "name": "Unnamed Road", "highway": "tertiary", "lanes": null, "source": "OSM"}, "geometry": {"type": "LineString", "coordinates": [[72.8672938, 19.1136958], [72.8672336, 19.1135102], [72.8671841, 19.1133173], [72.866939, 19.1123616]]}}, {"type": "Feature", "id": "102527143", "properties": {"id": "102527143", "name": "Unnamed Road", "highway": "tertiary", "lanes": null, "source": "OSM"}, "geometry": {"type": "LineString", "coordinates": [[72.8725941, 19.1148208], [72.872449, 19.114931], [72.8725392, 19.1151171], [72.8726105, 19.115264], [72.872722, 19.115494]]}}, {"type": "Feature", "id": "102527144", "properties": {"id": "102527144", "name": "Unnamed Road", "highway": "tertiary", "lanes": null, "source": "OSM"}, "geometry": {"type": "LineString", "coordinates": [[72.8725941, 19.1148208], [72.8726336, 19.1147529], [72.872536, 19.1145657], [72.8723929, 19.1142912], [72.8722702, 19.1138537], [72.8720359, 19.1137763]]}}, {"type": "Feature", "id": "102651394", "properties": {"id": "102651394", "name": "Cardinal Gracias Road", "highway": "tertiary", "lanes": null, "source": "OSM"}, "geometry": {"type": "LineString", "coordinates": [[72.8593826, 19.114976], [72.8593649, 19.1148492]]}}, {"type": "Feature", "id": "102651529", "properties": {"id": "102651529", "name": "Marol Pipeline Road", "highway": "tertiary", "lanes": null, "source": "OSM"}, "geometry": {"type": "LineString", "coordinates": [[72.8662736, 19.1029403], [72.866705, 19.1035709], [72.8667428, 19.1036258], [72.8667804, 19.1036716], [72.8669126, 19.1038726], [72.8675825, 19.1049845], [72.867873, 19.1054667], [72.8681873, 19.1060118]]}}, {"type": "Feature", "id": "102651561", "properties": {"id": "102651561", "name": "Sahar Road", "highway": "tertiary", "lanes": null, "source": "OSM"}, "geometry": {"type": "LineString", "coordinates": [[72.86652, 19.1062094], [72.8657744, 19.1064575], [72.8656843, 19.1064879], [72.8654062, 19.1066174], [72.8648467, 19.1068776], [72.864803, 19.1068983], [72.864371, 19.1070895], [72.8643054, 19.1071091], [72.8642336, 19.107109], [72.8642092, 19.1072317]]}}, {"type": "Feature", "id": "107213219", "properties": {"id": "107213219", "name": "Eastern Express Highway", "highway": "trunk", "lanes": "4", "source": "OSM"}, "geometry": {"type": "LineString", "coordinates": [[72.8952743, 19.062527], [72.8943845, 19.0618694], [72.892888, 19.0608186], [72.8926534, 19.0606539], [72.8920848, 19.0602403]]}}, {"type": "Feature", "id": "107213226", "properties": {"id": "107213226", "name": "Unnamed Road", "highway": "tertiary", "lanes": null, "source": "OSM"}, "geometry": {"type": "LineString", "coordinates": [[72.8903505, 19.0681688], [72.8906432, 19.0681979], [72.8915875, 19.0682769], [72.8918087, 19.0683054], [72.8918645, 19.0683105], [72.8921432, 19.068375], [72.8923342, 19.0684585]]}}, {"type": "Feature", "id": "107213247", "properties": {"id": "107213247", "name": "Somaiya College Road", "highway": "tertiary", "lanes": null, "source": "OSM"}, "geometry": {"type": "LineString", "coordinates": [[72.8995511, 19.0771915], [72.8995195, 19.0771207], [72.8987967, 19.0761552], [72.8970859, 19.0737932], [72.8970086, 19.0736894], [72.8963321, 19.0727524], [72.8961015, 19.072434], [72.8958957, 19.0721559], [72.8958537, 19.0720918], [72.8955604, 19.0716869], [72.8955124, 19.0716205], [72.8951743, 19.0711539], [72.8949799, 19.0708854]]}}, {"type": "Feature", "id": "122177866", "properties": {"id": "122177866", "name": "A H Wadia Marg", "highway": "tertiary", "lanes": null, "source": "OSM"}, "geometry": {"type": "LineString", "coordinates": [[72.872411, 19.0602051], [72.8725097, 19.0601731], [72.8725719, 19.0601576], [72.8726189, 19.0601481], [72.8726672, 19.0601531], [72.8727128, 19.0601798], [72.8727743, 19.0602285], [72.8735547, 19.0611], [72.8737645, 19.0613308], [72.8744467, 19.0619501], [72.8745953, 19.062167], [72.8748037, 19.0626347], [72.8752004, 19.0635251], [72.8754719, 19.0638088], [72.8756719, 19.0639988], [72.8757856, 19.0641068], [72.8759782, 19.0642322], [72.876206, 19.0644606], [72.8763047, 19.0645596], [72.876468, 19.0647233], [72.8764884, 19.0647485], [72.8768831, 19.0652261]]}}, {"type": "Feature", "id": "122177878", "properties": {"id": "122177878", "name": "Magan Nathuram Road", "highway": "primary", "lanes": null, "source": "OSM"}, "geometry": {"type": "LineString", "coordinates": [[72.8803765, 19.0799401], [72.8803831, 19.0800434], [72.8803903, 19.0802416], [72.880396, 19.0803975], [72.8804099, 19.0807795], [72.8804199, 19.0810558], [72.8804305, 19.0813463], [72.8804321, 19.0813913], [72.8804724, 19.0823191], [72.8805756, 19.0831429], [72.880644, 19.0837741], [72.8806833, 19.0842043], [72.8807546, 19.0849852], [72.8808224, 19.0854795], [72.8808543, 19.0856151]]}}, {"type": "Feature", "id": "122177886", "properties": {"id": "122177886", "name": "Unnamed Road", "highway": "tertiary", "lanes": null, "source": "OSM"}, "geometry": {"type": "LineString", "coordinates": [[72.8777099, 19.0704157], [72.8772521, 19.0704473], [72.8768454, 19.0704903], [72.8764514, 19.070556], [72.8754828, 19.0707176]]}}, {"type": "Feature", "id": "122177888", "properties": {"id": "122177888", "name": "Unnamed Road", "highway": "tertiary", "lanes": null, "source": "OSM"}, "geometry": {"type": "LineString", "coordinates": [[72.874655, 19.0660476], [72.8747716, 19.0660298], [72.8755368, 19.0659319], [72.8757378, 19.065892], [72.8760228, 19.0657324], [72.8768831, 19.0652261]]}}, {"type": "Feature", "id": "122177889", "properties": {"id": "122177889", "name": "Unnamed Road", "highway": "tertiary", "lanes": null, "source": "OSM"}, "geometry": {"type": "LineString", "coordinates": [[72.8794655, 19.0665517], [72.8794959, 19.06665]]}}, {"type": "Feature", "id": "122183199", "properties": {"id": "122183199", "name": "Mathuradas Vasanji Road (Andheri Kurla Road)", "highway": "primary", "lanes": null, "source": "OSM"}, "geometry": {"type": "LineString", "coordinates": [[72.8808543, 19.0856151], [72.8809198, 19.0859287], [72.8811466, 19.0868535], [72.8811955, 19.0870528], [72.8812382, 19.0874901], [72.8812405, 19.0875648], [72.8812505, 19.0878816], [72.881251, 19.0880245], [72.8812516, 19.0881744], [72.8812838, 19.0883823], [72.8813791, 19.088688], [72.8815547, 19.0890793], [72.8817961, 19.0895483], [72.88187, 19.0897114], [72.8820283, 19.0900964], [72.8820851, 19.0902347], [72.8822547, 19.0906331], [72.8823779, 19.0910211], [72.8826356, 19.0921286], [72.882662, 19.0922754], [72.8827268, 19.0926355], [72.8828078, 19.0928776], [72.8828325, 19.0929502]]}}, {"type": "Feature", "id": "122183202", "properties": {"id": "122183202", "name": "Father Peter Periera Road", "highway": "tertiary", "lanes": null, "source": "OSM"}, "geometry": {"type": "LineString", "coordinates": [[72.8849572, 19.0844038], [72.8850034, 19.0840765], [72.8850174, 19.0839769], [72.8850337, 19.0838617], [72.8850525, 19.0837282], [72.8851806, 19.0828954], [72.8852214, 19.0827026]]}}, {"type": "Feature", "id": "122277851", "properties": {"id": "122277851", "name": "Shell Colony Road", "highway": "tertiary", "lanes": "2", "source": "OSM"}, "geometry": {"type": "LineString", "coordinates": [[72.8985532, 19.0630759], [72.8984966, 19.0631479], [72.898483, 19.0632807], [72.8983876, 19.063349], [72.8982374, 19.063409], [72.8971917, 19.0636991], [72.8966448, 19.0638507], [72.8949613, 19.0642814], [72.8945878, 19.0643862]]}}, {"type": "Feature", "id": "122303797", "properties": {"id": "122303797", "name": "Bhiva Bapu Magre Marg", "highway": "tertiary", "lanes": null, "source": "OSM"}, "geometry": {"type": "LineString", "coordinates": [[72.8833503, 19.0621117], [72.8831966, 19.0619992], [72.8827159, 19.0616472], [72.882317, 19.0613625], [72.8816824, 19.0608976], [72.8814802, 19.0608016], [72.8813521, 19.0607722], [72.881162, 19.0607412], [72.8808966, 19.0607208], [72.8807457, 19.0607404], [72.8805261, 19.0608067], [72.8801524, 19.0610654], [72.8799802, 19.0613505], [72.8799026, 19.0615022], [72.879853, 19.0616572], [72.879831, 19.0617338], [72.8798368, 19.0619457], [72.8799702, 19.0622609], [72.8800736, 19.0624159], [72.8801518, 19.0625272], [72.8802261, 19.0626363], [72.8802927, 19.0627026], [72.8803912, 19.0627876], [72.8804885, 19.062883], [72.8805363, 19.0629266], [72.8806567, 19.063045], [72.8813217, 19.0637776], [72.8816116, 19.0640316]]}}, {"type": "Feature", "id": "122303816", "properties": {"id": "122303816", "name": "K N Gaiakwad Marg", "highway": "tertiary", "lanes": null, "source": "OSM"}, "geometry": {"type": "LineString", "coordinates": [[72.8903677, 19.054155], [72.8903505, 19.0556843], [72.8903245, 19.0558542], [72.8902234, 19.0564022], [72.8902149, 19.0564513]]}}, {"type": "Feature", "id": "122303817", "properties": {"id": "122303817", "name": "Kamgar Nagar Road", "highway": "tertiary", "lanes": null, "source": "OSM"}, "geometry": {"type": "LineString", "coordinates": [[72.890807, 19.0652584], [72.8906485, 19.0653066], [72.8904376, 19.0654182], [72.8901212, 19.0654978]]}}, {"type": "Feature", "id": "122303818", "properties": {"id": "122303818", "name": "Lal Bahadur Shastri Marg", "highway": "primary", "lanes": null, "source": "OSM"}, "geometry": {"type": "LineString", "coordinates": [[72.8754664, 19.0706062], [72.87545, 19.0704949], [72.8754383, 19.0704151], [72.8753865, 19.070063], [72.8752191, 19.0691511], [72.875097, 19.0681403], [72.8750869, 19.0680563], [72.87507, 19.067943], [72.8750178, 19.0675933], [72.8749612, 19.0672143], [72.8749394, 19.0670681], [72.8749283, 19.066994], [72.8747716, 19.0660298], [72.874694, 19.0655741], [72.8746162, 19.0651901], [72.8745683, 19.0649533], [72.8745444, 19.0648351], [72.8744917, 19.0647075], [72.8743138, 19.0643237], [72.8740896, 19.0638399], [72.8740513, 19.0637635], [72.8739107, 19.0634828], [72.8736834, 19.0630289], [72.873345, 19.0623535], [72.8732002, 19.0620644], [72.8730418, 19.0617482], [72.8729925, 19.0616498], [72.8729488, 19.0615162], [72.8725097, 19.0601731], [72.872415, 19.0599909], [72.8722045, 19.0596385], [72.8716321, 19.0588784], [72.8715159, 19.058724], [72.871492, 19.0586951], [72.8713909, 19.0585541], [72.8712283, 19.0583273], [72.8708521, 19.0578013], [72.8705958, 19.0574431], [72.8700397, 19.0566657], [72.8692675, 19.0554808], [72.8691655, 19.0553337], [72.868849, 19.0548723], [72.8685138, 19.0544337], [72.8684016, 19.05429], [72.8681282, 19.0539647], [72.8680886, 19.0539127]]}}, {"type": "Feature", "id": "122303819", "properties": {"id": "122303819", "name": "Mother Dairy Road", "highway": "secondary", "lanes": null, "source": "OSM"}, "geometry": {"type": "LineString", "coordinates": [[72.8834352, 19.06202], [72.8834939, 19.0620616], [72.8838912, 19.0623588], [72.8841303, 19.0625372], [72.8845338, 19.0628712], [72.8848245, 19.063103], [72.8848535, 19.0631258]]}}, {"type": "Feature", "id": "122303828", "properties": {"id": "122303828", "name": "Shell Colony Road", "highway": "tertiary", "lanes": null, "source": "OSM"}, "geometry": {"type": "LineString", "coordinates": [[72.8945878, 19.0643862], [72.8931755, 19.0632249], [72.8930443, 19.063117], [72.8927721, 19.0629079], [72.8926932, 19.0628473], [72.8925866, 19.0627637], [72.892349, 19.0625814], [72.8921187, 19.062392], [72.8918704, 19.0621877], [72.8917421, 19.0620823], [72.8917215, 19.0620585], [72.8915276, 19.0618038], [72.8912428, 19.0615588], [72.8911361, 19.0614671], [72.8906419, 19.06103], [72.889866, 19.0604415], [72.8892679, 19.0600125], [72.8887051, 19.0597095], [72.8881127, 19.0593772], [72.8874288, 19.0589898], [72.8873239, 19.0589095], [72.8868579, 19.0585527], [72.886437, 19.0582139]]}}, {"type": "Feature", "id": "123266916", "properties": {"id": "123266916", "name": "Unnamed Road", "highway": "tertiary", "lanes": null, "source": "OSM"}, "geometry": {"type": "LineString", "coordinates": [[72.8657393, 19.096699], [72.8659348, 19.0969507], [72.8661145, 19.0971307], [72.8662446, 19.0972257], [72.8664337, 19.097298], [72.8675857, 19.0977022], [72.867803, 19.0977428], [72.8687793, 19.0976135], [72.8690046, 19.0976642], [72.8699588, 19.0982574], [72.8707374, 19.0989165], [72.8712527, 19.0993284], [72.8712274, 19.0994147]]}}, {"type": "Feature", "id": "123266922", "properties": {"id": "123266922", "name": "Unnamed Road", "highway": "tertiary", "lanes": null, "source": "OSM"}, "geometry": {"type": "LineString", "coordinates": [[72.8553168, 19.0958873], [72.8554968, 19.0960873], [72.856361, 19.0971236], [72.8564492, 19.0972511], [72.856476, 19.0973524], [72.8564817, 19.0974617], [72.8564599, 19.0975375], [72.8561842, 19.097826], [72.8556944, 19.0981988], [72.8550595, 19.0986819], [72.8549991, 19.0988224], [72.8550175, 19.0990025], [72.8559416, 19.1011322], [72.8560158, 19.1011805], [72.8561134, 19.1011586], [72.856936, 19.1005003], [72.8570476, 19.1005091], [72.8571173, 19.1006452], [72.8575327, 19.1016109], [72.857586, 19.1016835], [72.8576674, 19.1017364], [72.8577722, 19.1017573]]}}, {"type": "Feature", "id": "125337464", "properties": {"id": "125337464", "name": "Chatrapati Shivaji Road", "highway": "secondary", "lanes": null, "source": "OSM"}, "geometry": {"type": "LineString", "coordinates": [[72.8462543, 19.1058242], [72.8462891, 19.1058645], [72.8463958, 19.10588], [72.8467508, 19.1059117], [72.8475301, 19.1060439], [72.8475805, 19.1060585], [72.8476126, 19.1060852], [72.8476314, 19.1061219], [72.847645, 19.1061631], [72.8476823, 19.1062655], [72.8479117, 19.1068468], [72.8483656, 19.1079971], [72.8487149, 19.1088801], [72.8489262, 19.109327], [72.8492231, 19.1099382], [72.849298, 19.1100623], [72.8494372, 19.1102808], [72.84948, 19.1103495], [72.8500667, 19.1112802]]}}, {"type": "Feature", "id": "125344250", "properties": {"id": "125344250", "name": "Premier Road", "highway": "tertiary", "lanes": null, "source": "OSM"}, "geometry": {"type": "LineString", "coordinates": [[72.8874091, 19.075244], [72.8868374, 19.0759423], [72.8866619, 19.0761665], [72.8864127, 19.0764754], [72.8863662, 19.076533], [72.8862871, 19.0766321], [72.8861152, 19.0768428], [72.8857358, 19.0773079], [72.8857244, 19.0773734], [72.8854943, 19.0784297], [72.8854447, 19.0786575], [72.88544, 19.0787119], [72.8854057, 19.0791083], [72.8853904, 19.0792854], [72.8853812, 19.079522], [72.885341, 19.0806466], [72.8853361, 19.080675], [72.8853163, 19.0811258], [72.8853139, 19.0811795], [72.8853078, 19.0813], [72.8852942, 19.0816738], [72.8852918, 19.0818082], [72.8852924, 19.0819883], [72.8852769, 19.0823045], [72.8852214, 19.0827026]]}}, {"type": "Feature", "id": "125344251", "properties": {"id": "125344251", "name": "Naupada Road", "highway": "tertiary", "lanes": "2", "source": "OSM"}, "geometry": {"type": "LineString", "coordinates": [[72.8894159, 19.0806502], [72.889473, 19.0808439], [72.8895032, 19.0809307]]}}, {"type": "Feature", "id": "126020244", "properties": {"id": "126020244", "name": "Street 1", "highway": "tertiary", "lanes": null, "source": "OSM"}, "geometry": {"type": "LineString", "coordinates": [[72.850813, 19.0557426], [72.8508936, 19.0556609]]}}, {"type": "Feature", "id": "126020246", "properties": {"id": "126020246", "name": "Street 1", "highway": "tertiary", "lanes": null, "source": "OSM"}, "geometry": {"type": "LineString", "coordinates": [[72.8510362, 19.0554597], [72.8512703, 19.055026], [72.8513251, 19.0549174], [72.8514045, 19.0547601], [72.8514882, 19.0545937], [72.8515818, 19.0544187], [72.851598, 19.0543897], [72.8517822, 19.0540592], [72.8518499, 19.0539378], [72.8519128, 19.0538248], [72.8519841, 19.0536969], [72.8520629, 19.0535554], [72.852171, 19.0535009], [72.8522098, 19.0534997], [72.8522514, 19.0534984], [72.8523569, 19.053545], [72.8524146, 19.0535959], [72.8525671, 19.0537303], [72.8526667, 19.0538182], [72.8530171, 19.0541271], [72.8533534, 19.0544237], [72.8538329, 19.0548465], [72.8541612, 19.0551359], [72.8546304, 19.0556812], [72.8548913, 19.0560464]]}}, {"type": "Feature", "id": "151488617", "properties": {"id": "151488617", "name": "Unnamed Road", "highway": "tertiary", "lanes": null, "source": "OSM"}, "geometry": {"type": "LineString", "coordinates": [[72.8964595, 19.0700538], [72.89568, 19.0704919], [72.8952671, 19.070724], [72.8949799, 19.0708854]]}}, {"type": "Feature", "id": "151522850", "properties": {"id": "151522850", "name": "C S M T Kurla Junction Flyover", "highway": "trunk", "lanes": "3", "source": "OSM"}, "geometry": {"type": "LineString", "coordinates": [[72.890141, 19.058866], [72.8852049, 19.054929]]}}, {"type": "Feature", "id": "151522851", "properties": {"id": "151522851", "name": "C S M T Kurla Junction Flyover", "highway": "trunk", "lanes": "3", "source": "OSM"}, "geometry": {"type": "LineString", "coordinates": [[72.8847666, 19.0547843], [72.8900686, 19.0589391]]}}, {"type": "Feature", "id": "151522886", "properties": {"id": "151522886", "name": "Unnamed Road", "highway": "tertiary", "lanes": null, "source": "OSM"}, "geometry": {"type": "LineString", "coordinates": [[72.887222, 19.0569761], [72.8873221, 19.0570328], [72.8901039, 19.0591846]]}}, {"type": "Feature", "id": "151522888", "properties": {"id": "151522888", "name": "Unnamed Road", "highway": "trunk_link", "lanes": "2", "source": "OSM"}, "geometry": {"type": "LineString", "coordinates": [[72.8874693, 19.0566052], [72.8863152, 19.055711], [72.885246, 19.0548748]]}}, {"type": "Feature", "id": "151522889", "properties": {"id": "151522889", "name": "Unnamed Road", "highway": "trunk_link", "lanes": "2", "source": "OSM"}, "geometry": {"type": "LineString", "coordinates": [[72.884657, 19.0547729], [72.884707, 19.054856], [72.8848162, 19.0549338], [72.8848869, 19.0549907], [72.8858391, 19.0557566], [72.8860948, 19.0559603], [72.8872739, 19.056904]]}}, {"type": "Feature", "id": "151522891", "properties": {"id": "151522891", "name": "Unnamed Road", "highway": "tertiary", "lanes": null, "source": "OSM"}, "geometry": {"type": "LineString", "coordinates": [[72.8921418, 19.0600898], [72.8912606, 19.0594926], [72.8910831, 19.0593672], [72.8907074, 19.0590801], [72.8905899, 19.0589882], [72.8903054, 19.0587729], [72.8896646, 19.058254], [72.8895949, 19.0582007], [72.8892472, 19.0579349], [72.8887266, 19.0575206], [72.8885548, 19.0574861]]}}, {"type": "Feature", "id": "151586764", "properties": {"id": "151586764", "name": "Shanta Jog Marg", "highway": "tertiary", "lanes": null, "source": "OSM"}, "geometry": {"type": "LineString", "coordinates": [[72.8945878, 19.0643862], [72.8925745, 19.0649074], [72.8923764, 19.0649605], [72.8917198, 19.0651351], [72.8915193, 19.0651898], [72.8913125, 19.0652461], [72.8910646, 19.0652933], [72.890807, 19.0652584]]}}, {"type": "Feature", "id": "151889242", "properties": {"id": "151889242", "name": "A H Wadia Marg", "highway": "tertiary", "lanes": null, "source": "OSM"}, "geometry": {"type": "LineString", "coordinates": [[72.879529, 19.0744267], [72.8796126, 19.0745081], [72.8798167, 19.0747459]]}}, {"type": "Feature", "id": "151889243", "properties": {"id": "151889243", "name": "A H Wadia Marg", "highway": "tertiary", "lanes": null, "source": "OSM"}, "geometry": {"type": "LineString", "coordinates": [[72.8798167, 19.0747459], [72.8799407, 19.0749061], [72.8800457, 19.075219], [72.880069, 19.0756668], [72.8800151, 19.0759669]]}}, {"type": "Feature", "id": "151889249", "properties": {"id": "151889249", "name": "Mathuradas Vasanji Road (Andheri Kurla Road)", "highway": "tertiary", "lanes": null, "source": "OSM"}, "geometry": {"type": "LineString", "coordinates": [[72.8794798, 19.074938], [72.8797842, 19.0755371], [72.8800151, 19.0759669]]}}, {"type": "Feature", "id": "151889267", "properties": {"id": "151889267", "name": "Unnamed Road", "highway": "tertiary", "lanes": null, "source": "OSM"}, "geometry": {"type": "LineString", "coordinates": [[72.8857358, 19.0773079], [72.8853445, 19.0772008], [72.8850352, 19.0771281], [72.8848886, 19.0770922], [72.8847978, 19.0770749], [72.8844201, 19.0770031], [72.8843123, 19.0769639]]}}, {"type": "Feature", "id": "151938275", "properties": {"id": "151938275", "name": "Bandra Kurla Complex Road", "highway": "primary", "lanes": "5", "source": "OSM"}, "geometry": {"type": "LineString", "coordinates": [[72.850813, 19.0557426], [72.8509926, 19.0558844], [72.8522961, 19.0571201], [72.8524566, 19.0572644], [72.8536134, 19.0583045], [72.8540416, 19.0586894], [72.8548392, 19.0594065], [72.854931, 19.0594869], [72.8549621, 19.0595141], [72.8551186, 19.0596178]]}}, {"type": "Feature", "id": "151938278", "properties": {"id": "151938278", "name": "Madhusudan Kalekar Marg", "highway": "tertiary", "lanes": "2", "source": "OSM"}, "geometry": {"type": "LineString", "coordinates": [[72.8482115, 19.0550269], [72.8483977, 19.0551812], [72.8487513, 19.0554725], [72.8489627, 19.0556466], [72.8492746, 19.0559035], [72.84949, 19.0560799], [72.8495616, 19.0561386], [72.8497125, 19.0562622], [72.8498625, 19.0563851], [72.8500386, 19.0565349], [72.8503153, 19.0567486], [72.8503921, 19.0568103], [72.850614, 19.0569917], [72.8508536, 19.0571875], [72.8517784, 19.0579436]]}}, {"type": "Feature", "id": "152371623", "properties": {"id": "152371623", "name": "Unnamed Road", "highway": "tertiary", "lanes": "1", "source": "OSM"}, "geometry": {"type": "LineString", "coordinates": [[72.8535745, 19.1092095], [72.853594, 19.1093037]]}}, {"type": "Feature", "id": "152629595", "properties": {"id": "152629595", "name": "A H Wadia Marg", "highway": "tertiary", "lanes": null, "source": "OSM"}, "geometry": {"type": "LineString", "coordinates": [[72.8768831, 19.0652261], [72.87698, 19.0654003], [72.8773484, 19.0660626], [72.877491, 19.0663189], [72.8776742, 19.0667301], [72.877716, 19.0668239], [72.8778847, 19.067402], [72.8779781, 19.0677221], [72.8780147, 19.068449], [72.8779874, 19.0686297], [72.877793, 19.0698806], [72.8777099, 19.0704157], [72.8780892, 19.0713264], [72.8785938, 19.0726632], [72.8786153, 19.0727202], [72.8787321, 19.073028], [72.8788612, 19.0733683], [72.8790146, 19.07381], [72.8791224, 19.0741205]]}}, {"type": "Feature", "id": "152629611", "properties": {"id": "152629611", "name": "Unnamed Road", "highway": "tertiary", "lanes": null, "source": "OSM"}, "geometry": {"type": "LineString", "coordinates": [[72.8835893, 19.0566223], [72.8835621, 19.0566745], [72.8829602, 19.0580731], [72.8826384, 19.0588342], [72.8825073, 19.0591371], [72.8824634, 19.059226], [72.8824386, 19.0592961], [72.8824281, 19.0593237], [72.8824685, 19.0594182], [72.8824855, 19.0594291], [72.8825013, 19.0594407], [72.8825495, 19.0594532]]}}, {"type": "Feature", "id": "180243829", "properties": {"id": "180243829", "name": "Western Express Highway", "highway": "motorway", "lanes": null, "source": "OSM"}, "geometry": {"type": "LineString", "coordinates": [[72.8543361, 19.1034965], [72.8544194, 19.1032485], [72.8544935, 19.1029188], [72.8546309, 19.102418], [72.8547291, 19.1019543], [72.8547683, 19.1016045], [72.8547701, 19.1014664], [72.8547655, 19.1012441], [72.8547634, 19.1009173], [72.8547396, 19.1005791], [72.8546119, 19.10032], [72.8544743, 19.1000033], [72.8542964, 19.0996265], [72.854142, 19.0993089]]}}, {"type": "Feature", "id": "180243831", "properties": {"id": "180243831", "name": "Andheri Flyover", "highway": "motorway", "lanes": null, "source": "OSM"}, "geometry": {"type": "LineString", "coordinates": [[72.8555684, 19.1187302], [72.8554232, 19.11769], [72.8552417, 19.1166155], [72.8551014, 19.1156439], [72.8549393, 19.1144185], [72.8548425, 19.1137966], [72.8546562, 19.1129667], [72.854361, 19.1115927], [72.8540972, 19.1103832], [72.8537706, 19.1089634], [72.8536185, 19.1082718], [72.8535379, 19.1079261], [72.8535031, 19.1076834], [72.8534884, 19.1073914], [72.8534963, 19.1071457], [72.8535293, 19.1069333], [72.8536461, 19.1063474]]}}, {"type": "Feature", "id": "180849290", "properties": {"id": "180849290", "name": "Unnamed Road", "highway": "primary", "lanes": "2", "source": "OSM"}, "geometry": {"type": "LineString", "coordinates": [[72.8535966, 19.0988918], [72.8539048, 19.0997415], [72.8539279, 19.0998051], [72.8542483, 19.1007213], [72.8542557, 19.1007725], [72.8542645, 19.1008339], [72.8543688, 19.1015607], [72.8543361, 19.1018291], [72.854295, 19.1020485], [72.8542397, 19.1023377], [72.854168, 19.102713], [72.8541228, 19.1029326], [72.8540007, 19.1035221], [72.8539708, 19.103667], [72.8538432, 19.1042024], [72.8537727, 19.1044979], [72.8537476, 19.1046034], [72.8535833, 19.1054933], [72.8535477, 19.105686], [72.8534682, 19.1060703]]}}, {"type": "Feature", "id": "180849315", "properties": {"id": "180849315", "name": "Hanuman Mandir Road", "highway": "tertiary", "lanes": null, "source": "OSM"}, "geometry": {"type": "LineString", "coordinates": [[72.8539708, 19.103667], [72.8532517, 19.1037036], [72.8526623, 19.1037149], [72.852408, 19.103716], [72.8522079, 19.103717], [72.852086, 19.1037175]]}}, {"type": "Feature", "id": "180849322", "properties": {"id": "180849322", "name": "Ram Bhau Barve Marg", "highway": "tertiary", "lanes": null, "source": "OSM"}, "geometry": {"type": "LineString", "coordinates": [[72.852284, 19.1019543], [72.8522899, 19.1020059], [72.8521792, 19.1029248], [72.8521197, 19.1031864], [72.852086, 19.1037175]]}}, {"type": "Feature", "id": "180849328", "properties": {"id": "180849328", "name": "Ram Bhau Barve Marg", "highway": "tertiary", "lanes": null, "source": "OSM"}, "geometry": {"type": "LineString", "coordinates": [[72.8516143, 19.0970137], [72.85158, 19.0971182], [72.8516019, 19.0972174], [72.8516586, 19.0974735], [72.8516687, 19.0975193], [72.8516992, 19.0976565], [72.8518608, 19.0983893], [72.8519044, 19.0986012], [72.8519804, 19.0991135], [72.8520475, 19.0996003], [72.8520447, 19.0997437], [72.8520224, 19.1008888], [72.8520312, 19.100983], [72.8521551, 19.10164], [72.8522378, 19.1017263]]}}, {"type": "Feature", "id": "183286146", "properties": {"id": "183286146", "name": "G K Gokhale Flyover", "highway": "primary", "lanes": "2", "source": "OSM"}, "geometry": {"type": "LineString", "coordinates": [[72.8540286, 19.1133488], [72.8534988, 19.1135173], [72.8531286, 19.1136693], [72.8529596, 19.1137606], [72.8520504, 19.1143561], [72.8517044, 19.1145842], [72.8513262, 19.1147997], [72.8509641, 19.1149771], [72.8508246, 19.1150379], [72.8504518, 19.1151747], [72.8501353, 19.1152533], [72.8496844, 19.1153179]]}}, {"type": "Feature", "id": "183286150", "properties": {"id": "183286150", "name": "Guru Hargovindji Road", "highway": "primary", "lanes": null, "source": "OSM"}, "geometry": {"type": "LineString", "coordinates": [[72.8668721, 19.1121369], [72.8667755, 19.1120298], [72.8665159, 19.1118159], [72.8662952, 19.1116807], [72.8661548, 19.1116151], [72.8659268, 19.1115087], [72.8658701, 19.1114938], [72.8655864, 19.1114194], [72.8650144, 19.1113199], [72.8635379, 19.1110719], [72.8628502, 19.1109439], [72.8627024, 19.1109164], [72.8623623, 19.110926], [72.8621464, 19.1109051], [72.861762, 19.1109104], [72.8616866, 19.1109281], [72.8614365, 19.1109867], [72.861239, 19.111061], [72.8606016, 19.1113282], [72.8601796, 19.1114703], [72.8598759, 19.1115461], [72.8597128, 19.1115869], [72.8591224, 19.111697], [72.8588937, 19.1117344]]}}, {"type": "Feature", "id": "215075815", "properties": {"id": "215075815", "name": "Makwana Road", "highway": "tertiary", "lanes": null, "source": "OSM"}, "geometry": {"type": "LineString", "coordinates": [[72.8807092, 19.1077909], [72.8806538, 19.1076031]]}}, {"type": "Feature", "id": "215075825", "properties": {"id": "215075825", "name": "Sakinaka Tele Exchange Lane", "highway": "tertiary", "lanes": null, "source": "OSM"}, "geometry": {"type": "LineString", "coordinates": [[72.8839543, 19.1001468], [72.8838779, 19.1001822], [72.8834787, 19.1003669], [72.8831405, 19.1004169], [72.8829473, 19.1004455], [72.8828409, 19.1004371], [72.8821554, 19.1003827], [72.8817764, 19.1004019], [72.8815905, 19.1003321], [72.8815529, 19.1002758], [72.8814435, 19.1003136], [72.8812802, 19.1003834]]}}, {"type": "Feature", "id": "215242003", "properties": {"id": "215242003", "name": "Kamgar Nagar Road", "highway": "tertiary", "lanes": null, "source": "OSM"}, "geometry": {"type": "LineString", "coordinates": [[72.8901212, 19.0654978], [72.8899656, 19.0652859], [72.8896916, 19.0649141], [72.8894971, 19.0646046], [72.8894757, 19.0645705], [72.8893439, 19.0643607], [72.8886654, 19.0634725], [72.8883398, 19.0630462], [72.8876159, 19.062044], [72.8875841, 19.062], [72.8875653, 19.0619778], [72.88737, 19.061747], [72.8873428, 19.0617149], [72.8869132, 19.0613762], [72.8866457, 19.0611652], [72.8862285, 19.0608363], [72.8859093, 19.0605846], [72.8857673, 19.0604236], [72.8855997, 19.0603067], [72.8851781, 19.0600126], [72.8850696, 19.0599369]]}}, {"type": "Feature", "id": "215438463", "properties": {"id": "215438463", "name": "St Vershaw Kakkaya Marg", "highway": "tertiary", "lanes": null, "source": "OSM"}, "geometry": {"type": "LineString", "coordinates": [[72.888318, 19.0554248], [72.8884363, 19.0554917], [72.8888953, 19.0557545], [72.8892532, 19.0559575], [72.8892791, 19.0559732]]}}, {"type": "Feature", "id": "215609073", "properties": {"id": "215609073", "name": "Unnamed Road", "highway": "primary", "lanes": null, "source": "OSM"}, "geometry": {"type": "LineString", "coordinates": [[72.8540212, 19.0988917], [72.8539387, 19.0986628], [72.8538647, 19.0984665], [72.8536963, 19.0980197], [72.8532954, 19.0969524]]}}, {"type": "Feature", "id": "215609075", "properties": {"id": "215609075", "name": "Unnamed Road", "highway": "motorway_link", "lanes": "2", "source": "OSM"}, "geometry": {"type": "LineString", "coordinates": [[72.8504931, 19.0931238], [72.8505256, 19.0932086], [72.8505832, 19.0932489], [72.8509279, 19.0934922]]}}, {"type": "Feature", "id": "215609079", "properties": {"id": "215609079", "name": "Unnamed Road", "highway": "motorway_link", "lanes": "2", "source": "OSM"}, "geometry": {"type": "LineString", "coordinates": [[72.8538183, 19.098074], [72.8535724, 19.0973709], [72.853314, 19.0966221], [72.8530727, 19.0959367], [72.8529746, 19.0957557], [72.852903, 19.0956395], [72.852738, 19.0952011], [72.8524236, 19.0946245], [72.8517496, 19.0938347], [72.8514855, 19.093582], [72.8512208, 19.0933575], [72.8509791, 19.0931697], [72.8507762, 19.093011]]}}, {"type": "Feature", "id": "215621929", "properties": {"id": "215621929", "name": "Unnamed Road", "highway": "motorway_link", "lanes": null, "source": "OSM"}, "geometry": {"type": "LineString", "coordinates": [[72.8535966, 19.0988918], [72.8540021, 19.0995706]]}}, {"type": "Feature", "id": "215621935", "properties": {"id": "215621935", "name": "Unnamed Road", "highway": "primary_link", "lanes": "1", "source": "OSM"}, "geometry": {"type": "LineString", "coordinates": [[72.8551791, 19.112981], [72.8549522, 19.1129837], [72.854847, 19.1129394], [72.8547036, 19.1127799]]}}, {"type": "Feature", "id": "215621939", "properties": {"id": "215621939", "name": "Unnamed Road", "highway": "tertiary_link", "lanes": "1", "source": "OSM"}, "geometry": {"type": "LineString", "coordinates": [[72.8539789, 19.1135329], [72.8541257, 19.1135301], [72.8543367, 19.1135793], [72.8543776, 19.1136065], [72.8544459, 19.113652], [72.8545572, 19.1137971]]}}, {"type": "Feature", "id": "235856030", "properties": {"id": "235856030", "name": "Lokmanya Tilak Terminus Road", "highway": "tertiary", "lanes": "2", "source": "OSM"}, "geometry": {"type": "LineString", "coordinates": [[72.891064, 19.0681154], [72.8919272, 19.0681923], [72.8920544, 19.0682249], [72.8921506, 19.0682642], [72.892238, 19.0683417]]}}, {"type": "Feature", "id": "235864125", "properties": {"id": "235864125", "name": "Kohinoor - Vidyavihar Road", "highway": "tertiary", "lanes": "2", "source": "OSM"}, "geometry": {"type": "LineString", "coordinates": [[72.8852214, 19.0827026], [72.8855424, 19.0825268], [72.8863276, 19.0821162], [72.8865997, 19.0819739], [72.8867611, 19.0818953], [72.8872177, 19.0816727], [72.8876106, 19.0814812], [72.8876574, 19.0814584], [72.8885385, 19.0810289], [72.8888272, 19.0808443], [72.8891233, 19.0806551], [72.8891745, 19.080637]]}}, {"type": "Feature", "id": "256569139", "properties": {"id": "256569139", "name": "Lal Bahadur Shastri Marg", "highway": "primary", "lanes": null, "source": "OSM"}, "geometry": {"type": "LineString", "coordinates": [[72.8680149, 19.0539596], [72.8680568, 19.0540199], [72.8683159, 19.0543562], [72.8684955, 19.0545975], [72.8686376, 19.0547656], [72.8691119, 19.0554453], [72.8697749, 19.0564458], [72.8698671, 19.056585], [72.8699542, 19.0567165], [72.8701179, 19.0569414], [72.8705149, 19.0574868], [72.8707791, 19.0578498], [72.8709069, 19.0580253], [72.8711541, 19.0583706], [72.8717002, 19.0591442], [72.8721057, 19.0597012], [72.8723376, 19.0600242], [72.872411, 19.0602051], [72.8724905, 19.0604679], [72.8726475, 19.0609974], [72.8728028, 19.0615214], [72.8728263, 19.061569], [72.8729378, 19.0617955], [72.8730928, 19.0621103], [72.8732307, 19.0623904], [72.8735302, 19.0629985], [72.8735626, 19.0630641], [72.873797, 19.0635384], [72.8743979, 19.0647078], [72.8745094, 19.0650875], [72.8745268, 19.0652025], [72.874655, 19.0660476], [72.8748019, 19.0670165], [72.8749478, 19.0680224], [72.8749541, 19.0680616], [72.8751322, 19.0691588], [72.8752569, 19.0700834], [72.8753389, 19.0706378]]}}, {"type": "Feature", "id": "257427085", "properties": {"id": "257427085", "name": "Unnamed Road", "highway": "tertiary", "lanes": "1", "source": "OSM"}, "geometry": {"type": "LineString", "coordinates": [[72.8547036, 19.1127799], [72.8546788, 19.1126592], [72.8545757, 19.1121573], [72.8543331, 19.1110077], [72.8543156, 19.1109243], [72.8542783, 19.1107477], [72.85425, 19.1106133], [72.8540319, 19.1095795]]}}, {"type": "Feature", "id": "257802533", "properties": {"id": "257802533", "name": "Hanuman Mandir Road", "highway": "tertiary", "lanes": null, "source": "OSM"}, "geometry": {"type": "LineString", "coordinates": [[72.852086, 19.1037175], [72.8512635, 19.1036773], [72.8509304, 19.1036432], [72.8505511, 19.1036043], [72.8503557, 19.1035779], [72.8494675, 19.1034577], [72.8488935, 19.1033742], [72.8482126, 19.103277], [72.8475664, 19.1031843], [72.8474805, 19.1031723], [72.847096, 19.1031185], [72.8466647, 19.1030656]]}}, {"type": "Feature", "id": "257802534", "properties": {"id": "257802534", "name": "Paranjpe B Scheme Road No 1", "highway": "tertiary", "lanes": null, "source": "OSM"}, "geometry": {"type": "LineString", "coordinates": [[72.852086, 19.1037175], [72.852108, 19.1040768], [72.8521789, 19.1052706], [72.8521628, 19.1056477], [72.8521596, 19.105723]]}}, {"type": "Feature", "id": "257804750", "properties": {"id": "257804750", "name": "Lal Bahadur Shastri Marg", "highway": "primary", "lanes": null, "source": "OSM"}, "geometry": {"type": "LineString", "coordinates": [[72.8866785, 19.0851006], [72.8869415, 19.0850862], [72.8870134, 19.0850819], [72.8873264, 19.0850593], [72.8877053, 19.0850225], [72.8879222, 19.0849948], [72.8882094, 19.0849568], [72.8883316, 19.0849427], [72.888382, 19.0849369], [72.8885045, 19.0849227], [72.8895146, 19.0848101], [72.8895579, 19.0848053], [72.8900077, 19.0847488], [72.8904208, 19.084701]]}}, {"type": "Feature", "id": "257804752", "properties": {"id": "257804752", "name": "Mathuradas Vasanji Road (Andheri Kurla Road)", "highway": "primary", "lanes": null, "source": "OSM"}, "geometry": {"type": "LineString", "coordinates": [[72.883872, 19.1070454], [72.8837202, 19.1071184], [72.8835968, 19.1071778], [72.8832967, 19.1072667], [72.8830603, 19.1073024], [72.8830198, 19.1073085], [72.882214, 19.1073672], [72.8815181, 19.1074029], [72.8814567, 19.1074075], [72.88122, 19.1074378], [72.8809413, 19.107503], [72.8807521, 19.1075623]]}}, {"type": "Feature", "id": "260786313", "properties": {"id": "260786313", "name": "Bandra Kurla Complex Road", "highway": "primary", "lanes": "3", "source": "OSM"}, "geometry": {"type": "LineString", "coordinates": [[72.8721745, 19.070981], [72.871974, 19.0709401], [72.8717242, 19.0708842], [72.8714725, 19.07082], [72.8711985, 19.0707139], [72.8709309, 19.0705852], [72.8706612, 19.0704284], [72.8690842, 19.0694493], [72.8687256, 19.0692267], [72.8684997, 19.0690865], [72.8684361, 19.0690471], [72.8682435, 19.0689275], [72.8678413, 19.0686778], [72.867758, 19.0686261], [72.8656783, 19.0673349], [72.8653978, 19.0671608], [72.8653326, 19.0671204], [72.8648113, 19.0667968], [72.8628022, 19.0655495], [72.8625202, 19.0653744], [72.8622599, 19.0652128], [72.8621953, 19.0651727], [72.8619752, 19.065036], [72.861206, 19.0645585], [72.8608888, 19.0643616], [72.8607576, 19.0642712], [72.8606755, 19.0642146], [72.8605335, 19.0640999], [72.8602808, 19.06385], [72.8601455, 19.063688], [72.8599815, 19.0634638], [72.8598723, 19.0632925], [72.8597931, 19.0631296], [72.8597078, 19.0629396], [72.8596534, 19.0627635], [72.8595962, 19.0625283]]}}, {"type": "Feature", "id": "260786314", "properties": {"id": "260786314", "name": "Bandra Kurla Complex Road", "highway": "primary", "lanes": "3", "source": "OSM"}, "geometry": {"type": "LineString", "coordinates": [[72.8739703, 19.0708785], [72.872835, 19.0710154]]}}, {"type": "Feature", "id": "260786315", "properties": {"id": "260786315", "name": "Bandra Kurla Complex Road", "highway": "primary", "lanes": "3", "source": "OSM"}, "geometry": {"type": "LineString", "coordinates": [[72.8728377, 19.0711781], [72.873986, 19.0709951]]}}, {"type": "Feature", "id": "260786318", "properties": {"id": "260786318", "name": "Santa Cruz \u2013 Chembur Link Road", "highway": "trunk", "lanes": "3", "source": "OSM"}, "geometry": {"type": "LineString", "coordinates": [[72.883864, 19.0728779], [72.8834079, 19.0732064], [72.8831127, 19.0733586], [72.8828517, 19.0734442], [72.8825011, 19.0734981]]}}, {"type": "Feature", "id": "260786319", "properties": {"id": "260786319", "name": "Lokmanya Tilak Terminus Road", "highway": "secondary", "lanes": "2", "source": "OSM"}, "geometry": {"type": "LineString", "coordinates": [[72.885956, 19.0640711], [72.8861416, 19.0642443], [72.886479, 19.0646427], [72.8867547, 19.0650755], [72.887004, 19.065529], [72.8871644, 19.0657977], [72.8873199, 19.0660062], [72.8875303, 19.0662447], [72.8882844, 19.0670608], [72.8883997, 19.0671832], [72.8886221, 19.0674194], [72.8888783, 19.0676154]]}}, {"type": "Feature", "id": "260786326", "properties": {"id": "260786326", "name": "Unnamed Road", "highway": "tertiary", "lanes": null, "source": "OSM"}, "geometry": {"type": "LineString", "coordinates": [[72.8843123, 19.0769639], [72.8841358, 19.0766696], [72.8838607, 19.0764506], [72.8836828, 19.0763541], [72.8835126, 19.076301], [72.8830665, 19.0762453], [72.8825456, 19.0762088]]}}, {"type": "Feature", "id": "261526588", "properties": {"id": "261526588", "name": "Sahar Road Underpass", "highway": "primary", "lanes": null, "source": "OSM"}, "geometry": {"type": "LineString", "coordinates": [[72.854972, 19.1015346], [72.8551697, 19.101737], [72.8554672, 19.101955], [72.8559044, 19.1021516], [72.8562748, 19.1022163], [72.8566638, 19.1022706], [72.8570472, 19.1022119]]}}, {"type": "Feature", "id": "261526589", "properties": {"id": "261526589", "name": "Sahar Elevated Road", "highway": "primary", "lanes": null, "source": "OSM"}, "geometry": {"type": "LineString", "coordinates": [[72.8551471, 19.1012845], [72.8547396, 19.1005791]]}}, {"type": "Feature", "id": "261526590", "properties": {"id": "261526590", "name": "Sahar Road Underpass", "highway": "primary", "lanes": null, "source": "OSM"}, "geometry": {"type": "LineString", "coordinates": [[72.8539115, 19.0992195], [72.8541277, 19.0995537], [72.854332, 19.0999766], [72.8545104, 19.1004756], [72.8545281, 19.1005496], [72.8545723, 19.1007341]]}}, {"type": "Feature", "id": "261526591", "properties": {"id": "261526591", "name": "Sahar Road Underpass", "highway": "primary", "lanes": null, "source": "OSM"}, "geometry": {"type": "LineString", "coordinates": [[72.8545723, 19.1007341], [72.8546342, 19.100949], [72.854712, 19.1011221], [72.854972, 19.1015346]]}}, {"type": "Feature", "id": "275761000", "properties": {"id": "275761000", "name": "Santa Cruz \u2013 Chembur Link Road", "highway": "trunk", "lanes": "3", "source": "OSM"}, "geometry": {"type": "LineString", "coordinates": [[72.8839399, 19.0729588], [72.8842368, 19.0726704], [72.8849782, 19.072014], [72.8851466, 19.0718495], [72.8853051, 19.0716576], [72.8857043, 19.0712006], [72.8866994, 19.0700283]]}}, {"type": "Feature", "id": "275761002", "properties": {"id": "275761002", "name": "Santa Cruz \u2013 Chembur Link Road", "highway": "trunk", "lanes": "2", "source": "OSM"}, "geometry": {"type": "LineString", "coordinates": [[72.8930336, 19.0654336], [72.8917733, 19.0657689]]}}, {"type": "Feature", "id": "275761324", "properties": {"id": "275761324", "name": "Santa Cruz \u2013 Chembur Link Road", "highway": "trunk", "lanes": "2", "source": "OSM"}, "geometry": {"type": "LineString", "coordinates": [[72.8917942, 19.0658481], [72.8930531, 19.065503]]}}, {"type": "Feature", "id": "275761325", "properties": {"id": "275761325", "name": "Santa Cruz \u2013 Chembur Link Road", "highway": "trunk", "lanes": "2", "source": "OSM"}, "geometry": {"type": "LineString", "coordinates": [[72.8879333, 19.0685673], [72.8887045, 19.0676524], [72.889022, 19.0673263], [72.8894126, 19.0669597], [72.88983, 19.066573], [72.8900605, 19.0664013], [72.8902854, 19.0662779], [72.8905391, 19.0661862], [72.8907937, 19.0661044], [72.8917942, 19.0658481]]}}, {"type": "Feature", "id": "275761327", "properties": {"id": "275761327", "name": "Santa Cruz \u2013 Chembur Link Road", "highway": "trunk", "lanes": "3", "source": "OSM"}, "geometry": {"type": "LineString", "coordinates": [[72.8866101, 19.0699612], [72.8856157, 19.0711327], [72.8852161, 19.0715902], [72.8850604, 19.0717786], [72.8848982, 19.0719371], [72.8841569, 19.0725934], [72.883864, 19.0728779]]}}, {"type": "Feature", "id": "275761814", "properties": {"id": "275761814", "name": "Santa Cruz \u2013 Chembur Link Road", "highway": "trunk_link", "lanes": "2", "source": "OSM"}, "geometry": {"type": "LineString", "coordinates": [[72.888952, 19.0675273], [72.8892373, 19.0672519], [72.889477, 19.0670168], [72.8898811, 19.0666454], [72.8900817, 19.06649], [72.8902462, 19.0663978], [72.8904468, 19.0663056], [72.8908035, 19.0661977], [72.8918147, 19.065926]]}}, {"type": "Feature", "id": "275761815", "properties": {"id": "275761815", "name": "Santa Cruz \u2013 Chembur Link Road", "highway": "trunk_link", "lanes": "2", "source": "OSM"}, "geometry": {"type": "LineString", "coordinates": [[72.8917543, 19.0656969], [72.8907506, 19.0659606], [72.8903827, 19.0660633], [72.8901458, 19.0661608], [72.8899452, 19.0662767], [72.8897117, 19.0664724], [72.889321, 19.0668201], [72.8889123, 19.0671885], [72.8886976, 19.0673455]]}}, {"type": "Feature", "id": "275766283", "properties": {"id": "275766283", "name": "Lokmanya Tilak Terminus Road", "highway": "tertiary", "lanes": "2", "source": "OSM"}, "geometry": {"type": "LineString", "coordinates": [[72.8908902, 19.0680651], [72.8897721, 19.0679436], [72.8895627, 19.067883], [72.8892731, 19.0677772], [72.8891834, 19.0676981], [72.888952, 19.0675273]]}}, {"type": "Feature", "id": "275766285", "properties": {"id": "275766285", "name": "Unnamed Road", "highway": "tertiary", "lanes": null, "source": "OSM"}, "geometry": {"type": "LineString", "coordinates": [[72.8933031, 19.0685703], [72.8932384, 19.0686147]]}}, {"type": "Feature", "id": "275766286", "properties": {"id": "275766286", "name": "Lokmanya Tilak Terminus Road", "highway": "tertiary", "lanes": null, "source": "OSM"}, "geometry": {"type": "LineString", "coordinates": [[72.8927546, 19.0686356], [72.8924407, 19.0683195], [72.8923024, 19.0682669]]}}, {"type": "Feature", "id": "275766287", "properties": {"id": "275766287", "name": "Unnamed Road", "highway": "tertiary", "lanes": null, "source": "OSM"}, "geometry": {"type": "LineString", "coordinates": [[72.8930286, 19.0689488], [72.8929801, 19.068887]]}}, {"type": "Feature", "id": "275766288", "properties": {"id": "275766288", "name": "Lokmanya Tilak Terminus Road", "highway": "tertiary", "lanes": "2", "source": "OSM"}, "geometry": {"type": "LineString", "coordinates": [[72.8888783, 19.0676154], [72.889156, 19.0677592], [72.889289, 19.0678357], [72.8894421, 19.0679074], [72.8896218, 19.0679677], [72.8898583, 19.0680081], [72.891064, 19.0681154]]}}, {"type": "Feature", "id": "275769996", "properties": {"id": "275769996", "name": "Santa Cruz \u2013 Chembur Link Road", "highway": "trunk_link", "lanes": "2", "source": "OSM"}, "geometry": {"type": "LineString", "coordinates": [[72.8886221, 19.0674194], [72.888447, 19.067624], [72.8868113, 19.0696062], [72.8866101, 19.0699612]]}}, {"type": "Feature", "id": "275769998", "properties": {"id": "275769998", "name": "Lokmanya Tilak Terminus Road", "highway": "secondary", "lanes": "2", "source": "OSM"}, "geometry": {"type": "LineString", "coordinates": [[72.8886976, 19.0673455], [72.8884493, 19.067178], [72.8883077, 19.0670239], [72.8875956, 19.0661925], [72.8873879, 19.0659569], [72.8872368, 19.0657545], [72.8870796, 19.0654912], [72.8868271, 19.0650137], [72.8866717, 19.0647198], [72.8863302, 19.064295], [72.8861957, 19.0641461], [72.8860205, 19.0639856]]}}, {"type": "Feature", "id": "275771154", "properties": {"id": "275771154", "name": "Santa Cruz \u2013 Chembur Link Road", "highway": "trunk_link", "lanes": null, "source": "OSM"}, "geometry": {"type": "LineString", "coordinates": [[72.8889123, 19.0671885], [72.8887556, 19.0672346], [72.8886652, 19.0672453], [72.8885635, 19.0672261], [72.8884493, 19.067178]]}}, {"type": "Feature", "id": "275771155", "properties": {"id": "275771155", "name": "Santa Cruz \u2013 Chembur Link Road", "highway": "trunk_link", "lanes": null, "source": "OSM"}, "geometry": {"type": "LineString", "coordinates": [[72.8887245, 19.067791], [72.8888225, 19.0677506], [72.8889355, 19.0677314], [72.889044, 19.0677378], [72.889156, 19.0677592]]}}, {"type": "Feature", "id": "275771156", "properties": {"id": "275771156", "name": "Santa Cruz \u2013 Chembur Link Road", "highway": "trunk_link", "lanes": null, "source": "OSM"}, "geometry": {"type": "LineString", "coordinates": [[72.8883997, 19.0671832], [72.8884676, 19.0673447], [72.8884766, 19.067428], [72.8884699, 19.067537], [72.888447, 19.067624]]}}, {"type": "Feature", "id": "275771157", "properties": {"id": "275771157", "name": "Santa Cruz \u2013 Chembur Link Road", "highway": "trunk_link", "lanes": null, "source": "OSM"}, "geometry": {"type": "LineString", "coordinates": [[72.8891834, 19.0676981], [72.8891169, 19.0675985], [72.8891024, 19.0675168], [72.8891153, 19.0674355], [72.8891567, 19.0673569], [72.8892373, 19.0672519]]}}, {"type": "Feature", "id": "275771271", "properties": {"id": "275771271", "name": "Santa Cruz \u2013 Chembur Link Road", "highway": "trunk_link", "lanes": "2", "source": "OSM"}, "geometry": {"type": "LineString", "coordinates": [[72.8866994, 19.0700283], [72.887019, 19.0697614], [72.8887245, 19.067791], [72.8888783, 19.0676154], [72.888952, 19.0675273]]}}, {"type": "Feature", "id": "275773892", "properties": {"id": "275773892", "name": "Santa Cruz \u2013 Chembur Link Road", "highway": "trunk", "lanes": "3", "source": "OSM"}, "geometry": {"type": "LineString", "coordinates": [[72.8709551, 19.0743008], [72.8700482, 19.0739234], [72.8699184, 19.0738662], [72.8691446, 19.0735083], [72.8690679, 19.0734748], [72.8685053, 19.073227], [72.8679031, 19.0729678], [72.8675818, 19.0728295], [72.8671448, 19.0726375], [72.8668433, 19.0725027], [72.8662961, 19.0722636], [72.8658275, 19.072059], [72.8652298, 19.0717977], [72.8647605, 19.0715926], [72.8638826, 19.0712045], [72.8637048, 19.071147], [72.8635091, 19.0710836], [72.8632629, 19.0710314], [72.8630495, 19.0710099], [72.8628858, 19.0710125], [72.8626526, 19.071028], [72.8626089, 19.0710351], [72.8624352, 19.0710631], [72.8621381, 19.0711487], [72.8619271, 19.0712409], [72.8617058, 19.0713722], [72.8615566, 19.0714938], [72.8613486, 19.0716959], [72.8611528, 19.0719855], [72.8609237, 19.0726807], [72.8608601, 19.0728738]]}}, {"type": "Feature", "id": "275776138", "properties": {"id": "275776138", "name": "Santa Cruz \u2013 Chembur Link Road", "highway": "trunk", "lanes": "3", "source": "OSM"}, "geometry": {"type": "LineString", "coordinates": [[72.8952923, 19.0647795], [72.8932941, 19.0653159]]}}, {"type": "Feature", "id": "275776139", "properties": {"id": "275776139", "name": "Santa Cruz \u2013 Chembur Link Road", "highway": "trunk", "lanes": "3", "source": "OSM"}, "geometry": {"type": "LineString", "coordinates": [[72.8933438, 19.06548], [72.8936242, 19.0654047], [72.895342, 19.0649436]]}}, {"type": "Feature", "id": "275777164", "properties": {"id": "275777164", "name": "Santa Cruz \u2013 Chembur Link Road", "highway": "trunk", "lanes": "2", "source": "OSM"}, "geometry": {"type": "LineString", "coordinates": [[72.8772747, 19.0759339], [72.8770891, 19.0760546], [72.87696, 19.0761353], [72.8768246, 19.0762109], [72.8766844, 19.0762784], [72.8765455, 19.0763376], [72.8763981, 19.0763867], [72.8762594, 19.076412], [72.8762383, 19.0764159], [72.8760903, 19.0764339], [72.8759464, 19.0764294], [72.875796, 19.076413], [72.8756618, 19.0763913], [72.8755237, 19.076361], [72.8753848, 19.0763126], [72.8752246, 19.0762484], [72.8750127, 19.0761447]]}}, {"type": "Feature", "id": "275777165", "properties": {"id": "275777165", "name": "Santa Cruz \u2013 Chembur Link Road", "highway": "trunk", "lanes": "3", "source": "OSM"}, "geometry": {"type": "LineString", "coordinates": [[72.8743926, 19.0760847], [72.8748805, 19.0763887], [72.8751074, 19.0764956], [72.8752773, 19.0765646], [72.8753335, 19.0765848], [72.8754391, 19.0766192], [72.8755999, 19.0766562], [72.8757525, 19.0766827], [72.8759319, 19.0767046], [72.8761057, 19.0767085], [72.8762837, 19.0766866], [72.8763191, 19.0766767]]}}, {"type": "Feature", "id": "275783913", "properties": {"id": "275783913", "name": "Shahid Major Kaustubh Rane flyover", "highway": "trunk", "lanes": "2", "source": "OSM"}, "geometry": {"type": "LineString", "coordinates": [[72.8765734, 19.0764073], [72.8764173, 19.0764591], [72.8762502, 19.0764896], [72.8760947, 19.0765083], [72.8759427, 19.0765039], [72.8757847, 19.0764868], [72.875645, 19.0764642], [72.8755007, 19.0764324], [72.8753557, 19.0763819], [72.8751925, 19.0763165], [72.8749771, 19.0762112]]}}, {"type": "Feature", "id": "275783915", "properties": {"id": "275783915", "name": "Shahid Major Kaustubh Rane flyover", "highway": "trunk", "lanes": "2", "source": "OSM"}, "geometry": {"type": "LineString", "coordinates": [[72.8766069, 19.0764911], [72.8767609, 19.0764257], [72.8769096, 19.076354], [72.8770481, 19.0762767], [72.877188, 19.0761917], [72.8782407, 19.0755028], [72.8785263, 19.0753259], [72.8788236, 19.0751658], [72.8794429, 19.07487]]}}, {"type": "Feature", "id": "275783919", "properties": {"id": "275783919", "name": "Shahid Major Kaustubh Rane flyover", "highway": "trunk_link", "lanes": "2", "source": "OSM"}, "geometry": {"type": "LineString", "coordinates": [[72.8749342, 19.0762911], [72.875154, 19.0763983], [72.8753207, 19.0764651], [72.8754732, 19.076518], [72.8756248, 19.0765516], [72.8757712, 19.0765754], [72.8759383, 19.0765933], [72.8760998, 19.0765977], [72.8762644, 19.0765781], [72.8764404, 19.0765459], [72.8766069, 19.0764911]]}}, {"type": "Feature", "id": "275784828", "properties": {"id": "275784828", "name": "Unnamed Road", "highway": "trunk_link", "lanes": null, "source": "OSM"}, "geometry": {"type": "LineString", "coordinates": [[72.8782065, 19.0756179], [72.8782872, 19.0755654], [72.8784455, 19.0754706], [72.8785694, 19.0753906], [72.8786837, 19.0753313], [72.8788636, 19.0752323], [72.8794798, 19.074938], [72.8796938, 19.0747772]]}}, {"type": "Feature", "id": "275784832", "properties": {"id": "275784832", "name": "Shahid Major Kaustubh Rane flyover", "highway": "trunk", "lanes": "2", "source": "OSM"}, "geometry": {"type": "LineString", "coordinates": [[72.8794017, 19.0747894], [72.8787789, 19.0750869], [72.8784778, 19.0752491], [72.8781883, 19.0754283], [72.8771356, 19.0761172], [72.877, 19.0761995], [72.8768633, 19.0762759], [72.8767192, 19.0763453], [72.8765734, 19.0764073]]}}, {"type": "Feature", "id": "275784835", "properties": {"id": "275784835", "name": "Santa Cruz \u2013 Chembur Link Road", "highway": "trunk", "lanes": "3", "source": "OSM"}, "geometry": {"type": "LineString", "coordinates": [[72.8821416, 19.0734729], [72.8818503, 19.0734887], [72.881612, 19.0735159], [72.8814043, 19.0735674], [72.8811906, 19.0736334], [72.8808597, 19.0737909], [72.880484, 19.0740375]]}}, {"type": "Feature", "id": "275784838", "properties": {"id": "275784838", "name": "Santa Cruz \u2013 Chembur Link Road", "highway": "trunk", "lanes": "3", "source": "OSM"}, "geometry": {"type": "LineString", "coordinates": [[72.8825194, 19.0736045], [72.8828798, 19.0735491], [72.883159, 19.0734575], [72.8834701, 19.0732971], [72.8839399, 19.0729588]]}}, {"type": "Feature", "id": "275784840", "properties": {"id": "275784840", "name": "Unnamed Road", "highway": "trunk_link", "lanes": null, "source": "OSM"}, "geometry": {"type": "LineString", "coordinates": [[72.8796214, 19.0746535], [72.8793666, 19.0747248], [72.8787409, 19.0750237], [72.8784367, 19.0751876], [72.8781441, 19.0753688], [72.8780569, 19.0754255]]}}, {"type": "Feature", "id": "275784842", "properties": {"id": "275784842", "name": "Santa Cruz \u2013 Chembur Link Road", "highway": "trunk", "lanes": "3", "source": "OSM"}, "geometry": {"type": "LineString", "coordinates": [[72.8796938, 19.0747772], [72.8798534, 19.0746707], [72.8801501, 19.0745018], [72.8805388, 19.0742379], [72.8809583, 19.0739569], [72.8812507, 19.0738162], [72.8814534, 19.0737542], [72.8816591, 19.0737059], [72.8818712, 19.0736742], [72.8821504, 19.0736468]]}}, {"type": "Feature", "id": "275785282", "properties": {"id": "275785282", "name": "Unnamed Road", "highway": "tertiary", "lanes": null, "source": "OSM"}, "geometry": {"type": "LineString", "coordinates": [[72.8812507, 19.0738162], [72.8812616, 19.0738631], [72.8813857, 19.0738247], [72.8818819, 19.0737385], [72.8821023, 19.0737246], [72.8824022, 19.0737058], [72.8825015, 19.0736996], [72.8826737, 19.0736782], [72.8828659, 19.0736543], [72.8830125, 19.0736093], [72.8831217, 19.0735757], [72.8833646, 19.0734941], [72.8836899, 19.0733139], [72.8837961, 19.0732342], [72.8841583, 19.0728968]]}}, {"type": "Feature", "id": "275785283", "properties": {"id": "275785283", "name": "Santa Cruz \u2013 Chembur Link Road", "highway": "trunk", "lanes": "3", "source": "OSM"}, "geometry": {"type": "LineString", "coordinates": [[72.8825011, 19.0734981], [72.8821416, 19.0734729]]}}, {"type": "Feature", "id": "275786437", "properties": {"id": "275786437", "name": "Mathuradas Vasanji Road (Andheri Kurla Road)", "highway": "tertiary", "lanes": null, "source": "OSM"}, "geometry": {"type": "LineString", "coordinates": [[72.8800151, 19.0759669], [72.8801212, 19.0764125], [72.8801553, 19.0765557], [72.8802068, 19.0767717], [72.8802187, 19.0768216], [72.8802391, 19.076953], [72.8802391, 19.0771164], [72.8802426, 19.0774596], [72.8802444, 19.0776304], [72.8802454, 19.077731], [72.880247, 19.0778851], [72.8802537, 19.0785395], [72.8802945, 19.0791837], [72.8803115, 19.0794521], [72.8803181, 19.0795559], [72.8803239, 19.0796532]]}}, {"type": "Feature", "id": "275787250", "properties": {"id": "275787250", "name": "Santa Cruz \u2013 Chembur Link Road", "highway": "trunk", "lanes": "3", "source": "OSM"}, "geometry": {"type": "LineString", "coordinates": [[72.8821504, 19.0736468], [72.8823961, 19.0736186], [72.8825194, 19.0736045]]}}, {"type": "Feature", "id": "275787642", "properties": {"id": "275787642", "name": "Unnamed Road", "highway": "tertiary", "lanes": null, "source": "OSM"}, "geometry": {"type": "LineString", "coordinates": [[72.8930286, 19.0689488], [72.8932735, 19.0687851]]}}, {"type": "Feature", "id": "285611389", "properties": {"id": "285611389", "name": "Lokmanya Tilak Terminus Road", "highway": "tertiary", "lanes": null, "source": "OSM"}, "geometry": {"type": "LineString", "coordinates": [[72.892238, 19.0683417], [72.8923342, 19.0684585], [72.8926979, 19.0687395], [72.8927606, 19.0688048]]}}, {"type": "Feature", "id": "285611391", "properties": {"id": "285611391", "name": "Lokmanya Tilak Terminus Road", "highway": "tertiary", "lanes": "2", "source": "OSM"}, "geometry": {"type": "LineString", "coordinates": [[72.8923024, 19.0682669], [72.8921928, 19.0681933], [72.8920827, 19.0681484], [72.8919425, 19.0681125], [72.8908902, 19.0680651]]}}, {"type": "Feature", "id": "285611393", "properties": {"id": "285611393", "name": "Santa Cruz \u2013 Chembur Link Road", "highway": "trunk", "lanes": "2", "source": "OSM"}, "geometry": {"type": "LineString", "coordinates": [[72.8917733, 19.0657689], [72.8907712, 19.0660357], [72.8905133, 19.0661186], [72.8902525, 19.0662128], [72.8900176, 19.0663417], [72.8897797, 19.066519], [72.8893592, 19.0669085], [72.8889672, 19.0672764], [72.888647, 19.0676054], [72.8878737, 19.0685228]]}}, {"type": "Feature", "id": "285611398", "properties": {"id": "285611398", "name": "Santa Cruz \u2013 Chembur Link Road", "highway": "trunk", "lanes": "2", "source": "OSM"}, "geometry": {"type": "LineString", "coordinates": [[72.8930531, 19.065503], [72.8933438, 19.06548]]}}, {"type": "Feature", "id": "285611399", "properties": {"id": "285611399", "name": "Santa Cruz \u2013 Chembur Link Road", "highway": "trunk", "lanes": "2", "source": "OSM"}, "geometry": {"type": "LineString", "coordinates": [[72.8932941, 19.0653159], [72.8930336, 19.0654336]]}}, {"type": "Feature", "id": "285611401", "properties": {"id": "285611401", "name": "Santa Cruz \u2013 Chembur Link Road", "highway": "trunk", "lanes": "2", "source": "OSM"}, "geometry": {"type": "LineString", "coordinates": [[72.8866994, 19.0700283], [72.8879333, 19.0685673]]}}, {"type": "Feature", "id": "285611402", "properties": {"id": "285611402", "name": "Santa Cruz \u2013 Chembur Link Road", "highway": "trunk", "lanes": "2", "source": "OSM"}, "geometry": {"type": "LineString", "coordinates": [[72.8878737, 19.0685228], [72.8866101, 19.0699612]]}}, {"type": "Feature", "id": "285611404", "properties": {"id": "285611404", "name": "Santa Cruz \u2013 Chembur Link Road", "highway": "trunk_link", "lanes": "2", "source": "OSM"}, "geometry": {"type": "LineString", "coordinates": [[72.8918147, 19.065926], [72.8930767, 19.065587]]}}, {"type": "Feature", "id": "285611405", "properties": {"id": "285611405", "name": "Santa Cruz \u2013 Chembur Link Road", "highway": "trunk_link", "lanes": "2", "source": "OSM"}, "geometry": {"type": "LineString", "coordinates": [[72.8932941, 19.0653159], [72.8931283, 19.0653371], [72.8930107, 19.0653521]]}}, {"type": "Feature", "id": "285611409", "properties": {"id": "285611409", "name": "Unnamed Road", "highway": "tertiary", "lanes": null, "source": "OSM"}, "geometry": {"type": "LineString", "coordinates": [[72.8857925, 19.0711934], [72.885532, 19.0710167]]}}, {"type": "Feature", "id": "285611413", "properties": {"id": "285611413", "name": "Unnamed Road", "highway": "tertiary", "lanes": null, "source": "OSM"}, "geometry": {"type": "LineString", "coordinates": [[72.885532, 19.0710167], [72.8854718, 19.0710771], [72.8852497, 19.0713196], [72.8848233, 19.0717807], [72.8843556, 19.0722305], [72.8839046, 19.07267], [72.8837275, 19.0728366], [72.8832847, 19.073192], [72.8830673, 19.0732977], [72.8828404, 19.0733582], [72.8824885, 19.0733959], [72.8821416, 19.0734729]]}}, {"type": "Feature", "id": "286066400", "properties": {"id": "286066400", "name": "Bandra Kurla Complex Road", "highway": "primary", "lanes": "3", "source": "OSM"}, "geometry": {"type": "LineString", "coordinates": [[72.8551186, 19.0596178], [72.8552177, 19.0596667], [72.8554649, 19.0597887], [72.8555604, 19.0598365], [72.8562969, 19.0599213], [72.856432, 19.0599278], [72.8566071, 19.0599356], [72.8566589, 19.0599426], [72.8567907, 19.0599864]]}}, {"type": "Feature", "id": "286066401", "properties": {"id": "286066401", "name": "Bandra Kurla Complex Road", "highway": "primary", "lanes": "3", "source": "OSM"}, "geometry": {"type": "LineString", "coordinates": [[72.8559864, 19.0597403], [72.8556057, 19.0597061], [72.8553338, 19.059555], [72.8552661, 19.0595173], [72.8550205, 19.0593761]]}}, {"type": "Feature", "id": "286066405", "properties": {"id": "286066405", "name": "Unnamed Road", "highway": "secondary", "lanes": "3", "source": "OSM"}, "geometry": {"type": "LineString", "coordinates": [[72.8718283, 19.0719318], [72.8717843, 19.0720241], [72.8716996, 19.0721681], [72.871507, 19.0724825], [72.8714466, 19.072634], [72.8713051, 19.0730776], [72.8712044, 19.0733933], [72.870985, 19.074081], [72.8709551, 19.0743008]]}}, {"type": "Feature", "id": "286066406", "properties": {"id": "286066406", "name": "Avenue 3: Lane 3", "highway": "secondary", "lanes": "2", "source": "OSM"}, "geometry": {"type": "LineString", "coordinates": [[72.8664911, 19.0660741], [72.8664661, 19.0660457], [72.8664458, 19.066013], [72.8663634, 19.0659105], [72.8662869, 19.0657877], [72.8662647, 19.0657314], [72.8661908, 19.0655444], [72.8659481, 19.0649297], [72.8659032, 19.064816], [72.8658564, 19.0646976], [72.8657547, 19.06444], [72.8655586, 19.0639434], [72.8654464, 19.0636594], [72.8653731, 19.0634738], [72.8652874, 19.0632567], [72.8652564, 19.0631786], [72.8651286, 19.0628348], [72.8650923, 19.0627423], [72.8643987, 19.060974], [72.8643787, 19.060923], [72.8643741, 19.0609085], [72.8643302, 19.0607692]]}}, {"type": "Feature", "id": "286066409", "properties": {"id": "286066409", "name": "Avenue 3: Lane 1", "highway": "tertiary", "lanes": "2", "source": "OSM"}, "geometry": {"type": "LineString", "coordinates": [[72.8601337, 19.0592858], [72.8601984, 19.0593746], [72.8604698, 19.0597931], [72.8605641, 19.0600098], [72.8605721, 19.0601211], [72.8605785, 19.0601502], [72.8604583, 19.0608924], [72.8604066, 19.0611689], [72.8604027, 19.061216], [72.8604067, 19.0612611], [72.8604103, 19.0612767], [72.8604839, 19.0616059], [72.8604974, 19.0616665], [72.8605959, 19.0620899]]}}, {"type": "Feature", "id": "286066412", "properties": {"id": "286066412", "name": "Unnamed Road", "highway": "tertiary", "lanes": "2", "source": "OSM"}, "geometry": {"type": "LineString", "coordinates": [[72.852142, 19.0673745], [72.8526879, 19.0675414]]}}, {"type": "Feature", "id": "286066414", "properties": {"id": "286066414", "name": "Unnamed Road", "highway": "secondary", "lanes": "3", "source": "OSM"}, "geometry": {"type": "LineString", "coordinates": [[72.8719097, 19.0716946], [72.8718283, 19.0719318]]}}, {"type": "Feature", "id": "286066416", "properties": {"id": "286066416", "name": "Unnamed Road", "highway": "secondary", "lanes": "3", "source": "OSM"}, "geometry": {"type": "LineString", "coordinates": [[72.8719166, 19.0719653], [72.8719968, 19.0717393]]}}, {"type": "Feature", "id": "286066417", "properties": {"id": "286066417", "name": "Avenue 3", "highway": "secondary", "lanes": "2", "source": "OSM"}, "geometry": {"type": "LineString", "coordinates": [[72.8601337, 19.0592858], [72.8590232, 19.0599249], [72.8589655, 19.0599586], [72.8589106, 19.0600092]]}}, {"type": "Feature", "id": "286066418", "properties": {"id": "286066418", "name": "Kanzul Iman Road", "highway": "tertiary", "lanes": "2", "source": "OSM"}, "geometry": {"type": "LineString", "coordinates": [[72.8702595, 19.0720434], [72.8702204, 19.0719884], [72.8698873, 19.071827], [72.869053, 19.0713421], [72.8679151, 19.0706399], [72.8675806, 19.0704174]]}}, {"type": "Feature", "id": "286066419", "properties": {"id": "286066419", "name": "Bharat Nagar Road", "highway": "tertiary", "lanes": "2", "source": "OSM"}, "geometry": {"type": "LineString", "coordinates": [[72.8571782, 19.0663543], [72.8575399, 19.0662959], [72.8595089, 19.0660495], [72.860022, 19.0659853], [72.8601867, 19.065969], [72.8611498, 19.0658444], [72.861226, 19.0658348], [72.8613653, 19.0658174], [72.8614614, 19.0657958], [72.8615172, 19.0657832], [72.8616409, 19.0657326], [72.8617539, 19.0656568], [72.8621463, 19.0653357]]}}, {"type": "Feature", "id": "286066425", "properties": {"id": "286066425", "name": "Kanzul Iman Road", "highway": "tertiary", "lanes": null, "source": "OSM"}, "geometry": {"type": "LineString", "coordinates": [[72.8702743, 19.0720508], [72.8704534, 19.0721284], [72.8706796, 19.0722302], [72.8707695, 19.0722576], [72.8711963, 19.0723877], [72.871507, 19.0724825]]}}, {"type": "Feature", "id": "286066428", "properties": {"id": "286066428", "name": "Unnamed Road", "highway": "secondary", "lanes": "3", "source": "OSM"}, "geometry": {"type": "LineString", "coordinates": [[72.8721025, 19.0714596], [72.8722123, 19.0711547], [72.8723, 19.0710084]]}}, {"type": "Feature", "id": "286066430", "properties": {"id": "286066430", "name": "Unnamed Road", "highway": "secondary", "lanes": "3", "source": "OSM"}, "geometry": {"type": "LineString", "coordinates": [[72.8721745, 19.070981], [72.872119, 19.071135], [72.8720389, 19.0713635]]}}, {"type": "Feature", "id": "286066431", "properties": {"id": "286066431", "name": "Unnamed Road", "highway": "primary_link", "lanes": null, "source": "OSM"}, "geometry": {"type": "LineString", "coordinates": [[72.8589985, 19.060689], [72.8589544, 19.0605258], [72.8589206, 19.0603375], [72.8589345, 19.0601619]]}}, {"type": "Feature", "id": "286066432", "properties": {"id": "286066432", "name": "Unnamed Road", "highway": "tertiary", "lanes": "2", "source": "OSM"}, "geometry": {"type": "LineString", "coordinates": [[72.8511856, 19.0669869], [72.8512538, 19.0670659], [72.8514694, 19.0671424], [72.8517192, 19.0672294], [72.852046, 19.0673433], [72.852142, 19.0673745]]}}, {"type": "Feature", "id": "286066434", "properties": {"id": "286066434", "name": "Unnamed Road", "highway": "primary_link", "lanes": null, "source": "OSM"}, "geometry": {"type": "LineString", "coordinates": [[72.8624265, 19.0649493], [72.8622162, 19.0650097], [72.8621097, 19.0650303], [72.8619752, 19.065036]]}}, {"type": "Feature", "id": "286066436", "properties": {"id": "286066436", "name": "Vidya Nagari Marg", "highway": "secondary", "lanes": null, "source": "OSM"}, "geometry": {"type": "LineString", "coordinates": [[72.8606332, 19.074719], [72.8605998, 19.0744629]]}}, {"type": "Feature", "id": "286066438", "properties": {"id": "286066438", "name": "Street 9", "highway": "tertiary", "lanes": "2", "source": "OSM"}, "geometry": {"type": "LineString", "coordinates": [[72.8695743, 19.0674332], [72.8695203, 19.0675053], [72.8694235, 19.067643], [72.8692968, 19.0678231], [72.8689565, 19.068307], [72.8688956, 19.0683936], [72.8686323, 19.0687681], [72.8684361, 19.0690471], [72.8683414, 19.0691817]]}}, {"type": "Feature", "id": "286066439", "properties": {"id": "286066439", "name": "Street 9", "highway": "tertiary", "lanes": "2", "source": "OSM"}, "geometry": {"type": "LineString", "coordinates": [[72.868405, 19.0692212], [72.8684997, 19.0690865], [72.868651, 19.0688713], [72.8690198, 19.0683469], [72.8694858, 19.0676841], [72.8695814, 19.0675481], [72.8696352, 19.0674802]]}}, {"type": "Feature", "id": "286066440", "properties": {"id": "286066440", "name": "Unnamed Road", "highway": "primary_link", "lanes": null, "source": "OSM"}, "geometry": {"type": "LineString", "coordinates": [[72.8599894, 19.0623085], [72.8598451, 19.0622991], [72.8597253, 19.062277], [72.8596117, 19.0622221], [72.8595009, 19.0621323]]}}, {"type": "Feature", "id": "286066441", "properties": {"id": "286066441", "name": "Unnamed Road", "highway": "tertiary_link", "lanes": null, "source": "OSM"}, "geometry": {"type": "LineString", "coordinates": [[72.8717946, 19.0683232], [72.8717309, 19.0684066], [72.8716654, 19.068472], [72.8715691, 19.0685362], [72.871474, 19.0685753], [72.871356, 19.0685648]]}}, {"type": "Feature", "id": "286066443", "properties": {"id": "286066443", "name": "Unnamed Road", "highway": "primary_link", "lanes": null, "source": "OSM"}, "geometry": {"type": "LineString", "coordinates": [[72.8597078, 19.0629396], [72.8597352, 19.0627684], [72.8597624, 19.0626727], [72.8598019, 19.062591], [72.8598612, 19.0625058], [72.8599657, 19.0623955]]}}, {"type": "Feature", "id": "286066444", "properties": {"id": "286066444", "name": "Street 5", "highway": "tertiary", "lanes": "2", "source": "OSM"}, "geometry": {"type": "LineString", "coordinates": [[72.8649853, 19.0627744], [72.8648945, 19.0628044], [72.8648628, 19.0628148], [72.8647908, 19.0628824], [72.8638943, 19.0636634], [72.8634682, 19.0640364], [72.8633965, 19.0640995], [72.8633771, 19.0641165], [72.8627564, 19.0646603], [72.8624265, 19.0649493], [72.8621953, 19.0651727]]}}, {"type": "Feature", "id": "286066445", "properties": {"id": "286066445", "name": "Unnamed Road", "highway": "tertiary", "lanes": null, "source": "OSM"}, "geometry": {"type": "LineString", "coordinates": [[72.8679244, 19.0659614], [72.8679559, 19.0659256], [72.8680176, 19.0658648], [72.8680927, 19.0658445], [72.8684939, 19.0658787], [72.8687405, 19.0658997], [72.8687932, 19.0659042], [72.8689023, 19.0659256], [72.8689634, 19.0659668], [72.8691598, 19.0661438], [72.8698056, 19.066726], [72.8699876, 19.06689], [72.87013, 19.0670184], [72.8702796, 19.0671532]]}}, {"type": "Feature", "id": "289771681", "properties": {"id": "289771681", "name": "Kohinoor City Road", "highway": "tertiary", "lanes": null, "source": "OSM"}, "geometry": {"type": "LineString", "coordinates": [[72.8844484, 19.0726312], [72.8845791, 19.0727508], [72.88489, 19.073094], [72.8853061, 19.0735143], [72.8855989, 19.0737756]]}}, {"type": "Feature", "id": "307958337", "properties": {"id": "307958337", "name": "Mathuradas Vasanji Road", "highway": "secondary", "lanes": null, "source": "OSM"}, "geometry": {"type": "LineString", "coordinates": [[72.8600696, 19.1147757], [72.8593649, 19.1148492]]}}, {"type": "Feature", "id": "315613893", "properties": {"id": "315613893", "name": "Unnamed Road", "highway": "secondary", "lanes": null, "source": "OSM"}, "geometry": {"type": "LineString", "coordinates": [[72.8724053, 19.1016491], [72.8724627, 19.1018557], [72.8724128, 19.1028732], [72.8724591, 19.1030716], [72.8724995, 19.1031642], [72.8725607, 19.1032572], [72.8726417, 19.1033213], [72.8727147, 19.1033627], [72.8728424, 19.1034021], [72.8729931, 19.1034113], [72.8730848, 19.1034066], [72.8732452, 19.1033669], [72.8733834, 19.1033295]]}}, {"type": "Feature", "id": "315613894", "properties": {"id": "315613894", "name": "Unnamed Road", "highway": "primary", "lanes": null, "source": "OSM"}, "geometry": {"type": "LineString", "coordinates": [[72.8765191, 19.1008856], [72.8764271, 19.1007804], [72.8764142, 19.1007657], [72.8762878, 19.1006915], [72.8761304, 19.1006764], [72.8755903, 19.1006706], [72.8734048, 19.1006471], [72.8729649, 19.1006448], [72.8727704, 19.1006322], [72.8726913, 19.1006474], [72.8726041, 19.1006854], [72.8725304, 19.1007386], [72.8724727, 19.1008096], [72.8724097, 19.1009325]]}}, {"type": "Feature", "id": "315613895", "properties": {"id": "315613895", "name": "Unnamed Road", "highway": "primary_link", "lanes": null, "source": "OSM"}, "geometry": {"type": "LineString", "coordinates": [[72.8757191, 19.1011096], [72.8757986, 19.1010988], [72.8758799, 19.1011144], [72.8760193, 19.1011694], [72.8761183, 19.101216], [72.8761645, 19.1012402]]}}, {"type": "Feature", "id": "315613896", "properties": {"id": "315613896", "name": "Unnamed Road", "highway": "tertiary", "lanes": null, "source": "OSM"}, "geometry": {"type": "LineString", "coordinates": [[72.8785792, 19.1002493], [72.8774341, 19.1006655], [72.8773811, 19.1007339], [72.8773401, 19.1008454], [72.8772461, 19.1009274], [72.8768798, 19.1010618], [72.8767803, 19.1011163], [72.8767455, 19.1012126], [72.8767901, 19.10284], [72.8767911, 19.1028752], [72.8767638, 19.1030586]]}}, {"type": "Feature", "id": "315613900", "properties": {"id": "315613900", "name": "Unnamed Road", "highway": "secondary", "lanes": null, "source": "OSM"}, "geometry": {"type": "LineString", "coordinates": [[72.8744707, 19.1051088], [72.8744669, 19.105259], [72.8746466, 19.1058698], [72.8747499, 19.1061069], [72.8747968, 19.1062144], [72.8748731, 19.1063919], [72.8749155, 19.1064904], [72.8749658, 19.1066073], [72.875407, 19.1076259], [72.8754863, 19.1078229], [72.8756272, 19.108173], [72.8756638, 19.108264], [72.8759445, 19.1090059], [72.876062, 19.1093164]]}}, {"type": "Feature", "id": "315613901", "properties": {"id": "315613901", "name": "Unnamed Road", "highway": "secondary", "lanes": null, "source": "OSM"}, "geometry": {"type": "LineString", "coordinates": [[72.8744854, 19.10306], [72.8744841, 19.1032026], [72.8744744, 19.1034537]]}}, {"type": "Feature", "id": "315613903", "properties": {"id": "315613903", "name": "Unnamed Road", "highway": "secondary", "lanes": null, "source": "OSM"}, "geometry": {"type": "LineString", "coordinates": [[72.8745895, 19.1035177], [72.8746087, 19.103205], [72.8746114, 19.1030593]]}}, {"type": "Feature", "id": "315613905", "properties": {"id": "315613905", "name": "Unnamed Road", "highway": "secondary", "lanes": null, "source": "OSM"}, "geometry": {"type": "LineString", "coordinates": [[72.8662736, 19.1029403], [72.8681803, 19.1029938], [72.8693716, 19.1031189], [72.8702974, 19.1031958], [72.8706957, 19.1032137], [72.8707517, 19.1032142], [72.8712514, 19.1032305], [72.8716346, 19.103228], [72.8721563, 19.1032362], [72.8726242, 19.1031772], [72.8726337, 19.1031773]]}}, {"type": "Feature", "id": "315613909", "properties": {"id": "315613909", "name": "Unnamed Road", "highway": "secondary", "lanes": null, "source": "OSM"}, "geometry": {"type": "LineString", "coordinates": [[72.8741692, 19.1032973], [72.8742641, 19.1033327], [72.8744097, 19.1034808], [72.8744468, 19.1035843], [72.8744727, 19.1036922]]}}, {"type": "Feature", "id": "315613912", "properties": {"id": "315613912", "name": "Unnamed Road", "highway": "secondary", "lanes": null, "source": "OSM"}, "geometry": {"type": "LineString", "coordinates": [[72.8745895, 19.1035177], [72.8747124, 19.1033683], [72.8748269, 19.103291], [72.874899, 19.1032574], [72.875038, 19.1031928]]}}, {"type": "Feature", "id": "315613913", "properties": {"id": "315613913", "name": "Unnamed Road", "highway": "primary_link", "lanes": null, "source": "OSM"}, "geometry": {"type": "LineString", "coordinates": [[72.8746847, 19.1031276], [72.875179, 19.1029994], [72.8757048, 19.102969], [72.8760105, 19.1029209], [72.876142, 19.1028524], [72.876209, 19.1027662], [72.876268, 19.1026421], [72.8763131, 19.1019618]]}}, {"type": "Feature", "id": "315614620", "properties": {"id": "315614620", "name": "Lal Bahadur Shastri Marg", "highway": "primary", "lanes": null, "source": "OSM"}, "geometry": {"type": "LineString", "coordinates": [[72.8848207, 19.0844411], [72.8845116, 19.0843304]]}}, {"type": "Feature", "id": "315614622", "properties": {"id": "315614622", "name": "Lal Bahadur Shastri Marg", "highway": "primary", "lanes": null, "source": "OSM"}, "geometry": {"type": "LineString", "coordinates": [[72.9025709, 19.0874382], [72.9012152, 19.0871462], [72.9005635, 19.0870186], [72.9002048, 19.0869593], [72.8994933, 19.0868417], [72.898957, 19.0867531], [72.8979434, 19.0865665], [72.8968341, 19.0863516], [72.8963738, 19.0862625], [72.8963091, 19.0862432], [72.8954541, 19.0859837], [72.8945085, 19.0856977], [72.8935149, 19.0853446], [72.8925176, 19.0849903], [72.8922707, 19.0849016], [72.8918253, 19.0847415], [72.8909466, 19.0846231], [72.8904181, 19.0846428]]}}, {"type": "Feature", "id": "366911617", "properties": {"id": "366911617", "name": "Sant Shitolebaba Maharaj Marg", "highway": "primary", "lanes": null, "source": "OSM"}, "geometry": {"type": "LineString", "coordinates": [[72.8942572, 19.09672], [72.894221, 19.0967426], [72.893938, 19.0969249], [72.8936639, 19.0971013], [72.893319, 19.0973776], [72.8928466, 19.0978675], [72.8926794, 19.0981267], [72.8925935, 19.0982598], [72.892549, 19.0983288], [72.8922645, 19.0988374], [72.892061, 19.0992017], [72.8919818, 19.0993434], [72.8914897, 19.1002234], [72.8912214, 19.1006806], [72.8910757, 19.100859], [72.8907494, 19.1012584], [72.8904915, 19.1015067], [72.8901586, 19.1018134], [72.8899887, 19.1019454], [72.8899601, 19.1019677]]}}, {"type": "Feature", "id": "366911618", "properties": {"id": "366911618", "name": "Sant Shitolebaba Maharaj Marg", "highway": "primary", "lanes": null, "source": "OSM"}, "geometry": {"type": "LineString", "coordinates": [[72.8953983, 19.0959855], [72.8949073, 19.0962978], [72.8942572, 19.09672]]}}, {"type": "Feature", "id": "366912367", "properties": {"id": "366912367", "name": "Baji Pasalkar Marg (Saki Vihar Road)", "highway": "primary", "lanes": null, "source": "OSM"}, "geometry": {"type": "LineString", "coordinates": [[72.8878195, 19.1059034], [72.8878358, 19.1059364], [72.887847, 19.1059724], [72.8878795, 19.106077], [72.8879098, 19.1061746], [72.8879421, 19.1064692], [72.8879564, 19.1065749], [72.8879622, 19.1066612], [72.8879745, 19.1068431], [72.8879606, 19.1070528], [72.8879236, 19.1072603], [72.8878669, 19.1073981], [72.8877942, 19.1075749], [72.8876786, 19.107966], [72.8876277, 19.1081931], [72.8876161, 19.10844], [72.8876439, 19.1088529], [72.8877416, 19.1096127]]}}, {"type": "Feature", "id": "366912368", "properties": {"id": "366912368", "name": "Baji Pasalkar Marg (Saki Vihar Road)", "highway": "primary", "lanes": null, "source": "OSM"}, "geometry": {"type": "LineString", "coordinates": [[72.8878486, 19.1095982], [72.8878337, 19.1094902], [72.887788, 19.1092211], [72.8877812, 19.1091637], [72.8877517, 19.1088949], [72.8877444, 19.1088231], [72.8877144, 19.1085296], [72.8877078, 19.1084306], [72.8877134, 19.1083136], [72.887719, 19.1081979], [72.887756, 19.1079593], [72.8878759, 19.1076265], [72.8879627, 19.1074221], [72.8880474, 19.1072156], [72.8880659, 19.1069838], [72.8880591, 19.106691], [72.8880491, 19.1065565], [72.8880423, 19.1064651], [72.8880086, 19.1061898], [72.8879514, 19.1059734], [72.8879362, 19.1059344]]}}, {"type": "Feature", "id": "366912369", "properties": {"id": "366912369", "name": "Baji Pasalkar Marg (Saki Vihar Road)", "highway": "primary", "lanes": null, "source": "OSM"}, "geometry": {"type": "LineString", "coordinates": [[72.8884394, 19.1122985], [72.8884198, 19.1124908], [72.8883777, 19.112965], [72.8883912, 19.1131018], [72.8884417, 19.11328], [72.8886851, 19.1138544], [72.8888914, 19.1144591], [72.8889505, 19.1147853], [72.8889633, 19.1148563], [72.8890047, 19.1150848], [72.8890328, 19.1152849], [72.8890565, 19.1156068], [72.8890631, 19.1157145], [72.8890614, 19.1159993], [72.889066, 19.1160591], [72.8890813, 19.1162583], [72.889149, 19.1165514], [72.8891922, 19.1167766], [72.8892635, 19.1169747], [72.889533, 19.1174584], [72.8895765, 19.1175253], [72.889816, 19.1178287], [72.8898698, 19.1178991], [72.8899026, 19.1179664], [72.8899489, 19.1180614], [72.8900129, 19.1182635], [72.8900308, 19.1183364], [72.8901244, 19.1186302], [72.8902756, 19.1191275], [72.8903379, 19.1193089], [72.8904087, 19.1194786], [72.89044, 19.1195537], [72.8907332, 19.1202129], [72.8909307, 19.120674], [72.8910214, 19.1209923], [72.8912236, 19.1216796], [72.8912481, 19.1217516], [72.891275, 19.1218094], [72.8916434, 19.1223934], [72.891692, 19.1224715], [72.8917453, 19.1225449], [72.8919362, 19.1228412], [72.8924972, 19.1237166], [72.8928275, 19.1244814], [72.8929312, 19.1246966], [72.8930011, 19.124855], [72.8931199, 19.1251606]]}}, {"type": "Feature", "id": "366912372", "properties": {"id": "366912372", "name": "Mathuradas Vasanji Road (Andheri Kurla Road)", "highway": "primary", "lanes": null, "source": "OSM"}, "geometry": {"type": "LineString", "coordinates": [[72.8848714, 19.1061665], [72.8846541, 19.106411]]}}, {"type": "Feature", "id": "366912373", "properties": {"id": "366912373", "name": "Mathuradas Vasanji Road (Andheri Kurla Road)", "highway": "primary", "lanes": null, "source": "OSM"}, "geometry": {"type": "LineString", "coordinates": [[72.8848439, 19.1065338], [72.8850838, 19.1062461]]}}, {"type": "Feature", "id": "366912374", "properties": {"id": "366912374", "name": "Mathuradas Vasanji Road (Andheri Kurla Road)", "highway": "primary", "lanes": null, "source": "OSM"}, "geometry": {"type": "LineString", "coordinates": [[72.8669444, 19.1122866], [72.8676815, 19.1120922], [72.8682039, 19.1119544], [72.8683648, 19.111912], [72.8685915, 19.1118522], [72.8686323, 19.1118414], [72.8688478, 19.1117846], [72.8693514, 19.1116557], [72.8697214, 19.1115547], [72.8708146, 19.111264], [72.8713914, 19.1111069], [72.8716117, 19.1110495], [72.8718761, 19.1109807], [72.8727068, 19.1107571], [72.872968, 19.1106648], [72.8734686, 19.1104878], [72.8735682, 19.1104526], [72.8739051, 19.1103233], [72.8743289, 19.1101606], [72.8748321, 19.1099674], [72.8749271, 19.1099321], [72.8751046, 19.1098662], [72.8754086, 19.1097533], [72.8761312, 19.1094849]]}}, {"type": "Feature", "id": "366912375", "properties": {"id": "366912375", "name": "Mathuradas Vasanji Road (Andheri Kurla Road)", "highway": "primary", "lanes": null, "source": "OSM"}, "geometry": {"type": "LineString", "coordinates": [[72.8850838, 19.1062461], [72.8851642, 19.1061568], [72.8855257, 19.1057555], [72.8856524, 19.1056023], [72.8861585, 19.1049907], [72.886363, 19.1047436], [72.8868497, 19.104341]]}}, {"type": "Feature", "id": "366912378", "properties": {"id": "366912378", "name": "Sant Shitolebaba Maharaj Marg", "highway": "primary", "lanes": null, "source": "OSM"}, "geometry": {"type": "LineString", "coordinates": [[72.890063, 19.1020967], [72.8900901, 19.1020746], [72.8902638, 19.1019324], [72.89052, 19.1016876], [72.8907573, 19.101461], [72.8911301, 19.101058], [72.8912106, 19.1009512], [72.8913689, 19.1007412], [72.8921474, 19.0994222], [72.8926778, 19.0985234], [72.8929943, 19.0980343], [72.8930451, 19.0979749], [72.8932545, 19.0977301], [72.8936568, 19.0973347], [72.893874, 19.0971421], [72.8943113, 19.0968533], [72.8943446, 19.0968325]]}}, {"type": "Feature", "id": "369961209", "properties": {"id": "369961209", "name": "Unnamed Road", "highway": "tertiary", "lanes": null, "source": "OSM"}, "geometry": {"type": "LineString", "coordinates": [[72.8793285, 19.1008805], [72.8797481, 19.1009297]]}}, {"type": "Feature", "id": "370067588", "properties": {"id": "370067588", "name": "Sahar Elevated Road", "highway": "primary", "lanes": null, "source": "OSM"}, "geometry": {"type": "LineString", "coordinates": [[72.857024, 19.102097], [72.8565322, 19.102097], [72.8561793, 19.1020333], [72.8558092, 19.1018855], [72.8554178, 19.1016061], [72.8551471, 19.1012845]]}}, {"type": "Feature", "id": "370067589", "properties": {"id": "370067589", "name": "Sahar Elevated Road", "highway": "primary_link", "lanes": null, "source": "OSM"}, "geometry": {"type": "LineString", "coordinates": [[72.8544194, 19.1032485], [72.8546984, 19.102937], [72.8551581, 19.1026167], [72.8554582, 19.102471], [72.8559277, 19.1023754], [72.8566638, 19.1022706]]}}, {"type": "Feature", "id": "376349998", "properties": {"id": "376349998", "name": "Dr Charat Singh Colony Road", "highway": "tertiary", "lanes": null, "source": "OSM"}, "geometry": {"type": "LineString", "coordinates": [[72.8621018, 19.1142685], [72.862018, 19.1141096], [72.8619413, 19.1139225], [72.8619272, 19.1138458], [72.8619219, 19.1137257], [72.8619519, 19.1136773], [72.8620226, 19.1135889], [72.862079, 19.1134554], [72.8621267, 19.1133236], [72.8621479, 19.1132018], [72.8621373, 19.11305], [72.8621055, 19.1129933], [72.8620437, 19.1129516], [72.8620261, 19.1128832], [72.8620226, 19.1127581], [72.8621108, 19.112668], [72.862202, 19.112406], [72.8622409, 19.1122943], [72.8622673, 19.1122646]]}}, {"type": "Feature", "id": "376621411", "properties": {"id": "376621411", "name": "S.G. Barve Marg", "highway": "secondary", "lanes": null, "source": "OSM"}, "geometry": {"type": "LineString", "coordinates": [[72.8834352, 19.06202], [72.8833503, 19.0621117], [72.8832991, 19.062169], [72.8828361, 19.0627099], [72.8821146, 19.0634743], [72.8818914, 19.0637252], [72.8816482, 19.0639829], [72.8816116, 19.0640316], [72.8815455, 19.0641315], [72.8811204, 19.0646269], [72.8807789, 19.0650249], [72.8807541, 19.0650538]]}}, {"type": "Feature", "id": "376621412", "properties": {"id": "376621412", "name": "S G Barve Marg (C S T Road)", "highway": "secondary", "lanes": null, "source": "OSM"}, "geometry": {"type": "LineString", "coordinates": [[72.8844729, 19.0607458], [72.884397, 19.06084], [72.8843104, 19.0609475]]}}, {"type": "Feature", "id": "384525129", "properties": {"id": "384525129", "name": "G K Gokhale Flyover", "highway": "primary", "lanes": null, "source": "OSM"}, "geometry": {"type": "LineString", "coordinates": [[72.8496873, 19.1154079], [72.8501701, 19.1153268], [72.8505269, 19.1152356], [72.8509721, 19.1150531], [72.8513771, 19.1148579], [72.8517473, 19.1146324], [72.8529945, 19.1138214], [72.8531608, 19.1137251], [72.8535417, 19.1135578], [72.8539842, 19.1134362], [72.8540475, 19.1134187]]}}, {"type": "Feature", "id": "408596509", "properties": {"id": "408596509", "name": "Unnamed Road", "highway": "primary_link", "lanes": null, "source": "OSM"}, "geometry": {"type": "LineString", "coordinates": [[72.8725274, 19.1018437], [72.8724733, 19.1020458], [72.8724693, 19.1023512], [72.8724653, 19.1024678], [72.8724505, 19.1026009], [72.8723821, 19.1027669], [72.8723044, 19.1028353], [72.872122, 19.1029063], [72.8719677, 19.1029278], [72.8715653, 19.1029253]]}}, {"type": "Feature", "id": "408596523", "properties": {"id": "408596523", "name": "Unnamed Road", "highway": "tertiary", "lanes": null, "source": "OSM"}, "geometry": {"type": "LineString", "coordinates": [[72.8712274, 19.0994147], [72.8711421, 19.0995445]]}}, {"type": "Feature", "id": "408596528", "properties": {"id": "408596528", "name": "Unnamed Road", "highway": "primary_link", "lanes": null, "source": "OSM"}, "geometry": {"type": "LineString", "coordinates": [[72.8763131, 19.1019618], [72.8763225, 19.1014124], [72.8763056, 19.1013393], [72.8762575, 19.1012912], [72.8762224, 19.1012735], [72.8761645, 19.1012402]]}}, {"type": "Feature", "id": "408596531", "properties": {"id": "408596531", "name": "I A Project Road", "highway": "secondary", "lanes": null, "source": "OSM"}, "geometry": {"type": "LineString", "coordinates": [[72.8722321, 19.1029959], [72.8707493, 19.1029612], [72.8702852, 19.1029455], [72.8690683, 19.1028779], [72.8674178, 19.1028169], [72.8662246, 19.1027613], [72.863993, 19.1026852], [72.8635316, 19.102632], [72.863093, 19.1025407], [72.8627913, 19.1024558]]}}, {"type": "Feature", "id": "408596539", "properties": {"id": "408596539", "name": "Unnamed Road", "highway": "tertiary", "lanes": null, "source": "OSM"}, "geometry": {"type": "LineString", "coordinates": [[72.8711421, 19.0995445], [72.8710404, 19.0997467], [72.8709688, 19.0999633], [72.8709581, 19.0999955], [72.8708367, 19.100964], [72.8708291, 19.1011294], [72.8708246, 19.1012264], [72.8707953, 19.1018641], [72.8707804, 19.1021881], [72.8707674, 19.1024702], [72.8707493, 19.1029612], [72.8707517, 19.1032142]]}}, {"type": "Feature", "id": "427199176", "properties": {"id": "427199176", "name": "A H Wadia Marg", "highway": "tertiary", "lanes": null, "source": "OSM"}, "geometry": {"type": "LineString", "coordinates": [[72.8791224, 19.0741205], [72.879529, 19.0744267]]}}, {"type": "Feature", "id": "427199177", "properties": {"id": "427199177", "name": "S G Barve Marg", "highway": "tertiary", "lanes": null, "source": "OSM"}, "geometry": {"type": "LineString", "coordinates": [[72.8794655, 19.0665517], [72.8796262, 19.0663623], [72.8797824, 19.0661867]]}}, {"type": "Feature", "id": "427199178", "properties": {"id": "427199178", "name": "S.G. Barve Marg", "highway": "secondary", "lanes": null, "source": "OSM"}, "geometry": {"type": "LineString", "coordinates": [[72.8843002, 19.0609601], [72.8842034, 19.0610782], [72.8840496, 19.0612658], [72.8838235, 19.0615416], [72.883499, 19.0619414], [72.8834352, 19.06202]]}}, {"type": "Feature", "id": "433813655", "properties": {"id": "433813655", "name": "Dr Charat Singh Colony Road", "highway": "tertiary", "lanes": null, "source": "OSM"}, "geometry": {"type": "LineString", "coordinates": [[72.8622673, 19.1122646], [72.8622954, 19.1122491], [72.8623363, 19.1122304], [72.8623929, 19.1122168], [72.8624999, 19.112191], [72.862533, 19.1121804], [72.8625733, 19.1121581], [72.8625829, 19.1121399], [72.8625862, 19.1121263], [72.8625882, 19.112118], [72.8626052, 19.1116766], [72.8626096, 19.1115623], [72.8626287, 19.1110648], [72.8627024, 19.1109164]]}}, {"type": "Feature", "id": "433815348", "properties": {"id": "433815348", "name": "Velankanni Road", "highway": "tertiary", "lanes": null, "source": "OSM"}, "geometry": {"type": "LineString", "coordinates": [[72.8592575, 19.1076248], [72.8592601, 19.1077085], [72.8592778, 19.1079568], [72.8592563, 19.1083978], [72.859055, 19.1088084]]}}, {"type": "Feature", "id": "436222499", "properties": {"id": "436222499", "name": "Sahar Elevated Road", "highway": "primary", "lanes": "3", "source": "OSM"}, "geometry": {"type": "LineString", "coordinates": [[72.8727839, 19.103158], [72.8746847, 19.1031276], [72.8758066, 19.1031435], [72.8760236, 19.1031059], [72.8762201, 19.103021], [72.8763337, 19.1029278], [72.8764188, 19.1027835], [72.8764719, 19.102599], [72.8765001, 19.1022403], [72.8765191, 19.1008856]]}}, {"type": "Feature", "id": "436222500", "properties": {"id": "436222500", "name": "Sahar Elevated Road", "highway": "primary", "lanes": null, "source": "OSM"}, "geometry": {"type": "LineString", "coordinates": [[72.8724097, 19.1009325], [72.8724053, 19.1016491], [72.8723868, 19.1018677], [72.8723498, 19.1025521], [72.8723216, 19.1026973], [72.8722313, 19.1028297], [72.8721093, 19.1029829], [72.8720041, 19.103034], [72.8718757, 19.1030563], [72.8715485, 19.1030926], [72.8707001, 19.1030664], [72.8690778, 19.1029177], [72.8646011, 19.102742], [72.8639916, 19.1027156], [72.863351, 19.1026324], [72.8625533, 19.1024629], [72.8621028, 19.1023361]]}}, {"type": "Feature", "id": "436222502", "properties": {"id": "436222502", "name": "Unnamed Road", "highway": "primary_link", "lanes": null, "source": "OSM"}, "geometry": {"type": "LineString", "coordinates": [[72.8715653, 19.1029253], [72.870652, 19.102886], [72.8700378, 19.1028493], [72.8690778, 19.1029177]]}}, {"type": "Feature", "id": "436370619", "properties": {"id": "436370619", "name": "Air India Road", "highway": "secondary", "lanes": null, "source": "OSM"}, "geometry": {"type": "LineString", "coordinates": [[72.8587128, 19.0820038], [72.8587425, 19.0822557], [72.8587747, 19.0824205], [72.8588659, 19.0826436], [72.8590214, 19.0829351], [72.8591971, 19.0831733], [72.8593272, 19.0832887], [72.8595082, 19.0834395], [72.8596779, 19.0836131], [72.8597731, 19.0837538], [72.859814, 19.0838514], [72.8598087, 19.0839997], [72.8597139, 19.0846023]]}}, {"type": "Feature", "id": "436370620", "properties": {"id": "436370620", "name": "Air India Road", "highway": "secondary", "lanes": null, "source": "OSM"}, "geometry": {"type": "LineString", "coordinates": [[72.8596664, 19.0848494], [72.8596527, 19.084871], [72.859648, 19.0848957], [72.8596532, 19.0849204], [72.8596649, 19.0849388], [72.859682, 19.084953], [72.8597029, 19.0849614], [72.8597256, 19.0849632], [72.8597477, 19.0849583], [72.8597651, 19.0849488], [72.859779, 19.0849351], [72.8597884, 19.0849183], [72.8597926, 19.0848997], [72.8597912, 19.0848808], [72.8597843, 19.0848629], [72.8597725, 19.0848475], [72.859751, 19.084833], [72.8597288, 19.0848271], [72.8597058, 19.084828], [72.8596843, 19.0848357], [72.8596664, 19.0848494]]}}, {"type": "Feature", "id": "436370623", "properties": {"id": "436370623", "name": "Kalina Kurla Road", "highway": "secondary", "lanes": null, "source": "OSM"}, "geometry": {"type": "LineString", "coordinates": [[72.8766186, 19.0786152], [72.8758056, 19.0790026]]}}, {"type": "Feature", "id": "436370624", "properties": {"id": "436370624", "name": "Kalina Kurla Road", "highway": "secondary", "lanes": null, "source": "OSM"}, "geometry": {"type": "LineString", "coordinates": [[72.8756234, 19.0791357], [72.8748889, 19.0794784], [72.8747289, 19.0795531], [72.8744345, 19.0797167], [72.8704892, 19.0815865], [72.8703766, 19.0816474]]}}, {"type": "Feature", "id": "439865744", "properties": {"id": "439865744", "name": "Service road", "highway": "primary", "lanes": null, "source": "OSM"}, "geometry": {"type": "LineString", "coordinates": [[72.8524506, 19.0956559], [72.8525995, 19.0960784], [72.8526974, 19.0963175]]}}, {"type": "Feature", "id": "449237003", "properties": {"id": "449237003", "name": "Unnamed Road", "highway": "secondary", "lanes": null, "source": "OSM"}, "geometry": {"type": "LineString", "coordinates": [[72.8760454, 19.1089561], [72.8757465, 19.1082348], [72.8757106, 19.1081437], [72.8754754, 19.1075729], [72.8750164, 19.1065223], [72.874868, 19.1061825], [72.8748224, 19.1060781], [72.8747137, 19.1058292], [72.8746466, 19.1056442], [72.8745554, 19.1052742], [72.8745743, 19.1050769]]}}, {"type": "Feature", "id": "473614663", "properties": {"id": "473614663", "name": "Lal Bahadur Shastri Marg", "highway": "primary", "lanes": null, "source": "OSM"}, "geometry": {"type": "LineString", "coordinates": [[72.8904208, 19.084701], [72.8909395, 19.0847071], [72.8911916, 19.08471], [72.8914775, 19.084758], [72.8915918, 19.0847772], [72.8917408, 19.0848022], [72.8917896, 19.0848182], [72.8920345, 19.0848982], [72.892156, 19.0849379], [72.8922457, 19.0849668], [72.8924874, 19.0850479], [72.8929066, 19.0851979], [72.893492, 19.0854089], [72.8936664, 19.0854699], [72.8944852, 19.085763], [72.8946415, 19.0858238], [72.8949548, 19.0859188], [72.8951959, 19.0859919], [72.8954338, 19.086064], [72.8955473, 19.0860981], [72.8963581, 19.0863417], [72.8968108, 19.0864329], [72.8974377, 19.0865591], [72.8979415, 19.0866464], [72.8989476, 19.0868296], [72.8994722, 19.0869286], [72.8998017, 19.0869908], [72.9001851, 19.0870591], [72.9005621, 19.0871263], [72.9020964, 19.0874242], [72.9025598, 19.0875124], [72.9027269, 19.0875352], [72.9028957, 19.0875582], [72.903035, 19.0875772], [72.9031384, 19.0875946], [72.9034449, 19.0876461], [72.9041795, 19.0877976]]}}, {"type": "Feature", "id": "474211363", "properties": {"id": "474211363", "name": "Dr Karanjia Road", "highway": "tertiary", "lanes": null, "source": "OSM"}, "geometry": {"type": "LineString", "coordinates": [[72.8592575, 19.1076248], [72.8594792, 19.1077169], [72.8599963, 19.1077235], [72.8604802, 19.1077537], [72.8609769, 19.1077864], [72.8611532, 19.1077975], [72.8614194, 19.1078052], [72.8619725, 19.1078213], [72.8623761, 19.1078331], [72.8627552, 19.1078441], [72.8629494, 19.1078117], [72.8631965, 19.1077725], [72.8633578, 19.107747], [72.8634688, 19.1077131], [72.8635539, 19.1076871], [72.8636554, 19.1076745], [72.863737, 19.1076674], [72.863841, 19.1076536]]}}, {"type": "Feature", "id": "483179348", "properties": {"id": "483179348", "name": "Chandivali Farm Road", "highway": "tertiary", "lanes": null, "source": "OSM"}, "geometry": {"type": "LineString", "coordinates": [[72.8884394, 19.1122985], [72.8885317, 19.1123024]]}}, {"type": "Feature", "id": "527832360", "properties": {"id": "527832360", "name": "Unnamed Road", "highway": "primary", "lanes": "2", "source": "OSM"}, "geometry": {"type": "LineString", "coordinates": [[72.854142, 19.0993089], [72.8540212, 19.0988917]]}}, {"type": "Feature", "id": "542200603", "properties": {"id": "542200603", "name": "Sant Shitolebaba Maharaj Marg", "highway": "primary", "lanes": null, "source": "OSM"}, "geometry": {"type": "LineString", "coordinates": [[72.8943446, 19.0968325], [72.8949292, 19.0964573], [72.8954877, 19.0961007]]}}, {"type": "Feature", "id": "542236629", "properties": {"id": "542236629", "name": "Nathani Road", "highway": "tertiary", "lanes": null, "source": "OSM"}, "geometry": {"type": "LineString", "coordinates": [[72.8874091, 19.075244], [72.88817, 19.0758222], [72.8888695, 19.0763585], [72.8896088, 19.0769118], [72.8898075, 19.0770627], [72.8903021, 19.0774385], [72.8904194, 19.0775163]]}}, {"type": "Feature", "id": "553927063", "properties": {"id": "553927063", "name": "Santa Cruz \u2013 Chembur Link Road", "highway": "trunk", "lanes": "3", "source": "OSM"}, "geometry": {"type": "LineString", "coordinates": [[72.8801552, 19.0742913], [72.8798648, 19.074519], [72.8796214, 19.0746535]]}}, {"type": "Feature", "id": "554223403", "properties": {"id": "554223403", "name": "Unnamed Road", "highway": "primary_link", "lanes": null, "source": "OSM"}, "geometry": {"type": "LineString", "coordinates": [[72.8532954, 19.0969524], [72.853141, 19.0970001], [72.8529698, 19.097053]]}}, {"type": "Feature", "id": "554223404", "properties": {"id": "554223404", "name": "Nehru Road", "highway": "tertiary", "lanes": null, "source": "OSM"}, "geometry": {"type": "LineString", "coordinates": [[72.8527815, 19.0965425], [72.8531244, 19.0964588]]}}, {"type": "Feature", "id": "554223406", "properties": {"id": "554223406", "name": "Service road", "highway": "primary", "lanes": null, "source": "OSM"}, "geometry": {"type": "LineString", "coordinates": [[72.8527815, 19.0965425], [72.8529698, 19.097053]]}}, {"type": "Feature", "id": "554223407", "properties": {"id": "554223407", "name": "Service road", "highway": "primary", "lanes": null, "source": "OSM"}, "geometry": {"type": "LineString", "coordinates": [[72.8529698, 19.097053], [72.8531198, 19.0974709], [72.8535966, 19.0988918]]}}, {"type": "Feature", "id": "554223408", "properties": {"id": "554223408", "name": "Unnamed Road", "highway": "primary", "lanes": null, "source": "OSM"}, "geometry": {"type": "LineString", "coordinates": [[72.8532954, 19.0969524], [72.8531244, 19.0964588]]}}, {"type": "Feature", "id": "554223410", "properties": {"id": "554223410", "name": "Unnamed Road", "highway": "primary", "lanes": null, "source": "OSM"}, "geometry": {"type": "LineString", "coordinates": [[72.8527701, 19.0954195], [72.8526614, 19.0951187], [72.8524254, 19.0946852], [72.8523409, 19.0945557], [72.8520715, 19.0941392], [72.8516564, 19.0936658]]}}, {"type": "Feature", "id": "554234310", "properties": {"id": "554234310", "name": "Unnamed Road", "highway": "tertiary", "lanes": null, "source": "OSM"}, "geometry": {"type": "LineString", "coordinates": [[72.8637471, 19.1008504], [72.8652804, 19.101729], [72.865336, 19.1017474], [72.8653783, 19.1017182], [72.8654021, 19.1016726]]}}, {"type": "Feature", "id": "554898799", "properties": {"id": "554898799", "name": "Lal Bahadur Shastri Marg", "highway": "primary", "lanes": null, "source": "OSM"}, "geometry": {"type": "LineString", "coordinates": [[72.8804614, 19.080047], [72.8814219, 19.0812562], [72.8819951, 19.0823112], [72.8822255, 19.0827354], [72.8822761, 19.0828286], [72.8825229, 19.0832828], [72.8825766, 19.0834019], [72.8825847, 19.0834118]]}}, {"type": "Feature", "id": "554898805", "properties": {"id": "554898805", "name": "Pipeline Road", "highway": "tertiary", "lanes": null, "source": "OSM"}, "geometry": {"type": "LineString", "coordinates": [[72.8853949, 19.0935321], [72.8853908, 19.0934508], [72.8853813, 19.0933889], [72.885367, 19.0933359], [72.8853009, 19.0930997], [72.8852512, 19.0928564], [72.8852116, 19.0926624], [72.8851615, 19.0924173], [72.8850269, 19.0917549], [72.8849169, 19.0913504], [72.8848572, 19.0910766], [72.8848209, 19.090909], [72.8848096, 19.090856], [72.884748, 19.0905664], [72.8847053, 19.0903374], [72.8845613, 19.0896898], [72.8844894, 19.0893609], [72.8844133, 19.0889852], [72.8843665, 19.0887678], [72.8842694, 19.0883306], [72.8841875, 19.0879092], [72.8841246, 19.0875854], [72.8840488, 19.0871955], [72.8838692, 19.0863773], [72.8837361, 19.0856858], [72.8837084, 19.0855421], [72.8836744, 19.0854647]]}}, {"type": "Feature", "id": "569614987", "properties": {"id": "569614987", "name": "Air Port Road", "highway": "tertiary", "lanes": null, "source": "OSM"}, "geometry": {"type": "LineString", "coordinates": [[72.852821, 19.0955298], [72.8539976, 19.0949118], [72.8540783, 19.0948698], [72.8545903, 19.0946125], [72.854676, 19.0945728], [72.8548129, 19.0945597], [72.8548803, 19.0945665], [72.8552169, 19.0946006], [72.8554721, 19.0946112], [72.8556045, 19.0946167], [72.8556833, 19.0946199], [72.8558012, 19.0946247], [72.855946, 19.094608], [72.8562407, 19.0944305], [72.8562661, 19.0943561], [72.8559682, 19.0938518], [72.8559295, 19.0937862], [72.8556491, 19.0933116], [72.8555805, 19.0932756], [72.8554561, 19.0933067], [72.8549504, 19.0935586], [72.8549041, 19.0936308], [72.8548802, 19.093688], [72.8547353, 19.0942222], [72.8547195, 19.0942484], [72.8546518, 19.0943602], [72.854581, 19.0944224], [72.8545456, 19.094452], [72.8540688, 19.0947167], [72.8539215, 19.0947866], [72.8538958, 19.0948056], [72.8536319, 19.0949404], [72.8527701, 19.0954195]]}}, {"type": "Feature", "id": "570227374", "properties": {"id": "570227374", "name": "Masrani Lane", "highway": "tertiary", "lanes": null, "source": "OSM"}, "geometry": {"type": "LineString", "coordinates": [[72.8800151, 19.0759669], [72.8803178, 19.0760629], [72.8808534, 19.0760924], [72.8814101, 19.0761231], [72.8816826, 19.0761381], [72.8821058, 19.0761728], [72.8825456, 19.0762088]]}}, {"type": "Feature", "id": "570936331", "properties": {"id": "570936331", "name": "M C Chagla Road", "highway": "tertiary", "lanes": null, "source": "OSM"}, "geometry": {"type": "LineString", "coordinates": [[72.8589079, 19.1047014], [72.8589345, 19.1047983], [72.8589738, 19.1048936], [72.8589812, 19.104944], [72.8589792, 19.1050135], [72.8589707, 19.1050768], [72.8589388, 19.1052497], [72.8589184, 19.1053238], [72.8588984, 19.1053973], [72.8588767, 19.1054771], [72.8588632, 19.1055277], [72.858823, 19.1056782], [72.858809, 19.1057512], [72.858798, 19.1058186], [72.8587955, 19.1058867], [72.8587952, 19.105894], [72.8588033, 19.1059615], [72.8588218, 19.1060328], [72.8588362, 19.1060685], [72.8589957, 19.1064645], [72.859024, 19.1065614], [72.8590414, 19.1066588], [72.8592061, 19.1071011]]}}, {"type": "Feature", "id": "570936332", "properties": {"id": "570936332", "name": "V K Krishna Marg", "highway": "secondary", "lanes": null, "source": "OSM"}, "geometry": {"type": "LineString", "coordinates": [[72.8539593, 19.1092356], [72.8542679, 19.1091406]]}}, {"type": "Feature", "id": "570946690", "properties": {"id": "570946690", "name": "N S Phadke Marg", "highway": "tertiary", "lanes": null, "source": "OSM"}, "geometry": {"type": "LineString", "coordinates": [[72.854105, 19.1133223], [72.8539523, 19.1132846], [72.8535497, 19.113383], [72.8531957, 19.1135224], [72.8529312, 19.1136424], [72.8526272, 19.113846], [72.8525829, 19.1138719], [72.8523012, 19.1140637], [72.8522328, 19.1141103], [72.8521047, 19.1141868], [72.8517151, 19.1144372], [72.850956, 19.1148579], [72.8507414, 19.1149593], [72.8506207, 19.1150038], [72.8504249, 19.1150759], [72.850205, 19.1151393], [72.8499038, 19.1151931], [72.849842, 19.1152042], [72.8497088, 19.115228], [72.8493359, 19.1152403], [72.8492925, 19.1152417], [72.8489669, 19.1152379], [72.8488812, 19.1152287], [72.848424, 19.1151798]]}}, {"type": "Feature", "id": "570946691", "properties": {"id": "570946691", "name": "N S Phadke Marg", "highway": "tertiary", "lanes": null, "source": "OSM"}, "geometry": {"type": "LineString", "coordinates": [[72.8474987, 19.1156626], [72.8479332, 19.1155498], [72.8481692, 19.1154915], [72.8483704, 19.1154662], [72.8485778, 19.1154499], [72.8487862, 19.1154622], [72.8494132, 19.1154674], [72.8496927, 19.1154519], [72.8502184, 19.1153724], [72.8503311, 19.1153554], [72.8505144, 19.1152917], [72.8508544, 19.1151587], [72.8510145, 19.1150913], [72.851471, 19.1148681], [72.8516721, 19.1147413], [72.8522703, 19.1143641], [72.8528577, 19.1139937], [72.8530508, 19.1138569], [72.8531324, 19.1138102], [72.8535739, 19.1136237], [72.8536483, 19.113607], [72.8539789, 19.1135329], [72.8542283, 19.1133937]]}}, {"type": "Feature", "id": "570946696", "properties": {"id": "570946696", "name": "Sahar Road", "highway": "secondary", "lanes": null, "source": "OSM"}, "geometry": {"type": "LineString", "coordinates": [[72.8503287, 19.1111844], [72.8513399, 19.1104239], [72.8515616, 19.1102621], [72.8520799, 19.1098906], [72.8521405, 19.1098581]]}}, {"type": "Feature", "id": "570946697", "properties": {"id": "570946697", "name": "Unnamed Road", "highway": "primary_link", "lanes": "1", "source": "OSM"}, "geometry": {"type": "LineString", "coordinates": [[72.8543197, 19.1126854], [72.8542977, 19.1128178], [72.8542677, 19.1130618], [72.854241, 19.1131459], [72.8541967, 19.1132938]]}}, {"type": "Feature", "id": "611811717", "properties": {"id": "611811717", "name": "C S T Kurla Junction Flyover", "highway": "trunk", "lanes": "3", "source": "OSM"}, "geometry": {"type": "LineString", "coordinates": [[72.8900686, 19.0589391], [72.8901831, 19.0590868]]}}, {"type": "Feature", "id": "611811718", "properties": {"id": "611811718", "name": "Vasantarao Naik Marg", "highway": "tertiary", "lanes": null, "source": "OSM"}, "geometry": {"type": "LineString", "coordinates": [[72.8835112, 19.0562191], [72.8832404, 19.0559693], [72.8829643, 19.0556604], [72.882831, 19.0555079], [72.8826367, 19.0551914], [72.8825561, 19.0550983], [72.8821421, 19.054801], [72.8816256, 19.0544583], [72.8814201, 19.0542901], [72.8813404, 19.0542077], [72.8812571, 19.0541019], [72.8811898, 19.0539632], [72.8811638, 19.053897], [72.881101, 19.0537558]]}}, {"type": "Feature", "id": "618038082", "properties": {"id": "618038082", "name": "BKC Connector", "highway": "secondary", "lanes": "2", "source": "OSM"}, "geometry": {"type": "LineString", "coordinates": [[72.8734572, 19.050191], [72.8717824, 19.0495818], [72.8715481, 19.0495398], [72.8713198, 19.0495437], [72.8711304, 19.0496123], [72.870957, 19.0496986], [72.8667582, 19.0527588], [72.8663224, 19.0531266], [72.8661613, 19.0532508], [72.8659741, 19.0534487], [72.8658292, 19.0536693], [72.8649328, 19.0557468], [72.8648268, 19.0559952], [72.8647169, 19.0563186], [72.8646692, 19.0565593], [72.8645763, 19.0576205]]}}, {"type": "Feature", "id": "618748715", "properties": {"id": "618748715", "name": "Eastern Express Highway", "highway": "trunk", "lanes": "4", "source": "OSM"}, "geometry": {"type": "LineString", "coordinates": [[72.8919728, 19.0603577], [72.8925618, 19.0607752], [72.8930527, 19.0611185], [72.8943077, 19.061996], [72.8950226, 19.0624919], [72.8951653, 19.0625965]]}}, {"type": "Feature", "id": "618748719", "properties": {"id": "618748719", "name": "C S T Kurla Junction Flyover", "highway": "trunk", "lanes": "3", "source": "OSM"}, "geometry": {"type": "LineString", "coordinates": [[72.8903137, 19.058952], [72.890141, 19.058866]]}}, {"type": "Feature", "id": "642209610", "properties": {"id": "642209610", "name": "Vidya Nagari Marg", "highway": "secondary", "lanes": null, "source": "OSM"}, "geometry": {"type": "LineString", "coordinates": [[72.8604745, 19.0744731], [72.8605221, 19.074641], [72.8605496, 19.0747101], [72.8605698, 19.0747475]]}}, {"type": "Feature", "id": "642209614", "properties": {"id": "642209614", "name": "Unnamed Road", "highway": "secondary", "lanes": "3", "source": "OSM"}, "geometry": {"type": "LineString", "coordinates": [[72.8710305, 19.074335], [72.8711497, 19.0738544], [72.8712908, 19.0734201], [72.871536, 19.0726649], [72.8715946, 19.0725279], [72.8717834, 19.0722141], [72.8718722, 19.0720681], [72.8719166, 19.0719653]]}}, {"type": "Feature", "id": "642209633", "properties": {"id": "642209633", "name": "Santa Cruz \u2013 Chembur Link Road", "highway": "trunk_link", "lanes": "2", "source": "OSM"}, "geometry": {"type": "LineString", "coordinates": [[72.8930107, 19.0653521], [72.8917543, 19.0656969]]}}, {"type": "Feature", "id": "642209636", "properties": {"id": "642209636", "name": "Santa Cruz \u2013 Chembur Link Road", "highway": "trunk_link", "lanes": "2", "source": "OSM"}, "geometry": {"type": "LineString", "coordinates": [[72.8930767, 19.065587], [72.8933438, 19.06548]]}}, {"type": "Feature", "id": "652574426", "properties": {"id": "652574426", "name": "Unnamed Road", "highway": "tertiary_link", "lanes": null, "source": "OSM"}, "geometry": {"type": "LineString", "coordinates": [[72.8666577, 19.0596247], [72.866555, 19.059672]]}}, {"type": "Feature", "id": "654611348", "properties": {"id": "654611348", "name": "Unnamed Road", "highway": "secondary", "lanes": null, "source": "OSM"}, "geometry": {"type": "LineString", "coordinates": [[72.8761277, 19.1030549], [72.8758201, 19.1030603], [72.8746114, 19.1030593], [72.8744854, 19.10306], [72.874445, 19.1030601], [72.8740159, 19.1030609], [72.8737841, 19.103059], [72.8730048, 19.1030322], [72.8725654, 19.1030143], [72.8722321, 19.1029959]]}}, {"type": "Feature", "id": "685882570", "properties": {"id": "685882570", "name": "Unnamed Road", "highway": "tertiary_link", "lanes": null, "source": "OSM"}, "geometry": {"type": "LineString", "coordinates": [[72.8541274, 19.0673731], [72.8541734, 19.0674304]]}}, {"type": "Feature", "id": "685927363", "properties": {"id": "685927363", "name": "Unnamed Road", "highway": "secondary", "lanes": null, "source": "OSM"}, "geometry": {"type": "LineString", "coordinates": [[72.8500667, 19.1112802], [72.8501157, 19.1113453]]}}, {"type": "Feature", "id": "685930374", "properties": {"id": "685930374", "name": "Unnamed Road", "highway": "tertiary", "lanes": null, "source": "OSM"}, "geometry": {"type": "LineString", "coordinates": [[72.8513361, 19.0604934], [72.8512644, 19.0605055], [72.8512099, 19.0605122], [72.8510254, 19.0605104], [72.8505064, 19.0605053], [72.8500625, 19.060501], [72.8500193, 19.0604965], [72.8499548, 19.0604898], [72.8498944, 19.0604742], [72.8497336, 19.0604095]]}}, {"type": "Feature", "id": "685932367", "properties": {"id": "685932367", "name": "Cardinal Gracias Road", "highway": "tertiary", "lanes": null, "source": "OSM"}, "geometry": {"type": "LineString", "coordinates": [[72.8586638, 19.111978], [72.8586643, 19.1118946]]}}, {"type": "Feature", "id": "685948841", "properties": {"id": "685948841", "name": "Unnamed Road", "highway": "secondary_link", "lanes": null, "source": "OSM"}, "geometry": {"type": "LineString", "coordinates": [[72.8620654, 19.0587156], [72.8619937, 19.0586522], [72.8619504, 19.0585889], [72.8618941, 19.0584089], [72.8619167, 19.0583137]]}}, {"type": "Feature", "id": "686000445", "properties": {"id": "686000445", "name": "Unnamed Road", "highway": "primary_link", "lanes": null, "source": "OSM"}, "geometry": {"type": "LineString", "coordinates": [[72.8752569, 19.0700834], [72.8753865, 19.070063]]}}, {"type": "Feature", "id": "686081961", "properties": {"id": "686081961", "name": "Unnamed Road", "highway": "primary_link", "lanes": null, "source": "OSM"}, "geometry": {"type": "LineString", "coordinates": [[72.8712283, 19.0583273], [72.8711541, 19.0583706]]}}, {"type": "Feature", "id": "686085633", "properties": {"id": "686085633", "name": "Unnamed Road", "highway": "primary_link", "lanes": null, "source": "OSM"}, "geometry": {"type": "LineString", "coordinates": [[72.8751322, 19.0691588], [72.8752191, 19.0691511]]}}, {"type": "Feature", "id": "686101421", "properties": {"id": "686101421", "name": "Unnamed Road", "highway": "primary_link", "lanes": null, "source": "OSM"}, "geometry": {"type": "LineString", "coordinates": [[72.8721025, 19.0714596], [72.8721803, 19.0713886], [72.8722651, 19.0713114], [72.8723386, 19.0712682], [72.8724405, 19.0712378], [72.8725951, 19.071196]]}}, {"type": "Feature", "id": "686127175", "properties": {"id": "686127175", "name": "Unnamed Road", "highway": "tertiary", "lanes": null, "source": "OSM"}, "geometry": {"type": "LineString", "coordinates": [[72.880484, 19.0740375], [72.8804305, 19.0739799], [72.8803737, 19.0739132], [72.8803274, 19.0738444], [72.8803048, 19.0738108], [72.8802672, 19.0737686]]}}, {"type": "Feature", "id": "691835869", "properties": {"id": "691835869", "name": "Unnamed Road", "highway": "primary_link", "lanes": null, "source": "OSM"}, "geometry": {"type": "LineString", "coordinates": [[72.8688478, 19.1117846], [72.8688004, 19.1116253]]}}, {"type": "Feature", "id": "691876411", "properties": {"id": "691876411", "name": "Unnamed Road", "highway": "primary_link", "lanes": null, "source": "OSM"}, "geometry": {"type": "LineString", "coordinates": [[72.8692675, 19.0554808], [72.8691119, 19.0554453]]}}, {"type": "Feature", "id": "691944419", "properties": {"id": "691944419", "name": "Unnamed Road", "highway": "primary_link", "lanes": null, "source": "OSM"}, "geometry": {"type": "LineString", "coordinates": [[72.8699542, 19.0567165], [72.8700397, 19.0566657]]}}, {"type": "Feature", "id": "691946445", "properties": {"id": "691946445", "name": "Unnamed Road", "highway": "primary_link", "lanes": null, "source": "OSM"}, "geometry": {"type": "LineString", "coordinates": [[72.8707791, 19.0578498], [72.8708521, 19.0578013]]}}, {"type": "Feature", "id": "691946446", "properties": {"id": "691946446", "name": "Unnamed Road", "highway": "primary_link", "lanes": null, "source": "OSM"}, "geometry": {"type": "LineString", "coordinates": [[72.8705149, 19.0574868], [72.8705958, 19.0574431]]}}, {"type": "Feature", "id": "691948326", "properties": {"id": "691948326", "name": "Unnamed Road", "highway": "primary_link", "lanes": null, "source": "OSM"}, "geometry": {"type": "LineString", "coordinates": [[72.8723376, 19.0600242], [72.872415, 19.0599909]]}}, {"type": "Feature", "id": "692171542", "properties": {"id": "692171542", "name": "Unnamed Road", "highway": "primary_link", "lanes": null, "source": "OSM"}, "geometry": {"type": "LineString", "coordinates": [[72.8767259, 19.0750587], [72.8766583, 19.0751095]]}}, {"type": "Feature", "id": "692175149", "properties": {"id": "692175149", "name": "Unnamed Road", "highway": "tertiary", "lanes": null, "source": "OSM"}, "geometry": {"type": "LineString", "coordinates": [[72.8802945, 19.0791837], [72.880066, 19.0793133]]}}, {"type": "Feature", "id": "697688234", "properties": {"id": "697688234", "name": "Unnamed Road", "highway": "secondary", "lanes": null, "source": "OSM"}, "geometry": {"type": "LineString", "coordinates": [[72.8742335, 19.1031997], [72.8743355, 19.1032478], [72.8743978, 19.1033087], [72.8744388, 19.1033663], [72.8744744, 19.1034537]]}}, {"type": "Feature", "id": "697703149", "properties": {"id": "697703149", "name": "Unnamed Road", "highway": "secondary", "lanes": null, "source": "OSM"}, "geometry": {"type": "LineString", "coordinates": [[72.8628972, 19.1026788], [72.8633049, 19.1027574], [72.8637703, 19.1028271], [72.8642088, 19.1028689], [72.8652978, 19.1029132], [72.8661603, 19.1029403], [72.8662736, 19.1029403]]}}, {"type": "Feature", "id": "697703150", "properties": {"id": "697703150", "name": "I A Project Road", "highway": "tertiary", "lanes": null, "source": "OSM"}, "geometry": {"type": "LineString", "coordinates": [[72.8654021, 19.1016726], [72.8653458, 19.1015993], [72.8644023, 19.1010422], [72.8640043, 19.1008241], [72.8638219, 19.1007242]]}}, {"type": "Feature", "id": "697740275", "properties": {"id": "697740275", "name": "Unnamed Road", "highway": "primary_link", "lanes": null, "source": "OSM"}, "geometry": {"type": "LineString", "coordinates": [[72.8618647, 19.0651609], [72.8618934, 19.0652405], [72.8618999, 19.0653032], [72.8619021, 19.0653248], [72.8618884, 19.0654516]]}}, {"type": "Feature", "id": "697749616", "properties": {"id": "697749616", "name": "Unnamed Road", "highway": "primary_link", "lanes": null, "source": "OSM"}, "geometry": {"type": "LineString", "coordinates": [[72.8724298, 19.0707597], [72.8724432, 19.0708917], [72.8724579, 19.0709348], [72.8724861, 19.0709754], [72.8725921, 19.0710344]]}}, {"type": "Feature", "id": "697749617", "properties": {"id": "697749617", "name": "Unnamed Road", "highway": "primary_link", "lanes": null, "source": "OSM"}, "geometry": {"type": "LineString", "coordinates": [[72.872317, 19.070729], [72.8721817, 19.0708385], [72.8721314, 19.0708746], [72.8720871, 19.0709012], [72.871974, 19.0709401]]}}, {"type": "Feature", "id": "697749618", "properties": {"id": "697749618", "name": "Unnamed Road", "highway": "primary_link", "lanes": null, "source": "OSM"}, "geometry": {"type": "LineString", "coordinates": [[72.8717995, 19.0710692], [72.8719094, 19.0711174], [72.8719953, 19.0711769], [72.8720207, 19.07122], [72.8720301, 19.0712783], [72.8720389, 19.0713635]]}}, {"type": "Feature", "id": "699635484", "properties": {"id": "699635484", "name": "Unnamed Road", "highway": "primary_link", "lanes": null, "source": "OSM"}, "geometry": {"type": "LineString", "coordinates": [[72.8886851, 19.1138544], [72.888789, 19.1138191]]}}, {"type": "Feature", "id": "700035799", "properties": {"id": "700035799", "name": "Unnamed Road", "highway": "tertiary", "lanes": null, "source": "OSM"}, "geometry": {"type": "LineString", "coordinates": [[72.8929502, 19.0612464], [72.893406, 19.0615451], [72.8937777, 19.0618097], [72.8949164, 19.0626203], [72.8966448, 19.0638507]]}}, {"type": "Feature", "id": "700035800", "properties": {"id": "700035800", "name": "Unnamed Road", "highway": "tertiary", "lanes": null, "source": "OSM"}, "geometry": {"type": "LineString", "coordinates": [[72.8958332, 19.0627241], [72.8941432, 19.0615112], [72.894064, 19.061457], [72.8932787, 19.0609082], [72.8932619, 19.0608961], [72.8921418, 19.0600898]]}}, {"type": "Feature", "id": "700035801", "properties": {"id": "700035801", "name": "Unnamed Road", "highway": "trunk_link", "lanes": null, "source": "OSM"}, "geometry": {"type": "LineString", "coordinates": [[72.892888, 19.0608186], [72.8928333, 19.0606906], [72.8926215, 19.0605106], [72.8921009, 19.0601427], [72.8918007, 19.0599199], [72.8916036, 19.0597767], [72.8913675, 19.0596474], [72.8911991, 19.059596]]}}, {"type": "Feature", "id": "700329163", "properties": {"id": "700329163", "name": "Unnamed Road", "highway": "primary_link", "lanes": null, "source": "OSM"}, "geometry": {"type": "LineString", "coordinates": [[72.8917896, 19.0848182], [72.8918253, 19.0847415]]}}, {"type": "Feature", "id": "702672674", "properties": {"id": "702672674", "name": "Unnamed Road", "highway": "tertiary", "lanes": null, "source": "OSM"}, "geometry": {"type": "LineString", "coordinates": [[72.8520836, 19.1097787], [72.8521405, 19.1098581]]}}, {"type": "Feature", "id": "715173427", "properties": {"id": "715173427", "name": "Subhash Road", "highway": "tertiary", "lanes": null, "source": "OSM"}, "geometry": {"type": "LineString", "coordinates": [[72.8521596, 19.105723], [72.8521149, 19.1058109], [72.8519751, 19.1058674], [72.8518031, 19.1059253], [72.8518003, 19.1060491], [72.8519044, 19.1067681], [72.852002, 19.1075217], [72.8520687, 19.1079363], [72.8520838, 19.1082053], [72.8520862, 19.1082485], [72.8521098, 19.1086625], [72.8521158, 19.1087771], [72.8521196, 19.1094613], [72.8521198, 19.1095063], [72.8520836, 19.1097787]]}}, {"type": "Feature", "id": "723986550", "properties": {"id": "723986550", "name": "Cardinal Gracias Road", "highway": "tertiary", "lanes": null, "source": "OSM"}, "geometry": {"type": "LineString", "coordinates": [[72.8593649, 19.1148492], [72.8592761, 19.1143919], [72.8592693, 19.1143457], [72.8592429, 19.1142225], [72.8592125, 19.1140674], [72.859208, 19.1140442], [72.8591408, 19.1137011], [72.858941, 19.1131904], [72.8588793, 19.1130231], [72.8588519, 19.1128956], [72.858839, 19.1128355], [72.8587996, 19.1126445], [72.8587819, 19.1125585], [72.8586712, 19.1120219], [72.8586638, 19.111978]]}}, {"type": "Feature", "id": "723986552", "properties": {"id": "723986552", "name": "Mathuradas Vasanji Road", "highway": "secondary", "lanes": null, "source": "OSM"}, "geometry": {"type": "LineString", "coordinates": [[72.8603628, 19.1148851], [72.860479, 19.1148665], [72.8607373, 19.1148041], [72.8609957, 19.1147363], [72.8613258, 19.1146116], [72.8613709, 19.1145933], [72.8613894, 19.1145858], [72.8617879, 19.1144244], [72.8621018, 19.1142685], [72.8621812, 19.1142291], [72.8622818, 19.114173], [72.8630504, 19.1137443], [72.8631973, 19.1136623], [72.8636947, 19.1133861], [72.8637867, 19.113335], [72.8643284, 19.1130446], [72.8643398, 19.1130385], [72.8645106, 19.1129671], [72.8646125, 19.1129245], [72.8649799, 19.1128133], [72.865185, 19.1127583], [72.8652527, 19.1127402], [72.8654832, 19.1126783], [72.8663692, 19.1124408], [72.8668707, 19.1123064]]}}, {"type": "Feature", "id": "741800288", "properties": {"id": "741800288", "name": "Jagat Vidya Marg", "highway": "tertiary", "lanes": null, "source": "OSM"}, "geometry": {"type": "LineString", "coordinates": [[72.8523967, 19.0601063], [72.8526065, 19.0600271], [72.8528631, 19.0598888], [72.8531886, 19.0596986], [72.8533381, 19.0596111], [72.8535821, 19.0594683]]}}, {"type": "Feature", "id": "745955256", "properties": {"id": "745955256", "name": "Vidya Nagari Marg", "highway": "secondary", "lanes": null, "source": "OSM"}, "geometry": {"type": "LineString", "coordinates": [[72.8625431, 19.0778032], [72.862461, 19.0776822], [72.8624153, 19.0776011], [72.8623542, 19.0775041]]}}, {"type": "Feature", "id": "746615682", "properties": {"id": "746615682", "name": "BKC Connector", "highway": "secondary", "lanes": "2", "source": "OSM"}, "geometry": {"type": "LineString", "coordinates": [[72.8646716, 19.057634], [72.8647761, 19.0565793], [72.864821, 19.0563236], [72.8648535, 19.0562292], [72.8649253, 19.0560207], [72.8650263, 19.0557835], [72.865917, 19.0537051], [72.8660409, 19.0535069], [72.86623, 19.0532965], [72.8663372, 19.0532081], [72.8668068, 19.052821], [72.8710041, 19.0497683], [72.8711625, 19.0496861], [72.871337, 19.0496217], [72.8715388, 19.049619], [72.8717528, 19.0496536], [72.8734277, 19.0502644]]}}, {"type": "Feature", "id": "749341287", "properties": {"id": "749341287", "name": "Kale Marg", "highway": "secondary", "lanes": null, "source": "OSM"}, "geometry": {"type": "LineString", "coordinates": [[72.8860826, 19.0850005], [72.8861203, 19.0849504]]}}, {"type": "Feature", "id": "749341288", "properties": {"id": "749341288", "name": "Kale Marg", "highway": "secondary", "lanes": null, "source": "OSM"}, "geometry": {"type": "LineString", "coordinates": [[72.8808543, 19.0856151], [72.8821642, 19.0855013], [72.8822118, 19.0854968], [72.8823878, 19.085484], [72.8830621, 19.0854351], [72.883665, 19.0853784], [72.8844486, 19.0852814], [72.8849135, 19.085197], [72.885121, 19.0851678], [72.885895, 19.0850725], [72.8860826, 19.0850005]]}}, {"type": "Feature", "id": "759802693", "properties": {"id": "759802693", "name": "Unnamed Road", "highway": "primary_link", "lanes": null, "source": "OSM"}, "geometry": {"type": "LineString", "coordinates": [[72.8921474, 19.0994222], [72.8919818, 19.0993434]]}}, {"type": "Feature", "id": "787856690", "properties": {"id": "787856690", "name": "Air India Road", "highway": "secondary", "lanes": null, "source": "OSM"}, "geometry": {"type": "LineString", "coordinates": [[72.859751, 19.084833], [72.8597139, 19.0846023]]}}, {"type": "Feature", "id": "787856691", "properties": {"id": "787856691", "name": "Air India Road", "highway": "secondary", "lanes": null, "source": "OSM"}, "geometry": {"type": "LineString", "coordinates": [[72.8597139, 19.0846023], [72.8596664, 19.0848494]]}}, {"type": "Feature", "id": "787856692", "properties": {"id": "787856692", "name": "Air India Road", "highway": "secondary", "lanes": null, "source": "OSM"}, "geometry": {"type": "LineString", "coordinates": [[72.8599596, 19.0849445], [72.8598518, 19.0848906], [72.8597725, 19.0848475]]}}, {"type": "Feature", "id": "787856693", "properties": {"id": "787856693", "name": "Air India Road", "highway": "secondary", "lanes": null, "source": "OSM"}, "geometry": {"type": "LineString", "coordinates": [[72.8597477, 19.0849583], [72.8598156, 19.0849536], [72.8599596, 19.0849445]]}}, {"type": "Feature", "id": "789340523", "properties": {"id": "789340523", "name": "Mother Dairy Road", "highway": "secondary", "lanes": null, "source": "OSM"}, "geometry": {"type": "LineString", "coordinates": [[72.8848535, 19.0631258], [72.8849425, 19.0631923]]}}, {"type": "Feature", "id": "789340524", "properties": {"id": "789340524", "name": "Mother Dairy Road", "highway": "secondary", "lanes": null, "source": "OSM"}, "geometry": {"type": "LineString", "coordinates": [[72.8849425, 19.0631923], [72.8849751, 19.0632179], [72.8850379, 19.0632674], [72.8850814, 19.0633022], [72.8852067, 19.0634108], [72.885327, 19.0635119], [72.8855441, 19.063699], [72.8855894, 19.0637392], [72.8858812, 19.0639978], [72.885956, 19.0640711]]}}, {"type": "Feature", "id": "789757041", "properties": {"id": "789757041", "name": "Kohinoor City Road", "highway": "tertiary", "lanes": null, "source": "OSM"}, "geometry": {"type": "LineString", "coordinates": [[72.8855989, 19.0737756], [72.8857126, 19.0738682]]}}, {"type": "Feature", "id": "789757042", "properties": {"id": "789757042", "name": "Kohinoor City Road", "highway": "tertiary", "lanes": null, "source": "OSM"}, "geometry": {"type": "LineString", "coordinates": [[72.8857126, 19.0738682], [72.8861068, 19.0741877], [72.8867821, 19.0747525], [72.8874091, 19.075244]]}}, {"type": "Feature", "id": "789757056", "properties": {"id": "789757056", "name": "Unnamed Road", "highway": "tertiary", "lanes": null, "source": "OSM"}, "geometry": {"type": "LineString", "coordinates": [[72.8931736, 19.068659], [72.8929308, 19.0688255]]}}, {"type": "Feature", "id": "789757057", "properties": {"id": "789757057", "name": "Unnamed Road", "highway": "tertiary", "lanes": null, "source": "OSM"}, "geometry": {"type": "LineString", "coordinates": [[72.8932384, 19.0686147], [72.8931736, 19.068659]]}}, {"type": "Feature", "id": "789757058", "properties": {"id": "789757058", "name": "Unnamed Road", "highway": "tertiary", "lanes": null, "source": "OSM"}, "geometry": {"type": "LineString", "coordinates": [[72.8932735, 19.0687851], [72.8933373, 19.0687453]]}}, {"type": "Feature", "id": "789757059", "properties": {"id": "789757059", "name": "Unnamed Road", "highway": "tertiary", "lanes": null, "source": "OSM"}, "geometry": {"type": "LineString", "coordinates": [[72.8933373, 19.0687453], [72.8934011, 19.0687055]]}}, {"type": "Feature", "id": "789757060", "properties": {"id": "789757060", "name": "Unnamed Road", "highway": "tertiary_link", "lanes": null, "source": "OSM"}, "geometry": {"type": "LineString", "coordinates": [[72.8836394, 19.0566541], [72.8839, 19.0565477]]}}, {"type": "Feature", "id": "789757061", "properties": {"id": "789757061", "name": "Unnamed Road", "highway": "tertiary_link", "lanes": null, "source": "OSM"}, "geometry": {"type": "LineString", "coordinates": [[72.8835112, 19.0562191], [72.8835893, 19.0566223]]}}, {"type": "Feature", "id": "790294656", "properties": {"id": "790294656", "name": "Unnamed Road", "highway": "tertiary", "lanes": null, "source": "OSM"}, "geometry": {"type": "LineString", "coordinates": [[72.8829193, 19.1128247], [72.8829452, 19.1128178], [72.8829744, 19.112796], [72.8829926, 19.1127653], [72.882997, 19.1127303], [72.8829869, 19.1126964], [72.8829638, 19.1126687], [72.8829607, 19.112667]]}}, {"type": "Feature", "id": "791350554", "properties": {"id": "791350554", "name": "Unnamed Road", "highway": "tertiary", "lanes": null, "source": "OSM"}, "geometry": {"type": "LineString", "coordinates": [[72.8642231, 19.1075723], [72.8642362, 19.1075483], [72.8642398, 19.1075216], [72.8642335, 19.1074954], [72.8642266, 19.1074853], [72.8642181, 19.1074727], [72.8641954, 19.1074565], [72.8641685, 19.1074486], [72.8641548, 19.1074485], [72.8641398, 19.1074498], [72.8641135, 19.1074602], [72.8641065, 19.1074663], [72.8640926, 19.1074784], [72.8640795, 19.1075024], [72.8640759, 19.1075291], [72.8640799, 19.1075455]]}}, {"type": "Feature", "id": "791639116", "properties": {"id": "791639116", "name": "Mathuradas Vasanji Road (Andheri Kurla Road)", "highway": "primary", "lanes": null, "source": "OSM"}, "geometry": {"type": "LineString", "coordinates": [[72.8839536, 19.1003553], [72.8842573, 19.1009921], [72.8845277, 19.1014885], [72.8846221, 19.1016342], [72.88509, 19.1021434], [72.885131, 19.1021881], [72.8858039, 19.1029479], [72.8861167, 19.1033442], [72.8862593, 19.1035316], [72.8863094, 19.1035974], [72.8866591, 19.1040572]]}}, {"type": "Feature", "id": "791639117", "properties": {"id": "791639117", "name": "Mathuradas Vasanji Road (Andheri Kurla Road)", "highway": "primary", "lanes": null, "source": "OSM"}, "geometry": {"type": "LineString", "coordinates": [[72.8835794, 19.0968645], [72.8836142, 19.0967453]]}}, {"type": "Feature", "id": "791680691", "properties": {"id": "791680691", "name": "90 Feet Road", "highway": "tertiary", "lanes": null, "source": "OSM"}, "geometry": {"type": "LineString", "coordinates": [[72.8879756, 19.1004951], [72.8879409, 19.1005822], [72.8879468, 19.100633], [72.8879712, 19.1009815], [72.8879668, 19.1012778], [72.8879745, 19.101478], [72.8879609, 19.10176], [72.8879562, 19.1019846], [72.8879795, 19.1021256], [72.8880183, 19.1022342], [72.888138, 19.1024967], [72.8883451, 19.1028097], [72.8885372, 19.1030104], [72.8886738, 19.1031923]]}}, {"type": "Feature", "id": "792051493", "properties": {"id": "792051493", "name": "Vidya Nagari Marg", "highway": "secondary", "lanes": null, "source": "OSM"}, "geometry": {"type": "LineString", "coordinates": [[72.8623111, 19.0775311], [72.8623497, 19.0775861], [72.8623709, 19.0776251], [72.8624528, 19.0778083]]}}, {"type": "Feature", "id": "792051494", "properties": {"id": "792051494", "name": "Vidya Nagari Marg", "highway": "secondary", "lanes": null, "source": "OSM"}, "geometry": {"type": "LineString", "coordinates": [[72.8605698, 19.0747475], [72.8605744, 19.0747632], [72.8605849, 19.0747985], [72.8607796, 19.0754559], [72.8608628, 19.0756207], [72.8609247, 19.075721], [72.8614053, 19.0763185], [72.8618114, 19.0768603]]}}, {"type": "Feature", "id": "792389733", "properties": {"id": "792389733", "name": "Unnamed Road", "highway": "tertiary", "lanes": null, "source": "OSM"}, "geometry": {"type": "LineString", "coordinates": [[72.8789309, 19.1008106], [72.8789342, 19.1007454], [72.8787389, 19.1002584], [72.8786813, 19.1002381], [72.8785792, 19.1002493]]}}, {"type": "Feature", "id": "792389734", "properties": {"id": "792389734", "name": "Unnamed Road", "highway": "tertiary", "lanes": null, "source": "OSM"}, "geometry": {"type": "LineString", "coordinates": [[72.8792592, 19.1008446], [72.8791514, 19.1008603], [72.8790466, 19.1008579], [72.8789913, 19.1008471], [72.8789563, 19.100834], [72.8789309, 19.1008106]]}}, {"type": "Feature", "id": "792389735", "properties": {"id": "792389735", "name": "Unnamed Road", "highway": "tertiary", "lanes": null, "source": "OSM"}, "geometry": {"type": "LineString", "coordinates": [[72.8785792, 19.1002493], [72.8786364, 19.1002843], [72.8786671, 19.1003207], [72.8788652, 19.1007609], [72.8789309, 19.1008106]]}}, {"type": "Feature", "id": "830251238", "properties": {"id": "830251238", "name": "BKC - CST Link Road", "highway": "tertiary", "lanes": "3", "source": "OSM"}, "geometry": {"type": "LineString", "coordinates": [[72.860022, 19.0659853], [72.8604567, 19.0669746], [72.8605354, 19.0671941], [72.8606561, 19.0675308], [72.8607299, 19.0677991], [72.8607893, 19.0680148], [72.8608766, 19.0684984], [72.8610525, 19.0697744], [72.8611817, 19.0706173], [72.8613457, 19.0715019], [72.8613486, 19.0716959]]}}, {"type": "Feature", "id": "830251239", "properties": {"id": "830251239", "name": "BKC - CST Link Road", "highway": "tertiary", "lanes": "3", "source": "OSM"}, "geometry": {"type": "LineString", "coordinates": [[72.8615566, 19.0714938], [72.8615067, 19.0714408], [72.8614585, 19.0713189], [72.8613216, 19.070599], [72.8611907, 19.0697667], [72.861158, 19.0695831], [72.8610227, 19.068473], [72.8609111, 19.0679535], [72.8608585, 19.0677676], [72.8607259, 19.0672994], [72.8606658, 19.0671512], [72.8601867, 19.065969]]}}, {"type": "Feature", "id": "830251247", "properties": {"id": "830251247", "name": "Avenue 3", "highway": "tertiary", "lanes": "2", "source": "OSM"}, "geometry": {"type": "LineString", "coordinates": [[72.8675642, 19.0657648], [72.8688529, 19.0668792], [72.8692332, 19.0672658], [72.8693552, 19.0673898], [72.8695203, 19.0675053], [72.8695814, 19.0675481], [72.8696715, 19.0676111], [72.8701127, 19.0678886], [72.8707486, 19.0682945], [72.8710938, 19.068516], [72.8712562, 19.0686161], [72.8713836, 19.0686947], [72.8718745, 19.0689973], [72.8719097, 19.069019], [72.8719365, 19.0690443], [72.8719497, 19.0690755], [72.8723544, 19.0701906], [72.8723806, 19.0702948], [72.8723626, 19.0705949], [72.8723444, 19.0706573], [72.872317, 19.070729], [72.8721745, 19.070981]]}}, {"type": "Feature", "id": "830251248", "properties": {"id": "830251248", "name": "Avenue 3: Lane 3", "highway": "secondary", "lanes": "2", "source": "OSM"}, "geometry": {"type": "LineString", "coordinates": [[72.8649853, 19.0627744], [72.8650215, 19.0628669], [72.865397, 19.0638253], [72.8655339, 19.0641746], [72.8660514, 19.0654952], [72.8661815, 19.0658272], [72.8662922, 19.065979], [72.8663653, 19.0660644], [72.8663836, 19.0660789], [72.8664307, 19.0661162], [72.8664872, 19.0661686]]}}, {"type": "Feature", "id": "830251249", "properties": {"id": "830251249", "name": "Avenue 3", "highway": "secondary", "lanes": "2", "source": "OSM"}, "geometry": {"type": "LineString", "coordinates": [[72.8642582, 19.0589837], [72.8641349, 19.0589878], [72.8634428, 19.0589334], [72.8628462, 19.0588866]]}}, {"type": "Feature", "id": "909382839", "properties": {"id": "909382839", "name": "BKC - WEH Connector", "highway": "secondary", "lanes": null, "source": "OSM"}, "geometry": {"type": "LineString", "coordinates": [[72.8525404, 19.0680946], [72.8502828, 19.0724913], [72.8499502, 19.0730794], [72.8497067, 19.0733896], [72.8492261, 19.0736973], [72.8478979, 19.0742075], [72.8472475, 19.0746143]]}}, {"type": "Feature", "id": "909382842", "properties": {"id": "909382842", "name": "Avenue 3", "highway": "secondary", "lanes": null, "source": "OSM"}, "geometry": {"type": "LineString", "coordinates": [[72.8628462, 19.0588866], [72.8627481, 19.0589091], [72.8626848, 19.0589523], [72.8626426, 19.0590308]]}}, {"type": "Feature", "id": "909382843", "properties": {"id": "909382843", "name": "Unnamed Road", "highway": "secondary_link", "lanes": null, "source": "OSM"}, "geometry": {"type": "LineString", "coordinates": [[72.8644484, 19.0587409], [72.8644387, 19.0588208], [72.8644121, 19.0588855], [72.8643598, 19.0589401], [72.8642582, 19.0589837]]}}, {"type": "Feature", "id": "909382844", "properties": {"id": "909382844", "name": "BKC Connector", "highway": "secondary", "lanes": "2", "source": "OSM"}, "geometry": {"type": "LineString", "coordinates": [[72.8644823, 19.058444], [72.8644484, 19.0587409]]}}, {"type": "Feature", "id": "909382845", "properties": {"id": "909382845", "name": "BKC Connector", "highway": "secondary", "lanes": "2", "source": "OSM"}, "geometry": {"type": "LineString", "coordinates": [[72.8645833, 19.058455], [72.8646716, 19.057634]]}}, {"type": "Feature", "id": "909382846", "properties": {"id": "909382846", "name": "BKC Connector", "highway": "secondary", "lanes": "2", "source": "OSM"}, "geometry": {"type": "LineString", "coordinates": [[72.8645763, 19.0576205], [72.8644823, 19.058444]]}}, {"type": "Feature", "id": "909382847", "properties": {"id": "909382847", "name": "Street 3", "highway": "secondary", "lanes": "2", "source": "OSM"}, "geometry": {"type": "LineString", "coordinates": [[72.8643302, 19.0607692], [72.8643789, 19.0603915], [72.8643862, 19.0603401], [72.8643904, 19.0603109], [72.8644094, 19.0601769], [72.8644239, 19.0600526], [72.8644361, 19.0599539], [72.8644394, 19.0599206], [72.8644445, 19.0598769], [72.8645153, 19.0592719]]}}, {"type": "Feature", "id": "909382855", "properties": {"id": "909382855", "name": "BKC Flyover", "highway": "motorway", "lanes": "2", "source": "OSM"}, "geometry": {"type": "LineString", "coordinates": [[72.8500925, 19.0550344], [72.8500382, 19.0549794], [72.8496857, 19.0546226], [72.8493394, 19.0542567], [72.848981, 19.0538107], [72.8489147, 19.0537519], [72.8488572, 19.0537034], [72.8487556, 19.0536237], [72.8486198, 19.0535228], [72.8476497, 19.0528975], [72.8474734, 19.0528002], [72.8472318, 19.0527586], [72.8470544, 19.0527269], [72.8468028, 19.052707], [72.8464808, 19.0526711], [72.8461438, 19.052595], [72.8457713, 19.052492], [72.8455091, 19.0524362], [72.8452067, 19.0523649]]}}, {"type": "Feature", "id": "909382856", "properties": {"id": "909382856", "name": "BKC Flyover", "highway": "motorway", "lanes": "2", "source": "OSM"}, "geometry": {"type": "LineString", "coordinates": [[72.843481, 19.0521946], [72.8440639, 19.052464], [72.8442684, 19.0525425], [72.8444897, 19.0525856], [72.8448121, 19.0525665], [72.8451235, 19.0525535], [72.845573, 19.0525672], [72.8458341, 19.052644], [72.8462087, 19.0527522], [72.8465371, 19.0528022], [72.8468995, 19.0528344], [72.8471278, 19.0528578], [72.8474309, 19.052907], [72.8475812, 19.0529918], [72.8485491, 19.0536158], [72.8486823, 19.0537148], [72.848781, 19.0537923], [72.8488349, 19.053838], [72.8488933, 19.0538896], [72.8492475, 19.0543313], [72.8495978, 19.0547014], [72.8500295, 19.055121]]}}, {"type": "Feature", "id": "909382863", "properties": {"id": "909382863", "name": "Sant Dnyaneshwar Marg", "highway": "tertiary", "lanes": null, "source": "OSM"}, "geometry": {"type": "LineString", "coordinates": [[72.8497103, 19.0719937], [72.8500226, 19.0713861], [72.8500641, 19.0713108], [72.8501255, 19.0711705], [72.850251, 19.0709302], [72.850379, 19.0706849], [72.850739, 19.0700052], [72.8510748, 19.0693459], [72.8518405, 19.0678662], [72.8519664, 19.0676142], [72.8519878, 19.067534], [72.8520051, 19.0674595], [72.8520169, 19.0674135], [72.852046, 19.0673433], [72.8520818, 19.0672676]]}}, {"type": "Feature", "id": "928008005", "properties": {"id": "928008005", "name": "Avenue 3", "highway": "secondary", "lanes": "2", "source": "OSM"}, "geometry": {"type": "LineString", "coordinates": [[72.8644484, 19.0587409], [72.8643969, 19.0588059], [72.8643352, 19.0588517], [72.8642469, 19.0588732], [72.8641445, 19.0588784], [72.8624966, 19.0587493], [72.8620654, 19.0587156], [72.8613506, 19.0586595], [72.8611434, 19.0586712], [72.860987, 19.0587467], [72.860328, 19.0591573], [72.8602038, 19.0592395], [72.8601337, 19.0592858]]}}, {"type": "Feature", "id": "938635406", "properties": {"id": "938635406", "name": "S G Barve Marg", "highway": "tertiary", "lanes": null, "source": "OSM"}, "geometry": {"type": "LineString", "coordinates": [[72.8794959, 19.06665], [72.8794171, 19.0667881], [72.8793507, 19.0669102], [72.8792859, 19.0670293], [72.8790464, 19.0674369], [72.878835, 19.0678805], [72.8787993, 19.0680512], [72.8787223, 19.068419], [72.8787393, 19.068617], [72.8787923, 19.0692362], [72.8791628, 19.0700083], [72.8791795, 19.0700533], [72.8795997, 19.0711884], [72.8797454, 19.0715889], [72.8801295, 19.0726448], [72.8802756, 19.0730465], [72.880315, 19.0734687], [72.8802672, 19.0737686]]}}, {"type": "Feature", "id": "940275903", "properties": {"id": "940275903", "name": "Pipeline Road", "highway": "tertiary", "lanes": null, "source": "OSM"}, "geometry": {"type": "LineString", "coordinates": [[72.8949799, 19.0708854], [72.8946197, 19.070388], [72.8934011, 19.0687055], [72.8933031, 19.0685703]]}}, {"type": "Feature", "id": "961495736", "properties": {"id": "961495736", "name": "Unnamed Road", "highway": "secondary", "lanes": "2", "source": "OSM"}, "geometry": {"type": "LineString", "coordinates": [[72.8643302, 19.0607692], [72.8642628, 19.0606905]]}}, {"type": "Feature", "id": "963128208", "properties": {"id": "963128208", "name": "Unnamed Road", "highway": "trunk_link", "lanes": null, "source": "OSM"}, "geometry": {"type": "LineString", "coordinates": [[72.8860948, 19.0559603], [72.8863152, 19.055711]]}}, {"type": "Feature", "id": "965183714", "properties": {"id": "965183714", "name": "BKC - Sealink Road", "highway": "motorway", "lanes": "2", "source": "OSM"}, "geometry": {"type": "LineString", "coordinates": [[72.8500295, 19.055121], [72.8503593, 19.0554159]]}}, {"type": "Feature", "id": "965183715", "properties": {"id": "965183715", "name": "BKC - Sealink Road", "highway": "motorway", "lanes": "2", "source": "OSM"}, "geometry": {"type": "LineString", "coordinates": [[72.8503939, 19.0553345], [72.8500925, 19.0550344]]}}, {"type": "Feature", "id": "1004456602", "properties": {"id": "1004456602", "name": "Magan Nathuram Road", "highway": "primary", "lanes": null, "source": "OSM"}, "geometry": {"type": "LineString", "coordinates": [[72.8803765, 19.0799401], [72.8804755, 19.0798537]]}}, {"type": "Feature", "id": "1042713540", "properties": {"id": "1042713540", "name": "Unnamed Road", "highway": "tertiary", "lanes": null, "source": "OSM"}, "geometry": {"type": "LineString", "coordinates": [[72.8601638, 19.0649163], [72.8599294, 19.0649456], [72.8597867, 19.0649649], [72.8593728, 19.0650153]]}}, {"type": "Feature", "id": "1057784882", "properties": {"id": "1057784882", "name": "Unnamed Road", "highway": "primary_link", "lanes": null, "source": "OSM"}, "geometry": {"type": "LineString", "coordinates": [[72.8885269, 19.1125659], [72.88867, 19.1124364], [72.8887935, 19.1124169]]}}, {"type": "Feature", "id": "1057784888", "properties": {"id": "1057784888", "name": "Unnamed Road", "highway": "tertiary", "lanes": null, "source": "OSM"}, "geometry": {"type": "LineString", "coordinates": [[72.8950957, 19.1146619], [72.8939209, 19.1148025], [72.8935549, 19.1148301], [72.8933978, 19.1148287], [72.8933555, 19.1148231], [72.8932404, 19.1148058], [72.8931151, 19.114787], [72.8925045, 19.1142969], [72.8922902, 19.1141461], [72.8922231, 19.114116], [72.8918195, 19.1139929], [72.8914329, 19.1138784], [72.8914156, 19.1138733], [72.8912952, 19.1138128], [72.8911702, 19.1137018], [72.890833, 19.1133816], [72.8903817, 19.1130725], [72.8899494, 19.1127951], [72.8897086, 19.1126784], [72.8895424, 19.1126381], [72.889267, 19.1125646], [72.8890532, 19.1124919], [72.8889306, 19.1123996], [72.8885411, 19.1121227]]}}, {"type": "Feature", "id": "1074761654", "properties": {"id": "1074761654", "name": "Postal Colony Road", "highway": "tertiary", "lanes": null, "source": "OSM"}, "geometry": {"type": "LineString", "coordinates": [[72.8966104, 19.0598896], [72.8960497, 19.060061], [72.895035, 19.0603711], [72.8942402, 19.0606113], [72.8941412, 19.0606412], [72.8940134, 19.0606825], [72.8938967, 19.0607151], [72.8935649, 19.0608078], [72.8932787, 19.0609082]]}}, {"type": "Feature", "id": "1081704480", "properties": {"id": "1081704480", "name": "Cross Road B", "highway": "tertiary", "lanes": null, "source": "OSM"}, "geometry": {"type": "LineString", "coordinates": [[72.8684851, 19.1178639], [72.8683992, 19.1173508], [72.8683585, 19.1171081], [72.8683415, 19.1170066], [72.868317, 19.1167076], [72.8682812, 19.1161189], [72.8682642, 19.1158395], [72.8682604, 19.1157766], [72.868255, 19.1156877], [72.8682512, 19.1156256], [72.8682382, 19.1154128], [72.8682025, 19.1152017], [72.8680687, 19.1144102], [72.8678128, 19.1141441], [72.8677854, 19.1141156], [72.8674442, 19.1138081], [72.8672938, 19.1136958]]}}, {"type": "Feature", "id": "1081704481", "properties": {"id": "1081704481", "name": "Mathuradas Vasanji Road", "highway": "secondary", "lanes": null, "source": "OSM"}, "geometry": {"type": "LineString", "coordinates": [[72.8668721, 19.1121369], [72.8667646, 19.1121655]]}}, {"type": "Feature", "id": "1081704482", "properties": {"id": "1081704482", "name": "Guru Hargovindji Road", "highway": "primary", "lanes": null, "source": "OSM"}, "geometry": {"type": "LineString", "coordinates": [[72.8667646, 19.1121655], [72.8668707, 19.1123064]]}}, {"type": "Feature", "id": "1088996398", "properties": {"id": "1088996398", "name": "Jawaharlal Nehru Road", "highway": "secondary", "lanes": null, "source": "OSM"}, "geometry": {"type": "LineString", "coordinates": [[72.8587181, 19.0819093], [72.8584908, 19.0818804], [72.8572808, 19.0817343], [72.8569816, 19.0817083], [72.8567519, 19.0816946]]}}, {"type": "Feature", "id": "1090385364", "properties": {"id": "1090385364", "name": "Father Peter Periera Road", "highway": "tertiary", "lanes": null, "source": "OSM"}, "geometry": {"type": "LineString", "coordinates": [[72.8849151, 19.0851388], [72.8849368, 19.0846739]]}}, {"type": "Feature", "id": "1090385365", "properties": {"id": "1090385365", "name": "Lal Bahadur Shastri Marg", "highway": "primary", "lanes": null, "source": "OSM"}, "geometry": {"type": "LineString", "coordinates": [[72.8850531, 19.0846094], [72.8859346, 19.0849506], [72.8860826, 19.0850005]]}}, {"type": "Feature", "id": "1092059442", "properties": {"id": "1092059442", "name": "N Patkar Marg", "highway": "tertiary", "lanes": null, "source": "OSM"}, "geometry": {"type": "LineString", "coordinates": [[72.8498575, 19.0941357], [72.8499474, 19.0946862], [72.8499807, 19.09489], [72.8500138, 19.0951115], [72.8500181, 19.0951402]]}}, {"type": "Feature", "id": "1094695995", "properties": {"id": "1094695995", "name": "M C Chagla Road", "highway": "tertiary", "lanes": null, "source": "OSM"}, "geometry": {"type": "LineString", "coordinates": [[72.8574959, 19.1034184], [72.8581197, 19.1039903], [72.8581783, 19.1040693], [72.8582852, 19.1042134], [72.8583401, 19.1042679], [72.8583621, 19.1042843], [72.8584099, 19.1043199], [72.858654, 19.1044415], [72.858704, 19.1044952], [72.8588026, 19.1045949], [72.8589079, 19.1047014]]}}, {"type": "Feature", "id": "1094695996", "properties": {"id": "1094695996", "name": "Unnamed Road", "highway": "tertiary", "lanes": null, "source": "OSM"}, "geometry": {"type": "LineString", "coordinates": [[72.859285, 19.1070163], [72.8592422, 19.10696], [72.8591295, 19.1066483], [72.8591109, 19.1065303], [72.8590708, 19.1064174], [72.8589166, 19.1060452], [72.8588962, 19.1059958], [72.8588827, 19.1059393], [72.858878, 19.1058885], [72.8588781, 19.1058686], [72.8588784, 19.1058338], [72.8588827, 19.1057815], [72.8588938, 19.1057106], [72.8589625, 19.1054125], [72.8589951, 19.1052712], [72.8590503, 19.1050695], [72.8590591, 19.1050039], [72.8590612, 19.1049298], [72.859045, 19.1048708], [72.8590046, 19.1047711], [72.8589079, 19.1047014]]}}, {"type": "Feature", "id": "1094695997", "properties": {"id": "1094695997", "name": "Unnamed Road", "highway": "tertiary_link", "lanes": null, "source": "OSM"}, "geometry": {"type": "LineString", "coordinates": [[72.8589951, 19.1052712], [72.8589388, 19.1052497]]}}, {"type": "Feature", "id": "1101687683", "properties": {"id": "1101687683", "name": "Lal Bahadur Shastri Marg", "highway": "primary", "lanes": null, "source": "OSM"}, "geometry": {"type": "LineString", "coordinates": [[72.8884879, 19.0848626], [72.8870841, 19.0850225], [72.886978, 19.0850346], [72.8866555, 19.085027], [72.8866084, 19.0850259], [72.8862347, 19.0849681], [72.8861203, 19.0849504]]}}, {"type": "Feature", "id": "1102591516", "properties": {"id": "1102591516", "name": "Lal Bahadur Shastri Marg", "highway": "primary", "lanes": null, "source": "OSM"}, "geometry": {"type": "LineString", "coordinates": [[72.8860826, 19.0850005], [72.8862136, 19.0850294], [72.8863726, 19.0850646], [72.8866205, 19.0850938]]}}, {"type": "Feature", "id": "1102782714", "properties": {"id": "1102782714", "name": "Unnamed Road", "highway": "tertiary", "lanes": null, "source": "OSM"}, "geometry": {"type": "LineString", "coordinates": [[72.8578863, 19.06052], [72.8577539, 19.0606223], [72.8576647, 19.060679], [72.8575183, 19.0607573], [72.8573719, 19.0608356]]}}, {"type": "Feature", "id": "1102782715", "properties": {"id": "1102782715", "name": "Unnamed Road", "highway": "tertiary", "lanes": null, "source": "OSM"}, "geometry": {"type": "LineString", "coordinates": [[72.8558926, 19.0629731], [72.8557508, 19.0632314], [72.8555908, 19.0635226], [72.8554528, 19.0637738], [72.8554447, 19.0637886], [72.8551966, 19.0642177], [72.8551771, 19.0642515], [72.8550855, 19.0644114], [72.8547908, 19.0649256], [72.8547224, 19.0650382], [72.8545325, 19.0653509], [72.8545047, 19.0653965], [72.8544437, 19.065468], [72.8542995, 19.0656369], [72.8542532, 19.0657047]]}}, {"type": "Feature", "id": "1102782716", "properties": {"id": "1102782716", "name": "Unnamed Road", "highway": "tertiary", "lanes": null, "source": "OSM"}, "geometry": {"type": "LineString", "coordinates": [[72.8578278, 19.0604959], [72.8576981, 19.0606044], [72.8575888, 19.0606697], [72.8573376, 19.0607965], [72.8572466, 19.0608745], [72.8571837, 19.0609532], [72.8566833, 19.0617362]]}}, {"type": "Feature", "id": "1103453737", "properties": {"id": "1103453737", "name": "Maroshi Village Road", "highway": "secondary", "lanes": null, "source": "OSM"}, "geometry": {"type": "LineString", "coordinates": [[72.8785649, 19.108399], [72.87855, 19.1085916], [72.8785506, 19.1086446], [72.8785289, 19.1089889], [72.8785187, 19.1093451], [72.8784999, 19.1095622], [72.8784945, 19.1096244], [72.8784808, 19.1097826], [72.8784419, 19.1101356], [72.8784307, 19.1103077]]}}, {"type": "Feature", "id": "1103453738", "properties": {"id": "1103453738", "name": "Mathuradas Vasanji Road (Andheri Kurla Road)", "highway": "primary", "lanes": null, "source": "OSM"}, "geometry": {"type": "LineString", "coordinates": [[72.87855, 19.1085916], [72.8786378, 19.1085578], [72.878806, 19.1084931], [72.8788925, 19.1084598], [72.8801439, 19.1079973], [72.8802589, 19.1079551], [72.8807092, 19.1077909]]}}, {"type": "Feature", "id": "1103453739", "properties": {"id": "1103453739", "name": "Maroshi Village Road", "highway": "primary_link", "lanes": null, "source": "OSM"}, "geometry": {"type": "LineString", "coordinates": [[72.8779699, 19.1086117], [72.8780439, 19.1087864]]}}, {"type": "Feature", "id": "1104888868", "properties": {"id": "1104888868", "name": "Ramakrishna Paramahansa Marg", "highway": "tertiary", "lanes": null, "source": "OSM"}, "geometry": {"type": "LineString", "coordinates": [[72.8551186, 19.0596178], [72.8550999, 19.0596532], [72.8550556, 19.0597372], [72.8548819, 19.0599978], [72.8547878, 19.060139], [72.8547095, 19.0602565]]}}, {"type": "Feature", "id": "1105146210", "properties": {"id": "1105146210", "name": "Santa Cruz \u2013 Chembur Link Road", "highway": "trunk", "lanes": "3", "source": "OSM"}, "geometry": {"type": "LineString", "coordinates": [[72.8548559, 19.075314], [72.855035, 19.0754259], [72.8552466, 19.075463], [72.8553766, 19.0754793], [72.8556456, 19.0754633], [72.8566335, 19.0752898], [72.8568519, 19.0752486], [72.8573001, 19.075164], [72.8574074, 19.0751465], [72.8580369, 19.0750207], [72.8581672, 19.0749879], [72.8586999, 19.074879], [72.8594727, 19.0747303], [72.8598101, 19.0746516], [72.8600807, 19.0745539], [72.8604745, 19.0744731]]}}, {"type": "Feature", "id": "1107006913", "properties": {"id": "1107006913", "name": "Nehru Road", "highway": "tertiary", "lanes": null, "source": "OSM"}, "geometry": {"type": "LineString", "coordinates": [[72.8505975, 19.0971334], [72.8504571, 19.0971269], [72.8498831, 19.0972992], [72.8486815, 19.0976769], [72.8482926, 19.0977859], [72.8481353, 19.0978588], [72.8479868, 19.0979531], [72.8478608, 19.0979988], [72.8464538, 19.098271], [72.8460604, 19.0983302]]}}, {"type": "Feature", "id": "1110964268", "properties": {"id": "1110964268", "name": "Unnamed Road", "highway": "tertiary", "lanes": "2", "source": "OSM"}, "geometry": {"type": "LineString", "coordinates": [[72.8579643, 19.1024347], [72.8580672, 19.1022871], [72.8581054, 19.1021943], [72.8581077, 19.1021031]]}}, {"type": "Feature", "id": "1111934570", "properties": {"id": "1111934570", "name": "Krishnalal Marva Marg", "highway": "tertiary", "lanes": null, "source": "OSM"}, "geometry": {"type": "LineString", "coordinates": [[72.8873183, 19.1097555], [72.8872021, 19.1098142], [72.8867412, 19.1101691], [72.8866376, 19.1103081]]}}, {"type": "Feature", "id": "1111934571", "properties": {"id": "1111934571", "name": "Krishnalal Marva Marg", "highway": "tertiary", "lanes": null, "source": "OSM"}, "geometry": {"type": "LineString", "coordinates": [[72.8877416, 19.1096127], [72.8875624, 19.1096367], [72.8874107, 19.1097105], [72.8873183, 19.1097555]]}}, {"type": "Feature", "id": "1115999785", "properties": {"id": "1115999785", "name": "Ramdev Pir Road", "highway": "tertiary", "lanes": null, "source": "OSM"}, "geometry": {"type": "LineString", "coordinates": [[72.8953322, 19.080072], [72.8951471, 19.079996], [72.8945576, 19.079754], [72.8940618, 19.0795514], [72.8939473, 19.0795045], [72.8939029, 19.0794863], [72.8927935, 19.0790467], [72.8926606, 19.0789878], [72.8918017, 19.0785288], [72.8917104, 19.0784693], [72.8915765, 19.0783575], [72.8909095, 19.0778211], [72.8905569, 19.0775369]]}}, {"type": "Feature", "id": "1115999786", "properties": {"id": "1115999786", "name": "Ramdev Pir Road", "highway": "tertiary", "lanes": null, "source": "OSM"}, "geometry": {"type": "LineString", "coordinates": [[72.8849495, 19.0730429], [72.8845128, 19.0725695]]}}, {"type": "Feature", "id": "1115999789", "properties": {"id": "1115999789", "name": "Ramdev Pir Road", "highway": "tertiary", "lanes": null, "source": "OSM"}, "geometry": {"type": "LineString", "coordinates": [[72.8856492, 19.0737256], [72.88538, 19.0734961], [72.8849495, 19.0730429]]}}, {"type": "Feature", "id": "1115999790", "properties": {"id": "1115999790", "name": "Ramdev Pir Road", "highway": "tertiary", "lanes": null, "source": "OSM"}, "geometry": {"type": "LineString", "coordinates": [[72.8857649, 19.0738254], [72.8856492, 19.0737256]]}}, {"type": "Feature", "id": "1116007408", "properties": {"id": "1116007408", "name": "SG Barve Marg", "highway": "secondary", "lanes": null, "source": "OSM"}, "geometry": {"type": "LineString", "coordinates": [[72.8833646, 19.0622103], [72.8834101, 19.0621588], [72.8834939, 19.0620616], [72.8835533, 19.0619844], [72.8839033, 19.0616094]]}}, {"type": "Feature", "id": "1116007409", "properties": {"id": "1116007409", "name": "SG Barve Marg", "highway": "secondary", "lanes": null, "source": "OSM"}, "geometry": {"type": "LineString", "coordinates": [[72.8844079, 19.0610381], [72.8845038, 19.0609148], [72.8845808, 19.0608376]]}}, {"type": "Feature", "id": "1116758439", "properties": {"id": "1116758439", "name": "Lal Bahadur Shastri Marg", "highway": "primary", "lanes": null, "source": "OSM"}, "geometry": {"type": "LineString", "coordinates": [[72.8774466, 19.0761061], [72.8775305, 19.0761881], [72.8775894, 19.0762654], [72.8779177, 19.0767031], [72.8782403, 19.0771405], [72.8784048, 19.0773626], [72.8787234, 19.0777927]]}}, {"type": "Feature", "id": "1116758440", "properties": {"id": "1116758440", "name": "Santa Cruz \u2013 Chembur Link Road", "highway": "trunk_link", "lanes": "2", "source": "OSM"}, "geometry": {"type": "LineString", "coordinates": [[72.8773593, 19.0758789], [72.8772747, 19.0759339]]}}, {"type": "Feature", "id": "1120064757", "properties": {"id": "1120064757", "name": "Avenue 3", "highway": "secondary", "lanes": "2", "source": "OSM"}, "geometry": {"type": "LineString", "coordinates": [[72.8589106, 19.0600092], [72.8587732, 19.0601888], [72.8586336, 19.0604963], [72.8585698, 19.0606458]]}}, {"type": "Feature", "id": "1121152376", "properties": {"id": "1121152376", "name": "Lal Bahadur Shastri Marg", "highway": "primary", "lanes": null, "source": "OSM"}, "geometry": {"type": "LineString", "coordinates": [[72.8753652, 19.0708292], [72.8753943, 19.0710387], [72.8754112, 19.0711589], [72.8754259, 19.0712667], [72.8754562, 19.0714848], [72.875717, 19.0732695], [72.8757564, 19.0735452], [72.8758803, 19.0740325], [72.8759252, 19.0740971], [72.876169, 19.0744478]]}}, {"type": "Feature", "id": "1121152377", "properties": {"id": "1121152377", "name": "Unnamed Road", "highway": "primary_link", "lanes": null, "source": "OSM"}, "geometry": {"type": "LineString", "coordinates": [[72.8750869, 19.0680563], [72.8749541, 19.0680616]]}}, {"type": "Feature", "id": "1122224039", "properties": {"id": "1122224039", "name": "Unnamed Road", "highway": "tertiary", "lanes": null, "source": "OSM"}, "geometry": {"type": "LineString", "coordinates": [[72.8817172, 19.064041], [72.8816482, 19.0639829], [72.8813756, 19.0637443], [72.8807047, 19.0629985], [72.8805781, 19.0628754], [72.8805302, 19.0628288], [72.8802878, 19.0625954], [72.8800974, 19.0623469], [72.8799499, 19.0620579], [72.8798909, 19.0618551], [72.8798954, 19.0617596], [72.8799244, 19.0616789], [72.8800545, 19.0613658], [72.8801886, 19.0611225], [72.8805373, 19.0608588], [72.8807557, 19.0607903], [72.8809008, 19.0607733], [72.8811623, 19.0607946], [72.8813394, 19.0608288], [72.8814638, 19.0608579], [72.8816599, 19.060943], [72.8822738, 19.0614191], [72.8826509, 19.0616954], [72.8826634, 19.0617052], [72.8831486, 19.0620592], [72.8832991, 19.062169], [72.8833646, 19.0622103]]}}, {"type": "Feature", "id": "1122224040", "properties": {"id": "1122224040", "name": "Unnamed Road", "highway": "tertiary", "lanes": null, "source": "OSM"}, "geometry": {"type": "LineString", "coordinates": [[72.8834101, 19.0621588], [72.8833503, 19.0621117]]}}, {"type": "Feature", "id": "1122224041", "properties": {"id": "1122224041", "name": "Unnamed Road", "highway": "tertiary", "lanes": null, "source": "OSM"}, "geometry": {"type": "LineString", "coordinates": [[72.8816116, 19.0640316], [72.8816745, 19.0640883]]}}, {"type": "Feature", "id": "1122256438", "properties": {"id": "1122256438", "name": "Unnamed Road", "highway": "tertiary", "lanes": null, "source": "OSM"}, "geometry": {"type": "LineString", "coordinates": [[72.8579257, 19.1026287], [72.8575021, 19.1032533], [72.8574959, 19.1034184]]}}, {"type": "Feature", "id": "1122256439", "properties": {"id": "1122256439", "name": "Unnamed Road", "highway": "tertiary", "lanes": "2", "source": "OSM"}, "geometry": {"type": "LineString", "coordinates": [[72.858083, 19.1017908], [72.8580789, 19.1017375]]}}, {"type": "Feature", "id": "1122256440", "properties": {"id": "1122256440", "name": "Unnamed Road", "highway": "tertiary", "lanes": "2", "source": "OSM"}, "geometry": {"type": "LineString", "coordinates": [[72.8581077, 19.1021031], [72.858083, 19.1017908]]}}, {"type": "Feature", "id": "1122256442", "properties": {"id": "1122256442", "name": "Unnamed Road", "highway": "secondary", "lanes": null, "source": "OSM"}, "geometry": {"type": "LineString", "coordinates": [[72.8745743, 19.1050769], [72.8745895, 19.1035177]]}}, {"type": "Feature", "id": "1122256443", "properties": {"id": "1122256443", "name": "Unnamed Road", "highway": "secondary", "lanes": null, "source": "OSM"}, "geometry": {"type": "LineString", "coordinates": [[72.8744744, 19.1034537], [72.8744727, 19.1036922], [72.8744707, 19.1051088]]}}, {"type": "Feature", "id": "1122256444", "properties": {"id": "1122256444", "name": "Unnamed Road", "highway": "secondary", "lanes": null, "source": "OSM"}, "geometry": {"type": "LineString", "coordinates": [[72.8762814, 19.1032402], [72.8765094, 19.1031743], [72.8766382, 19.1030704], [72.8767133, 19.1029715], [72.8767385, 19.1028021], [72.8767344, 19.1026099], [72.8766153, 19.1016553], [72.8765631, 19.1013241], [72.8765658, 19.1011188], [72.8765191, 19.1008856]]}}, {"type": "Feature", "id": "1122256446", "properties": {"id": "1122256446", "name": "Unnamed Road", "highway": "secondary_link", "lanes": null, "source": "OSM"}, "geometry": {"type": "LineString", "coordinates": [[72.8626265, 19.1027599], [72.8626987, 19.1027206], [72.8627604, 19.1026953], [72.8628972, 19.1026788]]}}, {"type": "Feature", "id": "1122256447", "properties": {"id": "1122256447", "name": "Unnamed Road", "highway": "secondary_link", "lanes": null, "source": "OSM"}, "geometry": {"type": "LineString", "coordinates": [[72.863093, 19.1025407], [72.8629857, 19.1023835], [72.862967, 19.102305], [72.8629481, 19.1021949]]}}, {"type": "Feature", "id": "1122256448", "properties": {"id": "1122256448", "name": "V K Krishna Marg", "highway": "tertiary", "lanes": null, "source": "OSM"}, "geometry": {"type": "LineString", "coordinates": [[72.8636602, 19.1008005], [72.8634948, 19.1010949], [72.8629801, 19.1019838], [72.8626932, 19.1024325]]}}, {"type": "Feature", "id": "1122256449", "properties": {"id": "1122256449", "name": "V K Krishna Marg", "highway": "tertiary", "lanes": null, "source": "OSM"}, "geometry": {"type": "LineString", "coordinates": [[72.8638219, 19.1007242], [72.8644432, 19.0996457], [72.8649798, 19.0986665], [72.8649718, 19.0985848]]}}, {"type": "Feature", "id": "1122421029", "properties": {"id": "1122421029", "name": "Flyover", "highway": "trunk_link", "lanes": "2", "source": "OSM"}, "geometry": {"type": "LineString", "coordinates": [[72.8512201, 19.0738728], [72.8509725, 19.0738264], [72.8496896, 19.0740298], [72.8489479, 19.0741327]]}}, {"type": "Feature", "id": "1122421033", "properties": {"id": "1122421033", "name": "SCLR Flyover", "highway": "trunk", "lanes": null, "source": "OSM"}, "geometry": {"type": "LineString", "coordinates": [[72.8551472, 19.0753698], [72.8553307, 19.0753989], [72.8554997, 19.0754014], [72.855894, 19.0753609], [72.8593297, 19.0747156]]}}, {"type": "Feature", "id": "1122421034", "properties": {"id": "1122421034", "name": "Unnamed Road", "highway": "trunk", "lanes": "2", "source": "OSM"}, "geometry": {"type": "LineString", "coordinates": [[72.8728796, 19.0752569], [72.8724334, 19.0750323], [72.8723592, 19.074995], [72.8672098, 19.072745], [72.8664414, 19.0724092], [72.8659382, 19.0721893], [72.8640533, 19.0713657], [72.8635084, 19.0711795], [72.8632861, 19.0711183], [72.862946, 19.0710814], [72.8627037, 19.0710894], [72.8624648, 19.0711292], [72.8622376, 19.0711973], [72.8620014, 19.0712824], [72.8617228, 19.0714606], [72.8615043, 19.0716538], [72.861355, 19.0718348], [72.8612134, 19.0720624], [72.860753, 19.0734849], [72.8606254, 19.073785], [72.8604793, 19.074008], [72.8603086, 19.0742006], [72.8601151, 19.074345], [72.8598841, 19.0744784], [72.8596096, 19.0745778], [72.8593159, 19.0746398], [72.8558817, 19.0752853], [72.8554959, 19.075325], [72.8553364, 19.0753226], [72.8551575, 19.0753012], [72.8549927, 19.0752544], [72.8547299, 19.0751479], [72.8533807, 19.0744046], [72.8529686, 19.0741892], [72.8527103, 19.0740735], [72.8523777, 19.0739627], [72.8520127, 19.0738875], [72.8516467, 19.0738664], [72.8513463, 19.0738659], [72.8512201, 19.0738728]]}}, {"type": "Feature", "id": "1122421036", "properties": {"id": "1122421036", "name": "SCLR Flyover", "highway": "trunk", "lanes": "2", "source": "OSM"}, "geometry": {"type": "LineString", "coordinates": [[72.8664424, 19.0725062], [72.8723164, 19.0750749], [72.8728368, 19.0753367]]}}, {"type": "Feature", "id": "1122440726", "properties": {"id": "1122440726", "name": "BKC - SCLR Connector", "highway": "primary", "lanes": "2", "source": "OSM"}, "geometry": {"type": "LineString", "coordinates": [[72.8697474, 19.0701069], [72.8709985, 19.0708998], [72.8711699, 19.0710396], [72.8712873, 19.0711934], [72.8713886, 19.0713564], [72.8714592, 19.0715194], [72.8715051, 19.0716901], [72.8715352, 19.0719177], [72.8715316, 19.0721027], [72.8714937, 19.0723179], [72.8714047, 19.072622], [72.8710421, 19.0738064], [72.8710123, 19.0740023], [72.8710199, 19.0741017], [72.8710566, 19.0742395], [72.8711103, 19.0743488], [72.8711687, 19.074421], [72.8712329, 19.0744877], [72.8713355, 19.0745733], [72.8714491, 19.0746467], [72.8723378, 19.075035], [72.8728582, 19.0752968], [72.8744292, 19.0760495], [72.8748985, 19.0763576], [72.8751219, 19.0764664], [72.8752916, 19.0765344], [72.8754503, 19.0765894], [72.8756081, 19.0766245], [72.87576, 19.0766492], [72.8759346, 19.0766678], [72.8761042, 19.0766721], [72.8762763, 19.0766518], [72.87645, 19.076582], [72.8766069, 19.0764911]]}}, {"type": "Feature", "id": "1122440727", "properties": {"id": "1122440727", "name": "Unnamed Road", "highway": "tertiary", "lanes": null, "source": "OSM"}, "geometry": {"type": "LineString", "coordinates": [[72.8791224, 19.0741205], [72.8793666, 19.0747248]]}}, {"type": "Feature", "id": "1122471449", "properties": {"id": "1122471449", "name": "Unnamed Road", "highway": "tertiary", "lanes": null, "source": "OSM"}, "geometry": {"type": "LineString", "coordinates": [[72.8866205, 19.0850938], [72.8866668, 19.0853735], [72.8866884, 19.0855041], [72.8866972, 19.0855385], [72.8867721, 19.0858319], [72.8867809, 19.0858666], [72.8869054, 19.0861897], [72.8869674, 19.086352], [72.8870896, 19.0866135], [72.8871149, 19.0866409], [72.8871475, 19.0866439]]}}, {"type": "Feature", "id": "1122471450", "properties": {"id": "1122471450", "name": "Unnamed Road", "highway": "tertiary", "lanes": null, "source": "OSM"}, "geometry": {"type": "LineString", "coordinates": [[72.8871475, 19.0866439], [72.8871484, 19.0866092], [72.8870076, 19.0863266], [72.8869373, 19.0861264], [72.8868386, 19.085845], [72.8868312, 19.0858173], [72.8867532, 19.0855244], [72.8867456, 19.0854957], [72.8867166, 19.0853663], [72.8866785, 19.0851006]]}}, {"type": "Feature", "id": "1122603564", "properties": {"id": "1122603564", "name": "Unnamed Road", "highway": "secondary", "lanes": null, "source": "OSM"}, "geometry": {"type": "LineString", "coordinates": [[72.8764957, 19.103042], [72.8761277, 19.1030549]]}}, {"type": "Feature", "id": "1122603567", "properties": {"id": "1122603567", "name": "Unnamed Road", "highway": "secondary", "lanes": null, "source": "OSM"}, "geometry": {"type": "LineString", "coordinates": [[72.8754874, 19.1031842], [72.8758679, 19.1032407], [72.8760749, 19.1032453], [72.8762814, 19.1032402]]}}, {"type": "Feature", "id": "1122603568", "properties": {"id": "1122603568", "name": "Unnamed Road", "highway": "secondary", "lanes": null, "source": "OSM"}, "geometry": {"type": "LineString", "coordinates": [[72.8754874, 19.1031842], [72.8764065, 19.1031548]]}}, {"type": "Feature", "id": "1122603569", "properties": {"id": "1122603569", "name": "Sahar Elevated Road", "highway": "primary", "lanes": "3", "source": "OSM"}, "geometry": {"type": "LineString", "coordinates": [[72.8718221, 19.1031921], [72.8727839, 19.103158]]}}, {"type": "Feature", "id": "1122603575", "properties": {"id": "1122603575", "name": "Unnamed Road", "highway": "secondary", "lanes": null, "source": "OSM"}, "geometry": {"type": "LineString", "coordinates": [[72.8733834, 19.1033295], [72.8735447, 19.1032957], [72.8738826, 19.1032784], [72.8741692, 19.1032973]]}}, {"type": "Feature", "id": "1122614520", "properties": {"id": "1122614520", "name": "Unnamed Road", "highway": "tertiary", "lanes": null, "source": "OSM"}, "geometry": {"type": "LineString", "coordinates": [[72.8929308, 19.0688255], [72.892814, 19.0686998], [72.8927546, 19.0686356]]}}, {"type": "Feature", "id": "1123366925", "properties": {"id": "1123366925", "name": "N S Phadke Marg", "highway": "primary", "lanes": null, "source": "OSM"}, "geometry": {"type": "LineString", "coordinates": [[72.8544811, 19.113344], [72.8548176, 19.1132768]]}}, {"type": "Feature", "id": "1123366926", "properties": {"id": "1123366926", "name": "N S Phadke Marg", "highway": "primary", "lanes": null, "source": "OSM"}, "geometry": {"type": "LineString", "coordinates": [[72.8547335, 19.113175], [72.854456, 19.1132132]]}}, {"type": "Feature", "id": "1123427084", "properties": {"id": "1123427084", "name": "Nehru Road", "highway": "tertiary", "lanes": null, "source": "OSM"}, "geometry": {"type": "LineString", "coordinates": [[72.8505975, 19.0971334], [72.851056, 19.0970005], [72.851357, 19.0969116], [72.8514137, 19.0968975], [72.8515775, 19.0968629], [72.851775, 19.0968086]]}}, {"type": "Feature", "id": "1123869882", "properties": {"id": "1123869882", "name": "Unnamed Road", "highway": "tertiary", "lanes": null, "source": "OSM"}, "geometry": {"type": "LineString", "coordinates": [[72.8547195, 19.0942484], [72.8548803, 19.0945665]]}}, {"type": "Feature", "id": "1123869883", "properties": {"id": "1123869883", "name": "Unnamed Road", "highway": "tertiary", "lanes": null, "source": "OSM"}, "geometry": {"type": "LineString", "coordinates": [[72.8653603, 19.1091936], [72.865312, 19.1091547], [72.8652685, 19.1091183], [72.8651639, 19.1090422], [72.8650615, 19.1089496], [72.8649541, 19.108841], [72.8648296, 19.108688], [72.8647731, 19.1086062], [72.864742, 19.1085516], [72.8647308, 19.1085303], [72.8645478, 19.1081827], [72.8643073, 19.1077445], [72.8642643, 19.1076567], [72.8642231, 19.1075723]]}}, {"type": "Feature", "id": "1123869884", "properties": {"id": "1123869884", "name": "Unnamed Road", "highway": "tertiary_link", "lanes": null, "source": "OSM"}, "geometry": {"type": "LineString", "coordinates": [[72.8647277, 19.1086306], [72.8647731, 19.1086062]]}}, {"type": "Feature", "id": "1123869885", "properties": {"id": "1123869885", "name": "Srinivas Bagarka Road", "highway": "tertiary", "lanes": null, "source": "OSM"}, "geometry": {"type": "LineString", "coordinates": [[72.8641729, 19.107604], [72.8645189, 19.1082379], [72.8646267, 19.1084407], [72.8647277, 19.1086306], [72.8648332, 19.1087814], [72.8648434, 19.108796], [72.8649523, 19.1089239], [72.8650952, 19.1090592], [72.865256, 19.1091781], [72.8653537, 19.1092548], [72.8653754, 19.1092718], [72.8657106, 19.1095873], [72.8657569, 19.1096308], [72.8660562, 19.1100466], [72.8660837, 19.1100848], [72.8662683, 19.1103414], [72.8662797, 19.1103533], [72.8664928, 19.1105757]]}}, {"type": "Feature", "id": "1123869886", "properties": {"id": "1123869886", "name": "Unnamed Road", "highway": "secondary_link", "lanes": null, "source": "OSM"}, "geometry": {"type": "LineString", "coordinates": [[72.8759445, 19.1090059], [72.8759392, 19.1090641], [72.8758932, 19.109199], [72.875859, 19.1092882], [72.8757781, 19.1094242]]}}, {"type": "Feature", "id": "1123869887", "properties": {"id": "1123869887", "name": "Unnamed Road", "highway": "secondary_link", "lanes": null, "source": "OSM"}, "geometry": {"type": "LineString", "coordinates": [[72.8764475, 19.1091741], [72.8763285, 19.109141], [72.8761905, 19.1090652], [72.8760454, 19.1089561]]}}, {"type": "Feature", "id": "1123869888", "properties": {"id": "1123869888", "name": "Mathuradas Vasanji Road (Andheri Kurla Road)", "highway": "primary", "lanes": null, "source": "OSM"}, "geometry": {"type": "LineString", "coordinates": [[72.8764475, 19.1091741], [72.8761775, 19.1092768], [72.876062, 19.1093164]]}}, {"type": "Feature", "id": "1123869889", "properties": {"id": "1123869889", "name": "Mathuradas Vasanji Road (Andheri Kurla Road)", "highway": "primary", "lanes": null, "source": "OSM"}, "geometry": {"type": "LineString", "coordinates": [[72.876775, 19.1090494], [72.8767172, 19.1090714]]}}, {"type": "Feature", "id": "1123870505", "properties": {"id": "1123870505", "name": "Unnamed Road", "highway": "secondary_link", "lanes": null, "source": "OSM"}, "geometry": {"type": "LineString", "coordinates": [[72.8602977, 19.1150429], [72.8603134, 19.1149891], [72.8603316, 19.1149438], [72.8603628, 19.1148851]]}}, {"type": "Feature", "id": "1124037098", "properties": {"id": "1124037098", "name": "Krishnalal Marva Marg", "highway": "tertiary", "lanes": null, "source": "OSM"}, "geometry": {"type": "LineString", "coordinates": [[72.8866376, 19.1103081], [72.8865851, 19.1104952], [72.8865652, 19.1107745], [72.8866066, 19.1111248], [72.8866516, 19.1114939], [72.88669, 19.1118087], [72.8867018, 19.111894], [72.8867428, 19.1121904], [72.8867446, 19.1122032], [72.886754, 19.1122718], [72.8867609, 19.1123219], [72.8867628, 19.1123459], [72.8867636, 19.1123552], [72.8868059, 19.1124861], [72.8868948, 19.1126293], [72.8869621, 19.1127109], [72.8869933, 19.1127481], [72.8870329, 19.1127967], [72.8872719, 19.1131061], [72.887538, 19.1136535], [72.8875636, 19.1137478], [72.8876066, 19.1143291], [72.88755, 19.1144271], [72.8874809, 19.1144909], [72.8874299, 19.1145748], [72.8873643, 19.1149655], [72.887316, 19.115205], [72.8872871, 19.1155283], [72.8872588, 19.1158456], [72.887219, 19.1162917], [72.8871571, 19.1171169], [72.8871559, 19.1171328], [72.8871531, 19.1171692], [72.887151, 19.1171975], [72.8871398, 19.1173472], [72.8871066, 19.1177457], [72.887093, 19.1178933], [72.8870505, 19.1183553], [72.8869459, 19.118622], [72.8868901, 19.1188271], [72.886865, 19.1188901]]}}, {"type": "Feature", "id": "1124076467", "properties": {"id": "1124076467", "name": "Kherani Road", "highway": "secondary", "lanes": null, "source": "OSM"}, "geometry": {"type": "LineString", "coordinates": [[72.8923551, 19.1068735], [72.8924145, 19.1068711], [72.8925791, 19.1068558], [72.892928, 19.1067618], [72.8932866, 19.1066481], [72.8935337, 19.1065376], [72.893734, 19.1063143], [72.8939751, 19.1060819], [72.8941528, 19.1059203], [72.8943311, 19.1057752], [72.8945561, 19.1056332], [72.8946519, 19.1055649]]}}, {"type": "Feature", "id": "1124076471", "properties": {"id": "1124076471", "name": "Unnamed Road", "highway": "secondary", "lanes": null, "source": "OSM"}, "geometry": {"type": "LineString", "coordinates": [[72.892247, 19.1069079], [72.8923088, 19.1069027]]}}, {"type": "Feature", "id": "1124076472", "properties": {"id": "1124076472", "name": "Kherani Road", "highway": "secondary", "lanes": null, "source": "OSM"}, "geometry": {"type": "LineString", "coordinates": [[72.8922362, 19.1068432], [72.8921516, 19.1068501], [72.8915005, 19.1068864], [72.8910591, 19.1069026], [72.8909172, 19.1068865], [72.8908146, 19.106849], [72.8907093, 19.1067698], [72.8905623, 19.1066461], [72.8904801, 19.106591], [72.8902463, 19.1065068], [72.8898677, 19.1063703], [72.8898168, 19.1063492], [72.8896398, 19.1062757], [72.8889293, 19.1059168], [72.8886817, 19.1058462], [72.8884355, 19.1058264], [72.8882277, 19.105827], [72.8879104, 19.1058682], [72.8878195, 19.1059034]]}}, {"type": "Feature", "id": "1124076473", "properties": {"id": "1124076473", "name": "Kherani Road", "highway": "secondary", "lanes": null, "source": "OSM"}, "geometry": {"type": "LineString", "coordinates": [[72.8922981, 19.1068381], [72.8922362, 19.1068432]]}}, {"type": "Feature", "id": "1124088174", "properties": {"id": "1124088174", "name": "Unnamed Road", "highway": "tertiary", "lanes": null, "source": "OSM"}, "geometry": {"type": "LineString", "coordinates": [[72.8793319, 19.100812], [72.8792592, 19.1008446]]}}, {"type": "Feature", "id": "1124088175", "properties": {"id": "1124088175", "name": "Unnamed Road", "highway": "tertiary", "lanes": null, "source": "OSM"}, "geometry": {"type": "LineString", "coordinates": [[72.8798099, 19.1008569], [72.8797518, 19.1008552]]}}, {"type": "Feature", "id": "1124088176", "properties": {"id": "1124088176", "name": "Unnamed Road", "highway": "tertiary", "lanes": null, "source": "OSM"}, "geometry": {"type": "LineString", "coordinates": [[72.8797518, 19.1008552], [72.8793319, 19.100812]]}}, {"type": "Feature", "id": "1124088177", "properties": {"id": "1124088177", "name": "Unnamed Road", "highway": "tertiary", "lanes": null, "source": "OSM"}, "geometry": {"type": "LineString", "coordinates": [[72.8792592, 19.1008446], [72.8793285, 19.1008805]]}}, {"type": "Feature", "id": "1124088178", "properties": {"id": "1124088178", "name": "Sakinaka Tele Exchange Lane", "highway": "tertiary", "lanes": null, "source": "OSM"}, "geometry": {"type": "LineString", "coordinates": [[72.8797481, 19.1009297], [72.879863, 19.1009121], [72.880046, 19.1008475], [72.8801915, 19.1007981], [72.8805578, 19.1006739]]}}, {"type": "Feature", "id": "1124088182", "properties": {"id": "1124088182", "name": "Sant Shitolebaba Maharaj Marg", "highway": "primary", "lanes": null, "source": "OSM"}, "geometry": {"type": "LineString", "coordinates": [[72.8869242, 19.1042929], [72.8874347, 19.1039669], [72.8874796, 19.1039416], [72.8875075, 19.1039244], [72.8876151, 19.1038581], [72.8880721, 19.1035767], [72.8885095, 19.1033073], [72.8885375, 19.1032901], [72.8885749, 19.1032624], [72.8886738, 19.1031923]]}}, {"type": "Feature", "id": "1124088185", "properties": {"id": "1124088185", "name": "Sant Shitolebaba Maharaj Marg", "highway": "primary", "lanes": null, "source": "OSM"}, "geometry": {"type": "LineString", "coordinates": [[72.8900161, 19.102135], [72.890063, 19.1020967]]}}, {"type": "Feature", "id": "1124088186", "properties": {"id": "1124088186", "name": "Unnamed Road", "highway": "primary_link", "lanes": null, "source": "OSM"}, "geometry": {"type": "LineString", "coordinates": [[72.8900901, 19.1020746], [72.8899887, 19.1019454]]}}, {"type": "Feature", "id": "1124088190", "properties": {"id": "1124088190", "name": "Sant Shitolebaba Maharaj Marg", "highway": "primary", "lanes": null, "source": "OSM"}, "geometry": {"type": "LineString", "coordinates": [[72.8886372, 19.1029386], [72.8885372, 19.1030104], [72.887765, 19.1034595], [72.8875522, 19.1036003], [72.8872761, 19.1037953], [72.8868351, 19.1041167]]}}, {"type": "Feature", "id": "1124088191", "properties": {"id": "1124088191", "name": "Sant Shitolebaba Maharaj Marg", "highway": "primary", "lanes": null, "source": "OSM"}, "geometry": {"type": "LineString", "coordinates": [[72.8899601, 19.1019677], [72.8899123, 19.1020049]]}}, {"type": "Feature", "id": "1124095104", "properties": {"id": "1124095104", "name": "Unnamed Road", "highway": "primary_link", "lanes": null, "source": "OSM"}, "geometry": {"type": "LineString", "coordinates": [[72.8687256, 19.0692267], [72.8686558, 19.0690974], [72.8686486, 19.0689977], [72.868651, 19.0688713]]}}, {"type": "Feature", "id": "1124095105", "properties": {"id": "1124095105", "name": "Unnamed Road", "highway": "primary_link", "lanes": null, "source": "OSM"}, "geometry": {"type": "LineString", "coordinates": [[72.8656783, 19.0673349], [72.8656374, 19.0672399], [72.8656321, 19.0671267], [72.8656607, 19.0670134], [72.8657184, 19.066865]]}}, {"type": "Feature", "id": "1124095107", "properties": {"id": "1124095107", "name": "Vasantarao Naik Marg", "highway": "tertiary", "lanes": null, "source": "OSM"}, "geometry": {"type": "LineString", "coordinates": [[72.8859595, 19.0586924], [72.8858064, 19.0585028], [72.8855522, 19.058188], [72.8854281, 19.0580343], [72.8851455, 19.0576628], [72.8849527, 19.0574128], [72.8848504, 19.0572803], [72.8846627, 19.0570456], [72.8845564, 19.0569137], [72.8844663, 19.0568301], [72.884396, 19.0567771], [72.8839591, 19.0564743], [72.883808, 19.056373], [72.8837233, 19.0563775]]}}, {"type": "Feature", "id": "1124095108", "properties": {"id": "1124095108", "name": "Unnamed Road", "highway": "tertiary", "lanes": null, "source": "OSM"}, "geometry": {"type": "LineString", "coordinates": [[72.8848162, 19.0549338], [72.8847205, 19.0550509], [72.8839876, 19.0559988], [72.8839139, 19.0561039], [72.8837517, 19.0563353], [72.8837233, 19.0563775]]}}, {"type": "Feature", "id": "1124095109", "properties": {"id": "1124095109", "name": "Vasantarao Naik Marg", "highway": "tertiary", "lanes": null, "source": "OSM"}, "geometry": {"type": "LineString", "coordinates": [[72.8837626, 19.0564487], [72.8839, 19.0565477], [72.8842027, 19.0567365], [72.8843467, 19.0568365], [72.884473, 19.0569504], [72.8845885, 19.057099], [72.8847711, 19.0573334], [72.8848741, 19.057466], [72.8850678, 19.0577155], [72.8851392, 19.0578075], [72.8853527, 19.0580868], [72.8854738, 19.0582416], [72.8857213, 19.0585578], [72.8858965, 19.0587817]]}}, {"type": "Feature", "id": "1124095110", "properties": {"id": "1124095110", "name": "Unnamed Road", "highway": "tertiary_link", "lanes": null, "source": "OSM"}, "geometry": {"type": "LineString", "coordinates": [[72.8839591, 19.0564743], [72.8839208, 19.0563899], [72.8839154, 19.0562979], [72.8839185, 19.0562104]]}}, {"type": "Feature", "id": "1124095111", "properties": {"id": "1124095111", "name": "Unnamed Road", "highway": "tertiary_link", "lanes": null, "source": "OSM"}, "geometry": {"type": "LineString", "coordinates": [[72.8845885, 19.057099], [72.8846627, 19.0570456]]}}, {"type": "Feature", "id": "1124095112", "properties": {"id": "1124095112", "name": "Unnamed Road", "highway": "tertiary", "lanes": "2", "source": "OSM"}, "geometry": {"type": "LineString", "coordinates": [[72.8901974, 19.0564441], [72.8901783, 19.0564424], [72.8901597, 19.0564464], [72.8901433, 19.0564556], [72.8901298, 19.0564706], [72.8901225, 19.056489], [72.8901219, 19.056507], [72.8901272, 19.0565243], [72.890138, 19.0565392], [72.8901532, 19.0565503], [72.8901712, 19.0565563], [72.8901904, 19.0565568], [72.8902105, 19.0565507], [72.8902272, 19.0565385], [72.8902384, 19.0565217], [72.890243, 19.0565022], [72.8902402, 19.0564825], [72.8902305, 19.0564648], [72.8902149, 19.0564513], [72.8901974, 19.0564441]]}}, {"type": "Feature", "id": "1124095114", "properties": {"id": "1124095114", "name": "K N Gaiakwad Marg", "highway": "tertiary", "lanes": null, "source": "OSM"}, "geometry": {"type": "LineString", "coordinates": [[72.8896646, 19.058254], [72.8897308, 19.0580468], [72.8898849, 19.0575643], [72.8899749, 19.0572824], [72.8901904, 19.0565568]]}}, {"type": "Feature", "id": "1124095117", "properties": {"id": "1124095117", "name": "St Vershaw Kakkaya Marg", "highway": "tertiary", "lanes": null, "source": "OSM"}, "geometry": {"type": "LineString", "coordinates": [[72.8892791, 19.0559732], [72.889309, 19.0560194], [72.8894597, 19.056106], [72.8898557, 19.0563371], [72.8901225, 19.056489]]}}, {"type": "Feature", "id": "1124095118", "properties": {"id": "1124095118", "name": "St Vershaw Kakkaya Marg", "highway": "tertiary", "lanes": null, "source": "OSM"}, "geometry": {"type": "LineString", "coordinates": [[72.8901433, 19.0564556], [72.8898849, 19.056296], [72.8894922, 19.0560623], [72.8893358, 19.0559749], [72.8892791, 19.0559732]]}}, {"type": "Feature", "id": "1124095119", "properties": {"id": "1124095119", "name": "K N Gaiakwad Marg", "highway": "tertiary", "lanes": null, "source": "OSM"}, "geometry": {"type": "LineString", "coordinates": [[72.8901272, 19.0565243], [72.8899035, 19.0572545], [72.8898088, 19.0575447], [72.8896622, 19.0579943], [72.8895949, 19.0582007]]}}, {"type": "Feature", "id": "1124942666", "properties": {"id": "1124942666", "name": "Mathuradas Vasanji Road (Andheri Kurla Road)", "highway": "primary", "lanes": null, "source": "OSM"}, "geometry": {"type": "LineString", "coordinates": [[72.8695186, 19.1114272], [72.8690949, 19.1115411], [72.8688004, 19.1116253], [72.867761, 19.1118863], [72.8668721, 19.1121369]]}}, {"type": "Feature", "id": "1124942667", "properties": {"id": "1124942667", "name": "Mathuradas Vasanji Road (Andheri Kurla Road)", "highway": "primary", "lanes": null, "source": "OSM"}, "geometry": {"type": "LineString", "coordinates": [[72.8695786, 19.1114111], [72.8695186, 19.1114272]]}}, {"type": "Feature", "id": "1126626670", "properties": {"id": "1126626670", "name": "Unnamed Road", "highway": "tertiary_link", "lanes": null, "source": "OSM"}, "geometry": {"type": "LineString", "coordinates": [[72.8675908, 19.1115852], [72.8676357, 19.1115591]]}}, {"type": "Feature", "id": "1128423092", "properties": {"id": "1128423092", "name": "S G Barve Marg", "highway": "tertiary", "lanes": null, "source": "OSM"}, "geometry": {"type": "LineString", "coordinates": [[72.8802672, 19.0737686], [72.8802366, 19.073961], [72.8801552, 19.0742913]]}}, {"type": "Feature", "id": "1129143532", "properties": {"id": "1129143532", "name": "Unnamed Road", "highway": "trunk_link", "lanes": null, "source": "OSM"}, "geometry": {"type": "LineString", "coordinates": [[72.8598101, 19.0746516], [72.8597652, 19.0744553]]}}, {"type": "Feature", "id": "1133057126", "properties": {"id": "1133057126", "name": "Mathuradas Vasanji Road (Andheri Kurla Road)", "highway": "primary", "lanes": null, "source": "OSM"}, "geometry": {"type": "LineString", "coordinates": [[72.876819, 19.1092353], [72.8779368, 19.1088316], [72.8779904, 19.108809], [72.8780439, 19.1087864], [72.87855, 19.1085916]]}}, {"type": "Feature", "id": "1133057127", "properties": {"id": "1133057127", "name": "Unnamed Road", "highway": "secondary", "lanes": null, "source": "OSM"}, "geometry": {"type": "LineString", "coordinates": [[72.876062, 19.1093164], [72.8761312, 19.1094849]]}}, {"type": "Feature", "id": "1133057128", "properties": {"id": "1133057128", "name": "Mathuradas Vasanji Road (Andheri Kurla Road)", "highway": "primary", "lanes": null, "source": "OSM"}, "geometry": {"type": "LineString", "coordinates": [[72.8762388, 19.1094449], [72.8767609, 19.1092563]]}}, {"type": "Feature", "id": "1133057129", "properties": {"id": "1133057129", "name": "Mathuradas Vasanji Road (Andheri Kurla Road)", "highway": "primary", "lanes": null, "source": "OSM"}, "geometry": {"type": "LineString", "coordinates": [[72.8767609, 19.1092563], [72.876819, 19.1092353]]}}, {"type": "Feature", "id": "1138318224", "properties": {"id": "1138318224", "name": "Mathuradas Vasanji Road", "highway": "secondary", "lanes": null, "source": "OSM"}, "geometry": {"type": "LineString", "coordinates": [[72.8578353, 19.1151004], [72.8585659, 19.1149427], [72.859121, 19.1148671], [72.8593649, 19.1148492]]}}, {"type": "Feature", "id": "1138318226", "properties": {"id": "1138318226", "name": "Unnamed Road", "highway": "tertiary", "lanes": "1", "source": "OSM"}, "geometry": {"type": "LineString", "coordinates": [[72.8552875, 19.1163802], [72.8552697, 19.1161745], [72.8552469, 19.1159119], [72.8552305, 19.1157949], [72.8552121, 19.1156637], [72.8551714, 19.1153735], [72.8551377, 19.1151334], [72.8550484, 19.1145253]]}}, {"type": "Feature", "id": "1141890938", "properties": {"id": "1141890938", "name": "Air Port Road", "highway": "tertiary", "lanes": null, "source": "OSM"}, "geometry": {"type": "LineString", "coordinates": [[72.8524506, 19.0956559], [72.852821, 19.0955298]]}}, {"type": "Feature", "id": "1141892403", "properties": {"id": "1141892403", "name": "Service road", "highway": "primary", "lanes": null, "source": "OSM"}, "geometry": {"type": "LineString", "coordinates": [[72.8526974, 19.0963175], [72.8527815, 19.0965425]]}}, {"type": "Feature", "id": "1141892404", "properties": {"id": "1141892404", "name": "Unnamed Road", "highway": "primary", "lanes": null, "source": "OSM"}, "geometry": {"type": "LineString", "coordinates": [[72.8531244, 19.0964588], [72.8530621, 19.0962681]]}}, {"type": "Feature", "id": "1141926437", "properties": {"id": "1141926437", "name": "Mathuradas Vasanji Road (Andheri Kurla Road)", "highway": "primary", "lanes": null, "source": "OSM"}, "geometry": {"type": "LineString", "coordinates": [[72.876062, 19.1093164], [72.8757781, 19.1094242], [72.8748703, 19.109769], [72.8747654, 19.1098088], [72.8742661, 19.1100034], [72.8741484, 19.110047], [72.8734989, 19.1102879], [72.8734276, 19.1103115], [72.8726493, 19.1105686], [72.8720027, 19.1107566], [72.8718221, 19.1108065], [72.8717057, 19.1108387], [72.8714992, 19.1108958], [72.8713189, 19.1109457], [72.8707365, 19.1110928], [72.8701172, 19.1112663], [72.8695786, 19.1114111]]}}, {"type": "Feature", "id": "1144579231", "properties": {"id": "1144579231", "name": "Unnamed Road", "highway": "tertiary", "lanes": "1", "source": "OSM"}, "geometry": {"type": "LineString", "coordinates": [[72.8539346, 19.1091378], [72.8537865, 19.1086018], [72.8536562, 19.1079349], [72.8536277, 19.1077266], [72.8536182, 19.1074988], [72.8536292, 19.1072688], [72.8536306, 19.1072389]]}}, {"type": "Feature", "id": "1144579232", "properties": {"id": "1144579232", "name": "Unnamed Road", "highway": "tertiary", "lanes": "1", "source": "OSM"}, "geometry": {"type": "LineString", "coordinates": [[72.8540319, 19.1095795], [72.8539593, 19.1092356]]}}, {"type": "Feature", "id": "1144579233", "properties": {"id": "1144579233", "name": "Service road", "highway": "tertiary", "lanes": "1", "source": "OSM"}, "geometry": {"type": "LineString", "coordinates": [[72.8534682, 19.1060703], [72.8533921, 19.1064426], [72.8532621, 19.1070135], [72.8532256, 19.1075047], [72.8532198, 19.1075834], [72.8532518, 19.1078811], [72.8532785, 19.1080477], [72.8535745, 19.1092095]]}}, {"type": "Feature", "id": "1144579234", "properties": {"id": "1144579234", "name": "Sahar Road", "highway": "secondary", "lanes": null, "source": "OSM"}, "geometry": {"type": "LineString", "coordinates": [[72.8539346, 19.1091378], [72.8535745, 19.1092095]]}}, {"type": "Feature", "id": "1144579235", "properties": {"id": "1144579235", "name": "V K Krishna Marg", "highway": "secondary", "lanes": null, "source": "OSM"}, "geometry": {"type": "LineString", "coordinates": [[72.853594, 19.1093037], [72.8539593, 19.1092356]]}}, {"type": "Feature", "id": "1144579236", "properties": {"id": "1144579236", "name": "Unnamed Road", "highway": "tertiary", "lanes": "1", "source": "OSM"}, "geometry": {"type": "LineString", "coordinates": [[72.8539593, 19.1092356], [72.8539346, 19.1091378]]}}, {"type": "Feature", "id": "1144579237", "properties": {"id": "1144579237", "name": "Service Road", "highway": "tertiary", "lanes": "1", "source": "OSM"}, "geometry": {"type": "LineString", "coordinates": [[72.8544811, 19.113344], [72.8545572, 19.1137971], [72.8546137, 19.1141337], [72.854649, 19.1143535], [72.8547328, 19.1148756], [72.8548633, 19.115689], [72.8549442, 19.1161934], [72.8549743, 19.116572]]}}, {"type": "Feature", "id": "1144579238", "properties": {"id": "1144579238", "name": "V K Krishna Marg", "highway": "secondary", "lanes": null, "source": "OSM"}, "geometry": {"type": "LineString", "coordinates": [[72.8593723, 19.1071132], [72.8607997, 19.1053793], [72.8610503, 19.1050555], [72.8611179, 19.1049742], [72.8613469, 19.1046722], [72.8614947, 19.1044849], [72.8617956, 19.1041038], [72.8618066, 19.1040898], [72.8618631, 19.1040019]]}}, {"type": "Feature", "id": "1144581086", "properties": {"id": "1144581086", "name": "Dr Karanjia Road", "highway": "tertiary", "lanes": null, "source": "OSM"}, "geometry": {"type": "LineString", "coordinates": [[72.8591307, 19.1071809], [72.8592087, 19.1072836], [72.8592575, 19.1076248]]}}, {"type": "Feature", "id": "1144581087", "properties": {"id": "1144581087", "name": "V K Krishna Marg", "highway": "secondary", "lanes": null, "source": "OSM"}, "geometry": {"type": "LineString", "coordinates": [[72.8551636, 19.1089719], [72.8554213, 19.1089089], [72.8558218, 19.1088333], [72.856288, 19.1087453], [72.8565525, 19.1086855], [72.8575006, 19.1084738], [72.8575645, 19.1084516], [72.8578532, 19.1083515], [72.8579244, 19.1083268], [72.8584394, 19.1080379], [72.8586148, 19.1078757], [72.8586734, 19.1078215], [72.8592087, 19.1072836], [72.8593037, 19.1071882], [72.8593723, 19.1071132]]}}, {"type": "Feature", "id": "1144581088", "properties": {"id": "1144581088", "name": "Dr Karanjia Road", "highway": "tertiary", "lanes": null, "source": "OSM"}, "geometry": {"type": "LineString", "coordinates": [[72.8593723, 19.1071132], [72.859285, 19.1070163]]}}, {"type": "Feature", "id": "1144581732", "properties": {"id": "1144581732", "name": "Ramakrishna Paramahansa Marg", "highway": "tertiary", "lanes": null, "source": "OSM"}, "geometry": {"type": "LineString", "coordinates": [[72.8533734, 19.0613784], [72.8532959, 19.0613439], [72.8532061, 19.0613036], [72.852624, 19.0610316], [72.8525671, 19.0609884], [72.8525326, 19.0609338], [72.8524838, 19.0608148], [72.8524025, 19.0605669], [72.8522816, 19.0602045], [72.8522487, 19.0601247]]}}, {"type": "Feature", "id": "1144586302", "properties": {"id": "1144586302", "name": "Unnamed Road", "highway": "secondary", "lanes": null, "source": "OSM"}, "geometry": {"type": "LineString", "coordinates": [[72.8742335, 19.1031997], [72.8744841, 19.1032026], [72.8746087, 19.103205], [72.875038, 19.1031928]]}}, {"type": "Feature", "id": "1144586303", "properties": {"id": "1144586303", "name": "Unnamed Road", "highway": "secondary", "lanes": null, "source": "OSM"}, "geometry": {"type": "LineString", "coordinates": [[72.8726337, 19.1031773], [72.8727344, 19.1031794]]}}, {"type": "Feature", "id": "1144590364", "properties": {"id": "1144590364", "name": "Mahakali Caves Road", "highway": "tertiary", "lanes": null, "source": "OSM"}, "geometry": {"type": "LineString", "coordinates": [[72.860099, 19.114917], [72.8601989, 19.1151545], [72.8603786, 19.1153673], [72.8607154, 19.1156036], [72.8607327, 19.1156157], [72.8610055, 19.1157783], [72.8610788, 19.1158168], [72.8612963, 19.1159378], [72.8613884, 19.1159891], [72.8616129, 19.116114], [72.8616572, 19.1161391], [72.8620175, 19.1163431], [72.8621972, 19.1164799], [72.8623447, 19.1166497], [72.862444, 19.1167612], [72.86257, 19.1169209], [72.8627363, 19.1172047], [72.8629932, 19.1176595], [72.8630883, 19.1178611], [72.8631295, 19.1179369], [72.863155, 19.1179871], [72.8632135, 19.1180311]]}}, {"type": "Feature", "id": "1144592009", "properties": {"id": "1144592009", "name": "Unnamed Road", "highway": "tertiary", "lanes": null, "source": "OSM"}, "geometry": {"type": "LineString", "coordinates": [[72.8885411, 19.1121227], [72.8884479, 19.1121054]]}}, {"type": "Feature", "id": "1144592010", "properties": {"id": "1144592010", "name": "Baji Pasalkar Marg (Saki Vihar Road)", "highway": "primary", "lanes": null, "source": "OSM"}, "geometry": {"type": "LineString", "coordinates": [[72.8885317, 19.1123024], [72.8885411, 19.1121227]]}}, {"type": "Feature", "id": "1144592011", "properties": {"id": "1144592011", "name": "Baji Pasalkar Marg (Saki Vihar Road)", "highway": "primary", "lanes": null, "source": "OSM"}, "geometry": {"type": "LineString", "coordinates": [[72.8884479, 19.1121054], [72.8884394, 19.1122985]]}}, {"type": "Feature", "id": "1144592012", "properties": {"id": "1144592012", "name": "Chandivali Farm Road", "highway": "tertiary", "lanes": null, "source": "OSM"}, "geometry": {"type": "LineString", "coordinates": [[72.8885317, 19.1123024], [72.8887935, 19.1124169]]}}, {"type": "Feature", "id": "1144611393", "properties": {"id": "1144611393", "name": "Father Peter Periera Road", "highway": "tertiary", "lanes": null, "source": "OSM"}, "geometry": {"type": "LineString", "coordinates": [[72.8849418, 19.0845663], [72.8849456, 19.0844858]]}}, {"type": "Feature", "id": "1144611394", "properties": {"id": "1144611394", "name": "Lal Bahadur Shastri Marg", "highway": "primary", "lanes": null, "source": "OSM"}, "geometry": {"type": "LineString", "coordinates": [[72.8861203, 19.0849504], [72.8850744, 19.0845367]]}}, {"type": "Feature", "id": "1148113028", "properties": {"id": "1148113028", "name": "Unnamed Road", "highway": "tertiary", "lanes": null, "source": "OSM"}, "geometry": {"type": "LineString", "coordinates": [[72.8566833, 19.0617362], [72.8565305, 19.0619636], [72.8563661, 19.0622197], [72.8561876, 19.0625037], [72.8560308, 19.0627532], [72.8559074, 19.0629495], [72.8558926, 19.0629731]]}}, {"type": "Feature", "id": "1148386968", "properties": {"id": "1148386968", "name": "Jawaharlal Nehru Road", "highway": "secondary", "lanes": null, "source": "OSM"}, "geometry": {"type": "LineString", "coordinates": [[72.8544868, 19.0813557], [72.8537523, 19.0810492], [72.8534348, 19.080927], [72.8529422, 19.0807374], [72.8528604, 19.0807233], [72.8524866, 19.0806588], [72.8522944, 19.0806436], [72.8519364, 19.0805802], [72.8512739, 19.0803749], [72.8506543, 19.0802203], [72.8501406, 19.0801126], [72.8499877, 19.0800983], [72.8496774, 19.0801043], [72.8495572, 19.0801088], [72.8491268, 19.0801417], [72.8479157, 19.0802279], [72.8472881, 19.0802812], [72.847207, 19.0802936]]}}, {"type": "Feature", "id": "1148395263", "properties": {"id": "1148395263", "name": "Nehru Road", "highway": "tertiary", "lanes": null, "source": "OSM"}, "geometry": {"type": "LineString", "coordinates": [[72.8461298, 19.0983929], [72.8463115, 19.0983652], [72.8464731, 19.0983406], [72.8478634, 19.0980723], [72.8479815, 19.0980368], [72.8481255, 19.0979616], [72.8481551, 19.0979466], [72.8482872, 19.0978796], [72.8487687, 19.0977271], [72.8499079, 19.0973773], [72.8504759, 19.0972029], [72.8505975, 19.0971334]]}}, {"type": "Feature", "id": "1149056371", "properties": {"id": "1149056371", "name": "Mathuradas Vasanji Road", "highway": "secondary", "lanes": null, "source": "OSM"}, "geometry": {"type": "LineString", "coordinates": [[72.8573472, 19.1154162], [72.8574363, 19.115371], [72.8578149, 19.1152398], [72.8578475, 19.115228], [72.8579472, 19.1151947], [72.8583146, 19.115116], [72.8588179, 19.1150339], [72.8591758, 19.1149913], [72.8593826, 19.114976]]}}, {"type": "Feature", "id": "1149211548", "properties": {"id": "1149211548", "name": "Jiva Mahale Marg", "highway": "tertiary", "lanes": null, "source": "OSM"}, "geometry": {"type": "LineString", "coordinates": [[72.8530717, 19.1094346], [72.8530496, 19.1093538]]}}, {"type": "Feature", "id": "1149211549", "properties": {"id": "1149211549", "name": "Sahar Road", "highway": "secondary", "lanes": null, "source": "OSM"}, "geometry": {"type": "LineString", "coordinates": [[72.8530717, 19.1094346], [72.8532413, 19.1093863], [72.853594, 19.1093037]]}}, {"type": "Feature", "id": "1149790010", "properties": {"id": "1149790010", "name": "Unnamed Road", "highway": "tertiary", "lanes": null, "source": "OSM"}, "geometry": {"type": "LineString", "coordinates": [[72.8922363, 19.0680742], [72.8920928, 19.0680413], [72.8917524, 19.0679647], [72.8904689, 19.0678539], [72.8903174, 19.0678652]]}}, {"type": "Feature", "id": "1149790011", "properties": {"id": "1149790011", "name": "Unnamed Road", "highway": "tertiary", "lanes": null, "source": "OSM"}, "geometry": {"type": "LineString", "coordinates": [[72.8903174, 19.0678652], [72.8902393, 19.0679166], [72.8902045, 19.0679833], [72.8902149, 19.0680793], [72.8902721, 19.0681369], [72.8903505, 19.0681688]]}}, {"type": "Feature", "id": "1149790763", "properties": {"id": "1149790763", "name": "Jawaharlal Nehru Road", "highway": "secondary", "lanes": null, "source": "OSM"}, "geometry": {"type": "LineString", "coordinates": [[72.8544549, 19.0814295], [72.8549592, 19.0816271], [72.8551496, 19.0816855], [72.8553025, 19.0817134], [72.8556689, 19.0817273], [72.8560289, 19.0817409], [72.8561608, 19.0817497], [72.8562109, 19.081753], [72.8564052, 19.0817656], [72.8565608, 19.0817757], [72.8567376, 19.0817871]]}}, {"type": "Feature", "id": "1149792860", "properties": {"id": "1149792860", "name": "Jawaharlal Nehru Road", "highway": "secondary", "lanes": null, "source": "OSM"}, "geometry": {"type": "LineString", "coordinates": [[72.8567376, 19.0817871], [72.8580589, 19.0819321], [72.8587128, 19.0820038]]}}, {"type": "Feature", "id": "1149792862", "properties": {"id": "1149792862", "name": "Jawaharlal Nehru Road", "highway": "secondary", "lanes": null, "source": "OSM"}, "geometry": {"type": "LineString", "coordinates": [[72.8567519, 19.0816946], [72.8560428, 19.0816525], [72.8553294, 19.0816323], [72.8549726, 19.0815562], [72.8544868, 19.0813557]]}}, {"type": "Feature", "id": "1149824754", "properties": {"id": "1149824754", "name": "Unnamed Road", "highway": "tertiary", "lanes": null, "source": "OSM"}, "geometry": {"type": "LineString", "coordinates": [[72.8534076, 19.0657076], [72.8535444, 19.065737]]}}, {"type": "Feature", "id": "1150792544", "properties": {"id": "1150792544", "name": "Unnamed Road", "highway": "trunk_link", "lanes": null, "source": "OSM"}, "geometry": {"type": "LineString", "coordinates": [[72.862694, 19.0712402], [72.8626748, 19.0711419], [72.8626526, 19.071028]]}}, {"type": "Feature", "id": "1152599020", "properties": {"id": "1152599020", "name": "Mathuradas Vasanji Road (Andheri Kurla Road)", "highway": "primary", "lanes": null, "source": "OSM"}, "geometry": {"type": "LineString", "coordinates": [[72.8806538, 19.1076031], [72.8805016, 19.1076635], [72.8802087, 19.1077797], [72.8800761, 19.1078335], [72.8788265, 19.1083002], [72.8787577, 19.1083262], [72.8786484, 19.1083675], [72.8785649, 19.108399]]}}, {"type": "Feature", "id": "1152599021", "properties": {"id": "1152599021", "name": "Makwana Rd", "highway": "tertiary", "lanes": null, "source": "OSM"}, "geometry": {"type": "LineString", "coordinates": [[72.8828424, 19.1126688], [72.881799, 19.1111384], [72.8814531, 19.1105467], [72.8814026, 19.1104604], [72.8813514, 19.1102824]]}}, {"type": "Feature", "id": "1152599022", "properties": {"id": "1152599022", "name": "Mathuradas Vasanji Road (Andheri Kurla Road)", "highway": "primary", "lanes": null, "source": "OSM"}, "geometry": {"type": "LineString", "coordinates": [[72.8808028, 19.1077539], [72.8809761, 19.1076885], [72.8812616, 19.1076291], [72.8815587, 19.1075968], [72.8820505, 19.1075721], [72.8822305, 19.1075631], [72.8826972, 19.1075396], [72.8832141, 19.1074853], [72.8834337, 19.1074329], [72.8837364, 19.1073394], [72.8839336, 19.1072401]]}}, {"type": "Feature", "id": "1152599023", "properties": {"id": "1152599023", "name": "Mathuradas Vasanji Road (Andheri Kurla Road)", "highway": "primary", "lanes": null, "source": "OSM"}, "geometry": {"type": "LineString", "coordinates": [[72.8807521, 19.1075623], [72.8806538, 19.1076031]]}}, {"type": "Feature", "id": "1152599024", "properties": {"id": "1152599024", "name": "Mathuradas Vasanji Road (Andheri Kurla Road)", "highway": "primary", "lanes": null, "source": "OSM"}, "geometry": {"type": "LineString", "coordinates": [[72.8807092, 19.1077909], [72.8808028, 19.1077539]]}}, {"type": "Feature", "id": "1153091837", "properties": {"id": "1153091837", "name": "Sharada Devi Road", "highway": "tertiary", "lanes": null, "source": "OSM"}, "geometry": {"type": "LineString", "coordinates": [[72.8521926, 19.0650833], [72.8522883, 19.0651321], [72.8525749, 19.0652764], [72.8526789, 19.065333], [72.8532334, 19.0656345], [72.8533079, 19.0656366]]}}, {"type": "Feature", "id": "1153097726", "properties": {"id": "1153097726", "name": "Street 3", "highway": "secondary", "lanes": "2", "source": "OSM"}, "geometry": {"type": "LineString", "coordinates": [[72.8595962, 19.0625283], [72.8599657, 19.0623955], [72.8606545, 19.0621479], [72.8612769, 19.0619242], [72.8619358, 19.0616874], [72.8620842, 19.061634], [72.8623521, 19.0615377], [72.8626375, 19.0614351], [72.8633344, 19.0611846], [72.8637673, 19.0610044], [72.8641204, 19.0608575], [72.8642378, 19.0608087], [72.8643302, 19.0607692]]}}, {"type": "Feature", "id": "1153097727", "properties": {"id": "1153097727", "name": "Avenue 3: Lane 1", "highway": "tertiary", "lanes": "2", "source": "OSM"}, "geometry": {"type": "LineString", "coordinates": [[72.8606761, 19.062061], [72.8604916, 19.0612499], [72.8604886, 19.0612157], [72.8604916, 19.0611786], [72.8605073, 19.0610845], [72.8605427, 19.0608725], [72.8606643, 19.0601433], [72.8606546, 19.0600989], [72.8604538, 19.0595824], [72.8604103, 19.0595227], [72.8602685, 19.0593282], [72.8602038, 19.0592395]]}}, {"type": "Feature", "id": "1153117577", "properties": {"id": "1153117577", "name": "S.G. Barve Marg", "highway": "secondary", "lanes": null, "source": "OSM"}, "geometry": {"type": "LineString", "coordinates": [[72.8807894, 19.0650821], [72.8807541, 19.0650538]]}}, {"type": "Feature", "id": "1153123667", "properties": {"id": "1153123667", "name": "Eastern Express Highway", "highway": "trunk", "lanes": "4", "source": "OSM"}, "geometry": {"type": "LineString", "coordinates": [[72.8901831, 19.0590868], [72.8902015, 19.0591096], [72.8918811, 19.0602927]]}}, {"type": "Feature", "id": "1153123668", "properties": {"id": "1153123668", "name": "Eastern Express Highway", "highway": "trunk", "lanes": "4", "source": "OSM"}, "geometry": {"type": "LineString", "coordinates": [[72.8918811, 19.0602927], [72.8919728, 19.0603577]]}}, {"type": "Feature", "id": "1153123669", "properties": {"id": "1153123669", "name": "Eastern Express Highway", "highway": "trunk", "lanes": "4", "source": "OSM"}, "geometry": {"type": "LineString", "coordinates": [[72.891994, 19.0601742], [72.8911991, 19.059596], [72.8903137, 19.058952]]}}, {"type": "Feature", "id": "1153123670", "properties": {"id": "1153123670", "name": "Eastern Express Highway", "highway": "trunk", "lanes": "4", "source": "OSM"}, "geometry": {"type": "LineString", "coordinates": [[72.8920848, 19.0602403], [72.891994, 19.0601742]]}}, {"type": "Feature", "id": "1153999781", "properties": {"id": "1153999781", "name": "Sharada Devi Road", "highway": "tertiary", "lanes": null, "source": "OSM"}, "geometry": {"type": "LineString", "coordinates": [[72.8520164, 19.064995], [72.8521092, 19.0650415], [72.8521926, 19.0650833]]}}, {"type": "Feature", "id": "1154760963", "properties": {"id": "1154760963", "name": "Bandra Kurla Complex Road", "highway": "primary", "lanes": "5", "source": "OSM"}, "geometry": {"type": "LineString", "coordinates": [[72.8548423, 19.0592141], [72.8537065, 19.0582153], [72.8531478, 19.057708], [72.8510077, 19.0557645]]}}, {"type": "Feature", "id": "1154760964", "properties": {"id": "1154760964", "name": "Bandra Kurla Complex Road", "highway": "primary", "lanes": "3", "source": "OSM"}, "geometry": {"type": "LineString", "coordinates": [[72.872835, 19.0710154], [72.8726878, 19.0710332], [72.8725921, 19.0710344], [72.8724355, 19.0710363], [72.8723, 19.0710084]]}}, {"type": "Feature", "id": "1156018605", "properties": {"id": "1156018605", "name": "Unnamed Road", "highway": "tertiary", "lanes": null, "source": "OSM"}, "geometry": {"type": "LineString", "coordinates": [[72.8858965, 19.0587817], [72.885972, 19.0588664]]}}, {"type": "Feature", "id": "1156018606", "properties": {"id": "1156018606", "name": "Unnamed Road", "highway": "tertiary", "lanes": null, "source": "OSM"}, "geometry": {"type": "LineString", "coordinates": [[72.8860273, 19.0587707], [72.8859595, 19.0586924]]}}, {"type": "Feature", "id": "1156232177", "properties": {"id": "1156232177", "name": "Unnamed Road", "highway": "tertiary", "lanes": "1", "source": "OSM"}, "geometry": {"type": "LineString", "coordinates": [[72.8550484, 19.1145253], [72.8549566, 19.1139161], [72.8549185, 19.1137346]]}}, {"type": "Feature", "id": "1158161157", "properties": {"id": "1158161157", "name": "Unnamed Road", "highway": "tertiary", "lanes": null, "source": "OSM"}, "geometry": {"type": "LineString", "coordinates": [[72.8803239, 19.0796532], [72.8802079, 19.0797211]]}}, {"type": "Feature", "id": "1158399722", "properties": {"id": "1158399722", "name": "Santa Cruz \u2013 Chembur Link Road", "highway": "trunk", "lanes": "3", "source": "OSM"}, "geometry": {"type": "LineString", "coordinates": [[72.8610943, 19.0729136], [72.8613978, 19.0720611], [72.8615377, 19.0718476], [72.8615781, 19.0718055], [72.8617374, 19.0716395], [72.8619625, 19.0714771], [72.8620051, 19.0714576], [72.8622474, 19.0713469], [72.8624673, 19.0712811], [72.862484, 19.0712781], [72.862694, 19.0712402], [72.8630046, 19.0712164], [72.8630731, 19.0712161], [72.8632474, 19.0712477], [72.8634946, 19.0713041], [72.8639747, 19.071512], [72.8643248, 19.071665], [72.8647437, 19.071848], [72.8655915, 19.0722185], [72.8666569, 19.0727748]]}}, {"type": "Feature", "id": "1158399723", "properties": {"id": "1158399723", "name": "Unnamed Road", "highway": "trunk", "lanes": null, "source": "OSM"}, "geometry": {"type": "LineString", "coordinates": [[72.8593297, 19.0747156], [72.859633, 19.0746511], [72.85992, 19.0745472], [72.8601614, 19.0744077], [72.8603652, 19.0742556], [72.8605449, 19.0740528], [72.8606978, 19.0738196], [72.8608292, 19.0735104], [72.8612879, 19.0720933], [72.861422, 19.0718779], [72.8615642, 19.0717055], [72.8617734, 19.0715204], [72.8620389, 19.0713506], [72.8622642, 19.0712695], [72.8624842, 19.0712035], [72.8627121, 19.0711655], [72.8629428, 19.0711579], [72.86327, 19.0711934], [72.8634819, 19.0712517], [72.8640104, 19.0714455], [72.8664424, 19.0725062]]}}, {"type": "Feature", "id": "1158399724", "properties": {"id": "1158399724", "name": "Flyover", "highway": "trunk_link", "lanes": null, "source": "OSM"}, "geometry": {"type": "LineString", "coordinates": [[72.8664424, 19.0725062], [72.8667719, 19.0727128], [72.8679046, 19.0732184]]}}, {"type": "Feature", "id": "1158399726", "properties": {"id": "1158399726", "name": "Shahid Major Kaustubh Rane flyover", "highway": "trunk", "lanes": "2", "source": "OSM"}, "geometry": {"type": "LineString", "coordinates": [[72.8749771, 19.0762112], [72.8744705, 19.0759394]]}}, {"type": "Feature", "id": "1158399727", "properties": {"id": "1158399727", "name": "Shahid Major Kaustubh Rane flyover", "highway": "trunk_link", "lanes": "2", "source": "OSM"}, "geometry": {"type": "LineString", "coordinates": [[72.8743926, 19.0760847], [72.8749342, 19.0762911]]}}, {"type": "Feature", "id": "1158399728", "properties": {"id": "1158399728", "name": "Flyover", "highway": "primary", "lanes": "2", "source": "OSM"}, "geometry": {"type": "LineString", "coordinates": [[72.8695123, 19.0699086], [72.8697474, 19.0701069]]}}, {"type": "Feature", "id": "1158399729", "properties": {"id": "1158399729", "name": "Shahid Major Kaustubh Rane flyover", "highway": "trunk", "lanes": "2", "source": "OSM"}, "geometry": {"type": "LineString", "coordinates": [[72.8796214, 19.0746535], [72.8794017, 19.0747894]]}}, {"type": "Feature", "id": "1158399730", "properties": {"id": "1158399730", "name": "Shahid Major Kaustubh Rane flyover", "highway": "trunk", "lanes": "2", "source": "OSM"}, "geometry": {"type": "LineString", "coordinates": [[72.8794429, 19.07487], [72.8796938, 19.0747772]]}}, {"type": "Feature", "id": "1158399731", "properties": {"id": "1158399731", "name": "Santa Cruz \u2013 Chembur Link Road", "highway": "trunk", "lanes": "3", "source": "OSM"}, "geometry": {"type": "LineString", "coordinates": [[72.8744705, 19.0759394], [72.8738429, 19.0756853], [72.8737182, 19.0755914], [72.8732792, 19.0753857], [72.8729153, 19.0751903], [72.8727013, 19.0750827], [72.8724618, 19.0749621], [72.8723949, 19.0749285], [72.8723356, 19.0749017], [72.8723171, 19.0748637], [72.8719813, 19.0747101], [72.8719295, 19.0746908]]}}, {"type": "Feature", "id": "1158399732", "properties": {"id": "1158399732", "name": "Santa Cruz \u2013 Chembur Link Road", "highway": "trunk", "lanes": "3", "source": "OSM"}, "geometry": {"type": "LineString", "coordinates": [[72.8719295, 19.0746908], [72.8714355, 19.0744853]]}}, {"type": "Feature", "id": "1158399733", "properties": {"id": "1158399733", "name": "Santa Cruz \u2013 Chembur Link Road", "highway": "trunk", "lanes": "3", "source": "OSM"}, "geometry": {"type": "LineString", "coordinates": [[72.8723387, 19.0751706], [72.872356, 19.0751793], [72.8728011, 19.0754032], [72.8733435, 19.0756082], [72.8742213, 19.0760069], [72.8743926, 19.0760847]]}}, {"type": "Feature", "id": "1158399734", "properties": {"id": "1158399734", "name": "Santa Cruz \u2013 Chembur Link Road", "highway": "trunk", "lanes": "3", "source": "OSM"}, "geometry": {"type": "LineString", "coordinates": [[72.8713758, 19.0747464], [72.8718127, 19.0749315]]}}, {"type": "Feature", "id": "1169930260", "properties": {"id": "1169930260", "name": "Mathuradas Vasanji Road (Andheri Kurla Road)", "highway": "primary", "lanes": null, "source": "OSM"}, "geometry": {"type": "LineString", "coordinates": [[72.8840235, 19.1002735], [72.8839543, 19.1001468], [72.8836072, 19.0993122], [72.883583, 19.0990443], [72.8835698, 19.0988976], [72.8835341, 19.0984972], [72.8835317, 19.0984216], [72.8835307, 19.0983134], [72.8835291, 19.0982268], [72.8835197, 19.097853], [72.8835229, 19.0978056], [72.8835331, 19.0976077], [72.8835176, 19.0975033], [72.8835161, 19.0973005], [72.8835287, 19.0970649], [72.8835794, 19.0968645]]}}, {"type": "Feature", "id": "1170572262", "properties": {"id": "1170572262", "name": "Shahaji raje marg", "highway": "secondary", "lanes": null, "source": "OSM"}, "geometry": {"type": "LineString", "coordinates": [[72.850119, 19.1112405], [72.849541, 19.1103112], [72.8492924, 19.1099175], [72.8492273, 19.1097928], [72.8491392, 19.1095971], [72.8489944, 19.1092943], [72.8487738, 19.1088383], [72.8484225, 19.107977], [72.8480986, 19.1071458], [72.8480328, 19.1069769], [72.8477495, 19.1062464], [72.8476923, 19.1060933], [72.8476723, 19.1060453], [72.8476445, 19.1060147], [72.847603, 19.10599], [72.8475352, 19.1059667], [72.8462986, 19.1057979], [72.8462543, 19.1058242]]}}, {"type": "Feature", "id": "1170572265", "properties": {"id": "1170572265", "name": "Sahar Road", "highway": "secondary", "lanes": null, "source": "OSM"}, "geometry": {"type": "LineString", "coordinates": [[72.8520836, 19.1097787], [72.8514882, 19.1101804], [72.8512658, 19.110357], [72.8502955, 19.1111065], [72.850119, 19.1112405]]}}, {"type": "Feature", "id": "1171050891", "properties": {"id": "1171050891", "name": "Maroshi Village Road", "highway": "secondary", "lanes": null, "source": "OSM"}, "geometry": {"type": "LineString", "coordinates": [[72.8797327, 19.1147025], [72.8796973, 19.1147975], [72.8797498, 19.1151282], [72.8797583, 19.1151817], [72.8797852, 19.115417], [72.8799285, 19.1163583], [72.8800278, 19.1169332]]}}, {"type": "Feature", "id": "1171057456", "properties": {"id": "1171057456", "name": "Maroshi Village Road", "highway": "secondary", "lanes": null, "source": "OSM"}, "geometry": {"type": "LineString", "coordinates": [[72.8795582, 19.1135079], [72.8796075, 19.1137883], [72.8796745, 19.1142792], [72.8797233, 19.1146362], [72.8797327, 19.1147025]]}}, {"type": "Feature", "id": "1171057457", "properties": {"id": "1171057457", "name": "Maroshi Village Road", "highway": "secondary", "lanes": null, "source": "OSM"}, "geometry": {"type": "LineString", "coordinates": [[72.8789188, 19.1117777], [72.8786582, 19.1108126], [72.8785708, 19.1104875], [72.8785474, 19.1103839], [72.8785304, 19.1103087], [72.8785211, 19.1102139], [72.878517, 19.1101275], [72.8785498, 19.1097738], [72.8786092, 19.1090684], [72.8786378, 19.1085578], [72.8786484, 19.1083675]]}}, {"type": "Feature", "id": "1171057458", "properties": {"id": "1171057458", "name": "Maroshi Village Road", "highway": "secondary", "lanes": null, "source": "OSM"}, "geometry": {"type": "LineString", "coordinates": [[72.8784307, 19.1103077], [72.878436, 19.1103205], [72.8784624, 19.1103946], [72.8784764, 19.1104433]]}}, {"type": "Feature", "id": "1171058376", "properties": {"id": "1171058376", "name": "Unnamed Road", "highway": "tertiary", "lanes": null, "source": "OSM"}, "geometry": {"type": "LineString", "coordinates": [[72.8827156, 19.1128992], [72.8827965, 19.1128537], [72.8828604, 19.112817]]}}, {"type": "Feature", "id": "1171058377", "properties": {"id": "1171058377", "name": "Unnamed Road", "highway": "tertiary", "lanes": null, "source": "OSM"}, "geometry": {"type": "LineString", "coordinates": [[72.8795582, 19.1135079], [72.8796869, 19.1134823]]}}, {"type": "Feature", "id": "1171058378", "properties": {"id": "1171058378", "name": "Unnamed Road", "highway": "tertiary", "lanes": null, "source": "OSM"}, "geometry": {"type": "LineString", "coordinates": [[72.8827156, 19.1128992], [72.8826467, 19.1128803], [72.8823016, 19.1129661], [72.8817592, 19.1130818], [72.8797609, 19.1134357], [72.8796869, 19.1134823]]}}, {"type": "Feature", "id": "1171058885", "properties": {"id": "1171058885", "name": "V K Krishna Marg", "highway": "tertiary", "lanes": null, "source": "OSM"}, "geometry": {"type": "LineString", "coordinates": [[72.8655294, 19.0968159], [72.8654815, 19.0969164], [72.865452, 19.0970483], [72.8654239, 19.0971851], [72.86533, 19.0976502], [72.8651888, 19.0981183], [72.8651127, 19.0983178], [72.8649718, 19.0985848]]}}, {"type": "Feature", "id": "1171071441", "properties": {"id": "1171071441", "name": "Mother Dairy Road", "highway": "secondary", "lanes": null, "source": "OSM"}, "geometry": {"type": "LineString", "coordinates": [[72.8848784, 19.0630425], [72.8848591, 19.0630269], [72.8845667, 19.0627894], [72.8841866, 19.0624734], [72.883939, 19.0622829], [72.8835533, 19.0619844], [72.883499, 19.0619414]]}}, {"type": "Feature", "id": "1171071442", "properties": {"id": "1171071442", "name": "Mother Dairy Road", "highway": "secondary", "lanes": null, "source": "OSM"}, "geometry": {"type": "LineString", "coordinates": [[72.8860205, 19.0639856], [72.8859556, 19.0639301], [72.885605, 19.0636303], [72.8851509, 19.0632565]]}}, {"type": "Feature", "id": "1171071443", "properties": {"id": "1171071443", "name": "Mother Dairy Road", "highway": "secondary", "lanes": null, "source": "OSM"}, "geometry": {"type": "LineString", "coordinates": [[72.884979, 19.0631191], [72.8848784, 19.0630425]]}}, {"type": "Feature", "id": "1174215995", "properties": {"id": "1174215995", "name": "Unnamed Road", "highway": "tertiary", "lanes": null, "source": "OSM"}, "geometry": {"type": "LineString", "coordinates": [[72.8901039, 19.0591846], [72.8905459, 19.0595277], [72.8907069, 19.0596522], [72.8918167, 19.0604409], [72.8929502, 19.0612464]]}}, {"type": "Feature", "id": "1175019350", "properties": {"id": "1175019350", "name": "Guru Hargovindji Road", "highway": "primary", "lanes": null, "source": "OSM"}, "geometry": {"type": "LineString", "coordinates": [[72.8582327, 19.1121193], [72.8586638, 19.111978]]}}, {"type": "Feature", "id": "1175022446", "properties": {"id": "1175022446", "name": "Srinivas Bagarka Road", "highway": "tertiary", "lanes": null, "source": "OSM"}, "geometry": {"type": "LineString", "coordinates": [[72.8664928, 19.1105757], [72.8669161, 19.1110174], [72.8672331, 19.1112569], [72.8675573, 19.1115389], [72.8675908, 19.1115852], [72.8675972, 19.111594], [72.8676638, 19.111714], [72.8677151, 19.1118281], [72.867761, 19.1118863]]}}, {"type": "Feature", "id": "1175264276", "properties": {"id": "1175264276", "name": "90 Feet Road", "highway": "tertiary", "lanes": null, "source": "OSM"}, "geometry": {"type": "LineString", "coordinates": [[72.8879184, 19.1000263], [72.8879559, 19.0999713], [72.887945, 19.0995797], [72.8879486, 19.0993619], [72.8879321, 19.0988894], [72.8879438, 19.0983933], [72.8879493, 19.0982924], [72.8879626, 19.0980521], [72.8879606, 19.0979671], [72.8879638, 19.097448], [72.887958, 19.0969242], [72.8878899, 19.0961509], [72.8878176, 19.0957024], [72.8877857, 19.0955648], [72.8877759, 19.0955224], [72.8877075, 19.0952269], [72.8876238, 19.0949279], [72.8875481, 19.0946575], [72.8874712, 19.0943825], [72.8872973, 19.0938398], [72.8872272, 19.0937712]]}}, {"type": "Feature", "id": "1175304133", "properties": {"id": "1175304133", "name": "Mathuradas Vasanji Road (Andheri Kurla Road)", "highway": "primary", "lanes": null, "source": "OSM"}, "geometry": {"type": "LineString", "coordinates": [[72.8867407, 19.1041676], [72.8865475, 19.1043287], [72.8864026, 19.1044516], [72.8862539, 19.1045777], [72.8861899, 19.104632], [72.8859912, 19.1048583], [72.8854843, 19.1054356], [72.8849984, 19.1060048], [72.8848907, 19.106142], [72.8848714, 19.1061665]]}}, {"type": "Feature", "id": "1175305180", "properties": {"id": "1175305180", "name": "Baji Pasalkar Marg (Saki Vihar Road)", "highway": "primary", "lanes": null, "source": "OSM"}, "geometry": {"type": "LineString", "coordinates": [[72.8868351, 19.1041167], [72.8868043, 19.1040685], [72.8867493, 19.1039848], [72.8863914, 19.1035325], [72.8861907, 19.1032789], [72.8858744, 19.1028952], [72.8852012, 19.102126], [72.8851926, 19.1021189], [72.8851653, 19.1020886], [72.8847376, 19.1016427], [72.8846854, 19.1015666], [72.8843237, 19.1009353], [72.8840482, 19.1003155]]}}, {"type": "Feature", "id": "1175306261", "properties": {"id": "1175306261", "name": "Sant Shitolebaba Maharaj Marg", "highway": "primary", "lanes": null, "source": "OSM"}, "geometry": {"type": "LineString", "coordinates": [[72.8897342, 19.1023656], [72.8900161, 19.102135]]}}, {"type": "Feature", "id": "1175529672", "properties": {"id": "1175529672", "name": "Unnamed Road", "highway": "tertiary", "lanes": null, "source": "OSM"}, "geometry": {"type": "LineString", "coordinates": [[72.8636602, 19.1008005], [72.8637471, 19.1008504]]}}, {"type": "Feature", "id": "1175529673", "properties": {"id": "1175529673", "name": "V K Krishna Marg", "highway": "tertiary", "lanes": null, "source": "OSM"}, "geometry": {"type": "LineString", "coordinates": [[72.8627913, 19.1024558], [72.8629481, 19.1021949], [72.8630574, 19.1020132], [72.8634851, 19.1013076], [72.8635822, 19.1011349], [72.8637471, 19.1008504]]}}, {"type": "Feature", "id": "1175529674", "properties": {"id": "1175529674", "name": "I A Project Road", "highway": "tertiary", "lanes": null, "source": "OSM"}, "geometry": {"type": "LineString", "coordinates": [[72.8638219, 19.1007242], [72.863735, 19.1006743]]}}, {"type": "Feature", "id": "1175529675", "properties": {"id": "1175529675", "name": "V K Krishna Marg", "highway": "tertiary", "lanes": null, "source": "OSM"}, "geometry": {"type": "LineString", "coordinates": [[72.8637471, 19.1008504], [72.8638219, 19.1007242]]}}, {"type": "Feature", "id": "1175529924", "properties": {"id": "1175529924", "name": "V K Krishna Marg", "highway": "tertiary", "lanes": null, "source": "OSM"}, "geometry": {"type": "LineString", "coordinates": [[72.863735, 19.1006743], [72.8636602, 19.1008005]]}}, {"type": "Feature", "id": "1175532021", "properties": {"id": "1175532021", "name": "Unnamed Road", "highway": "tertiary", "lanes": null, "source": "OSM"}, "geometry": {"type": "LineString", "coordinates": [[72.8644432, 19.0996457], [72.864371, 19.0995998]]}}, {"type": "Feature", "id": "1175532290", "properties": {"id": "1175532290", "name": "Mathuradas Vasanji Road", "highway": "secondary", "lanes": null, "source": "OSM"}, "geometry": {"type": "LineString", "coordinates": [[72.8667646, 19.1121655], [72.8649445, 19.1126851], [72.8647179, 19.1127498], [72.8644403, 19.1128432], [72.8639574, 19.11307], [72.8639166, 19.1130892], [72.8637104, 19.1131993], [72.8635129, 19.1133039], [72.8634079, 19.1133612], [72.8625111, 19.1138394], [72.862018, 19.1141096], [72.8615937, 19.1143283], [72.8614568, 19.1143897], [72.8611899, 19.1145095], [72.8611192, 19.1145412], [72.8608111, 19.1146383], [72.8606443, 19.1146909], [72.8602007, 19.1147605]]}}, {"type": "Feature", "id": "1175567942", "properties": {"id": "1175567942", "name": "Jawaharlal Nehru Road", "highway": "tertiary", "lanes": null, "source": "OSM"}, "geometry": {"type": "LineString", "coordinates": [[72.8625431, 19.0778032], [72.8626074, 19.0778047], [72.8630098, 19.0777399], [72.8636329, 19.0775082], [72.863781, 19.0774775], [72.86383, 19.0774788], [72.8638716, 19.0774786], [72.8639354, 19.0774785], [72.8641538, 19.0774781], [72.8646054, 19.0775935], [72.8648606, 19.0776421], [72.8651677, 19.0777006], [72.8652256, 19.0777163], [72.8657095, 19.0778476], [72.8659221, 19.0779373], [72.8661547, 19.0780833], [72.8667219, 19.0787747], [72.8667931, 19.0788615]]}}, {"type": "Feature", "id": "1175571492", "properties": {"id": "1175571492", "name": "Unnamed Road", "highway": "tertiary", "lanes": null, "source": "OSM"}, "geometry": {"type": "LineString", "coordinates": [[72.8790426, 19.0658596], [72.8791522, 19.065798], [72.8791991, 19.0657916], [72.8792897, 19.0658471], [72.8795579, 19.0660309], [72.8797824, 19.0661867]]}}, {"type": "Feature", "id": "1177201672", "properties": {"id": "1177201672", "name": "Nathani Road", "highway": "tertiary", "lanes": null, "source": "OSM"}, "geometry": {"type": "LineString", "coordinates": [[72.8921511, 19.0787705], [72.892648, 19.0790385], [72.8927677, 19.079094], [72.8939241, 19.0795612], [72.8940369, 19.0796077], [72.894531, 19.0798112], [72.8951196, 19.0800536], [72.895306, 19.0801304], [72.8953311, 19.0801427]]}}, {"type": "Feature", "id": "1177201673", "properties": {"id": "1177201673", "name": "Nathani Road", "highway": "tertiary", "lanes": null, "source": "OSM"}, "geometry": {"type": "LineString", "coordinates": [[72.8919679, 19.0786768], [72.8921511, 19.0787705]]}}, {"type": "Feature", "id": "1177201674", "properties": {"id": "1177201674", "name": "Nathani Road", "highway": "tertiary", "lanes": null, "source": "OSM"}, "geometry": {"type": "LineString", "coordinates": [[72.8904719, 19.0775564], [72.8905256, 19.0775957], [72.89111, 19.0780671], [72.8916357, 19.0785007], [72.8918799, 19.0786337], [72.8919679, 19.0786768]]}}, {"type": "Feature", "id": "1177201675", "properties": {"id": "1177201675", "name": "Nathani Road", "highway": "tertiary", "lanes": null, "source": "OSM"}, "geometry": {"type": "LineString", "coordinates": [[72.8904194, 19.0775163], [72.8904719, 19.0775564]]}}, {"type": "Feature", "id": "1177834394", "properties": {"id": "1177834394", "name": "V K Krishna Marg", "highway": "secondary", "lanes": null, "source": "OSM"}, "geometry": {"type": "LineString", "coordinates": [[72.8542679, 19.1091406], [72.8543543, 19.109119], [72.8545379, 19.1090873], [72.8551636, 19.1089719]]}}, {"type": "Feature", "id": "1186816694", "properties": {"id": "1186816694", "name": "Street 3", "highway": "secondary", "lanes": "2", "source": "OSM"}, "geometry": {"type": "LineString", "coordinates": [[72.862468, 19.0614119], [72.8633108, 19.061103], [72.8635617, 19.0610033], [72.8641754, 19.0607593], [72.8642628, 19.0606905], [72.8642808, 19.0604612], [72.8642928, 19.0603083], [72.8643018, 19.0601942], [72.8643241, 19.0600037], [72.8643349, 19.0599112], [72.8643435, 19.0598379], [72.8644111, 19.059261], [72.8643958, 19.0591739], [72.8643412, 19.0590933], [72.8642538, 19.0590352], [72.8641349, 19.0589878]]}}, {"type": "Feature", "id": "1189122105", "properties": {"id": "1189122105", "name": "Kherani Road", "highway": "secondary", "lanes": null, "source": "OSM"}, "geometry": {"type": "LineString", "coordinates": [[72.8879362, 19.1059344], [72.8882373, 19.1058993], [72.8884483, 19.1059001], [72.8886676, 19.1059193], [72.8888802, 19.1059817], [72.8891882, 19.1061422], [72.8893854, 19.106245], [72.8897144, 19.106395], [72.8897913, 19.1064208], [72.8898772, 19.1064496], [72.8902199, 19.1065766], [72.8904548, 19.1066636], [72.8905048, 19.1066997], [72.8906333, 19.1067925], [72.8907385, 19.1068752], [72.8908067, 19.106908], [72.8909119, 19.1069479], [72.8910501, 19.1069636], [72.8914842, 19.1069508], [72.8915076, 19.1069479], [72.8920644, 19.1069234], [72.8921612, 19.1069153], [72.892247, 19.1069079]]}}, {"type": "Feature", "id": "1189334945", "properties": {"id": "1189334945", "name": "Maroshi Village Road", "highway": "secondary", "lanes": null, "source": "OSM"}, "geometry": {"type": "LineString", "coordinates": [[72.8801189, 19.1169367], [72.8800155, 19.1163502], [72.8800029, 19.1162785], [72.8798723, 19.1154002], [72.8798485, 19.1151568], [72.8797875, 19.1147784], [72.8797327, 19.1147025]]}}, {"type": "Feature", "id": "1189337583", "properties": {"id": "1189337583", "name": "Maroshi Village Road", "highway": "secondary", "lanes": null, "source": "OSM"}, "geometry": {"type": "LineString", "coordinates": [[72.8794768, 19.1131259], [72.8794951, 19.1130785], [72.8790699, 19.1122458], [72.878987, 19.1119996]]}}, {"type": "Feature", "id": "1190311283", "properties": {"id": "1190311283", "name": "Sahar Road", "highway": "tertiary", "lanes": null, "source": "OSM"}, "geometry": {"type": "LineString", "coordinates": [[72.85296, 19.1094768], [72.8529544, 19.1095195], [72.8529276, 19.10974], [72.8528957, 19.1099718], [72.852887, 19.1100348], [72.8528746, 19.11013], [72.8529107, 19.1103831], [72.8529462, 19.1106056], [72.8530448, 19.1109154], [72.8531098, 19.1111391], [72.8531823, 19.1113663], [72.8532186, 19.1117027], [72.8532213, 19.1119815], [72.8532235, 19.1122094], [72.8532272, 19.1123269], [72.8531888, 19.1125096], [72.8529986, 19.1128639], [72.8529245, 19.1129907]]}}, {"type": "Feature", "id": "1190311284", "properties": {"id": "1190311284", "name": "Unnamed Road", "highway": "tertiary", "lanes": null, "source": "OSM"}, "geometry": {"type": "LineString", "coordinates": [[72.8529377, 19.1093921], [72.85296, 19.1094768]]}}, {"type": "Feature", "id": "1190518202", "properties": {"id": "1190518202", "name": "Unnamed Road", "highway": "trunk_link", "lanes": null, "source": "OSM"}, "geometry": {"type": "LineString", "coordinates": [[72.8782065, 19.0756179], [72.8780569, 19.0754255]]}}, {"type": "Feature", "id": "1192361029", "properties": {"id": "1192361029", "name": "Sharada Devi Road", "highway": "tertiary", "lanes": null, "source": "OSM"}, "geometry": {"type": "LineString", "coordinates": [[72.8520481, 19.0649364], [72.8514172, 19.0646183], [72.8513418, 19.0645809], [72.8507259, 19.0642755], [72.8505966, 19.064255], [72.8505242, 19.0642702], [72.8504679, 19.0643184], [72.8504148, 19.0643813], [72.8502625, 19.0646539], [72.8500925, 19.0649581], [72.849861, 19.0653722]]}}, {"type": "Feature", "id": "1192921922", "properties": {"id": "1192921922", "name": "Chandivali Farm Road", "highway": "tertiary", "lanes": null, "source": "OSM"}, "geometry": {"type": "LineString", "coordinates": [[72.8887935, 19.1124169], [72.8890347, 19.1125579], [72.8891771, 19.1126106], [72.8895279, 19.1126932], [72.8896576, 19.112724], [72.8899036, 19.1128507], [72.8903474, 19.1131357], [72.8907983, 19.1134424], [72.8911465, 19.1137869], [72.8912597, 19.1138742], [72.8913675, 19.1139367], [72.8914001, 19.1139462], [72.8917966, 19.1140612], [72.8918853, 19.1140875], [72.8919757, 19.1141144], [72.8921413, 19.1141635], [72.8922442, 19.1142181], [72.8923245, 19.1142608], [72.8930789, 19.1148691], [72.8932271, 19.1148915], [72.8932828, 19.1148999], [72.8933878, 19.1148994], [72.8935529, 19.1148986], [72.8939266, 19.1148681], [72.8942407, 19.114828], [72.8950941, 19.1147191]]}}, {"type": "Feature", "id": "1192921923", "properties": {"id": "1192921923", "name": "Baji Pasalkar Marg (Saki Vihar Road)", "highway": "primary", "lanes": null, "source": "OSM"}, "geometry": {"type": "LineString", "coordinates": [[72.8885269, 19.1125659], [72.8885317, 19.1123024]]}}, {"type": "Feature", "id": "1196003671", "properties": {"id": "1196003671", "name": "Santa Cruz \u2013 Chembur Link Road", "highway": "trunk", "lanes": "3", "source": "OSM"}, "geometry": {"type": "LineString", "coordinates": [[72.8488367, 19.0743863], [72.8490601, 19.0743386], [72.8494801, 19.0742713], [72.849814, 19.074215], [72.8509704, 19.0739898], [72.8513127, 19.0739413], [72.851666, 19.0739386], [72.8520422, 19.0739798], [72.8525216, 19.0740908]]}}, {"type": "Feature", "id": "1196823155", "properties": {"id": "1196823155", "name": "Unnamed Road", "highway": "tertiary", "lanes": null, "source": "OSM"}, "geometry": {"type": "LineString", "coordinates": [[72.8764957, 19.103042], [72.8765742, 19.1028175], [72.8765216, 19.1025364], [72.8764129, 19.1023803], [72.8763251, 19.1022874], [72.8762192, 19.1021571], [72.8762105, 19.1021238], [72.8762339, 19.1017876], [72.8762267, 19.1014505], [72.876223, 19.1013554], [72.8762394, 19.1013123], [72.8762575, 19.1012912]]}}, {"type": "Feature", "id": "1196823156", "properties": {"id": "1196823156", "name": "Unnamed Road", "highway": "tertiary", "lanes": null, "source": "OSM"}, "geometry": {"type": "LineString", "coordinates": [[72.8764957, 19.103042], [72.8764065, 19.1031548]]}}, {"type": "Feature", "id": "1196823157", "properties": {"id": "1196823157", "name": "Unnamed Road", "highway": "secondary", "lanes": null, "source": "OSM"}, "geometry": {"type": "LineString", "coordinates": [[72.8767638, 19.1030586], [72.87655, 19.1030454], [72.8764957, 19.103042]]}}, {"type": "Feature", "id": "1201368429", "properties": {"id": "1201368429", "name": "Flyover", "highway": "trunk_link", "lanes": null, "source": "OSM"}, "geometry": {"type": "LineString", "coordinates": [[72.8679046, 19.0732184], [72.8690373, 19.0737241], [72.8691528, 19.0737746], [72.8692471, 19.0738158]]}}, {"type": "Feature", "id": "1201941254", "properties": {"id": "1201941254", "name": "Unnamed Road", "highway": "tertiary", "lanes": null, "source": "OSM"}, "geometry": {"type": "LineString", "coordinates": [[72.8825192, 19.0592206], [72.882569, 19.0591351], [72.8827867, 19.0586669], [72.883016, 19.0580886], [72.8830684, 19.0579564], [72.8834368, 19.0571046], [72.8836204, 19.0566858], [72.8836394, 19.0566541], [72.8837626, 19.0564487]]}}, {"type": "Feature", "id": "1203018854", "properties": {"id": "1203018854", "name": "Mother Dairy Road", "highway": "secondary", "lanes": null, "source": "OSM"}, "geometry": {"type": "LineString", "coordinates": [[72.8851509, 19.0632565], [72.8850905, 19.063208], [72.8850212, 19.0631528], [72.884979, 19.0631191]]}}, {"type": "Feature", "id": "1212219817", "properties": {"id": "1212219817", "name": "Santa Cruz \u2013 Chembur Link Road", "highway": "trunk", "lanes": "2", "source": "OSM"}, "geometry": {"type": "LineString", "coordinates": [[72.8750127, 19.0761447], [72.8747725, 19.0760688], [72.8744705, 19.0759394]]}}, {"type": "Feature", "id": "1212668214", "properties": {"id": "1212668214", "name": "Unnamed Road", "highway": "tertiary", "lanes": null, "source": "OSM"}, "geometry": {"type": "LineString", "coordinates": [[72.8844858, 19.0607299], [72.8845983, 19.0608133]]}}, {"type": "Feature", "id": "1212668215", "properties": {"id": "1212668215", "name": "Unnamed Road", "highway": "tertiary", "lanes": null, "source": "OSM"}, "geometry": {"type": "LineString", "coordinates": [[72.8825495, 19.0594532], [72.8825682, 19.0594715], [72.8826099, 19.0595032], [72.8834533, 19.0600308], [72.8837863, 19.0602563], [72.8844858, 19.0607299]]}}, {"type": "Feature", "id": "1213417802", "properties": {"id": "1213417802", "name": "Nathani Road", "highway": "tertiary", "lanes": null, "source": "OSM"}, "geometry": {"type": "LineString", "coordinates": [[72.8961844, 19.0826227], [72.8951453, 19.0823184], [72.8950542, 19.0822886], [72.8949354, 19.0822497], [72.8945577, 19.0821261], [72.8945211, 19.0821141], [72.8944327, 19.0820852], [72.8941069, 19.0819762], [72.8940613, 19.081961], [72.8938387, 19.0818888], [72.8936904, 19.0818407], [72.8936653, 19.081834], [72.893403, 19.0817481], [72.8933077, 19.081714]]}}, {"type": "Feature", "id": "1218760518", "properties": {"id": "1218760518", "name": "Nanasaheb Dharmadhikari Marg", "highway": "tertiary", "lanes": null, "source": "OSM"}, "geometry": {"type": "LineString", "coordinates": [[72.8512767, 19.0585884], [72.8512924, 19.0586578], [72.8514889, 19.0588867], [72.8516353, 19.0590571], [72.8518143, 19.0592937], [72.8519802, 19.0595745], [72.8520081, 19.0596272], [72.8520675, 19.0597394], [72.8521171, 19.0598605], [72.8521846, 19.0600391], [72.8522342, 19.0600847]]}}, {"type": "Feature", "id": "1221905140", "properties": {"id": "1221905140", "name": "SG Barve Marg", "highway": "secondary", "lanes": null, "source": "OSM"}, "geometry": {"type": "LineString", "coordinates": [[72.886437, 19.0582139], [72.8866909, 19.0578525], [72.8870832, 19.0573852], [72.8873221, 19.0570328], [72.887368, 19.056974]]}}, {"type": "Feature", "id": "1222180952", "properties": {"id": "1222180952", "name": "Sahar Elevated Road", "highway": "primary", "lanes": null, "source": "OSM"}, "geometry": {"type": "LineString", "coordinates": [[72.8621028, 19.1023361], [72.8614464, 19.1021514], [72.860601, 19.1019858], [72.8602104, 19.1019406], [72.8592726, 19.1018982], [72.858241, 19.101933], [72.857024, 19.102097]]}}, {"type": "Feature", "id": "1222180953", "properties": {"id": "1222180953", "name": "Sahar Elevated Road", "highway": "primary", "lanes": "3", "source": "OSM"}, "geometry": {"type": "LineString", "coordinates": [[72.8570472, 19.1022119], [72.8582538, 19.1020442], [72.8592898, 19.1019891], [72.8602289, 19.102048], [72.8606048, 19.1020892], [72.8614006, 19.1022421]]}}, {"type": "Feature", "id": "1222196239", "properties": {"id": "1222196239", "name": "Sahar Elevated Road", "highway": "primary", "lanes": "3", "source": "OSM"}, "geometry": {"type": "LineString", "coordinates": [[72.8614006, 19.1022421], [72.8614247, 19.1022467], [72.8620967, 19.1024212], [72.8625083, 19.102528], [72.8633389, 19.1027228], [72.8639996, 19.1028068], [72.8645943, 19.1028314], [72.8694551, 19.1030683], [72.8707584, 19.1031689], [72.8718221, 19.1031921]]}}, {"type": "Feature", "id": "1222455845", "properties": {"id": "1222455845", "name": "Western Express Highway", "highway": "motorway", "lanes": null, "source": "OSM"}, "geometry": {"type": "LineString", "coordinates": [[72.8537221, 19.106093], [72.854082, 19.1044723], [72.8543, 19.1036218]]}}, {"type": "Feature", "id": "1228840027", "properties": {"id": "1228840027", "name": "Unnamed Road", "highway": "tertiary", "lanes": null, "source": "OSM"}, "geometry": {"type": "LineString", "coordinates": [[72.8894159, 19.0806502], [72.8894371, 19.0806621], [72.8894592, 19.0806671], [72.8894818, 19.0806657], [72.889503, 19.080658], [72.8895209, 19.0806447]]}}, {"type": "Feature", "id": "1228840028", "properties": {"id": "1228840028", "name": "Nathani Road", "highway": "tertiary", "lanes": null, "source": "OSM"}, "geometry": {"type": "LineString", "coordinates": [[72.8895352, 19.0806243], [72.8897053, 19.0806143], [72.8898387, 19.0806363], [72.8899411, 19.0806695], [72.8902668, 19.080775], [72.89067, 19.0808956], [72.8911722, 19.0810426], [72.891508, 19.0811548], [72.8917994, 19.0812539], [72.8919733, 19.0813131], [72.8920304, 19.0813293], [72.8922793, 19.0814095], [72.8925425, 19.0814924], [72.8927042, 19.0815433], [72.8931482, 19.0816904], [72.8931905, 19.0817044], [72.8932984, 19.0817402], [72.8934376, 19.0817863], [72.8940461, 19.0819942], [72.8940925, 19.0820102], [72.8945393, 19.0821644], [72.8950549, 19.0823424], [72.8956651, 19.0825584], [72.8961728, 19.0827133], [72.8962922, 19.0827366]]}}, {"type": "Feature", "id": "1228840029", "properties": {"id": "1228840029", "name": "Unnamed Road", "highway": "tertiary", "lanes": null, "source": "OSM"}, "geometry": {"type": "LineString", "coordinates": [[72.8895032, 19.0809307], [72.8895117, 19.0808079], [72.889513, 19.0807345], [72.8895209, 19.0806447]]}}, {"type": "Feature", "id": "1228865283", "properties": {"id": "1228865283", "name": "Sahar Road", "highway": "secondary", "lanes": null, "source": "OSM"}, "geometry": {"type": "LineString", "coordinates": [[72.848678, 19.1124488], [72.8489016, 19.112269], [72.8490299, 19.1121658], [72.8501157, 19.1113453]]}}, {"type": "Feature", "id": "1229006306", "properties": {"id": "1229006306", "name": "Unnamed Road", "highway": "tertiary", "lanes": null, "source": "OSM"}, "geometry": {"type": "LineString", "coordinates": [[72.8894389, 19.0805283], [72.8894191, 19.0805387], [72.8894034, 19.0805542], [72.8893933, 19.0805734], [72.8893896, 19.0805946], [72.8893927, 19.0806158], [72.8894023, 19.0806353]]}}, {"type": "Feature", "id": "1231005220", "properties": {"id": "1231005220", "name": "Bandra Kurla Complex Road", "highway": "primary", "lanes": "3", "source": "OSM"}, "geometry": {"type": "LineString", "coordinates": [[72.8568633, 19.0598396], [72.8567564, 19.0597999], [72.8566287, 19.0597746], [72.8564404, 19.0597663], [72.8563097, 19.05976], [72.8559864, 19.0597403]]}}, {"type": "Feature", "id": "1231005221", "properties": {"id": "1231005221", "name": "Bandra Kurla Complex Road", "highway": "primary", "lanes": "5", "source": "OSM"}, "geometry": {"type": "LineString", "coordinates": [[72.8550205, 19.0593761], [72.8548612, 19.0592307], [72.8548423, 19.0592141]]}}, {"type": "Feature", "id": "1231337634", "properties": {"id": "1231337634", "name": "Kherani Road", "highway": "secondary", "lanes": null, "source": "OSM"}, "geometry": {"type": "LineString", "coordinates": [[72.8965453, 19.1036949], [72.8963418, 19.1038621], [72.8961553, 19.1041073], [72.8958974, 19.104414], [72.895681, 19.1046798], [72.8954104, 19.104966], [72.8953569, 19.1050122], [72.8952484, 19.1051045], [72.8950541, 19.1052651], [72.8949745, 19.1053177], [72.8946641, 19.1055113], [72.8946519, 19.1055649]]}}, {"type": "Feature", "id": "1231337635", "properties": {"id": "1231337635", "name": "Kherani Road", "highway": "secondary", "lanes": null, "source": "OSM"}, "geometry": {"type": "LineString", "coordinates": [[72.8923551, 19.1068735], [72.8922981, 19.1068381]]}}, {"type": "Feature", "id": "1231337636", "properties": {"id": "1231337636", "name": "Kherani Road", "highway": "secondary", "lanes": null, "source": "OSM"}, "geometry": {"type": "LineString", "coordinates": [[72.8923088, 19.1069027], [72.8923551, 19.1068735]]}}, {"type": "Feature", "id": "1235442607", "properties": {"id": "1235442607", "name": "Unnamed Road", "highway": "primary", "lanes": null, "source": "OSM"}, "geometry": {"type": "LineString", "coordinates": [[72.8516564, 19.0936658], [72.8512743, 19.0933357]]}}, {"type": "Feature", "id": "1235442608", "properties": {"id": "1235442608", "name": "Airport Flyover", "highway": "motorway", "lanes": null, "source": "OSM"}, "geometry": {"type": "LineString", "coordinates": [[72.854142, 19.0993089], [72.8539246, 19.098929]]}}, {"type": "Feature", "id": "1235442609", "properties": {"id": "1235442609", "name": "Andheri Flyover", "highway": "motorway", "lanes": null, "source": "OSM"}, "geometry": {"type": "LineString", "coordinates": [[72.8536461, 19.1063474], [72.8537221, 19.106093]]}}, {"type": "Feature", "id": "1235442613", "properties": {"id": "1235442613", "name": "Unnamed Road", "highway": "motorway_link", "lanes": "1", "source": "OSM"}, "geometry": {"type": "LineString", "coordinates": [[72.8535834, 19.1060906], [72.8534682, 19.1060703]]}}, {"type": "Feature", "id": "1235442614", "properties": {"id": "1235442614", "name": "Service road", "highway": "primary", "lanes": null, "source": "OSM"}, "geometry": {"type": "LineString", "coordinates": [[72.8493415, 19.0928239], [72.8495935, 19.0928839], [72.8500628, 19.0930588], [72.8504276, 19.0932565], [72.8506851, 19.0933858], [72.8509279, 19.0934922]]}}, {"type": "Feature", "id": "1235473841", "properties": {"id": "1235473841", "name": "Vasantarao Naik Marg", "highway": "tertiary", "lanes": null, "source": "OSM"}, "geometry": {"type": "LineString", "coordinates": [[72.8837233, 19.0563775], [72.8837626, 19.0564487]]}}, {"type": "Feature", "id": "1235473842", "properties": {"id": "1235473842", "name": "Unnamed Road", "highway": "tertiary", "lanes": null, "source": "OSM"}, "geometry": {"type": "LineString", "coordinates": [[72.8837626, 19.0564487], [72.883808, 19.056373], [72.8838429, 19.0563148], [72.8839185, 19.0562104], [72.8839783, 19.0561277], [72.8840296, 19.0560569], [72.8840887, 19.0559751], [72.8845864, 19.0553334], [72.8848869, 19.0549907]]}}, {"type": "Feature", "id": "1235473843", "properties": {"id": "1235473843", "name": "SG Barve Marg", "highway": "secondary", "lanes": null, "source": "OSM"}, "geometry": {"type": "LineString", "coordinates": [[72.8817172, 19.064041], [72.8819638, 19.0637829], [72.882186, 19.0635371], [72.8828929, 19.0627552], [72.8833646, 19.0622103]]}}, {"type": "Feature", "id": "1235473844", "properties": {"id": "1235473844", "name": "SG Barve Marg", "highway": "secondary", "lanes": null, "source": "OSM"}, "geometry": {"type": "LineString", "coordinates": [[72.8807894, 19.0650821], [72.8808564, 19.0650054], [72.8808752, 19.0649846], [72.8810681, 19.0647719], [72.8811667, 19.0646632], [72.88161, 19.0641744], [72.8816745, 19.0640883], [72.8817172, 19.064041]]}}, {"type": "Feature", "id": "1235473845", "properties": {"id": "1235473845", "name": "Unnamed Road", "highway": "tertiary", "lanes": null, "source": "OSM"}, "geometry": {"type": "LineString", "coordinates": [[72.8837233, 19.0563775], [72.8835893, 19.0566223]]}}, {"type": "Feature", "id": "1235473846", "properties": {"id": "1235473846", "name": "Vasantarao Naik Marg", "highway": "tertiary", "lanes": null, "source": "OSM"}, "geometry": {"type": "LineString", "coordinates": [[72.8837233, 19.0563775], [72.8835112, 19.0562191]]}}, {"type": "Feature", "id": "1235478374", "properties": {"id": "1235478374", "name": "SG Barve Marg", "highway": "secondary", "lanes": null, "source": "OSM"}, "geometry": {"type": "LineString", "coordinates": [[72.887368, 19.056974], [72.8875752, 19.0566977]]}}, {"type": "Feature", "id": "1235478375", "properties": {"id": "1235478375", "name": "Unnamed Road", "highway": "trunk_link", "lanes": "2", "source": "OSM"}, "geometry": {"type": "LineString", "coordinates": [[72.887368, 19.056974], [72.8900159, 19.0590336], [72.8901831, 19.0590868]]}}, {"type": "Feature", "id": "1235767986", "properties": {"id": "1235767986", "name": "Unnamed Road", "highway": "tertiary", "lanes": null, "source": "OSM"}, "geometry": {"type": "LineString", "coordinates": [[72.8514326, 19.0605163], [72.8522816, 19.0602045], [72.8523967, 19.0601063]]}}, {"type": "Feature", "id": "1235781698", "properties": {"id": "1235781698", "name": "SG Barve Marg", "highway": "secondary", "lanes": null, "source": "OSM"}, "geometry": {"type": "LineString", "coordinates": [[72.8876202, 19.0566401], [72.8879869, 19.0561707], [72.8884363, 19.0554917], [72.88861, 19.0552166], [72.888692, 19.0550868], [72.889176, 19.0543961], [72.8893941, 19.0540892]]}}, {"type": "Feature", "id": "1235799295", "properties": {"id": "1235799295", "name": "Mathuradas Vasanji Road (Andheri Kurla Road)", "highway": "primary", "lanes": null, "source": "OSM"}, "geometry": {"type": "LineString", "coordinates": [[72.8785649, 19.108399], [72.8779699, 19.1086117], [72.8779228, 19.1086264], [72.8777202, 19.1086898], [72.8772123, 19.108883], [72.8770026, 19.1089628], [72.876775, 19.1090494]]}}, {"type": "Feature", "id": "1235799296", "properties": {"id": "1235799296", "name": "Mathuradas Vasanji Road (Andheri Kurla Road)", "highway": "primary", "lanes": null, "source": "OSM"}, "geometry": {"type": "LineString", "coordinates": [[72.8868351, 19.1041167], [72.8867407, 19.1041676]]}}, {"type": "Feature", "id": "1235799297", "properties": {"id": "1235799297", "name": "Baji Pasalkar Marg (Saki Vihar Road)", "highway": "primary", "lanes": null, "source": "OSM"}, "geometry": {"type": "LineString", "coordinates": [[72.8866591, 19.1040572], [72.8867407, 19.1041676]]}}, {"type": "Feature", "id": "1236044651", "properties": {"id": "1236044651", "name": "Unnamed Road", "highway": "secondary", "lanes": null, "source": "OSM"}, "geometry": {"type": "LineString", "coordinates": [[72.875038, 19.1031928], [72.8754874, 19.1031842]]}}, {"type": "Feature", "id": "1236044652", "properties": {"id": "1236044652", "name": "Unnamed Road", "highway": "secondary", "lanes": null, "source": "OSM"}, "geometry": {"type": "LineString", "coordinates": [[72.8762388, 19.1094449], [72.8761775, 19.1092768], [72.8760454, 19.1089561]]}}, {"type": "Feature", "id": "1236044653", "properties": {"id": "1236044653", "name": "Mathuradas Vasanji Road (Andheri Kurla Road)", "highway": "primary", "lanes": null, "source": "OSM"}, "geometry": {"type": "LineString", "coordinates": [[72.8767172, 19.1090714], [72.8764475, 19.1091741]]}}, {"type": "Feature", "id": "1236044654", "properties": {"id": "1236044654", "name": "Mathuradas Vasanji Road (Andheri Kurla Road)", "highway": "primary", "lanes": null, "source": "OSM"}, "geometry": {"type": "LineString", "coordinates": [[72.8761312, 19.1094849], [72.8762388, 19.1094449]]}}, {"type": "Feature", "id": "1236044655", "properties": {"id": "1236044655", "name": "Unnamed Road", "highway": "secondary", "lanes": null, "source": "OSM"}, "geometry": {"type": "LineString", "coordinates": [[72.8727344, 19.1031794], [72.8729414, 19.1031837], [72.8730073, 19.1031839], [72.8732911, 19.1031848], [72.8742335, 19.1031997]]}}, {"type": "Feature", "id": "1236044656", "properties": {"id": "1236044656", "name": "Unnamed Road", "highway": "secondary", "lanes": null, "source": "OSM"}, "geometry": {"type": "LineString", "coordinates": [[72.8764065, 19.1031548], [72.8767231, 19.1031502]]}}, {"type": "Feature", "id": "1236044657", "properties": {"id": "1236044657", "name": "Unnamed Road", "highway": "secondary", "lanes": null, "source": "OSM"}, "geometry": {"type": "LineString", "coordinates": [[72.8625905, 19.1026095], [72.8626949, 19.1026384], [72.8628972, 19.1026788]]}}, {"type": "Feature", "id": "1236044658", "properties": {"id": "1236044658", "name": "V K Krishna Marg", "highway": "secondary", "lanes": null, "source": "OSM"}, "geometry": {"type": "LineString", "coordinates": [[72.8626265, 19.1027599], [72.8626949, 19.1026384], [72.8627913, 19.1024558]]}}, {"type": "Feature", "id": "1236044659", "properties": {"id": "1236044659", "name": "Sahar Road", "highway": "secondary", "lanes": null, "source": "OSM"}, "geometry": {"type": "LineString", "coordinates": [[72.8521405, 19.1098581], [72.8525895, 19.1096169], [72.85296, 19.1094768], [72.8530717, 19.1094346]]}}, {"type": "Feature", "id": "1236088973", "properties": {"id": "1236088973", "name": "Jawaharlal Nehru Road", "highway": "secondary", "lanes": null, "source": "OSM"}, "geometry": {"type": "LineString", "coordinates": [[72.8624528, 19.0778083], [72.8625431, 19.0778032]]}}, {"type": "Feature", "id": "1236088974", "properties": {"id": "1236088974", "name": "Santa Cruz \u2013 Chembur Link Road", "highway": "trunk", "lanes": "3", "source": "OSM"}, "geometry": {"type": "LineString", "coordinates": [[72.8604482, 19.0743957], [72.8603056, 19.0744225], [72.8600095, 19.0744668], [72.85979, 19.0744481], [72.8597652, 19.0744553], [72.8594409, 19.0745514], [72.8573595, 19.0748972], [72.8556446, 19.0751721], [72.8553562, 19.0751872], [72.8551362, 19.0751835], [72.8546282, 19.0750145], [72.8543557, 19.0748747], [72.8530567, 19.0741646], [72.8526796, 19.0739863]]}}, {"type": "Feature", "id": "1236088975", "properties": {"id": "1236088975", "name": "Santa Cruz \u2013 Chembur Link Road", "highway": "trunk", "lanes": "3", "source": "OSM"}, "geometry": {"type": "LineString", "coordinates": [[72.880484, 19.0740375], [72.8804281, 19.0740867], [72.8801552, 19.0742913]]}}, {"type": "Feature", "id": "1236088976", "properties": {"id": "1236088976", "name": "Santa Cruz \u2013 Chembur Link Road", "highway": "trunk_link", "lanes": "2", "source": "OSM"}, "geometry": {"type": "LineString", "coordinates": [[72.8886976, 19.0673455], [72.8886221, 19.0674194]]}}, {"type": "Feature", "id": "1236088977", "properties": {"id": "1236088977", "name": "Lokmanya Tilak Terminus Road", "highway": "secondary", "lanes": "2", "source": "OSM"}, "geometry": {"type": "LineString", "coordinates": [[72.888952, 19.0675273], [72.8886976, 19.0673455]]}}, {"type": "Feature", "id": "1236088978", "properties": {"id": "1236088978", "name": "Santa Cruz \u2013 Chembur Link Road", "highway": "trunk", "lanes": "3", "source": "OSM"}, "geometry": {"type": "LineString", "coordinates": [[72.8774466, 19.0761061], [72.8775314, 19.0760493]]}}, {"type": "Feature", "id": "1236088980", "properties": {"id": "1236088980", "name": "Jawaharlal Nehru Road", "highway": "secondary", "lanes": null, "source": "OSM"}, "geometry": {"type": "LineString", "coordinates": [[72.8587128, 19.0820038], [72.8587181, 19.0819093]]}}, {"type": "Feature", "id": "1237287417", "properties": {"id": "1237287417", "name": "Mathuradas Vasanji Road", "highway": "secondary", "lanes": null, "source": "OSM"}, "geometry": {"type": "LineString", "coordinates": [[72.8602007, 19.1147605], [72.8600696, 19.1147757]]}}, {"type": "Feature", "id": "1237287418", "properties": {"id": "1237287418", "name": "Mahakali Caves Road", "highway": "tertiary", "lanes": null, "source": "OSM"}, "geometry": {"type": "LineString", "coordinates": [[72.8600696, 19.1147757], [72.860099, 19.114917]]}}, {"type": "Feature", "id": "1237287419", "properties": {"id": "1237287419", "name": "Mathuradas Vasanji Road", "highway": "secondary", "lanes": null, "source": "OSM"}, "geometry": {"type": "LineString", "coordinates": [[72.8593826, 19.114976], [72.860099, 19.114917]]}}, {"type": "Feature", "id": "1237735489", "properties": {"id": "1237735489", "name": "Lal Bahadur Shastri Marg", "highway": "primary", "lanes": null, "source": "OSM"}, "geometry": {"type": "LineString", "coordinates": [[72.876169, 19.0744478], [72.8766583, 19.0751095], [72.8767455, 19.0752308], [72.8771945, 19.0758299], [72.8772134, 19.0758551], [72.8772747, 19.0759339]]}}, {"type": "Feature", "id": "1238078198", "properties": {"id": "1238078198", "name": "Unnamed Road", "highway": "trunk_link", "lanes": "2", "source": "OSM"}, "geometry": {"type": "LineString", "coordinates": [[72.8903137, 19.058952], [72.8901857, 19.0587985], [72.8885548, 19.0574861], [72.8875752, 19.0566977]]}}, {"type": "Feature", "id": "1238078199", "properties": {"id": "1238078199", "name": "SG Barve Marg", "highway": "secondary", "lanes": null, "source": "OSM"}, "geometry": {"type": "LineString", "coordinates": [[72.8875752, 19.0566977], [72.8876202, 19.0566401]]}}, {"type": "Feature", "id": "1238346017", "properties": {"id": "1238346017", "name": "S G Barve Marg (C S T Road)", "highway": "secondary", "lanes": null, "source": "OSM"}, "geometry": {"type": "LineString", "coordinates": [[72.8893813, 19.0539471], [72.8892738, 19.0540824], [72.8889344, 19.0545438], [72.88882, 19.0547076], [72.8885078, 19.0551548], [72.888452, 19.0552329], [72.888318, 19.0554248], [72.8878339, 19.0560871], [72.8875106, 19.0565528], [72.8874693, 19.0566052]]}}, {"type": "Feature", "id": "1238346018", "properties": {"id": "1238346018", "name": "Unnamed Road", "highway": "trunk_link", "lanes": "2", "source": "OSM"}, "geometry": {"type": "LineString", "coordinates": [[72.8872739, 19.056904], [72.887368, 19.056974]]}}, {"type": "Feature", "id": "1238603169", "properties": {"id": "1238603169", "name": "Lal Bahadur Shastri Marg", "highway": "primary", "lanes": null, "source": "OSM"}, "geometry": {"type": "LineString", "coordinates": [[72.8762291, 19.0744165], [72.875982, 19.0740313], [72.8759364, 19.0739445], [72.8758293, 19.0733749], [72.8758249, 19.0733516], [72.8758122, 19.0732499], [72.8755992, 19.0715385], [72.8755863, 19.0714464], [72.8755433, 19.0711802], [72.8754959, 19.0708175]]}}, {"type": "Feature", "id": "1238603170", "properties": {"id": "1238603170", "name": "Lal Bahadur Shastri Marg", "highway": "primary", "lanes": null, "source": "OSM"}, "geometry": {"type": "LineString", "coordinates": [[72.8773593, 19.0758789], [72.8772797, 19.0757759], [72.8767964, 19.07515], [72.8767259, 19.0750587], [72.8762291, 19.0744165]]}}, {"type": "Feature", "id": "1238603171", "properties": {"id": "1238603171", "name": "Lal Bahadur Shastri Marg", "highway": "primary", "lanes": null, "source": "OSM"}, "geometry": {"type": "LineString", "coordinates": [[72.8772747, 19.0759339], [72.8773003, 19.0759585], [72.8774466, 19.0761061]]}}, {"type": "Feature", "id": "1238603173", "properties": {"id": "1238603173", "name": "Unnamed Road", "highway": "primary", "lanes": null, "source": "OSM"}, "geometry": {"type": "LineString", "coordinates": [[72.8753551, 19.0707566], [72.8754828, 19.0707176]]}}, {"type": "Feature", "id": "1238603932", "properties": {"id": "1238603932", "name": "Bandra Kurla Complex Road", "highway": "primary", "lanes": "3", "source": "OSM"}, "geometry": {"type": "LineString", "coordinates": [[72.8595009, 19.0621323], [72.8592087, 19.0610065], [72.8591508, 19.0608834], [72.8590842, 19.0607772], [72.8589985, 19.060689], [72.8588944, 19.0606032], [72.8587225, 19.0605139], [72.8587076, 19.06051], [72.8586336, 19.0604963], [72.8585478, 19.06047], [72.8584195, 19.0604524], [72.8582791, 19.0604524], [72.8581675, 19.060448]]}}, {"type": "Feature", "id": "1238603933", "properties": {"id": "1238603933", "name": "Street 3", "highway": "secondary", "lanes": "2", "source": "OSM"}, "geometry": {"type": "LineString", "coordinates": [[72.8599894, 19.0623085], [72.8595787, 19.0624565]]}}, {"type": "Feature", "id": "1238603934", "properties": {"id": "1238603934", "name": "Avenue 3", "highway": "secondary", "lanes": "2", "source": "OSM"}, "geometry": {"type": "LineString", "coordinates": [[72.8586331, 19.0606606], [72.8587076, 19.06051], [72.8588703, 19.0602458], [72.8589345, 19.0601619], [72.8589972, 19.0600799], [72.8590362, 19.0600441], [72.8590823, 19.0600171], [72.8601984, 19.0593746], [72.8602685, 19.0593282], [72.8603919, 19.0592466], [72.8610975, 19.0588222], [72.8612141, 19.0587702], [72.861341, 19.0587684], [72.8624832, 19.0588581], [72.8625704, 19.058892], [72.8626135, 19.0589476], [72.8626426, 19.0590308]]}}, {"type": "Feature", "id": "1238603935", "properties": {"id": "1238603935", "name": "Unnamed Road", "highway": "secondary_link", "lanes": "2", "source": "OSM"}, "geometry": {"type": "LineString", "coordinates": [[72.8628462, 19.0588866], [72.8624966, 19.0587493]]}}, {"type": "Feature", "id": "1238603936", "properties": {"id": "1238603936", "name": "Unnamed Road", "highway": "tertiary_link", "lanes": "2", "source": "OSM"}, "geometry": {"type": "LineString", "coordinates": [[72.8648575, 19.0589598], [72.8647359, 19.0589122], [72.8646616, 19.0588818], [72.8645996, 19.0588245], [72.8645519, 19.058747]]}}, {"type": "Feature", "id": "1238603937", "properties": {"id": "1238603937", "name": "Avenue 3", "highway": "tertiary", "lanes": "2", "source": "OSM"}, "geometry": {"type": "LineString", "coordinates": [[72.8670497, 19.0603051], [72.8668839, 19.0600174], [72.8666577, 19.0596247], [72.8666111, 19.0595439], [72.8665125, 19.0594077], [72.8664696, 19.0593652], [72.8663642, 19.0592606], [72.8662049, 19.059152], [72.8659976, 19.0590646], [72.8657436, 19.0590217], [72.8656488, 19.0590058], [72.8655565, 19.0590045], [72.8648575, 19.0589598]]}}, {"type": "Feature", "id": "1238603939", "properties": {"id": "1238603939", "name": "Avenue 5", "highway": "tertiary", "lanes": "2", "source": "OSM"}, "geometry": {"type": "LineString", "coordinates": [[72.8681119, 19.0599579], [72.8681011, 19.0598545], [72.868036, 19.0597643]]}}, {"type": "Feature", "id": "1238603940", "properties": {"id": "1238603940", "name": "Avenue 5", "highway": "tertiary", "lanes": null, "source": "OSM"}, "geometry": {"type": "LineString", "coordinates": [[72.8681119, 19.0599579], [72.8681968, 19.0600841], [72.8683967, 19.0604994], [72.8684196, 19.0605703], [72.8686847, 19.0613909], [72.8689212, 19.0619811]]}}, {"type": "Feature", "id": "1238603941", "properties": {"id": "1238603941", "name": "Avenue 3", "highway": "tertiary", "lanes": "2", "source": "OSM"}, "geometry": {"type": "LineString", "coordinates": [[72.8645153, 19.0592719], [72.8645638, 19.0591779], [72.864644, 19.0591082], [72.8647525, 19.0590682], [72.8648782, 19.0590529], [72.8655472, 19.0591115], [72.8656342, 19.0591209], [72.8659638, 19.0591684], [72.8661478, 19.059246], [72.8661819, 19.0592692], [72.8662889, 19.0593422], [72.8664236, 19.0594757], [72.8665137, 19.0596003], [72.866555, 19.059672], [72.8669497, 19.060357], [72.8669861, 19.0604201], [72.8677782, 19.0617948], [72.8678301, 19.0619144], [72.8678475, 19.0620353], [72.8678472, 19.0622021]]}}, {"type": "Feature", "id": "1238603942", "properties": {"id": "1238603942", "name": "Street 3", "highway": "secondary", "lanes": "2", "source": "OSM"}, "geometry": {"type": "LineString", "coordinates": [[72.8645153, 19.0592719], [72.8645378, 19.0589758]]}}, {"type": "Feature", "id": "1238603944", "properties": {"id": "1238603944", "name": "Bandra Kurla Complex Road", "highway": "primary", "lanes": "3", "source": "OSM"}, "geometry": {"type": "LineString", "coordinates": [[72.8578863, 19.06052], [72.8580245, 19.0605801], [72.8581423, 19.0606089], [72.8582755, 19.0606141], [72.8584071, 19.0606141], [72.8585134, 19.0606287], [72.8585698, 19.0606458], [72.8586331, 19.0606606], [72.8586584, 19.0606651], [72.8587959, 19.0607365], [72.8588789, 19.060805], [72.8589461, 19.0608742], [72.8589986, 19.0609577], [72.8590495, 19.061066], [72.8594183, 19.0625151]]}}, {"type": "Feature", "id": "1238884945", "properties": {"id": "1238884945", "name": "Naupada Road", "highway": "tertiary", "lanes": "2", "source": "OSM"}, "geometry": {"type": "LineString", "coordinates": [[72.8894023, 19.0806353], [72.8894159, 19.0806502]]}}, {"type": "Feature", "id": "1238884946", "properties": {"id": "1238884946", "name": "Naupada Road", "highway": "tertiary", "lanes": "2", "source": "OSM"}, "geometry": {"type": "LineString", "coordinates": [[72.8891745, 19.080637], [72.8894023, 19.0806353]]}}, {"type": "Feature", "id": "1238884947", "properties": {"id": "1238884947", "name": "Kirol Road", "highway": "tertiary", "lanes": null, "source": "OSM"}, "geometry": {"type": "LineString", "coordinates": [[72.8894389, 19.0805283], [72.8893341, 19.0805518], [72.8891745, 19.080637]]}}, {"type": "Feature", "id": "1238884948", "properties": {"id": "1238884948", "name": "Kirol Road", "highway": "tertiary", "lanes": null, "source": "OSM"}, "geometry": {"type": "LineString", "coordinates": [[72.889486, 19.0805264], [72.88946, 19.0805239], [72.8894389, 19.0805283]]}}, {"type": "Feature", "id": "1238884952", "properties": {"id": "1238884952", "name": "Unnamed Road", "highway": "tertiary", "lanes": null, "source": "OSM"}, "geometry": {"type": "LineString", "coordinates": [[72.8895352, 19.0806243], [72.8895414, 19.0806006], [72.8895388, 19.0805762], [72.8895277, 19.0805542], [72.8895094, 19.0805369], [72.889486, 19.0805264]]}}, {"type": "Feature", "id": "1238884953", "properties": {"id": "1238884953", "name": "Unnamed Road", "highway": "tertiary", "lanes": null, "source": "OSM"}, "geometry": {"type": "LineString", "coordinates": [[72.8895209, 19.0806447], [72.8895352, 19.0806243]]}}, {"type": "Feature", "id": "1238884954", "properties": {"id": "1238884954", "name": "Naupada Road", "highway": "tertiary", "lanes": "2", "source": "OSM"}, "geometry": {"type": "LineString", "coordinates": [[72.8895032, 19.0809307], [72.8895107, 19.0809523], [72.8901761, 19.0835374], [72.8904181, 19.0846428]]}}, {"type": "Feature", "id": "1238884955", "properties": {"id": "1238884955", "name": "Naupada Road", "highway": "tertiary", "lanes": "2", "source": "OSM"}, "geometry": {"type": "LineString", "coordinates": [[72.8904181, 19.0846428], [72.8904208, 19.084701]]}}, {"type": "Feature", "id": "1240182691", "properties": {"id": "1240182691", "name": "Ramakrishna Chemburkar Marg", "highway": "secondary", "lanes": "2", "source": "OSM"}, "geometry": {"type": "LineString", "coordinates": [[72.8952415, 19.056642], [72.8951112, 19.0560089], [72.8949997, 19.0554672], [72.894864, 19.0548078], [72.8947598, 19.0543023], [72.8947246, 19.0541314]]}}, {"type": "Feature", "id": "1243105384", "properties": {"id": "1243105384", "name": "Pipeline Road", "highway": "tertiary", "lanes": null, "source": "OSM"}, "geometry": {"type": "LineString", "coordinates": [[72.850222, 19.0769337], [72.8502958, 19.0770409], [72.8503738, 19.077164], [72.8505107, 19.0773762], [72.8508928, 19.0779686], [72.8509683, 19.0780857], [72.8515556, 19.0791743], [72.8516531, 19.0793151], [72.8524866, 19.0806588], [72.852615, 19.0807895]]}}, {"type": "Feature", "id": "1247508856", "properties": {"id": "1247508856", "name": "Unnamed Road", "highway": "tertiary", "lanes": null, "source": "OSM"}, "geometry": {"type": "LineString", "coordinates": [[72.8874091, 19.075244], [72.887479, 19.0751675]]}}, {"type": "Feature", "id": "1251127691", "properties": {"id": "1251127691", "name": "Santa Cruz \u2013 Chembur Link Road", "highway": "trunk", "lanes": "3", "source": "OSM"}, "geometry": {"type": "LineString", "coordinates": [[72.870865, 19.0745228], [72.8709303, 19.0745514], [72.8713758, 19.0747464]]}}, {"type": "Feature", "id": "1251127692", "properties": {"id": "1251127692", "name": "Unnamed Road", "highway": "tertiary", "lanes": "1", "source": "OSM"}, "geometry": {"type": "LineString", "coordinates": [[72.8547841, 19.1131295], [72.8547036, 19.1127799]]}}, {"type": "Feature", "id": "1251127693", "properties": {"id": "1251127693", "name": "Guru Hargovindji Road", "highway": "primary", "lanes": null, "source": "OSM"}, "geometry": {"type": "LineString", "coordinates": [[72.8551791, 19.112981], [72.8547841, 19.1131295]]}}, {"type": "Feature", "id": "1251127694", "properties": {"id": "1251127694", "name": "Guru Hargovindji Road", "highway": "primary", "lanes": null, "source": "OSM"}, "geometry": {"type": "LineString", "coordinates": [[72.8586651, 19.1117718], [72.8584016, 19.1118597]]}}, {"type": "Feature", "id": "1251127695", "properties": {"id": "1251127695", "name": "Santa Cruz \u2013 Chembur Link Road", "highway": "trunk", "lanes": "3", "source": "OSM"}, "geometry": {"type": "LineString", "coordinates": [[72.8714355, 19.0744853], [72.8713575, 19.0744759], [72.8713334, 19.0744649], [72.8710305, 19.074335], [72.8709551, 19.0743008]]}}, {"type": "Feature", "id": "1251127696", "properties": {"id": "1251127696", "name": "Unnamed Road", "highway": "secondary", "lanes": "3", "source": "OSM"}, "geometry": {"type": "LineString", "coordinates": [[72.8709551, 19.0743008], [72.870865, 19.0745228], [72.8708827, 19.07458]]}}, {"type": "Feature", "id": "1251127697", "properties": {"id": "1251127697", "name": "Unnamed Road", "highway": "secondary", "lanes": "3", "source": "OSM"}, "geometry": {"type": "LineString", "coordinates": [[72.8720389, 19.0713635], [72.8719097, 19.0716946]]}}, {"type": "Feature", "id": "1251127698", "properties": {"id": "1251127698", "name": "Bandra Kurla Complex Road", "highway": "primary", "lanes": "3", "source": "OSM"}, "geometry": {"type": "LineString", "coordinates": [[72.8717995, 19.0710692], [72.8719583, 19.071101], [72.872119, 19.071135], [72.8722123, 19.0711547], [72.8724177, 19.0711982], [72.8725951, 19.071196]]}}, {"type": "Feature", "id": "1251973953", "properties": {"id": "1251973953", "name": "Baji Pasalkar Marg (Saki Vihar Road)", "highway": "primary", "lanes": null, "source": "OSM"}, "geometry": {"type": "LineString", "coordinates": [[72.8869242, 19.1042929], [72.8868351, 19.1041167]]}}, {"type": "Feature", "id": "1251973965", "properties": {"id": "1251973965", "name": "Baji Pasalkar Marg (Saki Vihar Road)", "highway": "primary", "lanes": null, "source": "OSM"}, "geometry": {"type": "LineString", "coordinates": [[72.8867407, 19.1041676], [72.8868497, 19.104341]]}}, {"type": "Feature", "id": "1251973966", "properties": {"id": "1251973966", "name": "Mathuradas Vasanji Road (Andheri Kurla Road)", "highway": "primary", "lanes": null, "source": "OSM"}, "geometry": {"type": "LineString", "coordinates": [[72.8868497, 19.104341], [72.8869242, 19.1042929]]}}, {"type": "Feature", "id": "1251973967", "properties": {"id": "1251973967", "name": "Mathuradas Vasanji Road", "highway": "secondary", "lanes": null, "source": "OSM"}, "geometry": {"type": "LineString", "coordinates": [[72.8668707, 19.1123064], [72.8669444, 19.1122866]]}}, {"type": "Feature", "id": "1251973968", "properties": {"id": "1251973968", "name": "Mathuradas Vasanji Road", "highway": "secondary", "lanes": null, "source": "OSM"}, "geometry": {"type": "LineString", "coordinates": [[72.860099, 19.114917], [72.8602311, 19.1149061], [72.8603628, 19.1148851]]}}, {"type": "Feature", "id": "1253570910", "properties": {"id": "1253570910", "name": "Unnamed Road", "highway": "tertiary_link", "lanes": null, "source": "OSM"}, "geometry": {"type": "LineString", "coordinates": [[72.8876658, 19.0955827], [72.8877857, 19.0955648]]}}, {"type": "Feature", "id": "1254127089", "properties": {"id": "1254127089", "name": "Guru Hargovindji Road", "highway": "primary", "lanes": null, "source": "OSM"}, "geometry": {"type": "LineString", "coordinates": [[72.866939, 19.1123616], [72.8669422, 19.1123178], [72.8669444, 19.1122866]]}}, {"type": "Feature", "id": "1254524230", "properties": {"id": "1254524230", "name": "Street 3", "highway": "secondary", "lanes": "2", "source": "OSM"}, "geometry": {"type": "LineString", "coordinates": [[72.862468, 19.0614119], [72.8622958, 19.0614774], [72.8617639, 19.0616691], [72.8616573, 19.0617075], [72.8613566, 19.0618159], [72.8612052, 19.0618704], [72.8610336, 19.0619322], [72.8606761, 19.062061]]}}, {"type": "Feature", "id": "1255211314", "properties": {"id": "1255211314", "name": "Santa Cruz \u2013 Chembur Link Road", "highway": "trunk", "lanes": "3", "source": "OSM"}, "geometry": {"type": "LineString", "coordinates": [[72.8718127, 19.0749315], [72.8722225, 19.0751153], [72.8722807, 19.0751414], [72.8723387, 19.0751706]]}}, {"type": "Feature", "id": "1264143642", "properties": {"id": "1264143642", "name": "Guru Hargovindji Road", "highway": "primary", "lanes": null, "source": "OSM"}, "geometry": {"type": "LineString", "coordinates": [[72.8668707, 19.1123064], [72.866939, 19.1123616]]}}, {"type": "Feature", "id": "1264143643", "properties": {"id": "1264143643", "name": "Guru Hargovindji Road", "highway": "primary", "lanes": null, "source": "OSM"}, "geometry": {"type": "LineString", "coordinates": [[72.8548176, 19.1132768], [72.8550367, 19.1132114]]}}, {"type": "Feature", "id": "1264143644", "properties": {"id": "1264143644", "name": "Unnamed Road", "highway": "tertiary", "lanes": "1", "source": "OSM"}, "geometry": {"type": "LineString", "coordinates": [[72.8549185, 19.1137346], [72.8548176, 19.1132768], [72.8548015, 19.1131915], [72.8547841, 19.1131295]]}}, {"type": "Feature", "id": "1264143646", "properties": {"id": "1264143646", "name": "Guru Hargovindji Road", "highway": "primary", "lanes": null, "source": "OSM"}, "geometry": {"type": "LineString", "coordinates": [[72.8669444, 19.1122866], [72.8668721, 19.1121369]]}}, {"type": "Feature", "id": "1264143647", "properties": {"id": "1264143647", "name": "Unnamed Road", "highway": "tertiary", "lanes": null, "source": "OSM"}, "geometry": {"type": "LineString", "coordinates": [[72.8828424, 19.1126688], [72.8828291, 19.1126787], [72.8828109, 19.1127095], [72.8828065, 19.1127444], [72.8828166, 19.1127783], [72.8828397, 19.112806], [72.8828604, 19.112817]]}}, {"type": "Feature", "id": "1264143648", "properties": {"id": "1264143648", "name": "Maroshi Village Road", "highway": "secondary", "lanes": null, "source": "OSM"}, "geometry": {"type": "LineString", "coordinates": [[72.8794768, 19.1131259], [72.8795265, 19.1133416], [72.8795437, 19.1134163], [72.8795582, 19.1135079]]}}, {"type": "Feature", "id": "1265532942", "properties": {"id": "1265532942", "name": "Lal Bahadur Shastri Marg", "highway": "primary", "lanes": null, "source": "OSM"}, "geometry": {"type": "LineString", "coordinates": [[72.8804116, 19.0797692], [72.8803239, 19.0796532]]}}, {"type": "Feature", "id": "1266513701", "properties": {"id": "1266513701", "name": "Lal Bahadur Shastri Marg", "highway": "primary", "lanes": null, "source": "OSM"}, "geometry": {"type": "LineString", "coordinates": [[72.8788698, 19.0777367], [72.8784324, 19.0771804], [72.8781829, 19.0768631], [72.8778249, 19.0763983], [72.8775314, 19.0760493]]}}, {"type": "Feature", "id": "1266513702", "properties": {"id": "1266513702", "name": "Lal Bahadur Shastri Marg", "highway": "primary", "lanes": null, "source": "OSM"}, "geometry": {"type": "LineString", "coordinates": [[72.8775314, 19.0760493], [72.8773593, 19.0758789]]}}, {"type": "Feature", "id": "1266513703", "properties": {"id": "1266513703", "name": "Kalina Kurla Road", "highway": "secondary", "lanes": null, "source": "OSM"}, "geometry": {"type": "LineString", "coordinates": [[72.8788698, 19.0777367], [72.8787234, 19.0777927]]}}, {"type": "Feature", "id": "1266513704", "properties": {"id": "1266513704", "name": "Lal Bahadur Shastri Marg", "highway": "primary", "lanes": null, "source": "OSM"}, "geometry": {"type": "LineString", "coordinates": [[72.8787234, 19.0777927], [72.8791368, 19.0783337], [72.8802079, 19.0797211], [72.8803052, 19.0798475]]}}, {"type": "Feature", "id": "1266523671", "properties": {"id": "1266523671", "name": "Bandra Kurla Complex Road", "highway": "primary", "lanes": "3", "source": "OSM"}, "geometry": {"type": "LineString", "coordinates": [[72.8725951, 19.071196], [72.8726999, 19.0711947], [72.8728377, 19.0711781]]}}, {"type": "Feature", "id": "1266523672", "properties": {"id": "1266523672", "name": "Unnamed Road", "highway": "secondary", "lanes": "3", "source": "OSM"}, "geometry": {"type": "LineString", "coordinates": [[72.8719968, 19.0717393], [72.8721025, 19.0714596]]}}, {"type": "Feature", "id": "1266523673", "properties": {"id": "1266523673", "name": "Unnamed Road", "highway": "primary", "lanes": null, "source": "OSM"}, "geometry": {"type": "LineString", "coordinates": [[72.852821, 19.0955298], [72.8527701, 19.0954195]]}}, {"type": "Feature", "id": "1266523674", "properties": {"id": "1266523674", "name": "Unnamed Road", "highway": "primary", "lanes": null, "source": "OSM"}, "geometry": {"type": "LineString", "coordinates": [[72.8530621, 19.0962681], [72.852821, 19.0955298]]}}, {"type": "Feature", "id": "1266523675", "properties": {"id": "1266523675", "name": "Sahar Road", "highway": "secondary", "lanes": null, "source": "OSM"}, "geometry": {"type": "LineString", "coordinates": [[72.8501652, 19.1113079], [72.8503287, 19.1111844]]}}, {"type": "Feature", "id": "1266523680", "properties": {"id": "1266523680", "name": "Sahar Road", "highway": "secondary", "lanes": null, "source": "OSM"}, "geometry": {"type": "LineString", "coordinates": [[72.8500667, 19.1112802], [72.8489963, 19.1121152], [72.8485775, 19.1124428]]}}, {"type": "Feature", "id": "1266523681", "properties": {"id": "1266523681", "name": "Service road", "highway": "primary", "lanes": null, "source": "OSM"}, "geometry": {"type": "LineString", "coordinates": [[72.8524152, 19.0955718], [72.8524506, 19.0956559]]}}, {"type": "Feature", "id": "1266523682", "properties": {"id": "1266523682", "name": "Air Port Road", "highway": "tertiary", "lanes": null, "source": "OSM"}, "geometry": {"type": "LineString", "coordinates": [[72.8527701, 19.0954195], [72.8524152, 19.0955718]]}}, {"type": "Feature", "id": "1266523683", "properties": {"id": "1266523683", "name": "Bandra Kurla Complex Road", "highway": "primary", "lanes": "3", "source": "OSM"}, "geometry": {"type": "LineString", "coordinates": [[72.8723, 19.0710084], [72.8721745, 19.070981]]}}, {"type": "Feature", "id": "1266798834", "properties": {"id": "1266798834", "name": "Santa Cruz \u2013 Chembur Link Road", "highway": "trunk", "lanes": "3", "source": "OSM"}, "geometry": {"type": "LineString", "coordinates": [[72.8605998, 19.0744629], [72.8606101, 19.0743562], [72.8606318, 19.0742648], [72.8607027, 19.0740327], [72.8607228, 19.0739378], [72.8607836, 19.0737703], [72.8608453, 19.0735999], [72.8609614, 19.0732799], [72.8610943, 19.0729136]]}}, {"type": "Feature", "id": "1266798838", "properties": {"id": "1266798838", "name": "Santa Cruz \u2013 Chembur Link Road", "highway": "trunk", "lanes": "3", "source": "OSM"}, "geometry": {"type": "LineString", "coordinates": [[72.8525216, 19.0740908], [72.8529879, 19.0742698], [72.8531347, 19.0743522], [72.8545282, 19.0751699]]}}, {"type": "Feature", "id": "1266798842", "properties": {"id": "1266798842", "name": "Santa Cruz \u2013 Chembur Link Road", "highway": "trunk", "lanes": "3", "source": "OSM"}, "geometry": {"type": "LineString", "coordinates": [[72.8525596, 19.0739386], [72.8521304, 19.0738077], [72.8519346, 19.0737481], [72.8518341, 19.073714], [72.8515781, 19.073694], [72.8512672, 19.0736929], [72.8509533, 19.0737233], [72.8507254, 19.0737613], [72.8489274, 19.0740633], [72.8487218, 19.0741544]]}}, {"type": "Feature", "id": "1266798847", "properties": {"id": "1266798847", "name": "Santa Cruz \u2013 Chembur Link Road", "highway": "trunk", "lanes": "3", "source": "OSM"}, "geometry": {"type": "LineString", "coordinates": [[72.8608601, 19.0728738], [72.8606495, 19.0736118], [72.8605825, 19.0739793], [72.8604812, 19.0743754], [72.8604482, 19.0743957]]}}, {"type": "Feature", "id": "1266806612", "properties": {"id": "1266806612", "name": "Mathuradas Vasanji Road (Andheri Kurla Road)", "highway": "primary", "lanes": null, "source": "OSM"}, "geometry": {"type": "LineString", "coordinates": [[72.8839336, 19.1072401], [72.8843886, 19.1069741], [72.8845874, 19.106795], [72.8848439, 19.1065338]]}}, {"type": "Feature", "id": "1266806619", "properties": {"id": "1266806619", "name": "Unnamed Road", "highway": "tertiary", "lanes": null, "source": "OSM"}, "geometry": {"type": "LineString", "coordinates": [[72.8828604, 19.112817], [72.8828723, 19.1128232], [72.8829093, 19.1128274], [72.8829193, 19.1128247]]}}, {"type": "Feature", "id": "1266806620", "properties": {"id": "1266806620", "name": "Unnamed Road", "highway": "tertiary", "lanes": null, "source": "OSM"}, "geometry": {"type": "LineString", "coordinates": [[72.8829607, 19.112667], [72.8829313, 19.1126515], [72.8828943, 19.1126474], [72.8828584, 19.1126569], [72.8828424, 19.1126688]]}}, {"type": "Feature", "id": "1266806621", "properties": {"id": "1266806621", "name": "Marol Cooperative Industrial Estate Rd", "highway": "tertiary", "lanes": null, "source": "OSM"}, "geometry": {"type": "LineString", "coordinates": [[72.8839336, 19.1072401], [72.883872, 19.1070454]]}}, {"type": "Feature", "id": "1266806622", "properties": {"id": "1266806622", "name": "Mathuradas Vasanji Road (Andheri Kurla Road)", "highway": "primary", "lanes": null, "source": "OSM"}, "geometry": {"type": "LineString", "coordinates": [[72.8846541, 19.106411], [72.8845013, 19.1065783], [72.8844397, 19.1066348], [72.8842612, 19.1067987], [72.8840486, 19.1069537], [72.883872, 19.1070454]]}}, {"type": "Feature", "id": "1266810710", "properties": {"id": "1266810710", "name": "Unnamed Road", "highway": "secondary", "lanes": null, "source": "OSM"}, "geometry": {"type": "LineString", "coordinates": [[72.8501652, 19.1113079], [72.850119, 19.1112405]]}}, {"type": "Feature", "id": "1266810711", "properties": {"id": "1266810711", "name": "Sahar Road", "highway": "secondary", "lanes": null, "source": "OSM"}, "geometry": {"type": "LineString", "coordinates": [[72.850119, 19.1112405], [72.8500667, 19.1112802]]}}, {"type": "Feature", "id": "1266810712", "properties": {"id": "1266810712", "name": "I A Project Road", "highway": "secondary", "lanes": null, "source": "OSM"}, "geometry": {"type": "LineString", "coordinates": [[72.8627913, 19.1024558], [72.8626932, 19.1024325]]}}, {"type": "Feature", "id": "1266810713", "properties": {"id": "1266810713", "name": "V K Krishna Marg", "highway": "secondary", "lanes": null, "source": "OSM"}, "geometry": {"type": "LineString", "coordinates": [[72.8626932, 19.1024325], [72.8626874, 19.1024425], [72.8625905, 19.1026095]]}}, {"type": "Feature", "id": "1266810714", "properties": {"id": "1266810714", "name": "Sahar Road", "highway": "secondary", "lanes": null, "source": "OSM"}, "geometry": {"type": "LineString", "coordinates": [[72.8501157, 19.1113453], [72.8501652, 19.1113079]]}}, {"type": "Feature", "id": "1267122772", "properties": {"id": "1267122772", "name": "Mathuradas Vasanji Road (Andheri Kurla Road)", "highway": "primary", "lanes": null, "source": "OSM"}, "geometry": {"type": "LineString", "coordinates": [[72.8833163, 19.0940677], [72.8832985, 19.0940003]]}}, {"type": "Feature", "id": "1267122773", "properties": {"id": "1267122773", "name": "90 Feet Road", "highway": "tertiary", "lanes": null, "source": "OSM"}, "geometry": {"type": "LineString", "coordinates": [[72.8887724, 19.103121], [72.8886372, 19.1029386]]}}, {"type": "Feature", "id": "1267122774", "properties": {"id": "1267122774", "name": "Sant Shitolebaba Maharaj Marg", "highway": "primary", "lanes": null, "source": "OSM"}, "geometry": {"type": "LineString", "coordinates": [[72.8899123, 19.1020049], [72.8897448, 19.1021351], [72.8896336, 19.1022216], [72.889439, 19.1023617], [72.8886372, 19.1029386]]}}, {"type": "Feature", "id": "1267122783", "properties": {"id": "1267122783", "name": "Sant Shitolebaba Maharaj Marg", "highway": "primary", "lanes": null, "source": "OSM"}, "geometry": {"type": "LineString", "coordinates": [[72.8886738, 19.1031923], [72.8887724, 19.103121], [72.8891051, 19.1028803], [72.8897342, 19.1023656]]}}, {"type": "Feature", "id": "1267122784", "properties": {"id": "1267122784", "name": "Mathuradas Vasanji Road (Andheri Kurla Road)", "highway": "primary", "lanes": null, "source": "OSM"}, "geometry": {"type": "LineString", "coordinates": [[72.8837374, 19.0962535], [72.8837487, 19.0961257], [72.883739, 19.0959449], [72.8837353, 19.0958748], [72.8836822, 19.0955979], [72.8836629, 19.0954971], [72.8836576, 19.095473], [72.8835818, 19.0951281], [72.8834733, 19.0946349], [72.8834617, 19.0945821], [72.8834095, 19.0944008], [72.883341, 19.0941626], [72.8833163, 19.0940677]]}}, {"type": "Feature", "id": "1267422544", "properties": {"id": "1267422544", "name": "V K Krishna Marg", "highway": "secondary", "lanes": null, "source": "OSM"}, "geometry": {"type": "LineString", "coordinates": [[72.8625905, 19.1026095], [72.8619071, 19.10372], [72.8618563, 19.1038025], [72.861756, 19.1039575], [72.8616968, 19.1040491], [72.861676, 19.1040812], [72.8609478, 19.104963], [72.859285, 19.1070163]]}}, {"type": "Feature", "id": "1267846979", "properties": {"id": "1267846979", "name": "S G Barve Marg (C S T Road)", "highway": "secondary", "lanes": null, "source": "OSM"}, "geometry": {"type": "LineString", "coordinates": [[72.8874693, 19.0566052], [72.8872739, 19.056904]]}}, {"type": "Feature", "id": "1267846980", "properties": {"id": "1267846980", "name": "Unnamed Road", "highway": "trunk_link", "lanes": "2", "source": "OSM"}, "geometry": {"type": "LineString", "coordinates": [[72.8875752, 19.0566977], [72.8874693, 19.0566052]]}}, {"type": "Feature", "id": "1267855606", "properties": {"id": "1267855606", "name": "S G Barve Marg (C S T Road)", "highway": "secondary", "lanes": null, "source": "OSM"}, "geometry": {"type": "LineString", "coordinates": [[72.886357, 19.0581506], [72.8861027, 19.0584892], [72.8859595, 19.0586924]]}}, {"type": "Feature", "id": "1267855607", "properties": {"id": "1267855607", "name": "S G Barve Marg (C S T Road)", "highway": "secondary", "lanes": null, "source": "OSM"}, "geometry": {"type": "LineString", "coordinates": [[72.8872739, 19.056904], [72.887222, 19.0569761], [72.8869918, 19.0573215], [72.8865503, 19.0578861], [72.886357, 19.0581506]]}}, {"type": "Feature", "id": "1267855608", "properties": {"id": "1267855608", "name": "Shell Colony Road", "highway": "tertiary", "lanes": null, "source": "OSM"}, "geometry": {"type": "LineString", "coordinates": [[72.886437, 19.0582139], [72.886357, 19.0581506]]}}, {"type": "Feature", "id": "1267893609", "properties": {"id": "1267893609", "name": "SG Barve Marg", "highway": "secondary", "lanes": null, "source": "OSM"}, "geometry": {"type": "LineString", "coordinates": [[72.885972, 19.0588664], [72.8860273, 19.0587707], [72.8861882, 19.058547], [72.886437, 19.0582139]]}}, {"type": "Feature", "id": "1267893610", "properties": {"id": "1267893610", "name": "SG Barve Marg", "highway": "secondary", "lanes": null, "source": "OSM"}, "geometry": {"type": "LineString", "coordinates": [[72.8845983, 19.0608133], [72.8846578, 19.0607308], [72.8851781, 19.0600126], [72.8858076, 19.0591505], [72.885972, 19.0588664]]}}, {"type": "Feature", "id": "1268392234", "properties": {"id": "1268392234", "name": "Service Road", "highway": "tertiary", "lanes": "1", "source": "OSM"}, "geometry": {"type": "LineString", "coordinates": [[72.853594, 19.1093037], [72.8537037, 19.109825], [72.8538439, 19.1104913], [72.8543197, 19.1126854], [72.854456, 19.1132132]]}}, {"type": "Feature", "id": "1275756506", "properties": {"id": "1275756506", "name": "Mahakali Caves Road", "highway": "tertiary", "lanes": null, "source": "OSM"}, "geometry": {"type": "LineString", "coordinates": [[72.8602311, 19.1149061], [72.8602007, 19.1147605]]}}, {"type": "Feature", "id": "1279831552", "properties": {"id": "1279831552", "name": "Jawaharlal Nehru Road", "highway": "tertiary", "lanes": null, "source": "OSM"}, "geometry": {"type": "LineString", "coordinates": [[72.8667931, 19.0788615], [72.8669943, 19.0790973], [72.8671744, 19.0792447], [72.8671941, 19.0792556], [72.8678707, 19.0796304], [72.8682937, 19.0798199], [72.8684839, 19.0799816], [72.8689864, 19.0804848], [72.8693299, 19.08081], [72.8696368, 19.0810855], [72.8697822, 19.081212], [72.8699727, 19.0813191], [72.8702193, 19.0814689], [72.8703122, 19.0815475], [72.8703766, 19.0816474]]}}, {"type": "Feature", "id": "1279845033", "properties": {"id": "1279845033", "name": "Kherani Road", "highway": "secondary", "lanes": null, "source": "OSM"}, "geometry": {"type": "LineString", "coordinates": [[72.887847, 19.1059724], [72.8879362, 19.1059344]]}}, {"type": "Feature", "id": "1279845034", "properties": {"id": "1279845034", "name": "Baji Pasalkar Marg (Saki Vihar Road)", "highway": "primary", "lanes": null, "source": "OSM"}, "geometry": {"type": "LineString", "coordinates": [[72.8879362, 19.1059344], [72.8879104, 19.1058682], [72.8877448, 19.1055913], [72.8877365, 19.1055771], [72.8877273, 19.1055614], [72.8869618, 19.1043563], [72.8869242, 19.1042929]]}}, {"type": "Feature", "id": "1279845035", "properties": {"id": "1279845035", "name": "Baji Pasalkar Marg (Saki Vihar Road)", "highway": "primary", "lanes": null, "source": "OSM"}, "geometry": {"type": "LineString", "coordinates": [[72.8868497, 19.104341], [72.8872435, 19.1049764], [72.8876316, 19.1055712], [72.8877317, 19.1057245], [72.8877403, 19.1057442], [72.8878195, 19.1059034]]}}, {"type": "Feature", "id": "1280123751", "properties": {"id": "1280123751", "name": "Kanzul Iman Road", "highway": "tertiary", "lanes": "2", "source": "OSM"}, "geometry": {"type": "LineString", "coordinates": [[72.8675806, 19.0704174], [72.8674929, 19.0704014]]}}, {"type": "Feature", "id": "1291881353", "properties": {"id": "1291881353", "name": "Avenue 3", "highway": "tertiary", "lanes": "2", "source": "OSM"}, "geometry": {"type": "LineString", "coordinates": [[72.8676733, 19.0657295], [72.8676625, 19.0656388], [72.8678134, 19.0638628], [72.86796, 19.0622323], [72.8679652, 19.0621157], [72.8679638, 19.0620436], [72.8679412, 19.0618863], [72.8678813, 19.0617484], [72.867086, 19.0603682], [72.8670497, 19.0603051]]}}, {"type": "Feature", "id": "1291881354", "properties": {"id": "1291881354", "name": "Avenue 3", "highway": "tertiary", "lanes": "2", "source": "OSM"}, "geometry": {"type": "LineString", "coordinates": [[72.8678472, 19.0622021], [72.8678352, 19.0623475], [72.8678116, 19.0626102], [72.8677364, 19.0634472], [72.8676998, 19.0638537], [72.867681, 19.0640829], [72.8676449, 19.0645231], [72.867581, 19.0653011], [72.86755, 19.0656789], [72.8675642, 19.0657648]]}}, {"type": "Feature", "id": "1291883373", "properties": {"id": "1291883373", "name": "Street 7", "highway": "tertiary", "lanes": "2", "source": "OSM"}, "geometry": {"type": "LineString", "coordinates": [[72.8665507, 19.0661347], [72.8667864, 19.0660091], [72.866911, 19.0659688], [72.8675642, 19.0657648], [72.8676733, 19.0657295]]}}, {"type": "Feature", "id": "1291883374", "properties": {"id": "1291883374", "name": "Street 7", "highway": "tertiary", "lanes": "2", "source": "OSM"}, "geometry": {"type": "LineString", "coordinates": [[72.8676625, 19.0656388], [72.86755, 19.0656789], [72.8672611, 19.0657754], [72.8670871, 19.0658336], [72.8668703, 19.065906], [72.8667586, 19.0659421], [72.8665871, 19.0660141], [72.8664911, 19.0660741]]}}, {"type": "Feature", "id": "1293075423", "properties": {"id": "1293075423", "name": "Bandra Kurla Complex Road", "highway": "primary", "lanes": null, "source": "OSM"}, "geometry": {"type": "LineString", "coordinates": [[72.8742347, 19.0709006], [72.8740839, 19.0709216]]}}, {"type": "Feature", "id": "1293641196", "properties": {"id": "1293641196", "name": "Nehru Road", "highway": "tertiary", "lanes": null, "source": "OSM"}, "geometry": {"type": "LineString", "coordinates": [[72.851775, 19.0968086], [72.8524739, 19.0966213], [72.8527815, 19.0965425]]}}, {"type": "Feature", "id": "1293641197", "properties": {"id": "1293641197", "name": "Unnamed Road", "highway": "tertiary", "lanes": "1", "source": "OSM"}, "geometry": {"type": "LineString", "coordinates": [[72.854456, 19.1132132], [72.8544811, 19.113344]]}}, {"type": "Feature", "id": "1294741991", "properties": {"id": "1294741991", "name": "Unnamed Road", "highway": "tertiary", "lanes": null, "source": "OSM"}, "geometry": {"type": "LineString", "coordinates": [[72.8640799, 19.1075455], [72.8640822, 19.1075553], [72.8640976, 19.107578], [72.8641203, 19.1075942], [72.8641475, 19.1076022], [72.8641729, 19.107604], [72.8642021, 19.1075906], [72.8642231, 19.1075723]]}}, {"type": "Feature", "id": "1294741993", "properties": {"id": "1294741993", "name": "Sahar Road", "highway": "tertiary", "lanes": null, "source": "OSM"}, "geometry": {"type": "LineString", "coordinates": [[72.8681873, 19.1060118], [72.8678085, 19.1060425], [72.8676882, 19.1060578], [72.8676533, 19.1060622], [72.8675134, 19.10608], [72.8672121, 19.1060969], [72.8669404, 19.1061385], [72.8665883, 19.1061924]]}}, {"type": "Feature", "id": "1294741994", "properties": {"id": "1294741994", "name": "Marol Pipeline Road", "highway": "tertiary", "lanes": null, "source": "OSM"}, "geometry": {"type": "LineString", "coordinates": [[72.8681873, 19.1060118], [72.8684631, 19.1064481], [72.8692774, 19.1077223], [72.8693664, 19.1078652], [72.8695299, 19.1081225], [72.8698374, 19.1086101], [72.8701138, 19.1090483], [72.8707502, 19.1100467], [72.8707752, 19.1100862], [72.8713189, 19.1109457]]}}, {"type": "Feature", "id": "1294741995", "properties": {"id": "1294741995", "name": "Marol Pipeline Road", "highway": "tertiary", "lanes": null, "source": "OSM"}, "geometry": {"type": "LineString", "coordinates": [[72.8662246, 19.1027613], [72.8662736, 19.1029403]]}}, {"type": "Feature", "id": "1297296349", "properties": {"id": "1297296349", "name": "Street 3", "highway": "secondary", "lanes": "2", "source": "OSM"}, "geometry": {"type": "LineString", "coordinates": [[72.8605959, 19.0620899], [72.8599894, 19.0623085]]}}, {"type": "Feature", "id": "1300942326", "properties": {"id": "1300942326", "name": "Baji Pasalkar Marg (Saki Vihar Road)", "highway": "primary", "lanes": null, "source": "OSM"}, "geometry": {"type": "LineString", "coordinates": [[72.8885411, 19.1121227], [72.8884835, 19.1118736], [72.8882898, 19.1113431], [72.8881708, 19.1110623], [72.8881113, 19.1109253], [72.8880549, 19.1107621], [72.8880019, 19.1106086], [72.8879657, 19.1104221], [72.8879345, 19.1102617], [72.8879157, 19.1101147], [72.8878713, 19.1098019], [72.8878486, 19.1095982]]}}, {"type": "Feature", "id": "1300942327", "properties": {"id": "1300942327", "name": "Baji Pasalkar Marg (Saki Vihar Road)", "highway": "primary", "lanes": null, "source": "OSM"}, "geometry": {"type": "LineString", "coordinates": [[72.8877416, 19.1096127], [72.8878288, 19.1102707], [72.8879051, 19.1106159], [72.88803, 19.1109479], [72.8882073, 19.1113755], [72.8883999, 19.1119222], [72.8884479, 19.1121054]]}}, {"type": "Feature", "id": "1301051666", "properties": {"id": "1301051666", "name": "Krishnalal Marva Marg", "highway": "tertiary", "lanes": null, "source": "OSM"}, "geometry": {"type": "LineString", "coordinates": [[72.8878486, 19.1095982], [72.8877416, 19.1096127]]}}, {"type": "Feature", "id": "1304773940", "properties": {"id": "1304773940", "name": "Street 7", "highway": "secondary", "lanes": "2", "source": "OSM"}, "geometry": {"type": "LineString", "coordinates": [[72.8664872, 19.0661686], [72.8665507, 19.0661347]]}}, {"type": "Feature", "id": "1304773941", "properties": {"id": "1304773941", "name": "Street 7", "highway": "secondary", "lanes": "2", "source": "OSM"}, "geometry": {"type": "LineString", "coordinates": [[72.8664911, 19.0660741], [72.8664545, 19.0660996], [72.8664307, 19.0661162]]}}, {"type": "Feature", "id": "1304773942", "properties": {"id": "1304773942", "name": "Avenue 3: Lane 3", "highway": "secondary", "lanes": "2", "source": "OSM"}, "geometry": {"type": "LineString", "coordinates": [[72.8665507, 19.0661347], [72.8664911, 19.0660741]]}}, {"type": "Feature", "id": "1307276913", "properties": {"id": "1307276913", "name": "Lal Bahadur Shastri Marg", "highway": "primary", "lanes": null, "source": "OSM"}, "geometry": {"type": "LineString", "coordinates": [[72.8866205, 19.0850938], [72.8866785, 19.0851006]]}}, {"type": "Feature", "id": "1309346664", "properties": {"id": "1309346664", "name": "Andheri Flyover", "highway": "motorway", "lanes": null, "source": "OSM"}, "geometry": {"type": "LineString", "coordinates": [[72.8535834, 19.1060906], [72.8535693, 19.1061662], [72.8535401, 19.1063234]]}}, {"type": "Feature", "id": "1309530686", "properties": {"id": "1309530686", "name": "N S Phadke Marg", "highway": "primary", "lanes": null, "source": "OSM"}, "geometry": {"type": "LineString", "coordinates": [[72.8542283, 19.1133937], [72.8543132, 19.113377], [72.8544811, 19.113344]]}}, {"type": "Feature", "id": "1309530687", "properties": {"id": "1309530687", "name": "N S Phadke Marg", "highway": "primary", "lanes": null, "source": "OSM"}, "geometry": {"type": "LineString", "coordinates": [[72.854456, 19.1132132], [72.8541967, 19.1132938], [72.854105, 19.1133223]]}}, {"type": "Feature", "id": "1309530688", "properties": {"id": "1309530688", "name": "G K Gokhale Bridge", "highway": "primary", "lanes": null, "source": "OSM"}, "geometry": {"type": "LineString", "coordinates": [[72.854105, 19.1133223], [72.8540286, 19.1133488]]}}, {"type": "Feature", "id": "1309530689", "properties": {"id": "1309530689", "name": "G K Gokhale Bridge", "highway": "primary", "lanes": null, "source": "OSM"}, "geometry": {"type": "LineString", "coordinates": [[72.8540475, 19.1134187], [72.8542283, 19.1133937]]}}, {"type": "Feature", "id": "1309534930", "properties": {"id": "1309534930", "name": "Airport Flyover", "highway": "motorway", "lanes": "4", "source": "OSM"}, "geometry": {"type": "LineString", "coordinates": [[72.8505089, 19.0929659], [72.8504334, 19.0929193]]}}, {"type": "Feature", "id": "1309534931", "properties": {"id": "1309534931", "name": "Airport Flyover", "highway": "motorway", "lanes": null, "source": "OSM"}, "geometry": {"type": "LineString", "coordinates": [[72.8538212, 19.0989786], [72.8539115, 19.0992195]]}}, {"type": "Feature", "id": "1310993880", "properties": {"id": "1310993880", "name": "Flyover", "highway": "trunk", "lanes": "2", "source": "OSM"}, "geometry": {"type": "LineString", "coordinates": [[72.8728368, 19.0753367], [72.8733435, 19.0756082]]}}, {"type": "Feature", "id": "1310993881", "properties": {"id": "1310993881", "name": "Flyover", "highway": "trunk", "lanes": "2", "source": "OSM"}, "geometry": {"type": "LineString", "coordinates": [[72.8738429, 19.0756853], [72.8728796, 19.0752569]]}}, {"type": "Feature", "id": "1311474905", "properties": {"id": "1311474905", "name": "Unnamed Road", "highway": "trunk", "lanes": null, "source": "OSM"}, "geometry": {"type": "LineString", "coordinates": [[72.8512201, 19.0738728], [72.8494085, 19.0742015], [72.8489463, 19.0742807], [72.8482212, 19.0744206], [72.8478416, 19.0744863], [72.8475179, 19.074545], [72.8472475, 19.0746143], [72.8470621, 19.0747307], [72.8468154, 19.0749608], [72.846706, 19.075185], [72.8466792, 19.0754525], [72.8467208, 19.0765624], [72.8467685, 19.0797872], [72.8467477, 19.0802811], [72.8466732, 19.0806846], [72.8464979, 19.0815809], [72.846298, 19.082416], [72.8461579, 19.083095], [72.8461035, 19.0837841], [72.8460697, 19.0840936], [72.8459754, 19.0844694], [72.8458836, 19.0847618], [72.8457806, 19.0850124], [72.8456344, 19.0853096], [72.8454878, 19.0855295]]}}, {"type": "Feature", "id": "1324656195", "properties": {"id": "1324656195", "name": "Unnamed Road", "highway": "secondary", "lanes": null, "source": "OSM"}, "geometry": {"type": "LineString", "coordinates": [[72.8767231, 19.1031502], [72.8767638, 19.1030586]]}}, {"type": "Feature", "id": "1324970653", "properties": {"id": "1324970653", "name": "Jiva Mahale Marg", "highway": "tertiary", "lanes": null, "source": "OSM"}, "geometry": {"type": "LineString", "coordinates": [[72.8531324, 19.1138102], [72.8529312, 19.1136424], [72.8528435, 19.1134525], [72.8528331, 19.1133738], [72.8528373, 19.1132864], [72.8528479, 19.1132564]]}}, {"type": "Feature", "id": "1326467726", "properties": {"id": "1326467726", "name": "Makwana Road", "highway": "tertiary", "lanes": null, "source": "OSM"}, "geometry": {"type": "LineString", "coordinates": [[72.8836616, 19.1154484], [72.8834928, 19.1148209], [72.8834763, 19.1147675], [72.8834379, 19.1146266], [72.8833651, 19.1143591], [72.8833293, 19.114243]]}}, {"type": "Feature", "id": "1326469831", "properties": {"id": "1326469831", "name": "Unnamed Road", "highway": "tertiary_link", "lanes": null, "source": "OSM"}, "geometry": {"type": "LineString", "coordinates": [[72.8834048, 19.1148426], [72.8834521, 19.1148309], [72.8834928, 19.1148209]]}}, {"type": "Feature", "id": "1326510798", "properties": {"id": "1326510798", "name": "Makwana Road", "highway": "tertiary", "lanes": null, "source": "OSM"}, "geometry": {"type": "LineString", "coordinates": [[72.8833293, 19.114243], [72.8832914, 19.1140801], [72.883119, 19.1133818], [72.8829744, 19.112796]]}}, {"type": "Feature", "id": "1326511350", "properties": {"id": "1326511350", "name": "Unnamed Road", "highway": "tertiary_link", "lanes": null, "source": "OSM"}, "geometry": {"type": "LineString", "coordinates": [[72.8830552, 19.1133984], [72.883119, 19.1133818]]}}, {"type": "Feature", "id": "1327051208", "properties": {"id": "1327051208", "name": "BKC - WEH Connector", "highway": "secondary", "lanes": null, "source": "OSM"}, "geometry": {"type": "LineString", "coordinates": [[72.8469152, 19.0757278], [72.8469406, 19.0755645], [72.8469321, 19.0750726], [72.8470159, 19.0748434], [72.8472035, 19.0746897], [72.8477211, 19.0744144], [72.8492647, 19.073765], [72.8497635, 19.0734456], [72.8500188, 19.0731205], [72.8503549, 19.0725261], [72.8526137, 19.0681101]]}}, {"type": "Feature", "id": "1329012293", "properties": {"id": "1329012293", "name": "Unnamed Road", "highway": "secondary_link", "lanes": null, "source": "OSM"}, "geometry": {"type": "LineString", "coordinates": [[72.8616968, 19.1040491], [72.8617956, 19.1041038]]}}, {"type": "Feature", "id": "1329012829", "properties": {"id": "1329012829", "name": "V K Krishna Marg", "highway": "secondary", "lanes": null, "source": "OSM"}, "geometry": {"type": "LineString", "coordinates": [[72.8618631, 19.1040019], [72.8619594, 19.1038521], [72.8619903, 19.1038041], [72.8620143, 19.1037704], [72.8620336, 19.1037433], [72.8621441, 19.1035647], [72.8622388, 19.1034174], [72.8622667, 19.103374], [72.8623786, 19.1031999], [72.8624892, 19.1030036], [72.8626265, 19.1027599]]}}, {"type": "Feature", "id": "1333113154", "properties": {"id": "1333113154", "name": "Maroshi Village Road", "highway": "secondary", "lanes": null, "source": "OSM"}, "geometry": {"type": "LineString", "coordinates": [[72.8789412, 19.1118607], [72.8789188, 19.1117777]]}}, {"type": "Feature", "id": "1333113620", "properties": {"id": "1333113620", "name": "Maroshi Village Road", "highway": "secondary", "lanes": null, "source": "OSM"}, "geometry": {"type": "LineString", "coordinates": [[72.878987, 19.1119996], [72.8789412, 19.1118607]]}}, {"type": "Feature", "id": "1333243989", "properties": {"id": "1333243989", "name": "Unnamed Road", "highway": "trunk_link", "lanes": null, "source": "OSM"}, "geometry": {"type": "LineString", "coordinates": [[72.8664414, 19.0724092], [72.8664353, 19.0723759], [72.8664273, 19.0723565], [72.8661207, 19.0722155], [72.865672, 19.0720267], [72.865437, 19.0719281], [72.8650712, 19.071762], [72.8646828, 19.0715978], [72.8642782, 19.0714201], [72.8640628, 19.0713281]]}}, {"type": "Feature", "id": "1334199804", "properties": {"id": "1334199804", "name": "Sahar Road", "highway": "tertiary", "lanes": null, "source": "OSM"}, "geometry": {"type": "LineString", "coordinates": [[72.8529245, 19.1129907], [72.8528427, 19.1132012], [72.8528479, 19.1132564]]}}, {"type": "Feature", "id": "1334199805", "properties": {"id": "1334199805", "name": "Jiva Mahale Marg", "highway": "tertiary", "lanes": null, "source": "OSM"}, "geometry": {"type": "LineString", "coordinates": [[72.8528479, 19.1132564], [72.8528805, 19.1132137], [72.853016, 19.1129536]]}}, {"type": "Feature", "id": "1334968866", "properties": {"id": "1334968866", "name": "Unnamed Road", "highway": "tertiary_link", "lanes": null, "source": "OSM"}, "geometry": {"type": "LineString", "coordinates": [[72.8514172, 19.0646183], [72.8513846, 19.0646862]]}}, {"type": "Feature", "id": "1334970375", "properties": {"id": "1334970375", "name": "Unnamed Road", "highway": "tertiary_link", "lanes": null, "source": "OSM"}, "geometry": {"type": "LineString", "coordinates": [[72.8505063, 19.0605701], [72.8505064, 19.0605053]]}}, {"type": "Feature", "id": "1335032872", "properties": {"id": "1335032872", "name": "Unnamed Road", "highway": "tertiary", "lanes": null, "source": "OSM"}, "geometry": {"type": "LineString", "coordinates": [[72.8710938, 19.068516], [72.8711522, 19.0684363]]}}, {"type": "Feature", "id": "1339817980", "properties": {"id": "1339817980", "name": "Unnamed Road", "highway": "motorway_link", "lanes": "2", "source": "OSM"}, "geometry": {"type": "LineString", "coordinates": [[72.8538647, 19.0984665], [72.8538977, 19.0983976], [72.8538183, 19.098074]]}}, {"type": "Feature", "id": "1339817981", "properties": {"id": "1339817981", "name": "Unnamed Road", "highway": "motorway_link", "lanes": "2", "source": "OSM"}, "geometry": {"type": "LineString", "coordinates": [[72.8507762, 19.093011], [72.8505837, 19.0929112], [72.8504334, 19.0929193]]}}, {"type": "Feature", "id": "1339817982", "properties": {"id": "1339817982", "name": "Unnamed Road", "highway": "primary", "lanes": null, "source": "OSM"}, "geometry": {"type": "LineString", "coordinates": [[72.8503534, 19.0927218], [72.8502687, 19.092846]]}}, {"type": "Feature", "id": "1339817983", "properties": {"id": "1339817983", "name": "Unnamed Road", "highway": "primary", "lanes": null, "source": "OSM"}, "geometry": {"type": "LineString", "coordinates": [[72.8512743, 19.0933357], [72.8509346, 19.0930512], [72.8505576, 19.0928275], [72.8503534, 19.0927218]]}}, {"type": "Feature", "id": "1340684744", "properties": {"id": "1340684744", "name": "Sahar Road", "highway": "tertiary", "lanes": null, "source": "OSM"}, "geometry": {"type": "LineString", "coordinates": [[72.866567, 19.1061789], [72.866554, 19.106178], [72.8665415, 19.1061812], [72.8665309, 19.1061883], [72.8665234, 19.1061984], [72.86652, 19.1062094], [72.8665205, 19.1062208], [72.8665248, 19.1062316], [72.8665325, 19.1062405], [72.8665427, 19.1062466], [72.8665545, 19.1062494], [72.8665666, 19.1062486], [72.866574, 19.1062456], [72.8665778, 19.1062441], [72.8665869, 19.1062366], [72.8665931, 19.1062267], [72.8665956, 19.1062155], [72.8665941, 19.1062033], [72.8665883, 19.1061924], [72.8665789, 19.1061839], [72.866567, 19.1061789]]}}, {"type": "Feature", "id": "1341170783", "properties": {"id": "1341170783", "name": "Unnamed Road", "highway": "trunk_link", "lanes": null, "source": "OSM"}, "geometry": {"type": "LineString", "coordinates": [[72.8574074, 19.0751465], [72.8573595, 19.0748972]]}}, {"type": "Feature", "id": "1341201075", "properties": {"id": "1341201075", "name": "Santa Cruz \u2013 Chembur Link Road", "highway": "trunk", "lanes": "3", "source": "OSM"}, "geometry": {"type": "LineString", "coordinates": [[72.8604745, 19.0744731], [72.8605998, 19.0744629]]}}, {"type": "Feature", "id": "1341201076", "properties": {"id": "1341201076", "name": "Unnamed Road", "highway": "trunk", "lanes": null, "source": "OSM"}, "geometry": {"type": "LineString", "coordinates": [[72.8606101, 19.0743562], [72.8604812, 19.0743754]]}}, {"type": "Feature", "id": "1341201077", "properties": {"id": "1341201077", "name": "Unnamed Road", "highway": "trunk", "lanes": null, "source": "OSM"}, "geometry": {"type": "LineString", "coordinates": [[72.8604812, 19.0743754], [72.8604745, 19.0744731]]}}, {"type": "Feature", "id": "1341201078", "properties": {"id": "1341201078", "name": "Unnamed Road", "highway": "trunk_link", "lanes": null, "source": "OSM"}, "geometry": {"type": "LineString", "coordinates": [[72.8605825, 19.0739793], [72.8605549, 19.0740609], [72.8604958, 19.0741947], [72.8603943, 19.0743018], [72.8602661, 19.0743948], [72.8600095, 19.0744668]]}}, {"type": "Feature", "id": "1341201079", "properties": {"id": "1341201079", "name": "Unnamed Road", "highway": "trunk_link", "lanes": null, "source": "OSM"}, "geometry": {"type": "LineString", "coordinates": [[72.8606495, 19.0736118], [72.8605426, 19.0738355], [72.860387, 19.0740446], [72.8601659, 19.0742621], [72.8599233, 19.0744002], [72.85979, 19.0744481]]}}, {"type": "Feature", "id": "1343412104", "properties": {"id": "1343412104", "name": "Unnamed Road", "highway": "trunk_link", "lanes": null, "source": "OSM"}, "geometry": {"type": "LineString", "coordinates": [[72.8824022, 19.0737058], [72.8823961, 19.0736186]]}}, {"type": "Feature", "id": "1343699698", "properties": {"id": "1343699698", "name": "Unnamed Road", "highway": "tertiary_link", "lanes": null, "source": "OSM"}, "geometry": {"type": "LineString", "coordinates": [[72.8873938, 19.0944095], [72.8874712, 19.0943825]]}}, {"type": "Feature", "id": "1343700355", "properties": {"id": "1343700355", "name": "Unnamed Road", "highway": "tertiary_link", "lanes": null, "source": "OSM"}, "geometry": {"type": "LineString", "coordinates": [[72.8875896, 19.0952542], [72.8877075, 19.0952269]]}}, {"type": "Feature", "id": "1343773630", "properties": {"id": "1343773630", "name": "Unnamed Road", "highway": "trunk_link", "lanes": null, "source": "OSM"}, "geometry": {"type": "LineString", "coordinates": [[72.8775314, 19.0760493], [72.8781267, 19.0756698], [72.8781596, 19.0756484]]}}, {"type": "Feature", "id": "1343773631", "properties": {"id": "1343773631", "name": "Unnamed Road", "highway": "trunk_link", "lanes": null, "source": "OSM"}, "geometry": {"type": "LineString", "coordinates": [[72.8781596, 19.0756484], [72.8782065, 19.0756179]]}}, {"type": "Feature", "id": "1343773632", "properties": {"id": "1343773632", "name": "Unnamed Road", "highway": "trunk_link", "lanes": null, "source": "OSM"}, "geometry": {"type": "LineString", "coordinates": [[72.8780105, 19.0754557], [72.877953, 19.075493], [72.8773593, 19.0758789]]}}, {"type": "Feature", "id": "1343773633", "properties": {"id": "1343773633", "name": "Unnamed Road", "highway": "trunk_link", "lanes": null, "source": "OSM"}, "geometry": {"type": "LineString", "coordinates": [[72.8780569, 19.0754255], [72.8780105, 19.0754557]]}}, {"type": "Feature", "id": "1345005613", "properties": {"id": "1345005613", "name": "Sahar Road", "highway": "secondary", "lanes": null, "source": "OSM"}, "geometry": {"type": "LineString", "coordinates": [[72.8535745, 19.1092095], [72.8534641, 19.1092404]]}}, {"type": "Feature", "id": "1349793135", "properties": {"id": "1349793135", "name": "Nanasaheb Dharmadhikari Marg", "highway": "tertiary", "lanes": null, "source": "OSM"}, "geometry": {"type": "LineString", "coordinates": [[72.8522342, 19.0600847], [72.8522497, 19.0600021], [72.8522239, 19.0599295], [72.8522098, 19.0598897], [72.8520834, 19.0595936], [72.8520734, 19.0595701], [72.8519688, 19.059383], [72.8518455, 19.0591923], [72.8516931, 19.0590003], [72.8515641, 19.0588427], [72.8513727, 19.0586213], [72.8512767, 19.0585884]]}}, {"type": "Feature", "id": "1349793136", "properties": {"id": "1349793136", "name": "Nanasaheb Dharmadhikari Marg", "highway": "tertiary", "lanes": null, "source": "OSM"}, "geometry": {"type": "LineString", "coordinates": [[72.8522342, 19.0600847], [72.8522487, 19.0601247]]}}, {"type": "Feature", "id": "1349793137", "properties": {"id": "1349793137", "name": "Nanasaheb Dharmadhikari Marg", "highway": "tertiary", "lanes": null, "source": "OSM"}, "geometry": {"type": "LineString", "coordinates": [[72.8512273, 19.0585354], [72.8512767, 19.0585884]]}}, {"type": "Feature", "id": "1349793138", "properties": {"id": "1349793138", "name": "Unnamed Road", "highway": "tertiary_link", "lanes": null, "source": "OSM"}, "geometry": {"type": "LineString", "coordinates": [[72.8520834, 19.0595936], [72.8520081, 19.0596272]]}}, {"type": "Feature", "id": "1349793139", "properties": {"id": "1349793139", "name": "Unnamed Road", "highway": "tertiary_link", "lanes": null, "source": "OSM"}, "geometry": {"type": "LineString", "coordinates": [[72.8514889, 19.0588867], [72.8515641, 19.0588427]]}}, {"type": "Feature", "id": "1350668853", "properties": {"id": "1350668853", "name": "Unnamed Road", "highway": "tertiary_link", "lanes": null, "source": "OSM"}, "geometry": {"type": "LineString", "coordinates": [[72.8644612, 19.0572801], [72.8644503, 19.0574043]]}}, {"type": "Feature", "id": "1353492610", "properties": {"id": "1353492610", "name": "Avenue 3: Lane 3", "highway": "secondary", "lanes": "2", "source": "OSM"}, "geometry": {"type": "LineString", "coordinates": [[72.8641204, 19.0608575], [72.8641857, 19.0608845], [72.864236, 19.0609303], [72.8642762, 19.0609789], [72.864419, 19.0613405], [72.8647124, 19.0620946], [72.8648174, 19.0623646], [72.8649853, 19.0627744]]}}, {"type": "Feature", "id": "1353492611", "properties": {"id": "1353492611", "name": "Street 5", "highway": "tertiary", "lanes": "2", "source": "OSM"}, "geometry": {"type": "LineString", "coordinates": [[72.8650923, 19.0627423], [72.8649853, 19.0627744]]}}, {"type": "Feature", "id": "1354969525", "properties": {"id": "1354969525", "name": "Street 3", "highway": "secondary", "lanes": "2", "source": "OSM"}, "geometry": {"type": "LineString", "coordinates": [[72.8606761, 19.062061], [72.8605959, 19.0620899]]}}, {"type": "Feature", "id": "1356570595", "properties": {"id": "1356570595", "name": "Unnamed Road", "highway": "trunk_link", "lanes": null, "source": "OSM"}, "geometry": {"type": "LineString", "coordinates": [[72.8640628, 19.0713281], [72.86388, 19.0712501], [72.8637182, 19.0711938], [72.8637048, 19.071147]]}}, {"type": "Feature", "id": "1356570742", "properties": {"id": "1356570742", "name": "Flyover", "highway": "trunk", "lanes": null, "source": "OSM"}, "geometry": {"type": "LineString", "coordinates": [[72.8548559, 19.075314], [72.8550147, 19.0753336], [72.8551472, 19.0753698]]}}, {"type": "Feature", "id": "1356879643", "properties": {"id": "1356879643", "name": "Kanzul Iman Road", "highway": "tertiary", "lanes": "2", "source": "OSM"}, "geometry": {"type": "LineString", "coordinates": [[72.8702743, 19.0720508], [72.8702595, 19.0720434]]}}, {"type": "Feature", "id": "1357131228", "properties": {"id": "1357131228", "name": "Avenue 3", "highway": "tertiary", "lanes": null, "source": "OSM"}, "geometry": {"type": "LineString", "coordinates": [[72.8648575, 19.0589598], [72.8645378, 19.0589758], [72.8642582, 19.0589837]]}}, {"type": "Feature", "id": "1357686056", "properties": {"id": "1357686056", "name": "Santa Cruz \u2013 Chembur Link Road", "highway": "trunk", "lanes": "3", "source": "OSM"}, "geometry": {"type": "LineString", "coordinates": [[72.8545282, 19.0751699], [72.8546783, 19.0752415], [72.8548559, 19.075314]]}}, {"type": "Feature", "id": "1367652853", "properties": {"id": "1367652853", "name": "Ramdev Pir Road", "highway": "tertiary", "lanes": null, "source": "OSM"}, "geometry": {"type": "LineString", "coordinates": [[72.8885193, 19.075971], [72.8882324, 19.0757504], [72.887479, 19.0751675], [72.8868433, 19.0746635], [72.8866752, 19.0745399], [72.8865836, 19.0744651], [72.8857649, 19.0738254]]}}, {"type": "Feature", "id": "1367652854", "properties": {"id": "1367652854", "name": "Ramdev Pir Road", "highway": "tertiary", "lanes": null, "source": "OSM"}, "geometry": {"type": "LineString", "coordinates": [[72.8888933, 19.0762432], [72.8885193, 19.075971]]}}, {"type": "Feature", "id": "1367652855", "properties": {"id": "1367652855", "name": "Ramdev Pir Road", "highway": "tertiary", "lanes": null, "source": "OSM"}, "geometry": {"type": "LineString", "coordinates": [[72.8904508, 19.0774626], [72.8896505, 19.0768677], [72.889538, 19.0767841], [72.8889384, 19.076281], [72.8888933, 19.0762432]]}}, {"type": "Feature", "id": "1367652856", "properties": {"id": "1367652856", "name": "Ramdev Pir Road", "highway": "tertiary", "lanes": null, "source": "OSM"}, "geometry": {"type": "LineString", "coordinates": [[72.8905053, 19.077497], [72.8904508, 19.0774626]]}}, {"type": "Feature", "id": "1367652857", "properties": {"id": "1367652857", "name": "Ramdev Pir Road", "highway": "tertiary", "lanes": null, "source": "OSM"}, "geometry": {"type": "LineString", "coordinates": [[72.8905569, 19.0775369], [72.8905053, 19.077497]]}}, {"type": "Feature", "id": "1391772004", "properties": {"id": "1391772004", "name": "Lal Bahadur Shastri Marg", "highway": "primary", "lanes": null, "source": "OSM"}, "geometry": {"type": "LineString", "coordinates": [[72.8849418, 19.0845663], [72.8850531, 19.0846094]]}}, {"type": "Feature", "id": "1391772005", "properties": {"id": "1391772005", "name": "Lal Bahadur Shastri Marg", "highway": "primary", "lanes": null, "source": "OSM"}, "geometry": {"type": "LineString", "coordinates": [[72.8850744, 19.0845367], [72.8849456, 19.0844858]]}}, {"type": "Feature", "id": "1391776000", "properties": {"id": "1391776000", "name": "Jawaharlal Nehru Road", "highway": "secondary", "lanes": null, "source": "OSM"}, "geometry": {"type": "LineString", "coordinates": [[72.84752, 19.0804181], [72.8479334, 19.0803746], [72.849138, 19.080287], [72.8498838, 19.0802327], [72.8500325, 19.0802457], [72.8501955, 19.0802585], [72.8503324, 19.0802926], [72.8510565, 19.0804654], [72.851265, 19.080515], [72.8513073, 19.0805252], [72.8519743, 19.0806998], [72.852041, 19.0807172], [72.852615, 19.0807895], [72.8529341, 19.0808439], [72.853708, 19.0811335], [72.8544549, 19.0814295]]}}, {"type": "Feature", "id": "1392365555", "properties": {"id": "1392365555", "name": "Santa Cruz \u2013 Chembur Link Road", "highway": "trunk", "lanes": "3", "source": "OSM"}, "geometry": {"type": "LineString", "coordinates": [[72.8766348, 19.0765608], [72.8767956, 19.0764927], [72.8769483, 19.076419], [72.8770881, 19.0763409], [72.8772322, 19.0762512], [72.8774466, 19.0761061]]}}, {"type": "Feature", "id": "1408789277", "properties": {"id": "1408789277", "name": "Western Express Highway", "highway": "motorway", "lanes": null, "source": "OSM"}, "geometry": {"type": "LineString", "coordinates": [[72.854153, 19.1036134], [72.8535834, 19.1060906]]}}, {"type": "Feature", "id": "1408789278", "properties": {"id": "1408789278", "name": "Western Express Highway", "highway": "motorway", "lanes": null, "source": "OSM"}, "geometry": {"type": "LineString", "coordinates": [[72.8541859, 19.1034791], [72.854153, 19.1036134]]}}, {"type": "Feature", "id": "1408789279", "properties": {"id": "1408789279", "name": "Western Express Highway", "highway": "motorway", "lanes": null, "source": "OSM"}, "geometry": {"type": "LineString", "coordinates": [[72.8543, 19.1036218], [72.8543361, 19.1034965]]}}, {"type": "Feature", "id": "1415533241", "properties": {"id": "1415533241", "name": "Lal Bahadur Shastri Marg", "highway": "primary", "lanes": null, "source": "OSM"}, "geometry": {"type": "LineString", "coordinates": [[72.8803239, 19.0796532], [72.880066, 19.0793133], [72.8792692, 19.0782631], [72.8790805, 19.0780145], [72.8788698, 19.0777367]]}}, {"type": "Feature", "id": "1415533242", "properties": {"id": "1415533242", "name": "Lal Bahadur Shastri Marg", "highway": "primary", "lanes": null, "source": "OSM"}, "geometry": {"type": "LineString", "coordinates": [[72.8805069, 19.0798947], [72.8804755, 19.0798537]]}}, {"type": "Feature", "id": "1416677644", "properties": {"id": "1416677644", "name": "Lal Bahadur Shastri Marg", "highway": "primary", "lanes": null, "source": "OSM"}, "geometry": {"type": "LineString", "coordinates": [[72.8803765, 19.0799401], [72.8804614, 19.080047]]}}, {"type": "Feature", "id": "1420662358", "properties": {"id": "1420662358", "name": "Ram Bhau Barve Marg", "highway": "tertiary", "lanes": null, "source": "OSM"}, "geometry": {"type": "LineString", "coordinates": [[72.8522378, 19.1017263], [72.8522716, 19.1016303], [72.8521531, 19.1010982], [72.8521422, 19.1010015], [72.8521291, 19.1008852], [72.8521255, 19.1004152], [72.8521457, 19.0997702], [72.8521507, 19.0996091], [72.8519967, 19.0985758], [72.8518031, 19.0976357], [72.8516932, 19.0971023], [72.8516143, 19.0970137]]}}, {"type": "Feature", "id": "1420662359", "properties": {"id": "1420662359", "name": "Ram Bhau Barve Marg", "highway": "tertiary", "lanes": null, "source": "OSM"}, "geometry": {"type": "LineString", "coordinates": [[72.8515775, 19.0968629], [72.8516143, 19.0970137]]}}, {"type": "Feature", "id": "1420662360", "properties": {"id": "1420662360", "name": "Ram Bhau Barve Marg", "highway": "tertiary", "lanes": null, "source": "OSM"}, "geometry": {"type": "LineString", "coordinates": [[72.852284, 19.1019543], [72.8522378, 19.1017263]]}}, {"type": "Feature", "id": "1420672046", "properties": {"id": "1420672046", "name": "Lal Bahadur Shastri Marg", "highway": "primary", "lanes": null, "source": "OSM"}, "geometry": {"type": "LineString", "coordinates": [[72.8845012, 19.08442], [72.8847854, 19.0845139]]}}, {"type": "Feature", "id": "1420672047", "properties": {"id": "1420672047", "name": "Lal Bahadur Shastri Marg", "highway": "primary", "lanes": null, "source": "OSM"}, "geometry": {"type": "LineString", "coordinates": [[72.8826535, 19.0833812], [72.8826387, 19.0833539], [72.8821436, 19.0824035], [72.8821228, 19.0823635], [72.88154, 19.0812446], [72.8812352, 19.0808464], [72.8809003, 19.0804088], [72.8805069, 19.0798947]]}}, {"type": "Feature", "id": "1420672048", "properties": {"id": "1420672048", "name": "Lal Bahadur Shastri Marg", "highway": "primary", "lanes": null, "source": "OSM"}, "geometry": {"type": "LineString", "coordinates": [[72.8847854, 19.0845139], [72.8849418, 19.0845663]]}}, {"type": "Feature", "id": "1420672049", "properties": {"id": "1420672049", "name": "Father Peter Periera Road", "highway": "tertiary", "lanes": null, "source": "OSM"}, "geometry": {"type": "LineString", "coordinates": [[72.8849368, 19.0846739], [72.8849418, 19.0845663]]}}, {"type": "Feature", "id": "1420710271", "properties": {"id": "1420710271", "name": "Unnamed Road", "highway": "trunk_link", "lanes": null, "source": "OSM"}, "geometry": {"type": "LineString", "coordinates": [[72.8949164, 19.0626203], [72.8950226, 19.0624919]]}}, {"type": "Feature", "id": "1425229482", "properties": {"id": "1425229482", "name": "Father Peter Periera Road", "highway": "tertiary", "lanes": null, "source": "OSM"}, "geometry": {"type": "LineString", "coordinates": [[72.8849135, 19.085197], [72.8849146, 19.0851569], [72.8849151, 19.0851388]]}}, {"type": "Feature", "id": "1429909242", "properties": {"id": "1429909242", "name": "Unnamed Road", "highway": "tertiary", "lanes": null, "source": "OSM"}, "geometry": {"type": "LineString", "coordinates": [[72.8924407, 19.0683195], [72.8923762, 19.0682084], [72.8923401, 19.0681463], [72.8922363, 19.0680742]]}}, {"type": "Feature", "id": "1430215061", "properties": {"id": "1430215061", "name": "Bandra Kurla Complex Road", "highway": "primary", "lanes": "3", "source": "OSM"}, "geometry": {"type": "LineString", "coordinates": [[72.8594359, 19.0625754], [72.8594877, 19.0628042], [72.859515, 19.0628925]]}}, {"type": "Feature", "id": "1430215062", "properties": {"id": "1430215062", "name": "Street 5", "highway": "tertiary", "lanes": "2", "source": "OSM"}, "geometry": {"type": "LineString", "coordinates": [[72.8621463, 19.0653357], [72.8622599, 19.0652128]]}}, {"type": "Feature", "id": "1430215063", "properties": {"id": "1430215063", "name": "Street 5", "highway": "tertiary", "lanes": "2", "source": "OSM"}, "geometry": {"type": "LineString", "coordinates": [[72.8621953, 19.0651727], [72.8620802, 19.0652947]]}}, {"type": "Feature", "id": "1430215064", "properties": {"id": "1430215064", "name": "Bandra Kurla Complex Road", "highway": "primary", "lanes": "3", "source": "OSM"}, "geometry": {"type": "LineString", "coordinates": [[72.8620802, 19.0652947], [72.8621463, 19.0653357]]}}, {"type": "Feature", "id": "1430215065", "properties": {"id": "1430215065", "name": "Unnamed Road", "highway": "tertiary", "lanes": "2", "source": "OSM"}, "geometry": {"type": "LineString", "coordinates": [[72.857163, 19.0662824], [72.856597, 19.0663899], [72.8563074, 19.0664545], [72.8562593, 19.0664621], [72.8560847, 19.0664896], [72.8560059, 19.066502], [72.8554889, 19.0665553], [72.8553511, 19.0665744], [72.8552352, 19.0666057], [72.8551267, 19.0666419], [72.8550382, 19.0666849], [72.8549232, 19.0667595], [72.8541274, 19.0673731], [72.8539105, 19.0675216], [72.8537992, 19.0675742], [72.8536612, 19.0676196], [72.8535345, 19.0676489], [72.8534071, 19.0676529], [72.8532741, 19.0676412], [72.853115, 19.0675993], [72.852836, 19.0675063], [72.8527756, 19.0674861], [72.8527612, 19.0674813]]}}, {"type": "Feature", "id": "1430215066", "properties": {"id": "1430215066", "name": "Unnamed Road", "highway": "tertiary", "lanes": null, "source": "OSM"}, "geometry": {"type": "LineString", "coordinates": [[72.8571782, 19.0663543], [72.857163, 19.0662824]]}}, {"type": "Feature", "id": "1430215067", "properties": {"id": "1430215067", "name": "Unnamed Road", "highway": "tertiary", "lanes": "2", "source": "OSM"}, "geometry": {"type": "LineString", "coordinates": [[72.8547914, 19.0669537], [72.8549469, 19.0668337], [72.8549686, 19.0668172], [72.8550773, 19.0667468], [72.8551568, 19.0667081], [72.8552583, 19.0666742], [72.8553671, 19.0666448], [72.8554986, 19.0666266], [72.8560162, 19.0665733], [72.8561001, 19.06656], [72.8562835, 19.0665311], [72.8563225, 19.066525], [72.8564887, 19.0664869], [72.8566183, 19.0664624], [72.8571782, 19.0663543]]}}, {"type": "Feature", "id": "1430217914", "properties": {"id": "1430217914", "name": "Santa Cruz \u2013 Chembur Link Road", "highway": "trunk", "lanes": "3", "source": "OSM"}, "geometry": {"type": "LineString", "coordinates": [[72.8666569, 19.0727748], [72.8670625, 19.0729521], [72.867289, 19.073051], [72.8674791, 19.0731341], [72.8675242, 19.0731538], [72.8677964, 19.0732769], [72.8681467, 19.0734258], [72.8683516, 19.0735154], [72.8687851, 19.0737006], [72.8690001, 19.0737989], [72.8691898, 19.0738413], [72.8692471, 19.0738158], [72.8698496, 19.0740791], [72.870865, 19.0745228]]}}, {"type": "Feature", "id": "1430806837", "properties": {"id": "1430806837", "name": "RK Mandir Road", "highway": "tertiary", "lanes": null, "source": "OSM"}, "geometry": {"type": "LineString", "coordinates": [[72.8708973, 19.1152491], [72.8709752, 19.115042], [72.8710262, 19.1148105], [72.8710531, 19.1146382], [72.871106, 19.1142987], [72.8711411, 19.1139953], [72.8711659, 19.1137803]]}}, {"type": "Feature", "id": "1441508700", "properties": {"id": "1441508700", "name": "Unnamed Road", "highway": "tertiary", "lanes": "2", "source": "OSM"}, "geometry": {"type": "LineString", "coordinates": [[72.8526879, 19.0675414], [72.8528059, 19.0675775], [72.8530785, 19.0676609], [72.8532321, 19.0677064], [72.8534147, 19.0677332], [72.8535477, 19.0677199], [72.8536828, 19.0676885], [72.8538289, 19.0676405], [72.8539498, 19.0675834], [72.8541734, 19.0674304], [72.8547914, 19.0669537]]}}, {"type": "Feature", "id": "1442035917", "properties": {"id": "1442035917", "name": "Unnamed Road", "highway": "tertiary", "lanes": null, "source": "OSM"}, "geometry": {"type": "LineString", "coordinates": [[72.8633965, 19.0640995], [72.8634676, 19.0641719]]}}, {"type": "Feature", "id": "1445689642", "properties": {"id": "1445689642", "name": "SG Barve Marg", "highway": "secondary", "lanes": null, "source": "OSM"}, "geometry": {"type": "LineString", "coordinates": [[72.8839033, 19.0616094], [72.8841334, 19.0613381], [72.8843048, 19.0611523]]}}, {"type": "Feature", "id": "1445689644", "properties": {"id": "1445689644", "name": "SG Barve Marg", "highway": "secondary", "lanes": null, "source": "OSM"}, "geometry": {"type": "LineString", "coordinates": [[72.8843048, 19.0611523], [72.8844079, 19.0610381]]}}, {"type": "Feature", "id": "1453512379", "properties": {"id": "1453512379", "name": "Unnamed Road", "highway": "tertiary", "lanes": null, "source": "OSM"}, "geometry": {"type": "LineString", "coordinates": [[72.8836744, 19.0854647], [72.8836563, 19.0855561], [72.8836814, 19.0856941], [72.8837154, 19.0858808], [72.8838105, 19.0863094], [72.8838762, 19.0866157], [72.8840126, 19.0871969], [72.8840929, 19.0875929], [72.8841576, 19.0879126], [72.8842429, 19.0883332], [72.8843333, 19.0887748], [72.8843689, 19.088949], [72.8843778, 19.0889895], [72.884461, 19.0893669], [72.8844829, 19.0894665], [72.8844888, 19.0895138], [72.8845289, 19.0896946], [72.8846507, 19.0902446], [72.8846749, 19.0903434], [72.884725, 19.090571], [72.884741, 19.090638], [72.8847866, 19.0908588], [72.8847988, 19.0909125], [72.884811, 19.0909729], [72.8848296, 19.0910805], [72.8848874, 19.0913543], [72.8848898, 19.0913657], [72.8849461, 19.0916157], [72.8849681, 19.0917012], [72.8849824, 19.0917624], [72.884992, 19.0917937], [72.8850024, 19.0918474], [72.8850451, 19.0920379], [72.8851015, 19.0923127], [72.8851737, 19.0926704], [72.8852189, 19.0928632], [72.8852567, 19.0930246], [72.8852741, 19.0931048], [72.8853346, 19.093383], [72.8853546, 19.0935304]]}}, {"type": "Feature", "id": "1453512380", "properties": {"id": "1453512380", "name": "Pipeline Road", "highway": "tertiary", "lanes": null, "source": "OSM"}, "geometry": {"type": "LineString", "coordinates": [[72.883665, 19.0853784], [72.8836744, 19.0854647]]}}, {"type": "Feature", "id": "1453512381", "properties": {"id": "1453512381", "name": "90 Feet Road", "highway": "tertiary", "lanes": null, "source": "OSM"}, "geometry": {"type": "LineString", "coordinates": [[72.8853443, 19.0935344], [72.885071, 19.0935188], [72.8847478, 19.0935239], [72.8845896, 19.0935467], [72.8844864, 19.093573], [72.8844407, 19.0935847], [72.8841387, 19.093682], [72.883773, 19.0938211], [72.8836904, 19.0938525], [72.8832985, 19.0940003]]}}, {"type": "Feature", "id": "1453512382", "properties": {"id": "1453512382", "name": "90 Feet Road", "highway": "tertiary", "lanes": null, "source": "OSM"}, "geometry": {"type": "LineString", "coordinates": [[72.8833163, 19.0940677], [72.8841721, 19.0937789], [72.8844742, 19.0936696], [72.8845614, 19.093638], [72.8847063, 19.0936126], [72.8848431, 19.0936025], [72.885333, 19.0936071]]}}, {"type": "Feature", "id": "1453512383", "properties": {"id": "1453512383", "name": "90 Feet Road", "highway": "tertiary", "lanes": null, "source": "OSM"}, "geometry": {"type": "LineString", "coordinates": [[72.8853313, 19.0935456], [72.885323, 19.0935602], [72.8853205, 19.0935767], [72.8853239, 19.0935929], [72.885333, 19.0936071], [72.8853456, 19.093617], [72.8853609, 19.0936227], [72.8853772, 19.0936235], [72.885393, 19.0936194], [72.8854066, 19.0936108], [72.8854167, 19.0935986], [72.8854222, 19.093584], [72.8854225, 19.0935686], [72.8854176, 19.0935538], [72.8854081, 19.0935412], [72.8853949, 19.0935321], [72.8853781, 19.0935272], [72.8853605, 19.093528], [72.8853546, 19.0935304], [72.8853443, 19.0935344], [72.8853313, 19.0935456]]}}, {"type": "Feature", "id": "1453512384", "properties": {"id": "1453512384", "name": "Unnamed Road", "highway": "tertiary_link", "lanes": null, "source": "OSM"}, "geometry": {"type": "LineString", "coordinates": [[72.8849169, 19.0913504], [72.8848874, 19.0913543]]}}, {"type": "Feature", "id": "1453512385", "properties": {"id": "1453512385", "name": "Unnamed Road", "highway": "tertiary_link", "lanes": null, "source": "OSM"}, "geometry": {"type": "LineString", "coordinates": [[72.8848296, 19.0910805], [72.8848572, 19.0910766]]}}, {"type": "Feature", "id": "1455689769", "properties": {"id": "1455689769", "name": "Bandra Kurla Complex Road", "highway": "primary", "lanes": "3", "source": "OSM"}, "geometry": {"type": "LineString", "coordinates": [[72.8576193, 19.0604139], [72.8578278, 19.0604959], [72.8578863, 19.06052]]}}, {"type": "Feature", "id": "1455689770", "properties": {"id": "1455689770", "name": "Bandra Kurla Complex Road", "highway": "primary", "lanes": "3", "source": "OSM"}, "geometry": {"type": "LineString", "coordinates": [[72.8581675, 19.060448], [72.8580744, 19.0604253], [72.8579379, 19.0603798], [72.8576975, 19.0602701]]}}, {"type": "Feature", "id": "1455746779", "properties": {"id": "1455746779", "name": "Unnamed Road", "highway": "trunk_link", "lanes": null, "source": "OSM"}, "geometry": {"type": "LineString", "coordinates": [[72.8713334, 19.0744649], [72.8712667, 19.074391], [72.871197, 19.0742778], [72.8711702, 19.0741798], [72.8711577, 19.0740716], [72.8711497, 19.0738544]]}}, {"type": "Feature", "id": "1457099248", "properties": {"id": "1457099248", "name": "Makwana Rd", "highway": "tertiary", "lanes": null, "source": "OSM"}, "geometry": {"type": "LineString", "coordinates": [[72.8813514, 19.1102824], [72.8813172, 19.1101666], [72.8811553, 19.1094909], [72.8810714, 19.1091409], [72.8810302, 19.1089726], [72.8807092, 19.1077909]]}}, {"type": "Feature", "id": "1457128270", "properties": {"id": "1457128270", "name": "Unnamed Road", "highway": "tertiary", "lanes": null, "source": "OSM"}, "geometry": {"type": "LineString", "coordinates": [[72.8841583, 19.0728968], [72.8843042, 19.0727571], [72.8844484, 19.0726312], [72.8845128, 19.0725695], [72.8850983, 19.071985], [72.8852038, 19.0718709], [72.8854612, 19.0715979], [72.8855059, 19.0715455], [72.8857925, 19.0711934]]}}, {"type": "Feature", "id": "1457397073", "properties": {"id": "1457397073", "name": "Street 1", "highway": "tertiary", "lanes": null, "source": "OSM"}, "geometry": {"type": "LineString", "coordinates": [[72.8509272, 19.0556182], [72.850943, 19.055614], [72.850967, 19.0555876], [72.850993, 19.0555543], [72.8510367, 19.055498]]}}, {"type": "Feature", "id": "1457397074", "properties": {"id": "1457397074", "name": "Bandra Kurla Complex Road", "highway": "primary", "lanes": "5", "source": "OSM"}, "geometry": {"type": "LineString", "coordinates": [[72.8475864, 19.0530645], [72.8483048, 19.0535275], [72.8485138, 19.0536623], [72.8486387, 19.053755], [72.8487332, 19.0538285], [72.8487772, 19.0538655], [72.8488474, 19.0539288], [72.8492014, 19.0543687], [72.8495538, 19.054741], [72.8499909, 19.0551806], [72.8503593, 19.0554159], [72.850813, 19.0557426]]}}, {"type": "Feature", "id": "1457767594", "properties": {"id": "1457767594", "name": "Street 1", "highway": "tertiary", "lanes": null, "source": "OSM"}, "geometry": {"type": "LineString", "coordinates": [[72.8554235, 19.0592966], [72.8554618, 19.0592161], [72.8554885, 19.0591524], [72.855535, 19.0589566], [72.8555457, 19.0587447]]}}, {"type": "Feature", "id": "1459235396", "properties": {"id": "1459235396", "name": "Unnamed Road", "highway": "secondary_link", "lanes": null, "source": "OSM"}, "geometry": {"type": "LineString", "coordinates": [[72.8658701, 19.1114938], [72.8659072, 19.1114052], [72.8659529, 19.1113546], [72.8659734, 19.1113171], [72.8660049, 19.1112796], [72.8660496, 19.1111989]]}}, {"type": "Feature", "id": "1459235397", "properties": {"id": "1459235397", "name": "Unnamed Road", "highway": "secondary_link", "lanes": null, "source": "OSM"}, "geometry": {"type": "LineString", "coordinates": [[72.8660496, 19.1111989], [72.8660338, 19.1111493]]}}, {"type": "Feature", "id": "1460401983", "properties": {"id": "1460401983", "name": "Santa Cruz \u2013 Chembur Link Road", "highway": "trunk", "lanes": "3", "source": "OSM"}, "geometry": {"type": "LineString", "coordinates": [[72.8763191, 19.0766767], [72.8764643, 19.0766361], [72.8766348, 19.0765608]]}}, {"type": "Feature", "id": "1460410128", "properties": {"id": "1460410128", "name": "Lal Bahadur Shastri Marg", "highway": "primary", "lanes": null, "source": "OSM"}, "geometry": {"type": "LineString", "coordinates": [[72.8754959, 19.0708175], [72.8754828, 19.0707176]]}}, {"type": "Feature", "id": "1460410129", "properties": {"id": "1460410129", "name": "Lal Bahadur Shastri Marg", "highway": "primary", "lanes": null, "source": "OSM"}, "geometry": {"type": "LineString", "coordinates": [[72.8753551, 19.0707566], [72.8753652, 19.0708292]]}}, {"type": "Feature", "id": "1460498345", "properties": {"id": "1460498345", "name": "Father Peter Periera Road", "highway": "tertiary", "lanes": null, "source": "OSM"}, "geometry": {"type": "LineString", "coordinates": [[72.8849456, 19.0844858], [72.8849572, 19.0844038]]}}, {"type": "Feature", "id": "1460804062", "properties": {"id": "1460804062", "name": "Unnamed Road", "highway": "tertiary_link", "lanes": null, "source": "OSM"}, "geometry": {"type": "LineString", "coordinates": [[72.8610525, 19.0697744], [72.8611907, 19.0697667]]}}, {"type": "Feature", "id": "1462754601", "properties": {"id": "1462754601", "name": "Dayaldas Road", "highway": "primary", "lanes": null, "source": "OSM"}, "geometry": {"type": "LineString", "coordinates": [[72.8502815, 19.0934021], [72.8501527, 19.0932616], [72.849958, 19.0931398], [72.8494632, 19.092935], [72.8493165, 19.0929002]]}}, {"type": "Feature", "id": "1469521285", "properties": {"id": "1469521285", "name": "Unnamed Road", "highway": "tertiary_link", "lanes": null, "source": "OSM"}, "geometry": {"type": "LineString", "coordinates": [[72.8588984, 19.1053973], [72.8589625, 19.1054125]]}}, {"type": "Feature", "id": "1469521286", "properties": {"id": "1469521286", "name": "Unnamed Road", "highway": "tertiary_link", "lanes": null, "source": "OSM"}, "geometry": {"type": "LineString", "coordinates": [[72.8587955, 19.1058867], [72.8588781, 19.1058686]]}}, {"type": "Feature", "id": "1469521287", "properties": {"id": "1469521287", "name": "Unnamed Road", "highway": "tertiary_link", "lanes": null, "source": "OSM"}, "geometry": {"type": "LineString", "coordinates": [[72.8588362, 19.1060685], [72.8589166, 19.1060452]]}}, {"type": "Feature", "id": "1469865142", "properties": {"id": "1469865142", "name": "SCLR - LBS Marg Connector", "highway": "primary", "lanes": "1", "source": "OSM"}, "geometry": {"type": "LineString", "coordinates": [[72.8766069, 19.0764911], [72.8768662, 19.0764337], [72.8773613, 19.0761263], [72.8774259, 19.0761081], [72.8775173, 19.0761156], [72.8776191, 19.0762235], [72.8783299, 19.0771795], [72.8784048, 19.0773626]]}}, {"type": "Feature", "id": "1472186233", "properties": {"id": "1472186233", "name": "Unnamed Road", "highway": "tertiary", "lanes": null, "source": "OSM"}, "geometry": {"type": "LineString", "coordinates": [[72.8825495, 19.0594532], [72.8825217, 19.0594155], [72.8824928, 19.0593893], [72.8824725, 19.0593365], [72.8824871, 19.0592851], [72.8825192, 19.0592206]]}}, {"type": "Feature", "id": "1474693248", "properties": {"id": "1474693248", "name": "Lal Bahadur Shastri Marg", "highway": "primary", "lanes": null, "source": "OSM"}, "geometry": {"type": "LineString", "coordinates": [[72.8803052, 19.0798475], [72.8803765, 19.0799401]]}}, {"type": "Feature", "id": "1474693249", "properties": {"id": "1474693249", "name": "Lal Bahadur Shastri Marg", "highway": "primary", "lanes": null, "source": "OSM"}, "geometry": {"type": "LineString", "coordinates": [[72.8804755, 19.0798537], [72.8804116, 19.0797692]]}}, {"type": "Feature", "id": "1482805275", "properties": {"id": "1482805275", "name": "Unnamed Road", "highway": "primary", "lanes": null, "source": "OSM"}, "geometry": {"type": "LineString", "coordinates": [[72.8840482, 19.1003155], [72.8840235, 19.1002735]]}}, {"type": "Feature", "id": "1482805276", "properties": {"id": "1482805276", "name": "Unnamed Road", "highway": "primary", "lanes": null, "source": "OSM"}, "geometry": {"type": "LineString", "coordinates": [[72.8834823, 19.0968655], [72.8834563, 19.0970536], [72.8834553, 19.0982271], [72.8834638, 19.0984639], [72.8834778, 19.0985891], [72.8834931, 19.099053], [72.883536, 19.099336], [72.8836857, 19.0997816], [72.8838779, 19.1001822], [72.8839273, 19.1002812], [72.8839536, 19.1003553]]}}, {"type": "Feature", "id": "1482805277", "properties": {"id": "1482805277", "name": "Mathuradas Vasanji Road (Andheri Kurla Road)", "highway": "primary", "lanes": null, "source": "OSM"}, "geometry": {"type": "LineString", "coordinates": [[72.8836142, 19.0967453], [72.883628, 19.0967025], [72.8837152, 19.0964057], [72.8837374, 19.0962535]]}}, {"type": "Feature", "id": "1482805278", "properties": {"id": "1482805278", "name": "Unnamed Road", "highway": "primary", "lanes": null, "source": "OSM"}, "geometry": {"type": "LineString", "coordinates": [[72.8836627, 19.0962441], [72.8836334, 19.096409], [72.8835465, 19.0966938], [72.8835344, 19.0967138]]}}, {"type": "Feature", "id": "1482805279", "properties": {"id": "1482805279", "name": "Unnamed Road", "highway": "primary", "lanes": null, "source": "OSM"}, "geometry": {"type": "LineString", "coordinates": [[72.8835344, 19.0967138], [72.8834823, 19.0968655]]}}, {"type": "Feature", "id": "1485033038", "properties": {"id": "1485033038", "name": "Bandra Kurla Complex Road", "highway": "primary", "lanes": null, "source": "OSM"}, "geometry": {"type": "LineString", "coordinates": [[72.873986, 19.0709951], [72.8740839, 19.0709216]]}}, {"type": "Feature", "id": "1485033039", "properties": {"id": "1485033039", "name": "Bandra Kurla Complex Road", "highway": "primary", "lanes": null, "source": "OSM"}, "geometry": {"type": "LineString", "coordinates": [[72.8740839, 19.0709216], [72.8739703, 19.0708785]]}}, {"type": "Feature", "id": "1485040771", "properties": {"id": "1485040771", "name": "Unnamed Road", "highway": "tertiary_link", "lanes": null, "source": "OSM"}, "geometry": {"type": "LineString", "coordinates": [[72.8611817, 19.0706173], [72.8613216, 19.070599]]}}, {"type": "Feature", "id": "1485040772", "properties": {"id": "1485040772", "name": "Unnamed Road", "highway": "tertiary_link", "lanes": null, "source": "OSM"}, "geometry": {"type": "LineString", "coordinates": [[72.8607299, 19.0677991], [72.8608585, 19.0677676]]}}, {"type": "Feature", "id": "1485040773", "properties": {"id": "1485040773", "name": "Unnamed Road", "highway": "tertiary_link", "lanes": null, "source": "OSM"}, "geometry": {"type": "LineString", "coordinates": [[72.8605354, 19.0671941], [72.8606658, 19.0671512]]}}, {"type": "Feature", "id": "1485180038", "properties": {"id": "1485180038", "name": "Unnamed Road", "highway": "tertiary_link", "lanes": null, "source": "OSM"}, "geometry": {"type": "LineString", "coordinates": [[72.8565799, 19.0619923], [72.8565305, 19.0619636]]}}, {"type": "Feature", "id": "1485266118", "properties": {"id": "1485266118", "name": "Unnamed Road", "highway": "tertiary_link", "lanes": null, "source": "OSM"}, "geometry": {"type": "LineString", "coordinates": [[72.8517515, 19.0671495], [72.8517192, 19.0672294]]}}, {"type": "Feature", "id": "1485266119", "properties": {"id": "1485266119", "name": "Unnamed Road", "highway": "tertiary_link", "lanes": null, "source": "OSM"}, "geometry": {"type": "LineString", "coordinates": [[72.8561001, 19.06656], [72.8560847, 19.0664896]]}}, {"type": "Feature", "id": "1485276654", "properties": {"id": "1485276654", "name": "Sharada Devi Road", "highway": "tertiary", "lanes": null, "source": "OSM"}, "geometry": {"type": "LineString", "coordinates": [[72.8533079, 19.0656366], [72.8534076, 19.0657076]]}}, {"type": "Feature", "id": "1485276655", "properties": {"id": "1485276655", "name": "Unnamed Road", "highway": "tertiary", "lanes": null, "source": "OSM"}, "geometry": {"type": "LineString", "coordinates": [[72.8533079, 19.0656366], [72.8532727, 19.0655973], [72.8527025, 19.0652918], [72.85259, 19.0652315], [72.8522245, 19.0650329], [72.85214, 19.0649867], [72.8520481, 19.0649364]]}}, {"type": "Feature", "id": "1485276656", "properties": {"id": "1485276656", "name": "Unnamed Road", "highway": "tertiary_link", "lanes": null, "source": "OSM"}, "geometry": {"type": "LineString", "coordinates": [[72.8526789, 19.065333], [72.8527025, 19.0652918]]}}, {"type": "Feature", "id": "1485276657", "properties": {"id": "1485276657", "name": "Unnamed Road", "highway": "tertiary_link", "lanes": null, "source": "OSM"}, "geometry": {"type": "LineString", "coordinates": [[72.8544437, 19.065468], [72.8545067, 19.0655057]]}}, {"type": "Feature", "id": "1485276658", "properties": {"id": "1485276658", "name": "Unnamed Road", "highway": "tertiary_link", "lanes": null, "source": "OSM"}, "geometry": {"type": "LineString", "coordinates": [[72.8547224, 19.0650382], [72.8547882, 19.0650771]]}}, {"type": "Feature", "id": "1485276659", "properties": {"id": "1485276659", "name": "Unnamed Road", "highway": "tertiary_link", "lanes": null, "source": "OSM"}, "geometry": {"type": "LineString", "coordinates": [[72.8551552, 19.0644484], [72.8550855, 19.0644114]]}}, {"type": "Feature", "id": "1485276660", "properties": {"id": "1485276660", "name": "Unnamed Road", "highway": "tertiary_link", "lanes": null, "source": "OSM"}, "geometry": {"type": "LineString", "coordinates": [[72.8552641, 19.0642556], [72.8551966, 19.0642177]]}}, {"type": "Feature", "id": "1485276661", "properties": {"id": "1485276661", "name": "Unnamed Road", "highway": "tertiary_link", "lanes": null, "source": "OSM"}, "geometry": {"type": "LineString", "coordinates": [[72.8556553, 19.0635538], [72.8555908, 19.0635226]]}}, {"type": "Feature", "id": "1485276662", "properties": {"id": "1485276662", "name": "Unnamed Road", "highway": "tertiary_link", "lanes": null, "source": "OSM"}, "geometry": {"type": "LineString", "coordinates": [[72.8562288, 19.0625301], [72.8561876, 19.0625037]]}}, {"type": "Feature", "id": "1485276663", "properties": {"id": "1485276663", "name": "Unnamed Road", "highway": "tertiary_link", "lanes": null, "source": "OSM"}, "geometry": {"type": "LineString", "coordinates": [[72.8559622, 19.06298], [72.8559074, 19.0629495]]}}, {"type": "Feature", "id": "1485276664", "properties": {"id": "1485276664", "name": "Unnamed Road", "highway": "primary_link", "lanes": "2", "source": "OSM"}, "geometry": {"type": "LineString", "coordinates": [[72.8589106, 19.0600092], [72.8581675, 19.060448]]}}, {"type": "Feature", "id": "1485283989", "properties": {"id": "1485283989", "name": "Unnamed Road", "highway": "tertiary", "lanes": null, "source": "OSM"}, "geometry": {"type": "LineString", "coordinates": [[72.8523967, 19.0601063], [72.8522487, 19.0601247], [72.8517423, 19.0603224], [72.851398, 19.0604697]]}}, {"type": "Feature", "id": "1485283990", "properties": {"id": "1485283990", "name": "Unnamed Road", "highway": "tertiary", "lanes": null, "source": "OSM"}, "geometry": {"type": "LineString", "coordinates": [[72.8513774, 19.0604669], [72.8513607, 19.060471], [72.8513464, 19.0604802], [72.8513361, 19.0604934], [72.8513312, 19.0605091], [72.8513321, 19.0605255], [72.8513387, 19.0605406], [72.8513494, 19.060552], [72.8513633, 19.0605597], [72.8513791, 19.0605629], [72.8513952, 19.0605612], [72.8514098, 19.0605549], [72.8514217, 19.0605446], [72.8514296, 19.0605313], [72.8514326, 19.0605163], [72.8514305, 19.0605012], [72.8514229, 19.0604865], [72.8514105, 19.0604751], [72.851398, 19.0604697], [72.8513947, 19.0604683], [72.8513774, 19.0604669]]}}, {"type": "Feature", "id": "1485346468", "properties": {"id": "1485346468", "name": "Ramakrishna Paramahansa Marg", "highway": "tertiary", "lanes": null, "source": "OSM"}, "geometry": {"type": "LineString", "coordinates": [[72.8533734, 19.0613784], [72.8534135, 19.0614176], [72.853561, 19.061481], [72.8535931, 19.0614948], [72.8536231, 19.061499], [72.8537657, 19.0615223], [72.8538757, 19.0615262]]}}, {"type": "Feature", "id": "1485346469", "properties": {"id": "1485346469", "name": "Unnamed Road", "highway": "tertiary", "lanes": null, "source": "OSM"}, "geometry": {"type": "LineString", "coordinates": [[72.8539244, 19.0614286], [72.8539015, 19.0614395], [72.8538837, 19.0614568], [72.8538728, 19.0614786], [72.85387, 19.0615026], [72.8538757, 19.0615262], [72.853889, 19.0615464], [72.8539085, 19.0615615], [72.853932, 19.0615699], [72.8539572, 19.0615706], [72.8539813, 19.0615637], [72.8540017, 19.0615498], [72.8540126, 19.0615354], [72.8540163, 19.0615304], [72.8540236, 19.0615077], [72.8540226, 19.0614835], [72.8540133, 19.061461], [72.8539968, 19.0614426], [72.8539863, 19.0614367], [72.8539748, 19.0614303], [72.8539497, 19.0614255], [72.8539244, 19.0614286]]}}, {"type": "Feature", "id": "1485346471", "properties": {"id": "1485346471", "name": "Unnamed Road", "highway": "tertiary", "lanes": null, "source": "OSM"}, "geometry": {"type": "LineString", "coordinates": [[72.8538837, 19.0614568], [72.8536346, 19.0614345], [72.8534292, 19.0613771], [72.8533734, 19.0613784]]}}, {"type": "Feature", "id": "1485346472", "properties": {"id": "1485346472", "name": "Unnamed Road", "highway": "tertiary_link", "lanes": null, "source": "OSM"}, "geometry": {"type": "LineString", "coordinates": [[72.8536346, 19.0614345], [72.8536231, 19.061499]]}}, {"type": "Feature", "id": "1485346473", "properties": {"id": "1485346473", "name": "Unnamed Road", "highway": "tertiary", "lanes": null, "source": "OSM"}, "geometry": {"type": "LineString", "coordinates": [[72.8540236, 19.0615077], [72.8541201, 19.0613906], [72.8541597, 19.0613284], [72.8545785, 19.0606706], [72.8547113, 19.0604621]]}}, {"type": "Feature", "id": "1485346474", "properties": {"id": "1485346474", "name": "Unnamed Road", "highway": "tertiary", "lanes": null, "source": "OSM"}, "geometry": {"type": "LineString", "coordinates": [[72.8547113, 19.0604621], [72.8551923, 19.0597066], [72.8552177, 19.0596667]]}}, {"type": "Feature", "id": "1485346475", "properties": {"id": "1485346475", "name": "Unnamed Road", "highway": "tertiary_link", "lanes": null, "source": "OSM"}, "geometry": {"type": "LineString", "coordinates": [[72.8540928, 19.0612949], [72.8541597, 19.0613284]]}}, {"type": "Feature", "id": "1485370678", "properties": {"id": "1485370678", "name": "Unnamed Road", "highway": "primary_link", "lanes": null, "source": "OSM"}, "geometry": {"type": "LineString", "coordinates": [[72.8510077, 19.0557645], [72.8509925, 19.0556796], [72.8509891, 19.0556534], [72.850989, 19.0556263], [72.850993, 19.0555543]]}}, {"type": "Feature", "id": "1485370679", "properties": {"id": "1485370679", "name": "Street 1", "highway": "tertiary", "lanes": null, "source": "OSM"}, "geometry": {"type": "LineString", "coordinates": [[72.8510001, 19.0554848], [72.8509472, 19.055559], [72.8509244, 19.0555956], [72.8509272, 19.0556182]]}}, {"type": "Feature", "id": "1485577894", "properties": {"id": "1485577894", "name": "Unnamed Road", "highway": "secondary", "lanes": null, "source": "OSM"}, "geometry": {"type": "LineString", "coordinates": [[72.8618114, 19.0768603], [72.8623111, 19.0775311]]}}, {"type": "Feature", "id": "1485577895", "properties": {"id": "1485577895", "name": "Unnamed Road", "highway": "secondary_link", "lanes": null, "source": "OSM"}, "geometry": {"type": "LineString", "coordinates": [[72.8623497, 19.0775861], [72.8623319, 19.0776799], [72.8623197, 19.0777444], [72.8623116, 19.0777763], [72.8622756, 19.0778377]]}}, {"type": "Feature", "id": "1485677779", "properties": {"id": "1485677779", "name": "Unnamed Road", "highway": "tertiary", "lanes": "2", "source": "OSM"}, "geometry": {"type": "LineString", "coordinates": [[72.8577722, 19.1017573], [72.8580244, 19.1017412], [72.8580789, 19.1017375]]}}, {"type": "Feature", "id": "1485677780", "properties": {"id": "1485677780", "name": "Unnamed Road", "highway": "tertiary", "lanes": "2", "source": "OSM"}, "geometry": {"type": "LineString", "coordinates": [[72.8579257, 19.1026287], [72.8579304, 19.1025192], [72.8579643, 19.1024347]]}}, {"type": "Feature", "id": "1485893126", "properties": {"id": "1485893126", "name": "Unnamed Road", "highway": "tertiary_link", "lanes": null, "source": "OSM"}, "geometry": {"type": "LineString", "coordinates": [[72.851022, 19.0605784], [72.8510254, 19.0605104]]}}, {"type": "Feature", "id": "1485893127", "properties": {"id": "1485893127", "name": "Unnamed Road", "highway": "tertiary_link", "lanes": null, "source": "OSM"}, "geometry": {"type": "LineString", "coordinates": [[72.8500175, 19.0605622], [72.8500193, 19.0604965]]}}, {"type": "Feature", "id": "1485912169", "properties": {"id": "1485912169", "name": "Santa Cruz \u2013 Chembur Link Road", "highway": "trunk", "lanes": "3", "source": "OSM"}, "geometry": {"type": "LineString", "coordinates": [[72.8526796, 19.0739863], [72.8525596, 19.0739386]]}}, {"type": "Feature", "id": "1486761832", "properties": {"id": "1486761832", "name": "Street 1", "highway": "tertiary", "lanes": null, "source": "OSM"}, "geometry": {"type": "LineString", "coordinates": [[72.8553338, 19.059555], [72.8554223, 19.0593608], [72.8554235, 19.0592966]]}}, {"type": "Feature", "id": "1486761833", "properties": {"id": "1486761833", "name": "Street 1", "highway": "tertiary", "lanes": null, "source": "OSM"}, "geometry": {"type": "LineString", "coordinates": [[72.8554235, 19.0592966], [72.8553718, 19.0593442], [72.8552661, 19.0595173]]}}, {"type": "Feature", "id": "1486786890", "properties": {"id": "1486786890", "name": "Guru Hargovindji Road", "highway": "primary", "lanes": null, "source": "OSM"}, "geometry": {"type": "LineString", "coordinates": [[72.8550367, 19.1132114], [72.8553292, 19.1131311], [72.8554685, 19.1130833], [72.8556498, 19.1130212], [72.8558764, 19.1129421], [72.8574936, 19.1123774], [72.8575849, 19.1123455], [72.8581414, 19.1121497], [72.8582327, 19.1121193]]}}, {"type": "Feature", "id": "1486786891", "properties": {"id": "1486786891", "name": "Unnamed Road", "highway": "tertiary", "lanes": null, "source": "OSM"}, "geometry": {"type": "LineString", "coordinates": [[72.8586643, 19.1118946], [72.8582661, 19.1120162], [72.8569011, 19.1124842], [72.8560542, 19.1127778], [72.8554294, 19.112991], [72.8548015, 19.1131915]]}}, {"type": "Feature", "id": "1487079384", "properties": {"id": "1487079384", "name": "Unnamed Road", "highway": "tertiary_link", "lanes": null, "source": "OSM"}, "geometry": {"type": "LineString", "coordinates": [[72.8573719, 19.0608356], [72.8573376, 19.0607965]]}}, {"type": "Feature", "id": "1487203510", "properties": {"id": "1487203510", "name": "Unnamed Road", "highway": "tertiary_link", "lanes": null, "source": "OSM"}, "geometry": {"type": "LineString", "coordinates": [[72.8532213, 19.1119815], [72.8532625, 19.1119793], [72.8532992, 19.1119773]]}}, {"type": "Feature", "id": "1487203511", "properties": {"id": "1487203511", "name": "Unnamed Road", "highway": "tertiary_link", "lanes": null, "source": "OSM"}, "geometry": {"type": "LineString", "coordinates": [[72.8532014, 19.1111174], [72.8531098, 19.1111391]]}}, {"type": "Feature", "id": "1487203512", "properties": {"id": "1487203512", "name": "Unnamed Road", "highway": "tertiary_link", "lanes": null, "source": "OSM"}, "geometry": {"type": "LineString", "coordinates": [[72.8531423, 19.110897], [72.8530448, 19.1109154]]}}, {"type": "Feature", "id": "1487203513", "properties": {"id": "1487203513", "name": "Unnamed Road", "highway": "tertiary_link", "lanes": null, "source": "OSM"}, "geometry": {"type": "LineString", "coordinates": [[72.8529107, 19.1103831], [72.8530245, 19.110369]]}}, {"type": "Feature", "id": "1492109142", "properties": {"id": "1492109142", "name": "Baji Pasalkar Marg (Saki Vihar Road)", "highway": "primary", "lanes": null, "source": "OSM"}, "geometry": {"type": "LineString", "coordinates": [[72.8891786, 19.1156172], [72.8891405, 19.1152374], [72.8891164, 19.1150773], [72.8890757, 19.1148518], [72.8890629, 19.1147809], [72.8889988, 19.1144254], [72.8888306, 19.1139358], [72.888789, 19.1138191], [72.8887663, 19.1137598], [72.8885595, 19.1132548], [72.8885023, 19.1130734], [72.8884871, 19.1129445], [72.8885269, 19.1125659]]}}, {"type": "Feature", "id": "1492516280", "properties": {"id": "1492516280", "name": "Unnamed Road", "highway": "secondary_link", "lanes": null, "source": "OSM"}, "geometry": {"type": "LineString", "coordinates": [[72.8861882, 19.058547], [72.8861027, 19.0584892]]}}, {"type": "Feature", "id": "1492516282", "properties": {"id": "1492516282", "name": "Unnamed Road", "highway": "secondary_link", "lanes": null, "source": "OSM"}, "geometry": {"type": "LineString", "coordinates": [[72.8951112, 19.0560089], [72.8949945, 19.0560296]]}}, {"type": "Feature", "id": "1492631616", "properties": {"id": "1492631616", "name": "Lal Bahadur Shastri Marg", "highway": "primary", "lanes": null, "source": "OSM"}, "geometry": {"type": "LineString", "coordinates": [[72.8845116, 19.0843304], [72.8839941, 19.0841451], [72.8833565, 19.0839169], [72.8831052, 19.0837774], [72.8829235, 19.0836536], [72.8826938, 19.0834459]]}}, {"type": "Feature", "id": "1492631617", "properties": {"id": "1492631617", "name": "Lal Bahadur Shastri Marg", "highway": "primary", "lanes": null, "source": "OSM"}, "geometry": {"type": "LineString", "coordinates": [[72.8826938, 19.0834459], [72.8826535, 19.0833812]]}}, {"type": "Feature", "id": "1492631618", "properties": {"id": "1492631618", "name": "Lal Bahadur Shastri Marg", "highway": "primary", "lanes": null, "source": "OSM"}, "geometry": {"type": "LineString", "coordinates": [[72.8826477, 19.0834973], [72.8827775, 19.0836324], [72.8828623, 19.0837249], [72.8829143, 19.0837553], [72.8833798, 19.0840276], [72.8841461, 19.0842919], [72.8845012, 19.08442]]}}, {"type": "Feature", "id": "1492631619", "properties": {"id": "1492631619", "name": "Lal Bahadur Shastri Marg", "highway": "primary", "lanes": null, "source": "OSM"}, "geometry": {"type": "LineString", "coordinates": [[72.8825847, 19.0834118], [72.8826477, 19.0834973]]}}, {"type": "Feature", "id": "1493006135", "properties": {"id": "1493006135", "name": "Unnamed Road", "highway": "secondary_link", "lanes": null, "source": "OSM"}, "geometry": {"type": "LineString", "coordinates": [[72.8841334, 19.0613381], [72.8840496, 19.0612658]]}}, {"type": "Feature", "id": "1493006138", "properties": {"id": "1493006138", "name": "Unnamed Road", "highway": "secondary_link", "lanes": null, "source": "OSM"}, "geometry": {"type": "LineString", "coordinates": [[72.8818914, 19.0637252], [72.8819638, 19.0637829]]}}, {"type": "Feature", "id": "1493808390", "properties": {"id": "1493808390", "name": "Unnamed Road", "highway": "tertiary_link", "lanes": null, "source": "OSM"}, "geometry": {"type": "LineString", "coordinates": [[72.8839, 19.0565477], [72.8839591, 19.0564743]]}}, {"type": "Feature", "id": "1493808391", "properties": {"id": "1493808391", "name": "Unnamed Road", "highway": "tertiary_link", "lanes": null, "source": "OSM"}, "geometry": {"type": "LineString", "coordinates": [[72.884396, 19.0567771], [72.8843467, 19.0568365]]}}, {"type": "Feature", "id": "1493808392", "properties": {"id": "1493808392", "name": "Unnamed Road", "highway": "tertiary_link", "lanes": null, "source": "OSM"}, "geometry": {"type": "LineString", "coordinates": [[72.8847711, 19.0573334], [72.8848504, 19.0572803]]}}, {"type": "Feature", "id": "1493808393", "properties": {"id": "1493808393", "name": "Unnamed Road", "highway": "tertiary_link", "lanes": null, "source": "OSM"}, "geometry": {"type": "LineString", "coordinates": [[72.8848741, 19.057466], [72.8849527, 19.0574128]]}}, {"type": "Feature", "id": "1493808394", "properties": {"id": "1493808394", "name": "Unnamed Road", "highway": "tertiary_link", "lanes": null, "source": "OSM"}, "geometry": {"type": "LineString", "coordinates": [[72.8850678, 19.0577155], [72.8851455, 19.0576628]]}}, {"type": "Feature", "id": "1493808395", "properties": {"id": "1493808395", "name": "Unnamed Road", "highway": "tertiary_link", "lanes": null, "source": "OSM"}, "geometry": {"type": "LineString", "coordinates": [[72.8853527, 19.0580868], [72.8854281, 19.0580343]]}}, {"type": "Feature", "id": "1493808396", "properties": {"id": "1493808396", "name": "Unnamed Road", "highway": "tertiary_link", "lanes": null, "source": "OSM"}, "geometry": {"type": "LineString", "coordinates": [[72.8854738, 19.0582416], [72.8855522, 19.058188]]}}, {"type": "Feature", "id": "1493808397", "properties": {"id": "1493808397", "name": "Unnamed Road", "highway": "tertiary_link", "lanes": null, "source": "OSM"}, "geometry": {"type": "LineString", "coordinates": [[72.8857213, 19.0585578], [72.8858064, 19.0585028]]}}, {"type": "Feature", "id": "1497913369", "properties": {"id": "1497913369", "name": "Lal Bahadur Shastri Marg", "highway": "primary", "lanes": null, "source": "OSM"}, "geometry": {"type": "LineString", "coordinates": [[72.8904181, 19.0846428], [72.8894356, 19.0847547], [72.8884879, 19.0848626]]}}, {"type": "Feature", "id": "1497928387", "properties": {"id": "1497928387", "name": "Nathani Road", "highway": "tertiary", "lanes": null, "source": "OSM"}, "geometry": {"type": "LineString", "coordinates": [[72.89256, 19.0814367], [72.8923044, 19.0813478], [72.8920551, 19.0812784], [72.8919981, 19.0812645], [72.8918414, 19.0812117], [72.8918195, 19.081204], [72.8915266, 19.0811002], [72.8911889, 19.0809886], [72.8906916, 19.0808391], [72.8902872, 19.080719], [72.8900176, 19.0806426], [72.8899434, 19.080616], [72.8898378, 19.0805782], [72.8897085, 19.0805433], [72.8896058, 19.080522], [72.8895407, 19.0805184], [72.8895199, 19.0805212], [72.889486, 19.0805264]]}}, {"type": "Feature", "id": "1497934383", "properties": {"id": "1497934383", "name": "Nathani Road", "highway": "tertiary", "lanes": null, "source": "OSM"}, "geometry": {"type": "LineString", "coordinates": [[72.8932018, 19.0816761], [72.8931605, 19.0816613], [72.89256, 19.0814367]]}}, {"type": "Feature", "id": "1498008167", "properties": {"id": "1498008167", "name": "Unnamed Road", "highway": "tertiary_link", "lanes": null, "source": "OSM"}, "geometry": {"type": "LineString", "coordinates": [[72.8897053, 19.0806143], [72.8897085, 19.0805433]]}}, {"type": "Feature", "id": "1498008168", "properties": {"id": "1498008168", "name": "Unnamed Road", "highway": "tertiary_link", "lanes": null, "source": "OSM"}, "geometry": {"type": "LineString", "coordinates": [[72.8902668, 19.080775], [72.8902872, 19.080719]]}}, {"type": "Feature", "id": "1498008169", "properties": {"id": "1498008169", "name": "Unnamed Road", "highway": "tertiary_link", "lanes": null, "source": "OSM"}, "geometry": {"type": "LineString", "coordinates": [[72.89067, 19.0808956], [72.8906916, 19.0808391]]}}, {"type": "Feature", "id": "1498008170", "properties": {"id": "1498008170", "name": "Unnamed Road", "highway": "tertiary_link", "lanes": null, "source": "OSM"}, "geometry": {"type": "LineString", "coordinates": [[72.8911889, 19.0809886], [72.8911722, 19.0810426]]}}, {"type": "Feature", "id": "1498008173", "properties": {"id": "1498008173", "name": "Unnamed Road", "highway": "tertiary_link", "lanes": null, "source": "OSM"}, "geometry": {"type": "LineString", "coordinates": [[72.8922793, 19.0814095], [72.8923044, 19.0813478]]}}, {"type": "Feature", "id": "1498008174", "properties": {"id": "1498008174", "name": "Unnamed Road", "highway": "tertiary_link", "lanes": null, "source": "OSM"}, "geometry": {"type": "LineString", "coordinates": [[72.8945393, 19.0821644], [72.8945577, 19.0821261]]}}, {"type": "Feature", "id": "1498094275", "properties": {"id": "1498094275", "name": "Unnamed Road", "highway": "tertiary_link", "lanes": null, "source": "OSM"}, "geometry": {"type": "LineString", "coordinates": [[72.8927677, 19.079094], [72.8927935, 19.0790467]]}}, {"type": "Feature", "id": "1498094278", "properties": {"id": "1498094278", "name": "Unnamed Road", "highway": "tertiary_link", "lanes": null, "source": "OSM"}, "geometry": {"type": "LineString", "coordinates": [[72.8940369, 19.0796077], [72.8940618, 19.0795514]]}}, {"type": "Feature", "id": "1498098005", "properties": {"id": "1498098005", "name": "Nathani Road", "highway": "tertiary", "lanes": null, "source": "OSM"}, "geometry": {"type": "LineString", "coordinates": [[72.8933077, 19.081714], [72.8932018, 19.0816761]]}}, {"type": "Feature", "id": "1498597359", "properties": {"id": "1498597359", "name": "Unnamed Road", "highway": "tertiary_link", "lanes": null, "source": "OSM"}, "geometry": {"type": "LineString", "coordinates": [[72.8917994, 19.0812539], [72.8918195, 19.081204]]}}, {"type": "Feature", "id": "1498800996", "properties": {"id": "1498800996", "name": "Unnamed Road", "highway": "tertiary_link", "lanes": null, "source": "OSM"}, "geometry": {"type": "LineString", "coordinates": [[72.8888695, 19.0763585], [72.8889384, 19.076281]]}}, {"type": "Feature", "id": "1498800997", "properties": {"id": "1498800997", "name": "Unnamed Road", "highway": "tertiary_link", "lanes": null, "source": "OSM"}, "geometry": {"type": "LineString", "coordinates": [[72.8882324, 19.0757504], [72.88817, 19.0758222]]}}, {"type": "Feature", "id": "1498800998", "properties": {"id": "1498800998", "name": "Unnamed Road", "highway": "tertiary_link", "lanes": null, "source": "OSM"}, "geometry": {"type": "LineString", "coordinates": [[72.8855989, 19.0737756], [72.8856492, 19.0737256]]}}, {"type": "Feature", "id": "1501667704", "properties": {"id": "1501667704", "name": "M C Chagla Road", "highway": "tertiary", "lanes": null, "source": "OSM"}, "geometry": {"type": "LineString", "coordinates": [[72.8592061, 19.1071011], [72.8593037, 19.1071882]]}}, {"type": "Feature", "id": "1502383380", "properties": {"id": "1502383380", "name": "Bandra Kurla Complex Road", "highway": "primary", "lanes": "3", "source": "OSM"}, "geometry": {"type": "LineString", "coordinates": [[72.8595787, 19.0624565], [72.8595009, 19.0621323]]}}, {"type": "Feature", "id": "1502383382", "properties": {"id": "1502383382", "name": "Bandra Kurla Complex Road", "highway": "primary", "lanes": "3", "source": "OSM"}, "geometry": {"type": "LineString", "coordinates": [[72.8595962, 19.0625283], [72.8595787, 19.0624565]]}}, {"type": "Feature", "id": "1502383384", "properties": {"id": "1502383384", "name": "Bandra Kurla Complex Road", "highway": "primary", "lanes": "3", "source": "OSM"}, "geometry": {"type": "LineString", "coordinates": [[72.8594183, 19.0625151], [72.8594359, 19.0625754]]}}, {"type": "Feature", "id": "1502383385", "properties": {"id": "1502383385", "name": "Bandra Kurla Complex Road", "highway": "primary", "lanes": "3", "source": "OSM"}, "geometry": {"type": "LineString", "coordinates": [[72.859515, 19.0628925], [72.8595464, 19.062994], [72.8596366, 19.0631949], [72.8597208, 19.0633683], [72.8598377, 19.0635515], [72.8600079, 19.0637841], [72.8601515, 19.0639562], [72.860266, 19.0640978], [72.8603224, 19.0641359], [72.8603561, 19.0641586], [72.8604158, 19.0642176], [72.8605695, 19.0643416], [72.8606732, 19.0644131], [72.8607847, 19.0644899], [72.8607914, 19.0644945], [72.8610512, 19.0646558], [72.8612057, 19.0647517], [72.8613917, 19.0648672], [72.8618647, 19.0651609], [72.8620802, 19.0652947]]}}, {"type": "Feature", "id": "1502742296", "properties": {"id": "1502742296", "name": "N S Phadke Marg", "highway": "primary", "lanes": null, "source": "OSM"}, "geometry": {"type": "LineString", "coordinates": [[72.8547841, 19.1131295], [72.8547335, 19.113175]]}}, {"type": "Feature", "id": "1502742297", "properties": {"id": "1502742297", "name": "Unnamed Road", "highway": "tertiary", "lanes": null, "source": "OSM"}, "geometry": {"type": "LineString", "coordinates": [[72.8548015, 19.1131915], [72.8547335, 19.113175]]}}, {"type": "Feature", "id": "1502742298", "properties": {"id": "1502742298", "name": "Unnamed Road", "highway": "primary_link", "lanes": null, "source": "OSM"}, "geometry": {"type": "LineString", "coordinates": [[72.8554294, 19.112991], [72.8553997, 19.1129017]]}}, {"type": "Feature", "id": "1508106703", "properties": {"id": "1508106703", "name": "S G Barve Marg (C S T Road)", "highway": "secondary", "lanes": null, "source": "OSM"}, "geometry": {"type": "LineString", "coordinates": [[72.8844858, 19.0607299], [72.8844729, 19.0607458]]}}, {"type": "Feature", "id": "1508106704", "properties": {"id": "1508106704", "name": "SG Barve Marg", "highway": "secondary", "lanes": null, "source": "OSM"}, "geometry": {"type": "LineString", "coordinates": [[72.8845808, 19.0608376], [72.8845983, 19.0608133]]}}, {"type": "Feature", "id": "1508106705", "properties": {"id": "1508106705", "name": "S G Barve Marg (C S T Road)", "highway": "secondary", "lanes": null, "source": "OSM"}, "geometry": {"type": "LineString", "coordinates": [[72.8843104, 19.0609475], [72.8843002, 19.0609601]]}}, {"type": "Feature", "id": "1508106706", "properties": {"id": "1508106706", "name": "Unnamed Road", "highway": "secondary_link", "lanes": null, "source": "OSM"}, "geometry": {"type": "LineString", "coordinates": [[72.884397, 19.06084], [72.8845038, 19.0609148]]}}, {"type": "Feature", "id": "1508106707", "properties": {"id": "1508106707", "name": "Unnamed Road", "highway": "tertiary_link", "lanes": null, "source": "OSM"}, "geometry": {"type": "LineString", "coordinates": [[72.8831486, 19.0620592], [72.8831966, 19.0619992]]}}, {"type": "Feature", "id": "1508106708", "properties": {"id": "1508106708", "name": "Unnamed Road", "highway": "tertiary_link", "lanes": null, "source": "OSM"}, "geometry": {"type": "LineString", "coordinates": [[72.8813394, 19.0608288], [72.8813521, 19.0607722]]}}, {"type": "Feature", "id": "1508223742", "properties": {"id": "1508223742", "name": "Unnamed Road", "highway": "tertiary_link", "lanes": null, "source": "OSM"}, "geometry": {"type": "LineString", "coordinates": [[72.8898088, 19.0575447], [72.8898849, 19.0575643]]}}, {"type": "Feature", "id": "1508223743", "properties": {"id": "1508223743", "name": "Unnamed Road", "highway": "tertiary_link", "lanes": null, "source": "OSM"}, "geometry": {"type": "LineString", "coordinates": [[72.8898557, 19.0563371], [72.8898849, 19.056296]]}}, {"type": "Feature", "id": "1508223744", "properties": {"id": "1508223744", "name": "Unnamed Road", "highway": "tertiary_link", "lanes": null, "source": "OSM"}, "geometry": {"type": "LineString", "coordinates": [[72.8894597, 19.056106], [72.8894922, 19.0560623]]}}, {"type": "Feature", "id": "1509119328", "properties": {"id": "1509119328", "name": "Mathuradas Vasanji Road (Andheri Kurla Road)", "highway": "primary", "lanes": null, "source": "OSM"}, "geometry": {"type": "LineString", "coordinates": [[72.8832985, 19.0940003], [72.8832186, 19.0936865], [72.8831586, 19.0935268], [72.8830773, 19.093367], [72.8828787, 19.0929867], [72.8828325, 19.0929502]]}}, {"type": "Feature", "id": "1509119329", "properties": {"id": "1509119329", "name": "Unnamed Road", "highway": "primary", "lanes": null, "source": "OSM"}, "geometry": {"type": "LineString", "coordinates": [[72.8832829, 19.0941743], [72.8833824, 19.0945989], [72.8835646, 19.0954769], [72.8835666, 19.095487], [72.8835919, 19.0956112], [72.8836402, 19.0958485], [72.8836667, 19.0960088], [72.8836774, 19.0961431], [72.8836627, 19.0962441]]}}, {"type": "Feature", "id": "1509119330", "properties": {"id": "1509119330", "name": "Unnamed Road", "highway": "primary_link", "lanes": null, "source": "OSM"}, "geometry": {"type": "LineString", "coordinates": [[72.8836627, 19.0962441], [72.8837374, 19.0962535]]}}, {"type": "Feature", "id": "1509137727", "properties": {"id": "1509137727", "name": "Unnamed Road", "highway": "tertiary", "lanes": null, "source": "OSM"}, "geometry": {"type": "LineString", "coordinates": [[72.8832608, 19.0940856], [72.8833163, 19.0940677]]}}, {"type": "Feature", "id": "1509137728", "properties": {"id": "1509137728", "name": "Unnamed Road", "highway": "tertiary", "lanes": null, "source": "OSM"}, "geometry": {"type": "LineString", "coordinates": [[72.8832985, 19.0940003], [72.8832444, 19.0940201]]}}, {"type": "Feature", "id": "1509137729", "properties": {"id": "1509137729", "name": "90 Feet Road", "highway": "tertiary", "lanes": null, "source": "OSM"}, "geometry": {"type": "LineString", "coordinates": [[72.886671, 19.0935851], [72.886598, 19.0935585], [72.8861375, 19.0935347], [72.8859213, 19.0935328], [72.8856994, 19.0935303], [72.8855114, 19.0935385], [72.8854081, 19.0935412]]}}, {"type": "Feature", "id": "1509137730", "properties": {"id": "1509137730", "name": "90 Feet Road", "highway": "tertiary", "lanes": null, "source": "OSM"}, "geometry": {"type": "LineString", "coordinates": [[72.8854066, 19.0936108], [72.88602, 19.0936066], [72.8862083, 19.0936113], [72.8866021, 19.0936138], [72.886671, 19.0935851]]}}, {"type": "Feature", "id": "1509137731", "properties": {"id": "1509137731", "name": "90 Feet Road", "highway": "tertiary", "lanes": null, "source": "OSM"}, "geometry": {"type": "LineString", "coordinates": [[72.886671, 19.0935851], [72.8867256, 19.0935796], [72.8869566, 19.0935531], [72.8870773, 19.0935493], [72.887143, 19.0935708], [72.8871742, 19.0935961], [72.88719, 19.0936228], [72.8872272, 19.0937712]]}}, {"type": "Feature", "id": "1509137732", "properties": {"id": "1509137732", "name": "Unnamed Road", "highway": "tertiary_link", "lanes": null, "source": "OSM"}, "geometry": {"type": "LineString", "coordinates": [[72.8836814, 19.0856941], [72.8837361, 19.0856858]]}}, {"type": "Feature", "id": "1509137733", "properties": {"id": "1509137733", "name": "Unnamed Road", "highway": "tertiary_link", "lanes": null, "source": "OSM"}, "geometry": {"type": "LineString", "coordinates": [[72.8840929, 19.0875929], [72.8841246, 19.0875854]]}}, {"type": "Feature", "id": "1509137734", "properties": {"id": "1509137734", "name": "Unnamed Road", "highway": "tertiary_link", "lanes": null, "source": "OSM"}, "geometry": {"type": "LineString", "coordinates": [[72.8841576, 19.0879126], [72.8841875, 19.0879092]]}}, {"type": "Feature", "id": "1509137736", "properties": {"id": "1509137736", "name": "Unnamed Road", "highway": "tertiary_link", "lanes": null, "source": "OSM"}, "geometry": {"type": "LineString", "coordinates": [[72.8843333, 19.0887748], [72.8843665, 19.0887678]]}}, {"type": "Feature", "id": "1509137738", "properties": {"id": "1509137738", "name": "Unnamed Road", "highway": "tertiary_link", "lanes": null, "source": "OSM"}, "geometry": {"type": "LineString", "coordinates": [[72.884461, 19.0893669], [72.8844894, 19.0893609]]}}, {"type": "Feature", "id": "1509137742", "properties": {"id": "1509137742", "name": "Unnamed Road", "highway": "tertiary_link", "lanes": null, "source": "OSM"}, "geometry": {"type": "LineString", "coordinates": [[72.8851737, 19.0926704], [72.8852116, 19.0926624]]}}, {"type": "Feature", "id": "1509137743", "properties": {"id": "1509137743", "name": "Unnamed Road", "highway": "tertiary_link", "lanes": null, "source": "OSM"}, "geometry": {"type": "LineString", "coordinates": [[72.8852189, 19.0928632], [72.8852512, 19.0928564]]}}, {"type": "Feature", "id": "1509385069", "properties": {"id": "1509385069", "name": "Unnamed Road", "highway": "primary", "lanes": null, "source": "OSM"}, "geometry": {"type": "LineString", "coordinates": [[72.8828325, 19.0929502], [72.8828274, 19.0930028], [72.8830803, 19.0935013], [72.8831656, 19.0937052], [72.8832444, 19.0940201], [72.8832608, 19.0940856], [72.8832805, 19.0941641], [72.8832829, 19.0941743]]}}, {"type": "Feature", "id": "1509555856", "properties": {"id": "1509555856", "name": "Unnamed Road", "highway": "trunk_link", "lanes": null, "source": "OSM"}, "geometry": {"type": "LineString", "coordinates": [[72.8722225, 19.0751153], [72.8723356, 19.0749017]]}}, {"type": "Feature", "id": "1509555857", "properties": {"id": "1509555857", "name": "Unnamed Road", "highway": "trunk", "lanes": null, "source": "OSM"}, "geometry": {"type": "LineString", "coordinates": [[72.8719734, 19.074757], [72.8714159, 19.0745216]]}}, {"type": "Feature", "id": "1509555858", "properties": {"id": "1509555858", "name": "Unnamed Road", "highway": "trunk", "lanes": null, "source": "OSM"}, "geometry": {"type": "LineString", "coordinates": [[72.8714159, 19.0745216], [72.8713575, 19.0744759]]}}, {"type": "Feature", "id": "1509555859", "properties": {"id": "1509555859", "name": "Unnamed Road", "highway": "trunk", "lanes": null, "source": "OSM"}, "geometry": {"type": "LineString", "coordinates": [[72.8723356, 19.0749017], [72.8722901, 19.0748979], [72.8719734, 19.074757]]}}, {"type": "Feature", "id": "1509555860", "properties": {"id": "1509555860", "name": "Kalina Kurla Road", "highway": "secondary", "lanes": null, "source": "OSM"}, "geometry": {"type": "LineString", "coordinates": [[72.8771731, 19.078399], [72.8770838, 19.0784047], [72.8767188, 19.0785665], [72.8766186, 19.0786152]]}}, {"type": "Feature", "id": "1509555861", "properties": {"id": "1509555861", "name": "Kalina Kurla Road", "highway": "secondary", "lanes": null, "source": "OSM"}, "geometry": {"type": "LineString", "coordinates": [[72.8758056, 19.0790026], [72.8757088, 19.0790473], [72.8756234, 19.0791357]]}}, {"type": "Feature", "id": "1509555862", "properties": {"id": "1509555862", "name": "Unnamed Road", "highway": "secondary", "lanes": null, "source": "OSM"}, "geometry": {"type": "LineString", "coordinates": [[72.8758261, 19.0790636], [72.8766457, 19.0786776]]}}, {"type": "Feature", "id": "1509555863", "properties": {"id": "1509555863", "name": "Unnamed Road", "highway": "secondary", "lanes": null, "source": "OSM"}, "geometry": {"type": "LineString", "coordinates": [[72.8766457, 19.0786776], [72.877102, 19.0784632], [72.8771731, 19.078399]]}}, {"type": "Feature", "id": "1509555864", "properties": {"id": "1509555864", "name": "Unnamed Road", "highway": "secondary", "lanes": null, "source": "OSM"}, "geometry": {"type": "LineString", "coordinates": [[72.8756234, 19.0791357], [72.8757236, 19.079114], [72.8758261, 19.0790636]]}}, {"type": "Feature", "id": "1509561293", "properties": {"id": "1509561293", "name": "Unnamed Road", "highway": "primary_link", "lanes": null, "source": "OSM"}, "geometry": {"type": "LineString", "coordinates": [[72.8771945, 19.0758299], [72.8772797, 19.0757759]]}}, {"type": "Feature", "id": "1509668244", "properties": {"id": "1509668244", "name": "Unnamed Road", "highway": "tertiary_link", "lanes": null, "source": "OSM"}, "geometry": {"type": "LineString", "coordinates": [[72.8867721, 19.0858319], [72.8868312, 19.0858173]]}}, {"type": "Feature", "id": "1509668245", "properties": {"id": "1509668245", "name": "Unnamed Road", "highway": "tertiary_link", "lanes": null, "source": "OSM"}, "geometry": {"type": "LineString", "coordinates": [[72.8866972, 19.0855385], [72.8867532, 19.0855244]]}}, {"type": "Feature", "id": "1510451035", "properties": {"id": "1510451035", "name": "Street 1", "highway": "tertiary", "lanes": null, "source": "OSM"}, "geometry": {"type": "LineString", "coordinates": [[72.8508936, 19.0556609], [72.8509076, 19.0556457], [72.8509272, 19.0556182]]}}, {"type": "Feature", "id": "1517014792", "properties": {"id": "1517014792", "name": "Unnamed Road", "highway": "primary_link", "lanes": null, "source": "OSM"}, "geometry": {"type": "LineString", "coordinates": [[72.8735626, 19.0630641], [72.8736834, 19.0630289]]}}, {"type": "Feature", "id": "1521281586", "properties": {"id": "1521281586", "name": "Unnamed Road", "highway": "tertiary_link", "lanes": null, "source": "OSM"}, "geometry": {"type": "LineString", "coordinates": [[72.8895279, 19.1126932], [72.8895424, 19.1126381]]}}, {"type": "Feature", "id": "1521281588", "properties": {"id": "1521281588", "name": "Unnamed Road", "highway": "tertiary_link", "lanes": null, "source": "OSM"}, "geometry": {"type": "LineString", "coordinates": [[72.8914001, 19.1139462], [72.8914329, 19.1138784]]}}, {"type": "Feature", "id": "1522268812", "properties": {"id": "1522268812", "name": "Unnamed Road", "highway": "secondary_link", "lanes": null, "source": "OSM"}, "geometry": {"type": "LineString", "coordinates": [[72.8897913, 19.1064208], [72.8898168, 19.1063492]]}}, {"type": "Feature", "id": "1522306226", "properties": {"id": "1522306226", "name": "Kherani Road", "highway": "secondary", "lanes": null, "source": "OSM"}, "geometry": {"type": "LineString", "coordinates": [[72.8946519, 19.1055649], [72.8947171, 19.1055489], [72.8950047, 19.1053681], [72.8950887, 19.1053181], [72.8951187, 19.1053003], [72.8954601, 19.1050203]]}}, {"type": "Feature", "id": "1522616729", "properties": {"id": "1522616729", "name": "Unnamed Road", "highway": "primary_link", "lanes": null, "source": "OSM"}, "geometry": {"type": "LineString", "coordinates": [[72.8863094, 19.1035974], [72.8863914, 19.1035325]]}}, {"type": "Feature", "id": "1522616731", "properties": {"id": "1522616731", "name": "Unnamed Road", "highway": "primary_link", "lanes": null, "source": "OSM"}, "geometry": {"type": "LineString", "coordinates": [[72.8834931, 19.099053], [72.883583, 19.0990443]]}}, {"type": "Feature", "id": "1522637636", "properties": {"id": "1522637636", "name": "90 Feet Road", "highway": "tertiary", "lanes": null, "source": "OSM"}, "geometry": {"type": "LineString", "coordinates": [[72.8872272, 19.0937712], [72.8872234, 19.0938564], [72.8873938, 19.0944095], [72.8874149, 19.0945006], [72.8874922, 19.094834], [72.8875146, 19.0949448], [72.8875605, 19.0951286], [72.8875752, 19.095192], [72.8875896, 19.0952542], [72.8876206, 19.0953879], [72.8876658, 19.0955827], [72.8876983, 19.0957227], [72.8877709, 19.0961764], [72.8878723, 19.0968837], [72.8878744, 19.0974443], [72.8878433, 19.0979777]]}}, {"type": "Feature", "id": "1522637638", "properties": {"id": "1522637638", "name": "90 Feet Road", "highway": "tertiary", "lanes": null, "source": "OSM"}, "geometry": {"type": "LineString", "coordinates": [[72.8886372, 19.1029386], [72.888419, 19.1027053], [72.8882311, 19.1024187], [72.8881605, 19.1022683], [72.8881068, 19.1021528], [72.8880706, 19.1020442], [72.8880529, 19.1019153], [72.8880638, 19.1014724], [72.8880628, 19.1012806], [72.8880703, 19.1009613], [72.8880467, 19.1006147], [72.888032, 19.1005656], [72.8879756, 19.1004951]]}}, {"type": "Feature", "id": "1522637639", "properties": {"id": "1522637639", "name": "90 Feet Road", "highway": "tertiary", "lanes": null, "source": "OSM"}, "geometry": {"type": "LineString", "coordinates": [[72.8878433, 19.0979777], [72.8878436, 19.098048], [72.8878121, 19.098385], [72.8878297, 19.0990001], [72.88786, 19.0993712], [72.8878832, 19.0999789], [72.8879184, 19.1000263]]}}, {"type": "Feature", "id": "1522637640", "properties": {"id": "1522637640", "name": "90 Feet Road", "highway": "tertiary", "lanes": null, "source": "OSM"}, "geometry": {"type": "LineString", "coordinates": [[72.8879184, 19.1000263], [72.8879756, 19.1004951]]}}, {"type": "Feature", "id": "1526358042", "properties": {"id": "1526358042", "name": "Bandra Kurla Complex Road", "highway": "primary", "lanes": "5", "source": "OSM"}, "geometry": {"type": "LineString", "coordinates": [[72.8510077, 19.0557645], [72.8508936, 19.0556609]]}}, {"type": "Feature", "id": "1530268601", "properties": {"id": "1530268601", "name": "Unnamed Road", "highway": "tertiary_link", "lanes": null, "source": "OSM"}, "geometry": {"type": "LineString", "coordinates": [[72.8767901, 19.10284], [72.87655, 19.1030454]]}}, {"type": "Feature", "id": "1531896218", "properties": {"id": "1531896218", "name": "Unnamed Road", "highway": "tertiary", "lanes": null, "source": "OSM"}, "geometry": {"type": "LineString", "coordinates": [[72.8929521, 19.0690017], [72.8930286, 19.0689488]]}}, {"type": "Feature", "id": "1531896219", "properties": {"id": "1531896219", "name": "Lokmanya Tilak Terminus Road", "highway": "tertiary", "lanes": null, "source": "OSM"}, "geometry": {"type": "LineString", "coordinates": [[72.8929521, 19.0690017], [72.893062, 19.0690326]]}}, {"type": "Feature", "id": "1531896220", "properties": {"id": "1531896220", "name": "Unnamed Road", "highway": "tertiary", "lanes": null, "source": "OSM"}, "geometry": {"type": "LineString", "coordinates": [[72.893062, 19.0690326], [72.8930286, 19.0689488]]}}, {"type": "Feature", "id": "1531896221", "properties": {"id": "1531896221", "name": "Lokmanya Tilak Terminus Road", "highway": "tertiary", "lanes": null, "source": "OSM"}, "geometry": {"type": "LineString", "coordinates": [[72.892878, 19.0689271], [72.8929521, 19.0690017]]}}, {"type": "Feature", "id": "1531896222", "properties": {"id": "1531896222", "name": "Unnamed Road", "highway": "tertiary", "lanes": null, "source": "OSM"}, "geometry": {"type": "LineString", "coordinates": [[72.8929801, 19.068887], [72.8929308, 19.0688255]]}}, {"type": "Feature", "id": "1531896223", "properties": {"id": "1531896223", "name": "Lokmanya Tilak Terminus Road", "highway": "tertiary", "lanes": null, "source": "OSM"}, "geometry": {"type": "LineString", "coordinates": [[72.8927606, 19.0688048], [72.892878, 19.0689271]]}}, {"type": "Feature", "id": "1538968341", "properties": {"id": "1538968341", "name": "Sakinaka Tele Exchange Lane", "highway": "tertiary", "lanes": null, "source": "OSM"}, "geometry": {"type": "LineString", "coordinates": [[72.8805578, 19.1006739], [72.8808724, 19.1005666], [72.8810546, 19.100498], [72.8812548, 19.1004252], [72.8812802, 19.1003834]]}}, {"type": "Feature", "id": "1538968343", "properties": {"id": "1538968343", "name": "Sakinaka Tele Exchange Lane", "highway": "tertiary", "lanes": null, "source": "OSM"}, "geometry": {"type": "LineString", "coordinates": [[72.8812802, 19.1003834], [72.8812265, 19.1003866], [72.8808198, 19.1005291], [72.8805411, 19.1006253], [72.8801709, 19.1007512], [72.8798788, 19.1008514], [72.8798099, 19.1008569]]}}, {"type": "Feature", "id": "1539733316", "properties": {"id": "1539733316", "name": "Unnamed Road", "highway": "tertiary", "lanes": null, "source": "OSM"}, "geometry": {"type": "LineString", "coordinates": [[72.8657103, 19.0965911], [72.8656753, 19.0965816], [72.8656395, 19.0965872], [72.8656091, 19.0966074], [72.8655912, 19.0966382], [72.8655894, 19.0966733], [72.8655932, 19.0966818], [72.8656041, 19.0967056], [72.8656323, 19.0967285], [72.8656683, 19.0967373], [72.8657039, 19.0967307], [72.8657331, 19.0967102], [72.8657393, 19.096699], [72.8657501, 19.0966798], [72.8657517, 19.0966455], [72.8657375, 19.0966139], [72.8657103, 19.0965911]]}}, {"type": "Feature", "id": "1539733317", "properties": {"id": "1539733317", "name": "Unnamed Road", "highway": "tertiary", "lanes": null, "source": "OSM"}, "geometry": {"type": "LineString", "coordinates": [[72.8655294, 19.0968159], [72.8655954, 19.0967788], [72.8656323, 19.0967285]]}}, {"type": "Feature", "id": "1539733318", "properties": {"id": "1539733318", "name": "V K Krishna Marg", "highway": "tertiary", "lanes": null, "source": "OSM"}, "geometry": {"type": "LineString", "coordinates": [[72.8655932, 19.0966818], [72.8655554, 19.0967385], [72.8655294, 19.0968159]]}}, {"type": "Feature", "id": "1540956697", "properties": {"id": "1540956697", "name": "Unnamed Road", "highway": "tertiary", "lanes": null, "source": "OSM"}, "geometry": {"type": "LineString", "coordinates": [[72.8642092, 19.1072317], [72.8641521, 19.1072791], [72.8641065, 19.1074663]]}}, {"type": "Feature", "id": "1540956698", "properties": {"id": "1540956698", "name": "Sahar Road", "highway": "tertiary", "lanes": null, "source": "OSM"}, "geometry": {"type": "LineString", "coordinates": [[72.8642266, 19.1074853], [72.8642309, 19.1072895], [72.8642092, 19.1072317]]}}, {"type": "Feature", "id": "1540956699", "properties": {"id": "1540956699", "name": "Unnamed Road", "highway": "tertiary", "lanes": null, "source": "OSM"}, "geometry": {"type": "LineString", "coordinates": [[72.863841, 19.1076536], [72.8638901, 19.1076669], [72.8640019, 19.1076316], [72.8641203, 19.1075942]]}}, {"type": "Feature", "id": "1540956700", "properties": {"id": "1540956700", "name": "Dr Karanjia Road", "highway": "tertiary", "lanes": null, "source": "OSM"}, "geometry": {"type": "LineString", "coordinates": [[72.8640799, 19.1075455], [72.8638742, 19.107617], [72.863841, 19.1076536]]}}, {"type": "Feature", "id": "1545055474", "properties": {"id": "1545055474", "name": "Lal Bahadur Shastri Marg", "highway": "primary", "lanes": null, "source": "OSM"}, "geometry": {"type": "LineString", "coordinates": [[72.8849456, 19.0844858], [72.8848207, 19.0844411]]}}, {"type": "Feature", "id": "1545056489", "properties": {"id": "1545056489", "name": "Street 3", "highway": "secondary", "lanes": "2", "source": "OSM"}, "geometry": {"type": "LineString", "coordinates": [[72.8595787, 19.0624565], [72.8594183, 19.0625151]]}}, {"type": "Feature", "id": "1545056490", "properties": {"id": "1545056490", "name": "Street 3", "highway": "secondary", "lanes": "2", "source": "OSM"}, "geometry": {"type": "LineString", "coordinates": [[72.8594359, 19.0625754], [72.8595962, 19.0625283]]}}, {"type": "Feature", "id": "1545059721", "properties": {"id": "1545059721", "name": "Street 1", "highway": "tertiary", "lanes": null, "source": "OSM"}, "geometry": {"type": "LineString", "coordinates": [[72.8510367, 19.055498], [72.8510362, 19.0554597]]}}, {"type": "Feature", "id": "1545059722", "properties": {"id": "1545059722", "name": "Street 1", "highway": "tertiary", "lanes": null, "source": "OSM"}, "geometry": {"type": "LineString", "coordinates": [[72.8510362, 19.0554597], [72.8510001, 19.0554848]]}}, {"type": "Feature", "id": "1545060332", "properties": {"id": "1545060332", "name": "Avenue 5", "highway": "tertiary", "lanes": null, "source": "OSM"}, "geometry": {"type": "LineString", "coordinates": [[72.8689576, 19.0620719], [72.8690073, 19.0621606]]}}, {"type": "Feature", "id": "1545060333", "properties": {"id": "1545060333", "name": "Avenue 5: Lane 3", "highway": "tertiary", "lanes": "2", "source": "OSM"}, "geometry": {"type": "LineString", "coordinates": [[72.8688744, 19.0621803], [72.8690073, 19.0621606]]}}, {"type": "Feature", "id": "1545060334", "properties": {"id": "1545060334", "name": "Avenue 5: Lane 3", "highway": "tertiary", "lanes": "2", "source": "OSM"}, "geometry": {"type": "LineString", "coordinates": [[72.8689576, 19.0620719], [72.8688367, 19.0620872]]}}, {"type": "Feature", "id": "1545060335", "properties": {"id": "1545060335", "name": "Avenue 5", "highway": "tertiary", "lanes": null, "source": "OSM"}, "geometry": {"type": "LineString", "coordinates": [[72.8690073, 19.0621606], [72.8690517, 19.0622722]]}}, {"type": "Feature", "id": "1545060336", "properties": {"id": "1545060336", "name": "Avenue 5", "highway": "tertiary", "lanes": null, "source": "OSM"}, "geometry": {"type": "LineString", "coordinates": [[72.8689212, 19.0619811], [72.8689576, 19.0620719]]}}, {"type": "Feature", "id": "1545063580", "properties": {"id": "1545063580", "name": "Lal Bahadur Shastri Marg", "highway": "primary", "lanes": null, "source": "OSM"}, "geometry": {"type": "LineString", "coordinates": [[72.8753389, 19.0706378], [72.8753551, 19.0707566]]}}, {"type": "Feature", "id": "1545063581", "properties": {"id": "1545063581", "name": "Lal Bahadur Shastri Marg", "highway": "primary", "lanes": null, "source": "OSM"}, "geometry": {"type": "LineString", "coordinates": [[72.8754828, 19.0707176], [72.8754664, 19.0706062]]}}, {"type": "Feature", "id": "1549538737", "properties": {"id": "1549538737", "name": "Street 1", "highway": "tertiary", "lanes": null, "source": "OSM"}, "geometry": {"type": "LineString", "coordinates": [[72.8548913, 19.0560464], [72.8549074, 19.0560689]]}}, {"type": "Feature", "id": "1549538739", "properties": {"id": "1549538739", "name": "Street 1", "highway": "tertiary", "lanes": null, "source": "OSM"}, "geometry": {"type": "LineString", "coordinates": [[72.8549074, 19.0560689], [72.8551044, 19.0564134], [72.8553059, 19.0567693], [72.8553561, 19.0568836], [72.8554128, 19.0570128], [72.8554839, 19.0571746], [72.855495, 19.0574059], [72.8555238, 19.0577618], [72.8555431, 19.0580011], [72.8555452, 19.0580565], [72.8555413, 19.0586126], [72.8555457, 19.0587447]]}}, {"type": "Feature", "id": "1550772174", "properties": {"id": "1550772174", "name": "Unnamed Road", "highway": "secondary", "lanes": null, "source": "OSM"}, "geometry": {"type": "LineString", "coordinates": [[72.8623542, 19.0775041], [72.8618485, 19.0768345], [72.8614367, 19.0762954], [72.8610122, 19.0757533], [72.8608735, 19.0755421], [72.8607919, 19.0753456], [72.8606332, 19.074719]]}}, {"type": "Feature", "id": "1551218783", "properties": {"id": "1551218783", "name": "Guru Hargovindji Road", "highway": "primary", "lanes": null, "source": "OSM"}, "geometry": {"type": "LineString", "coordinates": [[72.8588937, 19.1117344], [72.8586651, 19.1117718]]}}, {"type": "Feature", "id": "1551218784", "properties": {"id": "1551218784", "name": "Guru Hargovindji Road", "highway": "primary", "lanes": null, "source": "OSM"}, "geometry": {"type": "LineString", "coordinates": [[72.8584016, 19.1118597], [72.8580971, 19.1119579], [72.8579939, 19.1119921], [72.8579377, 19.1120107], [72.8577099, 19.1120862], [72.8572584, 19.1122357], [72.8569925, 19.1123238], [72.8569486, 19.1123397], [72.8566235, 19.112458], [72.8556759, 19.1128008], [72.8553997, 19.1129017], [72.8551791, 19.112981]]}}, {"type": "Feature", "id": "1551218785", "properties": {"id": "1551218785", "name": "Cardinal Gracias Road", "highway": "tertiary", "lanes": null, "source": "OSM"}, "geometry": {"type": "LineString", "coordinates": [[72.8586643, 19.1118946], [72.8586651, 19.1117718]]}}, {"type": "Feature", "id": "1551218786", "properties": {"id": "1551218786", "name": "Guru Hargovindji Road", "highway": "primary", "lanes": null, "source": "OSM"}, "geometry": {"type": "LineString", "coordinates": [[72.8586638, 19.111978], [72.8588883, 19.1119268], [72.8597921, 19.111703], [72.8599436, 19.111665], [72.8602587, 19.111586], [72.8603267, 19.1115617], [72.8606305, 19.111453], [72.8606542, 19.1114445], [72.8607952, 19.1113941], [72.8609874, 19.1113191], [72.8613951, 19.1111601], [72.8616744, 19.1110702], [72.8619157, 19.1110342], [72.8622299, 19.1110222], [72.8626287, 19.1110648], [72.8626613, 19.1110683], [72.8627917, 19.1110822], [72.8650072, 19.1114419], [72.8657818, 19.11158], [72.8660326, 19.111673], [72.866106, 19.1117121], [72.8663818, 19.111859], [72.8666548, 19.1120599], [72.8667646, 19.1121655]]}}, {"type": "Feature", "id": "1552898324", "properties": {"id": "1552898324", "name": "Jawaharlal Nehru Road", "highway": "secondary", "lanes": null, "source": "OSM"}, "geometry": {"type": "LineString", "coordinates": [[72.8619437, 19.0778604], [72.8621972, 19.077844], [72.8622756, 19.0778377], [72.8624528, 19.0778083]]}}, {"type": "Feature", "id": "1552898325", "properties": {"id": "1552898325", "name": "Jawaharlal Nehru Road", "highway": "secondary", "lanes": null, "source": "OSM"}, "geometry": {"type": "LineString", "coordinates": [[72.8617557, 19.0778561], [72.8619437, 19.0778604]]}}, {"type": "Feature", "id": "1553771471", "properties": {"id": "1553771471", "name": "Unnamed Road", "highway": "tertiary", "lanes": "1", "source": "OSM"}, "geometry": {"type": "LineString", "coordinates": [[72.8536306, 19.1072389], [72.85364, 19.1070447], [72.8537671, 19.1062906], [72.8537493, 19.1062159], [72.8537221, 19.106093]]}}]}