{"type": "FeatureCollection", "crs": {"type": "name", "properties": {"name": "EPSG:4326"}}, "features": [{"type": "Feature", "id": 1, "geometry": {"type": "Point", "coordinates": [72.8383151720001, 18.9371169230001]}, "properties": {"OBJECTID": 1, "FEATUREID": "PS15053700121", "NAME": "Additional Commissioner of Police (P & S)", "TYPE": 1, "SUBTYPE": "Station", "LOCATION": "Moghal Building, 25, Vaju Kotak Marg, Ballard Estate, Fort. Mumbai 400001", "BRD_LINE_NO": "22611569", "CNTRL_ROOM_NO": "22655075", "TYPE_CONSTRUCT": null, "YEAR_CONSTRUCT": null, "NO_FLOOR": null, "NO_ROOMS": null, "NO_COM_TOILET": null, "NO_GEN_TOILET": null, "NO_LAD_TOILET": null, "BATHROOM_FAC": null, "RAMP_DISABLED": null, "OPEN_SPACE": null, "REMARKS": "Kiran R. Shelar 9820097600 addlcpprotection@gmail.com", "EDUPDATEUSER": null, "EDUPDATETIME": null, "CREATED_USER": "DMMASTER", "CREATED_DATE": 1479825702000, "LAST_EDITED_USER": "DMMASTER", "LAST_EDITED_DATE": 1566301157000, "HEIGHT_TO_MSL": null, "WATER_TANK_CAPA": null, "SYMMETRIC": null, "GROUND": null, "NO_BASEMENT": null, "NO_HALL_AUD": null, "SEAT_CAPACITY": null, "NO_WATER_TANK": null, "NO_ELEVATOR": null, "PAS": null, "CCTV_SERVE": null, "STRUCTURAL_AUDIT": null, "FIRE_EXTING_SYS": null, "FIRE_AUDIT": null, "CENTRALIZED_AC": null, "DISPLAY_BOARD": null, "HAZ_MAT": null, "ALT_ELEC": null, "WARD": "A", "ELEVATOR_CONTACT_LIST": null, "ELEVATOR_INTERCOM": null, "WORKING_HRS": null, "EMPLOYEE_QTY": null, "EMPLOYEE_MALE": null, "EMPLOYEE_FEMALE": null, "EMPLOYEE_DIF_ABLE": null, "WORKING_HRS_STR": null, "WORKING_HRS_STP": null, "_source": "MCGM ArcGIS FeatureServer (official)"}}, {"type": "Feature", "id": 2, "geometry": {"type": "Point", "coordinates": [72.8162530000001, 19.006542]}, "properties": {"OBJECTID": 2, "FEATUREID": "PS09000000001", "NAME": "Anti-Corruption Bureau", "TYPE": 1, "SUBTYPE": "Office", "LOCATION": "6th Floor, Sir Pochkhanawala Rd, B Wing, Worli Police Camp, Worli, Mumbai, Maharashtra 400030", "BRD_LINE_NO": "022 2492 1212", "CNTRL_ROOM_NO": null, "TYPE_CONSTRUCT": null, "YEAR_CONSTRUCT": null, "NO_FLOOR": null, "NO_ROOMS": null, "NO_COM_TOILET": null, "NO_GEN_TOILET": null, "NO_LAD_TOILET": null, "BATHROOM_FAC": null, "RAMP_DISABLED": null, "OPEN_SPACE": null, "REMARKS": null, "EDUPDATEUSER": null, "EDUPDATETIME": null, "CREATED_USER": "DMMASTER", "CREATED_DATE": 1566301340000, "LAST_EDITED_USER": "DMMASTER", "LAST_EDITED_DATE": 1566301370000, "HEIGHT_TO_MSL": null, "WATER_TANK_CAPA": null, "SYMMETRIC": null, "GROUND": null, "NO_BASEMENT": null, "NO_HALL_AUD": null, "SEAT_CAPACITY": null, "NO_WATER_TANK": null, "NO_ELEVATOR": null, "PAS": null, "CCTV_SERVE": null, "STRUCTURAL_AUDIT": null, "FIRE_EXTING_SYS": null, "FIRE_AUDIT": null, "CENTRALIZED_AC": null, "DISPLAY_BOARD": null, "HAZ_MAT": null, "ALT_ELEC": null, "WARD": "G/S", "ELEVATOR_CONTACT_LIST": null, "ELEVATOR_INTERCOM": null, "WORKING_HRS": null, "EMPLOYEE_QTY": null, "EMPLOYEE_MALE": null, "EMPLOYEE_FEMALE": null, "EMPLOYEE_DIF_ABLE": null, "WORKING_HRS_STR": null, "WORKING_HRS_STP": null, "_source": "MCGM ArcGIS FeatureServer (official)"}}, {"type": "Feature", "id": 3, "geometry": {"type": "Point", "coordinates": [72.8357570000001, 18.983707]}, "properties": {"OBJECTID": 3, "FEATUREID": "PS05000000004", "NAME": "Addl Comm. Of Police central Region Office", "TYPE": 1, "SUBTYPE": "Office", "LOCATION": "123, Tukaram Bhikaji Kadam Marg, Dhaku Prabhuchi Wadi, Byculla East, Mazgaon, Mumbai, Maharashtra 400027", "BRD_LINE_NO": "23750909/23782636", "CNTRL_ROOM_NO": null, "TYPE_CONSTRUCT": null, "YEAR_CONSTRUCT": null, "NO_FLOOR": null, "NO_ROOMS": null, "NO_COM_TOILET": null, "NO_GEN_TOILET": null, "NO_LAD_TOILET": null, "BATHROOM_FAC": null, "RAMP_DISABLED": null, "OPEN_SPACE": null, "REMARKS": null, "EDUPDATEUSER": null, "EDUPDATETIME": null, "CREATED_USER": "DMMASTER", "CREATED_DATE": 1566301340000, "LAST_EDITED_USER": "DMMASTER", "LAST_EDITED_DATE": 1566301400000, "HEIGHT_TO_MSL": null, "WATER_TANK_CAPA": null, "SYMMETRIC": null, "GROUND": null, "NO_BASEMENT": null, "NO_HALL_AUD": null, "SEAT_CAPACITY": null, "NO_WATER_TANK": null, "NO_ELEVATOR": null, "PAS": null, "CCTV_SERVE": null, "STRUCTURAL_AUDIT": null, "FIRE_EXTING_SYS": null, "FIRE_AUDIT": null, "CENTRALIZED_AC": null, "DISPLAY_BOARD": null, "HAZ_MAT": null, "ALT_ELEC": null, "WARD": "E", "ELEVATOR_CONTACT_LIST": null, "ELEVATOR_INTERCOM": null, "WORKING_HRS": null, "EMPLOYEE_QTY": null, "EMPLOYEE_MALE": null, "EMPLOYEE_FEMALE": null, "EMPLOYEE_DIF_ABLE": null, "WORKING_HRS_STR": null, "WORKING_HRS_STP": null, "_source": "MCGM ArcGIS FeatureServer (official)"}}, {"type": "Feature", "id": 4, "geometry": {"type": "Point", "coordinates": [72.846027, 19.0076340000001]}, "properties": {"OBJECTID": 4, "FEATUREID": "PS07000000003", "NAME": "Armed Police Headquarters", "TYPE": 1, "SUBTYPE": "Office", "LOCATION": "67-C/8, Parel Bhoiwada St, Police Colony, Naigaon, Mumbai, Maharashtra 400014", "BRD_LINE_NO": "24146066", "CNTRL_ROOM_NO": null, "TYPE_CONSTRUCT": null, "YEAR_CONSTRUCT": null, "NO_FLOOR": null, "NO_ROOMS": null, "NO_COM_TOILET": null, "NO_GEN_TOILET": null, "NO_LAD_TOILET": null, "BATHROOM_FAC": null, "RAMP_DISABLED": null, "OPEN_SPACE": null, "REMARKS": null, "EDUPDATEUSER": null, "EDUPDATETIME": null, "CREATED_USER": "DMMASTER", "CREATED_DATE": 1566301340000, "LAST_EDITED_USER": "DMMASTER", "LAST_EDITED_DATE": 1566301410000, "HEIGHT_TO_MSL": null, "WATER_TANK_CAPA": null, "SYMMETRIC": null, "GROUND": null, "NO_BASEMENT": null, "NO_HALL_AUD": null, "SEAT_CAPACITY": null, "NO_WATER_TANK": null, "NO_ELEVATOR": null, "PAS": null, "CCTV_SERVE": null, "STRUCTURAL_AUDIT": null, "FIRE_EXTING_SYS": null, "FIRE_AUDIT": null, "CENTRALIZED_AC": null, "DISPLAY_BOARD": null, "HAZ_MAT": null, "ALT_ELEC": null, "WARD": "F/S", "ELEVATOR_CONTACT_LIST": null, "ELEVATOR_INTERCOM": null, "WORKING_HRS": null, "EMPLOYEE_QTY": null, "EMPLOYEE_MALE": null, "EMPLOYEE_FEMALE": null, "EMPLOYEE_DIF_ABLE": null, "WORKING_HRS_STR": null, "WORKING_HRS_STP": null, "_source": "MCGM ArcGIS FeatureServer (official)"}}, {"type": "Feature", "id": 5, "geometry": {"type": "Point", "coordinates": [72.8315680000001, 18.96718]}, "properties": {"OBJECTID": 5, "FEATUREID": "PS05000000005", "NAME": "Police M.T.Section", "TYPE": 1, "SUBTYPE": "Office", "LOCATION": "Sofia Zubair Road, Police Colony, New Nagpada, Mazgaon, Mumbai, Maharashtra 400008", "BRD_LINE_NO": "22611569", "CNTRL_ROOM_NO": null, "TYPE_CONSTRUCT": null, "YEAR_CONSTRUCT": null, "NO_FLOOR": null, "NO_ROOMS": null, "NO_COM_TOILET": null, "NO_GEN_TOILET": null, "NO_LAD_TOILET": null, "BATHROOM_FAC": null, "RAMP_DISABLED": null, "OPEN_SPACE": null, "REMARKS": null, "EDUPDATEUSER": null, "EDUPDATETIME": null, "CREATED_USER": "DMMASTER", "CREATED_DATE": 1566301340000, "LAST_EDITED_USER": "DMMASTER", "LAST_EDITED_DATE": 1566301422000, "HEIGHT_TO_MSL": null, "WATER_TANK_CAPA": null, "SYMMETRIC": null, "GROUND": null, "NO_BASEMENT": null, "NO_HALL_AUD": null, "SEAT_CAPACITY": null, "NO_WATER_TANK": null, "NO_ELEVATOR": null, "PAS": null, "CCTV_SERVE": null, "STRUCTURAL_AUDIT": null, "FIRE_EXTING_SYS": null, "FIRE_AUDIT": null, "CENTRALIZED_AC": null, "DISPLAY_BOARD": null, "HAZ_MAT": null, "ALT_ELEC": null, "WARD": "E", "ELEVATOR_CONTACT_LIST": null, "ELEVATOR_INTERCOM": null, "WORKING_HRS": null, "EMPLOYEE_QTY": null, "EMPLOYEE_MALE": null, "EMPLOYEE_FEMALE": null, "EMPLOYEE_DIF_ABLE": null, "WORKING_HRS_STR": null, "WORKING_HRS_STP": null, "_source": "MCGM ArcGIS FeatureServer (official)"}}, {"type": "Feature", "id": 6, "geometry": {"type": "Point", "coordinates": [72.8332065850001, 18.941483885]}, "properties": {"OBJECTID": 6, "FEATUREID": "PS14068000115", "NAME": "Azad Maidan Police Station", "TYPE": 1, "SUBTYPE": "Station", "LOCATION": "Esplaned Bldg., Gr. Floor, Mahapalika Marg, Near BMC Head Office, Mumbai - 400001. ", "BRD_LINE_NO": "22678115", "CNTRL_ROOM_NO": "22620295, 22620697", "TYPE_CONSTRUCT": null, "YEAR_CONSTRUCT": null, "NO_FLOOR": null, "NO_ROOMS": null, "NO_COM_TOILET": null, "NO_GEN_TOILET": null, "NO_LAD_TOILET": null, "BATHROOM_FAC": null, "RAMP_DISABLED": null, "OPEN_SPACE": null, "REMARKS": " Narendra Chandrapal Singh  9870492996\nazadmaidanpolicestation@mtnl.net.in", "EDUPDATEUSER": null, "EDUPDATETIME": null, "CREATED_USER": "DMMASTER", "CREATED_DATE": 1479825702000, "LAST_EDITED_USER": "DMMASTER", "LAST_EDITED_DATE": 1566295637000, "HEIGHT_TO_MSL": null, "WATER_TANK_CAPA": null, "SYMMETRIC": null, "GROUND": null, "NO_BASEMENT": null, "NO_HALL_AUD": null, "SEAT_CAPACITY": null, "NO_WATER_TANK": null, "NO_ELEVATOR": null, "PAS": null, "CCTV_SERVE": null, "STRUCTURAL_AUDIT": null, "FIRE_EXTING_SYS": null, "FIRE_AUDIT": null, "CENTRALIZED_AC": null, "DISPLAY_BOARD": null, "HAZ_MAT": null, "ALT_ELEC": null, "WARD": "A", "ELEVATOR_CONTACT_LIST": null, "ELEVATOR_INTERCOM": null, "WORKING_HRS": null, "EMPLOYEE_QTY": null, "EMPLOYEE_MALE": null, "EMPLOYEE_FEMALE": null, "EMPLOYEE_DIF_ABLE": null, "WORKING_HRS_STR": null, "WORKING_HRS_STP": null, "_source": "MCGM ArcGIS FeatureServer (official)"}}, {"type": "Feature", "id": 7, "geometry": {"type": "Point", "coordinates": [72.8352340000001, 18.9459230000001]}, "properties": {"OBJECTID": 7, "FEATUREID": "PS14069600114", "NAME": "M R A Police Satation", "TYPE": 1, "SUBTYPE": "Station", "LOCATION": "Mata Ramabai Ambedkar Marg, Near Haj House, Mumbai - 400001.", "BRD_LINE_NO": "22611939", "CNTRL_ROOM_NO": "22620759, 22621313", "TYPE_CONSTRUCT": null, "YEAR_CONSTRUCT": null, "NO_FLOOR": null, "NO_ROOMS": null, "NO_COM_TOILET": null, "NO_GEN_TOILET": null, "NO_LAD_TOILET": null, "BATHROOM_FAC": null, "RAMP_DISABLED": null, "OPEN_SPACE": null, "REMARKS": "Sukhlal Varpe 9821055525\nmrapolicestation@mtnl.net.in", "EDUPDATEUSER": null, "EDUPDATETIME": null, "CREATED_USER": "DMMASTER", "CREATED_DATE": 1479825702000, "LAST_EDITED_USER": "DMMASTER", "LAST_EDITED_DATE": 1566298499000, "HEIGHT_TO_MSL": null, "WATER_TANK_CAPA": null, "SYMMETRIC": null, "GROUND": null, "NO_BASEMENT": null, "NO_HALL_AUD": null, "SEAT_CAPACITY": null, "NO_WATER_TANK": null, "NO_ELEVATOR": null, "PAS": null, "CCTV_SERVE": null, "STRUCTURAL_AUDIT": null, "FIRE_EXTING_SYS": null, "FIRE_AUDIT": null, "CENTRALIZED_AC": null, "DISPLAY_BOARD": null, "HAZ_MAT": null, "ALT_ELEC": null, "WARD": "A", "ELEVATOR_CONTACT_LIST": null, "ELEVATOR_INTERCOM": null, "WORKING_HRS": null, "EMPLOYEE_QTY": null, "EMPLOYEE_MALE": null, "EMPLOYEE_FEMALE": null, "EMPLOYEE_DIF_ABLE": null, "WORKING_HRS_STR": null, "WORKING_HRS_STP": null, "_source": "MCGM ArcGIS FeatureServer (official)"}}, {"type": "Feature", "id": 8, "geometry": {"type": "Point", "coordinates": [72.831078, 18.9223880000001]}, "properties": {"OBJECTID": 8, "FEATUREID": "PS14045000117", "NAME": "Colaba Police Station", "TYPE": 1, "SUBTYPE": "Station", "LOCATION": "Near Electric House, Shahid Bhagat Singh Road,Colaba, Mumbai-400005. ", "BRD_LINE_NO": "22043702", "CNTRL_ROOM_NO": "22043702, 22856817", "TYPE_CONSTRUCT": null, "YEAR_CONSTRUCT": null, "NO_FLOOR": null, "NO_ROOMS": null, "NO_COM_TOILET": null, "NO_GEN_TOILET": null, "NO_LAD_TOILET": null, "BATHROOM_FAC": null, "RAMP_DISABLED": null, "OPEN_SPACE": null, "REMARKS": "Vinay V.Gadgil\n9821965050 colabapolicestation@mtnl.net.in", "EDUPDATEUSER": null, "EDUPDATETIME": null, "CREATED_USER": "DMMASTER", "CREATED_DATE": 1479825702000, "LAST_EDITED_USER": "DMMASTER", "LAST_EDITED_DATE": 1566296760000, "HEIGHT_TO_MSL": null, "WATER_TANK_CAPA": null, "SYMMETRIC": null, "GROUND": null, "NO_BASEMENT": null, "NO_HALL_AUD": null, "SEAT_CAPACITY": null, "NO_WATER_TANK": null, "NO_ELEVATOR": null, "PAS": null, "CCTV_SERVE": null, "STRUCTURAL_AUDIT": null, "FIRE_EXTING_SYS": null, "FIRE_AUDIT": null, "CENTRALIZED_AC": null, "DISPLAY_BOARD": null, "HAZ_MAT": null, "ALT_ELEC": null, "WARD": "A", "ELEVATOR_CONTACT_LIST": null, "ELEVATOR_INTERCOM": null, "WORKING_HRS": null, "EMPLOYEE_QTY": null, "EMPLOYEE_MALE": null, "EMPLOYEE_FEMALE": null, "EMPLOYEE_DIF_ABLE": null, "WORKING_HRS_STR": null, "WORKING_HRS_STP": null, "_source": "MCGM ArcGIS FeatureServer (official)"}}, {"type": "Feature", "id": 9, "geometry": {"type": "Point", "coordinates": [72.860325, 19.0644360000001]}, "properties": {"OBJECTID": 9, "FEATUREID": "PS16197900155", "NAME": "Cyber Police Station", "TYPE": 1, "SUBTYPE": "Station", "LOCATION": "Bandra Kurla Complex, Opp. ICICI Bank, BKC Road, Bandra (East), Mumbai 400051,", "BRD_LINE_NO": "26504008", "CNTRL_ROOM_NO": null, "TYPE_CONSTRUCT": null, "YEAR_CONSTRUCT": null, "NO_FLOOR": null, "NO_ROOMS": null, "NO_COM_TOILET": null, "NO_GEN_TOILET": null, "NO_LAD_TOILET": null, "BATHROOM_FAC": null, "RAMP_DISABLED": null, "OPEN_SPACE": null, "REMARKS": "Sudhir Manohar Mahadik 9870459523 cyberpst-mum@mahapolice.gov.in", "EDUPDATEUSER": null, "EDUPDATETIME": null, "CREATED_USER": "DMMASTER", "CREATED_DATE": 1479825702000, "LAST_EDITED_USER": "DMMASTER", "LAST_EDITED_DATE": 1566308595000, "HEIGHT_TO_MSL": null, "WATER_TANK_CAPA": null, "SYMMETRIC": null, "GROUND": null, "NO_BASEMENT": null, "NO_HALL_AUD": null, "SEAT_CAPACITY": null, "NO_WATER_TANK": null, "NO_ELEVATOR": null, "PAS": null, "CCTV_SERVE": null, "STRUCTURAL_AUDIT": null, "FIRE_EXTING_SYS": null, "FIRE_AUDIT": null, "CENTRALIZED_AC": null, "DISPLAY_BOARD": null, "HAZ_MAT": null, "ALT_ELEC": null, "WARD": "H/E", "ELEVATOR_CONTACT_LIST": null, "ELEVATOR_INTERCOM": null, "WORKING_HRS": null, "EMPLOYEE_QTY": null, "EMPLOYEE_MALE": null, "EMPLOYEE_FEMALE": null, "EMPLOYEE_DIF_ABLE": null, "WORKING_HRS_STR": null, "WORKING_HRS_STP": null, "_source": "MCGM ArcGIS FeatureServer (official)"}}, {"type": "Feature", "id": 10, "geometry": {"type": "Point", "coordinates": [72.86631435, 19.0337251600001]}, "properties": {"OBJECTID": 10, "FEATUREID": "PS06000000006", "NAME": "Centre Investgestion Branch ", "TYPE": 1, "SUBTYPE": "Office", "LOCATION": "Madhukarrao Ambedkar Road, Opposite Of Antop Hill Hospita, Antop Hill, Mumbai, 400037", "BRD_LINE_NO": "2224035158", "CNTRL_ROOM_NO": null, "TYPE_CONSTRUCT": null, "YEAR_CONSTRUCT": null, "NO_FLOOR": null, "NO_ROOMS": null, "NO_COM_TOILET": null, "NO_GEN_TOILET": null, "NO_LAD_TOILET": null, "BATHROOM_FAC": null, "RAMP_DISABLED": null, "OPEN_SPACE": null, "REMARKS": null, "EDUPDATEUSER": null, "EDUPDATETIME": null, "CREATED_USER": "DMMASTER", "CREATED_DATE": 1566133039000, "LAST_EDITED_USER": "DMMASTER", "LAST_EDITED_DATE": 1566308493000, "HEIGHT_TO_MSL": null, "WATER_TANK_CAPA": null, "SYMMETRIC": null, "GROUND": null, "NO_BASEMENT": null, "NO_HALL_AUD": null, "SEAT_CAPACITY": null, "NO_WATER_TANK": null, "NO_ELEVATOR": null, "PAS": null, "CCTV_SERVE": null, "STRUCTURAL_AUDIT": null, "FIRE_EXTING_SYS": null, "FIRE_AUDIT": null, "CENTRALIZED_AC": null, "DISPLAY_BOARD": null, "HAZ_MAT": null, "ALT_ELEC": null, "WARD": "F/N", "ELEVATOR_CONTACT_LIST": null, "ELEVATOR_INTERCOM": null, "WORKING_HRS": null, "EMPLOYEE_QTY": null, "EMPLOYEE_MALE": null, "EMPLOYEE_FEMALE": null, "EMPLOYEE_DIF_ABLE": null, "WORKING_HRS_STR": null, "WORKING_HRS_STP": null, "_source": "MCGM ArcGIS FeatureServer (official)"}}, {"type": "Feature", "id": 11, "geometry": {"type": "Point", "coordinates": [72.84596141, 19.01808348]}, "properties": {"OBJECTID": 11, "FEATUREID": "PS06000000001", "NAME": "State Inteligence Department Mumbai", "TYPE": 1, "SUBTYPE": "Office", "LOCATION": "Lokmaya Tilak Coloney Road, In Front of Laxumi Krupa CHS Near Light Pol No LNR 61-5 Near Dadar Station, Dadar East, Mumbai, 400014", "BRD_LINE_NO": null, "CNTRL_ROOM_NO": null, "TYPE_CONSTRUCT": null, "YEAR_CONSTRUCT": null, "NO_FLOOR": null, "NO_ROOMS": null, "NO_COM_TOILET": null, "NO_GEN_TOILET": null, "NO_LAD_TOILET": null, "BATHROOM_FAC": null, "RAMP_DISABLED": null, "OPEN_SPACE": null, "REMARKS": null, "EDUPDATEUSER": null, "EDUPDATETIME": null, "CREATED_USER": "DMMASTER", "CREATED_DATE": 1566133069000, "LAST_EDITED_USER": "DMMASTER", "LAST_EDITED_DATE": 1566308576000, "HEIGHT_TO_MSL": null, "WATER_TANK_CAPA": null, "SYMMETRIC": null, "GROUND": null, "NO_BASEMENT": null, "NO_HALL_AUD": null, "SEAT_CAPACITY": null, "NO_WATER_TANK": null, "NO_ELEVATOR": null, "PAS": null, "CCTV_SERVE": null, "STRUCTURAL_AUDIT": null, "FIRE_EXTING_SYS": null, "FIRE_AUDIT": null, "CENTRALIZED_AC": null, "DISPLAY_BOARD": null, "HAZ_MAT": null, "ALT_ELEC": null, "WARD": "F/N", "ELEVATOR_CONTACT_LIST": null, "ELEVATOR_INTERCOM": null, "WORKING_HRS": null, "EMPLOYEE_QTY": null, "EMPLOYEE_MALE": null, "EMPLOYEE_FEMALE": null, "EMPLOYEE_DIF_ABLE": null, "WORKING_HRS_STR": null, "WORKING_HRS_STP": null, "_source": "MCGM ArcGIS FeatureServer (official)"}}, {"type": "Feature", "id": 12, "geometry": {"type": "Point", "coordinates": [72.8378858720001, 19.072695911]}, "properties": {"OBJECTID": 12, "FEATUREID": "PS15204700045", "NAME": "Khar Police Station", "TYPE": 1, "SUBTYPE": "Station", "LOCATION": "Khar Police Station, Swami Vivekanand Rd., Ram Krishna Nagar, Khar West, Mumbai 400052. ", "BRD_LINE_NO": "26000450", "CNTRL_ROOM_NO": "26496030, \n26494977", "TYPE_CONSTRUCT": null, "YEAR_CONSTRUCT": null, "NO_FLOOR": null, "NO_ROOMS": null, "NO_COM_TOILET": null, "NO_GEN_TOILET": null, "NO_LAD_TOILET": null, "BATHROOM_FAC": null, "RAMP_DISABLED": null, "OPEN_SPACE": null, "REMARKS": " Dattatray Pandurang Bhargude   9870269197\nkharpolicestation@mtnl.net.in", "EDUPDATEUSER": null, "EDUPDATETIME": null, "CREATED_USER": "DMMASTER", "CREATED_DATE": 1479825702000, "LAST_EDITED_USER": "DMMASTER", "LAST_EDITED_DATE": 1566308456000, "HEIGHT_TO_MSL": null, "WATER_TANK_CAPA": null, "SYMMETRIC": null, "GROUND": null, "NO_BASEMENT": null, "NO_HALL_AUD": null, "SEAT_CAPACITY": null, "NO_WATER_TANK": null, "NO_ELEVATOR": null, "PAS": null, "CCTV_SERVE": null, "STRUCTURAL_AUDIT": null, "FIRE_EXTING_SYS": null, "FIRE_AUDIT": null, "CENTRALIZED_AC": null, "DISPLAY_BOARD": null, "HAZ_MAT": null, "ALT_ELEC": null, "WARD": "H/W", "ELEVATOR_CONTACT_LIST": null, "ELEVATOR_INTERCOM": null, "WORKING_HRS": null, "EMPLOYEE_QTY": null, "EMPLOYEE_MALE": null, "EMPLOYEE_FEMALE": null, "EMPLOYEE_DIF_ABLE": null, "WORKING_HRS_STR": null, "WORKING_HRS_STP": null, "_source": "MCGM ArcGIS FeatureServer (official)"}}, {"type": "Feature", "id": 13, "geometry": {"type": "Point", "coordinates": [72.818471533, 18.971697616]}, "properties": {"OBJECTID": 13, "FEATUREID": "PS13078800131", "NAME": "Tardeo Police Station", "TYPE": 1, "SUBTYPE": "Station", "LOCATION": "Tardeo Officer Quarter B No.1 Gr. Fl., M.P.Mill, Compound, Tardeo, Mumbai-400034. Nagesh Sambhaji Jadhav 9967837888 tardeopolicestation@mtnl.net.in", "BRD_LINE_NO": "23534114", "CNTRL_ROOM_NO": "23512109\r\n23512109\r\n23512109\r\n", "TYPE_CONSTRUCT": null, "YEAR_CONSTRUCT": null, "NO_FLOOR": null, "NO_ROOMS": null, "NO_COM_TOILET": null, "NO_GEN_TOILET": null, "NO_LAD_TOILET": null, "BATHROOM_FAC": null, "RAMP_DISABLED": null, "OPEN_SPACE": null, "REMARKS": null, "EDUPDATEUSER": null, "EDUPDATETIME": null, "CREATED_USER": "DMMASTER@PRSRVGISDB.MUMBASE.MCGM.GOV.IN", "CREATED_DATE": 1648095438000, "LAST_EDITED_USER": "DMMASTER@PRSRVGISDB.MUMBASE.MCGM.GOV.IN", "LAST_EDITED_DATE": 1648184608000, "HEIGHT_TO_MSL": null, "WATER_TANK_CAPA": null, "SYMMETRIC": null, "GROUND": null, "NO_BASEMENT": null, "NO_HALL_AUD": null, "SEAT_CAPACITY": null, "NO_WATER_TANK": null, "NO_ELEVATOR": null, "PAS": null, "CCTV_SERVE": null, "STRUCTURAL_AUDIT": null, "FIRE_EXTING_SYS": null, "FIRE_AUDIT": null, "CENTRALIZED_AC": null, "DISPLAY_BOARD": null, "HAZ_MAT": null, "ALT_ELEC": null, "WARD": null, "ELEVATOR_CONTACT_LIST": null, "ELEVATOR_INTERCOM": null, "WORKING_HRS": null, "EMPLOYEE_QTY": null, "EMPLOYEE_MALE": null, "EMPLOYEE_FEMALE": null, "EMPLOYEE_DIF_ABLE": null, "WORKING_HRS_STR": null, "WORKING_HRS_STP": null, "_source": "MCGM ArcGIS FeatureServer (official)"}}, {"type": "Feature", "id": 14, "geometry": null, "properties": {"OBJECTID": 14, "FEATUREID": "PS13132200031", "NAME": "Worli Police Station", "TYPE": 1, "SUBTYPE": "Station", "LOCATION": "Dr Annie Basent Road, Worli, Wroli Shivaji Nagar, Mumbai-400030.", "BRD_LINE_NO": "24691420", "CNTRL_ROOM_NO": "24932388", "TYPE_CONSTRUCT": null, "YEAR_CONSTRUCT": null, "NO_FLOOR": null, "NO_ROOMS": null, "NO_COM_TOILET": null, "NO_GEN_TOILET": null, "NO_LAD_TOILET": null, "BATHROOM_FAC": null, "RAMP_DISABLED": null, "OPEN_SPACE": null, "REMARKS": "Vinay Pandharinath Kulkarni 9870555469worlipolicestation@mtnl.net.in", "EDUPDATEUSER": "Patil Sunanda Raghunath", "EDUPDATETIME": 1608942020000, "CREATED_USER": "DMMASTER", "CREATED_DATE": 1479825702000, "LAST_EDITED_USER": "DMMASTER@PRSRVGISDB.MUMBASE.MCGM.GOV.IN", "LAST_EDITED_DATE": 1648530715000, "HEIGHT_TO_MSL": null, "WATER_TANK_CAPA": null, "SYMMETRIC": null, "GROUND": null, "NO_BASEMENT": null, "NO_HALL_AUD": null, "SEAT_CAPACITY": null, "NO_WATER_TANK": null, "NO_ELEVATOR": null, "PAS": null, "CCTV_SERVE": null, "STRUCTURAL_AUDIT": null, "FIRE_EXTING_SYS": null, "FIRE_AUDIT": null, "CENTRALIZED_AC": null, "DISPLAY_BOARD": null, "HAZ_MAT": null, "ALT_ELEC": null, "WARD": "G/S", "ELEVATOR_CONTACT_LIST": null, "ELEVATOR_INTERCOM": null, "WORKING_HRS": null, "EMPLOYEE_QTY": null, "EMPLOYEE_MALE": null, "EMPLOYEE_FEMALE": null, "EMPLOYEE_DIF_ABLE": null, "WORKING_HRS_STR": null, "WORKING_HRS_STP": null, "_source": "MCGM ArcGIS FeatureServer (official)"}}, {"type": "Feature", "id": 15, "geometry": {"type": "Point", "coordinates": [72.829787304, 19.122193683]}, "properties": {"OBJECTID": 15, "FEATUREID": "PS10000010641", "NAME": "D N Nagar Police Station", "TYPE": 1, "SUBTYPE": "Station", "LOCATION": "New Link Road, Shiv Nagar, D N Nagar, Andheri (W) Mumbai 400058.", "BRD_LINE_NO": "26304002, 9011097248", "CNTRL_ROOM_NO": "26304001", "TYPE_CONSTRUCT": "RCC", "YEAR_CONSTRUCT": null, "NO_FLOOR": null, "NO_ROOMS": null, "NO_COM_TOILET": null, "NO_GEN_TOILET": null, "NO_LAD_TOILET": null, "BATHROOM_FAC": null, "RAMP_DISABLED": null, "OPEN_SPACE": null, "REMARKS": null, "EDUPDATEUSER": null, "EDUPDATETIME": null, "CREATED_USER": "DMMASTER", "CREATED_DATE": 1479825702000, "LAST_EDITED_USER": "DMMASTER@PRSRVGISDB.MUMBASE.MCGM.GOV.IN", "LAST_EDITED_DATE": 1648533320000, "HEIGHT_TO_MSL": null, "WATER_TANK_CAPA": null, "SYMMETRIC": null, "GROUND": null, "NO_BASEMENT": null, "NO_HALL_AUD": null, "SEAT_CAPACITY": null, "NO_WATER_TANK": null, "NO_ELEVATOR": null, "PAS": null, "CCTV_SERVE": null, "STRUCTURAL_AUDIT": null, "FIRE_EXTING_SYS": null, "FIRE_AUDIT": null, "CENTRALIZED_AC": null, "DISPLAY_BOARD": null, "HAZ_MAT": null, "ALT_ELEC": null, "WARD": "K/W", "ELEVATOR_CONTACT_LIST": null, "ELEVATOR_INTERCOM": null, "WORKING_HRS": null, "EMPLOYEE_QTY": null, "EMPLOYEE_MALE": null, "EMPLOYEE_FEMALE": null, "EMPLOYEE_DIF_ABLE": null, "WORKING_HRS_STR": null, "WORKING_HRS_STP": null, "_source": "MCGM ArcGIS FeatureServer (official)"}}, {"type": "Feature", "id": 16, "geometry": {"type": "Point", "coordinates": [72.8544366180001, 19.1377406120001]}, "properties": {"OBJECTID": 16, "FEATUREID": "PS17272800048", "NAME": "Jogeshwari Police Station", "TYPE": 1, "SUBTYPE": "Station", "LOCATION": "Swami compound, Caves Road, Jogeshwari (East), Mumbai - 400060.  ", "BRD_LINE_NO": "28210763", "CNTRL_ROOM_NO": "28221672, \n26366871", "TYPE_CONSTRUCT": null, "YEAR_CONSTRUCT": null, "NO_FLOOR": null, "NO_ROOMS": null, "NO_COM_TOILET": null, "NO_GEN_TOILET": null, "NO_LAD_TOILET": null, "BATHROOM_FAC": null, "RAMP_DISABLED": null, "OPEN_SPACE": null, "REMARKS": "Pradeep Baburao Kale  9870458236\njogeshwaripolicestation@mtnl.net.in", "EDUPDATEUSER": null, "EDUPDATETIME": null, "CREATED_USER": "DMMASTER", "CREATED_DATE": 1479825702000, "LAST_EDITED_USER": "DMMASTER", "LAST_EDITED_DATE": 1566308601000, "HEIGHT_TO_MSL": null, "WATER_TANK_CAPA": null, "SYMMETRIC": null, "GROUND": null, "NO_BASEMENT": null, "NO_HALL_AUD": null, "SEAT_CAPACITY": null, "NO_WATER_TANK": null, "NO_ELEVATOR": null, "PAS": null, "CCTV_SERVE": null, "STRUCTURAL_AUDIT": null, "FIRE_EXTING_SYS": null, "FIRE_AUDIT": null, "CENTRALIZED_AC": null, "DISPLAY_BOARD": null, "HAZ_MAT": null, "ALT_ELEC": null, "WARD": "K/E", "ELEVATOR_CONTACT_LIST": null, "ELEVATOR_INTERCOM": null, "WORKING_HRS": null, "EMPLOYEE_QTY": null, "EMPLOYEE_MALE": null, "EMPLOYEE_FEMALE": null, "EMPLOYEE_DIF_ABLE": null, "WORKING_HRS_STR": null, "WORKING_HRS_STP": null, "_source": "MCGM ArcGIS FeatureServer (official)"}}, {"type": "Feature", "id": 17, "geometry": {"type": "Point", "coordinates": [72.8701949920001, 19.0999267670001]}, "properties": {"OBJECTID": 17, "FEATUREID": "PS18238600049", "NAME": "Sahar Police Station", "TYPE": 1, "SUBTYPE": "Station", "LOCATION": "Sahar Indian Olil Road, Opp. Hotel Hayyat Regency, Sahar Airport Road, Andheri (E), Mumbai - 400099. ", "BRD_LINE_NO": "28258783", "CNTRL_ROOM_NO": "28258784, \n28258785", "TYPE_CONSTRUCT": null, "YEAR_CONSTRUCT": null, "NO_FLOOR": null, "NO_ROOMS": null, "NO_COM_TOILET": null, "NO_GEN_TOILET": null, "NO_LAD_TOILET": null, "BATHROOM_FAC": null, "RAMP_DISABLED": null, "OPEN_SPACE": null, "REMARKS": "Prashant Kashinath Marde 9870175255\nsaharpolicestation@mtnl.net.in", "EDUPDATEUSER": null, "EDUPDATETIME": null, "CREATED_USER": "DMMASTER", "CREATED_DATE": 1479825702000, "LAST_EDITED_USER": "DMMASTER", "LAST_EDITED_DATE": 1566308532000, "HEIGHT_TO_MSL": null, "WATER_TANK_CAPA": null, "SYMMETRIC": null, "GROUND": null, "NO_BASEMENT": null, "NO_HALL_AUD": null, "SEAT_CAPACITY": null, "NO_WATER_TANK": null, "NO_ELEVATOR": null, "PAS": null, "CCTV_SERVE": null, "STRUCTURAL_AUDIT": null, "FIRE_EXTING_SYS": null, "FIRE_AUDIT": null, "CENTRALIZED_AC": null, "DISPLAY_BOARD": null, "HAZ_MAT": null, "ALT_ELEC": null, "WARD": "K/E", "ELEVATOR_CONTACT_LIST": null, "ELEVATOR_INTERCOM": null, "WORKING_HRS": null, "EMPLOYEE_QTY": null, "EMPLOYEE_MALE": null, "EMPLOYEE_FEMALE": null, "EMPLOYEE_DIF_ABLE": null, "WORKING_HRS_STR": null, "WORKING_HRS_STP": null, "_source": "MCGM ArcGIS FeatureServer (official)"}}, {"type": "Feature", "id": 18, "geometry": {"type": "Point", "coordinates": [72.8750380000001, 19.033083]}, "properties": {"OBJECTID": 18, "FEATUREID": "PS19163200011", "NAME": "Wadala T.T. Police Station", "TYPE": 1, "SUBTYPE": "Station", "LOCATION": "Wadala Truck Treminal, MMRDA Compound, Near R.T.O. Office, Wadala (E), Mumbai- 400037. ", "BRD_LINE_NO": "24036645", "CNTRL_ROOM_NO": "24036495", "TYPE_CONSTRUCT": null, "YEAR_CONSTRUCT": null, "NO_FLOOR": null, "NO_ROOMS": null, "NO_COM_TOILET": null, "NO_GEN_TOILET": null, "NO_LAD_TOILET": null, "BATHROOM_FAC": null, "RAMP_DISABLED": null, "OPEN_SPACE": null, "REMARKS": "Suhas Sampatrao Garud 9850810681 wttpolicestation@mtnl.net.in", "EDUPDATEUSER": "Ajit N Deshmukh", "EDUPDATETIME": 1445731200000, "CREATED_USER": "DMMASTER", "CREATED_DATE": 1479825702000, "LAST_EDITED_USER": "DMMASTER", "LAST_EDITED_DATE": 1566308469000, "HEIGHT_TO_MSL": null, "WATER_TANK_CAPA": null, "SYMMETRIC": null, "GROUND": null, "NO_BASEMENT": null, "NO_HALL_AUD": null, "SEAT_CAPACITY": null, "NO_WATER_TANK": null, "NO_ELEVATOR": null, "PAS": null, "CCTV_SERVE": null, "STRUCTURAL_AUDIT": null, "FIRE_EXTING_SYS": null, "FIRE_AUDIT": null, "CENTRALIZED_AC": null, "DISPLAY_BOARD": null, "HAZ_MAT": null, "ALT_ELEC": null, "WARD": "F/N", "ELEVATOR_CONTACT_LIST": null, "ELEVATOR_INTERCOM": null, "WORKING_HRS": null, "EMPLOYEE_QTY": null, "EMPLOYEE_MALE": null, "EMPLOYEE_FEMALE": null, "EMPLOYEE_DIF_ABLE": null, "WORKING_HRS_STR": null, "WORKING_HRS_STP": null, "_source": "MCGM ArcGIS FeatureServer (official)"}}, {"type": "Feature", "id": 19, "geometry": {"type": "Point", "coordinates": [72.8439134210001, 19.006691393]}, "properties": {"OBJECTID": 19, "FEATUREID": "PS15139300020", "NAME": "Bhoiwada Police Station", "TYPE": 1, "SUBTYPE": "Station", "LOCATION": "Bhoiwada, Opp. Sadakant Dhavan Khashaba Jadhav Marg, Parel, Mumbai-14. ", "BRD_LINE_NO": "24144220", "CNTRL_ROOM_NO": "24185637, 24181759\n", "TYPE_CONSTRUCT": null, "YEAR_CONSTRUCT": null, "NO_FLOOR": null, "NO_ROOMS": null, "NO_COM_TOILET": null, "NO_GEN_TOILET": null, "NO_LAD_TOILET": null, "BATHROOM_FAC": null, "RAMP_DISABLED": null, "OPEN_SPACE": null, "REMARKS": "Shirish Sawant  9870492753\nbhoiwadapolicestn@mtnl.net.in", "EDUPDATEUSER": "Ajit N Deshmukh", "EDUPDATETIME": 1445731200000, "CREATED_USER": "DMMASTER", "CREATED_DATE": 1479825702000, "LAST_EDITED_USER": "DMMASTER", "LAST_EDITED_DATE": 1566308542000, "HEIGHT_TO_MSL": null, "WATER_TANK_CAPA": null, "SYMMETRIC": null, "GROUND": null, "NO_BASEMENT": null, "NO_HALL_AUD": null, "SEAT_CAPACITY": null, "NO_WATER_TANK": null, "NO_ELEVATOR": null, "PAS": null, "CCTV_SERVE": null, "STRUCTURAL_AUDIT": null, "FIRE_EXTING_SYS": null, "FIRE_AUDIT": null, "CENTRALIZED_AC": null, "DISPLAY_BOARD": null, "HAZ_MAT": null, "ALT_ELEC": null, "WARD": "F/S", "ELEVATOR_CONTACT_LIST": null, "ELEVATOR_INTERCOM": null, "WORKING_HRS": null, "EMPLOYEE_QTY": null, "EMPLOYEE_MALE": null, "EMPLOYEE_FEMALE": null, "EMPLOYEE_DIF_ABLE": null, "WORKING_HRS_STR": null, "WORKING_HRS_STP": null, "_source": "MCGM ArcGIS FeatureServer (official)"}}, {"type": "Feature", "id": 20, "geometry": {"type": "Point", "coordinates": [72.854344283, 19.0047508750001]}, "properties": {"OBJECTID": 20, "FEATUREID": "PS16126500022", "NAME": "Rafi Ahmed Kidwai Marg Police Station", "TYPE": 1, "SUBTYPE": "Station", "LOCATION": "Kidwai Nagar, Wadala, Mumbai - 400031. ", "BRD_LINE_NO": "24185618", "CNTRL_ROOM_NO": "24184375, \n24186836", "TYPE_CONSTRUCT": null, "YEAR_CONSTRUCT": null, "NO_FLOOR": null, "NO_ROOMS": null, "NO_COM_TOILET": null, "NO_GEN_TOILET": null, "NO_LAD_TOILET": null, "BATHROOM_FAC": null, "RAMP_DISABLED": null, "OPEN_SPACE": null, "REMARKS": "Arun Vithhal Inarkar   9870150140  rakmargpolicestation@mtnl.net.in", "EDUPDATEUSER": "Ajit N Deshmukh", "EDUPDATETIME": 1445731200000, "CREATED_USER": "DMMASTER", "CREATED_DATE": 1479825702000, "LAST_EDITED_USER": "DMMASTER", "LAST_EDITED_DATE": 1566308475000, "HEIGHT_TO_MSL": null, "WATER_TANK_CAPA": null, "SYMMETRIC": null, "GROUND": null, "NO_BASEMENT": null, "NO_HALL_AUD": null, "SEAT_CAPACITY": null, "NO_WATER_TANK": null, "NO_ELEVATOR": null, "PAS": null, "CCTV_SERVE": null, "STRUCTURAL_AUDIT": null, "FIRE_EXTING_SYS": null, "FIRE_AUDIT": null, "CENTRALIZED_AC": null, "DISPLAY_BOARD": null, "HAZ_MAT": null, "ALT_ELEC": null, "WARD": "F/S", "ELEVATOR_CONTACT_LIST": null, "ELEVATOR_INTERCOM": null, "WORKING_HRS": null, "EMPLOYEE_QTY": null, "EMPLOYEE_MALE": null, "EMPLOYEE_FEMALE": null, "EMPLOYEE_DIF_ABLE": null, "WORKING_HRS_STR": null, "WORKING_HRS_STP": null, "_source": "MCGM ArcGIS FeatureServer (official)"}}, {"type": "Feature", "id": 21, "geometry": null, "properties": {"OBJECTID": 21, "FEATUREID": "PS15153700025", "NAME": "Shivaji Park Police Station", "TYPE": 1, "SUBTYPE": "Station", "LOCATION": "Ram Niwas, Ram Maruti Road, Dadar (W),  Mumbai-400028.", "BRD_LINE_NO": "24229059", "CNTRL_ROOM_NO": "24229059", "TYPE_CONSTRUCT": null, "YEAR_CONSTRUCT": null, "NO_FLOOR": null, "NO_ROOMS": null, "NO_COM_TOILET": null, "NO_GEN_TOILET": null, "NO_LAD_TOILET": null, "BATHROOM_FAC": null, "RAMP_DISABLED": null, "OPEN_SPACE": null, "REMARKS": "Shri. Satish Kasbe, 9821119321 shivajiparkpolicestation@mtnl.net.in", "EDUPDATEUSER": "PATIL SIDDHI KAPIL", "EDUPDATETIME": 1683117166000, "CREATED_USER": "DMMASTER", "CREATED_DATE": 1479825702000, "LAST_EDITED_USER": "DMMASTER", "LAST_EDITED_DATE": 1566308606000, "HEIGHT_TO_MSL": null, "WATER_TANK_CAPA": null, "SYMMETRIC": null, "GROUND": null, "NO_BASEMENT": null, "NO_HALL_AUD": null, "SEAT_CAPACITY": null, "NO_WATER_TANK": null, "NO_ELEVATOR": null, "PAS": null, "CCTV_SERVE": null, "STRUCTURAL_AUDIT": null, "FIRE_EXTING_SYS": null, "FIRE_AUDIT": null, "CENTRALIZED_AC": null, "DISPLAY_BOARD": null, "HAZ_MAT": null, "ALT_ELEC": null, "WARD": null, "ELEVATOR_CONTACT_LIST": null, "ELEVATOR_INTERCOM": null, "WORKING_HRS": null, "EMPLOYEE_QTY": null, "EMPLOYEE_MALE": null, "EMPLOYEE_FEMALE": null, "EMPLOYEE_DIF_ABLE": null, "WORKING_HRS_STR": null, "WORKING_HRS_STP": null, "_source": "MCGM ArcGIS FeatureServer (official)"}}, {"type": "Feature", "id": 22, "geometry": null, "properties": {"OBJECTID": 22, "FEATUREID": "PS15175300026", "NAME": "Mahim Police Station", "TYPE": 1, "SUBTYPE": "Station", "LOCATION": "1 HMA Faqir St., The Mahim Makarand CHS, Mahim (W) Mumbai-400016.", "BRD_LINE_NO": "24449821", "CNTRL_ROOM_NO": "24453833", "TYPE_CONSTRUCT": null, "YEAR_CONSTRUCT": null, "NO_FLOOR": null, "NO_ROOMS": null, "NO_COM_TOILET": null, "NO_GEN_TOILET": null, "NO_LAD_TOILET": null, "BATHROOM_FAC": null, "RAMP_DISABLED": null, "OPEN_SPACE": null, "REMARKS": "Shudhakar Shirshat 8108522311 mahimpolicestation@mtnl.net.in", "EDUPDATEUSER": "PATIL SIDDHI KAPIL", "EDUPDATETIME": 1683118193000, "CREATED_USER": "DMMASTER", "CREATED_DATE": 1479825702000, "LAST_EDITED_USER": "DMMASTER", "LAST_EDITED_DATE": 1566308501000, "HEIGHT_TO_MSL": null, "WATER_TANK_CAPA": null, "SYMMETRIC": null, "GROUND": null, "NO_BASEMENT": null, "NO_HALL_AUD": null, "SEAT_CAPACITY": null, "NO_WATER_TANK": null, "NO_ELEVATOR": null, "PAS": null, "CCTV_SERVE": null, "STRUCTURAL_AUDIT": null, "FIRE_EXTING_SYS": null, "FIRE_AUDIT": null, "CENTRALIZED_AC": null, "DISPLAY_BOARD": null, "HAZ_MAT": null, "ALT_ELEC": null, "WARD": null, "ELEVATOR_CONTACT_LIST": null, "ELEVATOR_INTERCOM": null, "WORKING_HRS": null, "EMPLOYEE_QTY": null, "EMPLOYEE_MALE": null, "EMPLOYEE_FEMALE": null, "EMPLOYEE_DIF_ABLE": null, "WORKING_HRS_STR": null, "WORKING_HRS_STP": null, "_source": "MCGM ArcGIS FeatureServer (official)"}}, {"type": "Feature", "id": 23, "geometry": null, "properties": {"OBJECTID": 23, "FEATUREID": "PS17174400027", "NAME": "Dharavi Police Station", "TYPE": 1, "SUBTYPE": "Station", "LOCATION": "Rajiv Gandhi Nagar, Transit Camp, 90 Feet Road, Dharavi,Mumbai-400017.", "BRD_LINE_NO": "24074368", "CNTRL_ROOM_NO": "24073988", "TYPE_CONSTRUCT": null, "YEAR_CONSTRUCT": null, "NO_FLOOR": null, "NO_ROOMS": null, "NO_COM_TOILET": null, "NO_GEN_TOILET": null, "NO_LAD_TOILET": null, "BATHROOM_FAC": null, "RAMP_DISABLED": null, "OPEN_SPACE": null, "REMARKS": "Shri.Vijay Kandalgoankar 8108999509 dharavipolicestation@mtnl.net.in", "EDUPDATEUSER": "PATIL SIDDHI KAPIL", "EDUPDATETIME": 1683118295000, "CREATED_USER": "DMMASTER", "CREATED_DATE": 1479825702000, "LAST_EDITED_USER": "DMMASTER", "LAST_EDITED_DATE": 1566308592000, "HEIGHT_TO_MSL": null, "WATER_TANK_CAPA": null, "SYMMETRIC": null, "GROUND": null, "NO_BASEMENT": null, "NO_HALL_AUD": null, "SEAT_CAPACITY": null, "NO_WATER_TANK": null, "NO_ELEVATOR": null, "PAS": null, "CCTV_SERVE": null, "STRUCTURAL_AUDIT": null, "FIRE_EXTING_SYS": null, "FIRE_AUDIT": null, "CENTRALIZED_AC": null, "DISPLAY_BOARD": null, "HAZ_MAT": null, "ALT_ELEC": null, "WARD": null, "ELEVATOR_CONTACT_LIST": null, "ELEVATOR_INTERCOM": null, "WORKING_HRS": null, "EMPLOYEE_QTY": null, "EMPLOYEE_MALE": null, "EMPLOYEE_FEMALE": null, "EMPLOYEE_DIF_ABLE": null, "WORKING_HRS_STR": null, "WORKING_HRS_STP": null, "_source": "MCGM ArcGIS FeatureServer (official)"}}, {"type": "Feature", "id": 24, "geometry": {"type": "Point", "coordinates": [72.849051, 18.9782440000001]}, "properties": {"OBJECTID": 24, "FEATUREID": "PS16109600001", "NAME": "Sewree Police Station", "TYPE": 1, "SUBTYPE": "Station", "LOCATION": "Ray Road, Darukhana, Sewree, Mumbai-400010.", "BRD_LINE_NO": "23716139", "CNTRL_ROOM_NO": "23716139, 23758163", "TYPE_CONSTRUCT": null, "YEAR_CONSTRUCT": null, "NO_FLOOR": null, "NO_ROOMS": null, "NO_COM_TOILET": null, "NO_GEN_TOILET": null, "NO_LAD_TOILET": null, "BATHROOM_FAC": null, "RAMP_DISABLED": null, "OPEN_SPACE": null, "REMARKS": "Sr. PI - Shri. Bharat Gaijwad, Mobile No.- 8097007662 sewripolicestation@mtnl.net.in", "EDUPDATEUSER": "Ajit N Deshmukh", "EDUPDATETIME": 1445731200000, "CREATED_USER": "DMMASTER", "CREATED_DATE": 1479825702000, "LAST_EDITED_USER": "DMMASTER", "LAST_EDITED_DATE": 1566308537000, "HEIGHT_TO_MSL": null, "WATER_TANK_CAPA": null, "SYMMETRIC": null, "GROUND": null, "NO_BASEMENT": null, "NO_HALL_AUD": null, "SEAT_CAPACITY": null, "NO_WATER_TANK": null, "NO_ELEVATOR": null, "PAS": null, "CCTV_SERVE": null, "STRUCTURAL_AUDIT": null, "FIRE_EXTING_SYS": null, "FIRE_AUDIT": null, "CENTRALIZED_AC": null, "DISPLAY_BOARD": null, "HAZ_MAT": null, "ALT_ELEC": null, "WARD": "F/S", "ELEVATOR_CONTACT_LIST": null, "ELEVATOR_INTERCOM": null, "WORKING_HRS": null, "EMPLOYEE_QTY": null, "EMPLOYEE_MALE": null, "EMPLOYEE_FEMALE": null, "EMPLOYEE_DIF_ABLE": null, "WORKING_HRS_STR": null, "WORKING_HRS_STP": null, "_source": "MCGM ArcGIS FeatureServer (official)"}}, {"type": "Feature", "id": 25, "geometry": {"type": "Point", "coordinates": [72.9159320000001, 19.1030220000001]}, "properties": {"OBJECTID": 25, "FEATUREID": "PS23237900074", "NAME": "Police Station-2323790001073", "TYPE": 1, "SUBTYPE": "Station", "LOCATION": null, "BRD_LINE_NO": null, "CNTRL_ROOM_NO": null, "TYPE_CONSTRUCT": null, "YEAR_CONSTRUCT": null, "NO_FLOOR": null, "NO_ROOMS": null, "NO_COM_TOILET": null, "NO_GEN_TOILET": null, "NO_LAD_TOILET": null, "BATHROOM_FAC": null, "RAMP_DISABLED": null, "OPEN_SPACE": null, "REMARKS": null, "EDUPDATEUSER": null, "EDUPDATETIME": null, "CREATED_USER": "DMMASTER", "CREATED_DATE": 1479825702000, "LAST_EDITED_USER": "DMMASTER", "LAST_EDITED_DATE": 1598154646000, "HEIGHT_TO_MSL": null, "WATER_TANK_CAPA": null, "SYMMETRIC": null, "GROUND": null, "NO_BASEMENT": null, "NO_HALL_AUD": null, "SEAT_CAPACITY": null, "NO_WATER_TANK": null, "NO_ELEVATOR": null, "PAS": null, "CCTV_SERVE": null, "STRUCTURAL_AUDIT": null, "FIRE_EXTING_SYS": null, "FIRE_AUDIT": null, "CENTRALIZED_AC": null, "DISPLAY_BOARD": null, "HAZ_MAT": null, "ALT_ELEC": null, "WARD": "N", "ELEVATOR_CONTACT_LIST": null, "ELEVATOR_INTERCOM": null, "WORKING_HRS": null, "EMPLOYEE_QTY": null, "EMPLOYEE_MALE": null, "EMPLOYEE_FEMALE": null, "EMPLOYEE_DIF_ABLE": null, "WORKING_HRS_STR": null, "WORKING_HRS_STP": null, "_source": "MCGM ArcGIS FeatureServer (official)"}}, {"type": "Feature", "id": 26, "geometry": null, "properties": {"OBJECTID": 26, "FEATUREID": "PS22220200076", "NAME": "Ghatkopar Police Station", "TYPE": 1, "SUBTYPE": "Station", "LOCATION": "Chirag Nagar, L.B.S.Road, Ghatkopar (W),Mumbai-400086.  V. B. Patil 9702888891ghatkoparpstn@gmail.com", "BRD_LINE_NO": "25113256", "CNTRL_ROOM_NO": "25153543", "TYPE_CONSTRUCT": null, "YEAR_CONSTRUCT": null, "NO_FLOOR": null, "NO_ROOMS": null, "NO_COM_TOILET": null, "NO_GEN_TOILET": null, "NO_LAD_TOILET": null, "BATHROOM_FAC": null, "RAMP_DISABLED": null, "OPEN_SPACE": null, "REMARKS": null, "EDUPDATEUSER": "Rathod Savita Ghevarchand", "EDUPDATETIME": 1628211242000, "CREATED_USER": "DMMASTER", "CREATED_DATE": 1479825702000, "LAST_EDITED_USER": "DMMASTER", "LAST_EDITED_DATE": 1598154659000, "HEIGHT_TO_MSL": null, "WATER_TANK_CAPA": null, "SYMMETRIC": null, "GROUND": null, "NO_BASEMENT": null, "NO_HALL_AUD": null, "SEAT_CAPACITY": null, "NO_WATER_TANK": null, "NO_ELEVATOR": null, "PAS": null, "CCTV_SERVE": null, "STRUCTURAL_AUDIT": null, "FIRE_EXTING_SYS": null, "FIRE_AUDIT": null, "CENTRALIZED_AC": null, "DISPLAY_BOARD": null, "HAZ_MAT": null, "ALT_ELEC": null, "WARD": null, "ELEVATOR_CONTACT_LIST": null, "ELEVATOR_INTERCOM": null, "WORKING_HRS": null, "EMPLOYEE_QTY": null, "EMPLOYEE_MALE": null, "EMPLOYEE_FEMALE": null, "EMPLOYEE_DIF_ABLE": null, "WORKING_HRS_STR": null, "WORKING_HRS_STP": null, "_source": "MCGM ArcGIS FeatureServer (official)"}}, {"type": "Feature", "id": 27, "geometry": {"type": "Point", "coordinates": [72.826149, 18.9807030000001]}, "properties": {"OBJECTID": 27, "FEATUREID": "PS14100500005", "NAME": "Police Station-1410050000289", "TYPE": 1, "SUBTYPE": "Station", "LOCATION": null, "BRD_LINE_NO": null, "CNTRL_ROOM_NO": null, "TYPE_CONSTRUCT": null, "YEAR_CONSTRUCT": null, "NO_FLOOR": null, "NO_ROOMS": null, "NO_COM_TOILET": null, "NO_GEN_TOILET": null, "NO_LAD_TOILET": null, "BATHROOM_FAC": null, "RAMP_DISABLED": null, "OPEN_SPACE": null, "REMARKS": null, "EDUPDATEUSER": null, "EDUPDATETIME": null, "CREATED_USER": "DMMASTER", "CREATED_DATE": 1479825702000, "LAST_EDITED_USER": "DMMASTER", "LAST_EDITED_DATE": 1598154230000, "HEIGHT_TO_MSL": null, "WATER_TANK_CAPA": null, "SYMMETRIC": null, "GROUND": null, "NO_BASEMENT": null, "NO_HALL_AUD": null, "SEAT_CAPACITY": null, "NO_WATER_TANK": null, "NO_ELEVATOR": null, "PAS": null, "CCTV_SERVE": null, "STRUCTURAL_AUDIT": null, "FIRE_EXTING_SYS": null, "FIRE_AUDIT": null, "CENTRALIZED_AC": null, "DISPLAY_BOARD": null, "HAZ_MAT": null, "ALT_ELEC": null, "WARD": "E", "ELEVATOR_CONTACT_LIST": null, "ELEVATOR_INTERCOM": null, "WORKING_HRS": null, "EMPLOYEE_QTY": null, "EMPLOYEE_MALE": null, "EMPLOYEE_FEMALE": null, "EMPLOYEE_DIF_ABLE": null, "WORKING_HRS_STR": null, "WORKING_HRS_STP": null, "_source": "MCGM ArcGIS FeatureServer (official)"}}, {"type": "Feature", "id": 28, "geometry": {"type": "Point", "coordinates": [72.9374089040001, 19.1187618980001]}, "properties": {"OBJECTID": 28, "FEATUREID": "PS25259600077", "NAME": "Vikhroli Police Station", "TYPE": 1, "SUBTYPE": "Station", "LOCATION": "Kannamwar Nagar 2, Near Vikas College, Vikhroli (E), Mumbai-83. Dinesh Manikrao Desai 9594059444  vikhrolipstn@gmail.com", "BRD_LINE_NO": "25789366", "CNTRL_ROOM_NO": "25782240", "TYPE_CONSTRUCT": null, "YEAR_CONSTRUCT": null, "NO_FLOOR": null, "NO_ROOMS": null, "NO_COM_TOILET": null, "NO_GEN_TOILET": null, "NO_LAD_TOILET": null, "BATHROOM_FAC": null, "RAMP_DISABLED": null, "OPEN_SPACE": null, "REMARKS": null, "EDUPDATEUSER": null, "EDUPDATETIME": null, "CREATED_USER": "DMMASTER", "CREATED_DATE": 1479825702000, "LAST_EDITED_USER": "DMMASTER", "LAST_EDITED_DATE": 1598154666000, "HEIGHT_TO_MSL": null, "WATER_TANK_CAPA": null, "SYMMETRIC": null, "GROUND": null, "NO_BASEMENT": null, "NO_HALL_AUD": null, "SEAT_CAPACITY": null, "NO_WATER_TANK": null, "NO_ELEVATOR": null, "PAS": null, "CCTV_SERVE": null, "STRUCTURAL_AUDIT": null, "FIRE_EXTING_SYS": null, "FIRE_AUDIT": null, "CENTRALIZED_AC": null, "DISPLAY_BOARD": null, "HAZ_MAT": null, "ALT_ELEC": null, "WARD": "S", "ELEVATOR_CONTACT_LIST": null, "ELEVATOR_INTERCOM": null, "WORKING_HRS": null, "EMPLOYEE_QTY": null, "EMPLOYEE_MALE": null, "EMPLOYEE_FEMALE": null, "EMPLOYEE_DIF_ABLE": null, "WORKING_HRS_STR": null, "WORKING_HRS_STP": null, "_source": "MCGM ArcGIS FeatureServer (official)"}}, {"type": "Feature", "id": 29, "geometry": {"type": "Point", "coordinates": [72.8434862080001, 19.183469283]}, "properties": {"OBJECTID": 29, "FEATUREID": "PS16321900078", "NAME": "Malad Police Station", "TYPE": 1, "SUBTYPE": "Station", "LOCATION": "Malad Police Station, Somvar Bazar, Underai Road, Malad (west), Near S V Road, Mumbai - 400064.  Shashank Sandbhor   9870157955\nmaladpolicestation@mtnl.net.in", "BRD_LINE_NO": "28821482", "CNTRL_ROOM_NO": "28821147, \n24691915", "TYPE_CONSTRUCT": null, "YEAR_CONSTRUCT": null, "NO_FLOOR": null, "NO_ROOMS": null, "NO_COM_TOILET": null, "NO_GEN_TOILET": null, "NO_LAD_TOILET": null, "BATHROOM_FAC": null, "RAMP_DISABLED": null, "OPEN_SPACE": null, "REMARKS": "Re- Locate", "EDUPDATEUSER": null, "EDUPDATETIME": null, "CREATED_USER": "DMMASTER", "CREATED_DATE": 1479825702000, "LAST_EDITED_USER": "DMMASTER", "LAST_EDITED_DATE": 1598154673000, "HEIGHT_TO_MSL": null, "WATER_TANK_CAPA": null, "SYMMETRIC": null, "GROUND": null, "NO_BASEMENT": null, "NO_HALL_AUD": null, "SEAT_CAPACITY": null, "NO_WATER_TANK": null, "NO_ELEVATOR": null, "PAS": null, "CCTV_SERVE": null, "STRUCTURAL_AUDIT": null, "FIRE_EXTING_SYS": null, "FIRE_AUDIT": null, "CENTRALIZED_AC": null, "DISPLAY_BOARD": null, "HAZ_MAT": null, "ALT_ELEC": null, "WARD": "P/N", "ELEVATOR_CONTACT_LIST": null, "ELEVATOR_INTERCOM": null, "WORKING_HRS": null, "EMPLOYEE_QTY": null, "EMPLOYEE_MALE": null, "EMPLOYEE_FEMALE": null, "EMPLOYEE_DIF_ABLE": null, "WORKING_HRS_STR": null, "WORKING_HRS_STP": null, "_source": "MCGM ArcGIS FeatureServer (official)"}}, {"type": "Feature", "id": 30, "geometry": {"type": "Point", "coordinates": [72.859337, 19.1855350000001]}, "properties": {"OBJECTID": 30, "FEATUREID": "PS17338100079", "NAME": "Kurar Police Station", "TYPE": 1, "SUBTYPE": "Station", "LOCATION": "Shantaram Talao, Western Express Highway, Konkanipada, Malad (E), Mumbai-400097. Raghvendra Madanlal Thakur 9870236236 kurarpolicestation@mtnl.net.in", "BRD_LINE_NO": "28490444", "CNTRL_ROOM_NO": "28402911", "TYPE_CONSTRUCT": null, "YEAR_CONSTRUCT": null, "NO_FLOOR": null, "NO_ROOMS": null, "NO_COM_TOILET": null, "NO_GEN_TOILET": null, "NO_LAD_TOILET": null, "BATHROOM_FAC": null, "RAMP_DISABLED": null, "OPEN_SPACE": null, "REMARKS": null, "EDUPDATEUSER": null, "EDUPDATETIME": null, "CREATED_USER": "DMMASTER", "CREATED_DATE": 1479825702000, "LAST_EDITED_USER": "DMMASTER", "LAST_EDITED_DATE": 1598154683000, "HEIGHT_TO_MSL": null, "WATER_TANK_CAPA": null, "SYMMETRIC": null, "GROUND": null, "NO_BASEMENT": null, "NO_HALL_AUD": null, "SEAT_CAPACITY": null, "NO_WATER_TANK": null, "NO_ELEVATOR": null, "PAS": null, "CCTV_SERVE": null, "STRUCTURAL_AUDIT": null, "FIRE_EXTING_SYS": null, "FIRE_AUDIT": null, "CENTRALIZED_AC": null, "DISPLAY_BOARD": null, "HAZ_MAT": null, "ALT_ELEC": null, "WARD": "P/N", "ELEVATOR_CONTACT_LIST": null, "ELEVATOR_INTERCOM": null, "WORKING_HRS": null, "EMPLOYEE_QTY": null, "EMPLOYEE_MALE": null, "EMPLOYEE_FEMALE": null, "EMPLOYEE_DIF_ABLE": null, "WORKING_HRS_STR": null, "WORKING_HRS_STP": null, "_source": "MCGM ArcGIS FeatureServer (official)"}}, {"type": "Feature", "id": 31, "geometry": {"type": "Point", "coordinates": [72.8221970000001, 19.191673]}, "properties": {"OBJECTID": 31, "FEATUREID": "PS13339900082", "NAME": "Malwani Police Station", "TYPE": 1, "SUBTYPE": "Station  ", "LOCATION": "Gate No.5, Shahid Abdul Hamid Marg, Malwani, Malad (W), Mumbai- 400095.  Milind Khetle 9821592487 malvanipolicestation@mtnl.net.in", "BRD_LINE_NO": "28810048", "CNTRL_ROOM_NO": "28827557", "TYPE_CONSTRUCT": null, "YEAR_CONSTRUCT": null, "NO_FLOOR": null, "NO_ROOMS": null, "NO_COM_TOILET": null, "NO_GEN_TOILET": null, "NO_LAD_TOILET": null, "BATHROOM_FAC": null, "RAMP_DISABLED": null, "OPEN_SPACE": null, "REMARKS": null, "EDUPDATEUSER": null, "EDUPDATETIME": null, "CREATED_USER": "DMMASTER", "CREATED_DATE": 1479825702000, "LAST_EDITED_USER": "DMMASTER", "LAST_EDITED_DATE": 1598154718000, "HEIGHT_TO_MSL": null, "WATER_TANK_CAPA": null, "SYMMETRIC": null, "GROUND": null, "NO_BASEMENT": null, "NO_HALL_AUD": null, "SEAT_CAPACITY": null, "NO_WATER_TANK": null, "NO_ELEVATOR": null, "PAS": null, "CCTV_SERVE": null, "STRUCTURAL_AUDIT": null, "FIRE_EXTING_SYS": null, "FIRE_AUDIT": null, "CENTRALIZED_AC": null, "DISPLAY_BOARD": null, "HAZ_MAT": null, "ALT_ELEC": null, "WARD": "P/N", "ELEVATOR_CONTACT_LIST": null, "ELEVATOR_INTERCOM": null, "WORKING_HRS": null, "EMPLOYEE_QTY": null, "EMPLOYEE_MALE": null, "EMPLOYEE_FEMALE": null, "EMPLOYEE_DIF_ABLE": null, "WORKING_HRS_STR": null, "WORKING_HRS_STP": null, "_source": "MCGM ArcGIS FeatureServer (official)"}}, {"type": "Feature", "id": 32, "geometry": {"type": "Point", "coordinates": [72.8448145240001, 19.183797714]}, "properties": {"OBJECTID": 32, "FEATUREID": "PS16333000083", "NAME": "Bangur Nagar Police Station", "TYPE": 1, "SUBTYPE": "Station", "LOCATION": "Malad Police Station Compound, Underai Road, Malad (W), Mumbai - 400064.  Santosh Dyaneshwar Bhandare 9870474901\nbangurnagarpolicestn@mtnl.net.in", "BRD_LINE_NO": "28810142", "CNTRL_ROOM_NO": "28210142", "TYPE_CONSTRUCT": null, "YEAR_CONSTRUCT": null, "NO_FLOOR": null, "NO_ROOMS": null, "NO_COM_TOILET": null, "NO_GEN_TOILET": null, "NO_LAD_TOILET": null, "BATHROOM_FAC": null, "RAMP_DISABLED": null, "OPEN_SPACE": null, "REMARKS": null, "EDUPDATEUSER": null, "EDUPDATETIME": null, "CREATED_USER": "DMMASTER", "CREATED_DATE": 1479825702000, "LAST_EDITED_USER": "DMMASTER", "LAST_EDITED_DATE": 1598154723000, "HEIGHT_TO_MSL": null, "WATER_TANK_CAPA": null, "SYMMETRIC": null, "GROUND": null, "NO_BASEMENT": null, "NO_HALL_AUD": null, "SEAT_CAPACITY": null, "NO_WATER_TANK": null, "NO_ELEVATOR": null, "PAS": null, "CCTV_SERVE": null, "STRUCTURAL_AUDIT": null, "FIRE_EXTING_SYS": null, "FIRE_AUDIT": null, "CENTRALIZED_AC": null, "DISPLAY_BOARD": null, "HAZ_MAT": null, "ALT_ELEC": null, "WARD": "P/N", "ELEVATOR_CONTACT_LIST": null, "ELEVATOR_INTERCOM": null, "WORKING_HRS": null, "EMPLOYEE_QTY": null, "EMPLOYEE_MALE": null, "EMPLOYEE_FEMALE": null, "EMPLOYEE_DIF_ABLE": null, "WORKING_HRS_STR": null, "WORKING_HRS_STP": null, "_source": "MCGM ArcGIS FeatureServer (official)"}}, {"type": "Feature", "id": 33, "geometry": {"type": "Point", "coordinates": [72.845757, 19.15729]}, "properties": {"OBJECTID": 33, "FEATUREID": "PS16303000084", "NAME": "Goregaon Police Station", "TYPE": 1, "SUBTYPE": "Station", "LOCATION": "S.V.Road, Near Cinemax Theatre, Goregaon\n(West), Mumbai - 400062.  Sunil Dattatray Wadke 9892097890 goregaonpolicestation@mtnl.net.in\ngoregaonpolice@gmail.com", "BRD_LINE_NO": "28723252", "CNTRL_ROOM_NO": "28703252", "TYPE_CONSTRUCT": null, "YEAR_CONSTRUCT": null, "NO_FLOOR": null, "NO_ROOMS": null, "NO_COM_TOILET": null, "NO_GEN_TOILET": null, "NO_LAD_TOILET": null, "BATHROOM_FAC": null, "RAMP_DISABLED": null, "OPEN_SPACE": null, "REMARKS": null, "EDUPDATEUSER": null, "EDUPDATETIME": null, "CREATED_USER": "DMMASTER", "CREATED_DATE": 1479825702000, "LAST_EDITED_USER": "DMMASTER", "LAST_EDITED_DATE": 1598154744000, "HEIGHT_TO_MSL": null, "WATER_TANK_CAPA": null, "SYMMETRIC": null, "GROUND": null, "NO_BASEMENT": null, "NO_HALL_AUD": null, "SEAT_CAPACITY": null, "NO_WATER_TANK": null, "NO_ELEVATOR": null, "PAS": null, "CCTV_SERVE": null, "STRUCTURAL_AUDIT": null, "FIRE_EXTING_SYS": null, "FIRE_AUDIT": null, "CENTRALIZED_AC": null, "DISPLAY_BOARD": null, "HAZ_MAT": null, "ALT_ELEC": null, "WARD": "P/S", "ELEVATOR_CONTACT_LIST": null, "ELEVATOR_INTERCOM": null, "WORKING_HRS": null, "EMPLOYEE_QTY": null, "EMPLOYEE_MALE": null, "EMPLOYEE_FEMALE": null, "EMPLOYEE_DIF_ABLE": null, "WORKING_HRS_STR": null, "WORKING_HRS_STP": null, "_source": "MCGM ArcGIS FeatureServer (official)"}}, {"type": "Feature", "id": 34, "geometry": {"type": "Point", "coordinates": [72.8206710000001, 19.214643]}, "properties": {"OBJECTID": 34, "FEATUREID": "PS13368400102", "NAME": "Charkop Police Station", "TYPE": 1, "SUBTYPE": "Station", "LOCATION": "C.T.S. No. 03 A,Plot No.150, 152,153,155, R.D.P. 1, Netaji Subhashchandra Bose Marg, Charkop, Kandivali (w), Mumbai - 400067.  Ramchandra T. Gaikwad  9870241424 charkoppolicestation@mtnl.net.in", "BRD_LINE_NO": "28682211", "CNTRL_ROOM_NO": "28676583, \n28676581", "TYPE_CONSTRUCT": null, "YEAR_CONSTRUCT": null, "NO_FLOOR": null, "NO_ROOMS": null, "NO_COM_TOILET": null, "NO_GEN_TOILET": null, "NO_LAD_TOILET": null, "BATHROOM_FAC": null, "RAMP_DISABLED": null, "OPEN_SPACE": null, "REMARKS": null, "EDUPDATEUSER": null, "EDUPDATETIME": null, "CREATED_USER": "DMMASTER", "CREATED_DATE": 1479825702000, "LAST_EDITED_USER": "DMMASTER", "LAST_EDITED_DATE": 1598154794000, "HEIGHT_TO_MSL": null, "WATER_TANK_CAPA": null, "SYMMETRIC": null, "GROUND": null, "NO_BASEMENT": null, "NO_HALL_AUD": null, "SEAT_CAPACITY": null, "NO_WATER_TANK": null, "NO_ELEVATOR": null, "PAS": null, "CCTV_SERVE": null, "STRUCTURAL_AUDIT": null, "FIRE_EXTING_SYS": null, "FIRE_AUDIT": null, "CENTRALIZED_AC": null, "DISPLAY_BOARD": null, "HAZ_MAT": null, "ALT_ELEC": null, "WARD": "R/S", "ELEVATOR_CONTACT_LIST": null, "ELEVATOR_INTERCOM": null, "WORKING_HRS": null, "EMPLOYEE_QTY": null, "EMPLOYEE_MALE": null, "EMPLOYEE_FEMALE": null, "EMPLOYEE_DIF_ABLE": null, "WORKING_HRS_STR": null, "WORKING_HRS_STP": null, "_source": "MCGM ArcGIS FeatureServer (official)"}}, {"type": "Feature", "id": 35, "geometry": {"type": "Point", "coordinates": [72.8505480000001, 19.2096690000001]}, "properties": {"OBJECTID": 35, "FEATUREID": "PS16359800104", "NAME": "Kandivali Police Station", "TYPE": 1, "SUBTYPE": "Station", "LOCATION": "S.V.Road, Near M.T.N.L. Office, Parekh Nagar,\nKandivali (W), Mumbai-400067. Mukund Pawar 9870157825 kandivali police station@gmail.com\nkandivalipolicestation@mtnl.net.in", "BRD_LINE_NO": "28050904", "CNTRL_ROOM_NO": "28056603", "TYPE_CONSTRUCT": null, "YEAR_CONSTRUCT": null, "NO_FLOOR": null, "NO_ROOMS": null, "NO_COM_TOILET": null, "NO_GEN_TOILET": null, "NO_LAD_TOILET": null, "BATHROOM_FAC": null, "RAMP_DISABLED": null, "OPEN_SPACE": null, "REMARKS": null, "EDUPDATEUSER": null, "EDUPDATETIME": null, "CREATED_USER": "DMMASTER", "CREATED_DATE": 1479825702000, "LAST_EDITED_USER": "DMMASTER", "LAST_EDITED_DATE": 1598154812000, "HEIGHT_TO_MSL": null, "WATER_TANK_CAPA": null, "SYMMETRIC": null, "GROUND": null, "NO_BASEMENT": null, "NO_HALL_AUD": null, "SEAT_CAPACITY": null, "NO_WATER_TANK": null, "NO_ELEVATOR": null, "PAS": null, "CCTV_SERVE": null, "STRUCTURAL_AUDIT": null, "FIRE_EXTING_SYS": null, "FIRE_AUDIT": null, "CENTRALIZED_AC": null, "DISPLAY_BOARD": null, "HAZ_MAT": null, "ALT_ELEC": null, "WARD": "R/S", "ELEVATOR_CONTACT_LIST": null, "ELEVATOR_INTERCOM": null, "WORKING_HRS": null, "EMPLOYEE_QTY": null, "EMPLOYEE_MALE": null, "EMPLOYEE_FEMALE": null, "EMPLOYEE_DIF_ABLE": null, "WORKING_HRS_STR": null, "WORKING_HRS_STP": null, "_source": "MCGM ArcGIS FeatureServer (official)"}}, {"type": "Feature", "id": 36, "geometry": {"type": "Point", "coordinates": [72.8615260000001, 19.1999260000001]}, "properties": {"OBJECTID": 36, "FEATUREID": "PS18341700105", "NAME": "Samata Nagar Police Station", "TYPE": 1, "SUBTYPE": "Office  ", "LOCATION": "P T College Junction, Kandivali(W), \nMumbai-400101.  L.C.Bhalerao 9870464754   acpsamatanagar@mtnl.net.in  D.S.Yadav  9821458322  samtanagarpolicestation@mtnl.net.in", "BRD_LINE_NO": "28877624, 28850790 ", "CNTRL_ROOM_NO": "28877618, 28876119, \n28850790", "TYPE_CONSTRUCT": null, "YEAR_CONSTRUCT": null, "NO_FLOOR": null, "NO_ROOMS": null, "NO_COM_TOILET": null, "NO_GEN_TOILET": null, "NO_LAD_TOILET": null, "BATHROOM_FAC": null, "RAMP_DISABLED": null, "OPEN_SPACE": null, "REMARKS": null, "EDUPDATEUSER": null, "EDUPDATETIME": null, "CREATED_USER": "DMMASTER", "CREATED_DATE": 1479825702000, "LAST_EDITED_USER": "DMMASTER", "LAST_EDITED_DATE": 1598154823000, "HEIGHT_TO_MSL": null, "WATER_TANK_CAPA": null, "SYMMETRIC": null, "GROUND": null, "NO_BASEMENT": null, "NO_HALL_AUD": null, "SEAT_CAPACITY": null, "NO_WATER_TANK": null, "NO_ELEVATOR": null, "PAS": null, "CCTV_SERVE": null, "STRUCTURAL_AUDIT": null, "FIRE_EXTING_SYS": null, "FIRE_AUDIT": null, "CENTRALIZED_AC": null, "DISPLAY_BOARD": null, "HAZ_MAT": null, "ALT_ELEC": null, "WARD": "R/S", "ELEVATOR_CONTACT_LIST": null, "ELEVATOR_INTERCOM": null, "WORKING_HRS": null, "EMPLOYEE_QTY": null, "EMPLOYEE_MALE": null, "EMPLOYEE_FEMALE": null, "EMPLOYEE_DIF_ABLE": null, "WORKING_HRS_STR": null, "WORKING_HRS_STP": null, "_source": "MCGM ArcGIS FeatureServer (official)"}}, {"type": "Feature", "id": 37, "geometry": {"type": "Point", "coordinates": [72.8535612960001, 18.9973501380001]}, "properties": {"OBJECTID": 37, "FEATUREID": "PS17120400023", "NAME": "(Chowky) Sewree Poice Station", "TYPE": 1, "SUBTYPE": "Station", "LOCATION": "Sewree Poice Station", "BRD_LINE_NO": null, "CNTRL_ROOM_NO": null, "TYPE_CONSTRUCT": null, "YEAR_CONSTRUCT": null, "NO_FLOOR": null, "NO_ROOMS": null, "NO_COM_TOILET": null, "NO_GEN_TOILET": null, "NO_LAD_TOILET": null, "BATHROOM_FAC": null, "RAMP_DISABLED": null, "OPEN_SPACE": null, "REMARKS": null, "EDUPDATEUSER": null, "EDUPDATETIME": null, "CREATED_USER": "DMMASTER", "CREATED_DATE": 1479825702000, "LAST_EDITED_USER": "DMMASTER", "LAST_EDITED_DATE": 1608185466000, "HEIGHT_TO_MSL": null, "WATER_TANK_CAPA": null, "SYMMETRIC": null, "GROUND": null, "NO_BASEMENT": null, "NO_HALL_AUD": null, "SEAT_CAPACITY": null, "NO_WATER_TANK": null, "NO_ELEVATOR": null, "PAS": null, "CCTV_SERVE": null, "STRUCTURAL_AUDIT": null, "FIRE_EXTING_SYS": null, "FIRE_AUDIT": null, "CENTRALIZED_AC": null, "DISPLAY_BOARD": null, "HAZ_MAT": null, "ALT_ELEC": null, "WARD": "F/S", "ELEVATOR_CONTACT_LIST": null, "ELEVATOR_INTERCOM": null, "WORKING_HRS": null, "EMPLOYEE_QTY": null, "EMPLOYEE_MALE": null, "EMPLOYEE_FEMALE": null, "EMPLOYEE_DIF_ABLE": null, "WORKING_HRS_STR": null, "WORKING_HRS_STP": null, "_source": "MCGM ArcGIS FeatureServer (official)"}}, {"type": "Feature", "id": 38, "geometry": {"type": "Point", "coordinates": [72.841479, 19.0899760390001]}, "properties": {"OBJECTID": 38, "FEATUREID": "PS15228600056", "NAME": "Santacruz Railway Police Station", "TYPE": 99, "SUBTYPE": "Station", "LOCATION": "Santacruz Railway Station office, Mumbai", "BRD_LINE_NO": null, "CNTRL_ROOM_NO": null, "TYPE_CONSTRUCT": null, "YEAR_CONSTRUCT": null, "NO_FLOOR": null, "NO_ROOMS": null, "NO_COM_TOILET": null, "NO_GEN_TOILET": null, "NO_LAD_TOILET": null, "BATHROOM_FAC": null, "RAMP_DISABLED": null, "OPEN_SPACE": null, "REMARKS": null, "EDUPDATEUSER": "Ajit N Deshmukh", "EDUPDATETIME": 1445731200000, "CREATED_USER": "DMMASTER", "CREATED_DATE": 1479825702000, "LAST_EDITED_USER": "DMMASTER", "LAST_EDITED_DATE": 1608185466000, "HEIGHT_TO_MSL": null, "WATER_TANK_CAPA": null, "SYMMETRIC": null, "GROUND": null, "NO_BASEMENT": null, "NO_HALL_AUD": null, "SEAT_CAPACITY": null, "NO_WATER_TANK": null, "NO_ELEVATOR": null, "PAS": null, "CCTV_SERVE": null, "STRUCTURAL_AUDIT": null, "FIRE_EXTING_SYS": null, "FIRE_AUDIT": null, "CENTRALIZED_AC": null, "DISPLAY_BOARD": null, "HAZ_MAT": null, "ALT_ELEC": null, "WARD": "H/W", "ELEVATOR_CONTACT_LIST": null, "ELEVATOR_INTERCOM": null, "WORKING_HRS": null, "EMPLOYEE_QTY": null, "EMPLOYEE_MALE": null, "EMPLOYEE_FEMALE": null, "EMPLOYEE_DIF_ABLE": null, "WORKING_HRS_STR": null, "WORKING_HRS_STP": null, "_source": "MCGM ArcGIS FeatureServer (official)"}}, {"type": "Feature", "id": 39, "geometry": {"type": "Point", "coordinates": [72.8357572360001, 19.0558697770001]}, "properties": {"OBJECTID": 39, "FEATUREID": "PS15181800046", "NAME": "Bandra Police Station", "TYPE": 1, "SUBTYPE": "Station", "LOCATION": "Hill Road, ,Near Petit High Schoo Bandra (W), Mumbai - 400050.", "BRD_LINE_NO": "26513716", "CNTRL_ROOM_NO": "26423122", "TYPE_CONSTRUCT": null, "YEAR_CONSTRUCT": null, "NO_FLOOR": null, "NO_ROOMS": null, "NO_COM_TOILET": null, "NO_GEN_TOILET": null, "NO_LAD_TOILET": null, "BATHROOM_FAC": null, "RAMP_DISABLED": null, "OPEN_SPACE": null, "REMARKS": null, "EDUPDATEUSER": "Hande Someshwari Anil", "EDUPDATETIME": 1603200372000, "CREATED_USER": "DMMASTER", "CREATED_DATE": 1479825702000, "LAST_EDITED_USER": "DMMASTER", "LAST_EDITED_DATE": 1606398263000, "HEIGHT_TO_MSL": null, "WATER_TANK_CAPA": null, "SYMMETRIC": null, "GROUND": null, "NO_BASEMENT": null, "NO_HALL_AUD": null, "SEAT_CAPACITY": null, "NO_WATER_TANK": null, "NO_ELEVATOR": null, "PAS": null, "CCTV_SERVE": null, "STRUCTURAL_AUDIT": null, "FIRE_EXTING_SYS": null, "FIRE_AUDIT": null, "CENTRALIZED_AC": null, "DISPLAY_BOARD": null, "HAZ_MAT": null, "ALT_ELEC": null, "WARD": "H/W", "ELEVATOR_CONTACT_LIST": null, "ELEVATOR_INTERCOM": null, "WORKING_HRS": "Yes", "EMPLOYEE_QTY": null, "EMPLOYEE_MALE": null, "EMPLOYEE_FEMALE": null, "EMPLOYEE_DIF_ABLE": null, "WORKING_HRS_STR": null, "WORKING_HRS_STP": null, "_source": "MCGM ArcGIS FeatureServer (official)"}}, {"type": "Feature", "id": 40, "geometry": {"type": "Point", "coordinates": [72.8537450000001, 19.0165420000001]}, "properties": {"OBJECTID": 40, "FEATUREID": "PS17140400012", "NAME": "(Duplicate) Wadala T T Police Station", "TYPE": 1, "SUBTYPE": "Station", "LOCATION": "Wadala T T Police Station", "BRD_LINE_NO": null, "CNTRL_ROOM_NO": null, "TYPE_CONSTRUCT": null, "YEAR_CONSTRUCT": null, "NO_FLOOR": null, "NO_ROOMS": null, "NO_COM_TOILET": null, "NO_GEN_TOILET": null, "NO_LAD_TOILET": null, "BATHROOM_FAC": null, "RAMP_DISABLED": null, "OPEN_SPACE": null, "REMARKS": null, "EDUPDATEUSER": null, "EDUPDATETIME": null, "CREATED_USER": "DMMASTER", "CREATED_DATE": 1479825702000, "LAST_EDITED_USER": "DMMASTER", "LAST_EDITED_DATE": 1606405316000, "HEIGHT_TO_MSL": null, "WATER_TANK_CAPA": null, "SYMMETRIC": null, "GROUND": null, "NO_BASEMENT": null, "NO_HALL_AUD": null, "SEAT_CAPACITY": null, "NO_WATER_TANK": null, "NO_ELEVATOR": null, "PAS": null, "CCTV_SERVE": null, "STRUCTURAL_AUDIT": null, "FIRE_EXTING_SYS": null, "FIRE_AUDIT": null, "CENTRALIZED_AC": null, "DISPLAY_BOARD": null, "HAZ_MAT": null, "ALT_ELEC": null, "WARD": "F/N", "ELEVATOR_CONTACT_LIST": null, "ELEVATOR_INTERCOM": null, "WORKING_HRS": null, "EMPLOYEE_QTY": null, "EMPLOYEE_MALE": null, "EMPLOYEE_FEMALE": null, "EMPLOYEE_DIF_ABLE": null, "WORKING_HRS_STR": null, "WORKING_HRS_STP": null, "_source": "MCGM ArcGIS FeatureServer (official)"}}, {"type": "Feature", "id": 41, "geometry": {"type": "Point", "coordinates": [72.8305052220001, 18.9453442290001]}, "properties": {"OBJECTID": 41, "FEATUREID": "PS14064600129", "NAME": "L T Marg Police Station", "TYPE": 1, "SUBTYPE": "Station", "LOCATION": "27, R Champsi Road, Takwadi, Lohar Chawl, Nr Small Causes Court, Mumbai - 400002.", "BRD_LINE_NO": "22069230", "CNTRL_ROOM_NO": "22084302", "TYPE_CONSTRUCT": null, "YEAR_CONSTRUCT": null, "NO_FLOOR": null, "NO_ROOMS": null, "NO_COM_TOILET": null, "NO_GEN_TOILET": null, "NO_LAD_TOILET": null, "BATHROOM_FAC": null, "RAMP_DISABLED": null, "OPEN_SPACE": null, "REMARKS": "22084303,  Dipak Nikam-8380096207  ltmargpolicestation@mtnl.net.in", "EDUPDATEUSER": "Singh Taraspal Madan", "EDUPDATETIME": 1604154762000, "CREATED_USER": "DMMASTER", "CREATED_DATE": 1479825702000, "LAST_EDITED_USER": "DMMASTER", "LAST_EDITED_DATE": 1606403797000, "HEIGHT_TO_MSL": null, "WATER_TANK_CAPA": null, "SYMMETRIC": null, "GROUND": null, "NO_BASEMENT": null, "NO_HALL_AUD": null, "SEAT_CAPACITY": null, "NO_WATER_TANK": null, "NO_ELEVATOR": null, "PAS": null, "CCTV_SERVE": null, "STRUCTURAL_AUDIT": null, "FIRE_EXTING_SYS": null, "FIRE_AUDIT": null, "CENTRALIZED_AC": null, "DISPLAY_BOARD": null, "HAZ_MAT": null, "ALT_ELEC": null, "WARD": "C", "ELEVATOR_CONTACT_LIST": null, "ELEVATOR_INTERCOM": null, "WORKING_HRS": null, "EMPLOYEE_QTY": null, "EMPLOYEE_MALE": null, "EMPLOYEE_FEMALE": null, "EMPLOYEE_DIF_ABLE": null, "WORKING_HRS_STR": null, "WORKING_HRS_STP": null, "_source": "MCGM ArcGIS FeatureServer (official)"}}, {"type": "Feature", "id": 42, "geometry": {"type": "Point", "coordinates": [72.799258831, 18.9494146440001]}, "properties": {"OBJECTID": 42, "FEATUREID": "PS11071000132", "NAME": "Malbar Hill Police Station", "TYPE": 1, "SUBTYPE": "Station", "LOCATION": "Malbar Hill Police Station, Abhay Bunglow, B.G. Khair Marg, Malbar Hill, Mumbai-400006.", "BRD_LINE_NO": "23637571", "CNTRL_ROOM_NO": "23635517", "TYPE_CONSTRUCT": null, "YEAR_CONSTRUCT": null, "NO_FLOOR": null, "NO_ROOMS": null, "NO_COM_TOILET": null, "NO_GEN_TOILET": null, "NO_LAD_TOILET": null, "BATHROOM_FAC": null, "RAMP_DISABLED": null, "OPEN_SPACE": null, "REMARKS": "Shri.Nilkanth Patil-9422256468,  malabarhillpolicestation@mtnl.net.in", "EDUPDATEUSER": "Ghavnalkar Dinesh Mohan", "EDUPDATETIME": 1604401196000, "CREATED_USER": "DMMASTER", "CREATED_DATE": 1479825702000, "LAST_EDITED_USER": "DMMASTER", "LAST_EDITED_DATE": 1606403933000, "HEIGHT_TO_MSL": null, "WATER_TANK_CAPA": null, "SYMMETRIC": null, "GROUND": null, "NO_BASEMENT": null, "NO_HALL_AUD": null, "SEAT_CAPACITY": null, "NO_WATER_TANK": null, "NO_ELEVATOR": null, "PAS": null, "CCTV_SERVE": null, "STRUCTURAL_AUDIT": null, "FIRE_EXTING_SYS": null, "FIRE_AUDIT": null, "CENTRALIZED_AC": null, "DISPLAY_BOARD": null, "HAZ_MAT": null, "ALT_ELEC": null, "WARD": "D", "ELEVATOR_CONTACT_LIST": null, "ELEVATOR_INTERCOM": null, "WORKING_HRS": null, "EMPLOYEE_QTY": null, "EMPLOYEE_MALE": null, "EMPLOYEE_FEMALE": null, "EMPLOYEE_DIF_ABLE": null, "WORKING_HRS_STR": null, "WORKING_HRS_STP": null, "_source": "MCGM ArcGIS FeatureServer (official)"}}, {"type": "Feature", "id": 43, "geometry": {"type": "Point", "coordinates": [72.8292100470001, 18.967052714]}, "properties": {"OBJECTID": 43, "FEATUREID": "PS14093000133", "NAME": "Nagpada Police Station", "TYPE": 1, "SUBTYPE": "Station", "LOCATION": "Sofia Zuber Road, Chhota Sonapur, Kamathipura, Mumbai - 400008.", "BRD_LINE_NO": "23092293", "CNTRL_ROOM_NO": "23004605", "TYPE_CONSTRUCT": null, "YEAR_CONSTRUCT": null, "NO_FLOOR": null, "NO_ROOMS": null, "NO_COM_TOILET": null, "NO_GEN_TOILET": null, "NO_LAD_TOILET": null, "BATHROOM_FAC": null, "RAMP_DISABLED": null, "OPEN_SPACE": null, "REMARKS": "Jayprakash Bhosale-8097073070- nagpadapolicestation@mtnl.net.in", "EDUPDATEUSER": "Ghavnalkar Dinesh Mohan", "EDUPDATETIME": 1604401272000, "CREATED_USER": "DMMASTER", "CREATED_DATE": 1479825702000, "LAST_EDITED_USER": "DMMASTER", "LAST_EDITED_DATE": 1606404290000, "HEIGHT_TO_MSL": null, "WATER_TANK_CAPA": null, "SYMMETRIC": null, "GROUND": null, "NO_BASEMENT": null, "NO_HALL_AUD": null, "SEAT_CAPACITY": null, "NO_WATER_TANK": null, "NO_ELEVATOR": null, "PAS": null, "CCTV_SERVE": null, "STRUCTURAL_AUDIT": null, "FIRE_EXTING_SYS": null, "FIRE_AUDIT": null, "CENTRALIZED_AC": null, "DISPLAY_BOARD": null, "HAZ_MAT": null, "ALT_ELEC": null, "WARD": "E", "ELEVATOR_CONTACT_LIST": null, "ELEVATOR_INTERCOM": null, "WORKING_HRS": null, "EMPLOYEE_QTY": null, "EMPLOYEE_MALE": null, "EMPLOYEE_FEMALE": null, "EMPLOYEE_DIF_ABLE": null, "WORKING_HRS_STR": null, "WORKING_HRS_STP": null, "_source": "MCGM ArcGIS FeatureServer (official)"}}, {"type": "Feature", "id": 44, "geometry": {"type": "Point", "coordinates": [72.8237506730001, 18.9558283700001]}, "properties": {"OBJECTID": 44, "FEATUREID": "PS13078800135", "NAME": "V P Road Police Station", "TYPE": 1, "SUBTYPE": "Station", "LOCATION": "Vitthalbhai Patel Road, Near Church, Ambewadi, Girgaon, Mumbai-400004.", "BRD_LINE_NO": "23821312", "CNTRL_ROOM_NO": "23872525", "TYPE_CONSTRUCT": null, "YEAR_CONSTRUCT": null, "NO_FLOOR": null, "NO_ROOMS": null, "NO_COM_TOILET": null, "NO_GEN_TOILET": null, "NO_LAD_TOILET": null, "BATHROOM_FAC": null, "RAMP_DISABLED": null, "OPEN_SPACE": null, "REMARKS": "Gulabrao More-8108303399/vproadpolicestation@mtnl.net.in", "EDUPDATEUSER": "Ghavnalkar Dinesh Mohan", "EDUPDATETIME": 1604401404000, "CREATED_USER": "DMMASTER", "CREATED_DATE": 1479825702000, "LAST_EDITED_USER": "DMMASTER", "LAST_EDITED_DATE": 1606404440000, "HEIGHT_TO_MSL": null, "WATER_TANK_CAPA": null, "SYMMETRIC": null, "GROUND": null, "NO_BASEMENT": null, "NO_HALL_AUD": null, "SEAT_CAPACITY": null, "NO_WATER_TANK": null, "NO_ELEVATOR": null, "PAS": null, "CCTV_SERVE": null, "STRUCTURAL_AUDIT": null, "FIRE_EXTING_SYS": null, "FIRE_AUDIT": null, "CENTRALIZED_AC": null, "DISPLAY_BOARD": null, "HAZ_MAT": null, "ALT_ELEC": null, "WARD": "D", "ELEVATOR_CONTACT_LIST": null, "ELEVATOR_INTERCOM": null, "WORKING_HRS": null, "EMPLOYEE_QTY": null, "EMPLOYEE_MALE": null, "EMPLOYEE_FEMALE": null, "EMPLOYEE_DIF_ABLE": null, "WORKING_HRS_STR": null, "WORKING_HRS_STP": null, "_source": "MCGM ArcGIS FeatureServer (official)"}}, {"type": "Feature", "id": 45, "geometry": {"type": "Point", "coordinates": [72.8671340000001, 19.2359520000001]}, "properties": {"OBJECTID": 45, "FEATUREID": "PS18387700092", "NAME": "Duplicate) Police Station-1838770001271", "TYPE": 1, "SUBTYPE": "Station", "LOCATION": null, "BRD_LINE_NO": null, "CNTRL_ROOM_NO": null, "TYPE_CONSTRUCT": null, "YEAR_CONSTRUCT": null, "NO_FLOOR": null, "NO_ROOMS": null, "NO_COM_TOILET": null, "NO_GEN_TOILET": null, "NO_LAD_TOILET": null, "BATHROOM_FAC": null, "RAMP_DISABLED": null, "OPEN_SPACE": null, "REMARKS": null, "EDUPDATEUSER": null, "EDUPDATETIME": null, "CREATED_USER": "DMMASTER", "CREATED_DATE": 1479825702000, "LAST_EDITED_USER": "DMMASTER", "LAST_EDITED_DATE": 1606406054000, "HEIGHT_TO_MSL": null, "WATER_TANK_CAPA": null, "SYMMETRIC": null, "GROUND": null, "NO_BASEMENT": null, "NO_HALL_AUD": null, "SEAT_CAPACITY": null, "NO_WATER_TANK": null, "NO_ELEVATOR": null, "PAS": null, "CCTV_SERVE": null, "STRUCTURAL_AUDIT": null, "FIRE_EXTING_SYS": null, "FIRE_AUDIT": null, "CENTRALIZED_AC": null, "DISPLAY_BOARD": null, "HAZ_MAT": null, "ALT_ELEC": null, "WARD": "R/C", "ELEVATOR_CONTACT_LIST": null, "ELEVATOR_INTERCOM": null, "WORKING_HRS": null, "EMPLOYEE_QTY": null, "EMPLOYEE_MALE": null, "EMPLOYEE_FEMALE": null, "EMPLOYEE_DIF_ABLE": null, "WORKING_HRS_STR": null, "WORKING_HRS_STP": null, "_source": "MCGM ArcGIS FeatureServer (official)"}}, {"type": "Feature", "id": 46, "geometry": {"type": "Point", "coordinates": [72.83231929, 18.9675953440001]}, "properties": {"OBJECTID": 46, "FEATUREID": "PS05000000003", "NAME": "Mumbai Police South Region", "TYPE": 1, "SUBTYPE": "Office", "LOCATION": "Police Colony, New Nagpada, Madanpura, Mumbai, Maharashtra 400008", "BRD_LINE_NO": "23078109", "CNTRL_ROOM_NO": "23092293", "TYPE_CONSTRUCT": null, "YEAR_CONSTRUCT": null, "NO_FLOOR": null, "NO_ROOMS": null, "NO_COM_TOILET": null, "NO_GEN_TOILET": null, "NO_LAD_TOILET": null, "BATHROOM_FAC": null, "RAMP_DISABLED": null, "OPEN_SPACE": null, "REMARKS": null, "EDUPDATEUSER": "Ghavnalkar Dinesh Mohan", "EDUPDATETIME": 1604002370000, "CREATED_USER": "DMMASTER", "CREATED_DATE": 1566301340000, "LAST_EDITED_USER": "DMMASTER", "LAST_EDITED_DATE": 1606405013000, "HEIGHT_TO_MSL": null, "WATER_TANK_CAPA": null, "SYMMETRIC": null, "GROUND": null, "NO_BASEMENT": null, "NO_HALL_AUD": null, "SEAT_CAPACITY": null, "NO_WATER_TANK": null, "NO_ELEVATOR": null, "PAS": null, "CCTV_SERVE": null, "STRUCTURAL_AUDIT": null, "FIRE_EXTING_SYS": null, "FIRE_AUDIT": null, "CENTRALIZED_AC": null, "DISPLAY_BOARD": null, "HAZ_MAT": null, "ALT_ELEC": null, "WARD": "E", "ELEVATOR_CONTACT_LIST": null, "ELEVATOR_INTERCOM": null, "WORKING_HRS": null, "EMPLOYEE_QTY": null, "EMPLOYEE_MALE": null, "EMPLOYEE_FEMALE": null, "EMPLOYEE_DIF_ABLE": null, "WORKING_HRS_STR": null, "WORKING_HRS_STP": null, "_source": "MCGM ArcGIS FeatureServer (official)"}}, {"type": "Feature", "id": 47, "geometry": {"type": "Point", "coordinates": [72.8615919920001, 19.2459400770001]}, "properties": {"OBJECTID": 47, "FEATUREID": "PS14000000001", "NAME": "Deputy Commissioner of Police", "TYPE": 1, "SUBTYPE": "Station", "LOCATION": "Shiv Shakti Complex, Shailendra Vidyalay Marg,, Dahisar East, Mumbai, Maharashtra 400068", "BRD_LINE_NO": "28283889", "CNTRL_ROOM_NO": null, "TYPE_CONSTRUCT": null, "YEAR_CONSTRUCT": null, "NO_FLOOR": null, "NO_ROOMS": null, "NO_COM_TOILET": null, "NO_GEN_TOILET": null, "NO_LAD_TOILET": null, "BATHROOM_FAC": null, "RAMP_DISABLED": null, "OPEN_SPACE": null, "REMARKS": null, "EDUPDATEUSER": null, "EDUPDATETIME": null, "CREATED_USER": "DMMASTER", "CREATED_DATE": 1609738828000, "LAST_EDITED_USER": "DMMASTER", "LAST_EDITED_DATE": 1626184218000, "HEIGHT_TO_MSL": null, "WATER_TANK_CAPA": null, "SYMMETRIC": null, "GROUND": null, "NO_BASEMENT": null, "NO_HALL_AUD": null, "SEAT_CAPACITY": null, "NO_WATER_TANK": null, "NO_ELEVATOR": null, "PAS": null, "CCTV_SERVE": null, "STRUCTURAL_AUDIT": null, "FIRE_EXTING_SYS": null, "FIRE_AUDIT": null, "CENTRALIZED_AC": null, "DISPLAY_BOARD": null, "HAZ_MAT": null, "ALT_ELEC": null, "WARD": "R/N", "ELEVATOR_CONTACT_LIST": null, "ELEVATOR_INTERCOM": null, "WORKING_HRS": null, "EMPLOYEE_QTY": null, "EMPLOYEE_MALE": null, "EMPLOYEE_FEMALE": null, "EMPLOYEE_DIF_ABLE": null, "WORKING_HRS_STR": null, "WORKING_HRS_STP": null, "_source": "MCGM ArcGIS FeatureServer (official)"}}, {"type": "Feature", "id": 48, "geometry": {"type": "Point", "coordinates": [72.8410288630001, 18.948233858]}, "properties": {"OBJECTID": 48, "FEATUREID": "PS15076000127", "NAME": "Yellow Gate Police Station", "TYPE": 1, "SUBTYPE": "Station", "LOCATION": "P. D. Mello Road, Near Karnak Bunder, Mumbai-400009.", "BRD_LINE_NO": "66565009", "CNTRL_ROOM_NO": "22616578", "TYPE_CONSTRUCT": "RCC", "YEAR_CONSTRUCT": "1921", "NO_FLOOR": 3, "NO_ROOMS": 27, "NO_COM_TOILET": 1, "NO_GEN_TOILET": 6, "NO_LAD_TOILET": 1, "BATHROOM_FAC": 5, "RAMP_DISABLED": null, "OPEN_SPACE": 600, "REMARKS": "Balkrishna Ganpati Gurav 9870405076yellowgatepolicestation@mtnl.net.in", "EDUPDATEUSER": "Mane Minakshi Amar", "EDUPDATETIME": 1600424120000, "CREATED_USER": "DMMASTER", "CREATED_DATE": 1479825702000, "LAST_EDITED_USER": "DMMASTER@PRSRVGISDB.MUMBASE.MCGM.GOV.IN", "LAST_EDITED_DATE": 1649882399000, "HEIGHT_TO_MSL": null, "WATER_TANK_CAPA": "20000 Ltr", "SYMMETRIC": null, "GROUND": "Office Use", "NO_BASEMENT": null, "NO_HALL_AUD": null, "SEAT_CAPACITY": null, "NO_WATER_TANK": "1", "NO_ELEVATOR": null, "PAS": "No", "CCTV_SERVE": "Yes", "STRUCTURAL_AUDIT": null, "FIRE_EXTING_SYS": "No", "FIRE_AUDIT": null, "CENTRALIZED_AC": "No", "DISPLAY_BOARD": "Yes", "HAZ_MAT": "Yes", "ALT_ELEC": "No", "WARD": "A", "ELEVATOR_CONTACT_LIST": null, "ELEVATOR_INTERCOM": null, "WORKING_HRS": "Yes", "EMPLOYEE_QTY": null, "EMPLOYEE_MALE": null, "EMPLOYEE_FEMALE": null, "EMPLOYEE_DIF_ABLE": null, "WORKING_HRS_STR": null, "WORKING_HRS_STP": null, "_source": "MCGM ArcGIS FeatureServer (official)"}}, {"type": "Feature", "id": 49, "geometry": null, "properties": {"OBJECTID": 49, "FEATUREID": "PS27325100112", "NAME": "Mulund (W) Police Station", "TYPE": 1, "SUBTYPE": "Station", "LOCATION": "Purushottam Khemraj Bhavan, Netaji Subhash Road, Mulund (W),  Mumbai - 400080.  Rajaram Vithoba Vhanmane 9869167076 mulundpstn@gmail.com", "BRD_LINE_NO": "25689844", "CNTRL_ROOM_NO": "25684535", "TYPE_CONSTRUCT": null, "YEAR_CONSTRUCT": null, "NO_FLOOR": null, "NO_ROOMS": null, "NO_COM_TOILET": null, "NO_GEN_TOILET": null, "NO_LAD_TOILET": null, "BATHROOM_FAC": null, "RAMP_DISABLED": null, "OPEN_SPACE": null, "REMARKS": null, "EDUPDATEUSER": "Dhanke Yashwant Gopal", "EDUPDATETIME": 1685819091000, "CREATED_USER": "DMMASTER@PRSRVGISDB.MUMBASE.MCGM.GOV.IN", "CREATED_DATE": 1649880227000, "LAST_EDITED_USER": "DMMASTER@PRSRVGISDB.MUMBASE.MCGM.GOV.IN", "LAST_EDITED_DATE": 1649880839000, "HEIGHT_TO_MSL": null, "WATER_TANK_CAPA": null, "SYMMETRIC": null, "GROUND": null, "NO_BASEMENT": null, "NO_HALL_AUD": null, "SEAT_CAPACITY": null, "NO_WATER_TANK": null, "NO_ELEVATOR": null, "PAS": null, "CCTV_SERVE": null, "STRUCTURAL_AUDIT": null, "FIRE_EXTING_SYS": null, "FIRE_AUDIT": null, "CENTRALIZED_AC": null, "DISPLAY_BOARD": null, "HAZ_MAT": null, "ALT_ELEC": null, "WARD": null, "ELEVATOR_CONTACT_LIST": null, "ELEVATOR_INTERCOM": null, "WORKING_HRS": null, "EMPLOYEE_QTY": null, "EMPLOYEE_MALE": null, "EMPLOYEE_FEMALE": null, "EMPLOYEE_DIF_ABLE": null, "WORKING_HRS_STR": null, "WORKING_HRS_STP": null, "_source": "MCGM ArcGIS FeatureServer (official)"}}, {"type": "Feature", "id": 50, "geometry": {"type": "Point", "coordinates": [72.9211795150001, 19.0612530660001]}, "properties": {"OBJECTID": 50, "FEATUREID": "PS24192300152", "NAME": "Shivaji Nagar Police Station", "TYPE": 1, "SUBTYPE": "Station", "LOCATION": "Near Dnyansampada High School, Behind Post Office, Govandi, Mumbai - 400043. Balasaheb Jadhav  9821525255 shivajinagarpolicestation@mtnl.net.in", "BRD_LINE_NO": "25518961", "CNTRL_ROOM_NO": "25580506, \n25560402", "TYPE_CONSTRUCT": null, "YEAR_CONSTRUCT": null, "NO_FLOOR": null, "NO_ROOMS": null, "NO_COM_TOILET": null, "NO_GEN_TOILET": null, "NO_LAD_TOILET": null, "BATHROOM_FAC": null, "RAMP_DISABLED": null, "OPEN_SPACE": null, "REMARKS": null, "EDUPDATEUSER": null, "EDUPDATETIME": null, "CREATED_USER": "DMMASTER", "CREATED_DATE": 1479825702000, "LAST_EDITED_USER": "DMMASTER@PRSRVGISDB.MUMBASE.MCGM.GOV.IN", "LAST_EDITED_DATE": 1647976700000, "HEIGHT_TO_MSL": null, "WATER_TANK_CAPA": null, "SYMMETRIC": null, "GROUND": null, "NO_BASEMENT": null, "NO_HALL_AUD": null, "SEAT_CAPACITY": null, "NO_WATER_TANK": null, "NO_ELEVATOR": null, "PAS": null, "CCTV_SERVE": null, "STRUCTURAL_AUDIT": null, "FIRE_EXTING_SYS": null, "FIRE_AUDIT": null, "CENTRALIZED_AC": null, "DISPLAY_BOARD": null, "HAZ_MAT": null, "ALT_ELEC": null, "WARD": "M/E", "ELEVATOR_CONTACT_LIST": null, "ELEVATOR_INTERCOM": null, "WORKING_HRS": null, "EMPLOYEE_QTY": null, "EMPLOYEE_MALE": null, "EMPLOYEE_FEMALE": null, "EMPLOYEE_DIF_ABLE": null, "WORKING_HRS_STR": null, "WORKING_HRS_STP": null, "_source": "MCGM ArcGIS FeatureServer (official)"}}, {"type": "Feature", "id": 51, "geometry": {"type": "Point", "coordinates": [72.822682994, 19.062817293]}, "properties": {"OBJECTID": 51, "FEATUREID": "PS10000000001", "NAME": "Office of the ACP - Bandra Division", "TYPE": 1, "SUBTYPE": "Station", "LOCATION": "Sangeet Samrat Naushad Ali Marg\r\nNear Ashirwad Bungalow, Bandra West", "BRD_LINE_NO": null, "CNTRL_ROOM_NO": null, "TYPE_CONSTRUCT": null, "YEAR_CONSTRUCT": null, "NO_FLOOR": null, "NO_ROOMS": null, "NO_COM_TOILET": null, "NO_GEN_TOILET": null, "NO_LAD_TOILET": null, "BATHROOM_FAC": null, "RAMP_DISABLED": null, "OPEN_SPACE": null, "REMARKS": null, "EDUPDATEUSER": null, "EDUPDATETIME": null, "CREATED_USER": "DMMASTER", "CREATED_DATE": 1606407760000, "LAST_EDITED_USER": "DMMASTER", "LAST_EDITED_DATE": 1606407931000, "HEIGHT_TO_MSL": null, "WATER_TANK_CAPA": null, "SYMMETRIC": null, "GROUND": null, "NO_BASEMENT": null, "NO_HALL_AUD": null, "SEAT_CAPACITY": null, "NO_WATER_TANK": null, "NO_ELEVATOR": null, "PAS": null, "CCTV_SERVE": null, "STRUCTURAL_AUDIT": null, "FIRE_EXTING_SYS": null, "FIRE_AUDIT": null, "CENTRALIZED_AC": null, "DISPLAY_BOARD": null, "HAZ_MAT": null, "ALT_ELEC": null, "WARD": "H/W", "ELEVATOR_CONTACT_LIST": null, "ELEVATOR_INTERCOM": null, "WORKING_HRS": null, "EMPLOYEE_QTY": null, "EMPLOYEE_MALE": null, "EMPLOYEE_FEMALE": null, "EMPLOYEE_DIF_ABLE": null, "WORKING_HRS_STR": null, "WORKING_HRS_STP": null, "_source": "MCGM ArcGIS FeatureServer (official)"}}, {"type": "Feature", "id": 52, "geometry": {"type": "Point", "coordinates": [72.85740235, 19.178704032]}, "properties": {"OBJECTID": 52, "FEATUREID": "PS17326400080", "NAME": "Dindoshi Police Station_Test", "TYPE": 1, "SUBTYPE": "Station", "LOCATION": "Vrindavan Society., Behind Saibaba Temple, NearWestern Exp. Highway, Malad (E), Mumbai- 400097. A.B.Sawant 9987333040dindoshipolicestation@mtnl.net.in", "BRD_LINE_NO": "28777016", "CNTRL_ROOM_NO": "28786300", "TYPE_CONSTRUCT": null, "YEAR_CONSTRUCT": null, "NO_FLOOR": null, "NO_ROOMS": null, "NO_COM_TOILET": null, "NO_GEN_TOILET": null, "NO_LAD_TOILET": null, "BATHROOM_FAC": null, "RAMP_DISABLED": null, "OPEN_SPACE": null, "REMARKS": null, "EDUPDATEUSER": "1 computer operator", "EDUPDATETIME": 1578389700000, "CREATED_USER": "DMMASTER", "CREATED_DATE": 1479825702000, "LAST_EDITED_USER": "DMMASTER", "LAST_EDITED_DATE": 1607920018000, "HEIGHT_TO_MSL": null, "WATER_TANK_CAPA": null, "SYMMETRIC": null, "GROUND": null, "NO_BASEMENT": null, "NO_HALL_AUD": null, "SEAT_CAPACITY": null, "NO_WATER_TANK": null, "NO_ELEVATOR": null, "PAS": null, "CCTV_SERVE": null, "STRUCTURAL_AUDIT": null, "FIRE_EXTING_SYS": null, "FIRE_AUDIT": null, "CENTRALIZED_AC": null, "DISPLAY_BOARD": null, "HAZ_MAT": null, "ALT_ELEC": null, "WARD": "P/N", "ELEVATOR_CONTACT_LIST": null, "ELEVATOR_INTERCOM": null, "WORKING_HRS": null, "EMPLOYEE_QTY": null, "EMPLOYEE_MALE": null, "EMPLOYEE_FEMALE": null, "EMPLOYEE_DIF_ABLE": null, "WORKING_HRS_STR": null, "WORKING_HRS_STP": null, "_source": "MCGM ArcGIS FeatureServer (official)"}}, {"type": "Feature", "id": 53, "geometry": {"type": "Point", "coordinates": [72.86879, 19.1118070000001]}, "properties": {"OBJECTID": 53, "FEATUREID": "PS18257000053", "NAME": "(Duplicate) Andheri Kurla Road Police Station", "TYPE": 1, "SUBTYPE": "Station", "LOCATION": "Andheri Kurla Road, Andheri East, Mumbai - 400069", "BRD_LINE_NO": null, "CNTRL_ROOM_NO": null, "TYPE_CONSTRUCT": null, "YEAR_CONSTRUCT": null, "NO_FLOOR": null, "NO_ROOMS": null, "NO_COM_TOILET": null, "NO_GEN_TOILET": null, "NO_LAD_TOILET": null, "BATHROOM_FAC": null, "RAMP_DISABLED": null, "OPEN_SPACE": null, "REMARKS": null, "EDUPDATEUSER": null, "EDUPDATETIME": null, "CREATED_USER": "DMMASTER", "CREATED_DATE": 1479825702000, "LAST_EDITED_USER": "DMMASTER", "LAST_EDITED_DATE": 1608109032000, "HEIGHT_TO_MSL": null, "WATER_TANK_CAPA": null, "SYMMETRIC": null, "GROUND": null, "NO_BASEMENT": null, "NO_HALL_AUD": null, "SEAT_CAPACITY": null, "NO_WATER_TANK": null, "NO_ELEVATOR": null, "PAS": null, "CCTV_SERVE": null, "STRUCTURAL_AUDIT": null, "FIRE_EXTING_SYS": null, "FIRE_AUDIT": null, "CENTRALIZED_AC": null, "DISPLAY_BOARD": null, "HAZ_MAT": null, "ALT_ELEC": null, "WARD": "K/E", "ELEVATOR_CONTACT_LIST": null, "ELEVATOR_INTERCOM": null, "WORKING_HRS": null, "EMPLOYEE_QTY": null, "EMPLOYEE_MALE": null, "EMPLOYEE_FEMALE": null, "EMPLOYEE_DIF_ABLE": null, "WORKING_HRS_STR": null, "WORKING_HRS_STP": null, "_source": "MCGM ArcGIS FeatureServer (official)"}}, {"type": "Feature", "id": 54, "geometry": {"type": "Point", "coordinates": [72.9086760000001, 19.0192280000001]}, "properties": {"OBJECTID": 54, "FEATUREID": "PS22148700069", "NAME": "Gowanpada Police Station", "TYPE": 1, "SUBTYPE": "Station", "LOCATION": "Prayag Nagar, Mahul, Trombay, Mumbai, Maharashtra 400071", "BRD_LINE_NO": null, "CNTRL_ROOM_NO": null, "TYPE_CONSTRUCT": null, "YEAR_CONSTRUCT": null, "NO_FLOOR": null, "NO_ROOMS": null, "NO_COM_TOILET": null, "NO_GEN_TOILET": null, "NO_LAD_TOILET": null, "BATHROOM_FAC": null, "RAMP_DISABLED": null, "OPEN_SPACE": null, "REMARKS": null, "EDUPDATEUSER": null, "EDUPDATETIME": null, "CREATED_USER": "DMMASTER", "CREATED_DATE": 1479825702000, "LAST_EDITED_USER": "DMMASTER", "LAST_EDITED_DATE": 1608103217000, "HEIGHT_TO_MSL": null, "WATER_TANK_CAPA": null, "SYMMETRIC": null, "GROUND": null, "NO_BASEMENT": null, "NO_HALL_AUD": null, "SEAT_CAPACITY": null, "NO_WATER_TANK": null, "NO_ELEVATOR": null, "PAS": null, "CCTV_SERVE": null, "STRUCTURAL_AUDIT": null, "FIRE_EXTING_SYS": null, "FIRE_AUDIT": null, "CENTRALIZED_AC": null, "DISPLAY_BOARD": null, "HAZ_MAT": null, "ALT_ELEC": null, "WARD": "M/E", "ELEVATOR_CONTACT_LIST": null, "ELEVATOR_INTERCOM": null, "WORKING_HRS": null, "EMPLOYEE_QTY": null, "EMPLOYEE_MALE": null, "EMPLOYEE_FEMALE": null, "EMPLOYEE_DIF_ABLE": null, "WORKING_HRS_STR": null, "WORKING_HRS_STP": null, "_source": "MCGM ArcGIS FeatureServer (official)"}}, {"type": "Feature", "id": 55, "geometry": {"type": "Point", "coordinates": [72.8681550000001, 19.1176530000001]}, "properties": {"OBJECTID": 55, "FEATUREID": "PS18256600051", "NAME": "MIDC Police Station", "TYPE": 1, "SUBTYPE": "Station", "LOCATION": "MIDC Central Road, Opp E.S.I.S Hospital, Andheri (E), Mumbai - 400093. ", "BRD_LINE_NO": "28368352", "CNTRL_ROOM_NO": "28361324, \n28368352", "TYPE_CONSTRUCT": null, "YEAR_CONSTRUCT": null, "NO_FLOOR": null, "NO_ROOMS": null, "NO_COM_TOILET": null, "NO_GEN_TOILET": null, "NO_LAD_TOILET": null, "BATHROOM_FAC": null, "RAMP_DISABLED": null, "OPEN_SPACE": null, "REMARKS": " Rajaram Bhanudas Mandge   9870471184  midcpolicestation@mtnl.net.in", "EDUPDATEUSER": null, "EDUPDATETIME": null, "CREATED_USER": "DMMASTER", "CREATED_DATE": 1479825702000, "LAST_EDITED_USER": "DMMASTER@PRSRVGISDB.MUMBASE.MCGM.GOV.IN", "LAST_EDITED_DATE": 1648527233000, "HEIGHT_TO_MSL": null, "WATER_TANK_CAPA": null, "SYMMETRIC": null, "GROUND": null, "NO_BASEMENT": null, "NO_HALL_AUD": null, "SEAT_CAPACITY": null, "NO_WATER_TANK": null, "NO_ELEVATOR": null, "PAS": null, "CCTV_SERVE": null, "STRUCTURAL_AUDIT": null, "FIRE_EXTING_SYS": null, "FIRE_AUDIT": null, "CENTRALIZED_AC": null, "DISPLAY_BOARD": null, "HAZ_MAT": null, "ALT_ELEC": null, "WARD": "K/E", "ELEVATOR_CONTACT_LIST": null, "ELEVATOR_INTERCOM": null, "WORKING_HRS": null, "EMPLOYEE_QTY": null, "EMPLOYEE_MALE": null, "EMPLOYEE_FEMALE": null, "EMPLOYEE_DIF_ABLE": null, "WORKING_HRS_STR": null, "WORKING_HRS_STP": null, "_source": "MCGM ArcGIS FeatureServer (official)"}}, {"type": "Feature", "id": 56, "geometry": {"type": "Point", "coordinates": [72.9365402660001, 19.151285198]}, "properties": {"OBJECTID": 56, "FEATUREID": "PS25299200106", "NAME": "Bhandup Police Station", "TYPE": 1, "SUBTYPE": "Station", "LOCATION": "Near Krishna Theatre, L. B. S. Marg, Bhandup (W), Mumbai - 400078. Shripat Kale   9870333434\nbhanduppstn@gmail.com", "BRD_LINE_NO": "25954467", "CNTRL_ROOM_NO": "25952171, \n25958607", "TYPE_CONSTRUCT": null, "YEAR_CONSTRUCT": null, "NO_FLOOR": null, "NO_ROOMS": null, "NO_COM_TOILET": null, "NO_GEN_TOILET": null, "NO_LAD_TOILET": null, "BATHROOM_FAC": null, "RAMP_DISABLED": null, "OPEN_SPACE": null, "REMARKS": null, "EDUPDATEUSER": null, "EDUPDATETIME": null, "CREATED_USER": "DMMASTER", "CREATED_DATE": 1479825702000, "LAST_EDITED_USER": "DMMASTER@PRSRVGISDB.MUMBASE.MCGM.GOV.IN", "LAST_EDITED_DATE": 1649881483000, "HEIGHT_TO_MSL": null, "WATER_TANK_CAPA": null, "SYMMETRIC": null, "GROUND": null, "NO_BASEMENT": null, "NO_HALL_AUD": null, "SEAT_CAPACITY": null, "NO_WATER_TANK": null, "NO_ELEVATOR": null, "PAS": null, "CCTV_SERVE": null, "STRUCTURAL_AUDIT": null, "FIRE_EXTING_SYS": null, "FIRE_AUDIT": null, "CENTRALIZED_AC": null, "DISPLAY_BOARD": null, "HAZ_MAT": null, "ALT_ELEC": null, "WARD": "S", "ELEVATOR_CONTACT_LIST": null, "ELEVATOR_INTERCOM": null, "WORKING_HRS": null, "EMPLOYEE_QTY": null, "EMPLOYEE_MALE": null, "EMPLOYEE_FEMALE": null, "EMPLOYEE_DIF_ABLE": null, "WORKING_HRS_STR": null, "WORKING_HRS_STP": null, "_source": "MCGM ArcGIS FeatureServer (official)"}}, {"type": "Feature", "id": 57, "geometry": null, "properties": {"OBJECTID": 57, "FEATUREID": "PS28313300113", "NAME": "Mulund (E) Navghar Police station", "TYPE": 1, "SUBTYPE": "Station", "LOCATION": "Navghar Police Station, Mhada Colony, Mulund (E) Mumbai.  400080", "BRD_LINE_NO": "25631062", "CNTRL_ROOM_NO": "25637314", "TYPE_CONSTRUCT": null, "YEAR_CONSTRUCT": null, "NO_FLOOR": null, "NO_ROOMS": null, "NO_COM_TOILET": null, "NO_GEN_TOILET": null, "NO_LAD_TOILET": null, "BATHROOM_FAC": null, "RAMP_DISABLED": null, "OPEN_SPACE": null, "REMARKS": "Re- Locate", "EDUPDATEUSER": "Dhanke Yashwant Gopal", "EDUPDATETIME": 1685819052000, "CREATED_USER": "DMMASTER", "CREATED_DATE": 1479825702000, "LAST_EDITED_USER": "DMMASTER", "LAST_EDITED_DATE": 1626184124000, "HEIGHT_TO_MSL": null, "WATER_TANK_CAPA": null, "SYMMETRIC": null, "GROUND": null, "NO_BASEMENT": null, "NO_HALL_AUD": null, "SEAT_CAPACITY": null, "NO_WATER_TANK": null, "NO_ELEVATOR": null, "PAS": null, "CCTV_SERVE": null, "STRUCTURAL_AUDIT": null, "FIRE_EXTING_SYS": null, "FIRE_AUDIT": null, "CENTRALIZED_AC": null, "DISPLAY_BOARD": null, "HAZ_MAT": null, "ALT_ELEC": null, "WARD": null, "ELEVATOR_CONTACT_LIST": null, "ELEVATOR_INTERCOM": null, "WORKING_HRS": "Yes", "EMPLOYEE_QTY": null, "EMPLOYEE_MALE": null, "EMPLOYEE_FEMALE": null, "EMPLOYEE_DIF_ABLE": null, "WORKING_HRS_STR": null, "WORKING_HRS_STP": null, "_source": "MCGM ArcGIS FeatureServer (official)"}}, {"type": "Feature", "id": 58, "geometry": {"type": "Point", "coordinates": [72.8330459250001, 18.9466047720001]}, "properties": {"OBJECTID": 58, "FEATUREID": "PS14068700120", "NAME": "Mumbai Police Headquarters", "TYPE": 1, "SUBTYPE": "Station", "LOCATION": "Commissioner of Police Office, Dadabhai Naoroji Road, Opp Crawford Market, Dhobi Talao, Fort, Mumbai 400001", "BRD_LINE_NO": "22620879", "CNTRL_ROOM_NO": "22621835", "TYPE_CONSTRUCT": null, "YEAR_CONSTRUCT": null, "NO_FLOOR": null, "NO_ROOMS": null, "NO_COM_TOILET": null, "NO_GEN_TOILET": null, "NO_LAD_TOILET": null, "BATHROOM_FAC": null, "RAMP_DISABLED": null, "OPEN_SPACE": null, "REMARKS": null, "EDUPDATEUSER": null, "EDUPDATETIME": null, "CREATED_USER": "DMMASTER@PRSRVGISDB.MUMBASE.MCGM.GOV.IN", "CREATED_DATE": 1649881931000, "LAST_EDITED_USER": "DMMASTER@PRSRVGISDB.MUMBASE.MCGM.GOV.IN", "LAST_EDITED_DATE": 1649882063000, "HEIGHT_TO_MSL": null, "WATER_TANK_CAPA": null, "SYMMETRIC": null, "GROUND": null, "NO_BASEMENT": null, "NO_HALL_AUD": null, "SEAT_CAPACITY": null, "NO_WATER_TANK": null, "NO_ELEVATOR": null, "PAS": null, "CCTV_SERVE": null, "STRUCTURAL_AUDIT": null, "FIRE_EXTING_SYS": null, "FIRE_AUDIT": null, "CENTRALIZED_AC": null, "DISPLAY_BOARD": null, "HAZ_MAT": null, "ALT_ELEC": null, "WARD": "A", "ELEVATOR_CONTACT_LIST": null, "ELEVATOR_INTERCOM": null, "WORKING_HRS": null, "EMPLOYEE_QTY": null, "EMPLOYEE_MALE": null, "EMPLOYEE_FEMALE": null, "EMPLOYEE_DIF_ABLE": null, "WORKING_HRS_STR": null, "WORKING_HRS_STP": null, "_source": "MCGM ArcGIS FeatureServer (official)"}}, {"type": "Feature", "id": 59, "geometry": {"type": "Point", "coordinates": [72.8782730040001, 19.076686991]}, "properties": {"OBJECTID": 59, "FEATUREID": "PS10000010324", "NAME": "288-TRIAL-Kurla Police Station 21", "TYPE": 1, "SUBTYPE": "Station", "LOCATION": "CST Road, Lal Bahadur Shastri Marg, Kapadia Nagar, Kurla, Mumbai, Maharashtra 400070\r\nCST Road, Lal Bahadur Shastri Marg, Kapadia Nagar, Kurla, Mumbai, Maharashtra 400070\r\n", "BRD_LINE_NO": "26500478\r\n", "CNTRL_ROOM_NO": "26502868\r\n", "TYPE_CONSTRUCT": null, "YEAR_CONSTRUCT": null, "NO_FLOOR": null, "NO_ROOMS": null, "NO_COM_TOILET": null, "NO_GEN_TOILET": null, "NO_LAD_TOILET": null, "BATHROOM_FAC": null, "RAMP_DISABLED": null, "OPEN_SPACE": null, "REMARKS": null, "EDUPDATEUSER": null, "EDUPDATETIME": null, "CREATED_USER": "DMMASTER@PRSRVGISDB.MUMBASE.MCGM.GOV.IN", "CREATED_DATE": 1648538374000, "LAST_EDITED_USER": "DMMASTER@PRSRVGISDB.MUMBASE.MCGM.GOV.IN", "LAST_EDITED_DATE": 1648538647000, "HEIGHT_TO_MSL": null, "WATER_TANK_CAPA": null, "SYMMETRIC": null, "GROUND": null, "NO_BASEMENT": null, "NO_HALL_AUD": null, "SEAT_CAPACITY": null, "NO_WATER_TANK": null, "NO_ELEVATOR": null, "PAS": null, "CCTV_SERVE": null, "STRUCTURAL_AUDIT": null, "FIRE_EXTING_SYS": null, "FIRE_AUDIT": null, "CENTRALIZED_AC": null, "DISPLAY_BOARD": null, "HAZ_MAT": null, "ALT_ELEC": null, "WARD": "L", "ELEVATOR_CONTACT_LIST": null, "ELEVATOR_INTERCOM": null, "WORKING_HRS": null, "EMPLOYEE_QTY": null, "EMPLOYEE_MALE": null, "EMPLOYEE_FEMALE": null, "EMPLOYEE_DIF_ABLE": null, "WORKING_HRS_STR": null, "WORKING_HRS_STP": null, "_source": "MCGM ArcGIS FeatureServer (official)"}}, {"type": "Feature", "id": 60, "geometry": {"type": "Point", "coordinates": [72.832804605, 19.103171963]}, "properties": {"OBJECTID": 60, "FEATUREID": "PS14240600146", "NAME": "Juhu Police Station", "TYPE": 1, "SUBTYPE": "Station", "LOCATION": "V.M.Road, Near Kalaniketan, Yamuna Nagar, Juhu, Vile Parle (W), Mumbai-400056.  ", "BRD_LINE_NO": "26184432", "CNTRL_ROOM_NO": "26183856, \n26184308", "TYPE_CONSTRUCT": null, "YEAR_CONSTRUCT": null, "NO_FLOOR": null, "NO_ROOMS": null, "NO_COM_TOILET": null, "NO_GEN_TOILET": null, "NO_LAD_TOILET": null, "BATHROOM_FAC": null, "RAMP_DISABLED": null, "OPEN_SPACE": null, "REMARKS": "Shashiknat Mane 9870267602               \njuhupolicestation@mtnl.net.in", "EDUPDATEUSER": null, "EDUPDATETIME": null, "CREATED_USER": "DMMASTER", "CREATED_DATE": 1479825702000, "LAST_EDITED_USER": "DMMASTER@PRSRVGISDB.MUMBASE.MCGM.GOV.IN", "LAST_EDITED_DATE": 1647930335000, "HEIGHT_TO_MSL": null, "WATER_TANK_CAPA": null, "SYMMETRIC": null, "GROUND": null, "NO_BASEMENT": null, "NO_HALL_AUD": null, "SEAT_CAPACITY": null, "NO_WATER_TANK": null, "NO_ELEVATOR": null, "PAS": null, "CCTV_SERVE": null, "STRUCTURAL_AUDIT": null, "FIRE_EXTING_SYS": null, "FIRE_AUDIT": null, "CENTRALIZED_AC": null, "DISPLAY_BOARD": null, "HAZ_MAT": null, "ALT_ELEC": null, "WARD": "K/W", "ELEVATOR_CONTACT_LIST": null, "ELEVATOR_INTERCOM": null, "WORKING_HRS": null, "EMPLOYEE_QTY": null, "EMPLOYEE_MALE": null, "EMPLOYEE_FEMALE": null, "EMPLOYEE_DIF_ABLE": null, "WORKING_HRS_STR": null, "WORKING_HRS_STP": null, "_source": "MCGM ArcGIS FeatureServer (official)"}}, {"type": "Feature", "id": 61, "geometry": {"type": "Point", "coordinates": [72.8806665180001, 19.0587439080001]}, "properties": {"OBJECTID": 61, "FEATUREID": "PS10000010325", "NAME": "Nehru Nagar Police Station", "TYPE": 1, "SUBTYPE": "Station", "LOCATION": "Nehru Nagar Colony, Kurla (E), Mumbai - 400024.  Pramod Khoparde   9821624266 neharunagar1985@gmail.com", "BRD_LINE_NO": "25290946", "CNTRL_ROOM_NO": "25224291", "TYPE_CONSTRUCT": null, "YEAR_CONSTRUCT": null, "NO_FLOOR": null, "NO_ROOMS": null, "NO_COM_TOILET": null, "NO_GEN_TOILET": null, "NO_LAD_TOILET": null, "BATHROOM_FAC": null, "RAMP_DISABLED": null, "OPEN_SPACE": null, "REMARKS": null, "EDUPDATEUSER": null, "EDUPDATETIME": null, "CREATED_USER": "DMMASTER@PRSRVGISDB.MUMBASE.MCGM.GOV.IN", "CREATED_DATE": 1649879422000, "LAST_EDITED_USER": "DMMASTER@PRSRVGISDB.MUMBASE.MCGM.GOV.IN", "LAST_EDITED_DATE": 1649879975000, "HEIGHT_TO_MSL": null, "WATER_TANK_CAPA": null, "SYMMETRIC": null, "GROUND": null, "NO_BASEMENT": null, "NO_HALL_AUD": null, "SEAT_CAPACITY": null, "NO_WATER_TANK": null, "NO_ELEVATOR": null, "PAS": null, "CCTV_SERVE": null, "STRUCTURAL_AUDIT": null, "FIRE_EXTING_SYS": null, "FIRE_AUDIT": null, "CENTRALIZED_AC": null, "DISPLAY_BOARD": null, "HAZ_MAT": null, "ALT_ELEC": null, "WARD": "L", "ELEVATOR_CONTACT_LIST": null, "ELEVATOR_INTERCOM": null, "WORKING_HRS": null, "EMPLOYEE_QTY": null, "EMPLOYEE_MALE": null, "EMPLOYEE_FEMALE": null, "EMPLOYEE_DIF_ABLE": null, "WORKING_HRS_STR": null, "WORKING_HRS_STP": null, "_source": "MCGM ArcGIS FeatureServer (official)"}}, {"type": "Feature", "id": 62, "geometry": {"type": "Point", "coordinates": [72.83342, 18.925152]}, "properties": {"OBJECTID": 62, "FEATUREID": "PS14047300119", "NAME": "Maharashtra State Police Headquarters", "TYPE": 2, "SUBTYPE": "Office", "LOCATION": "Maharashtra Police Mukhyalaya, Chhatrapati Shivaji Maharaj Marg, Colaba, Mumbai - 400001.", "BRD_LINE_NO": null, "CNTRL_ROOM_NO": null, "TYPE_CONSTRUCT": null, "YEAR_CONSTRUCT": null, "NO_FLOOR": null, "NO_ROOMS": null, "NO_COM_TOILET": null, "NO_GEN_TOILET": null, "NO_LAD_TOILET": null, "BATHROOM_FAC": null, "RAMP_DISABLED": null, "OPEN_SPACE": null, "REMARKS": null, "EDUPDATEUSER": null, "EDUPDATETIME": null, "CREATED_USER": "DMMASTER", "CREATED_DATE": 1479825702000, "LAST_EDITED_USER": "DMMASTER", "LAST_EDITED_DATE": 1598154911000, "HEIGHT_TO_MSL": null, "WATER_TANK_CAPA": null, "SYMMETRIC": null, "GROUND": null, "NO_BASEMENT": null, "NO_HALL_AUD": null, "SEAT_CAPACITY": null, "NO_WATER_TANK": null, "NO_ELEVATOR": null, "PAS": null, "CCTV_SERVE": null, "STRUCTURAL_AUDIT": null, "FIRE_EXTING_SYS": null, "FIRE_AUDIT": null, "CENTRALIZED_AC": null, "DISPLAY_BOARD": null, "HAZ_MAT": null, "ALT_ELEC": null, "WARD": "A", "ELEVATOR_CONTACT_LIST": null, "ELEVATOR_INTERCOM": null, "WORKING_HRS": null, "EMPLOYEE_QTY": null, "EMPLOYEE_MALE": null, "EMPLOYEE_FEMALE": null, "EMPLOYEE_DIF_ABLE": null, "WORKING_HRS_STR": null, "WORKING_HRS_STP": null, "_source": "MCGM ArcGIS FeatureServer (official)"}}, {"type": "Feature", "id": 63, "geometry": {"type": "Point", "coordinates": [72.835922, 18.9383050000001]}, "properties": {"OBJECTID": 63, "FEATUREID": "PS15050800122", "NAME": "Deputy Commissioner of Police DCP Z-I", "TYPE": 1, "SUBTYPE": "Office", "LOCATION": "109, Valchand Hirachand Marg, 1st Floor, Opp. G.P.O., Fort, Mumbai 400001.  Dr. Ravindra A.Shisave 9423121011 dcpzone1-mum@mahapolice.gov.in\n", "BRD_LINE_NO": "22620453", "CNTRL_ROOM_NO": "22671408", "TYPE_CONSTRUCT": null, "YEAR_CONSTRUCT": null, "NO_FLOOR": null, "NO_ROOMS": null, "NO_COM_TOILET": null, "NO_GEN_TOILET": null, "NO_LAD_TOILET": null, "BATHROOM_FAC": null, "RAMP_DISABLED": null, "OPEN_SPACE": null, "REMARKS": null, "EDUPDATEUSER": null, "EDUPDATETIME": null, "CREATED_USER": "DMMASTER", "CREATED_DATE": 1479825702000, "LAST_EDITED_USER": "DMMASTER", "LAST_EDITED_DATE": 1598154919000, "HEIGHT_TO_MSL": null, "WATER_TANK_CAPA": null, "SYMMETRIC": null, "GROUND": null, "NO_BASEMENT": null, "NO_HALL_AUD": null, "SEAT_CAPACITY": null, "NO_WATER_TANK": null, "NO_ELEVATOR": null, "PAS": null, "CCTV_SERVE": null, "STRUCTURAL_AUDIT": null, "FIRE_EXTING_SYS": null, "FIRE_AUDIT": null, "CENTRALIZED_AC": null, "DISPLAY_BOARD": null, "HAZ_MAT": null, "ALT_ELEC": null, "WARD": "A", "ELEVATOR_CONTACT_LIST": null, "ELEVATOR_INTERCOM": null, "WORKING_HRS": null, "EMPLOYEE_QTY": null, "EMPLOYEE_MALE": null, "EMPLOYEE_FEMALE": null, "EMPLOYEE_DIF_ABLE": null, "WORKING_HRS_STR": null, "WORKING_HRS_STP": null, "_source": "MCGM ArcGIS FeatureServer (official)"}}, {"type": "Feature", "id": 64, "geometry": null, "properties": {"OBJECTID": 64, "FEATUREID": "PS21182300072", "NAME": "Chembur Police Station", "TYPE": 1, "SUBTYPE": "Station", "LOCATION": "Opp.Basant Park Society, R.C. Marg, Chembur, Mumbai-400071. S.G.Dal 9821891680chemburpolicestation@gmail.com", "BRD_LINE_NO": null, "CNTRL_ROOM_NO": "25295677", "TYPE_CONSTRUCT": null, "YEAR_CONSTRUCT": null, "NO_FLOOR": 1, "NO_ROOMS": 10, "NO_COM_TOILET": 2, "NO_GEN_TOILET": null, "NO_LAD_TOILET": 3, "BATHROOM_FAC": 3, "RAMP_DISABLED": null, "OPEN_SPACE": 15000, "REMARKS": null, "EDUPDATEUSER": "Rathod Savita Ghevarchand", "EDUPDATETIME": 1628316173000, "CREATED_USER": "DMMASTER", "CREATED_DATE": 1479825702000, "LAST_EDITED_USER": "DMMASTER", "LAST_EDITED_DATE": 1598154955000, "HEIGHT_TO_MSL": null, "WATER_TANK_CAPA": "1000", "SYMMETRIC": null, "GROUND": null, "NO_BASEMENT": null, "NO_HALL_AUD": "1", "SEAT_CAPACITY": "50", "NO_WATER_TANK": null, "NO_ELEVATOR": null, "PAS": null, "CCTV_SERVE": null, "STRUCTURAL_AUDIT": null, "FIRE_EXTING_SYS": null, "FIRE_AUDIT": null, "CENTRALIZED_AC": null, "DISPLAY_BOARD": null, "HAZ_MAT": null, "ALT_ELEC": null, "WARD": null, "ELEVATOR_CONTACT_LIST": null, "ELEVATOR_INTERCOM": null, "WORKING_HRS": null, "EMPLOYEE_QTY": null, "EMPLOYEE_MALE": null, "EMPLOYEE_FEMALE": null, "EMPLOYEE_DIF_ABLE": null, "WORKING_HRS_STR": null, "WORKING_HRS_STP": null, "_source": "MCGM ArcGIS FeatureServer (official)"}}, {"type": "Feature", "id": 65, "geometry": {"type": "Point", "coordinates": [72.8762344180001, 19.0649449250001]}, "properties": {"OBJECTID": 65, "FEATUREID": "PS10000010323", "NAME": "Kurla Police Station", "TYPE": 1, "SUBTYPE": "Station", "LOCATION": "CST Road, Satejeevan Society, Kurla West", "BRD_LINE_NO": null, "CNTRL_ROOM_NO": null, "TYPE_CONSTRUCT": null, "YEAR_CONSTRUCT": null, "NO_FLOOR": null, "NO_ROOMS": null, "NO_COM_TOILET": null, "NO_GEN_TOILET": null, "NO_LAD_TOILET": null, "BATHROOM_FAC": null, "RAMP_DISABLED": null, "OPEN_SPACE": null, "REMARKS": null, "EDUPDATEUSER": null, "EDUPDATETIME": null, "CREATED_USER": "DMMASTER", "CREATED_DATE": 1479825702000, "LAST_EDITED_USER": "DMMASTER", "LAST_EDITED_DATE": 1598155210000, "HEIGHT_TO_MSL": null, "WATER_TANK_CAPA": null, "SYMMETRIC": null, "GROUND": null, "NO_BASEMENT": null, "NO_HALL_AUD": null, "SEAT_CAPACITY": null, "NO_WATER_TANK": null, "NO_ELEVATOR": null, "PAS": null, "CCTV_SERVE": null, "STRUCTURAL_AUDIT": null, "FIRE_EXTING_SYS": null, "FIRE_AUDIT": null, "CENTRALIZED_AC": null, "DISPLAY_BOARD": null, "HAZ_MAT": null, "ALT_ELEC": null, "WARD": "L", "ELEVATOR_CONTACT_LIST": null, "ELEVATOR_INTERCOM": null, "WORKING_HRS": null, "EMPLOYEE_QTY": null, "EMPLOYEE_MALE": null, "EMPLOYEE_FEMALE": null, "EMPLOYEE_DIF_ABLE": null, "WORKING_HRS_STR": null, "WORKING_HRS_STP": null, "_source": "MCGM ArcGIS FeatureServer (official)"}}, {"type": "Feature", "id": 66, "geometry": {"type": "Point", "coordinates": [72.8840989970001, 19.053862495]}, "properties": {"OBJECTID": 66, "FEATUREID": "PS10000010324", "NAME": "Chembur Traffice Division", "TYPE": 1, "SUBTYPE": "Traffic Chowki", "LOCATION": "Near Vijay Sales, Sumannagar, Chembur, Mumbai -74", "BRD_LINE_NO": null, "CNTRL_ROOM_NO": null, "TYPE_CONSTRUCT": null, "YEAR_CONSTRUCT": null, "NO_FLOOR": null, "NO_ROOMS": null, "NO_COM_TOILET": null, "NO_GEN_TOILET": null, "NO_LAD_TOILET": null, "BATHROOM_FAC": null, "RAMP_DISABLED": null, "OPEN_SPACE": null, "REMARKS": null, "EDUPDATEUSER": null, "EDUPDATETIME": null, "CREATED_USER": "DMMASTER", "CREATED_DATE": 1479825702000, "LAST_EDITED_USER": "DMMASTER", "LAST_EDITED_DATE": 1598155238000, "HEIGHT_TO_MSL": null, "WATER_TANK_CAPA": null, "SYMMETRIC": null, "GROUND": null, "NO_BASEMENT": null, "NO_HALL_AUD": null, "SEAT_CAPACITY": null, "NO_WATER_TANK": null, "NO_ELEVATOR": null, "PAS": null, "CCTV_SERVE": null, "STRUCTURAL_AUDIT": null, "FIRE_EXTING_SYS": null, "FIRE_AUDIT": null, "CENTRALIZED_AC": null, "DISPLAY_BOARD": null, "HAZ_MAT": null, "ALT_ELEC": null, "WARD": "M/W", "ELEVATOR_CONTACT_LIST": null, "ELEVATOR_INTERCOM": null, "WORKING_HRS": null, "EMPLOYEE_QTY": null, "EMPLOYEE_MALE": null, "EMPLOYEE_FEMALE": null, "EMPLOYEE_DIF_ABLE": null, "WORKING_HRS_STR": null, "WORKING_HRS_STP": null, "_source": "MCGM ArcGIS FeatureServer (official)"}}, {"type": "Feature", "id": 67, "geometry": {"type": "Point", "coordinates": [72.948227, 19.164789]}, "properties": {"OBJECTID": 67, "FEATUREID": "PS27301700111", "NAME": "Ashok Nagar Police Outpost", "TYPE": 1, "SUBTYPE": "Station", "LOCATION": "Ashoknagar Police Outpost\nMulund West", "BRD_LINE_NO": null, "CNTRL_ROOM_NO": null, "TYPE_CONSTRUCT": null, "YEAR_CONSTRUCT": null, "NO_FLOOR": null, "NO_ROOMS": null, "NO_COM_TOILET": null, "NO_GEN_TOILET": null, "NO_LAD_TOILET": null, "BATHROOM_FAC": null, "RAMP_DISABLED": null, "OPEN_SPACE": null, "REMARKS": null, "EDUPDATEUSER": null, "EDUPDATETIME": null, "CREATED_USER": "DMMASTER", "CREATED_DATE": 1479825702000, "LAST_EDITED_USER": "DMMASTER", "LAST_EDITED_DATE": 1598154884000, "HEIGHT_TO_MSL": null, "WATER_TANK_CAPA": null, "SYMMETRIC": null, "GROUND": null, "NO_BASEMENT": null, "NO_HALL_AUD": null, "SEAT_CAPACITY": null, "NO_WATER_TANK": null, "NO_ELEVATOR": null, "PAS": null, "CCTV_SERVE": null, "STRUCTURAL_AUDIT": null, "FIRE_EXTING_SYS": null, "FIRE_AUDIT": null, "CENTRALIZED_AC": null, "DISPLAY_BOARD": null, "HAZ_MAT": null, "ALT_ELEC": null, "WARD": "T", "ELEVATOR_CONTACT_LIST": null, "ELEVATOR_INTERCOM": null, "WORKING_HRS": null, "EMPLOYEE_QTY": null, "EMPLOYEE_MALE": null, "EMPLOYEE_FEMALE": null, "EMPLOYEE_DIF_ABLE": null, "WORKING_HRS_STR": null, "WORKING_HRS_STP": null, "_source": "MCGM ArcGIS FeatureServer (official)"}}, {"type": "Feature", "id": 68, "geometry": {"type": "Point", "coordinates": [72.899475183, 19.1197043870001]}, "properties": {"OBJECTID": 68, "FEATUREID": "PS21259800064", "NAME": "Powai Police Station", "TYPE": 1, "SUBTYPE": "Station  ", "LOCATION": "Rambaug Junction, A.D. Marg, Powai, Mumbai - 400072.  B.K.Mahadeshwar  9594376376\npowaipolicestation@mtnl.net.in", "BRD_LINE_NO": "25700218", "CNTRL_ROOM_NO": "25702492, \n25702690", "TYPE_CONSTRUCT": null, "YEAR_CONSTRUCT": null, "NO_FLOOR": null, "NO_ROOMS": null, "NO_COM_TOILET": null, "NO_GEN_TOILET": null, "NO_LAD_TOILET": null, "BATHROOM_FAC": null, "RAMP_DISABLED": null, "OPEN_SPACE": null, "REMARKS": null, "EDUPDATEUSER": "Ajit N Deshmukh", "EDUPDATETIME": 1445731200000, "CREATED_USER": "DMMASTER", "CREATED_DATE": 1479825702000, "LAST_EDITED_USER": "DMMASTER", "LAST_EDITED_DATE": 1598155270000, "HEIGHT_TO_MSL": null, "WATER_TANK_CAPA": null, "SYMMETRIC": null, "GROUND": null, "NO_BASEMENT": null, "NO_HALL_AUD": null, "SEAT_CAPACITY": null, "NO_WATER_TANK": null, "NO_ELEVATOR": null, "PAS": null, "CCTV_SERVE": null, "STRUCTURAL_AUDIT": null, "FIRE_EXTING_SYS": null, "FIRE_AUDIT": null, "CENTRALIZED_AC": null, "DISPLAY_BOARD": null, "HAZ_MAT": null, "ALT_ELEC": null, "WARD": "S", "ELEVATOR_CONTACT_LIST": null, "ELEVATOR_INTERCOM": null, "WORKING_HRS": null, "EMPLOYEE_QTY": null, "EMPLOYEE_MALE": null, "EMPLOYEE_FEMALE": null, "EMPLOYEE_DIF_ABLE": null, "WORKING_HRS_STR": null, "WORKING_HRS_STP": null, "_source": "MCGM ArcGIS FeatureServer (official)"}}, {"type": "Feature", "id": 69, "geometry": {"type": "Point", "coordinates": [72.91712246, 19.0585950020001]}, "properties": {"OBJECTID": 69, "FEATUREID": "PS23198000065", "NAME": "Deonar Police Station", "TYPE": 1, "SUBTYPE": "Station", "LOCATION": "Behind Deonar Slaughter House, Govandi, \nMumbai-400043. Dhanraj.S.Gaikwad 9769908904\ndeonarpolicestation@mtnl.net.in", "BRD_LINE_NO": "25504292", "CNTRL_ROOM_NO": "25568682, \n25567406", "TYPE_CONSTRUCT": null, "YEAR_CONSTRUCT": null, "NO_FLOOR": null, "NO_ROOMS": null, "NO_COM_TOILET": null, "NO_GEN_TOILET": null, "NO_LAD_TOILET": null, "BATHROOM_FAC": null, "RAMP_DISABLED": null, "OPEN_SPACE": null, "REMARKS": null, "EDUPDATEUSER": "Ajit N Deshmukh", "EDUPDATETIME": 1445731200000, "CREATED_USER": "DMMASTER", "CREATED_DATE": 1479825702000, "LAST_EDITED_USER": "DMMASTER", "LAST_EDITED_DATE": 1598155279000, "HEIGHT_TO_MSL": null, "WATER_TANK_CAPA": null, "SYMMETRIC": null, "GROUND": null, "NO_BASEMENT": null, "NO_HALL_AUD": null, "SEAT_CAPACITY": null, "NO_WATER_TANK": null, "NO_ELEVATOR": null, "PAS": null, "CCTV_SERVE": null, "STRUCTURAL_AUDIT": null, "FIRE_EXTING_SYS": null, "FIRE_AUDIT": null, "CENTRALIZED_AC": null, "DISPLAY_BOARD": null, "HAZ_MAT": null, "ALT_ELEC": null, "WARD": "M/E", "ELEVATOR_CONTACT_LIST": null, "ELEVATOR_INTERCOM": null, "WORKING_HRS": null, "EMPLOYEE_QTY": null, "EMPLOYEE_MALE": null, "EMPLOYEE_FEMALE": null, "EMPLOYEE_DIF_ABLE": null, "WORKING_HRS_STR": null, "WORKING_HRS_STP": null, "_source": "MCGM ArcGIS FeatureServer (official)"}}, {"type": "Feature", "id": 70, "geometry": {"type": "Point", "coordinates": [72.9454227250001, 19.0382175670001]}, "properties": {"OBJECTID": 70, "FEATUREID": "PS26167700066", "NAME": "Trombay Police Station", "TYPE": 1, "SUBTYPE": "Station", "LOCATION": "Cheeta Camp, Sion-Trombay Road,\nMumbai -400088. Nitin Vinayak Yadav trombaypolicestation@gmail.com", "BRD_LINE_NO": "25567190", "CNTRL_ROOM_NO": "25563382, \n25222121", "TYPE_CONSTRUCT": null, "YEAR_CONSTRUCT": null, "NO_FLOOR": null, "NO_ROOMS": null, "NO_COM_TOILET": null, "NO_GEN_TOILET": null, "NO_LAD_TOILET": null, "BATHROOM_FAC": null, "RAMP_DISABLED": null, "OPEN_SPACE": null, "REMARKS": null, "EDUPDATEUSER": "Ajit N Deshmukh", "EDUPDATETIME": 1445731200000, "CREATED_USER": "DMMASTER", "CREATED_DATE": 1479825702000, "LAST_EDITED_USER": "DMMASTER", "LAST_EDITED_DATE": 1598155293000, "HEIGHT_TO_MSL": null, "WATER_TANK_CAPA": null, "SYMMETRIC": null, "GROUND": null, "NO_BASEMENT": null, "NO_HALL_AUD": null, "SEAT_CAPACITY": null, "NO_WATER_TANK": null, "NO_ELEVATOR": null, "PAS": null, "CCTV_SERVE": null, "STRUCTURAL_AUDIT": null, "FIRE_EXTING_SYS": null, "FIRE_AUDIT": null, "CENTRALIZED_AC": null, "DISPLAY_BOARD": null, "HAZ_MAT": null, "ALT_ELEC": null, "WARD": "M/E", "ELEVATOR_CONTACT_LIST": null, "ELEVATOR_INTERCOM": null, "WORKING_HRS": null, "EMPLOYEE_QTY": null, "EMPLOYEE_MALE": null, "EMPLOYEE_FEMALE": null, "EMPLOYEE_DIF_ABLE": null, "WORKING_HRS_STR": null, "WORKING_HRS_STP": null, "_source": "MCGM ArcGIS FeatureServer (official)"}}, {"type": "Feature", "id": 71, "geometry": {"type": "Point", "coordinates": [72.9069670000001, 19.045599]}, "properties": {"OBJECTID": 71, "FEATUREID": "PS22176600068", "NAME": "C G Road Police Station", "TYPE": 1, "SUBTYPE": "Station", "LOCATION": "Police Station, Dr Choitram Gidwani Road, Chembur, Mumbai,", "BRD_LINE_NO": null, "CNTRL_ROOM_NO": null, "TYPE_CONSTRUCT": null, "YEAR_CONSTRUCT": null, "NO_FLOOR": null, "NO_ROOMS": null, "NO_COM_TOILET": null, "NO_GEN_TOILET": null, "NO_LAD_TOILET": null, "BATHROOM_FAC": null, "RAMP_DISABLED": null, "OPEN_SPACE": null, "REMARKS": null, "EDUPDATEUSER": null, "EDUPDATETIME": null, "CREATED_USER": "DMMASTER", "CREATED_DATE": 1479825702000, "LAST_EDITED_USER": "DMMASTER", "LAST_EDITED_DATE": 1598155313000, "HEIGHT_TO_MSL": null, "WATER_TANK_CAPA": null, "SYMMETRIC": null, "GROUND": null, "NO_BASEMENT": null, "NO_HALL_AUD": null, "SEAT_CAPACITY": null, "NO_WATER_TANK": null, "NO_ELEVATOR": null, "PAS": null, "CCTV_SERVE": null, "STRUCTURAL_AUDIT": null, "FIRE_EXTING_SYS": null, "FIRE_AUDIT": null, "CENTRALIZED_AC": null, "DISPLAY_BOARD": null, "HAZ_MAT": null, "ALT_ELEC": null, "WARD": "M/E", "ELEVATOR_CONTACT_LIST": null, "ELEVATOR_INTERCOM": null, "WORKING_HRS": null, "EMPLOYEE_QTY": null, "EMPLOYEE_MALE": null, "EMPLOYEE_FEMALE": null, "EMPLOYEE_DIF_ABLE": null, "WORKING_HRS_STR": null, "WORKING_HRS_STP": null, "_source": "MCGM ArcGIS FeatureServer (official)"}}, {"type": "Feature", "id": 72, "geometry": {"type": "Point", "coordinates": [72.9262580700001, 19.0532227520001]}, "properties": {"OBJECTID": 72, "FEATUREID": "PS24187400067", "NAME": "Mankhurd Police Station", "TYPE": 1, "SUBTYPE": "Station", "LOCATION": "Bld.No.7/A, Lallubhai Compound, Mankhurd, Mumbai - 400043.  Nasor A.H.Shaikh 9320091966\nmankhurdpolicestation@mtnl.net.in", "BRD_LINE_NO": "28917286", "CNTRL_ROOM_NO": "27909001", "TYPE_CONSTRUCT": null, "YEAR_CONSTRUCT": null, "NO_FLOOR": null, "NO_ROOMS": null, "NO_COM_TOILET": null, "NO_GEN_TOILET": null, "NO_LAD_TOILET": null, "BATHROOM_FAC": null, "RAMP_DISABLED": null, "OPEN_SPACE": null, "REMARKS": "Re- Locate", "EDUPDATEUSER": "Ajit N Deshmukh", "EDUPDATETIME": 1445731200000, "CREATED_USER": "DMMASTER", "CREATED_DATE": 1479825702000, "LAST_EDITED_USER": "DMMASTER", "LAST_EDITED_DATE": 1598155345000, "HEIGHT_TO_MSL": null, "WATER_TANK_CAPA": null, "SYMMETRIC": null, "GROUND": null, "NO_BASEMENT": null, "NO_HALL_AUD": null, "SEAT_CAPACITY": null, "NO_WATER_TANK": null, "NO_ELEVATOR": null, "PAS": null, "CCTV_SERVE": null, "STRUCTURAL_AUDIT": null, "FIRE_EXTING_SYS": null, "FIRE_AUDIT": null, "CENTRALIZED_AC": null, "DISPLAY_BOARD": null, "HAZ_MAT": null, "ALT_ELEC": null, "WARD": "M/E", "ELEVATOR_CONTACT_LIST": null, "ELEVATOR_INTERCOM": null, "WORKING_HRS": null, "EMPLOYEE_QTY": null, "EMPLOYEE_MALE": null, "EMPLOYEE_FEMALE": null, "EMPLOYEE_DIF_ABLE": null, "WORKING_HRS_STR": null, "WORKING_HRS_STP": null, "_source": "MCGM ArcGIS FeatureServer (official)"}}, {"type": "Feature", "id": 73, "geometry": {"type": "Point", "coordinates": [72.842295285, 19.0482591460001]}, "properties": {"OBJECTID": 73, "FEATUREID": "PS15188000154", "NAME": "Mumbai Sagari Police Station", "TYPE": 1, "SUBTYPE": "Station", "LOCATION": "New Mahim Police Line, Ground Floor, Building No 09, S.L.Raheja Road, Mahim, Mumbai - 400016.  Vijay M. Kadam 9821671217 mumbaisagaripolicestation@mtnl.net.in", "BRD_LINE_NO": "24440091", "CNTRL_ROOM_NO": "24440395, \n24440091", "TYPE_CONSTRUCT": null, "YEAR_CONSTRUCT": null, "NO_FLOOR": null, "NO_ROOMS": null, "NO_COM_TOILET": null, "NO_GEN_TOILET": null, "NO_LAD_TOILET": null, "BATHROOM_FAC": null, "RAMP_DISABLED": null, "OPEN_SPACE": null, "REMARKS": null, "EDUPDATEUSER": null, "EDUPDATETIME": null, "CREATED_USER": "DMMASTER", "CREATED_DATE": 1479825702000, "LAST_EDITED_USER": "DMMASTER", "LAST_EDITED_DATE": 1598155355000, "HEIGHT_TO_MSL": null, "WATER_TANK_CAPA": null, "SYMMETRIC": null, "GROUND": null, "NO_BASEMENT": null, "NO_HALL_AUD": null, "SEAT_CAPACITY": null, "NO_WATER_TANK": null, "NO_ELEVATOR": null, "PAS": null, "CCTV_SERVE": null, "STRUCTURAL_AUDIT": null, "FIRE_EXTING_SYS": null, "FIRE_AUDIT": null, "CENTRALIZED_AC": null, "DISPLAY_BOARD": null, "HAZ_MAT": null, "ALT_ELEC": null, "WARD": "G/N", "ELEVATOR_CONTACT_LIST": null, "ELEVATOR_INTERCOM": null, "WORKING_HRS": null, "EMPLOYEE_QTY": null, "EMPLOYEE_MALE": null, "EMPLOYEE_FEMALE": null, "EMPLOYEE_DIF_ABLE": null, "WORKING_HRS_STR": null, "WORKING_HRS_STP": null, "_source": "MCGM ArcGIS FeatureServer (official)"}}, {"type": "Feature", "id": 74, "geometry": {"type": "Point", "coordinates": [72.8841817860001, 19.071716641]}, "properties": {"OBJECTID": 74, "FEATUREID": "PS20203500153", "NAME": "V B Nagar Police Station", "TYPE": 1, "SUBTYPE": "Station", "LOCATION": "H.I.G Colony, BLD NO. 7 Kohonoor Co.op Hs . Society. V.B Nagar, Kurla (W), Mumbai - 400070. Pravin More  9821517320 vbnagarpolicestation@mtnl.net.in", "BRD_LINE_NO": "26500296", "CNTRL_ROOM_NO": "26500298, \n26500299", "TYPE_CONSTRUCT": null, "YEAR_CONSTRUCT": null, "NO_FLOOR": null, "NO_ROOMS": null, "NO_COM_TOILET": null, "NO_GEN_TOILET": null, "NO_LAD_TOILET": null, "BATHROOM_FAC": null, "RAMP_DISABLED": null, "OPEN_SPACE": null, "REMARKS": "L ward", "EDUPDATEUSER": null, "EDUPDATETIME": null, "CREATED_USER": "DMMASTER", "CREATED_DATE": 1479825702000, "LAST_EDITED_USER": "DMMASTER", "LAST_EDITED_DATE": 1598155366000, "HEIGHT_TO_MSL": null, "WATER_TANK_CAPA": null, "SYMMETRIC": null, "GROUND": null, "NO_BASEMENT": null, "NO_HALL_AUD": null, "SEAT_CAPACITY": null, "NO_WATER_TANK": null, "NO_ELEVATOR": null, "PAS": null, "CCTV_SERVE": null, "STRUCTURAL_AUDIT": null, "FIRE_EXTING_SYS": null, "FIRE_AUDIT": null, "CENTRALIZED_AC": null, "DISPLAY_BOARD": null, "HAZ_MAT": null, "ALT_ELEC": null, "WARD": "L", "ELEVATOR_CONTACT_LIST": null, "ELEVATOR_INTERCOM": null, "WORKING_HRS": null, "EMPLOYEE_QTY": null, "EMPLOYEE_MALE": null, "EMPLOYEE_FEMALE": null, "EMPLOYEE_DIF_ABLE": null, "WORKING_HRS_STR": null, "WORKING_HRS_STP": null, "_source": "MCGM ArcGIS FeatureServer (official)"}}, {"type": "Feature", "id": 75, "geometry": {"type": "Point", "coordinates": [72.8955990000001, 19.0364890000001]}, "properties": {"OBJECTID": 75, "FEATUREID": "PS21164600070", "NAME": "R C F Police Station", "TYPE": 1, "SUBTYPE": "Station", "LOCATION": "Survey No 12 B, 13 B, CTS No 213,215, 216, Rc Marg, \n Hemu Kalani Marg, Sindhi Society, Chembur, Mumbai 400074.  Dilip Vishnu Raut 9870204020 rcfpolicestation@mtnl.net.in", "BRD_LINE_NO": "25541991", "CNTRL_ROOM_NO": "25541690", "TYPE_CONSTRUCT": null, "YEAR_CONSTRUCT": null, "NO_FLOOR": null, "NO_ROOMS": null, "NO_COM_TOILET": null, "NO_GEN_TOILET": null, "NO_LAD_TOILET": null, "BATHROOM_FAC": null, "RAMP_DISABLED": null, "OPEN_SPACE": null, "REMARKS": null, "EDUPDATEUSER": "Ajit N Deshmukh", "EDUPDATETIME": 1445731200000, "CREATED_USER": "DMMASTER", "CREATED_DATE": 1479825702000, "LAST_EDITED_USER": "DMMASTER", "LAST_EDITED_DATE": 1598155484000, "HEIGHT_TO_MSL": null, "WATER_TANK_CAPA": null, "SYMMETRIC": null, "GROUND": null, "NO_BASEMENT": null, "NO_HALL_AUD": null, "SEAT_CAPACITY": null, "NO_WATER_TANK": null, "NO_ELEVATOR": null, "PAS": null, "CCTV_SERVE": null, "STRUCTURAL_AUDIT": null, "FIRE_EXTING_SYS": null, "FIRE_AUDIT": null, "CENTRALIZED_AC": null, "DISPLAY_BOARD": null, "HAZ_MAT": null, "ALT_ELEC": null, "WARD": "M/E", "ELEVATOR_CONTACT_LIST": null, "ELEVATOR_INTERCOM": null, "WORKING_HRS": null, "EMPLOYEE_QTY": null, "EMPLOYEE_MALE": null, "EMPLOYEE_FEMALE": null, "EMPLOYEE_DIF_ABLE": null, "WORKING_HRS_STR": null, "WORKING_HRS_STP": null, "_source": "MCGM ArcGIS FeatureServer (official)"}}, {"type": "Feature", "id": 76, "geometry": {"type": "Point", "coordinates": [72.936775551, 19.076650391]}, "properties": {"OBJECTID": 76, "FEATUREID": "PS10000100157", "NAME": "Kurla Police Station", "TYPE": 1, "SUBTYPE": "Station", "LOCATION": "Sarveshwar Mandir Marg, Takiya Ward, Kurla (W) Mumbai 400070", "BRD_LINE_NO": null, "CNTRL_ROOM_NO": null, "TYPE_CONSTRUCT": null, "YEAR_CONSTRUCT": null, "NO_FLOOR": null, "NO_ROOMS": null, "NO_COM_TOILET": null, "NO_GEN_TOILET": null, "NO_LAD_TOILET": null, "BATHROOM_FAC": null, "RAMP_DISABLED": null, "OPEN_SPACE": null, "REMARKS": null, "EDUPDATEUSER": null, "EDUPDATETIME": null, "CREATED_USER": "DMMASTER", "CREATED_DATE": 1479825702000, "LAST_EDITED_USER": "DMMASTER", "LAST_EDITED_DATE": 1598155619000, "HEIGHT_TO_MSL": null, "WATER_TANK_CAPA": null, "SYMMETRIC": null, "GROUND": null, "NO_BASEMENT": null, "NO_HALL_AUD": null, "SEAT_CAPACITY": null, "NO_WATER_TANK": null, "NO_ELEVATOR": null, "PAS": null, "CCTV_SERVE": null, "STRUCTURAL_AUDIT": null, "FIRE_EXTING_SYS": null, "FIRE_AUDIT": null, "CENTRALIZED_AC": null, "DISPLAY_BOARD": null, "HAZ_MAT": null, "ALT_ELEC": null, "WARD": "N", "ELEVATOR_CONTACT_LIST": null, "ELEVATOR_INTERCOM": null, "WORKING_HRS": null, "EMPLOYEE_QTY": null, "EMPLOYEE_MALE": null, "EMPLOYEE_FEMALE": null, "EMPLOYEE_DIF_ABLE": null, "WORKING_HRS_STR": null, "WORKING_HRS_STP": null, "_source": "MCGM ArcGIS FeatureServer (official)"}}, {"type": "Feature", "id": 77, "geometry": {"type": "Point", "coordinates": [72.8610787860001, 19.1314907610001]}, "properties": {"OBJECTID": 77, "FEATUREID": "PS18271000148", "NAME": "Meghwadi Police Station", "TYPE": 1, "SUBTYPE": "Station", "LOCATION": "Income Tax Colony, R R Thakur Road, Jogeshwari East, Mumbai- 400060. A.Vastrad 9867251988 acpmeghwadi@mtnl.net.in  Vinod V. Shinde 9821239102 meghwadipolicestation@mtnl.net.in", "BRD_LINE_NO": "28367548", "CNTRL_ROOM_NO": "28210860", "TYPE_CONSTRUCT": null, "YEAR_CONSTRUCT": null, "NO_FLOOR": null, "NO_ROOMS": null, "NO_COM_TOILET": null, "NO_GEN_TOILET": null, "NO_LAD_TOILET": null, "BATHROOM_FAC": null, "RAMP_DISABLED": null, "OPEN_SPACE": null, "REMARKS": "28367548, 28210837", "EDUPDATEUSER": "Dhaygude Sachin Sadashiv", "EDUPDATETIME": 1601741894000, "CREATED_USER": "DMMASTER", "CREATED_DATE": 1479825702000, "LAST_EDITED_USER": "DMMASTER", "LAST_EDITED_DATE": 1602503011000, "HEIGHT_TO_MSL": null, "WATER_TANK_CAPA": null, "SYMMETRIC": null, "GROUND": null, "NO_BASEMENT": null, "NO_HALL_AUD": null, "SEAT_CAPACITY": null, "NO_WATER_TANK": null, "NO_ELEVATOR": null, "PAS": null, "CCTV_SERVE": null, "STRUCTURAL_AUDIT": null, "FIRE_EXTING_SYS": null, "FIRE_AUDIT": null, "CENTRALIZED_AC": null, "DISPLAY_BOARD": null, "HAZ_MAT": null, "ALT_ELEC": null, "WARD": "K/E", "ELEVATOR_CONTACT_LIST": null, "ELEVATOR_INTERCOM": null, "WORKING_HRS": null, "EMPLOYEE_QTY": null, "EMPLOYEE_MALE": null, "EMPLOYEE_FEMALE": null, "EMPLOYEE_DIF_ABLE": null, "WORKING_HRS_STR": null, "WORKING_HRS_STP": null, "_source": "MCGM ArcGIS FeatureServer (official)"}}, {"type": "Feature", "id": 78, "geometry": {"type": "Point", "coordinates": [72.8423905500001, 18.9879120520001]}, "properties": {"OBJECTID": 78, "FEATUREID": "PS15118300002", "NAME": "Kalachowki Police Station", "TYPE": 1, "SUBTYPE": "Station", "LOCATION": "Veer Shrikant Hadkar Marg, Chatai Chawl, Abhyudaya Nagar, Kalachowki, Parel Mumbai - 400033. ", "BRD_LINE_NO": "23715863", "CNTRL_ROOM_NO": "23757357, 23754128", "TYPE_CONSTRUCT": null, "YEAR_CONSTRUCT": null, "NO_FLOOR": null, "NO_ROOMS": null, "NO_COM_TOILET": null, "NO_GEN_TOILET": null, "NO_LAD_TOILET": null, "BATHROOM_FAC": null, "RAMP_DISABLED": null, "OPEN_SPACE": null, "REMARKS": "kalachowkipolicestation@mtnl.net.in  Re-locate", "EDUPDATEUSER": "Ajit N Deshmukh", "EDUPDATETIME": 1445731200000, "CREATED_USER": "DMMASTER", "CREATED_DATE": 1479825702000, "LAST_EDITED_USER": "DMMASTER", "LAST_EDITED_DATE": 1566308540000, "HEIGHT_TO_MSL": null, "WATER_TANK_CAPA": null, "SYMMETRIC": null, "GROUND": null, "NO_BASEMENT": null, "NO_HALL_AUD": null, "SEAT_CAPACITY": null, "NO_WATER_TANK": null, "NO_ELEVATOR": null, "PAS": null, "CCTV_SERVE": null, "STRUCTURAL_AUDIT": null, "FIRE_EXTING_SYS": null, "FIRE_AUDIT": null, "CENTRALIZED_AC": null, "DISPLAY_BOARD": null, "HAZ_MAT": null, "ALT_ELEC": null, "WARD": "F/S", "ELEVATOR_CONTACT_LIST": null, "ELEVATOR_INTERCOM": null, "WORKING_HRS": null, "EMPLOYEE_QTY": null, "EMPLOYEE_MALE": null, "EMPLOYEE_FEMALE": null, "EMPLOYEE_DIF_ABLE": null, "WORKING_HRS_STR": null, "WORKING_HRS_STP": null, "_source": "MCGM ArcGIS FeatureServer (official)"}}, {"type": "Feature", "id": 79, "geometry": {"type": "Point", "coordinates": [72.8576560000001, 19.0308690000001]}, "properties": {"OBJECTID": 79, "FEATUREID": "PS17164000007", "NAME": "Sion Police Station", "TYPE": 1, "SUBTYPE": "Station", "LOCATION": "Matunga Police Station compound,King's Circle Flyover, Mutunga,  Mumbai-400019.", "BRD_LINE_NO": "24031376", "CNTRL_ROOM_NO": "24026307", "TYPE_CONSTRUCT": null, "YEAR_CONSTRUCT": null, "NO_FLOOR": null, "NO_ROOMS": null, "NO_COM_TOILET": null, "NO_GEN_TOILET": null, "NO_LAD_TOILET": null, "BATHROOM_FAC": null, "RAMP_DISABLED": null, "OPEN_SPACE": null, "REMARKS": "Y.C.Gorade 9870160621 sionpolicestation@mtnl.net.in", "EDUPDATEUSER": "Ajit N Deshmukh", "EDUPDATETIME": 1445731200000, "CREATED_USER": "DMMASTER", "CREATED_DATE": 1479825702000, "LAST_EDITED_USER": "DMMASTER", "LAST_EDITED_DATE": 1566308566000, "HEIGHT_TO_MSL": null, "WATER_TANK_CAPA": null, "SYMMETRIC": null, "GROUND": null, "NO_BASEMENT": null, "NO_HALL_AUD": null, "SEAT_CAPACITY": null, "NO_WATER_TANK": null, "NO_ELEVATOR": null, "PAS": null, "CCTV_SERVE": null, "STRUCTURAL_AUDIT": null, "FIRE_EXTING_SYS": null, "FIRE_AUDIT": null, "CENTRALIZED_AC": null, "DISPLAY_BOARD": null, "HAZ_MAT": null, "ALT_ELEC": null, "WARD": "F/N", "ELEVATOR_CONTACT_LIST": null, "ELEVATOR_INTERCOM": null, "WORKING_HRS": null, "EMPLOYEE_QTY": null, "EMPLOYEE_MALE": null, "EMPLOYEE_FEMALE": null, "EMPLOYEE_DIF_ABLE": null, "WORKING_HRS_STR": null, "WORKING_HRS_STP": null, "_source": "MCGM ArcGIS FeatureServer (official)"}}, {"type": "Feature", "id": 80, "geometry": {"type": "Point", "coordinates": [72.8578390000001, 19.0311560000001]}, "properties": {"OBJECTID": 80, "FEATUREID": "PS17164000008", "NAME": "Matunga Police Station", "TYPE": 1, "SUBTYPE": "Station", "LOCATION": "Dr. Babasaheb Ambedkar Road, King's Circle Flyover, Mutunga,  Mumbai-400019. ", "BRD_LINE_NO": "24021512", "CNTRL_ROOM_NO": "24011783, 24010103\n ", "TYPE_CONSTRUCT": null, "YEAR_CONSTRUCT": null, "NO_FLOOR": null, "NO_ROOMS": null, "NO_COM_TOILET": null, "NO_GEN_TOILET": null, "NO_LAD_TOILET": null, "BATHROOM_FAC": null, "RAMP_DISABLED": null, "OPEN_SPACE": null, "REMARKS": "B.M.Kakad 9821220270\nmatungapolicestation@mtnl.net.in", "EDUPDATEUSER": "Ajit N Deshmukh", "EDUPDATETIME": 1445731200000, "CREATED_USER": "DMMASTER", "CREATED_DATE": 1479825702000, "LAST_EDITED_USER": "DMMASTER", "LAST_EDITED_DATE": 1566308512000, "HEIGHT_TO_MSL": null, "WATER_TANK_CAPA": null, "SYMMETRIC": null, "GROUND": null, "NO_BASEMENT": null, "NO_HALL_AUD": null, "SEAT_CAPACITY": null, "NO_WATER_TANK": null, "NO_ELEVATOR": null, "PAS": null, "CCTV_SERVE": null, "STRUCTURAL_AUDIT": null, "FIRE_EXTING_SYS": null, "FIRE_AUDIT": null, "CENTRALIZED_AC": null, "DISPLAY_BOARD": null, "HAZ_MAT": null, "ALT_ELEC": null, "WARD": "F/N", "ELEVATOR_CONTACT_LIST": null, "ELEVATOR_INTERCOM": null, "WORKING_HRS": null, "EMPLOYEE_QTY": null, "EMPLOYEE_MALE": null, "EMPLOYEE_FEMALE": null, "EMPLOYEE_DIF_ABLE": null, "WORKING_HRS_STR": null, "WORKING_HRS_STP": null, "_source": "MCGM ArcGIS FeatureServer (official)"}}, {"type": "Feature", "id": 81, "geometry": {"type": "Point", "coordinates": [72.86467049, 19.0305166900001]}, "properties": {"OBJECTID": 81, "FEATUREID": "PS18154000009", "NAME": "Antop Hill Police Station", "TYPE": 1, "SUBTYPE": "Station", "LOCATION": "Bldg. No.229, Ground Flr, Sector - VI, Antop Hill, Mumbai-37. M.Khollam, 9870549544\nantophillpolicestation@mtnl.net.in", "BRD_LINE_NO": "24013767", "CNTRL_ROOM_NO": "24074447, 24013767\n", "TYPE_CONSTRUCT": null, "YEAR_CONSTRUCT": null, "NO_FLOOR": null, "NO_ROOMS": null, "NO_COM_TOILET": null, "NO_GEN_TOILET": null, "NO_LAD_TOILET": null, "BATHROOM_FAC": null, "RAMP_DISABLED": null, "OPEN_SPACE": null, "REMARKS": null, "EDUPDATEUSER": "Ajit N Deshmukh", "EDUPDATETIME": 1445731200000, "CREATED_USER": "DMMASTER", "CREATED_DATE": 1479825702000, "LAST_EDITED_USER": "DMMASTER", "LAST_EDITED_DATE": 1566308617000, "HEIGHT_TO_MSL": null, "WATER_TANK_CAPA": null, "SYMMETRIC": null, "GROUND": null, "NO_BASEMENT": null, "NO_HALL_AUD": null, "SEAT_CAPACITY": null, "NO_WATER_TANK": null, "NO_ELEVATOR": null, "PAS": null, "CCTV_SERVE": null, "STRUCTURAL_AUDIT": null, "FIRE_EXTING_SYS": null, "FIRE_AUDIT": null, "CENTRALIZED_AC": null, "DISPLAY_BOARD": null, "HAZ_MAT": null, "ALT_ELEC": null, "WARD": "F/N", "ELEVATOR_CONTACT_LIST": null, "ELEVATOR_INTERCOM": null, "WORKING_HRS": null, "EMPLOYEE_QTY": null, "EMPLOYEE_MALE": null, "EMPLOYEE_FEMALE": null, "EMPLOYEE_DIF_ABLE": null, "WORKING_HRS_STR": null, "WORKING_HRS_STP": null, "_source": "MCGM ArcGIS FeatureServer (official)"}}, {"type": "Feature", "id": 82, "geometry": null, "properties": {"OBJECTID": 82, "FEATUREID": "PS15141300028", "NAME": "Dadar Police Station", "TYPE": 1, "SUBTYPE": "Station", "LOCATION": "5, Bhavani Shankar Road, Matkar Marg, Dadar (W), Mumbai-28.", "BRD_LINE_NO": "24301403", "CNTRL_ROOM_NO": "24303654", "TYPE_CONSTRUCT": null, "YEAR_CONSTRUCT": null, "NO_FLOOR": null, "NO_ROOMS": null, "NO_COM_TOILET": null, "NO_GEN_TOILET": null, "NO_LAD_TOILET": null, "BATHROOM_FAC": null, "RAMP_DISABLED": null, "OPEN_SPACE": null, "REMARKS": "Shri. Mahesh Mugutrao 8693898787dadarpolicestation@mtnl.net.in", "EDUPDATEUSER": "PATIL SIDDHI KAPIL", "EDUPDATETIME": 1683117802000, "CREATED_USER": "DMMASTER", "CREATED_DATE": 1479825702000, "LAST_EDITED_USER": "DMMASTER", "LAST_EDITED_DATE": 1566308561000, "HEIGHT_TO_MSL": null, "WATER_TANK_CAPA": null, "SYMMETRIC": null, "GROUND": null, "NO_BASEMENT": null, "NO_HALL_AUD": null, "SEAT_CAPACITY": null, "NO_WATER_TANK": null, "NO_ELEVATOR": null, "PAS": null, "CCTV_SERVE": null, "STRUCTURAL_AUDIT": null, "FIRE_EXTING_SYS": null, "FIRE_AUDIT": null, "CENTRALIZED_AC": null, "DISPLAY_BOARD": null, "HAZ_MAT": null, "ALT_ELEC": null, "WARD": null, "ELEVATOR_CONTACT_LIST": null, "ELEVATOR_INTERCOM": null, "WORKING_HRS": null, "EMPLOYEE_QTY": null, "EMPLOYEE_MALE": null, "EMPLOYEE_FEMALE": null, "EMPLOYEE_DIF_ABLE": null, "WORKING_HRS_STR": null, "WORKING_HRS_STP": null, "_source": "MCGM ArcGIS FeatureServer (official)"}}, {"type": "Feature", "id": 83, "geometry": {"type": "Point", "coordinates": [72.834062073, 18.9735428610001]}, "properties": {"OBJECTID": 83, "FEATUREID": "PS14099700139", "NAME": "Byculla Police Station", "TYPE": 1, "SUBTYPE": "Station", "LOCATION": "16, Hansraj Lane, Near Moti Shah Jain Temple, Byculla (E), Mumbai-400027. ", "BRD_LINE_NO": "23748292", "CNTRL_ROOM_NO": "23755264, \n23711329", "TYPE_CONSTRUCT": null, "YEAR_CONSTRUCT": null, "NO_FLOOR": null, "NO_ROOMS": null, "NO_COM_TOILET": null, "NO_GEN_TOILET": null, "NO_LAD_TOILET": null, "BATHROOM_FAC": null, "RAMP_DISABLED": null, "OPEN_SPACE": null, "REMARKS": "Suresh Shankarao Magdum 9821220293\nbycullapolicestation@mtnl.net.in", "EDUPDATEUSER": null, "EDUPDATETIME": null, "CREATED_USER": "DMMASTER", "CREATED_DATE": 1479825702000, "LAST_EDITED_USER": "DMMASTER", "LAST_EDITED_DATE": 1566308515000, "HEIGHT_TO_MSL": null, "WATER_TANK_CAPA": null, "SYMMETRIC": null, "GROUND": null, "NO_BASEMENT": null, "NO_HALL_AUD": null, "SEAT_CAPACITY": null, "NO_WATER_TANK": null, "NO_ELEVATOR": null, "PAS": null, "CCTV_SERVE": null, "STRUCTURAL_AUDIT": null, "FIRE_EXTING_SYS": null, "FIRE_AUDIT": null, "CENTRALIZED_AC": null, "DISPLAY_BOARD": null, "HAZ_MAT": null, "ALT_ELEC": null, "WARD": "E", "ELEVATOR_CONTACT_LIST": null, "ELEVATOR_INTERCOM": null, "WORKING_HRS": null, "EMPLOYEE_QTY": null, "EMPLOYEE_MALE": null, "EMPLOYEE_FEMALE": null, "EMPLOYEE_DIF_ABLE": null, "WORKING_HRS_STR": null, "WORKING_HRS_STP": null, "_source": "MCGM ArcGIS FeatureServer (official)"}}, {"type": "Feature", "id": 84, "geometry": {"type": "Point", "coordinates": [72.824173, 18.976616]}, "properties": {"OBJECTID": 84, "FEATUREID": "PS13108100140", "NAME": "Agripada Police Station", "TYPE": 1, "SUBTYPE": "Station", "LOCATION": "Agripada Police Station, Dr. Nair \nRoad, Agripada, Mumbai-400011.   ", "BRD_LINE_NO": "23070532", "CNTRL_ROOM_NO": "23078213", "TYPE_CONSTRUCT": null, "YEAR_CONSTRUCT": null, "NO_FLOOR": null, "NO_ROOMS": null, "NO_COM_TOILET": null, "NO_GEN_TOILET": null, "NO_LAD_TOILET": null, "BATHROOM_FAC": null, "RAMP_DISABLED": null, "OPEN_SPACE": null, "REMARKS": "Ashok Sarambalkar  9920211266 agripadapolicestation@mtnl.net.in", "EDUPDATEUSER": null, "EDUPDATETIME": null, "CREATED_USER": "DMMASTER", "CREATED_DATE": 1479825702000, "LAST_EDITED_USER": "DMMASTER", "LAST_EDITED_DATE": 1566308511000, "HEIGHT_TO_MSL": null, "WATER_TANK_CAPA": null, "SYMMETRIC": null, "GROUND": null, "NO_BASEMENT": null, "NO_HALL_AUD": null, "SEAT_CAPACITY": null, "NO_WATER_TANK": null, "NO_ELEVATOR": null, "PAS": null, "CCTV_SERVE": null, "STRUCTURAL_AUDIT": null, "FIRE_EXTING_SYS": null, "FIRE_AUDIT": null, "CENTRALIZED_AC": null, "DISPLAY_BOARD": null, "HAZ_MAT": null, "ALT_ELEC": null, "WARD": "E", "ELEVATOR_CONTACT_LIST": null, "ELEVATOR_INTERCOM": null, "WORKING_HRS": null, "EMPLOYEE_QTY": null, "EMPLOYEE_MALE": null, "EMPLOYEE_FEMALE": null, "EMPLOYEE_DIF_ABLE": null, "WORKING_HRS_STR": null, "WORKING_HRS_STP": null, "_source": "MCGM ArcGIS FeatureServer (official)"}}, {"type": "Feature", "id": 85, "geometry": {"type": "Point", "coordinates": [72.8422550000001, 18.957191]}, "properties": {"OBJECTID": 85, "FEATUREID": "PS15077900128", "NAME": "Mandvi Police Station", "TYPE": 1, "SUBTYPE": "Station", "LOCATION": "Frere Road, Dana Bandar, Mandvi, Mumbai - 400009.", "BRD_LINE_NO": "23463333", "CNTRL_ROOM_NO": null, "TYPE_CONSTRUCT": null, "YEAR_CONSTRUCT": null, "NO_FLOOR": null, "NO_ROOMS": null, "NO_COM_TOILET": null, "NO_GEN_TOILET": null, "NO_LAD_TOILET": null, "BATHROOM_FAC": null, "RAMP_DISABLED": null, "OPEN_SPACE": null, "REMARKS": null, "EDUPDATEUSER": null, "EDUPDATETIME": null, "CREATED_USER": "DMMASTER", "CREATED_DATE": 1479825702000, "LAST_EDITED_USER": "DMMASTER", "LAST_EDITED_DATE": 1579525971000, "HEIGHT_TO_MSL": null, "WATER_TANK_CAPA": null, "SYMMETRIC": null, "GROUND": null, "NO_BASEMENT": null, "NO_HALL_AUD": null, "SEAT_CAPACITY": null, "NO_WATER_TANK": null, "NO_ELEVATOR": null, "PAS": null, "CCTV_SERVE": null, "STRUCTURAL_AUDIT": null, "FIRE_EXTING_SYS": null, "FIRE_AUDIT": null, "CENTRALIZED_AC": null, "DISPLAY_BOARD": null, "HAZ_MAT": null, "ALT_ELEC": null, "WARD": "B", "ELEVATOR_CONTACT_LIST": null, "ELEVATOR_INTERCOM": null, "WORKING_HRS": null, "EMPLOYEE_QTY": null, "EMPLOYEE_MALE": null, "EMPLOYEE_FEMALE": null, "EMPLOYEE_DIF_ABLE": null, "WORKING_HRS_STR": null, "WORKING_HRS_STP": null, "_source": "MCGM ArcGIS FeatureServer (official)"}}, {"type": "Feature", "id": 86, "geometry": {"type": "Point", "coordinates": [72.8482700000001, 19.1194600000001]}, "properties": {"OBJECTID": 86, "FEATUREID": "PS11000000011", "NAME": "New Police Line", "TYPE": 0, "SUBTYPE": "Station", "LOCATION": "New Police Line,S Radha Krishnan Road,Near Andheri Station,Andheri East,Mumbai, 400069", "BRD_LINE_NO": "NA", "CNTRL_ROOM_NO": null, "TYPE_CONSTRUCT": null, "YEAR_CONSTRUCT": null, "NO_FLOOR": null, "NO_ROOMS": null, "NO_COM_TOILET": null, "NO_GEN_TOILET": null, "NO_LAD_TOILET": null, "BATHROOM_FAC": null, "RAMP_DISABLED": null, "OPEN_SPACE": null, "REMARKS": null, "EDUPDATEUSER": null, "EDUPDATETIME": null, "CREATED_USER": "DMMASTER", "CREATED_DATE": 1578934221000, "LAST_EDITED_USER": "DMMASTER", "LAST_EDITED_DATE": 1578934221000, "HEIGHT_TO_MSL": null, "WATER_TANK_CAPA": null, "SYMMETRIC": null, "GROUND": null, "NO_BASEMENT": null, "NO_HALL_AUD": null, "SEAT_CAPACITY": null, "NO_WATER_TANK": null, "NO_ELEVATOR": null, "PAS": null, "CCTV_SERVE": null, "STRUCTURAL_AUDIT": null, "FIRE_EXTING_SYS": null, "FIRE_AUDIT": null, "CENTRALIZED_AC": null, "DISPLAY_BOARD": null, "HAZ_MAT": null, "ALT_ELEC": null, "WARD": "K/E", "ELEVATOR_CONTACT_LIST": null, "ELEVATOR_INTERCOM": null, "WORKING_HRS": null, "EMPLOYEE_QTY": null, "EMPLOYEE_MALE": null, "EMPLOYEE_FEMALE": null, "EMPLOYEE_DIF_ABLE": null, "WORKING_HRS_STR": null, "WORKING_HRS_STP": null, "_source": "MCGM ArcGIS FeatureServer (official)"}}, {"type": "Feature", "id": 87, "geometry": {"type": "Point", "coordinates": [72.857735, 19.155743]}, "properties": {"OBJECTID": 87, "FEATUREID": "PS17296800089", "NAME": "Vanrai Police Station", "TYPE": 1, "SUBTYPE": "Station", "LOCATION": "Bldg, Nos. 2/Mhada vanrai Colony, Goregaon (E), Mumbai - 400063. Chandrakant N Gurav\n9821624681 goregaoneastpolicestation07@yahoo.in", "BRD_LINE_NO": "26862933", "CNTRL_ROOM_NO": "26861677, \n26862933", "TYPE_CONSTRUCT": null, "YEAR_CONSTRUCT": null, "NO_FLOOR": null, "NO_ROOMS": null, "NO_COM_TOILET": null, "NO_GEN_TOILET": null, "NO_LAD_TOILET": null, "BATHROOM_FAC": null, "RAMP_DISABLED": null, "OPEN_SPACE": null, "REMARKS": null, "EDUPDATEUSER": null, "EDUPDATETIME": null, "CREATED_USER": "DMMASTER", "CREATED_DATE": 1479825702000, "LAST_EDITED_USER": "DMMASTER", "LAST_EDITED_DATE": 1598155685000, "HEIGHT_TO_MSL": null, "WATER_TANK_CAPA": null, "SYMMETRIC": null, "GROUND": null, "NO_BASEMENT": null, "NO_HALL_AUD": null, "SEAT_CAPACITY": null, "NO_WATER_TANK": null, "NO_ELEVATOR": null, "PAS": null, "CCTV_SERVE": null, "STRUCTURAL_AUDIT": null, "FIRE_EXTING_SYS": null, "FIRE_AUDIT": null, "CENTRALIZED_AC": null, "DISPLAY_BOARD": null, "HAZ_MAT": null, "ALT_ELEC": null, "WARD": "P/S", "ELEVATOR_CONTACT_LIST": null, "ELEVATOR_INTERCOM": null, "WORKING_HRS": null, "EMPLOYEE_QTY": null, "EMPLOYEE_MALE": null, "EMPLOYEE_FEMALE": null, "EMPLOYEE_DIF_ABLE": null, "WORKING_HRS_STR": null, "WORKING_HRS_STP": null, "_source": "MCGM ArcGIS FeatureServer (official)"}}, {"type": "Feature", "id": 88, "geometry": {"type": "Point", "coordinates": [72.8579330000001, 19.228308]}, "properties": {"OBJECTID": 88, "FEATUREID": "PS17377900091", "NAME": "Kasturba Marg Police Station", "TYPE": 1, "SUBTYPE": "Station", "LOCATION": "at the Junction of Main Kasturba Road & Cross Road No.1, Borivali (E), Mumbai-400066. Suhas Raikar  9594344111 kasturbapolicestation@mtnl.net.in", "BRD_LINE_NO": "28066158", "CNTRL_ROOM_NO": "28066158", "TYPE_CONSTRUCT": null, "YEAR_CONSTRUCT": null, "NO_FLOOR": null, "NO_ROOMS": null, "NO_COM_TOILET": null, "NO_GEN_TOILET": null, "NO_LAD_TOILET": null, "BATHROOM_FAC": null, "RAMP_DISABLED": null, "OPEN_SPACE": null, "REMARKS": null, "EDUPDATEUSER": null, "EDUPDATETIME": null, "CREATED_USER": "DMMASTER", "CREATED_DATE": 1479825702000, "LAST_EDITED_USER": "DMMASTER", "LAST_EDITED_DATE": 1598155703000, "HEIGHT_TO_MSL": null, "WATER_TANK_CAPA": null, "SYMMETRIC": null, "GROUND": null, "NO_BASEMENT": null, "NO_HALL_AUD": null, "SEAT_CAPACITY": null, "NO_WATER_TANK": null, "NO_ELEVATOR": null, "PAS": null, "CCTV_SERVE": null, "STRUCTURAL_AUDIT": null, "FIRE_EXTING_SYS": null, "FIRE_AUDIT": null, "CENTRALIZED_AC": null, "DISPLAY_BOARD": null, "HAZ_MAT": null, "ALT_ELEC": null, "WARD": "R/C", "ELEVATOR_CONTACT_LIST": null, "ELEVATOR_INTERCOM": null, "WORKING_HRS": null, "EMPLOYEE_QTY": null, "EMPLOYEE_MALE": null, "EMPLOYEE_FEMALE": null, "EMPLOYEE_DIF_ABLE": null, "WORKING_HRS_STR": null, "WORKING_HRS_STP": null, "_source": "MCGM ArcGIS FeatureServer (official)"}}, {"type": "Feature", "id": 89, "geometry": null, "properties": {"OBJECTID": 89, "FEATUREID": "PS16127000018", "NAME": "Tilak Nagar Police Station", "TYPE": 1, "SUBTYPE": "Station", "LOCATION": "Police Sation Tilak Nagar, Chembur West, Mumbai - 400089", "BRD_LINE_NO": "25227293", "CNTRL_ROOM_NO": "25275828", "TYPE_CONSTRUCT": null, "YEAR_CONSTRUCT": null, "NO_FLOOR": null, "NO_ROOMS": null, "NO_COM_TOILET": null, "NO_GEN_TOILET": null, "NO_LAD_TOILET": null, "BATHROOM_FAC": null, "RAMP_DISABLED": null, "OPEN_SPACE": null, "REMARKS": null, "EDUPDATEUSER": "Burkul Kavita Balu", "EDUPDATETIME": 1628660492000, "CREATED_USER": "DMMASTER", "CREATED_DATE": 1479825702000, "LAST_EDITED_USER": "DMMASTER", "LAST_EDITED_DATE": 1598155376000, "HEIGHT_TO_MSL": null, "WATER_TANK_CAPA": null, "SYMMETRIC": null, "GROUND": null, "NO_BASEMENT": null, "NO_HALL_AUD": null, "SEAT_CAPACITY": null, "NO_WATER_TANK": null, "NO_ELEVATOR": null, "PAS": null, "CCTV_SERVE": null, "STRUCTURAL_AUDIT": null, "FIRE_EXTING_SYS": null, "FIRE_AUDIT": null, "CENTRALIZED_AC": null, "DISPLAY_BOARD": null, "HAZ_MAT": null, "ALT_ELEC": null, "WARD": null, "ELEVATOR_CONTACT_LIST": null, "ELEVATOR_INTERCOM": null, "WORKING_HRS": null, "EMPLOYEE_QTY": null, "EMPLOYEE_MALE": null, "EMPLOYEE_FEMALE": null, "EMPLOYEE_DIF_ABLE": null, "WORKING_HRS_STR": null, "WORKING_HRS_STP": null, "_source": "MCGM ArcGIS FeatureServer (official)"}}, {"type": "Feature", "id": 90, "geometry": {"type": "Point", "coordinates": [72.8404080000001, 19.23222]}, "properties": {"OBJECTID": 90, "FEATUREID": "PS15389300096", "NAME": "M H B Police Station", "TYPE": 1, "SUBTYPE": "Station", "LOCATION": "Old. M.H.B Colony, Near Borivali Main Post Office, New Link Road, Borivali (W), Mumbai - 400091.  Subhas Krishna Chavan 9870298510\nmhbpolicestation@mtnl.net.in", "BRD_LINE_NO": "28679323", "CNTRL_ROOM_NO": "28677401, \n28677402", "TYPE_CONSTRUCT": null, "YEAR_CONSTRUCT": null, "NO_FLOOR": null, "NO_ROOMS": null, "NO_COM_TOILET": null, "NO_GEN_TOILET": null, "NO_LAD_TOILET": null, "BATHROOM_FAC": null, "RAMP_DISABLED": null, "OPEN_SPACE": null, "REMARKS": null, "EDUPDATEUSER": null, "EDUPDATETIME": null, "CREATED_USER": "DMMASTER", "CREATED_DATE": 1479825702000, "LAST_EDITED_USER": "DMMASTER", "LAST_EDITED_DATE": 1598155756000, "HEIGHT_TO_MSL": null, "WATER_TANK_CAPA": null, "SYMMETRIC": null, "GROUND": null, "NO_BASEMENT": null, "NO_HALL_AUD": null, "SEAT_CAPACITY": null, "NO_WATER_TANK": null, "NO_ELEVATOR": null, "PAS": null, "CCTV_SERVE": null, "STRUCTURAL_AUDIT": null, "FIRE_EXTING_SYS": null, "FIRE_AUDIT": null, "CENTRALIZED_AC": null, "DISPLAY_BOARD": null, "HAZ_MAT": null, "ALT_ELEC": null, "WARD": "R/C", "ELEVATOR_CONTACT_LIST": null, "ELEVATOR_INTERCOM": null, "WORKING_HRS": null, "EMPLOYEE_QTY": null, "EMPLOYEE_MALE": null, "EMPLOYEE_FEMALE": null, "EMPLOYEE_DIF_ABLE": null, "WORKING_HRS_STR": null, "WORKING_HRS_STP": null, "_source": "MCGM ArcGIS FeatureServer (official)"}}, {"type": "Feature", "id": 91, "geometry": {"type": "Point", "coordinates": [72.8717800000001, 19.162741]}, "properties": {"OBJECTID": 91, "FEATUREID": "PS19301600086", "NAME": "Aarey Police Station", "TYPE": 1, "SUBTYPE": "Station", "LOCATION": "Near O.P.Garden, Dinkarrao Desai Marg, Aaery Colony, Near Chotta Kashmir Boating Club,Goregaon (E), Mumbai - 400065.Vilas Shrikant Chavan aareysubpolicestation@mtnl.net.in\naareypolicestation@gmail.com", "BRD_LINE_NO": "29272485", "CNTRL_ROOM_NO": "29272484", "TYPE_CONSTRUCT": null, "YEAR_CONSTRUCT": null, "NO_FLOOR": null, "NO_ROOMS": null, "NO_COM_TOILET": null, "NO_GEN_TOILET": null, "NO_LAD_TOILET": null, "BATHROOM_FAC": null, "RAMP_DISABLED": null, "OPEN_SPACE": null, "REMARKS": null, "EDUPDATEUSER": null, "EDUPDATETIME": null, "CREATED_USER": "DMMASTER", "CREATED_DATE": 1479825702000, "LAST_EDITED_USER": "DMMASTER", "LAST_EDITED_DATE": 1598155016000, "HEIGHT_TO_MSL": null, "WATER_TANK_CAPA": null, "SYMMETRIC": null, "GROUND": null, "NO_BASEMENT": null, "NO_HALL_AUD": null, "SEAT_CAPACITY": null, "NO_WATER_TANK": null, "NO_ELEVATOR": null, "PAS": null, "CCTV_SERVE": null, "STRUCTURAL_AUDIT": null, "FIRE_EXTING_SYS": null, "FIRE_AUDIT": null, "CENTRALIZED_AC": null, "DISPLAY_BOARD": null, "HAZ_MAT": null, "ALT_ELEC": null, "WARD": "P/S", "ELEVATOR_CONTACT_LIST": null, "ELEVATOR_INTERCOM": null, "WORKING_HRS": null, "EMPLOYEE_QTY": null, "EMPLOYEE_MALE": null, "EMPLOYEE_FEMALE": null, "EMPLOYEE_DIF_ABLE": null, "WORKING_HRS_STR": null, "WORKING_HRS_STP": null, "_source": "MCGM ArcGIS FeatureServer (official)"}}, {"type": "Feature", "id": 92, "geometry": {"type": "Point", "coordinates": [72.917769816, 19.0486326380001]}, "properties": {"OBJECTID": 92, "FEATUREID": "PS23178900141", "NAME": "Govandi Police Station", "TYPE": 1, "SUBTYPE": "Station", "LOCATION": "CTS No. 373/5, HP Petrol Pump Lane, Near Raheja Acropolis-II, Off V.N Purav Marg, Deonar, Mumbai - 400088.  Uttam Kolekar 9821629922  srpigovandi@gmail.com", "BRD_LINE_NO": "25562171", "CNTRL_ROOM_NO": "25562172, \n25562173", "TYPE_CONSTRUCT": null, "YEAR_CONSTRUCT": null, "NO_FLOOR": null, "NO_ROOMS": null, "NO_COM_TOILET": null, "NO_GEN_TOILET": null, "NO_LAD_TOILET": null, "BATHROOM_FAC": null, "RAMP_DISABLED": null, "OPEN_SPACE": null, "REMARKS": null, "EDUPDATEUSER": null, "EDUPDATETIME": null, "CREATED_USER": "DMMASTER", "CREATED_DATE": 1479825702000, "LAST_EDITED_USER": "DMMASTER", "LAST_EDITED_DATE": 1598155078000, "HEIGHT_TO_MSL": null, "WATER_TANK_CAPA": null, "SYMMETRIC": null, "GROUND": null, "NO_BASEMENT": null, "NO_HALL_AUD": null, "SEAT_CAPACITY": null, "NO_WATER_TANK": null, "NO_ELEVATOR": null, "PAS": null, "CCTV_SERVE": null, "STRUCTURAL_AUDIT": null, "FIRE_EXTING_SYS": null, "FIRE_AUDIT": null, "CENTRALIZED_AC": null, "DISPLAY_BOARD": null, "HAZ_MAT": null, "ALT_ELEC": null, "WARD": "M/E", "ELEVATOR_CONTACT_LIST": null, "ELEVATOR_INTERCOM": null, "WORKING_HRS": null, "EMPLOYEE_QTY": null, "EMPLOYEE_MALE": null, "EMPLOYEE_FEMALE": null, "EMPLOYEE_DIF_ABLE": null, "WORKING_HRS_STR": null, "WORKING_HRS_STP": null, "_source": "MCGM ArcGIS FeatureServer (official)"}}, {"type": "Feature", "id": 93, "geometry": null, "properties": {"OBJECTID": 93, "FEATUREID": "PS24249800142", "NAME": "Parksite Police Station", "TYPE": 1, "SUBTYPE": "Station", "LOCATION": "Ahilayabai Holkar Marg, Surya Nagar, Vikhroli (W), Mumbai - 400083. Rajendra L. Kulkarni 9773061400  parksitepstn@gmail.com", "BRD_LINE_NO": "25793873", "CNTRL_ROOM_NO": "25786518", "TYPE_CONSTRUCT": null, "YEAR_CONSTRUCT": null, "NO_FLOOR": null, "NO_ROOMS": null, "NO_COM_TOILET": null, "NO_GEN_TOILET": null, "NO_LAD_TOILET": null, "BATHROOM_FAC": null, "RAMP_DISABLED": null, "OPEN_SPACE": null, "REMARKS": null, "EDUPDATEUSER": "Rathod Savita Ghevarchand", "EDUPDATETIME": 1628211752000, "CREATED_USER": "DMMASTER", "CREATED_DATE": 1479825702000, "LAST_EDITED_USER": "DMMASTER", "LAST_EDITED_DATE": 1598155090000, "HEIGHT_TO_MSL": null, "WATER_TANK_CAPA": null, "SYMMETRIC": null, "GROUND": null, "NO_BASEMENT": null, "NO_HALL_AUD": null, "SEAT_CAPACITY": null, "NO_WATER_TANK": null, "NO_ELEVATOR": null, "PAS": null, "CCTV_SERVE": null, "STRUCTURAL_AUDIT": null, "FIRE_EXTING_SYS": null, "FIRE_AUDIT": null, "CENTRALIZED_AC": null, "DISPLAY_BOARD": null, "HAZ_MAT": null, "ALT_ELEC": null, "WARD": null, "ELEVATOR_CONTACT_LIST": null, "ELEVATOR_INTERCOM": null, "WORKING_HRS": null, "EMPLOYEE_QTY": null, "EMPLOYEE_MALE": null, "EMPLOYEE_FEMALE": null, "EMPLOYEE_DIF_ABLE": null, "WORKING_HRS_STR": null, "WORKING_HRS_STP": null, "_source": "MCGM ArcGIS FeatureServer (official)"}}, {"type": "Feature", "id": 94, "geometry": {"type": "Point", "coordinates": [72.855924418, 19.2291141920001]}, "properties": {"OBJECTID": 94, "FEATUREID": "PS17378100143", "NAME": "Borivali Police Station", "TYPE": 1, "SUBTYPE": "Station", "LOCATION": "Opp.Borivali Railway Station, S. V. Road, Borivali (W), Mumbai - 400066. Gunaji Sawant  9821334681\nborivalipolicestation@mtnl.net.in", "BRD_LINE_NO": "28906606", "CNTRL_ROOM_NO": "28902331, \n28930145", "TYPE_CONSTRUCT": null, "YEAR_CONSTRUCT": null, "NO_FLOOR": null, "NO_ROOMS": null, "NO_COM_TOILET": null, "NO_GEN_TOILET": null, "NO_LAD_TOILET": null, "BATHROOM_FAC": null, "RAMP_DISABLED": null, "OPEN_SPACE": null, "REMARKS": null, "EDUPDATEUSER": null, "EDUPDATETIME": null, "CREATED_USER": "DMMASTER", "CREATED_DATE": 1479825702000, "LAST_EDITED_USER": "DMMASTER", "LAST_EDITED_DATE": 1598155100000, "HEIGHT_TO_MSL": null, "WATER_TANK_CAPA": null, "SYMMETRIC": null, "GROUND": null, "NO_BASEMENT": null, "NO_HALL_AUD": null, "SEAT_CAPACITY": null, "NO_WATER_TANK": null, "NO_ELEVATOR": null, "PAS": null, "CCTV_SERVE": null, "STRUCTURAL_AUDIT": null, "FIRE_EXTING_SYS": null, "FIRE_AUDIT": null, "CENTRALIZED_AC": null, "DISPLAY_BOARD": null, "HAZ_MAT": null, "ALT_ELEC": null, "WARD": "R/C", "ELEVATOR_CONTACT_LIST": null, "ELEVATOR_INTERCOM": null, "WORKING_HRS": null, "EMPLOYEE_QTY": null, "EMPLOYEE_MALE": null, "EMPLOYEE_FEMALE": null, "EMPLOYEE_DIF_ABLE": null, "WORKING_HRS_STR": null, "WORKING_HRS_STP": null, "_source": "MCGM ArcGIS FeatureServer (official)"}}, {"type": "Feature", "id": 95, "geometry": null, "properties": {"OBJECTID": 95, "FEATUREID": "PS18188500144", "NAME": "Chunabhatti Police Station", "TYPE": 1, "SUBTYPE": "Station", "LOCATION": "D/1, Building, Devratna Nagar, Swadeshi Mill Road, Sion, Chunnabhatti, Mumbai-400022.  Dattatray Tukaram Naikodi   9870232128chunabhattipsI@gmail.com", "BRD_LINE_NO": "24050086", "CNTRL_ROOM_NO": "24050084", "TYPE_CONSTRUCT": null, "YEAR_CONSTRUCT": null, "NO_FLOOR": null, "NO_ROOMS": null, "NO_COM_TOILET": null, "NO_GEN_TOILET": null, "NO_LAD_TOILET": null, "BATHROOM_FAC": null, "RAMP_DISABLED": null, "OPEN_SPACE": null, "REMARKS": "L ward", "EDUPDATEUSER": "Burkul Kavita Balu", "EDUPDATETIME": 1628660411000, "CREATED_USER": "DMMASTER", "CREATED_DATE": 1479825702000, "LAST_EDITED_USER": "DMMASTER", "LAST_EDITED_DATE": 1598155113000, "HEIGHT_TO_MSL": null, "WATER_TANK_CAPA": null, "SYMMETRIC": null, "GROUND": null, "NO_BASEMENT": null, "NO_HALL_AUD": null, "SEAT_CAPACITY": null, "NO_WATER_TANK": null, "NO_ELEVATOR": null, "PAS": null, "CCTV_SERVE": null, "STRUCTURAL_AUDIT": null, "FIRE_EXTING_SYS": null, "FIRE_AUDIT": null, "CENTRALIZED_AC": null, "DISPLAY_BOARD": null, "HAZ_MAT": null, "ALT_ELEC": null, "WARD": null, "ELEVATOR_CONTACT_LIST": null, "ELEVATOR_INTERCOM": null, "WORKING_HRS": null, "EMPLOYEE_QTY": null, "EMPLOYEE_MALE": null, "EMPLOYEE_FEMALE": null, "EMPLOYEE_DIF_ABLE": null, "WORKING_HRS_STR": null, "WORKING_HRS_STP": null, "_source": "MCGM ArcGIS FeatureServer (official)"}}, {"type": "Feature", "id": 96, "geometry": {"type": "Point", "coordinates": [72.9373573380001, 19.130122101]}, "properties": {"OBJECTID": 96, "FEATUREID": "PS25269900147", "NAME": "Kanjur Marg Police Station", "TYPE": 1, "SUBTYPE": "Station", "LOCATION": "Nehru Nagar, Near Pariwar Co-Opp. Housing Socity,kanjur marg East, \nMumbai - 400042. A.L Satpute   9821898799\nkanjurmargpstn@gmail.com", "BRD_LINE_NO": "25780753", "CNTRL_ROOM_NO": "25782637, \n25783999", "TYPE_CONSTRUCT": null, "YEAR_CONSTRUCT": null, "NO_FLOOR": null, "NO_ROOMS": null, "NO_COM_TOILET": null, "NO_GEN_TOILET": null, "NO_LAD_TOILET": null, "BATHROOM_FAC": null, "RAMP_DISABLED": null, "OPEN_SPACE": null, "REMARKS": null, "EDUPDATEUSER": null, "EDUPDATETIME": null, "CREATED_USER": "DMMASTER", "CREATED_DATE": 1479825702000, "LAST_EDITED_USER": "DMMASTER", "LAST_EDITED_DATE": 1598155141000, "HEIGHT_TO_MSL": null, "WATER_TANK_CAPA": null, "SYMMETRIC": null, "GROUND": null, "NO_BASEMENT": null, "NO_HALL_AUD": null, "SEAT_CAPACITY": null, "NO_WATER_TANK": null, "NO_ELEVATOR": null, "PAS": null, "CCTV_SERVE": null, "STRUCTURAL_AUDIT": null, "FIRE_EXTING_SYS": null, "FIRE_AUDIT": null, "CENTRALIZED_AC": null, "DISPLAY_BOARD": null, "HAZ_MAT": null, "ALT_ELEC": null, "WARD": "S", "ELEVATOR_CONTACT_LIST": null, "ELEVATOR_INTERCOM": null, "WORKING_HRS": null, "EMPLOYEE_QTY": null, "EMPLOYEE_MALE": null, "EMPLOYEE_FEMALE": null, "EMPLOYEE_DIF_ABLE": null, "WORKING_HRS_STR": null, "WORKING_HRS_STP": null, "_source": "MCGM ArcGIS FeatureServer (official)"}}, {"type": "Feature", "id": 97, "geometry": null, "properties": {"OBJECTID": 97, "FEATUREID": "PS27325100112", "NAME": "Mulund (W) Police Station", "TYPE": 1, "SUBTYPE": "Station", "LOCATION": "Purushottam Khemraj Bhavan, Netaji Subhash Road, Mulund (W),  Mumbai - 400080.  Rajaram Vithoba Vhanmane 9869167076 mulundpstn@gmail.com", "BRD_LINE_NO": "25689844", "CNTRL_ROOM_NO": "25684535", "TYPE_CONSTRUCT": null, "YEAR_CONSTRUCT": null, "NO_FLOOR": null, "NO_ROOMS": null, "NO_COM_TOILET": null, "NO_GEN_TOILET": null, "NO_LAD_TOILET": null, "BATHROOM_FAC": null, "RAMP_DISABLED": null, "OPEN_SPACE": null, "REMARKS": null, "EDUPDATEUSER": "Dhanke Yashwant Gopal", "EDUPDATETIME": 1685819091000, "CREATED_USER": "DMMASTER@PRSRVGISDB.MUMBASE.MCGM.GOV.IN", "CREATED_DATE": 1649881534000, "LAST_EDITED_USER": "DMMASTER@PRSRVGISDB.MUMBASE.MCGM.GOV.IN", "LAST_EDITED_DATE": 1649881652000, "HEIGHT_TO_MSL": null, "WATER_TANK_CAPA": null, "SYMMETRIC": null, "GROUND": null, "NO_BASEMENT": null, "NO_HALL_AUD": null, "SEAT_CAPACITY": null, "NO_WATER_TANK": null, "NO_ELEVATOR": null, "PAS": null, "CCTV_SERVE": null, "STRUCTURAL_AUDIT": null, "FIRE_EXTING_SYS": null, "FIRE_AUDIT": null, "CENTRALIZED_AC": null, "DISPLAY_BOARD": null, "HAZ_MAT": null, "ALT_ELEC": null, "WARD": null, "ELEVATOR_CONTACT_LIST": null, "ELEVATOR_INTERCOM": null, "WORKING_HRS": null, "EMPLOYEE_QTY": null, "EMPLOYEE_MALE": null, "EMPLOYEE_FEMALE": null, "EMPLOYEE_DIF_ABLE": null, "WORKING_HRS_STR": null, "WORKING_HRS_STP": null, "_source": "MCGM ArcGIS FeatureServer (official)"}}, {"type": "Feature", "id": 98, "geometry": null, "properties": {"OBJECTID": 98, "FEATUREID": "PS14116700034", "NAME": "N M Joshi Marg Police Station", "TYPE": 1, "SUBTYPE": "Station", "LOCATION": "Sakhubai Mohite Marg, N.M.Joshi Marg, Opp. B.D.D. Chawl 1 & 2, Lower Parel, Mumbai-400013.", "BRD_LINE_NO": "23072587", "CNTRL_ROOM_NO": "23095667", "TYPE_CONSTRUCT": null, "YEAR_CONSTRUCT": null, "NO_FLOOR": null, "NO_ROOMS": null, "NO_COM_TOILET": null, "NO_GEN_TOILET": null, "NO_LAD_TOILET": null, "BATHROOM_FAC": null, "RAMP_DISABLED": null, "OPEN_SPACE": null, "REMARKS": "Ajay Marotirao Patankar 9870473503nmjoshimargpolicestation@mtnl.net.in", "EDUPDATEUSER": "Patil Sunanda Raghunath", "EDUPDATETIME": 1608942435000, "CREATED_USER": "DMMASTER", "CREATED_DATE": 1479825702000, "LAST_EDITED_USER": "DMMASTER", "LAST_EDITED_DATE": 1626184107000, "HEIGHT_TO_MSL": null, "WATER_TANK_CAPA": null, "SYMMETRIC": null, "GROUND": null, "NO_BASEMENT": null, "NO_HALL_AUD": null, "SEAT_CAPACITY": null, "NO_WATER_TANK": null, "NO_ELEVATOR": null, "PAS": null, "CCTV_SERVE": null, "STRUCTURAL_AUDIT": null, "FIRE_EXTING_SYS": null, "FIRE_AUDIT": null, "CENTRALIZED_AC": null, "DISPLAY_BOARD": null, "HAZ_MAT": null, "ALT_ELEC": null, "WARD": "F/S", "ELEVATOR_CONTACT_LIST": null, "ELEVATOR_INTERCOM": null, "WORKING_HRS": null, "EMPLOYEE_QTY": null, "EMPLOYEE_MALE": null, "EMPLOYEE_FEMALE": null, "EMPLOYEE_DIF_ABLE": null, "WORKING_HRS_STR": null, "WORKING_HRS_STP": null, "_source": "MCGM ArcGIS FeatureServer (official)"}}, {"type": "Feature", "id": 99, "geometry": {"type": "Point", "coordinates": [72.916339995, 19.087191025]}, "properties": {"OBJECTID": 99, "FEATUREID": "PS23227200150", "NAME": "Pant Nagar Police Station", "TYPE": 1, "SUBTYPE": "Station", "LOCATION": "B.N.72, Gr. Floor, Swamy Samarth Ramdas Road. Pant Nagar, Ghatkopar (E), Mumbai-400075.  Shankar Anandrao Dhanavade   9870148622pantnagarpstn@gmail.com", "BRD_LINE_NO": "21028914", "CNTRL_ROOM_NO": "21028914", "TYPE_CONSTRUCT": null, "YEAR_CONSTRUCT": null, "NO_FLOOR": null, "NO_ROOMS": null, "NO_COM_TOILET": null, "NO_GEN_TOILET": null, "NO_LAD_TOILET": null, "BATHROOM_FAC": null, "RAMP_DISABLED": null, "OPEN_SPACE": null, "REMARKS": null, "EDUPDATEUSER": "Rathod Savita Ghevarchand", "EDUPDATETIME": 1628211528000, "CREATED_USER": "DMMASTER", "CREATED_DATE": 1479825702000, "LAST_EDITED_USER": "DMMASTER@PRSRVGISDB.MUMBASE.MCGM.GOV.IN", "LAST_EDITED_DATE": 1647976127000, "HEIGHT_TO_MSL": null, "WATER_TANK_CAPA": null, "SYMMETRIC": null, "GROUND": null, "NO_BASEMENT": null, "NO_HALL_AUD": null, "SEAT_CAPACITY": null, "NO_WATER_TANK": null, "NO_ELEVATOR": null, "PAS": null, "CCTV_SERVE": null, "STRUCTURAL_AUDIT": null, "FIRE_EXTING_SYS": null, "FIRE_AUDIT": null, "CENTRALIZED_AC": null, "DISPLAY_BOARD": null, "HAZ_MAT": null, "ALT_ELEC": null, "WARD": null, "ELEVATOR_CONTACT_LIST": null, "ELEVATOR_INTERCOM": null, "WORKING_HRS": null, "EMPLOYEE_QTY": null, "EMPLOYEE_MALE": null, "EMPLOYEE_FEMALE": null, "EMPLOYEE_DIF_ABLE": null, "WORKING_HRS_STR": null, "WORKING_HRS_STP": null, "_source": "MCGM ArcGIS FeatureServer (official)"}}, {"type": "Feature", "id": 100, "geometry": null, "properties": {"OBJECTID": 100, "FEATUREID": "PS19199100149", "NAME": "Nehru Nagar Police Station", "TYPE": 1, "SUBTYPE": "Station", "LOCATION": "Nehru Nagar Colony, Kurla (E), Mumbai - 400024.  Pramod Khoparde   9821624266neharunagar1985@gmail.com", "BRD_LINE_NO": "25224647", "CNTRL_ROOM_NO": "25224291", "TYPE_CONSTRUCT": null, "YEAR_CONSTRUCT": null, "NO_FLOOR": null, "NO_ROOMS": null, "NO_COM_TOILET": null, "NO_GEN_TOILET": null, "NO_LAD_TOILET": null, "BATHROOM_FAC": null, "RAMP_DISABLED": null, "OPEN_SPACE": null, "REMARKS": "L ward", "EDUPDATEUSER": "Burkul Kavita Balu", "EDUPDATETIME": 1628660452000, "CREATED_USER": "DMMASTER", "CREATED_DATE": 1479825702000, "LAST_EDITED_USER": "DMMASTER", "LAST_EDITED_DATE": 1598155160000, "HEIGHT_TO_MSL": null, "WATER_TANK_CAPA": null, "SYMMETRIC": null, "GROUND": null, "NO_BASEMENT": null, "NO_HALL_AUD": null, "SEAT_CAPACITY": null, "NO_WATER_TANK": null, "NO_ELEVATOR": null, "PAS": null, "CCTV_SERVE": null, "STRUCTURAL_AUDIT": null, "FIRE_EXTING_SYS": null, "FIRE_AUDIT": null, "CENTRALIZED_AC": null, "DISPLAY_BOARD": null, "HAZ_MAT": null, "ALT_ELEC": null, "WARD": null, "ELEVATOR_CONTACT_LIST": null, "ELEVATOR_INTERCOM": null, "WORKING_HRS": null, "EMPLOYEE_QTY": null, "EMPLOYEE_MALE": null, "EMPLOYEE_FEMALE": null, "EMPLOYEE_DIF_ABLE": null, "WORKING_HRS_STR": null, "WORKING_HRS_STP": null, "_source": "MCGM ArcGIS FeatureServer (official)"}}, {"type": "Feature", "id": 101, "geometry": {"type": "Point", "coordinates": [72.855331, 19.026953]}, "properties": {"OBJECTID": 101, "FEATUREID": "PS17152600013", "NAME": "Police Station-1715260000365", "TYPE": 1, "SUBTYPE": "Station", "LOCATION": null, "BRD_LINE_NO": null, "CNTRL_ROOM_NO": null, "TYPE_CONSTRUCT": null, "YEAR_CONSTRUCT": null, "NO_FLOOR": null, "NO_ROOMS": null, "NO_COM_TOILET": null, "NO_GEN_TOILET": null, "NO_LAD_TOILET": null, "BATHROOM_FAC": null, "RAMP_DISABLED": null, "OPEN_SPACE": null, "REMARKS": null, "EDUPDATEUSER": null, "EDUPDATETIME": null, "CREATED_USER": "DMMASTER", "CREATED_DATE": 1479825702000, "LAST_EDITED_USER": "DMMASTER", "LAST_EDITED_DATE": 1598154087000, "HEIGHT_TO_MSL": null, "WATER_TANK_CAPA": null, "SYMMETRIC": null, "GROUND": null, "NO_BASEMENT": null, "NO_HALL_AUD": null, "SEAT_CAPACITY": null, "NO_WATER_TANK": null, "NO_ELEVATOR": null, "PAS": null, "CCTV_SERVE": null, "STRUCTURAL_AUDIT": null, "FIRE_EXTING_SYS": null, "FIRE_AUDIT": null, "CENTRALIZED_AC": null, "DISPLAY_BOARD": null, "HAZ_MAT": null, "ALT_ELEC": null, "WARD": "F/N", "ELEVATOR_CONTACT_LIST": null, "ELEVATOR_INTERCOM": null, "WORKING_HRS": null, "EMPLOYEE_QTY": null, "EMPLOYEE_MALE": null, "EMPLOYEE_FEMALE": null, "EMPLOYEE_DIF_ABLE": null, "WORKING_HRS_STR": null, "WORKING_HRS_STP": null, "_source": "MCGM ArcGIS FeatureServer (official)"}}, {"type": "Feature", "id": 102, "geometry": {"type": "Point", "coordinates": [72.8586778050001, 19.0165499010001]}, "properties": {"OBJECTID": 102, "FEATUREID": "PS17145400014", "NAME": "Police Station-1714540000366", "TYPE": 1, "SUBTYPE": "Station", "LOCATION": "Raffi Ahemad Kidwai marg, Wadala.", "BRD_LINE_NO": null, "CNTRL_ROOM_NO": null, "TYPE_CONSTRUCT": null, "YEAR_CONSTRUCT": null, "NO_FLOOR": null, "NO_ROOMS": null, "NO_COM_TOILET": null, "NO_GEN_TOILET": null, "NO_LAD_TOILET": null, "BATHROOM_FAC": null, "RAMP_DISABLED": null, "OPEN_SPACE": null, "REMARKS": null, "EDUPDATEUSER": null, "EDUPDATETIME": null, "CREATED_USER": "DMMASTER", "CREATED_DATE": 1479825702000, "LAST_EDITED_USER": "DMMASTER", "LAST_EDITED_DATE": 1598154094000, "HEIGHT_TO_MSL": null, "WATER_TANK_CAPA": null, "SYMMETRIC": null, "GROUND": null, "NO_BASEMENT": null, "NO_HALL_AUD": null, "SEAT_CAPACITY": null, "NO_WATER_TANK": null, "NO_ELEVATOR": null, "PAS": null, "CCTV_SERVE": null, "STRUCTURAL_AUDIT": null, "FIRE_EXTING_SYS": null, "FIRE_AUDIT": null, "CENTRALIZED_AC": null, "DISPLAY_BOARD": null, "HAZ_MAT": null, "ALT_ELEC": null, "WARD": "F/N", "ELEVATOR_CONTACT_LIST": null, "ELEVATOR_INTERCOM": null, "WORKING_HRS": null, "EMPLOYEE_QTY": null, "EMPLOYEE_MALE": null, "EMPLOYEE_FEMALE": null, "EMPLOYEE_DIF_ABLE": null, "WORKING_HRS_STR": null, "WORKING_HRS_STP": null, "_source": "MCGM ArcGIS FeatureServer (official)"}}, {"type": "Feature", "id": 103, "geometry": {"type": "Point", "coordinates": [72.8463750000001, 19.0109830000001]}, "properties": {"OBJECTID": 103, "FEATUREID": "PS16132800015", "NAME": "Deputy Commissioner Office ", "TYPE": 1, "SUBTYPE": "Office", "LOCATION": "Deputy Commisioner Office Police Headquarter, Apana Bazar, Borivada, Naigaon, Dadar", "BRD_LINE_NO": null, "CNTRL_ROOM_NO": null, "TYPE_CONSTRUCT": null, "YEAR_CONSTRUCT": null, "NO_FLOOR": null, "NO_ROOMS": null, "NO_COM_TOILET": null, "NO_GEN_TOILET": null, "NO_LAD_TOILET": null, "BATHROOM_FAC": null, "RAMP_DISABLED": null, "OPEN_SPACE": null, "REMARKS": null, "EDUPDATEUSER": null, "EDUPDATETIME": null, "CREATED_USER": "DMMASTER", "CREATED_DATE": 1479825702000, "LAST_EDITED_USER": "DMMASTER", "LAST_EDITED_DATE": 1598154110000, "HEIGHT_TO_MSL": null, "WATER_TANK_CAPA": null, "SYMMETRIC": null, "GROUND": null, "NO_BASEMENT": null, "NO_HALL_AUD": null, "SEAT_CAPACITY": null, "NO_WATER_TANK": null, "NO_ELEVATOR": null, "PAS": null, "CCTV_SERVE": null, "STRUCTURAL_AUDIT": null, "FIRE_EXTING_SYS": null, "FIRE_AUDIT": null, "CENTRALIZED_AC": null, "DISPLAY_BOARD": null, "HAZ_MAT": null, "ALT_ELEC": null, "WARD": "F/S", "ELEVATOR_CONTACT_LIST": null, "ELEVATOR_INTERCOM": null, "WORKING_HRS": null, "EMPLOYEE_QTY": null, "EMPLOYEE_MALE": null, "EMPLOYEE_FEMALE": null, "EMPLOYEE_DIF_ABLE": null, "WORKING_HRS_STR": null, "WORKING_HRS_STP": null, "_source": "MCGM ArcGIS FeatureServer (official)"}}, {"type": "Feature", "id": 104, "geometry": {"type": "Point", "coordinates": [72.8469160000001, 19.0073320000001]}, "properties": {"OBJECTID": 104, "FEATUREID": "PS16133400017", "NAME": "G D Marg Police Station", "TYPE": 1, "SUBTYPE": "Station", "LOCATION": "G D Ambekar Marg, Naigaon, Dadar East, Mumbai, ", "BRD_LINE_NO": null, "CNTRL_ROOM_NO": null, "TYPE_CONSTRUCT": null, "YEAR_CONSTRUCT": null, "NO_FLOOR": null, "NO_ROOMS": null, "NO_COM_TOILET": null, "NO_GEN_TOILET": null, "NO_LAD_TOILET": null, "BATHROOM_FAC": null, "RAMP_DISABLED": null, "OPEN_SPACE": null, "REMARKS": null, "EDUPDATEUSER": null, "EDUPDATETIME": null, "CREATED_USER": "DMMASTER", "CREATED_DATE": 1479825702000, "LAST_EDITED_USER": "DMMASTER", "LAST_EDITED_DATE": 1598154143000, "HEIGHT_TO_MSL": null, "WATER_TANK_CAPA": null, "SYMMETRIC": null, "GROUND": null, "NO_BASEMENT": null, "NO_HALL_AUD": null, "SEAT_CAPACITY": null, "NO_WATER_TANK": null, "NO_ELEVATOR": null, "PAS": null, "CCTV_SERVE": null, "STRUCTURAL_AUDIT": null, "FIRE_EXTING_SYS": null, "FIRE_AUDIT": null, "CENTRALIZED_AC": null, "DISPLAY_BOARD": null, "HAZ_MAT": null, "ALT_ELEC": null, "WARD": "F/S", "ELEVATOR_CONTACT_LIST": null, "ELEVATOR_INTERCOM": null, "WORKING_HRS": null, "EMPLOYEE_QTY": null, "EMPLOYEE_MALE": null, "EMPLOYEE_FEMALE": null, "EMPLOYEE_DIF_ABLE": null, "WORKING_HRS_STR": null, "WORKING_HRS_STP": null, "_source": "MCGM ArcGIS FeatureServer (official)"}}, {"type": "Feature", "id": 105, "geometry": {"type": "Point", "coordinates": [72.8604130000001, 19.0115970000001]}, "properties": {"OBJECTID": 105, "FEATUREID": "PS17137900021", "NAME": "Wadala Police Station1", "TYPE": 1, "SUBTYPE": "Station", "LOCATION": "Wadala Police Station", "BRD_LINE_NO": null, "CNTRL_ROOM_NO": null, "TYPE_CONSTRUCT": null, "YEAR_CONSTRUCT": null, "NO_FLOOR": null, "NO_ROOMS": null, "NO_COM_TOILET": null, "NO_GEN_TOILET": null, "NO_LAD_TOILET": null, "BATHROOM_FAC": null, "RAMP_DISABLED": null, "OPEN_SPACE": null, "REMARKS": null, "EDUPDATEUSER": null, "EDUPDATETIME": null, "CREATED_USER": "DMMASTER", "CREATED_DATE": 1479825702000, "LAST_EDITED_USER": "DMMASTER", "LAST_EDITED_DATE": 1598154154000, "HEIGHT_TO_MSL": null, "WATER_TANK_CAPA": null, "SYMMETRIC": null, "GROUND": null, "NO_BASEMENT": null, "NO_HALL_AUD": null, "SEAT_CAPACITY": null, "NO_WATER_TANK": null, "NO_ELEVATOR": null, "PAS": null, "CCTV_SERVE": null, "STRUCTURAL_AUDIT": null, "FIRE_EXTING_SYS": null, "FIRE_AUDIT": null, "CENTRALIZED_AC": null, "DISPLAY_BOARD": null, "HAZ_MAT": null, "ALT_ELEC": null, "WARD": "F/S", "ELEVATOR_CONTACT_LIST": null, "ELEVATOR_INTERCOM": null, "WORKING_HRS": null, "EMPLOYEE_QTY": null, "EMPLOYEE_MALE": null, "EMPLOYEE_FEMALE": null, "EMPLOYEE_DIF_ABLE": null, "WORKING_HRS_STR": null, "WORKING_HRS_STP": null, "_source": "MCGM ArcGIS FeatureServer (official)"}}, {"type": "Feature", "id": 106, "geometry": {"type": "Point", "coordinates": [72.8579480000001, 19.1119440000001]}, "properties": {"OBJECTID": 106, "FEATUREID": "PS17256000052", "NAME": "G H Road Police Station", "TYPE": 1, "SUBTYPE": "Station", "LOCATION": "Guru Hargovindji Road, Andheri East, Mumbai 400053", "BRD_LINE_NO": null, "CNTRL_ROOM_NO": null, "TYPE_CONSTRUCT": null, "YEAR_CONSTRUCT": null, "NO_FLOOR": null, "NO_ROOMS": null, "NO_COM_TOILET": null, "NO_GEN_TOILET": null, "NO_LAD_TOILET": null, "BATHROOM_FAC": null, "RAMP_DISABLED": null, "OPEN_SPACE": null, "REMARKS": null, "EDUPDATEUSER": null, "EDUPDATETIME": null, "CREATED_USER": "DMMASTER", "CREATED_DATE": 1479825702000, "LAST_EDITED_USER": "DMMASTER", "LAST_EDITED_DATE": 1598154191000, "HEIGHT_TO_MSL": null, "WATER_TANK_CAPA": null, "SYMMETRIC": null, "GROUND": null, "NO_BASEMENT": null, "NO_HALL_AUD": null, "SEAT_CAPACITY": null, "NO_WATER_TANK": null, "NO_ELEVATOR": null, "PAS": null, "CCTV_SERVE": null, "STRUCTURAL_AUDIT": null, "FIRE_EXTING_SYS": null, "FIRE_AUDIT": null, "CENTRALIZED_AC": null, "DISPLAY_BOARD": null, "HAZ_MAT": null, "ALT_ELEC": null, "WARD": "K/E", "ELEVATOR_CONTACT_LIST": null, "ELEVATOR_INTERCOM": null, "WORKING_HRS": null, "EMPLOYEE_QTY": null, "EMPLOYEE_MALE": null, "EMPLOYEE_FEMALE": null, "EMPLOYEE_DIF_ABLE": null, "WORKING_HRS_STR": null, "WORKING_HRS_STP": null, "_source": "MCGM ArcGIS FeatureServer (official)"}}, {"type": "Feature", "id": 107, "geometry": {"type": "Point", "coordinates": [72.863663, 19.0154900000001]}, "properties": {"OBJECTID": 107, "FEATUREID": "PS18140300010", "NAME": "Wadala Police station", "TYPE": 1, "SUBTYPE": "Station", "LOCATION": "Antop Hill Road, Near Korba Mithagar, Nadkarni Park, Wadala (E), Mumbai-400037. ", "BRD_LINE_NO": "24185250, 24121754", "CNTRL_ROOM_NO": "66567551, 24185616\n", "TYPE_CONSTRUCT": null, "YEAR_CONSTRUCT": null, "NO_FLOOR": null, "NO_ROOMS": null, "NO_COM_TOILET": null, "NO_GEN_TOILET": null, "NO_LAD_TOILET": null, "BATHROOM_FAC": null, "RAMP_DISABLED": null, "OPEN_SPACE": null, "REMARKS": "Parshuram Karyakarte 8108254777\nwadalapolicestation@mtnl.net.in", "EDUPDATEUSER": "Ajit N Deshmukh", "EDUPDATETIME": 1445731200000, "CREATED_USER": "DMMASTER", "CREATED_DATE": 1479825702000, "LAST_EDITED_USER": "DMMASTER", "LAST_EDITED_DATE": 1598154257000, "HEIGHT_TO_MSL": null, "WATER_TANK_CAPA": null, "SYMMETRIC": null, "GROUND": null, "NO_BASEMENT": null, "NO_HALL_AUD": null, "SEAT_CAPACITY": null, "NO_WATER_TANK": null, "NO_ELEVATOR": null, "PAS": null, "CCTV_SERVE": null, "STRUCTURAL_AUDIT": null, "FIRE_EXTING_SYS": null, "FIRE_AUDIT": null, "CENTRALIZED_AC": null, "DISPLAY_BOARD": null, "HAZ_MAT": null, "ALT_ELEC": null, "WARD": "F/N", "ELEVATOR_CONTACT_LIST": null, "ELEVATOR_INTERCOM": null, "WORKING_HRS": null, "EMPLOYEE_QTY": null, "EMPLOYEE_MALE": null, "EMPLOYEE_FEMALE": null, "EMPLOYEE_DIF_ABLE": null, "WORKING_HRS_STR": null, "WORKING_HRS_STP": null, "_source": "MCGM ArcGIS FeatureServer (official)"}}, {"type": "Feature", "id": 108, "geometry": {"type": "Point", "coordinates": [72.8143160000001, 18.986382]}, "properties": {"OBJECTID": 108, "FEATUREID": "PS12118100033", "NAME": "Mahalakshmi Police Station", "TYPE": 1, "SUBTYPE": "Station", "LOCATION": "Mahalakshmi Police Station, Mumbai, Maharashtra", "BRD_LINE_NO": null, "CNTRL_ROOM_NO": null, "TYPE_CONSTRUCT": null, "YEAR_CONSTRUCT": null, "NO_FLOOR": null, "NO_ROOMS": null, "NO_COM_TOILET": null, "NO_GEN_TOILET": null, "NO_LAD_TOILET": null, "BATHROOM_FAC": null, "RAMP_DISABLED": null, "OPEN_SPACE": null, "REMARKS": null, "EDUPDATEUSER": null, "EDUPDATETIME": null, "CREATED_USER": "DMMASTER", "CREATED_DATE": 1479825702000, "LAST_EDITED_USER": "DMMASTER", "LAST_EDITED_DATE": 1598154284000, "HEIGHT_TO_MSL": null, "WATER_TANK_CAPA": null, "SYMMETRIC": null, "GROUND": null, "NO_BASEMENT": null, "NO_HALL_AUD": null, "SEAT_CAPACITY": null, "NO_WATER_TANK": null, "NO_ELEVATOR": null, "PAS": null, "CCTV_SERVE": null, "STRUCTURAL_AUDIT": null, "FIRE_EXTING_SYS": null, "FIRE_AUDIT": null, "CENTRALIZED_AC": null, "DISPLAY_BOARD": null, "HAZ_MAT": null, "ALT_ELEC": null, "WARD": "G/S", "ELEVATOR_CONTACT_LIST": null, "ELEVATOR_INTERCOM": null, "WORKING_HRS": null, "EMPLOYEE_QTY": null, "EMPLOYEE_MALE": null, "EMPLOYEE_FEMALE": null, "EMPLOYEE_DIF_ABLE": null, "WORKING_HRS_STR": null, "WORKING_HRS_STP": null, "_source": "MCGM ArcGIS FeatureServer (official)"}}, {"type": "Feature", "id": 109, "geometry": {"type": "Point", "coordinates": [72.8426900000001, 19.142096]}, "properties": {"OBJECTID": 109, "FEATUREID": "PS16280300062", "NAME": "Police Station-1628030000824", "TYPE": 1, "SUBTYPE": "Station", "LOCATION": "Police JogeshwariSubway Bridge, Gumpha Road, Jogeshwari East, Mumbai 400060", "BRD_LINE_NO": null, "CNTRL_ROOM_NO": null, "TYPE_CONSTRUCT": null, "YEAR_CONSTRUCT": null, "NO_FLOOR": null, "NO_ROOMS": null, "NO_COM_TOILET": null, "NO_GEN_TOILET": null, "NO_LAD_TOILET": null, "BATHROOM_FAC": null, "RAMP_DISABLED": null, "OPEN_SPACE": null, "REMARKS": null, "EDUPDATEUSER": null, "EDUPDATETIME": null, "CREATED_USER": "DMMASTER", "CREATED_DATE": 1479825702000, "LAST_EDITED_USER": "DMMASTER", "LAST_EDITED_DATE": 1598154396000, "HEIGHT_TO_MSL": null, "WATER_TANK_CAPA": null, "SYMMETRIC": null, "GROUND": null, "NO_BASEMENT": null, "NO_HALL_AUD": null, "SEAT_CAPACITY": null, "NO_WATER_TANK": null, "NO_ELEVATOR": null, "PAS": null, "CCTV_SERVE": null, "STRUCTURAL_AUDIT": null, "FIRE_EXTING_SYS": null, "FIRE_AUDIT": null, "CENTRALIZED_AC": null, "DISPLAY_BOARD": null, "HAZ_MAT": null, "ALT_ELEC": null, "WARD": "K/W", "ELEVATOR_CONTACT_LIST": null, "ELEVATOR_INTERCOM": null, "WORKING_HRS": null, "EMPLOYEE_QTY": null, "EMPLOYEE_MALE": null, "EMPLOYEE_FEMALE": null, "EMPLOYEE_DIF_ABLE": null, "WORKING_HRS_STR": null, "WORKING_HRS_STP": null, "_source": "MCGM ArcGIS FeatureServer (official)"}}, {"type": "Feature", "id": 110, "geometry": {"type": "Point", "coordinates": [72.8762510000001, 19.064808]}, "properties": {"OBJECTID": 110, "FEATUREID": "PS19194700063", "NAME": "Kurla Railway Police Station", "TYPE": 1, "SUBTYPE": "Office", "LOCATION": null, "BRD_LINE_NO": null, "CNTRL_ROOM_NO": null, "TYPE_CONSTRUCT": null, "YEAR_CONSTRUCT": null, "NO_FLOOR": null, "NO_ROOMS": null, "NO_COM_TOILET": null, "NO_GEN_TOILET": null, "NO_LAD_TOILET": null, "BATHROOM_FAC": null, "RAMP_DISABLED": null, "OPEN_SPACE": null, "REMARKS": null, "EDUPDATEUSER": null, "EDUPDATETIME": null, "CREATED_USER": "DMMASTER", "CREATED_DATE": 1479825702000, "LAST_EDITED_USER": "DMMASTER", "LAST_EDITED_DATE": 1598154415000, "HEIGHT_TO_MSL": null, "WATER_TANK_CAPA": null, "SYMMETRIC": null, "GROUND": null, "NO_BASEMENT": null, "NO_HALL_AUD": null, "SEAT_CAPACITY": null, "NO_WATER_TANK": null, "NO_ELEVATOR": null, "PAS": null, "CCTV_SERVE": null, "STRUCTURAL_AUDIT": null, "FIRE_EXTING_SYS": null, "FIRE_AUDIT": null, "CENTRALIZED_AC": null, "DISPLAY_BOARD": null, "HAZ_MAT": null, "ALT_ELEC": null, "WARD": "L", "ELEVATOR_CONTACT_LIST": null, "ELEVATOR_INTERCOM": null, "WORKING_HRS": null, "EMPLOYEE_QTY": null, "EMPLOYEE_MALE": null, "EMPLOYEE_FEMALE": null, "EMPLOYEE_DIF_ABLE": null, "WORKING_HRS_STR": null, "WORKING_HRS_STP": null, "_source": "MCGM ArcGIS FeatureServer (official)"}}, {"type": "Feature", "id": 111, "geometry": null, "properties": {"OBJECTID": 111, "FEATUREID": "PS21195800071", "NAME": "Tilak Nagar Police Station2", "TYPE": 1, "SUBTYPE": "Station", "LOCATION": "Building No. 117, Tilaknagar Colony, Santa JogMarg, Chembur, Mumbai - 400089. Bhagwat Shrawan Sonawane 9967457990tilaknagarpolicestation@gmail.com", "BRD_LINE_NO": null, "CNTRL_ROOM_NO": "25226248", "TYPE_CONSTRUCT": null, "YEAR_CONSTRUCT": null, "NO_FLOOR": null, "NO_ROOMS": null, "NO_COM_TOILET": null, "NO_GEN_TOILET": null, "NO_LAD_TOILET": null, "BATHROOM_FAC": null, "RAMP_DISABLED": null, "OPEN_SPACE": null, "REMARKS": null, "EDUPDATEUSER": "Rathod Savita Ghevarchand", "EDUPDATETIME": 1628315891000, "CREATED_USER": "DMMASTER", "CREATED_DATE": 1479825702000, "LAST_EDITED_USER": "DMMASTER", "LAST_EDITED_DATE": 1598154605000, "HEIGHT_TO_MSL": null, "WATER_TANK_CAPA": null, "SYMMETRIC": null, "GROUND": null, "NO_BASEMENT": null, "NO_HALL_AUD": null, "SEAT_CAPACITY": null, "NO_WATER_TANK": null, "NO_ELEVATOR": null, "PAS": null, "CCTV_SERVE": null, "STRUCTURAL_AUDIT": null, "FIRE_EXTING_SYS": null, "FIRE_AUDIT": null, "CENTRALIZED_AC": null, "DISPLAY_BOARD": null, "HAZ_MAT": null, "ALT_ELEC": null, "WARD": null, "ELEVATOR_CONTACT_LIST": null, "ELEVATOR_INTERCOM": null, "WORKING_HRS": null, "EMPLOYEE_QTY": null, "EMPLOYEE_MALE": null, "EMPLOYEE_FEMALE": null, "EMPLOYEE_DIF_ABLE": null, "WORKING_HRS_STR": null, "WORKING_HRS_STP": null, "_source": "MCGM ArcGIS FeatureServer (official)"}}, {"type": "Feature", "id": 112, "geometry": {"type": "Point", "coordinates": [72.9226198790001, 19.1060169460001]}, "properties": {"OBJECTID": 112, "FEATUREID": "PS24244300073", "NAME": "Police Station-2424430001072", "TYPE": 1, "SUBTYPE": "Station", "LOCATION": null, "BRD_LINE_NO": null, "CNTRL_ROOM_NO": null, "TYPE_CONSTRUCT": null, "YEAR_CONSTRUCT": null, "NO_FLOOR": null, "NO_ROOMS": null, "NO_COM_TOILET": null, "NO_GEN_TOILET": null, "NO_LAD_TOILET": null, "BATHROOM_FAC": null, "RAMP_DISABLED": null, "OPEN_SPACE": null, "REMARKS": null, "EDUPDATEUSER": null, "EDUPDATETIME": null, "CREATED_USER": "DMMASTER", "CREATED_DATE": 1479825702000, "LAST_EDITED_USER": "DMMASTER", "LAST_EDITED_DATE": 1598154636000, "HEIGHT_TO_MSL": null, "WATER_TANK_CAPA": null, "SYMMETRIC": null, "GROUND": null, "NO_BASEMENT": null, "NO_HALL_AUD": null, "SEAT_CAPACITY": null, "NO_WATER_TANK": null, "NO_ELEVATOR": null, "PAS": null, "CCTV_SERVE": null, "STRUCTURAL_AUDIT": null, "FIRE_EXTING_SYS": null, "FIRE_AUDIT": null, "CENTRALIZED_AC": null, "DISPLAY_BOARD": null, "HAZ_MAT": null, "ALT_ELEC": null, "WARD": "N", "ELEVATOR_CONTACT_LIST": null, "ELEVATOR_INTERCOM": null, "WORKING_HRS": null, "EMPLOYEE_QTY": null, "EMPLOYEE_MALE": null, "EMPLOYEE_FEMALE": null, "EMPLOYEE_DIF_ABLE": null, "WORKING_HRS_STR": null, "WORKING_HRS_STP": null, "_source": "MCGM ArcGIS FeatureServer (official)"}}, {"type": "Feature", "id": 113, "geometry": {"type": "Point", "coordinates": [72.8551430000001, 19.096262]}, "properties": {"OBJECTID": 113, "FEATUREID": "PS16235400050", "NAME": "Vileparle Police Station", "TYPE": 1, "SUBTYPE": "Station", "LOCATION": "Nehru Road, Near Centuar Hotel, Navpada, Vileparle (E), Mumbai - 400099.  ", "BRD_LINE_NO": "26117317", "CNTRL_ROOM_NO": null, "TYPE_CONSTRUCT": null, "YEAR_CONSTRUCT": null, "NO_FLOOR": null, "NO_ROOMS": null, "NO_COM_TOILET": null, "NO_GEN_TOILET": null, "NO_LAD_TOILET": null, "BATHROOM_FAC": null, "RAMP_DISABLED": null, "OPEN_SPACE": null, "REMARKS": "Smt. R. Maharao 9821461163\nvileparlepolicestation@mtnl.net.in", "EDUPDATEUSER": null, "EDUPDATETIME": null, "CREATED_USER": "DMMASTER", "CREATED_DATE": 1479825702000, "LAST_EDITED_USER": "DMMASTER@PRSRVGISDB.MUMBASE.MCGM.GOV.IN", "LAST_EDITED_DATE": 1648449203000, "HEIGHT_TO_MSL": null, "WATER_TANK_CAPA": null, "SYMMETRIC": null, "GROUND": null, "NO_BASEMENT": null, "NO_HALL_AUD": null, "SEAT_CAPACITY": null, "NO_WATER_TANK": null, "NO_ELEVATOR": null, "PAS": null, "CCTV_SERVE": null, "STRUCTURAL_AUDIT": null, "FIRE_EXTING_SYS": null, "FIRE_AUDIT": null, "CENTRALIZED_AC": null, "DISPLAY_BOARD": null, "HAZ_MAT": null, "ALT_ELEC": null, "WARD": "K/E", "ELEVATOR_CONTACT_LIST": null, "ELEVATOR_INTERCOM": null, "WORKING_HRS": null, "EMPLOYEE_QTY": null, "EMPLOYEE_MALE": null, "EMPLOYEE_FEMALE": null, "EMPLOYEE_DIF_ABLE": null, "WORKING_HRS_STR": null, "WORKING_HRS_STP": null, "_source": "MCGM ArcGIS FeatureServer (official)"}}, {"type": "Feature", "id": 114, "geometry": {"type": "Point", "coordinates": [72.864376393, 19.252760348]}, "properties": {"OBJECTID": 114, "FEATUREID": "PS18404600099", "NAME": "Dahisar Police Station", "TYPE": 1, "SUBTYPE": "Station", "LOCATION": "S V Road, Near Union Bank, Dahisar (E), Mumbai - 400068.  Prakash Nana Jadhav 9821131509dahisarpolicestation@mtnl.net.indahisarpolicestation@gmail.com", "BRD_LINE_NO": "28284024", "CNTRL_ROOM_NO": "28284024", "TYPE_CONSTRUCT": null, "YEAR_CONSTRUCT": null, "NO_FLOOR": null, "NO_ROOMS": null, "NO_COM_TOILET": null, "NO_GEN_TOILET": null, "NO_LAD_TOILET": null, "BATHROOM_FAC": null, "RAMP_DISABLED": null, "OPEN_SPACE": null, "REMARKS": null, "EDUPDATEUSER": null, "EDUPDATETIME": null, "CREATED_USER": "DMMASTER@PRSRVGISDB.MUMBASE.MCGM.GOV.IN", "CREATED_DATE": 1649881051000, "LAST_EDITED_USER": "DMMASTER@PRSRVGISDB.MUMBASE.MCGM.GOV.IN", "LAST_EDITED_DATE": 1649881311000, "HEIGHT_TO_MSL": null, "WATER_TANK_CAPA": null, "SYMMETRIC": null, "GROUND": null, "NO_BASEMENT": null, "NO_HALL_AUD": null, "SEAT_CAPACITY": null, "NO_WATER_TANK": null, "NO_ELEVATOR": null, "PAS": null, "CCTV_SERVE": null, "STRUCTURAL_AUDIT": null, "FIRE_EXTING_SYS": null, "FIRE_AUDIT": null, "CENTRALIZED_AC": null, "DISPLAY_BOARD": null, "HAZ_MAT": null, "ALT_ELEC": null, "WARD": "R/N", "ELEVATOR_CONTACT_LIST": null, "ELEVATOR_INTERCOM": null, "WORKING_HRS": null, "EMPLOYEE_QTY": null, "EMPLOYEE_MALE": null, "EMPLOYEE_FEMALE": null, "EMPLOYEE_DIF_ABLE": null, "WORKING_HRS_STR": null, "WORKING_HRS_STP": null, "_source": "MCGM ArcGIS FeatureServer (official)"}}, {"type": "Feature", "id": 115, "geometry": {"type": "Point", "coordinates": [72.8170866720001, 18.960901145]}, "properties": {"OBJECTID": 115, "FEATUREID": "PS15125500019", "NAME": "Dadasaheb Bhadkamkar Road Police station", "TYPE": 1, "SUBTYPE": "Station", "LOCATION": "Lamington Road, Shapur Baug, Near HDFC Bank, Grant Road (East), Mumbai 400007", "BRD_LINE_NO": "23870181", "CNTRL_ROOM_NO": "23867873", "TYPE_CONSTRUCT": null, "YEAR_CONSTRUCT": null, "NO_FLOOR": null, "NO_ROOMS": null, "NO_COM_TOILET": null, "NO_GEN_TOILET": null, "NO_LAD_TOILET": null, "BATHROOM_FAC": null, "RAMP_DISABLED": null, "OPEN_SPACE": null, "REMARKS": null, "EDUPDATEUSER": null, "EDUPDATETIME": null, "CREATED_USER": "DMMASTER@PRSRVGISDB.MUMBASE.MCGM.GOV.IN", "CREATED_DATE": 1649882880000, "LAST_EDITED_USER": "DMMASTER@PRSRVGISDB.MUMBASE.MCGM.GOV.IN", "LAST_EDITED_DATE": 1649883092000, "HEIGHT_TO_MSL": null, "WATER_TANK_CAPA": null, "SYMMETRIC": null, "GROUND": null, "NO_BASEMENT": null, "NO_HALL_AUD": null, "SEAT_CAPACITY": null, "NO_WATER_TANK": null, "NO_ELEVATOR": null, "PAS": null, "CCTV_SERVE": null, "STRUCTURAL_AUDIT": null, "FIRE_EXTING_SYS": null, "FIRE_AUDIT": null, "CENTRALIZED_AC": null, "DISPLAY_BOARD": null, "HAZ_MAT": null, "ALT_ELEC": null, "WARD": "D", "ELEVATOR_CONTACT_LIST": null, "ELEVATOR_INTERCOM": null, "WORKING_HRS": null, "EMPLOYEE_QTY": null, "EMPLOYEE_MALE": null, "EMPLOYEE_FEMALE": null, "EMPLOYEE_DIF_ABLE": null, "WORKING_HRS_STR": null, "WORKING_HRS_STP": null, "_source": "MCGM ArcGIS FeatureServer (official)"}}, {"type": "Feature", "id": 116, "geometry": {"type": "Point", "coordinates": [72.856305875, 19.0758921130001]}, "properties": {"OBJECTID": 116, "FEATUREID": "PS17213000040", "NAME": "Deputy Commissioner Of Police (QRT)", "TYPE": 1, "SUBTYPE": "Office  ", "LOCATION": "Bala Marg, Yashwant Nagar, Vakola, Santacruz (East) \nMumbai 400055. ", "BRD_LINE_NO": "26668757", "CNTRL_ROOM_NO": null, "TYPE_CONSTRUCT": null, "YEAR_CONSTRUCT": null, "NO_FLOOR": null, "NO_ROOMS": null, "NO_COM_TOILET": null, "NO_GEN_TOILET": null, "NO_LAD_TOILET": null, "BATHROOM_FAC": null, "RAMP_DISABLED": null, "OPEN_SPACE": null, "REMARKS": "Shashikant Narayan Satav D.C.P. (Q.R.T.) 9773337706 acpqrt@gmail.com", "EDUPDATEUSER": null, "EDUPDATETIME": null, "CREATED_USER": "DMMASTER", "CREATED_DATE": 1479825702000, "LAST_EDITED_USER": "DMMASTER", "LAST_EDITED_DATE": 1566137209000, "HEIGHT_TO_MSL": null, "WATER_TANK_CAPA": null, "SYMMETRIC": null, "GROUND": null, "NO_BASEMENT": null, "NO_HALL_AUD": null, "SEAT_CAPACITY": null, "NO_WATER_TANK": null, "NO_ELEVATOR": null, "PAS": null, "CCTV_SERVE": null, "STRUCTURAL_AUDIT": null, "FIRE_EXTING_SYS": null, "FIRE_AUDIT": null, "CENTRALIZED_AC": null, "DISPLAY_BOARD": null, "HAZ_MAT": null, "ALT_ELEC": null, "WARD": "H/E", "ELEVATOR_CONTACT_LIST": null, "ELEVATOR_INTERCOM": null, "WORKING_HRS": null, "EMPLOYEE_QTY": null, "EMPLOYEE_MALE": null, "EMPLOYEE_FEMALE": null, "EMPLOYEE_DIF_ABLE": null, "WORKING_HRS_STR": null, "WORKING_HRS_STP": null, "_source": "MCGM ArcGIS FeatureServer (official)"}}, {"type": "Feature", "id": 117, "geometry": {"type": "Point", "coordinates": [72.8603031860001, 19.064604194]}, "properties": {"OBJECTID": 117, "FEATUREID": "PS16197900039", "NAME": "B K C Police Station", "TYPE": 1, "SUBTYPE": "Station", "LOCATION": "Bandra-Kurla Complex Road, Opp. I.C.I.C.I. Bank, Bandra (E), Mumbai - 400051. ", "BRD_LINE_NO": "26504483", "CNTRL_ROOM_NO": "26504482, \n26504481", "TYPE_CONSTRUCT": null, "YEAR_CONSTRUCT": null, "NO_FLOOR": null, "NO_ROOMS": null, "NO_COM_TOILET": null, "NO_GEN_TOILET": null, "NO_LAD_TOILET": null, "BATHROOM_FAC": null, "RAMP_DISABLED": null, "OPEN_SPACE": null, "REMARKS": "Kundlik V. Nigade 8108999300  bkcpolicestation@mtnl.net.in", "EDUPDATEUSER": null, "EDUPDATETIME": null, "CREATED_USER": "DMMASTER", "CREATED_DATE": 1479825702000, "LAST_EDITED_USER": "DMMASTER", "LAST_EDITED_DATE": 1566133925000, "HEIGHT_TO_MSL": null, "WATER_TANK_CAPA": null, "SYMMETRIC": null, "GROUND": null, "NO_BASEMENT": null, "NO_HALL_AUD": null, "SEAT_CAPACITY": null, "NO_WATER_TANK": null, "NO_ELEVATOR": null, "PAS": null, "CCTV_SERVE": null, "STRUCTURAL_AUDIT": null, "FIRE_EXTING_SYS": null, "FIRE_AUDIT": null, "CENTRALIZED_AC": null, "DISPLAY_BOARD": null, "HAZ_MAT": null, "ALT_ELEC": null, "WARD": "H/E", "ELEVATOR_CONTACT_LIST": null, "ELEVATOR_INTERCOM": null, "WORKING_HRS": null, "EMPLOYEE_QTY": null, "EMPLOYEE_MALE": null, "EMPLOYEE_FEMALE": null, "EMPLOYEE_DIF_ABLE": null, "WORKING_HRS_STR": null, "WORKING_HRS_STP": null, "_source": "MCGM ArcGIS FeatureServer (official)"}}, {"type": "Feature", "id": 118, "geometry": {"type": "Point", "coordinates": [72.839038019, 18.9621805830001]}, "properties": {"OBJECTID": 118, "FEATUREID": "PS15084400124", "NAME": "Dongri Police Station", "TYPE": 1, "SUBTYPE": "Station", "LOCATION": "Dr. Maheshwari Road, Near Sandhurst\n Road Railway Station, Dongri, Mumbai - 400009. ", "BRD_LINE_NO": "23719136", "CNTRL_ROOM_NO": "23716278, \n23753676", "TYPE_CONSTRUCT": null, "YEAR_CONSTRUCT": null, "NO_FLOOR": null, "NO_ROOMS": null, "NO_COM_TOILET": null, "NO_GEN_TOILET": null, "NO_LAD_TOILET": null, "BATHROOM_FAC": null, "RAMP_DISABLED": null, "OPEN_SPACE": null, "REMARKS": " Vilas Gangacane 9870161174\ndongripolicestation@mtnl.net.in", "EDUPDATEUSER": null, "EDUPDATETIME": null, "CREATED_USER": "DMMASTER", "CREATED_DATE": 1479825702000, "LAST_EDITED_USER": "DMMASTER", "LAST_EDITED_DATE": 1566224851000, "HEIGHT_TO_MSL": null, "WATER_TANK_CAPA": null, "SYMMETRIC": null, "GROUND": null, "NO_BASEMENT": null, "NO_HALL_AUD": null, "SEAT_CAPACITY": null, "NO_WATER_TANK": null, "NO_ELEVATOR": null, "PAS": null, "CCTV_SERVE": null, "STRUCTURAL_AUDIT": null, "FIRE_EXTING_SYS": null, "FIRE_AUDIT": null, "CENTRALIZED_AC": null, "DISPLAY_BOARD": null, "HAZ_MAT": null, "ALT_ELEC": null, "WARD": "B", "ELEVATOR_CONTACT_LIST": null, "ELEVATOR_INTERCOM": null, "WORKING_HRS": null, "EMPLOYEE_QTY": null, "EMPLOYEE_MALE": null, "EMPLOYEE_FEMALE": null, "EMPLOYEE_DIF_ABLE": null, "WORKING_HRS_STR": null, "WORKING_HRS_STP": null, "_source": "MCGM ArcGIS FeatureServer (official)"}}, {"type": "Feature", "id": 119, "geometry": {"type": "Point", "coordinates": [72.8319430000001, 18.9540670000001]}, "properties": {"OBJECTID": 119, "FEATUREID": "PS14076600126", "NAME": "Pydhonie Police Station", "TYPE": 1, "SUBTYPE": "Station", "LOCATION": "Ibrahim Rahmatullah Road, Opp Hamidiya Masjid, Mumbadevi Area, Mumbai - 400003. ", "BRD_LINE_NO": "23436114", "CNTRL_ROOM_NO": "23463333, \n23473333", "TYPE_CONSTRUCT": null, "YEAR_CONSTRUCT": null, "NO_FLOOR": null, "NO_ROOMS": null, "NO_COM_TOILET": null, "NO_GEN_TOILET": null, "NO_LAD_TOILET": null, "BATHROOM_FAC": null, "RAMP_DISABLED": null, "OPEN_SPACE": null, "REMARKS": "Sunil Ramchandra Kawlekar 9594989751\npaydhuniepolicestation@mtnl.net.in", "EDUPDATEUSER": null, "EDUPDATETIME": null, "CREATED_USER": "DMMASTER", "CREATED_DATE": 1479825702000, "LAST_EDITED_USER": "DMMASTER", "LAST_EDITED_DATE": 1566225624000, "HEIGHT_TO_MSL": null, "WATER_TANK_CAPA": null, "SYMMETRIC": null, "GROUND": null, "NO_BASEMENT": null, "NO_HALL_AUD": null, "SEAT_CAPACITY": null, "NO_WATER_TANK": null, "NO_ELEVATOR": null, "PAS": null, "CCTV_SERVE": null, "STRUCTURAL_AUDIT": null, "FIRE_EXTING_SYS": null, "FIRE_AUDIT": null, "CENTRALIZED_AC": null, "DISPLAY_BOARD": null, "HAZ_MAT": null, "ALT_ELEC": null, "WARD": "B", "ELEVATOR_CONTACT_LIST": null, "ELEVATOR_INTERCOM": null, "WORKING_HRS": null, "EMPLOYEE_QTY": null, "EMPLOYEE_MALE": null, "EMPLOYEE_FEMALE": null, "EMPLOYEE_DIF_ABLE": null, "WORKING_HRS_STR": null, "WORKING_HRS_STP": null, "_source": "MCGM ArcGIS FeatureServer (official)"}}, {"type": "Feature", "id": 120, "geometry": {"type": "Point", "coordinates": [72.812416, 18.960472]}, "properties": {"OBJECTID": 120, "FEATUREID": "PS12086300130", "NAME": "Gaondevi Police Station", "TYPE": 1, "SUBTYPE": "Station", "LOCATION": "7, Pandita Ramabai Marg, Papanas Wadi, Gaondevi,  Mumbai -400007. ", "BRD_LINE_NO": "23803505", "CNTRL_ROOM_NO": "23804505, 23800505", "TYPE_CONSTRUCT": null, "YEAR_CONSTRUCT": null, "NO_FLOOR": null, "NO_ROOMS": null, "NO_COM_TOILET": null, "NO_GEN_TOILET": null, "NO_LAD_TOILET": null, "BATHROOM_FAC": null, "RAMP_DISABLED": null, "OPEN_SPACE": null, "REMARKS": "Rajaram Dattatray Prabhu  9870518679  gamdevipolicestation@mtnl.net.in", "EDUPDATEUSER": null, "EDUPDATETIME": null, "CREATED_USER": "DMMASTER", "CREATED_DATE": 1479825702000, "LAST_EDITED_USER": "DMMASTER", "LAST_EDITED_DATE": 1566147366000, "HEIGHT_TO_MSL": null, "WATER_TANK_CAPA": null, "SYMMETRIC": null, "GROUND": null, "NO_BASEMENT": null, "NO_HALL_AUD": null, "SEAT_CAPACITY": null, "NO_WATER_TANK": null, "NO_ELEVATOR": null, "PAS": null, "CCTV_SERVE": null, "STRUCTURAL_AUDIT": null, "FIRE_EXTING_SYS": null, "FIRE_AUDIT": null, "CENTRALIZED_AC": null, "DISPLAY_BOARD": null, "HAZ_MAT": null, "ALT_ELEC": null, "WARD": "D", "ELEVATOR_CONTACT_LIST": null, "ELEVATOR_INTERCOM": null, "WORKING_HRS": null, "EMPLOYEE_QTY": null, "EMPLOYEE_MALE": null, "EMPLOYEE_FEMALE": null, "EMPLOYEE_DIF_ABLE": null, "WORKING_HRS_STR": null, "WORKING_HRS_STP": null, "_source": "MCGM ArcGIS FeatureServer (official)"}}, {"type": "Feature", "id": 121, "geometry": {"type": "Point", "coordinates": [72.8189363710001, 18.9119521600001]}, "properties": {"OBJECTID": 121, "FEATUREID": "PS13022900118", "NAME": "Cuffe Parade Police Station", "TYPE": 1, "SUBTYPE": "Station", "LOCATION": "Sadhu T. L. Waswani Marg, Near World Trade Center, Babasaheb Ambedkar Nagar, Cuffe Parade, Mumbai - 400005. ", "BRD_LINE_NO": "22180588", "CNTRL_ROOM_NO": "22180588, 22188009", "TYPE_CONSTRUCT": null, "YEAR_CONSTRUCT": null, "NO_FLOOR": null, "NO_ROOMS": null, "NO_COM_TOILET": null, "NO_GEN_TOILET": null, "NO_LAD_TOILET": null, "BATHROOM_FAC": null, "RAMP_DISABLED": null, "OPEN_SPACE": null, "REMARKS": "Dipak J. Patil 9870367936\ncuffeparadepolicestation@mtnl.net.in", "EDUPDATEUSER": null, "EDUPDATETIME": null, "CREATED_USER": "DMMASTER", "CREATED_DATE": 1479825702000, "LAST_EDITED_USER": "DMMASTER", "LAST_EDITED_DATE": 1566297400000, "HEIGHT_TO_MSL": null, "WATER_TANK_CAPA": null, "SYMMETRIC": null, "GROUND": null, "NO_BASEMENT": null, "NO_HALL_AUD": null, "SEAT_CAPACITY": null, "NO_WATER_TANK": null, "NO_ELEVATOR": null, "PAS": null, "CCTV_SERVE": null, "STRUCTURAL_AUDIT": null, "FIRE_EXTING_SYS": null, "FIRE_AUDIT": null, "CENTRALIZED_AC": null, "DISPLAY_BOARD": null, "HAZ_MAT": null, "ALT_ELEC": null, "WARD": "A", "ELEVATOR_CONTACT_LIST": null, "ELEVATOR_INTERCOM": null, "WORKING_HRS": null, "EMPLOYEE_QTY": null, "EMPLOYEE_MALE": null, "EMPLOYEE_FEMALE": null, "EMPLOYEE_DIF_ABLE": null, "WORKING_HRS_STR": null, "WORKING_HRS_STP": null, "_source": "MCGM ArcGIS FeatureServer (official)"}}, {"type": "Feature", "id": 122, "geometry": {"type": "Point", "coordinates": [72.8246540000001, 18.930164]}, "properties": {"OBJECTID": 122, "FEATUREID": "PS13048900116", "NAME": "Marine Drive Police Station", "TYPE": 1, "SUBTYPE": "Station", "LOCATION": "Dinshaw Vaccha Road, Behind Yashodhan Bldg. In front of C.C.I. Club, Mumbai-400020.  ", "BRD_LINE_NO": "22880267", "CNTRL_ROOM_NO": "22880267, 22880266", "TYPE_CONSTRUCT": null, "YEAR_CONSTRUCT": null, "NO_FLOOR": null, "NO_ROOMS": null, "NO_COM_TOILET": null, "NO_GEN_TOILET": null, "NO_LAD_TOILET": null, "BATHROOM_FAC": null, "RAMP_DISABLED": null, "OPEN_SPACE": null, "REMARKS": null, "EDUPDATEUSER": null, "EDUPDATETIME": null, "CREATED_USER": "DMMASTER", "CREATED_DATE": 1479825702000, "LAST_EDITED_USER": "DMMASTER", "LAST_EDITED_DATE": 1566298723000, "HEIGHT_TO_MSL": null, "WATER_TANK_CAPA": null, "SYMMETRIC": null, "GROUND": null, "NO_BASEMENT": null, "NO_HALL_AUD": null, "SEAT_CAPACITY": null, "NO_WATER_TANK": null, "NO_ELEVATOR": null, "PAS": null, "CCTV_SERVE": null, "STRUCTURAL_AUDIT": null, "FIRE_EXTING_SYS": null, "FIRE_AUDIT": null, "CENTRALIZED_AC": null, "DISPLAY_BOARD": null, "HAZ_MAT": null, "ALT_ELEC": null, "WARD": "A", "ELEVATOR_CONTACT_LIST": null, "ELEVATOR_INTERCOM": null, "WORKING_HRS": null, "EMPLOYEE_QTY": null, "EMPLOYEE_MALE": null, "EMPLOYEE_FEMALE": null, "EMPLOYEE_DIF_ABLE": null, "WORKING_HRS_STR": null, "WORKING_HRS_STP": null, "_source": "MCGM ArcGIS FeatureServer (official)"}}, {"type": "Feature", "id": 123, "geometry": {"type": "Point", "coordinates": [72.832324, 18.962951]}, "properties": {"OBJECTID": 123, "FEATUREID": "PS14087600125", "NAME": "J J Marg Police Station", "TYPE": 1, "SUBTYPE": "Station", "LOCATION": "Sir J.J. Hospital Compound, Sir J. J. Road, Byculla, Mumbai - 400008. ", "BRD_LINE_NO": "23770118, 9702673676", "CNTRL_ROOM_NO": "23748200, \n23753762", "TYPE_CONSTRUCT": null, "YEAR_CONSTRUCT": null, "NO_FLOOR": null, "NO_ROOMS": null, "NO_COM_TOILET": null, "NO_GEN_TOILET": null, "NO_LAD_TOILET": null, "BATHROOM_FAC": null, "RAMP_DISABLED": null, "OPEN_SPACE": null, "REMARKS": "Anil Narayan Madvi  8108000369\njjmargpolicestation@mtnl.net.in", "EDUPDATEUSER": null, "EDUPDATETIME": null, "CREATED_USER": "DMMASTER", "CREATED_DATE": 1479825702000, "LAST_EDITED_USER": "DMMASTER", "LAST_EDITED_DATE": 1566297974000, "HEIGHT_TO_MSL": null, "WATER_TANK_CAPA": null, "SYMMETRIC": null, "GROUND": null, "NO_BASEMENT": null, "NO_HALL_AUD": null, "SEAT_CAPACITY": null, "NO_WATER_TANK": null, "NO_ELEVATOR": null, "PAS": null, "CCTV_SERVE": null, "STRUCTURAL_AUDIT": null, "FIRE_EXTING_SYS": null, "FIRE_AUDIT": null, "CENTRALIZED_AC": null, "DISPLAY_BOARD": null, "HAZ_MAT": null, "ALT_ELEC": null, "WARD": "E", "ELEVATOR_CONTACT_LIST": null, "ELEVATOR_INTERCOM": null, "WORKING_HRS": null, "EMPLOYEE_QTY": null, "EMPLOYEE_MALE": null, "EMPLOYEE_FEMALE": null, "EMPLOYEE_DIF_ABLE": null, "WORKING_HRS_STR": null, "WORKING_HRS_STP": null, "_source": "MCGM ArcGIS FeatureServer (official)"}}, {"type": "Feature", "id": 124, "geometry": {"type": "Point", "coordinates": [72.8477480000001, 19.0808910000001]}, "properties": {"OBJECTID": 124, "FEATUREID": "PS16215600038", "NAME": "Vakola Police Station", "TYPE": 1, "SUBTYPE": "Station", "LOCATION": "Anand Nagar, Western Highway, Santacruz (E), Mumbai-55. ", "BRD_LINE_NO": "26471306, 26682756", "CNTRL_ROOM_NO": "26685236", "TYPE_CONSTRUCT": null, "YEAR_CONSTRUCT": null, "NO_FLOOR": null, "NO_ROOMS": null, "NO_COM_TOILET": null, "NO_GEN_TOILET": null, "NO_LAD_TOILET": null, "BATHROOM_FAC": null, "RAMP_DISABLED": null, "OPEN_SPACE": null, "REMARKS": "Mahadev Vavhale 9223270816 wakolapolicestation@mtnl.net.in", "EDUPDATEUSER": null, "EDUPDATETIME": null, "CREATED_USER": "DMMASTER", "CREATED_DATE": 1479825702000, "LAST_EDITED_USER": "DMMASTER", "LAST_EDITED_DATE": 1566308509000, "HEIGHT_TO_MSL": null, "WATER_TANK_CAPA": null, "SYMMETRIC": null, "GROUND": null, "NO_BASEMENT": null, "NO_HALL_AUD": null, "SEAT_CAPACITY": null, "NO_WATER_TANK": null, "NO_ELEVATOR": null, "PAS": null, "CCTV_SERVE": null, "STRUCTURAL_AUDIT": null, "FIRE_EXTING_SYS": null, "FIRE_AUDIT": null, "CENTRALIZED_AC": null, "DISPLAY_BOARD": null, "HAZ_MAT": null, "ALT_ELEC": null, "WARD": "H/E", "ELEVATOR_CONTACT_LIST": null, "ELEVATOR_INTERCOM": null, "WORKING_HRS": null, "EMPLOYEE_QTY": null, "EMPLOYEE_MALE": null, "EMPLOYEE_FEMALE": null, "EMPLOYEE_DIF_ABLE": null, "WORKING_HRS_STR": null, "WORKING_HRS_STP": null, "_source": "MCGM ArcGIS FeatureServer (official)"}}, {"type": "Feature", "id": 125, "geometry": {"type": "Point", "coordinates": [72.850105005, 19.0658832720001]}, "properties": {"OBJECTID": 125, "FEATUREID": "PS16196800041", "NAME": "Kherwadi Police Station", "TYPE": 1, "SUBTYPE": "Station", "LOCATION": "Government Colony, Bldg No. 5, Gr floor, Ambedkar Nagar, Bandra (E), Mumbai - 400051. ", "BRD_LINE_NO": "26571216", "CNTRL_ROOM_NO": "26570877", "TYPE_CONSTRUCT": null, "YEAR_CONSTRUCT": null, "NO_FLOOR": null, "NO_ROOMS": null, "NO_COM_TOILET": null, "NO_GEN_TOILET": null, "NO_LAD_TOILET": null, "BATHROOM_FAC": null, "RAMP_DISABLED": null, "OPEN_SPACE": null, "REMARKS": "Re- Locate Sujata Patil 9870294939 kherwadipolicestation@mtnl.net.in", "EDUPDATEUSER": null, "EDUPDATETIME": null, "CREATED_USER": "DMMASTER", "CREATED_DATE": 1479825702000, "LAST_EDITED_USER": "DMMASTER", "LAST_EDITED_DATE": 1566308555000, "HEIGHT_TO_MSL": null, "WATER_TANK_CAPA": null, "SYMMETRIC": null, "GROUND": null, "NO_BASEMENT": null, "NO_HALL_AUD": null, "SEAT_CAPACITY": null, "NO_WATER_TANK": null, "NO_ELEVATOR": null, "PAS": null, "CCTV_SERVE": null, "STRUCTURAL_AUDIT": null, "FIRE_EXTING_SYS": null, "FIRE_AUDIT": null, "CENTRALIZED_AC": null, "DISPLAY_BOARD": null, "HAZ_MAT": null, "ALT_ELEC": null, "WARD": "H/E", "ELEVATOR_CONTACT_LIST": null, "ELEVATOR_INTERCOM": null, "WORKING_HRS": null, "EMPLOYEE_QTY": null, "EMPLOYEE_MALE": null, "EMPLOYEE_FEMALE": null, "EMPLOYEE_DIF_ABLE": null, "WORKING_HRS_STR": null, "WORKING_HRS_STP": null, "_source": "MCGM ArcGIS FeatureServer (official)"}}, {"type": "Feature", "id": 126, "geometry": {"type": "Point", "coordinates": [72.865889, 19.0940800000001]}, "properties": {"OBJECTID": 126, "FEATUREID": "PS17212400043", "NAME": "Airport Police Station", "TYPE": 1, "SUBTYPE": "Station", "LOCATION": "Airport Terminal Building, Near Gate no 01, Domestic Airport, CSIA, Mumbai 400099. ", "BRD_LINE_NO": "26156921", "CNTRL_ROOM_NO": "26156315, \n26156309", "TYPE_CONSTRUCT": null, "YEAR_CONSTRUCT": null, "NO_FLOOR": null, "NO_ROOMS": null, "NO_COM_TOILET": null, "NO_GEN_TOILET": null, "NO_LAD_TOILET": null, "BATHROOM_FAC": null, "RAMP_DISABLED": null, "OPEN_SPACE": null, "REMARKS": "Babu T. Mukhedkar  9870318197\nairportpolicestation@mtnl.net.in", "EDUPDATEUSER": null, "EDUPDATETIME": null, "CREATED_USER": "DMMASTER", "CREATED_DATE": 1479825702000, "LAST_EDITED_USER": "DMMASTER", "LAST_EDITED_DATE": 1566308547000, "HEIGHT_TO_MSL": null, "WATER_TANK_CAPA": null, "SYMMETRIC": null, "GROUND": null, "NO_BASEMENT": null, "NO_HALL_AUD": null, "SEAT_CAPACITY": null, "NO_WATER_TANK": null, "NO_ELEVATOR": null, "PAS": null, "CCTV_SERVE": null, "STRUCTURAL_AUDIT": null, "FIRE_EXTING_SYS": null, "FIRE_AUDIT": null, "CENTRALIZED_AC": null, "DISPLAY_BOARD": null, "HAZ_MAT": null, "ALT_ELEC": null, "WARD": "K/E", "ELEVATOR_CONTACT_LIST": null, "ELEVATOR_INTERCOM": null, "WORKING_HRS": null, "EMPLOYEE_QTY": null, "EMPLOYEE_MALE": null, "EMPLOYEE_FEMALE": null, "EMPLOYEE_DIF_ABLE": null, "WORKING_HRS_STR": null, "WORKING_HRS_STP": null, "_source": "MCGM ArcGIS FeatureServer (official)"}}, {"type": "Feature", "id": 127, "geometry": {"type": "Point", "coordinates": [72.844902, 19.065434]}, "properties": {"OBJECTID": 127, "FEATUREID": "PS16191900037", "NAME": "Nirmal Nagar Police Station", "TYPE": 1, "SUBTYPE": "Station", "LOCATION": "Jay Prakash Road, Nirmal Nagar, Bandra (East), Mumbai - 400051. ", "BRD_LINE_NO": "26682756, 26471306", "CNTRL_ROOM_NO": "26479372, \n26685236", "TYPE_CONSTRUCT": null, "YEAR_CONSTRUCT": null, "NO_FLOOR": null, "NO_ROOMS": null, "NO_COM_TOILET": null, "NO_GEN_TOILET": null, "NO_LAD_TOILET": null, "BATHROOM_FAC": null, "RAMP_DISABLED": null, "OPEN_SPACE": null, "REMARKS": "Sudhir Sakharam Jambavdekar  9821954272\nnirmalnagarpolicestation@mtnl.net.in", "EDUPDATEUSER": "Ajit N Deshmukh", "EDUPDATETIME": 1445731200000, "CREATED_USER": "DMMASTER", "CREATED_DATE": 1479825702000, "LAST_EDITED_USER": "DMMASTER", "LAST_EDITED_DATE": 1566308487000, "HEIGHT_TO_MSL": null, "WATER_TANK_CAPA": null, "SYMMETRIC": null, "GROUND": null, "NO_BASEMENT": null, "NO_HALL_AUD": null, "SEAT_CAPACITY": null, "NO_WATER_TANK": null, "NO_ELEVATOR": null, "PAS": null, "CCTV_SERVE": null, "STRUCTURAL_AUDIT": null, "FIRE_EXTING_SYS": null, "FIRE_AUDIT": null, "CENTRALIZED_AC": null, "DISPLAY_BOARD": null, "HAZ_MAT": null, "ALT_ELEC": null, "WARD": "H/E", "ELEVATOR_CONTACT_LIST": null, "ELEVATOR_INTERCOM": null, "WORKING_HRS": null, "EMPLOYEE_QTY": null, "EMPLOYEE_MALE": null, "EMPLOYEE_FEMALE": null, "EMPLOYEE_DIF_ABLE": null, "WORKING_HRS_STR": null, "WORKING_HRS_STP": null, "_source": "MCGM ArcGIS FeatureServer (official)"}}, {"type": "Feature", "id": 128, "geometry": {"type": "Point", "coordinates": [72.8480663390001, 19.1204983540001]}, "properties": {"OBJECTID": 128, "FEATUREID": "PS16255900054", "NAME": "Andheri Police Station", "TYPE": 1, "SUBTYPE": "Station", "LOCATION": "Sahar Road, Opp. Andheri Railway Station, Vertex Junction, Andheri Kurla Road, Andheri East, Mumbai - 400069.  ", "BRD_LINE_NO": "26831365", "CNTRL_ROOM_NO": "26831447, \n26831562", "TYPE_CONSTRUCT": null, "YEAR_CONSTRUCT": null, "NO_FLOOR": null, "NO_ROOMS": null, "NO_COM_TOILET": null, "NO_GEN_TOILET": null, "NO_LAD_TOILET": null, "BATHROOM_FAC": null, "RAMP_DISABLED": null, "OPEN_SPACE": null, "REMARKS": "Nandkumar Madhavrao Dhumal 9821593185  ps.andheri.mum@mahapolice.gov.in", "EDUPDATEUSER": "Ajit N Deshmukh", "EDUPDATETIME": 1445731200000, "CREATED_USER": "DMMASTER", "CREATED_DATE": 1479825702000, "LAST_EDITED_USER": "DMMASTER", "LAST_EDITED_DATE": 1566308633000, "HEIGHT_TO_MSL": null, "WATER_TANK_CAPA": null, "SYMMETRIC": null, "GROUND": null, "NO_BASEMENT": null, "NO_HALL_AUD": null, "SEAT_CAPACITY": null, "NO_WATER_TANK": null, "NO_ELEVATOR": null, "PAS": null, "CCTV_SERVE": null, "STRUCTURAL_AUDIT": null, "FIRE_EXTING_SYS": null, "FIRE_AUDIT": null, "CENTRALIZED_AC": null, "DISPLAY_BOARD": null, "HAZ_MAT": null, "ALT_ELEC": null, "WARD": "K/E", "ELEVATOR_CONTACT_LIST": null, "ELEVATOR_INTERCOM": null, "WORKING_HRS": null, "EMPLOYEE_QTY": null, "EMPLOYEE_MALE": null, "EMPLOYEE_FEMALE": null, "EMPLOYEE_DIF_ABLE": null, "WORKING_HRS_STR": null, "WORKING_HRS_STP": null, "_source": "MCGM ArcGIS FeatureServer (official)"}}, {"type": "Feature", "id": 129, "geometry": {"type": "Point", "coordinates": [72.830384617, 19.12449288]}, "properties": {"OBJECTID": 129, "FEATUREID": "PS14267400058", "NAME": "Versova Police Station", "TYPE": 1, "SUBTYPE": "Station", "LOCATION": "Link Road, Near C.D.Barfiwalla School, D.N.Nagar, Andheri (West), Mumbai-400053. ", "BRD_LINE_NO": "26365420", "CNTRL_ROOM_NO": "26304812, \n24691896", "TYPE_CONSTRUCT": null, "YEAR_CONSTRUCT": null, "NO_FLOOR": null, "NO_ROOMS": null, "NO_COM_TOILET": null, "NO_GEN_TOILET": null, "NO_LAD_TOILET": null, "BATHROOM_FAC": null, "RAMP_DISABLED": null, "OPEN_SPACE": null, "REMARKS": "Ravindranath L. Pawar 9870433601  versovapolicestation@mtnl.net.in", "EDUPDATEUSER": "Ajit N Deshmukh", "EDUPDATETIME": 1445731200000, "CREATED_USER": "DMMASTER", "CREATED_DATE": 1479825702000, "LAST_EDITED_USER": "DMMASTER", "LAST_EDITED_DATE": 1566308747000, "HEIGHT_TO_MSL": null, "WATER_TANK_CAPA": null, "SYMMETRIC": null, "GROUND": null, "NO_BASEMENT": null, "NO_HALL_AUD": null, "SEAT_CAPACITY": null, "NO_WATER_TANK": null, "NO_ELEVATOR": null, "PAS": null, "CCTV_SERVE": null, "STRUCTURAL_AUDIT": null, "FIRE_EXTING_SYS": null, "FIRE_AUDIT": null, "CENTRALIZED_AC": null, "DISPLAY_BOARD": null, "HAZ_MAT": null, "ALT_ELEC": null, "WARD": "K/W", "ELEVATOR_CONTACT_LIST": null, "ELEVATOR_INTERCOM": null, "WORKING_HRS": null, "EMPLOYEE_QTY": null, "EMPLOYEE_MALE": null, "EMPLOYEE_FEMALE": null, "EMPLOYEE_DIF_ABLE": null, "WORKING_HRS_STR": null, "WORKING_HRS_STP": null, "_source": "MCGM ArcGIS FeatureServer (official)"}}, {"type": "Feature", "id": 130, "geometry": {"type": "Point", "coordinates": [72.831599618, 19.147573499]}, "properties": {"OBJECTID": 130, "FEATUREID": "PS14289900059", "NAME": "Oshiwara Police Station", "TYPE": 1, "SUBTYPE": "Station", "LOCATION": "New Link Road, Opp. Mhada, Oshiwara, Jogeshwari (West), Mumbai.  400047 ", "BRD_LINE_NO": "26322753", "CNTRL_ROOM_NO": "26323861, \n26323862", "TYPE_CONSTRUCT": null, "YEAR_CONSTRUCT": null, "NO_FLOOR": null, "NO_ROOMS": null, "NO_COM_TOILET": null, "NO_GEN_TOILET": null, "NO_LAD_TOILET": null, "BATHROOM_FAC": null, "RAMP_DISABLED": null, "OPEN_SPACE": null, "REMARKS": "Subhash Khanvilkar  9870221747\noshiwarapolicestation@mtnl.net.in", "EDUPDATEUSER": "Ajit N Deshmukh", "EDUPDATETIME": 1445731200000, "CREATED_USER": "DMMASTER", "CREATED_DATE": 1479825702000, "LAST_EDITED_USER": "DMMASTER", "LAST_EDITED_DATE": 1566308717000, "HEIGHT_TO_MSL": null, "WATER_TANK_CAPA": null, "SYMMETRIC": null, "GROUND": null, "NO_BASEMENT": null, "NO_HALL_AUD": null, "SEAT_CAPACITY": null, "NO_WATER_TANK": null, "NO_ELEVATOR": null, "PAS": null, "CCTV_SERVE": null, "STRUCTURAL_AUDIT": null, "FIRE_EXTING_SYS": null, "FIRE_AUDIT": null, "CENTRALIZED_AC": null, "DISPLAY_BOARD": null, "HAZ_MAT": null, "ALT_ELEC": null, "WARD": "K/W", "ELEVATOR_CONTACT_LIST": null, "ELEVATOR_INTERCOM": null, "WORKING_HRS": null, "EMPLOYEE_QTY": null, "EMPLOYEE_MALE": null, "EMPLOYEE_FEMALE": null, "EMPLOYEE_DIF_ABLE": null, "WORKING_HRS_STR": null, "WORKING_HRS_STP": null, "_source": "MCGM ArcGIS FeatureServer (official)"}}, {"type": "Feature", "id": 131, "geometry": {"type": "Point", "coordinates": [72.848540782, 19.142536847]}, "properties": {"OBJECTID": 131, "FEATUREID": "PS16286400061", "NAME": "Amboli Police Station", "TYPE": 1, "SUBTYPE": "Station", "LOCATION": "Patel Estate Road, Opp. Pushtik Society, Jogeshwari (W), Mumbai-400058.  ", "BRD_LINE_NO": "26762002", "CNTRL_ROOM_NO": "26762001, \n26762003", "TYPE_CONSTRUCT": null, "YEAR_CONSTRUCT": null, "NO_FLOOR": null, "NO_ROOMS": null, "NO_COM_TOILET": null, "NO_GEN_TOILET": null, "NO_LAD_TOILET": null, "BATHROOM_FAC": null, "RAMP_DISABLED": null, "OPEN_SPACE": null, "REMARKS": "Ramesh Sitaram Khadtare  9870441179\nambolipolicestation@mtnl.net.in", "EDUPDATEUSER": "Ajit N Deshmukh", "EDUPDATETIME": 1445731200000, "CREATED_USER": "DMMASTER", "CREATED_DATE": 1479825702000, "LAST_EDITED_USER": "DMMASTER", "LAST_EDITED_DATE": 1566308683000, "HEIGHT_TO_MSL": null, "WATER_TANK_CAPA": null, "SYMMETRIC": null, "GROUND": null, "NO_BASEMENT": null, "NO_HALL_AUD": null, "SEAT_CAPACITY": null, "NO_WATER_TANK": null, "NO_ELEVATOR": null, "PAS": null, "CCTV_SERVE": null, "STRUCTURAL_AUDIT": null, "FIRE_EXTING_SYS": null, "FIRE_AUDIT": null, "CENTRALIZED_AC": null, "DISPLAY_BOARD": null, "HAZ_MAT": null, "ALT_ELEC": null, "WARD": "K/W", "ELEVATOR_CONTACT_LIST": null, "ELEVATOR_INTERCOM": null, "WORKING_HRS": null, "EMPLOYEE_QTY": null, "EMPLOYEE_MALE": null, "EMPLOYEE_FEMALE": null, "EMPLOYEE_DIF_ABLE": null, "WORKING_HRS_STR": null, "WORKING_HRS_STP": null, "_source": "MCGM ArcGIS FeatureServer (official)"}}, {"type": "Feature", "id": 132, "geometry": {"type": "Point", "coordinates": [72.834816, 19.084148]}, "properties": {"OBJECTID": 132, "FEATUREID": "PS15211900044", "NAME": "Santacruz Police Station", "TYPE": 1, "SUBTYPE": "Station", "LOCATION": "Juhu Tara Road, Linking Road, Opp. Juhu Garden,Santacruz (W), Mumbai-400054. ", "BRD_LINE_NO": "26487856", "CNTRL_ROOM_NO": "26493139, \n26492972", "TYPE_CONSTRUCT": null, "YEAR_CONSTRUCT": null, "NO_FLOOR": null, "NO_ROOMS": null, "NO_COM_TOILET": null, "NO_GEN_TOILET": null, "NO_LAD_TOILET": null, "BATHROOM_FAC": null, "RAMP_DISABLED": null, "OPEN_SPACE": null, "REMARKS": "Shantanu Pawar 9892446642\nsantacruzpolicestation@mtnl.net.in", "EDUPDATEUSER": null, "EDUPDATETIME": null, "CREATED_USER": "DMMASTER", "CREATED_DATE": 1479825702000, "LAST_EDITED_USER": "DMMASTER", "LAST_EDITED_DATE": 1566308563000, "HEIGHT_TO_MSL": null, "WATER_TANK_CAPA": null, "SYMMETRIC": null, "GROUND": null, "NO_BASEMENT": null, "NO_HALL_AUD": null, "SEAT_CAPACITY": null, "NO_WATER_TANK": null, "NO_ELEVATOR": null, "PAS": null, "CCTV_SERVE": null, "STRUCTURAL_AUDIT": null, "FIRE_EXTING_SYS": null, "FIRE_AUDIT": null, "CENTRALIZED_AC": null, "DISPLAY_BOARD": null, "HAZ_MAT": null, "ALT_ELEC": null, "WARD": "H/W", "ELEVATOR_CONTACT_LIST": null, "ELEVATOR_INTERCOM": null, "WORKING_HRS": null, "EMPLOYEE_QTY": null, "EMPLOYEE_MALE": null, "EMPLOYEE_FEMALE": null, "EMPLOYEE_DIF_ABLE": null, "WORKING_HRS_STR": null, "WORKING_HRS_STP": null, "_source": "MCGM ArcGIS FeatureServer (official)"}}, {"type": "Feature", "id": 133, "geometry": {"type": "Point", "coordinates": [72.8481990000001, 19.1205600000001]}, "properties": {"OBJECTID": 133, "FEATUREID": "PS11000000012", "NAME": "ACP Office", "TYPE": 1, "SUBTYPE": "Office", "LOCATION": "Sahar Road, Opp. Andheri Railway Station, Vertex Junction, Railway Colony, Andheri East, Railway Colony, Andheri East, Mumbai, Maharashtra, 400053", "BRD_LINE_NO": "9969111855", "CNTRL_ROOM_NO": null, "TYPE_CONSTRUCT": null, "YEAR_CONSTRUCT": null, "NO_FLOOR": null, "NO_ROOMS": null, "NO_COM_TOILET": null, "NO_GEN_TOILET": null, "NO_LAD_TOILET": null, "BATHROOM_FAC": null, "RAMP_DISABLED": null, "OPEN_SPACE": null, "REMARKS": null, "EDUPDATEUSER": null, "EDUPDATETIME": null, "CREATED_USER": "DMMASTER", "CREATED_DATE": 1566306188000, "LAST_EDITED_USER": "DMMASTER", "LAST_EDITED_DATE": 1566306219000, "HEIGHT_TO_MSL": null, "WATER_TANK_CAPA": null, "SYMMETRIC": null, "GROUND": null, "NO_BASEMENT": null, "NO_HALL_AUD": null, "SEAT_CAPACITY": null, "NO_WATER_TANK": null, "NO_ELEVATOR": null, "PAS": null, "CCTV_SERVE": null, "STRUCTURAL_AUDIT": null, "FIRE_EXTING_SYS": null, "FIRE_AUDIT": null, "CENTRALIZED_AC": null, "DISPLAY_BOARD": null, "HAZ_MAT": null, "ALT_ELEC": null, "WARD": "K/E", "ELEVATOR_CONTACT_LIST": null, "ELEVATOR_INTERCOM": null, "WORKING_HRS": null, "EMPLOYEE_QTY": null, "EMPLOYEE_MALE": null, "EMPLOYEE_FEMALE": null, "EMPLOYEE_DIF_ABLE": null, "WORKING_HRS_STR": null, "WORKING_HRS_STP": null, "_source": "MCGM ArcGIS FeatureServer (official)"}}, {"type": "Feature", "id": 134, "geometry": {"type": "Point", "coordinates": [72.817738766, 19.009772275]}, "properties": {"OBJECTID": 134, "FEATUREID": "PS10000010159", "NAME": "Traffic Police Head Office", "TYPE": 1, "SUBTYPE": "Control Room", "LOCATION": "Worli Police Camp, Sir Pochkhanwala Road, Near Hill Top Hotel, Worli, Mumbai - 400018, ", "BRD_LINE_NO": "24954443, 24924734, 24937755", "CNTRL_ROOM_NO": null, "TYPE_CONSTRUCT": null, "YEAR_CONSTRUCT": null, "NO_FLOOR": null, "NO_ROOMS": null, "NO_COM_TOILET": null, "NO_GEN_TOILET": null, "NO_LAD_TOILET": null, "BATHROOM_FAC": null, "RAMP_DISABLED": null, "OPEN_SPACE": null, "REMARKS": null, "EDUPDATEUSER": null, "EDUPDATETIME": null, "CREATED_USER": "DMMASTER", "CREATED_DATE": 1479825702000, "LAST_EDITED_USER": "DMMASTER", "LAST_EDITED_DATE": 1566300351000, "HEIGHT_TO_MSL": null, "WATER_TANK_CAPA": null, "SYMMETRIC": null, "GROUND": null, "NO_BASEMENT": null, "NO_HALL_AUD": null, "SEAT_CAPACITY": null, "NO_WATER_TANK": null, "NO_ELEVATOR": null, "PAS": null, "CCTV_SERVE": null, "STRUCTURAL_AUDIT": null, "FIRE_EXTING_SYS": null, "FIRE_AUDIT": null, "CENTRALIZED_AC": null, "DISPLAY_BOARD": null, "HAZ_MAT": null, "ALT_ELEC": null, "WARD": "G/S", "ELEVATOR_CONTACT_LIST": null, "ELEVATOR_INTERCOM": null, "WORKING_HRS": null, "EMPLOYEE_QTY": null, "EMPLOYEE_MALE": null, "EMPLOYEE_FEMALE": null, "EMPLOYEE_DIF_ABLE": null, "WORKING_HRS_STR": null, "WORKING_HRS_STP": null, "_source": "MCGM ArcGIS FeatureServer (official)"}}]}