{"type": "FeatureCollection", "features": [{"type": "Feature", "geometry": {"type": "Point", "coordinates": [72.8502510067114, 19.035763087248323]}, "properties": {"node_id": 0, "elevation_m": 0.34, "elevation_provenance": "DERIVED", "in_degree": 0, "out_degree": 1, "is_headwater": true, "is_sink": false, "role": "headwater inlet", "capacity_m3s": 0.15, "capacity_provenance": "ESTIMATED", "capacity_method": "contributing_area_m2 x (50.0mm/hr, MCGM post-BRIMSTOWAD-1993 design intensity, runoff coeff 1.0) — see mcgm_swd_official_statistics.json. Real pipe diameters/invert levels are unavailable for this area."}}, {"type": "Feature", "geometry": {"type": "Point", "coordinates": [72.84998255033557, 19.036031543624162]}, "properties": {"node_id": 1, "elevation_m": 0.0, "elevation_provenance": "DERIVED", "in_degree": 1, "out_degree": 0, "is_headwater": false, "is_sink": true, "role": "sink / potential surcharge & ponding point", "capacity_m3s": 0.15, "capacity_provenance": "ESTIMATED", "capacity_method": "contributing_area_m2 x (50.0mm/hr, MCGM post-BRIMSTOWAD-1993 design intensity, runoff coeff 1.0) — see mcgm_swd_official_statistics.json. Real pipe diameters/invert levels are unavailable for this area."}}, {"type": "Feature", "geometry": {"type": "Point", "coordinates": [72.85186174496644, 19.03415234899329]}, "properties": {"node_id": 2, "elevation_m": 1.38, "elevation_provenance": "DERIVED", "in_degree": 0, "out_degree": 1, "is_headwater": true, "is_sink": false, "role": "headwater inlet", "capacity_m3s": 0.125, "capacity_provenance": "ESTIMATED", "capacity_method": "contributing_area_m2 x (50.0mm/hr, MCGM post-BRIMSTOWAD-1993 design intensity, runoff coeff 1.0) — see mcgm_swd_official_statistics.json. Real pipe diameters/invert levels are unavailable for this area."}}, {"type": "Feature", "geometry": {"type": "Point", "coordinates": [72.85186174496644, 19.03388389261745]}, "properties": {"node_id": 3, "elevation_m": 0.0, "elevation_provenance": "DERIVED", "in_degree": 1, "out_degree": 0, "is_headwater": false, "is_sink": true, "role": "sink / potential surcharge & ponding point", "capacity_m3s": 0.125, "capacity_provenance": "ESTIMATED", "capacity_method": "contributing_area_m2 x (50.0mm/hr, MCGM post-BRIMSTOWAD-1993 design intensity, runoff coeff 1.0) — see mcgm_swd_official_statistics.json. Real pipe diameters/invert levels are unavailable for this area."}}, {"type": "Feature", "geometry": {"type": "Point", "coordinates": [72.85078791946309, 19.033346979865772]}, "properties": {"node_id": 4, "elevation_m": 2.88, "elevation_provenance": "DERIVED", "in_degree": 0, "out_degree": 1, "is_headwater": true, "is_sink": false, "role": "headwater inlet", "capacity_m3s": 0.125, "capacity_provenance": "ESTIMATED", "capacity_method": "contributing_area_m2 x (50.0mm/hr, MCGM post-BRIMSTOWAD-1993 design intensity, runoff coeff 1.0) — see mcgm_swd_official_statistics.json. Real pipe diameters/invert levels are unavailable for this area."}}, {"type": "Feature", "geometry": {"type": "Point", "coordinates": [72.85105637583892, 19.033346979865772]}, "properties": {"node_id": 5, "elevation_m": 1.58, "elevation_provenance": "DERIVED", "in_degree": 1, "out_degree": 1, "is_headwater": false, "is_sink": false, "role": "junction", "capacity_m3s": 0.175, "capacity_provenance": "ESTIMATED", "capacity_method": "contributing_area_m2 x (50.0mm/hr, MCGM post-BRIMSTOWAD-1993 design intensity, runoff coeff 1.0) — see mcgm_swd_official_statistics.json. Real pipe diameters/invert levels are unavailable for this area."}}, {"type": "Feature", "geometry": {"type": "Point", "coordinates": [72.85132483221476, 19.033346979865772]}, "properties": {"node_id": 6, "elevation_m": 0.0, "elevation_provenance": "DERIVED", "in_degree": 1, "out_degree": 0, "is_headwater": false, "is_sink": true, "role": "sink / potential surcharge & ponding point", "capacity_m3s": 0.175, "capacity_provenance": "ESTIMATED", "capacity_method": "contributing_area_m2 x (50.0mm/hr, MCGM post-BRIMSTOWAD-1993 design intensity, runoff coeff 1.0) — see mcgm_swd_official_statistics.json. Real pipe diameters/invert levels are unavailable for this area."}}, {"type": "Feature", "geometry": {"type": "Point", "coordinates": [72.84917718120805, 19.033078523489934]}, "properties": {"node_id": 7, "elevation_m": 2.14, "elevation_provenance": "DERIVED", "in_degree": 0, "out_degree": 1, "is_headwater": true, "is_sink": false, "role": "headwater inlet", "capacity_m3s": 0.125, "capacity_provenance": "ESTIMATED", "capacity_method": "contributing_area_m2 x (50.0mm/hr, MCGM post-BRIMSTOWAD-1993 design intensity, runoff coeff 1.0) — see mcgm_swd_official_statistics.json. Real pipe diameters/invert levels are unavailable for this area."}}, {"type": "Feature", "geometry": {"type": "Point", "coordinates": [72.84890872483221, 19.033078523489934]}, "properties": {"node_id": 8, "elevation_m": 0.0, "elevation_provenance": "DERIVED", "in_degree": 1, "out_degree": 0, "is_headwater": false, "is_sink": true, "role": "sink / potential surcharge & ponding point", "capacity_m3s": 0.125, "capacity_provenance": "ESTIMATED", "capacity_method": "contributing_area_m2 x (50.0mm/hr, MCGM post-BRIMSTOWAD-1993 design intensity, runoff coeff 1.0) — see mcgm_swd_official_statistics.json. Real pipe diameters/invert levels are unavailable for this area."}}, {"type": "Feature", "geometry": {"type": "Point", "coordinates": [72.84729798657717, 19.0314677852349]}, "properties": {"node_id": 9, "elevation_m": 3.26, "elevation_provenance": "DERIVED", "in_degree": 0, "out_degree": 1, "is_headwater": true, "is_sink": false, "role": "headwater inlet", "capacity_m3s": 0.125, "capacity_provenance": "ESTIMATED", "capacity_method": "contributing_area_m2 x (50.0mm/hr, MCGM post-BRIMSTOWAD-1993 design intensity, runoff coeff 1.0) — see mcgm_swd_official_statistics.json. Real pipe diameters/invert levels are unavailable for this area."}}, {"type": "Feature", "geometry": {"type": "Point", "coordinates": [72.84756644295302, 19.03119932885906]}, "properties": {"node_id": 10, "elevation_m": 0.88, "elevation_provenance": "DERIVED", "in_degree": 1, "out_degree": 0, "is_headwater": false, "is_sink": true, "role": "sink / potential surcharge & ponding point", "capacity_m3s": 0.125, "capacity_provenance": "ESTIMATED", "capacity_method": "contributing_area_m2 x (50.0mm/hr, MCGM post-BRIMSTOWAD-1993 design intensity, runoff coeff 1.0) — see mcgm_swd_official_statistics.json. Real pipe diameters/invert levels are unavailable for this area."}}, {"type": "Feature", "geometry": {"type": "Point", "coordinates": [72.8467610738255, 19.030393959731544]}, "properties": {"node_id": 11, "elevation_m": 1.97, "elevation_provenance": "DERIVED", "in_degree": 0, "out_degree": 1, "is_headwater": true, "is_sink": false, "role": "headwater inlet", "capacity_m3s": 0.15, "capacity_provenance": "ESTIMATED", "capacity_method": "contributing_area_m2 x (50.0mm/hr, MCGM post-BRIMSTOWAD-1993 design intensity, runoff coeff 1.0) — see mcgm_swd_official_statistics.json. Real pipe diameters/invert levels are unavailable for this area."}}, {"type": "Feature", "geometry": {"type": "Point", "coordinates": [72.84702953020134, 19.030393959731544]}, "properties": {"node_id": 12, "elevation_m": 1.88, "elevation_provenance": "DERIVED", "in_degree": 1, "out_degree": 1, "is_headwater": false, "is_sink": false, "role": "junction", "capacity_m3s": 0.1875, "capacity_provenance": "ESTIMATED", "capacity_method": "contributing_area_m2 x (50.0mm/hr, MCGM post-BRIMSTOWAD-1993 design intensity, runoff coeff 1.0) — see mcgm_swd_official_statistics.json. Real pipe diameters/invert levels are unavailable for this area."}}, {"type": "Feature", "geometry": {"type": "Point", "coordinates": [72.84729798657717, 19.030393959731544]}, "properties": {"node_id": 13, "elevation_m": 0.16, "elevation_provenance": "DERIVED", "in_degree": 1, "out_degree": 0, "is_headwater": false, "is_sink": true, "role": "sink / potential surcharge & ponding point", "capacity_m3s": 0.1875, "capacity_provenance": "ESTIMATED", "capacity_method": "contributing_area_m2 x (50.0mm/hr, MCGM post-BRIMSTOWAD-1993 design intensity, runoff coeff 1.0) — see mcgm_swd_official_statistics.json. Real pipe diameters/invert levels are unavailable for this area."}}, {"type": "Feature", "geometry": {"type": "Point", "coordinates": [72.83629127516778, 19.027977852348993]}, "properties": {"node_id": 14, "elevation_m": 0.11, "elevation_provenance": "DERIVED", "in_degree": 0, "out_degree": 1, "is_headwater": true, "is_sink": false, "role": "headwater inlet", "capacity_m3s": 0.175, "capacity_provenance": "ESTIMATED", "capacity_method": "contributing_area_m2 x (50.0mm/hr, MCGM post-BRIMSTOWAD-1993 design intensity, runoff coeff 1.0) — see mcgm_swd_official_statistics.json. Real pipe diameters/invert levels are unavailable for this area."}}, {"type": "Feature", "geometry": {"type": "Point", "coordinates": [72.83602281879195, 19.027977852348993]}, "properties": {"node_id": 15, "elevation_m": 0.0, "elevation_provenance": "DERIVED", "in_degree": 1, "out_degree": 0, "is_headwater": false, "is_sink": true, "role": "sink / potential surcharge & ponding point", "capacity_m3s": 0.175, "capacity_provenance": "ESTIMATED", "capacity_method": "contributing_area_m2 x (50.0mm/hr, MCGM post-BRIMSTOWAD-1993 design intensity, runoff coeff 1.0) — see mcgm_swd_official_statistics.json. Real pipe diameters/invert levels are unavailable for this area."}}, {"type": "Feature", "geometry": {"type": "Point", "coordinates": [72.86072080536913, 19.027440939597316]}, "properties": {"node_id": 16, "elevation_m": 1.88, "elevation_provenance": "DERIVED", "in_degree": 0, "out_degree": 1, "is_headwater": true, "is_sink": false, "role": "headwater inlet", "capacity_m3s": 0.15, "capacity_provenance": "ESTIMATED", "capacity_method": "contributing_area_m2 x (50.0mm/hr, MCGM post-BRIMSTOWAD-1993 design intensity, runoff coeff 1.0) — see mcgm_swd_official_statistics.json. Real pipe diameters/invert levels are unavailable for this area."}}, {"type": "Feature", "geometry": {"type": "Point", "coordinates": [72.86098926174496, 19.027172483221477]}, "properties": {"node_id": 17, "elevation_m": 0.88, "elevation_provenance": "DERIVED", "in_degree": 1, "out_degree": 1, "is_headwater": false, "is_sink": false, "role": "junction", "capacity_m3s": 0.2125, "capacity_provenance": "ESTIMATED", "capacity_method": "contributing_area_m2 x (50.0mm/hr, MCGM post-BRIMSTOWAD-1993 design intensity, runoff coeff 1.0) — see mcgm_swd_official_statistics.json. Real pipe diameters/invert levels are unavailable for this area."}}, {"type": "Feature", "geometry": {"type": "Point", "coordinates": [72.86125771812081, 19.027172483221477]}, "properties": {"node_id": 18, "elevation_m": 0.0, "elevation_provenance": "DERIVED", "in_degree": 1, "out_degree": 0, "is_headwater": false, "is_sink": true, "role": "sink / potential surcharge & ponding point", "capacity_m3s": 0.2125, "capacity_provenance": "ESTIMATED", "capacity_method": "contributing_area_m2 x (50.0mm/hr, MCGM post-BRIMSTOWAD-1993 design intensity, runoff coeff 1.0) — see mcgm_swd_official_statistics.json. Real pipe diameters/invert levels are unavailable for this area."}}, {"type": "Feature", "geometry": {"type": "Point", "coordinates": [72.84971409395973, 19.025830201342284]}, "properties": {"node_id": 19, "elevation_m": 1.46, "elevation_provenance": "DERIVED", "in_degree": 0, "out_degree": 1, "is_headwater": true, "is_sink": false, "role": "headwater inlet", "capacity_m3s": 0.1625, "capacity_provenance": "ESTIMATED", "capacity_method": "contributing_area_m2 x (50.0mm/hr, MCGM post-BRIMSTOWAD-1993 design intensity, runoff coeff 1.0) — see mcgm_swd_official_statistics.json. Real pipe diameters/invert levels are unavailable for this area."}}, {"type": "Feature", "geometry": {"type": "Point", "coordinates": [72.8494456375839, 19.025830201342284]}, "properties": {"node_id": 20, "elevation_m": 0.0, "elevation_provenance": "DERIVED", "in_degree": 1, "out_degree": 0, "is_headwater": false, "is_sink": true, "role": "sink / potential surcharge & ponding point", "capacity_m3s": 0.1625, "capacity_provenance": "ESTIMATED", "capacity_method": "contributing_area_m2 x (50.0mm/hr, MCGM post-BRIMSTOWAD-1993 design intensity, runoff coeff 1.0) — see mcgm_swd_official_statistics.json. Real pipe diameters/invert levels are unavailable for this area."}}, {"type": "Feature", "geometry": {"type": "Point", "coordinates": [72.83387516778524, 19.025024832214765]}, "properties": {"node_id": 21, "elevation_m": 2.55, "elevation_provenance": "DERIVED", "in_degree": 1, "out_degree": 1, "is_headwater": false, "is_sink": false, "role": "junction", "capacity_m3s": 0.175, "capacity_provenance": "ESTIMATED", "capacity_method": "contributing_area_m2 x (50.0mm/hr, MCGM post-BRIMSTOWAD-1993 design intensity, runoff coeff 1.0) — see mcgm_swd_official_statistics.json. Real pipe diameters/invert levels are unavailable for this area."}}, {"type": "Feature", "geometry": {"type": "Point", "coordinates": [72.83360671140939, 19.025024832214765]}, "properties": {"node_id": 22, "elevation_m": 0.0, "elevation_provenance": "DERIVED", "in_degree": 1, "out_degree": 0, "is_headwater": false, "is_sink": true, "role": "sink / potential surcharge & ponding point", "capacity_m3s": 0.175, "capacity_provenance": "ESTIMATED", "capacity_method": "contributing_area_m2 x (50.0mm/hr, MCGM post-BRIMSTOWAD-1993 design intensity, runoff coeff 1.0) — see mcgm_swd_official_statistics.json. Real pipe diameters/invert levels are unavailable for this area."}}, {"type": "Feature", "geometry": {"type": "Point", "coordinates": [72.85374093959732, 19.025024832214765]}, "properties": {"node_id": 23, "elevation_m": 8.15, "elevation_provenance": "DERIVED", "in_degree": 0, "out_degree": 1, "is_headwater": true, "is_sink": false, "role": "headwater inlet", "capacity_m3s": 0.125, "capacity_provenance": "ESTIMATED", "capacity_method": "contributing_area_m2 x (50.0mm/hr, MCGM post-BRIMSTOWAD-1993 design intensity, runoff coeff 1.0) — see mcgm_swd_official_statistics.json. Real pipe diameters/invert levels are unavailable for this area."}}, {"type": "Feature", "geometry": {"type": "Point", "coordinates": [72.85347248322148, 19.025024832214765]}, "properties": {"node_id": 24, "elevation_m": 7.5, "elevation_provenance": "DERIVED", "in_degree": 1, "out_degree": 0, "is_headwater": false, "is_sink": true, "role": "sink / potential surcharge & ponding point", "capacity_m3s": 0.125, "capacity_provenance": "ESTIMATED", "capacity_method": "contributing_area_m2 x (50.0mm/hr, MCGM post-BRIMSTOWAD-1993 design intensity, runoff coeff 1.0) — see mcgm_swd_official_statistics.json. Real pipe diameters/invert levels are unavailable for this area."}}, {"type": "Feature", "geometry": {"type": "Point", "coordinates": [72.83414362416107, 19.024756375838926]}, "properties": {"node_id": 25, "elevation_m": 3.38, "elevation_provenance": "DERIVED", "in_degree": 0, "out_degree": 1, "is_headwater": true, "is_sink": false, "role": "headwater inlet", "capacity_m3s": 0.1625, "capacity_provenance": "ESTIMATED", "capacity_method": "contributing_area_m2 x (50.0mm/hr, MCGM post-BRIMSTOWAD-1993 design intensity, runoff coeff 1.0) — see mcgm_swd_official_statistics.json. Real pipe diameters/invert levels are unavailable for this area."}}, {"type": "Feature", "geometry": {"type": "Point", "coordinates": [72.85535167785235, 19.024487919463088]}, "properties": {"node_id": 26, "elevation_m": 15.26, "elevation_provenance": "DERIVED", "in_degree": 1, "out_degree": 1, "is_headwater": false, "is_sink": false, "role": "junction", "capacity_m3s": 0.1375, "capacity_provenance": "ESTIMATED", "capacity_method": "contributing_area_m2 x (50.0mm/hr, MCGM post-BRIMSTOWAD-1993 design intensity, runoff coeff 1.0) — see mcgm_swd_official_statistics.json. Real pipe diameters/invert levels are unavailable for this area."}}, {"type": "Feature", "geometry": {"type": "Point", "coordinates": [72.85562013422819, 19.024487919463088]}, "properties": {"node_id": 27, "elevation_m": 12.57, "elevation_provenance": "DERIVED", "in_degree": 1, "out_degree": 1, "is_headwater": false, "is_sink": false, "role": "junction", "capacity_m3s": 0.2125, "capacity_provenance": "ESTIMATED", "capacity_method": "contributing_area_m2 x (50.0mm/hr, MCGM post-BRIMSTOWAD-1993 design intensity, runoff coeff 1.0) — see mcgm_swd_official_statistics.json. Real pipe diameters/invert levels are unavailable for this area."}}, {"type": "Feature", "geometry": {"type": "Point", "coordinates": [72.85562013422819, 19.024756375838926]}, "properties": {"node_id": 28, "elevation_m": 8.46, "elevation_provenance": "DERIVED", "in_degree": 1, "out_degree": 0, "is_headwater": false, "is_sink": true, "role": "sink / potential surcharge & ponding point", "capacity_m3s": 0.2125, "capacity_provenance": "ESTIMATED", "capacity_method": "contributing_area_m2 x (50.0mm/hr, MCGM post-BRIMSTOWAD-1993 design intensity, runoff coeff 1.0) — see mcgm_swd_official_statistics.json. Real pipe diameters/invert levels are unavailable for this area."}}, {"type": "Feature", "geometry": {"type": "Point", "coordinates": [72.85186174496644, 19.02421946308725]}, "properties": {"node_id": 29, "elevation_m": 11.58, "elevation_provenance": "DERIVED", "in_degree": 0, "out_degree": 1, "is_headwater": true, "is_sink": false, "role": "headwater inlet", "capacity_m3s": 0.1875, "capacity_provenance": "ESTIMATED", "capacity_method": "contributing_area_m2 x (50.0mm/hr, MCGM post-BRIMSTOWAD-1993 design intensity, runoff coeff 1.0) — see mcgm_swd_official_statistics.json. Real pipe diameters/invert levels are unavailable for this area."}}, {"type": "Feature", "geometry": {"type": "Point", "coordinates": [72.85213020134228, 19.02395100671141]}, "properties": {"node_id": 30, "elevation_m": 7.5, "elevation_provenance": "DERIVED", "in_degree": 1, "out_degree": 0, "is_headwater": false, "is_sink": true, "role": "sink / potential surcharge & ponding point", "capacity_m3s": 0.1875, "capacity_provenance": "ESTIMATED", "capacity_method": "contributing_area_m2 x (50.0mm/hr, MCGM post-BRIMSTOWAD-1993 design intensity, runoff coeff 1.0) — see mcgm_swd_official_statistics.json. Real pipe diameters/invert levels are unavailable for this area."}}, {"type": "Feature", "geometry": {"type": "Point", "coordinates": [72.8550832214765, 19.02421946308725]}, "properties": {"node_id": 31, "elevation_m": 15.65, "elevation_provenance": "DERIVED", "in_degree": 0, "out_degree": 1, "is_headwater": true, "is_sink": false, "role": "headwater inlet", "capacity_m3s": 0.125, "capacity_provenance": "ESTIMATED", "capacity_method": "contributing_area_m2 x (50.0mm/hr, MCGM post-BRIMSTOWAD-1993 design intensity, runoff coeff 1.0) — see mcgm_swd_official_statistics.json. Real pipe diameters/invert levels are unavailable for this area."}}, {"type": "Feature", "geometry": {"type": "Point", "coordinates": [72.85857315436242, 19.02395100671141]}, "properties": {"node_id": 32, "elevation_m": 11.32, "elevation_provenance": "DERIVED", "in_degree": 0, "out_degree": 1, "is_headwater": true, "is_sink": false, "role": "headwater inlet", "capacity_m3s": 0.15, "capacity_provenance": "ESTIMATED", "capacity_method": "contributing_area_m2 x (50.0mm/hr, MCGM post-BRIMSTOWAD-1993 design intensity, runoff coeff 1.0) — see mcgm_swd_official_statistics.json. Real pipe diameters/invert levels are unavailable for this area."}}, {"type": "Feature", "geometry": {"type": "Point", "coordinates": [72.85884161073825, 19.02395100671141]}, "properties": {"node_id": 33, "elevation_m": 7.5, "elevation_provenance": "DERIVED", "in_degree": 1, "out_degree": 0, "is_headwater": false, "is_sink": true, "role": "sink / potential surcharge & ponding point", "capacity_m3s": 0.15, "capacity_provenance": "ESTIMATED", "capacity_method": "contributing_area_m2 x (50.0mm/hr, MCGM post-BRIMSTOWAD-1993 design intensity, runoff coeff 1.0) — see mcgm_swd_official_statistics.json. Real pipe diameters/invert levels are unavailable for this area."}}, {"type": "Feature", "geometry": {"type": "Point", "coordinates": [72.85320402684563, 19.02368255033557]}, "properties": {"node_id": 34, "elevation_m": 8.48, "elevation_provenance": "DERIVED", "in_degree": 0, "out_degree": 1, "is_headwater": true, "is_sink": false, "role": "headwater inlet", "capacity_m3s": 0.125, "capacity_provenance": "ESTIMATED", "capacity_method": "contributing_area_m2 x (50.0mm/hr, MCGM post-BRIMSTOWAD-1993 design intensity, runoff coeff 1.0) — see mcgm_swd_official_statistics.json. Real pipe diameters/invert levels are unavailable for this area."}}, {"type": "Feature", "geometry": {"type": "Point", "coordinates": [72.8529355704698, 19.02368255033557]}, "properties": {"node_id": 35, "elevation_m": 7.5, "elevation_provenance": "DERIVED", "in_degree": 1, "out_degree": 0, "is_headwater": false, "is_sink": true, "role": "sink / potential surcharge & ponding point", "capacity_m3s": 0.125, "capacity_provenance": "ESTIMATED", "capacity_method": "contributing_area_m2 x (50.0mm/hr, MCGM post-BRIMSTOWAD-1993 design intensity, runoff coeff 1.0) — see mcgm_swd_official_statistics.json. Real pipe diameters/invert levels are unavailable for this area."}}, {"type": "Feature", "geometry": {"type": "Point", "coordinates": [72.84864026845638, 19.023145637583895]}, "properties": {"node_id": 36, "elevation_m": 3.84, "elevation_provenance": "DERIVED", "in_degree": 1, "out_degree": 1, "is_headwater": false, "is_sink": false, "role": "junction", "capacity_m3s": 0.225, "capacity_provenance": "ESTIMATED", "capacity_method": "contributing_area_m2 x (50.0mm/hr, MCGM post-BRIMSTOWAD-1993 design intensity, runoff coeff 1.0) — see mcgm_swd_official_statistics.json. Real pipe diameters/invert levels are unavailable for this area."}}, {"type": "Feature", "geometry": {"type": "Point", "coordinates": [72.84864026845638, 19.023414093959733]}, "properties": {"node_id": 37, "elevation_m": 1.88, "elevation_provenance": "DERIVED", "in_degree": 1, "out_degree": 0, "is_headwater": false, "is_sink": true, "role": "sink / potential surcharge & ponding point", "capacity_m3s": 0.225, "capacity_provenance": "ESTIMATED", "capacity_method": "contributing_area_m2 x (50.0mm/hr, MCGM post-BRIMSTOWAD-1993 design intensity, runoff coeff 1.0) — see mcgm_swd_official_statistics.json. Real pipe diameters/invert levels are unavailable for this area."}}, {"type": "Feature", "geometry": {"type": "Point", "coordinates": [72.84864026845638, 19.022877181208056]}, "properties": {"node_id": 38, "elevation_m": 7.5, "elevation_provenance": "DERIVED", "in_degree": 1, "out_degree": 1, "is_headwater": false, "is_sink": false, "role": "junction", "capacity_m3s": 0.1875, "capacity_provenance": "ESTIMATED", "capacity_method": "contributing_area_m2 x (50.0mm/hr, MCGM post-BRIMSTOWAD-1993 design intensity, runoff coeff 1.0) — see mcgm_swd_official_statistics.json. Real pipe diameters/invert levels are unavailable for this area."}}, {"type": "Feature", "geometry": {"type": "Point", "coordinates": [72.84864026845638, 19.022608724832217]}, "properties": {"node_id": 39, "elevation_m": 9.09, "elevation_provenance": "DERIVED", "in_degree": 0, "out_degree": 1, "is_headwater": true, "is_sink": false, "role": "headwater inlet", "capacity_m3s": 0.1375, "capacity_provenance": "ESTIMATED", "capacity_method": "contributing_area_m2 x (50.0mm/hr, MCGM post-BRIMSTOWAD-1993 design intensity, runoff coeff 1.0) — see mcgm_swd_official_statistics.json. Real pipe diameters/invert levels are unavailable for this area."}}, {"type": "Feature", "geometry": {"type": "Point", "coordinates": [72.85320402684563, 19.022608724832217]}, "properties": {"node_id": 40, "elevation_m": 10.28, "elevation_provenance": "DERIVED", "in_degree": 0, "out_degree": 1, "is_headwater": true, "is_sink": false, "role": "headwater inlet", "capacity_m3s": 0.1375, "capacity_provenance": "ESTIMATED", "capacity_method": "contributing_area_m2 x (50.0mm/hr, MCGM post-BRIMSTOWAD-1993 design intensity, runoff coeff 1.0) — see mcgm_swd_official_statistics.json. Real pipe diameters/invert levels are unavailable for this area."}}, {"type": "Feature", "geometry": {"type": "Point", "coordinates": [72.8529355704698, 19.022877181208056]}, "properties": {"node_id": 41, "elevation_m": 8.91, "elevation_provenance": "DERIVED", "in_degree": 1, "out_degree": 0, "is_headwater": false, "is_sink": true, "role": "sink / potential surcharge & ponding point", "capacity_m3s": 0.1375, "capacity_provenance": "ESTIMATED", "capacity_method": "contributing_area_m2 x (50.0mm/hr, MCGM post-BRIMSTOWAD-1993 design intensity, runoff coeff 1.0) — see mcgm_swd_official_statistics.json. Real pipe diameters/invert levels are unavailable for this area."}}, {"type": "Feature", "geometry": {"type": "Point", "coordinates": [72.85830469798658, 19.022071812080537]}, "properties": {"node_id": 42, "elevation_m": 16.19, "elevation_provenance": "DERIVED", "in_degree": 1, "out_degree": 1, "is_headwater": false, "is_sink": false, "role": "junction", "capacity_m3s": 0.15, "capacity_provenance": "ESTIMATED", "capacity_method": "contributing_area_m2 x (50.0mm/hr, MCGM post-BRIMSTOWAD-1993 design intensity, runoff coeff 1.0) — see mcgm_swd_official_statistics.json. Real pipe diameters/invert levels are unavailable for this area."}}, {"type": "Feature", "geometry": {"type": "Point", "coordinates": [72.85830469798658, 19.022340268456375]}, "properties": {"node_id": 43, "elevation_m": 15.57, "elevation_provenance": "DERIVED", "in_degree": 1, "out_degree": 0, "is_headwater": false, "is_sink": true, "role": "sink / potential surcharge & ponding point", "capacity_m3s": 0.15, "capacity_provenance": "ESTIMATED", "capacity_method": "contributing_area_m2 x (50.0mm/hr, MCGM post-BRIMSTOWAD-1993 design intensity, runoff coeff 1.0) — see mcgm_swd_official_statistics.json. Real pipe diameters/invert levels are unavailable for this area."}}, {"type": "Feature", "geometry": {"type": "Point", "coordinates": [72.85803624161073, 19.021803355704698]}, "properties": {"node_id": 44, "elevation_m": 16.28, "elevation_provenance": "DERIVED", "in_degree": 0, "out_degree": 1, "is_headwater": true, "is_sink": false, "role": "headwater inlet", "capacity_m3s": 0.125, "capacity_provenance": "ESTIMATED", "capacity_method": "contributing_area_m2 x (50.0mm/hr, MCGM post-BRIMSTOWAD-1993 design intensity, runoff coeff 1.0) — see mcgm_swd_official_statistics.json. Real pipe diameters/invert levels are unavailable for this area."}}, {"type": "Feature", "geometry": {"type": "Point", "coordinates": [72.8467610738255, 19.02126644295302]}, "properties": {"node_id": 45, "elevation_m": 7.38, "elevation_provenance": "DERIVED", "in_degree": 1, "out_degree": 1, "is_headwater": false, "is_sink": false, "role": "junction", "capacity_m3s": 0.2375, "capacity_provenance": "ESTIMATED", "capacity_method": "contributing_area_m2 x (50.0mm/hr, MCGM post-BRIMSTOWAD-1993 design intensity, runoff coeff 1.0) — see mcgm_swd_official_statistics.json. Real pipe diameters/invert levels are unavailable for this area."}}, {"type": "Feature", "geometry": {"type": "Point", "coordinates": [72.84649261744966, 19.02126644295302]}, "properties": {"node_id": 46, "elevation_m": 0.12, "elevation_provenance": "DERIVED", "in_degree": 1, "out_degree": 0, "is_headwater": false, "is_sink": true, "role": "sink / potential surcharge & ponding point", "capacity_m3s": 0.2375, "capacity_provenance": "ESTIMATED", "capacity_method": "contributing_area_m2 x (50.0mm/hr, MCGM post-BRIMSTOWAD-1993 design intensity, runoff coeff 1.0) — see mcgm_swd_official_statistics.json. Real pipe diameters/invert levels are unavailable for this area."}}, {"type": "Feature", "geometry": {"type": "Point", "coordinates": [72.84702953020134, 19.020997986577182]}, "properties": {"node_id": 47, "elevation_m": 7.53, "elevation_provenance": "DERIVED", "in_degree": 1, "out_degree": 1, "is_headwater": false, "is_sink": false, "role": "junction", "capacity_m3s": 0.225, "capacity_provenance": "ESTIMATED", "capacity_method": "contributing_area_m2 x (50.0mm/hr, MCGM post-BRIMSTOWAD-1993 design intensity, runoff coeff 1.0) — see mcgm_swd_official_statistics.json. Real pipe diameters/invert levels are unavailable for this area."}}, {"type": "Feature", "geometry": {"type": "Point", "coordinates": [72.85427785234899, 19.020997986577182]}, "properties": {"node_id": 48, "elevation_m": 16.43, "elevation_provenance": "DERIVED", "in_degree": 0, "out_degree": 1, "is_headwater": true, "is_sink": false, "role": "headwater inlet", "capacity_m3s": 0.125, "capacity_provenance": "ESTIMATED", "capacity_method": "contributing_area_m2 x (50.0mm/hr, MCGM post-BRIMSTOWAD-1993 design intensity, runoff coeff 1.0) — see mcgm_swd_official_statistics.json. Real pipe diameters/invert levels are unavailable for this area."}}, {"type": "Feature", "geometry": {"type": "Point", "coordinates": [72.85400939597315, 19.020729530201343]}, "properties": {"node_id": 49, "elevation_m": 16.42, "elevation_provenance": "DERIVED", "in_degree": 1, "out_degree": 1, "is_headwater": false, "is_sink": false, "role": "junction", "capacity_m3s": 0.15, "capacity_provenance": "ESTIMATED", "capacity_method": "contributing_area_m2 x (50.0mm/hr, MCGM post-BRIMSTOWAD-1993 design intensity, runoff coeff 1.0) — see mcgm_swd_official_statistics.json. Real pipe diameters/invert levels are unavailable for this area."}}, {"type": "Feature", "geometry": {"type": "Point", "coordinates": [72.8357543624161, 19.020729530201343]}, "properties": {"node_id": 50, "elevation_m": 7.95, "elevation_provenance": "DERIVED", "in_degree": 0, "out_degree": 1, "is_headwater": true, "is_sink": false, "role": "headwater inlet", "capacity_m3s": 0.175, "capacity_provenance": "ESTIMATED", "capacity_method": "contributing_area_m2 x (50.0mm/hr, MCGM post-BRIMSTOWAD-1993 design intensity, runoff coeff 1.0) — see mcgm_swd_official_statistics.json. Real pipe diameters/invert levels are unavailable for this area."}}, {"type": "Feature", "geometry": {"type": "Point", "coordinates": [72.83602281879195, 19.020729530201343]}, "properties": {"node_id": 51, "elevation_m": 7.77, "elevation_provenance": "DERIVED", "in_degree": 1, "out_degree": 1, "is_headwater": false, "is_sink": false, "role": "junction", "capacity_m3s": 0.1875, "capacity_provenance": "ESTIMATED", "capacity_method": "contributing_area_m2 x (50.0mm/hr, MCGM post-BRIMSTOWAD-1993 design intensity, runoff coeff 1.0) — see mcgm_swd_official_statistics.json. Real pipe diameters/invert levels are unavailable for this area."}}, {"type": "Feature", "geometry": {"type": "Point", "coordinates": [72.83629127516778, 19.020729530201343]}, "properties": {"node_id": 52, "elevation_m": 7.5, "elevation_provenance": "DERIVED", "in_degree": 1, "out_degree": 0, "is_headwater": false, "is_sink": true, "role": "sink / potential surcharge & ponding point", "capacity_m3s": 0.1875, "capacity_provenance": "ESTIMATED", "capacity_method": "contributing_area_m2 x (50.0mm/hr, MCGM post-BRIMSTOWAD-1993 design intensity, runoff coeff 1.0) — see mcgm_swd_official_statistics.json. Real pipe diameters/invert levels are unavailable for this area."}}, {"type": "Feature", "geometry": {"type": "Point", "coordinates": [72.84729798657717, 19.020729530201343]}, "properties": {"node_id": 53, "elevation_m": 8.07, "elevation_provenance": "DERIVED", "in_degree": 1, "out_degree": 1, "is_headwater": false, "is_sink": false, "role": "junction", "capacity_m3s": 0.175, "capacity_provenance": "ESTIMATED", "capacity_method": "contributing_area_m2 x (50.0mm/hr, MCGM post-BRIMSTOWAD-1993 design intensity, runoff coeff 1.0) — see mcgm_swd_official_statistics.json. Real pipe diameters/invert levels are unavailable for this area."}}, {"type": "Feature", "geometry": {"type": "Point", "coordinates": [72.84756644295302, 19.020729530201343]}, "properties": {"node_id": 54, "elevation_m": 15.13, "elevation_provenance": "DERIVED", "in_degree": 0, "out_degree": 1, "is_headwater": true, "is_sink": false, "role": "headwater inlet", "capacity_m3s": 0.125, "capacity_provenance": "ESTIMATED", "capacity_method": "contributing_area_m2 x (50.0mm/hr, MCGM post-BRIMSTOWAD-1993 design intensity, runoff coeff 1.0) — see mcgm_swd_official_statistics.json. Real pipe diameters/invert levels are unavailable for this area."}}, {"type": "Feature", "geometry": {"type": "Point", "coordinates": [72.85400939597315, 19.020461073825505]}, "properties": {"node_id": 55, "elevation_m": 16.22, "elevation_provenance": "DERIVED", "in_degree": 1, "out_degree": 0, "is_headwater": false, "is_sink": true, "role": "sink / potential surcharge & ponding point", "capacity_m3s": 0.15, "capacity_provenance": "ESTIMATED", "capacity_method": "contributing_area_m2 x (50.0mm/hr, MCGM post-BRIMSTOWAD-1993 design intensity, runoff coeff 1.0) — see mcgm_swd_official_statistics.json. Real pipe diameters/invert levels are unavailable for this area."}}, {"type": "Feature", "geometry": {"type": "Point", "coordinates": [72.85105637583892, 19.020461073825505]}, "properties": {"node_id": 56, "elevation_m": 7.65, "elevation_provenance": "DERIVED", "in_degree": 0, "out_degree": 1, "is_headwater": true, "is_sink": false, "role": "headwater inlet", "capacity_m3s": 0.1375, "capacity_provenance": "ESTIMATED", "capacity_method": "contributing_area_m2 x (50.0mm/hr, MCGM post-BRIMSTOWAD-1993 design intensity, runoff coeff 1.0) — see mcgm_swd_official_statistics.json. Real pipe diameters/invert levels are unavailable for this area."}}, {"type": "Feature", "geometry": {"type": "Point", "coordinates": [72.85078791946309, 19.020729530201343]}, "properties": {"node_id": 57, "elevation_m": 7.5, "elevation_provenance": "DERIVED", "in_degree": 1, "out_degree": 0, "is_headwater": false, "is_sink": true, "role": "sink / potential surcharge & ponding point", "capacity_m3s": 0.1375, "capacity_provenance": "ESTIMATED", "capacity_method": "contributing_area_m2 x (50.0mm/hr, MCGM post-BRIMSTOWAD-1993 design intensity, runoff coeff 1.0) — see mcgm_swd_official_statistics.json. Real pipe diameters/invert levels are unavailable for this area."}}, {"type": "Feature", "geometry": {"type": "Point", "coordinates": [72.85803624161073, 19.020192617449666]}, "properties": {"node_id": 58, "elevation_m": 7.66, "elevation_provenance": "DERIVED", "in_degree": 0, "out_degree": 1, "is_headwater": true, "is_sink": false, "role": "headwater inlet", "capacity_m3s": 0.1375, "capacity_provenance": "ESTIMATED", "capacity_method": "contributing_area_m2 x (50.0mm/hr, MCGM post-BRIMSTOWAD-1993 design intensity, runoff coeff 1.0) — see mcgm_swd_official_statistics.json. Real pipe diameters/invert levels are unavailable for this area."}}, {"type": "Feature", "geometry": {"type": "Point", "coordinates": [72.85830469798658, 19.020192617449666]}, "properties": {"node_id": 59, "elevation_m": 7.66, "elevation_provenance": "DERIVED", "in_degree": 1, "out_degree": 1, "is_headwater": false, "is_sink": false, "role": "junction", "capacity_m3s": 0.175, "capacity_provenance": "ESTIMATED", "capacity_method": "contributing_area_m2 x (50.0mm/hr, MCGM post-BRIMSTOWAD-1993 design intensity, runoff coeff 1.0) — see mcgm_swd_official_statistics.json. Real pipe diameters/invert levels are unavailable for this area."}}, {"type": "Feature", "geometry": {"type": "Point", "coordinates": [72.85857315436242, 19.020192617449666]}, "properties": {"node_id": 60, "elevation_m": 7.64, "elevation_provenance": "DERIVED", "in_degree": 1, "out_degree": 1, "is_headwater": false, "is_sink": false, "role": "junction", "capacity_m3s": 0.275, "capacity_provenance": "ESTIMATED", "capacity_method": "contributing_area_m2 x (50.0mm/hr, MCGM post-BRIMSTOWAD-1993 design intensity, runoff coeff 1.0) — see mcgm_swd_official_statistics.json. Real pipe diameters/invert levels are unavailable for this area."}}, {"type": "Feature", "geometry": {"type": "Point", "coordinates": [72.85884161073825, 19.019924161073828]}, "properties": {"node_id": 61, "elevation_m": 7.5, "elevation_provenance": "DERIVED", "in_degree": 1, "out_degree": 0, "is_headwater": false, "is_sink": true, "role": "sink / potential surcharge & ponding point", "capacity_m3s": 0.275, "capacity_provenance": "ESTIMATED", "capacity_method": "contributing_area_m2 x (50.0mm/hr, MCGM post-BRIMSTOWAD-1993 design intensity, runoff coeff 1.0) — see mcgm_swd_official_statistics.json. Real pipe diameters/invert levels are unavailable for this area."}}, {"type": "Feature", "geometry": {"type": "Point", "coordinates": [72.84837181208053, 19.01965570469799]}, "properties": {"node_id": 62, "elevation_m": 9.87, "elevation_provenance": "DERIVED", "in_degree": 0, "out_degree": 1, "is_headwater": true, "is_sink": false, "role": "headwater inlet", "capacity_m3s": 0.1375, "capacity_provenance": "ESTIMATED", "capacity_method": "contributing_area_m2 x (50.0mm/hr, MCGM post-BRIMSTOWAD-1993 design intensity, runoff coeff 1.0) — see mcgm_swd_official_statistics.json. Real pipe diameters/invert levels are unavailable for this area."}}, {"type": "Feature", "geometry": {"type": "Point", "coordinates": [72.84864026845638, 19.01965570469799]}, "properties": {"node_id": 63, "elevation_m": 7.67, "elevation_provenance": "DERIVED", "in_degree": 1, "out_degree": 1, "is_headwater": false, "is_sink": false, "role": "junction", "capacity_m3s": 0.1625, "capacity_provenance": "ESTIMATED", "capacity_method": "contributing_area_m2 x (50.0mm/hr, MCGM post-BRIMSTOWAD-1993 design intensity, runoff coeff 1.0) — see mcgm_swd_official_statistics.json. Real pipe diameters/invert levels are unavailable for this area."}}, {"type": "Feature", "geometry": {"type": "Point", "coordinates": [72.84890872483221, 19.01965570469799]}, "properties": {"node_id": 64, "elevation_m": 7.5, "elevation_provenance": "DERIVED", "in_degree": 1, "out_degree": 0, "is_headwater": false, "is_sink": true, "role": "sink / potential surcharge & ponding point", "capacity_m3s": 0.1625, "capacity_provenance": "ESTIMATED", "capacity_method": "contributing_area_m2 x (50.0mm/hr, MCGM post-BRIMSTOWAD-1993 design intensity, runoff coeff 1.0) — see mcgm_swd_official_statistics.json. Real pipe diameters/invert levels are unavailable for this area."}}, {"type": "Feature", "geometry": {"type": "Point", "coordinates": [72.86152617449665, 19.01965570469799]}, "properties": {"node_id": 65, "elevation_m": 0.09, "elevation_provenance": "DERIVED", "in_degree": 1, "out_degree": 1, "is_headwater": false, "is_sink": false, "role": "junction", "capacity_m3s": 0.15, "capacity_provenance": "ESTIMATED", "capacity_method": "contributing_area_m2 x (50.0mm/hr, MCGM post-BRIMSTOWAD-1993 design intensity, runoff coeff 1.0) — see mcgm_swd_official_statistics.json. Real pipe diameters/invert levels are unavailable for this area."}}, {"type": "Feature", "geometry": {"type": "Point", "coordinates": [72.86152617449665, 19.01938724832215]}, "properties": {"node_id": 66, "elevation_m": 0.0, "elevation_provenance": "DERIVED", "in_degree": 1, "out_degree": 0, "is_headwater": false, "is_sink": true, "role": "sink / potential surcharge & ponding point", "capacity_m3s": 0.15, "capacity_provenance": "ESTIMATED", "capacity_method": "contributing_area_m2 x (50.0mm/hr, MCGM post-BRIMSTOWAD-1993 design intensity, runoff coeff 1.0) — see mcgm_swd_official_statistics.json. Real pipe diameters/invert levels are unavailable for this area."}}, {"type": "Feature", "geometry": {"type": "Point", "coordinates": [72.86179463087248, 19.01965570469799]}, "properties": {"node_id": 67, "elevation_m": 0.55, "elevation_provenance": "DERIVED", "in_degree": 1, "out_degree": 1, "is_headwater": false, "is_sink": false, "role": "junction", "capacity_m3s": 0.1375, "capacity_provenance": "ESTIMATED", "capacity_method": "contributing_area_m2 x (50.0mm/hr, MCGM post-BRIMSTOWAD-1993 design intensity, runoff coeff 1.0) — see mcgm_swd_official_statistics.json. Real pipe diameters/invert levels are unavailable for this area."}}, {"type": "Feature", "geometry": {"type": "Point", "coordinates": [72.86206308724832, 19.01965570469799]}, "properties": {"node_id": 68, "elevation_m": 0.62, "elevation_provenance": "DERIVED", "in_degree": 0, "out_degree": 1, "is_headwater": true, "is_sink": false, "role": "headwater inlet", "capacity_m3s": 0.125, "capacity_provenance": "ESTIMATED", "capacity_method": "contributing_area_m2 x (50.0mm/hr, MCGM post-BRIMSTOWAD-1993 design intensity, runoff coeff 1.0) — see mcgm_swd_official_statistics.json. Real pipe diameters/invert levels are unavailable for this area."}}, {"type": "Feature", "geometry": {"type": "Point", "coordinates": [72.85723087248321, 19.01938724832215]}, "properties": {"node_id": 69, "elevation_m": 7.85, "elevation_provenance": "DERIVED", "in_degree": 0, "out_degree": 1, "is_headwater": true, "is_sink": false, "role": "headwater inlet", "capacity_m3s": 0.175, "capacity_provenance": "ESTIMATED", "capacity_method": "contributing_area_m2 x (50.0mm/hr, MCGM post-BRIMSTOWAD-1993 design intensity, runoff coeff 1.0) — see mcgm_swd_official_statistics.json. Real pipe diameters/invert levels are unavailable for this area."}}, {"type": "Feature", "geometry": {"type": "Point", "coordinates": [72.85749932885906, 19.01938724832215]}, "properties": {"node_id": 70, "elevation_m": 7.5, "elevation_provenance": "DERIVED", "in_degree": 1, "out_degree": 0, "is_headwater": false, "is_sink": true, "role": "sink / potential surcharge & ponding point", "capacity_m3s": 0.175, "capacity_provenance": "ESTIMATED", "capacity_method": "contributing_area_m2 x (50.0mm/hr, MCGM post-BRIMSTOWAD-1993 design intensity, runoff coeff 1.0) — see mcgm_swd_official_statistics.json. Real pipe diameters/invert levels are unavailable for this area."}}, {"type": "Feature", "geometry": {"type": "Point", "coordinates": [72.8494456375839, 19.01885033557047]}, "properties": {"node_id": 71, "elevation_m": 8.78, "elevation_provenance": "DERIVED", "in_degree": 1, "out_degree": 1, "is_headwater": false, "is_sink": false, "role": "junction", "capacity_m3s": 0.15, "capacity_provenance": "ESTIMATED", "capacity_method": "contributing_area_m2 x (50.0mm/hr, MCGM post-BRIMSTOWAD-1993 design intensity, runoff coeff 1.0) — see mcgm_swd_official_statistics.json. Real pipe diameters/invert levels are unavailable for this area."}}, {"type": "Feature", "geometry": {"type": "Point", "coordinates": [72.84917718120805, 19.01885033557047]}, "properties": {"node_id": 72, "elevation_m": 7.5, "elevation_provenance": "DERIVED", "in_degree": 1, "out_degree": 0, "is_headwater": false, "is_sink": true, "role": "sink / potential surcharge & ponding point", "capacity_m3s": 0.15, "capacity_provenance": "ESTIMATED", "capacity_method": "contributing_area_m2 x (50.0mm/hr, MCGM post-BRIMSTOWAD-1993 design intensity, runoff coeff 1.0) — see mcgm_swd_official_statistics.json. Real pipe diameters/invert levels are unavailable for this area."}}, {"type": "Feature", "geometry": {"type": "Point", "coordinates": [72.84971409395973, 19.01885033557047]}, "properties": {"node_id": 73, "elevation_m": 9.47, "elevation_provenance": "DERIVED", "in_degree": 0, "out_degree": 1, "is_headwater": true, "is_sink": false, "role": "headwater inlet", "capacity_m3s": 0.125, "capacity_provenance": "ESTIMATED", "capacity_method": "contributing_area_m2 x (50.0mm/hr, MCGM post-BRIMSTOWAD-1993 design intensity, runoff coeff 1.0) — see mcgm_swd_official_statistics.json. Real pipe diameters/invert levels are unavailable for this area."}}, {"type": "Feature", "geometry": {"type": "Point", "coordinates": [72.8529355704698, 19.017508053691277]}, "properties": {"node_id": 74, "elevation_m": 16.1, "elevation_provenance": "DERIVED", "in_degree": 0, "out_degree": 1, "is_headwater": true, "is_sink": false, "role": "headwater inlet", "capacity_m3s": 0.125, "capacity_provenance": "ESTIMATED", "capacity_method": "contributing_area_m2 x (50.0mm/hr, MCGM post-BRIMSTOWAD-1993 design intensity, runoff coeff 1.0) — see mcgm_swd_official_statistics.json. Real pipe diameters/invert levels are unavailable for this area."}}, {"type": "Feature", "geometry": {"type": "Point", "coordinates": [72.85320402684563, 19.017239597315438]}, "properties": {"node_id": 75, "elevation_m": 11.47, "elevation_provenance": "DERIVED", "in_degree": 1, "out_degree": 1, "is_headwater": false, "is_sink": false, "role": "junction", "capacity_m3s": 0.15, "capacity_provenance": "ESTIMATED", "capacity_method": "contributing_area_m2 x (50.0mm/hr, MCGM post-BRIMSTOWAD-1993 design intensity, runoff coeff 1.0) — see mcgm_swd_official_statistics.json. Real pipe diameters/invert levels are unavailable for this area."}}, {"type": "Feature", "geometry": {"type": "Point", "coordinates": [72.85320402684563, 19.0169711409396]}, "properties": {"node_id": 76, "elevation_m": 7.5, "elevation_provenance": "DERIVED", "in_degree": 1, "out_degree": 0, "is_headwater": false, "is_sink": true, "role": "sink / potential surcharge & ponding point", "capacity_m3s": 0.15, "capacity_provenance": "ESTIMATED", "capacity_method": "contributing_area_m2 x (50.0mm/hr, MCGM post-BRIMSTOWAD-1993 design intensity, runoff coeff 1.0) — see mcgm_swd_official_statistics.json. Real pipe diameters/invert levels are unavailable for this area."}}, {"type": "Feature", "geometry": {"type": "Point", "coordinates": [72.84622416107382, 19.01670268456376]}, "properties": {"node_id": 77, "elevation_m": 7.68, "elevation_provenance": "DERIVED", "in_degree": 0, "out_degree": 1, "is_headwater": true, "is_sink": false, "role": "headwater inlet", "capacity_m3s": 0.15, "capacity_provenance": "ESTIMATED", "capacity_method": "contributing_area_m2 x (50.0mm/hr, MCGM post-BRIMSTOWAD-1993 design intensity, runoff coeff 1.0) — see mcgm_swd_official_statistics.json. Real pipe diameters/invert levels are unavailable for this area."}}, {"type": "Feature", "geometry": {"type": "Point", "coordinates": [72.84649261744966, 19.016434228187922]}, "properties": {"node_id": 78, "elevation_m": 7.5, "elevation_provenance": "DERIVED", "in_degree": 1, "out_degree": 0, "is_headwater": false, "is_sink": true, "role": "sink / potential surcharge & ponding point", "capacity_m3s": 0.15, "capacity_provenance": "ESTIMATED", "capacity_method": "contributing_area_m2 x (50.0mm/hr, MCGM post-BRIMSTOWAD-1993 design intensity, runoff coeff 1.0) — see mcgm_swd_official_statistics.json. Real pipe diameters/invert levels are unavailable for this area."}}, {"type": "Feature", "geometry": {"type": "Point", "coordinates": [72.82313691275168, 19.012407382550336]}, "properties": {"node_id": 79, "elevation_m": 0.11, "elevation_provenance": "DERIVED", "in_degree": 0, "out_degree": 1, "is_headwater": true, "is_sink": false, "role": "headwater inlet", "capacity_m3s": 0.1375, "capacity_provenance": "ESTIMATED", "capacity_method": "contributing_area_m2 x (50.0mm/hr, MCGM post-BRIMSTOWAD-1993 design intensity, runoff coeff 1.0) — see mcgm_swd_official_statistics.json. Real pipe diameters/invert levels are unavailable for this area."}}, {"type": "Feature", "geometry": {"type": "Point", "coordinates": [72.82286845637583, 19.012138926174497]}, "properties": {"node_id": 80, "elevation_m": 0.01, "elevation_provenance": "DERIVED", "in_degree": 1, "out_degree": 1, "is_headwater": false, "is_sink": false, "role": "junction", "capacity_m3s": 0.2, "capacity_provenance": "ESTIMATED", "capacity_method": "contributing_area_m2 x (50.0mm/hr, MCGM post-BRIMSTOWAD-1993 design intensity, runoff coeff 1.0) — see mcgm_swd_official_statistics.json. Real pipe diameters/invert levels are unavailable for this area."}}, {"type": "Feature", "geometry": {"type": "Point", "coordinates": [72.82286845637583, 19.01187046979866]}, "properties": {"node_id": 81, "elevation_m": 0.0, "elevation_provenance": "DERIVED", "in_degree": 1, "out_degree": 0, "is_headwater": false, "is_sink": true, "role": "sink / potential surcharge & ponding point", "capacity_m3s": 0.2, "capacity_provenance": "ESTIMATED", "capacity_method": "contributing_area_m2 x (50.0mm/hr, MCGM post-BRIMSTOWAD-1993 design intensity, runoff coeff 1.0) — see mcgm_swd_official_statistics.json. Real pipe diameters/invert levels are unavailable for this area."}}, {"type": "Feature", "geometry": {"type": "Point", "coordinates": [72.82394228187918, 19.010528187919466]}, "properties": {"node_id": 82, "elevation_m": 1.62, "elevation_provenance": "DERIVED", "in_degree": 0, "out_degree": 1, "is_headwater": true, "is_sink": false, "role": "headwater inlet", "capacity_m3s": 0.125, "capacity_provenance": "ESTIMATED", "capacity_method": "contributing_area_m2 x (50.0mm/hr, MCGM post-BRIMSTOWAD-1993 design intensity, runoff coeff 1.0) — see mcgm_swd_official_statistics.json. Real pipe diameters/invert levels are unavailable for this area."}}, {"type": "Feature", "geometry": {"type": "Point", "coordinates": [72.82394228187918, 19.010259731543627]}, "properties": {"node_id": 83, "elevation_m": 0.0, "elevation_provenance": "DERIVED", "in_degree": 1, "out_degree": 0, "is_headwater": false, "is_sink": true, "role": "sink / potential surcharge & ponding point", "capacity_m3s": 0.125, "capacity_provenance": "ESTIMATED", "capacity_method": "contributing_area_m2 x (50.0mm/hr, MCGM post-BRIMSTOWAD-1993 design intensity, runoff coeff 1.0) — see mcgm_swd_official_statistics.json. Real pipe diameters/invert levels are unavailable for this area."}}, {"type": "Feature", "geometry": {"type": "Point", "coordinates": [72.8274322147651, 19.00891744966443]}, "properties": {"node_id": 84, "elevation_m": 3.12, "elevation_provenance": "DERIVED", "in_degree": 0, "out_degree": 1, "is_headwater": true, "is_sink": false, "role": "headwater inlet", "capacity_m3s": 0.125, "capacity_provenance": "ESTIMATED", "capacity_method": "contributing_area_m2 x (50.0mm/hr, MCGM post-BRIMSTOWAD-1993 design intensity, runoff coeff 1.0) — see mcgm_swd_official_statistics.json. Real pipe diameters/invert levels are unavailable for this area."}}, {"type": "Feature", "geometry": {"type": "Point", "coordinates": [72.82716375838926, 19.00891744966443]}, "properties": {"node_id": 85, "elevation_m": 1.3, "elevation_provenance": "DERIVED", "in_degree": 1, "out_degree": 0, "is_headwater": false, "is_sink": true, "role": "sink / potential surcharge & ponding point", "capacity_m3s": 0.125, "capacity_provenance": "ESTIMATED", "capacity_method": "contributing_area_m2 x (50.0mm/hr, MCGM post-BRIMSTOWAD-1993 design intensity, runoff coeff 1.0) — see mcgm_swd_official_statistics.json. Real pipe diameters/invert levels are unavailable for this area."}}, {"type": "Feature", "geometry": {"type": "Point", "coordinates": [72.8494456375839, 19.008380536912753]}, "properties": {"node_id": 86, "elevation_m": 10.27, "elevation_provenance": "DERIVED", "in_degree": 0, "out_degree": 1, "is_headwater": true, "is_sink": false, "role": "headwater inlet", "capacity_m3s": 0.1375, "capacity_provenance": "ESTIMATED", "capacity_method": "contributing_area_m2 x (50.0mm/hr, MCGM post-BRIMSTOWAD-1993 design intensity, runoff coeff 1.0) — see mcgm_swd_official_statistics.json. Real pipe diameters/invert levels are unavailable for this area."}}, {"type": "Feature", "geometry": {"type": "Point", "coordinates": [72.84971409395973, 19.008380536912753]}, "properties": {"node_id": 87, "elevation_m": 7.5, "elevation_provenance": "DERIVED", "in_degree": 1, "out_degree": 0, "is_headwater": false, "is_sink": true, "role": "sink / potential surcharge & ponding point", "capacity_m3s": 0.1375, "capacity_provenance": "ESTIMATED", "capacity_method": "contributing_area_m2 x (50.0mm/hr, MCGM post-BRIMSTOWAD-1993 design intensity, runoff coeff 1.0) — see mcgm_swd_official_statistics.json. Real pipe diameters/invert levels are unavailable for this area."}}, {"type": "Feature", "geometry": {"type": "Point", "coordinates": [72.8467610738255, 19.008112080536915]}, "properties": {"node_id": 88, "elevation_m": 7.56, "elevation_provenance": "DERIVED", "in_degree": 0, "out_degree": 1, "is_headwater": true, "is_sink": false, "role": "headwater inlet", "capacity_m3s": 0.125, "capacity_provenance": "ESTIMATED", "capacity_method": "contributing_area_m2 x (50.0mm/hr, MCGM post-BRIMSTOWAD-1993 design intensity, runoff coeff 1.0) — see mcgm_swd_official_statistics.json. Real pipe diameters/invert levels are unavailable for this area."}}, {"type": "Feature", "geometry": {"type": "Point", "coordinates": [72.8467610738255, 19.008380536912753]}, "properties": {"node_id": 89, "elevation_m": 7.5, "elevation_provenance": "DERIVED", "in_degree": 1, "out_degree": 0, "is_headwater": false, "is_sink": true, "role": "sink / potential surcharge & ponding point", "capacity_m3s": 0.125, "capacity_provenance": "ESTIMATED", "capacity_method": "contributing_area_m2 x (50.0mm/hr, MCGM post-BRIMSTOWAD-1993 design intensity, runoff coeff 1.0) — see mcgm_swd_official_statistics.json. Real pipe diameters/invert levels are unavailable for this area."}}, {"type": "Feature", "geometry": {"type": "Point", "coordinates": [72.84917718120805, 19.0073067114094]}, "properties": {"node_id": 90, "elevation_m": 8.96, "elevation_provenance": "DERIVED", "in_degree": 1, "out_degree": 1, "is_headwater": false, "is_sink": false, "role": "junction", "capacity_m3s": 0.3, "capacity_provenance": "ESTIMATED", "capacity_method": "contributing_area_m2 x (50.0mm/hr, MCGM post-BRIMSTOWAD-1993 design intensity, runoff coeff 1.0) — see mcgm_swd_official_statistics.json. Real pipe diameters/invert levels are unavailable for this area."}}, {"type": "Feature", "geometry": {"type": "Point", "coordinates": [72.8494456375839, 19.0073067114094]}, "properties": {"node_id": 91, "elevation_m": 7.5, "elevation_provenance": "DERIVED", "in_degree": 1, "out_degree": 0, "is_headwater": false, "is_sink": true, "role": "sink / potential surcharge & ponding point", "capacity_m3s": 0.3, "capacity_provenance": "ESTIMATED", "capacity_method": "contributing_area_m2 x (50.0mm/hr, MCGM post-BRIMSTOWAD-1993 design intensity, runoff coeff 1.0) — see mcgm_swd_official_statistics.json. Real pipe diameters/invert levels are unavailable for this area."}}, {"type": "Feature", "geometry": {"type": "Point", "coordinates": [72.83629127516778, 19.007038255033557]}, "properties": {"node_id": 92, "elevation_m": 1.38, "elevation_provenance": "DERIVED", "in_degree": 0, "out_degree": 1, "is_headwater": true, "is_sink": false, "role": "headwater inlet", "capacity_m3s": 0.125, "capacity_provenance": "ESTIMATED", "capacity_method": "contributing_area_m2 x (50.0mm/hr, MCGM post-BRIMSTOWAD-1993 design intensity, runoff coeff 1.0) — see mcgm_swd_official_statistics.json. Real pipe diameters/invert levels are unavailable for this area."}}, {"type": "Feature", "geometry": {"type": "Point", "coordinates": [72.83602281879195, 19.007038255033557]}, "properties": {"node_id": 93, "elevation_m": 0.0, "elevation_provenance": "DERIVED", "in_degree": 1, "out_degree": 0, "is_headwater": false, "is_sink": true, "role": "sink / potential surcharge & ponding point", "capacity_m3s": 0.125, "capacity_provenance": "ESTIMATED", "capacity_method": "contributing_area_m2 x (50.0mm/hr, MCGM post-BRIMSTOWAD-1993 design intensity, runoff coeff 1.0) — see mcgm_swd_official_statistics.json. Real pipe diameters/invert levels are unavailable for this area."}}, {"type": "Feature", "geometry": {"type": "Point", "coordinates": [72.84890872483221, 19.007038255033557]}, "properties": {"node_id": 94, "elevation_m": 11.99, "elevation_provenance": "DERIVED", "in_degree": 0, "out_degree": 1, "is_headwater": true, "is_sink": false, "role": "headwater inlet", "capacity_m3s": 0.1375, "capacity_provenance": "ESTIMATED", "capacity_method": "contributing_area_m2 x (50.0mm/hr, MCGM post-BRIMSTOWAD-1993 design intensity, runoff coeff 1.0) — see mcgm_swd_official_statistics.json. Real pipe diameters/invert levels are unavailable for this area."}}, {"type": "Feature", "geometry": {"type": "Point", "coordinates": [72.8502510067114, 19.005695973154364]}, "properties": {"node_id": 95, "elevation_m": 12.2, "elevation_provenance": "DERIVED", "in_degree": 0, "out_degree": 1, "is_headwater": true, "is_sink": false, "role": "headwater inlet", "capacity_m3s": 0.125, "capacity_provenance": "ESTIMATED", "capacity_method": "contributing_area_m2 x (50.0mm/hr, MCGM post-BRIMSTOWAD-1993 design intensity, runoff coeff 1.0) — see mcgm_swd_official_statistics.json. Real pipe diameters/invert levels are unavailable for this area."}}, {"type": "Feature", "geometry": {"type": "Point", "coordinates": [72.85051946308725, 19.005964429530202]}, "properties": {"node_id": 96, "elevation_m": 7.5, "elevation_provenance": "DERIVED", "in_degree": 1, "out_degree": 0, "is_headwater": false, "is_sink": true, "role": "sink / potential surcharge & ponding point", "capacity_m3s": 0.125, "capacity_provenance": "ESTIMATED", "capacity_method": "contributing_area_m2 x (50.0mm/hr, MCGM post-BRIMSTOWAD-1993 design intensity, runoff coeff 1.0) — see mcgm_swd_official_statistics.json. Real pipe diameters/invert levels are unavailable for this area."}}, {"type": "Feature", "geometry": {"type": "Point", "coordinates": [72.85535167785235, 19.005427516778525]}, "properties": {"node_id": 97, "elevation_m": 0.62, "elevation_provenance": "DERIVED", "in_degree": 0, "out_degree": 1, "is_headwater": true, "is_sink": false, "role": "headwater inlet", "capacity_m3s": 0.125, "capacity_provenance": "ESTIMATED", "capacity_method": "contributing_area_m2 x (50.0mm/hr, MCGM post-BRIMSTOWAD-1993 design intensity, runoff coeff 1.0) — see mcgm_swd_official_statistics.json. Real pipe diameters/invert levels are unavailable for this area."}}, {"type": "Feature", "geometry": {"type": "Point", "coordinates": [72.85562013422819, 19.005159060402686]}, "properties": {"node_id": 98, "elevation_m": 0.0, "elevation_provenance": "DERIVED", "in_degree": 1, "out_degree": 0, "is_headwater": false, "is_sink": true, "role": "sink / potential surcharge & ponding point", "capacity_m3s": 0.125, "capacity_provenance": "ESTIMATED", "capacity_method": "contributing_area_m2 x (50.0mm/hr, MCGM post-BRIMSTOWAD-1993 design intensity, runoff coeff 1.0) — see mcgm_swd_official_statistics.json. Real pipe diameters/invert levels are unavailable for this area."}}, {"type": "Feature", "geometry": {"type": "Point", "coordinates": [72.82635838926174, 19.005159060402686]}, "properties": {"node_id": 99, "elevation_m": 0.42, "elevation_provenance": "DERIVED", "in_degree": 0, "out_degree": 1, "is_headwater": true, "is_sink": false, "role": "headwater inlet", "capacity_m3s": 0.1625, "capacity_provenance": "ESTIMATED", "capacity_method": "contributing_area_m2 x (50.0mm/hr, MCGM post-BRIMSTOWAD-1993 design intensity, runoff coeff 1.0) — see mcgm_swd_official_statistics.json. Real pipe diameters/invert levels are unavailable for this area."}}, {"type": "Feature", "geometry": {"type": "Point", "coordinates": [72.82662684563758, 19.005159060402686]}, "properties": {"node_id": 100, "elevation_m": 0.0, "elevation_provenance": "DERIVED", "in_degree": 1, "out_degree": 0, "is_headwater": false, "is_sink": true, "role": "sink / potential surcharge & ponding point", "capacity_m3s": 0.1625, "capacity_provenance": "ESTIMATED", "capacity_method": "contributing_area_m2 x (50.0mm/hr, MCGM post-BRIMSTOWAD-1993 design intensity, runoff coeff 1.0) — see mcgm_swd_official_statistics.json. Real pipe diameters/invert levels are unavailable for this area."}}, {"type": "Feature", "geometry": {"type": "Point", "coordinates": [72.85266711409396, 19.00435369127517]}, "properties": {"node_id": 101, "elevation_m": 7.63, "elevation_provenance": "DERIVED", "in_degree": 0, "out_degree": 1, "is_headwater": true, "is_sink": false, "role": "headwater inlet", "capacity_m3s": 0.125, "capacity_provenance": "ESTIMATED", "capacity_method": "contributing_area_m2 x (50.0mm/hr, MCGM post-BRIMSTOWAD-1993 design intensity, runoff coeff 1.0) — see mcgm_swd_official_statistics.json. Real pipe diameters/invert levels are unavailable for this area."}}, {"type": "Feature", "geometry": {"type": "Point", "coordinates": [72.8529355704698, 19.00435369127517]}, "properties": {"node_id": 102, "elevation_m": 7.5, "elevation_provenance": "DERIVED", "in_degree": 1, "out_degree": 0, "is_headwater": false, "is_sink": true, "role": "sink / potential surcharge & ponding point", "capacity_m3s": 0.125, "capacity_provenance": "ESTIMATED", "capacity_method": "contributing_area_m2 x (50.0mm/hr, MCGM post-BRIMSTOWAD-1993 design intensity, runoff coeff 1.0) — see mcgm_swd_official_statistics.json. Real pipe diameters/invert levels are unavailable for this area."}}, {"type": "Feature", "geometry": {"type": "Point", "coordinates": [72.84890872483221, 19.004085234899332]}, "properties": {"node_id": 103, "elevation_m": 17.73, "elevation_provenance": "DERIVED", "in_degree": 1, "out_degree": 1, "is_headwater": false, "is_sink": false, "role": "junction", "capacity_m3s": 0.375, "capacity_provenance": "ESTIMATED", "capacity_method": "contributing_area_m2 x (50.0mm/hr, MCGM post-BRIMSTOWAD-1993 design intensity, runoff coeff 1.0) — see mcgm_swd_official_statistics.json. Real pipe diameters/invert levels are unavailable for this area."}}, {"type": "Feature", "geometry": {"type": "Point", "coordinates": [72.84864026845638, 19.00435369127517]}, "properties": {"node_id": 104, "elevation_m": 16.04, "elevation_provenance": "DERIVED", "in_degree": 1, "out_degree": 0, "is_headwater": false, "is_sink": true, "role": "sink / potential surcharge & ponding point", "capacity_m3s": 0.375, "capacity_provenance": "ESTIMATED", "capacity_method": "contributing_area_m2 x (50.0mm/hr, MCGM post-BRIMSTOWAD-1993 design intensity, runoff coeff 1.0) — see mcgm_swd_official_statistics.json. Real pipe diameters/invert levels are unavailable for this area."}}, {"type": "Feature", "geometry": {"type": "Point", "coordinates": [72.84917718120805, 19.00381677852349]}, "properties": {"node_id": 105, "elevation_m": 19.1, "elevation_provenance": "DERIVED", "in_degree": 1, "out_degree": 1, "is_headwater": false, "is_sink": false, "role": "junction", "capacity_m3s": 0.3625, "capacity_provenance": "ESTIMATED", "capacity_method": "contributing_area_m2 x (50.0mm/hr, MCGM post-BRIMSTOWAD-1993 design intensity, runoff coeff 1.0) — see mcgm_swd_official_statistics.json. Real pipe diameters/invert levels are unavailable for this area."}}, {"type": "Feature", "geometry": {"type": "Point", "coordinates": [72.8494456375839, 19.00381677852349]}, "properties": {"node_id": 106, "elevation_m": 21.59, "elevation_provenance": "DERIVED", "in_degree": 1, "out_degree": 1, "is_headwater": false, "is_sink": false, "role": "junction", "capacity_m3s": 0.3125, "capacity_provenance": "ESTIMATED", "capacity_method": "contributing_area_m2 x (50.0mm/hr, MCGM post-BRIMSTOWAD-1993 design intensity, runoff coeff 1.0) — see mcgm_swd_official_statistics.json. Real pipe diameters/invert levels are unavailable for this area."}}, {"type": "Feature", "geometry": {"type": "Point", "coordinates": [72.85132483221476, 19.00381677852349]}, "properties": {"node_id": 107, "elevation_m": 14.85, "elevation_provenance": "DERIVED", "in_degree": 1, "out_degree": 1, "is_headwater": false, "is_sink": false, "role": "junction", "capacity_m3s": 0.3375, "capacity_provenance": "ESTIMATED", "capacity_method": "contributing_area_m2 x (50.0mm/hr, MCGM post-BRIMSTOWAD-1993 design intensity, runoff coeff 1.0) — see mcgm_swd_official_statistics.json. Real pipe diameters/invert levels are unavailable for this area."}}, {"type": "Feature", "geometry": {"type": "Point", "coordinates": [72.85132483221476, 19.004085234899332]}, "properties": {"node_id": 108, "elevation_m": 7.5, "elevation_provenance": "DERIVED", "in_degree": 1, "out_degree": 0, "is_headwater": false, "is_sink": true, "role": "sink / potential surcharge & ponding point", "capacity_m3s": 0.3375, "capacity_provenance": "ESTIMATED", "capacity_method": "contributing_area_m2 x (50.0mm/hr, MCGM post-BRIMSTOWAD-1993 design intensity, runoff coeff 1.0) — see mcgm_swd_official_statistics.json. Real pipe diameters/invert levels are unavailable for this area."}}, {"type": "Feature", "geometry": {"type": "Point", "coordinates": [72.84971409395973, 19.00354832214765]}, "properties": {"node_id": 109, "elevation_m": 22.4, "elevation_provenance": "DERIVED", "in_degree": 1, "out_degree": 1, "is_headwater": false, "is_sink": false, "role": "junction", "capacity_m3s": 0.3, "capacity_provenance": "ESTIMATED", "capacity_method": "contributing_area_m2 x (50.0mm/hr, MCGM post-BRIMSTOWAD-1993 design intensity, runoff coeff 1.0) — see mcgm_swd_official_statistics.json. Real pipe diameters/invert levels are unavailable for this area."}}, {"type": "Feature", "geometry": {"type": "Point", "coordinates": [72.85132483221476, 19.00354832214765]}, "properties": {"node_id": 110, "elevation_m": 16.58, "elevation_provenance": "DERIVED", "in_degree": 1, "out_degree": 1, "is_headwater": false, "is_sink": false, "role": "junction", "capacity_m3s": 0.3, "capacity_provenance": "ESTIMATED", "capacity_method": "contributing_area_m2 x (50.0mm/hr, MCGM post-BRIMSTOWAD-1993 design intensity, runoff coeff 1.0) — see mcgm_swd_official_statistics.json. Real pipe diameters/invert levels are unavailable for this area."}}, {"type": "Feature", "geometry": {"type": "Point", "coordinates": [72.84139194630872, 19.003279865771812]}, "properties": {"node_id": 111, "elevation_m": 10.2, "elevation_provenance": "DERIVED", "in_degree": 1, "out_degree": 1, "is_headwater": false, "is_sink": false, "role": "junction", "capacity_m3s": 0.175, "capacity_provenance": "ESTIMATED", "capacity_method": "contributing_area_m2 x (50.0mm/hr, MCGM post-BRIMSTOWAD-1993 design intensity, runoff coeff 1.0) — see mcgm_swd_official_statistics.json. Real pipe diameters/invert levels are unavailable for this area."}}, {"type": "Feature", "geometry": {"type": "Point", "coordinates": [72.84139194630872, 19.00354832214765]}, "properties": {"node_id": 112, "elevation_m": 7.5, "elevation_provenance": "DERIVED", "in_degree": 1, "out_degree": 0, "is_headwater": false, "is_sink": true, "role": "sink / potential surcharge & ponding point", "capacity_m3s": 0.175, "capacity_provenance": "ESTIMATED", "capacity_method": "contributing_area_m2 x (50.0mm/hr, MCGM post-BRIMSTOWAD-1993 design intensity, runoff coeff 1.0) — see mcgm_swd_official_statistics.json. Real pipe diameters/invert levels are unavailable for this area."}}, {"type": "Feature", "geometry": {"type": "Point", "coordinates": [72.84971409395973, 19.003279865771812]}, "properties": {"node_id": 113, "elevation_m": 22.9, "elevation_provenance": "DERIVED", "in_degree": 1, "out_degree": 1, "is_headwater": false, "is_sink": false, "role": "junction", "capacity_m3s": 0.2, "capacity_provenance": "ESTIMATED", "capacity_method": "contributing_area_m2 x (50.0mm/hr, MCGM post-BRIMSTOWAD-1993 design intensity, runoff coeff 1.0) — see mcgm_swd_official_statistics.json. Real pipe diameters/invert levels are unavailable for this area."}}, {"type": "Feature", "geometry": {"type": "Point", "coordinates": [72.85132483221476, 19.003279865771812]}, "properties": {"node_id": 114, "elevation_m": 16.79, "elevation_provenance": "DERIVED", "in_degree": 1, "out_degree": 1, "is_headwater": false, "is_sink": false, "role": "junction", "capacity_m3s": 0.2875, "capacity_provenance": "ESTIMATED", "capacity_method": "contributing_area_m2 x (50.0mm/hr, MCGM post-BRIMSTOWAD-1993 design intensity, runoff coeff 1.0) — see mcgm_swd_official_statistics.json. Real pipe diameters/invert levels are unavailable for this area."}}, {"type": "Feature", "geometry": {"type": "Point", "coordinates": [72.84166040268457, 19.003011409395974]}, "properties": {"node_id": 115, "elevation_m": 11.15, "elevation_provenance": "DERIVED", "in_degree": 0, "out_degree": 1, "is_headwater": true, "is_sink": false, "role": "headwater inlet", "capacity_m3s": 0.125, "capacity_provenance": "ESTIMATED", "capacity_method": "contributing_area_m2 x (50.0mm/hr, MCGM post-BRIMSTOWAD-1993 design intensity, runoff coeff 1.0) — see mcgm_swd_official_statistics.json. Real pipe diameters/invert levels are unavailable for this area."}}, {"type": "Feature", "geometry": {"type": "Point", "coordinates": [72.84971409395973, 19.003011409395974]}, "properties": {"node_id": 116, "elevation_m": 23.32, "elevation_provenance": "DERIVED", "in_degree": 0, "out_degree": 1, "is_headwater": true, "is_sink": false, "role": "headwater inlet", "capacity_m3s": 0.175, "capacity_provenance": "ESTIMATED", "capacity_method": "contributing_area_m2 x (50.0mm/hr, MCGM post-BRIMSTOWAD-1993 design intensity, runoff coeff 1.0) — see mcgm_swd_official_statistics.json. Real pipe diameters/invert levels are unavailable for this area."}}, {"type": "Feature", "geometry": {"type": "Point", "coordinates": [72.85132483221476, 19.003011409395974]}, "properties": {"node_id": 117, "elevation_m": 17.35, "elevation_provenance": "DERIVED", "in_degree": 0, "out_degree": 1, "is_headwater": true, "is_sink": false, "role": "headwater inlet", "capacity_m3s": 0.1875, "capacity_provenance": "ESTIMATED", "capacity_method": "contributing_area_m2 x (50.0mm/hr, MCGM post-BRIMSTOWAD-1993 design intensity, runoff coeff 1.0) — see mcgm_swd_official_statistics.json. Real pipe diameters/invert levels are unavailable for this area."}}, {"type": "Feature", "geometry": {"type": "Point", "coordinates": [72.84864026845638, 19.00166912751678]}, "properties": {"node_id": 118, "elevation_m": 26.23, "elevation_provenance": "DERIVED", "in_degree": 1, "out_degree": 1, "is_headwater": false, "is_sink": false, "role": "junction", "capacity_m3s": 0.175, "capacity_provenance": "ESTIMATED", "capacity_method": "contributing_area_m2 x (50.0mm/hr, MCGM post-BRIMSTOWAD-1993 design intensity, runoff coeff 1.0) — see mcgm_swd_official_statistics.json. Real pipe diameters/invert levels are unavailable for this area."}}, {"type": "Feature", "geometry": {"type": "Point", "coordinates": [72.84837181208053, 19.001400671140942]}, "properties": {"node_id": 119, "elevation_m": 25.59, "elevation_provenance": "DERIVED", "in_degree": 1, "out_degree": 1, "is_headwater": false, "is_sink": false, "role": "junction", "capacity_m3s": 0.2375, "capacity_provenance": "ESTIMATED", "capacity_method": "contributing_area_m2 x (50.0mm/hr, MCGM post-BRIMSTOWAD-1993 design intensity, runoff coeff 1.0) — see mcgm_swd_official_statistics.json. Real pipe diameters/invert levels are unavailable for this area."}}, {"type": "Feature", "geometry": {"type": "Point", "coordinates": [72.84890872483221, 19.00166912751678]}, "properties": {"node_id": 120, "elevation_m": 26.26, "elevation_provenance": "DERIVED", "in_degree": 0, "out_degree": 1, "is_headwater": true, "is_sink": false, "role": "headwater inlet", "capacity_m3s": 0.125, "capacity_provenance": "ESTIMATED", "capacity_method": "contributing_area_m2 x (50.0mm/hr, MCGM post-BRIMSTOWAD-1993 design intensity, runoff coeff 1.0) — see mcgm_swd_official_statistics.json. Real pipe diameters/invert levels are unavailable for this area."}}, {"type": "Feature", "geometry": {"type": "Point", "coordinates": [72.84756644295302, 19.001400671140942]}, "properties": {"node_id": 121, "elevation_m": 23.01, "elevation_provenance": "DERIVED", "in_degree": 1, "out_degree": 1, "is_headwater": false, "is_sink": false, "role": "junction", "capacity_m3s": 0.55, "capacity_provenance": "ESTIMATED", "capacity_method": "contributing_area_m2 x (50.0mm/hr, MCGM post-BRIMSTOWAD-1993 design intensity, runoff coeff 1.0) — see mcgm_swd_official_statistics.json. Real pipe diameters/invert levels are unavailable for this area."}}, {"type": "Feature", "geometry": {"type": "Point", "coordinates": [72.84729798657717, 19.001400671140942]}, "properties": {"node_id": 122, "elevation_m": 22.78, "elevation_provenance": "DERIVED", "in_degree": 1, "out_degree": 0, "is_headwater": false, "is_sink": true, "role": "sink / potential surcharge & ponding point", "capacity_m3s": 0.55, "capacity_provenance": "ESTIMATED", "capacity_method": "contributing_area_m2 x (50.0mm/hr, MCGM post-BRIMSTOWAD-1993 design intensity, runoff coeff 1.0) — see mcgm_swd_official_statistics.json. Real pipe diameters/invert levels are unavailable for this area."}}, {"type": "Feature", "geometry": {"type": "Point", "coordinates": [72.8481033557047, 19.001400671140942]}, "properties": {"node_id": 123, "elevation_m": 25.03, "elevation_provenance": "DERIVED", "in_degree": 1, "out_degree": 1, "is_headwater": false, "is_sink": false, "role": "junction", "capacity_m3s": 0.2625, "capacity_provenance": "ESTIMATED", "capacity_method": "contributing_area_m2 x (50.0mm/hr, MCGM post-BRIMSTOWAD-1993 design intensity, runoff coeff 1.0) — see mcgm_swd_official_statistics.json. Real pipe diameters/invert levels are unavailable for this area."}}, {"type": "Feature", "geometry": {"type": "Point", "coordinates": [72.84783489932886, 19.001132214765104]}, "properties": {"node_id": 124, "elevation_m": 24.55, "elevation_provenance": "DERIVED", "in_degree": 2, "out_degree": 1, "is_headwater": false, "is_sink": false, "role": "junction", "capacity_m3s": 0.4625, "capacity_provenance": "ESTIMATED", "capacity_method": "contributing_area_m2 x (50.0mm/hr, MCGM post-BRIMSTOWAD-1993 design intensity, runoff coeff 1.0) — see mcgm_swd_official_statistics.json. Real pipe diameters/invert levels are unavailable for this area."}}, {"type": "Feature", "geometry": {"type": "Point", "coordinates": [72.8481033557047, 19.001132214765104]}, "properties": {"node_id": 125, "elevation_m": 24.94, "elevation_provenance": "DERIVED", "in_degree": 0, "out_degree": 1, "is_headwater": true, "is_sink": false, "role": "headwater inlet", "capacity_m3s": 0.1625, "capacity_provenance": "ESTIMATED", "capacity_method": "contributing_area_m2 x (50.0mm/hr, MCGM post-BRIMSTOWAD-1993 design intensity, runoff coeff 1.0) — see mcgm_swd_official_statistics.json. Real pipe diameters/invert levels are unavailable for this area."}}, {"type": "Feature", "geometry": {"type": "Point", "coordinates": [72.85051946308725, 19.001132214765104]}, "properties": {"node_id": 126, "elevation_m": 19.4, "elevation_provenance": "DERIVED", "in_degree": 0, "out_degree": 1, "is_headwater": true, "is_sink": false, "role": "headwater inlet", "capacity_m3s": 0.1375, "capacity_provenance": "ESTIMATED", "capacity_method": "contributing_area_m2 x (50.0mm/hr, MCGM post-BRIMSTOWAD-1993 design intensity, runoff coeff 1.0) — see mcgm_swd_official_statistics.json. Real pipe diameters/invert levels are unavailable for this area."}}, {"type": "Feature", "geometry": {"type": "Point", "coordinates": [72.85078791946309, 19.001132214765104]}, "properties": {"node_id": 127, "elevation_m": 18.27, "elevation_provenance": "DERIVED", "in_degree": 1, "out_degree": 0, "is_headwater": false, "is_sink": true, "role": "sink / potential surcharge & ponding point", "capacity_m3s": 0.1375, "capacity_provenance": "ESTIMATED", "capacity_method": "contributing_area_m2 x (50.0mm/hr, MCGM post-BRIMSTOWAD-1993 design intensity, runoff coeff 1.0) — see mcgm_swd_official_statistics.json. Real pipe diameters/invert levels are unavailable for this area."}}, {"type": "Feature", "geometry": {"type": "Point", "coordinates": [72.84488187919463, 19.000595302013423]}, "properties": {"node_id": 128, "elevation_m": 20.2, "elevation_provenance": "DERIVED", "in_degree": 1, "out_degree": 1, "is_headwater": false, "is_sink": false, "role": "junction", "capacity_m3s": 0.3, "capacity_provenance": "ESTIMATED", "capacity_method": "contributing_area_m2 x (50.0mm/hr, MCGM post-BRIMSTOWAD-1993 design intensity, runoff coeff 1.0) — see mcgm_swd_official_statistics.json. Real pipe diameters/invert levels are unavailable for this area."}}, {"type": "Feature", "geometry": {"type": "Point", "coordinates": [72.8446134228188, 19.000595302013423]}, "properties": {"node_id": 129, "elevation_m": 19.19, "elevation_provenance": "DERIVED", "in_degree": 1, "out_degree": 0, "is_headwater": false, "is_sink": true, "role": "sink / potential surcharge & ponding point", "capacity_m3s": 0.3, "capacity_provenance": "ESTIMATED", "capacity_method": "contributing_area_m2 x (50.0mm/hr, MCGM post-BRIMSTOWAD-1993 design intensity, runoff coeff 1.0) — see mcgm_swd_official_statistics.json. Real pipe diameters/invert levels are unavailable for this area."}}, {"type": "Feature", "geometry": {"type": "Point", "coordinates": [72.8502510067114, 19.000595302013423]}, "properties": {"node_id": 130, "elevation_m": 18.84, "elevation_provenance": "DERIVED", "in_degree": 0, "out_degree": 1, "is_headwater": true, "is_sink": false, "role": "headwater inlet", "capacity_m3s": 0.125, "capacity_provenance": "ESTIMATED", "capacity_method": "contributing_area_m2 x (50.0mm/hr, MCGM post-BRIMSTOWAD-1993 design intensity, runoff coeff 1.0) — see mcgm_swd_official_statistics.json. Real pipe diameters/invert levels are unavailable for this area."}}, {"type": "Feature", "geometry": {"type": "Point", "coordinates": [72.85051946308725, 19.000595302013423]}, "properties": {"node_id": 131, "elevation_m": 18.37, "elevation_provenance": "DERIVED", "in_degree": 1, "out_degree": 0, "is_headwater": false, "is_sink": true, "role": "sink / potential surcharge & ponding point", "capacity_m3s": 0.125, "capacity_provenance": "ESTIMATED", "capacity_method": "contributing_area_m2 x (50.0mm/hr, MCGM post-BRIMSTOWAD-1993 design intensity, runoff coeff 1.0) — see mcgm_swd_official_statistics.json. Real pipe diameters/invert levels are unavailable for this area."}}, {"type": "Feature", "geometry": {"type": "Point", "coordinates": [72.84515033557047, 19.000326845637584]}, "properties": {"node_id": 132, "elevation_m": 21.42, "elevation_provenance": "DERIVED", "in_degree": 1, "out_degree": 1, "is_headwater": false, "is_sink": false, "role": "junction", "capacity_m3s": 0.25, "capacity_provenance": "ESTIMATED", "capacity_method": "contributing_area_m2 x (50.0mm/hr, MCGM post-BRIMSTOWAD-1993 design intensity, runoff coeff 1.0) — see mcgm_swd_official_statistics.json. Real pipe diameters/invert levels are unavailable for this area."}}, {"type": "Feature", "geometry": {"type": "Point", "coordinates": [72.8467610738255, 19.000326845637584]}, "properties": {"node_id": 133, "elevation_m": 21.71, "elevation_provenance": "DERIVED", "in_degree": 0, "out_degree": 1, "is_headwater": true, "is_sink": false, "role": "headwater inlet", "capacity_m3s": 0.1375, "capacity_provenance": "ESTIMATED", "capacity_method": "contributing_area_m2 x (50.0mm/hr, MCGM post-BRIMSTOWAD-1993 design intensity, runoff coeff 1.0) — see mcgm_swd_official_statistics.json. Real pipe diameters/invert levels are unavailable for this area."}}, {"type": "Feature", "geometry": {"type": "Point", "coordinates": [72.84649261744966, 19.000326845637584]}, "properties": {"node_id": 134, "elevation_m": 21.33, "elevation_provenance": "DERIVED", "in_degree": 1, "out_degree": 0, "is_headwater": false, "is_sink": true, "role": "sink / potential surcharge & ponding point", "capacity_m3s": 0.1375, "capacity_provenance": "ESTIMATED", "capacity_method": "contributing_area_m2 x (50.0mm/hr, MCGM post-BRIMSTOWAD-1993 design intensity, runoff coeff 1.0) — see mcgm_swd_official_statistics.json. Real pipe diameters/invert levels are unavailable for this area."}}, {"type": "Feature", "geometry": {"type": "Point", "coordinates": [72.8454187919463, 19.000058389261746]}, "properties": {"node_id": 135, "elevation_m": 21.81, "elevation_provenance": "DERIVED", "in_degree": 1, "out_degree": 1, "is_headwater": false, "is_sink": false, "role": "junction", "capacity_m3s": 0.225, "capacity_provenance": "ESTIMATED", "capacity_method": "contributing_area_m2 x (50.0mm/hr, MCGM post-BRIMSTOWAD-1993 design intensity, runoff coeff 1.0) — see mcgm_swd_official_statistics.json. Real pipe diameters/invert levels are unavailable for this area."}}, {"type": "Feature", "geometry": {"type": "Point", "coordinates": [72.8454187919463, 18.999789932885907]}, "properties": {"node_id": 136, "elevation_m": 21.9, "elevation_provenance": "DERIVED", "in_degree": 0, "out_degree": 1, "is_headwater": true, "is_sink": false, "role": "headwater inlet", "capacity_m3s": 0.2125, "capacity_provenance": "ESTIMATED", "capacity_method": "contributing_area_m2 x (50.0mm/hr, MCGM post-BRIMSTOWAD-1993 design intensity, runoff coeff 1.0) — see mcgm_swd_official_statistics.json. Real pipe diameters/invert levels are unavailable for this area."}}, {"type": "Feature", "geometry": {"type": "Point", "coordinates": [72.85642550335571, 18.99952147651007]}, "properties": {"node_id": 137, "elevation_m": 0.95, "elevation_provenance": "DERIVED", "in_degree": 0, "out_degree": 1, "is_headwater": true, "is_sink": false, "role": "headwater inlet", "capacity_m3s": 0.125, "capacity_provenance": "ESTIMATED", "capacity_method": "contributing_area_m2 x (50.0mm/hr, MCGM post-BRIMSTOWAD-1993 design intensity, runoff coeff 1.0) — see mcgm_swd_official_statistics.json. Real pipe diameters/invert levels are unavailable for this area."}}, {"type": "Feature", "geometry": {"type": "Point", "coordinates": [72.85642550335571, 18.99925302013423]}, "properties": {"node_id": 138, "elevation_m": 0.0, "elevation_provenance": "DERIVED", "in_degree": 2, "out_degree": 0, "is_headwater": false, "is_sink": true, "role": "sink / potential surcharge & ponding point", "capacity_m3s": 0.125, "capacity_provenance": "ESTIMATED", "capacity_method": "contributing_area_m2 x (50.0mm/hr, MCGM post-BRIMSTOWAD-1993 design intensity, runoff coeff 1.0) — see mcgm_swd_official_statistics.json. Real pipe diameters/invert levels are unavailable for this area."}}, {"type": "Feature", "geometry": {"type": "Point", "coordinates": [72.84407651006711, 18.99925302013423]}, "properties": {"node_id": 139, "elevation_m": 19.27, "elevation_provenance": "DERIVED", "in_degree": 0, "out_degree": 1, "is_headwater": true, "is_sink": false, "role": "headwater inlet", "capacity_m3s": 0.175, "capacity_provenance": "ESTIMATED", "capacity_method": "contributing_area_m2 x (50.0mm/hr, MCGM post-BRIMSTOWAD-1993 design intensity, runoff coeff 1.0) — see mcgm_swd_official_statistics.json. Real pipe diameters/invert levels are unavailable for this area."}}, {"type": "Feature", "geometry": {"type": "Point", "coordinates": [72.84380805369128, 18.99952147651007]}, "properties": {"node_id": 140, "elevation_m": 18.64, "elevation_provenance": "DERIVED", "in_degree": 1, "out_degree": 0, "is_headwater": false, "is_sink": true, "role": "sink / potential surcharge & ponding point", "capacity_m3s": 0.175, "capacity_provenance": "ESTIMATED", "capacity_method": "contributing_area_m2 x (50.0mm/hr, MCGM post-BRIMSTOWAD-1993 design intensity, runoff coeff 1.0) — see mcgm_swd_official_statistics.json. Real pipe diameters/invert levels are unavailable for this area."}}, {"type": "Feature", "geometry": {"type": "Point", "coordinates": [72.84327114093959, 18.99898456375839]}, "properties": {"node_id": 141, "elevation_m": 17.94, "elevation_provenance": "DERIVED", "in_degree": 1, "out_degree": 1, "is_headwater": false, "is_sink": false, "role": "junction", "capacity_m3s": 0.2, "capacity_provenance": "ESTIMATED", "capacity_method": "contributing_area_m2 x (50.0mm/hr, MCGM post-BRIMSTOWAD-1993 design intensity, runoff coeff 1.0) — see mcgm_swd_official_statistics.json. Real pipe diameters/invert levels are unavailable for this area."}}, {"type": "Feature", "geometry": {"type": "Point", "coordinates": [72.84300268456376, 18.99898456375839]}, "properties": {"node_id": 142, "elevation_m": 17.04, "elevation_provenance": "DERIVED", "in_degree": 1, "out_degree": 0, "is_headwater": false, "is_sink": true, "role": "sink / potential surcharge & ponding point", "capacity_m3s": 0.2, "capacity_provenance": "ESTIMATED", "capacity_method": "contributing_area_m2 x (50.0mm/hr, MCGM post-BRIMSTOWAD-1993 design intensity, runoff coeff 1.0) — see mcgm_swd_official_statistics.json. Real pipe diameters/invert levels are unavailable for this area."}}, {"type": "Feature", "geometry": {"type": "Point", "coordinates": [72.84353959731543, 18.99898456375839]}, "properties": {"node_id": 143, "elevation_m": 19.2, "elevation_provenance": "DERIVED", "in_degree": 1, "out_degree": 1, "is_headwater": false, "is_sink": false, "role": "junction", "capacity_m3s": 0.1625, "capacity_provenance": "ESTIMATED", "capacity_method": "contributing_area_m2 x (50.0mm/hr, MCGM post-BRIMSTOWAD-1993 design intensity, runoff coeff 1.0) — see mcgm_swd_official_statistics.json. Real pipe diameters/invert levels are unavailable for this area."}}, {"type": "Feature", "geometry": {"type": "Point", "coordinates": [72.84890872483221, 18.99898456375839]}, "properties": {"node_id": 144, "elevation_m": 16.94, "elevation_provenance": "DERIVED", "in_degree": 0, "out_degree": 1, "is_headwater": true, "is_sink": false, "role": "headwater inlet", "capacity_m3s": 0.125, "capacity_provenance": "ESTIMATED", "capacity_method": "contributing_area_m2 x (50.0mm/hr, MCGM post-BRIMSTOWAD-1993 design intensity, runoff coeff 1.0) — see mcgm_swd_official_statistics.json. Real pipe diameters/invert levels are unavailable for this area."}}, {"type": "Feature", "geometry": {"type": "Point", "coordinates": [72.84917718120805, 18.998716107382553]}, "properties": {"node_id": 145, "elevation_m": 13.17, "elevation_provenance": "DERIVED", "in_degree": 1, "out_degree": 1, "is_headwater": false, "is_sink": false, "role": "junction", "capacity_m3s": 0.2625, "capacity_provenance": "ESTIMATED", "capacity_method": "contributing_area_m2 x (50.0mm/hr, MCGM post-BRIMSTOWAD-1993 design intensity, runoff coeff 1.0) — see mcgm_swd_official_statistics.json. Real pipe diameters/invert levels are unavailable for this area."}}, {"type": "Feature", "geometry": {"type": "Point", "coordinates": [72.85669395973154, 18.99898456375839]}, "properties": {"node_id": 146, "elevation_m": 0.66, "elevation_provenance": "DERIVED", "in_degree": 0, "out_degree": 1, "is_headwater": true, "is_sink": false, "role": "headwater inlet", "capacity_m3s": 0.125, "capacity_provenance": "ESTIMATED", "capacity_method": "contributing_area_m2 x (50.0mm/hr, MCGM post-BRIMSTOWAD-1993 design intensity, runoff coeff 1.0) — see mcgm_swd_official_statistics.json. Real pipe diameters/invert levels are unavailable for this area."}}, {"type": "Feature", "geometry": {"type": "Point", "coordinates": [72.8397812080537, 18.998716107382553]}, "properties": {"node_id": 147, "elevation_m": 11.51, "elevation_provenance": "DERIVED", "in_degree": 1, "out_degree": 1, "is_headwater": false, "is_sink": false, "role": "junction", "capacity_m3s": 0.175, "capacity_provenance": "ESTIMATED", "capacity_method": "contributing_area_m2 x (50.0mm/hr, MCGM post-BRIMSTOWAD-1993 design intensity, runoff coeff 1.0) — see mcgm_swd_official_statistics.json. Real pipe diameters/invert levels are unavailable for this area."}}, {"type": "Feature", "geometry": {"type": "Point", "coordinates": [72.83951275167784, 18.99898456375839]}, "properties": {"node_id": 148, "elevation_m": 7.5, "elevation_provenance": "DERIVED", "in_degree": 1, "out_degree": 0, "is_headwater": false, "is_sink": true, "role": "sink / potential surcharge & ponding point", "capacity_m3s": 0.175, "capacity_provenance": "ESTIMATED", "capacity_method": "contributing_area_m2 x (50.0mm/hr, MCGM post-BRIMSTOWAD-1993 design intensity, runoff coeff 1.0) — see mcgm_swd_official_statistics.json. Real pipe diameters/invert levels are unavailable for this area."}}, {"type": "Feature", "geometry": {"type": "Point", "coordinates": [72.84004966442953, 18.998716107382553]}, "properties": {"node_id": 149, "elevation_m": 15.59, "elevation_provenance": "DERIVED", "in_degree": 1, "out_degree": 1, "is_headwater": false, "is_sink": false, "role": "junction", "capacity_m3s": 0.1375, "capacity_provenance": "ESTIMATED", "capacity_method": "contributing_area_m2 x (50.0mm/hr, MCGM post-BRIMSTOWAD-1993 design intensity, runoff coeff 1.0) — see mcgm_swd_official_statistics.json. Real pipe diameters/invert levels are unavailable for this area."}}, {"type": "Feature", "geometry": {"type": "Point", "coordinates": [72.84031812080536, 18.998716107382553]}, "properties": {"node_id": 150, "elevation_m": 16.17, "elevation_provenance": "DERIVED", "in_degree": 0, "out_degree": 1, "is_headwater": true, "is_sink": false, "role": "headwater inlet", "capacity_m3s": 0.125, "capacity_provenance": "ESTIMATED", "capacity_method": "contributing_area_m2 x (50.0mm/hr, MCGM post-BRIMSTOWAD-1993 design intensity, runoff coeff 1.0) — see mcgm_swd_official_statistics.json. Real pipe diameters/invert levels are unavailable for this area."}}, {"type": "Feature", "geometry": {"type": "Point", "coordinates": [72.84380805369128, 18.998716107382553]}, "properties": {"node_id": 151, "elevation_m": 19.83, "elevation_provenance": "DERIVED", "in_degree": 0, "out_degree": 1, "is_headwater": true, "is_sink": false, "role": "headwater inlet", "capacity_m3s": 0.15, "capacity_provenance": "ESTIMATED", "capacity_method": "contributing_area_m2 x (50.0mm/hr, MCGM post-BRIMSTOWAD-1993 design intensity, runoff coeff 1.0) — see mcgm_swd_official_statistics.json. Real pipe diameters/invert levels are unavailable for this area."}}, {"type": "Feature", "geometry": {"type": "Point", "coordinates": [72.84649261744966, 18.998716107382553]}, "properties": {"node_id": 152, "elevation_m": 25.78, "elevation_provenance": "DERIVED", "in_degree": 1, "out_degree": 1, "is_headwater": false, "is_sink": false, "role": "junction", "capacity_m3s": 0.175, "capacity_provenance": "ESTIMATED", "capacity_method": "contributing_area_m2 x (50.0mm/hr, MCGM post-BRIMSTOWAD-1993 design intensity, runoff coeff 1.0) — see mcgm_swd_official_statistics.json. Real pipe diameters/invert levels are unavailable for this area."}}, {"type": "Feature", "geometry": {"type": "Point", "coordinates": [72.84649261744966, 18.998447651006714]}, "properties": {"node_id": 153, "elevation_m": 25.24, "elevation_provenance": "DERIVED", "in_degree": 1, "out_degree": 0, "is_headwater": false, "is_sink": true, "role": "sink / potential surcharge & ponding point", "capacity_m3s": 0.175, "capacity_provenance": "ESTIMATED", "capacity_method": "contributing_area_m2 x (50.0mm/hr, MCGM post-BRIMSTOWAD-1993 design intensity, runoff coeff 1.0) — see mcgm_swd_official_statistics.json. Real pipe diameters/invert levels are unavailable for this area."}}, {"type": "Feature", "geometry": {"type": "Point", "coordinates": [72.8467610738255, 18.998716107382553]}, "properties": {"node_id": 154, "elevation_m": 27.11, "elevation_provenance": "DERIVED", "in_degree": 1, "out_degree": 1, "is_headwater": false, "is_sink": false, "role": "junction", "capacity_m3s": 0.1625, "capacity_provenance": "ESTIMATED", "capacity_method": "contributing_area_m2 x (50.0mm/hr, MCGM post-BRIMSTOWAD-1993 design intensity, runoff coeff 1.0) — see mcgm_swd_official_statistics.json. Real pipe diameters/invert levels are unavailable for this area."}}, {"type": "Feature", "geometry": {"type": "Point", "coordinates": [72.84702953020134, 18.998716107382553]}, "properties": {"node_id": 155, "elevation_m": 27.49, "elevation_provenance": "DERIVED", "in_degree": 0, "out_degree": 1, "is_headwater": true, "is_sink": false, "role": "headwater inlet", "capacity_m3s": 0.15, "capacity_provenance": "ESTIMATED", "capacity_method": "contributing_area_m2 x (50.0mm/hr, MCGM post-BRIMSTOWAD-1993 design intensity, runoff coeff 1.0) — see mcgm_swd_official_statistics.json. Real pipe diameters/invert levels are unavailable for this area."}}, {"type": "Feature", "geometry": {"type": "Point", "coordinates": [72.84917718120805, 18.998447651006714]}, "properties": {"node_id": 156, "elevation_m": 7.5, "elevation_provenance": "DERIVED", "in_degree": 1, "out_degree": 0, "is_headwater": false, "is_sink": true, "role": "sink / potential surcharge & ponding point", "capacity_m3s": 0.2625, "capacity_provenance": "ESTIMATED", "capacity_method": "contributing_area_m2 x (50.0mm/hr, MCGM post-BRIMSTOWAD-1993 design intensity, runoff coeff 1.0) — see mcgm_swd_official_statistics.json. Real pipe diameters/invert levels are unavailable for this area."}}, {"type": "Feature", "geometry": {"type": "Point", "coordinates": [72.82394228187918, 18.998179194630875]}, "properties": {"node_id": 157, "elevation_m": 2.56, "elevation_provenance": "DERIVED", "in_degree": 0, "out_degree": 1, "is_headwater": true, "is_sink": false, "role": "headwater inlet", "capacity_m3s": 0.15, "capacity_provenance": "ESTIMATED", "capacity_method": "contributing_area_m2 x (50.0mm/hr, MCGM post-BRIMSTOWAD-1993 design intensity, runoff coeff 1.0) — see mcgm_swd_official_statistics.json. Real pipe diameters/invert levels are unavailable for this area."}}, {"type": "Feature", "geometry": {"type": "Point", "coordinates": [72.82367382550335, 18.997910738255037]}, "properties": {"node_id": 158, "elevation_m": 1.38, "elevation_provenance": "DERIVED", "in_degree": 1, "out_degree": 1, "is_headwater": false, "is_sink": false, "role": "junction", "capacity_m3s": 0.2, "capacity_provenance": "ESTIMATED", "capacity_method": "contributing_area_m2 x (50.0mm/hr, MCGM post-BRIMSTOWAD-1993 design intensity, runoff coeff 1.0) — see mcgm_swd_official_statistics.json. Real pipe diameters/invert levels are unavailable for this area."}}, {"type": "Feature", "geometry": {"type": "Point", "coordinates": [72.82340536912751, 18.997910738255037]}, "properties": {"node_id": 159, "elevation_m": 0.0, "elevation_provenance": "DERIVED", "in_degree": 1, "out_degree": 0, "is_headwater": false, "is_sink": true, "role": "sink / potential surcharge & ponding point", "capacity_m3s": 0.2, "capacity_provenance": "ESTIMATED", "capacity_method": "contributing_area_m2 x (50.0mm/hr, MCGM post-BRIMSTOWAD-1993 design intensity, runoff coeff 1.0) — see mcgm_swd_official_statistics.json. Real pipe diameters/invert levels are unavailable for this area."}}, {"type": "Feature", "geometry": {"type": "Point", "coordinates": [72.83199597315436, 18.997910738255037]}, "properties": {"node_id": 160, "elevation_m": 0.3, "elevation_provenance": "DERIVED", "in_degree": 0, "out_degree": 1, "is_headwater": true, "is_sink": false, "role": "headwater inlet", "capacity_m3s": 0.15, "capacity_provenance": "ESTIMATED", "capacity_method": "contributing_area_m2 x (50.0mm/hr, MCGM post-BRIMSTOWAD-1993 design intensity, runoff coeff 1.0) — see mcgm_swd_official_statistics.json. Real pipe diameters/invert levels are unavailable for this area."}}, {"type": "Feature", "geometry": {"type": "Point", "coordinates": [72.83199597315436, 18.998179194630875]}, "properties": {"node_id": 161, "elevation_m": 0.0, "elevation_provenance": "DERIVED", "in_degree": 1, "out_degree": 0, "is_headwater": false, "is_sink": true, "role": "sink / potential surcharge & ponding point", "capacity_m3s": 0.15, "capacity_provenance": "ESTIMATED", "capacity_method": "contributing_area_m2 x (50.0mm/hr, MCGM post-BRIMSTOWAD-1993 design intensity, runoff coeff 1.0) — see mcgm_swd_official_statistics.json. Real pipe diameters/invert levels are unavailable for this area."}}, {"type": "Feature", "geometry": {"type": "Point", "coordinates": [72.84890872483221, 18.997910738255037]}, "properties": {"node_id": 162, "elevation_m": 11.2, "elevation_provenance": "DERIVED", "in_degree": 0, "out_degree": 1, "is_headwater": true, "is_sink": false, "role": "headwater inlet", "capacity_m3s": 0.175, "capacity_provenance": "ESTIMATED", "capacity_method": "contributing_area_m2 x (50.0mm/hr, MCGM post-BRIMSTOWAD-1993 design intensity, runoff coeff 1.0) — see mcgm_swd_official_statistics.json. Real pipe diameters/invert levels are unavailable for this area."}}, {"type": "Feature", "geometry": {"type": "Point", "coordinates": [72.84917718120805, 18.998179194630875]}, "properties": {"node_id": 163, "elevation_m": 7.5, "elevation_provenance": "DERIVED", "in_degree": 1, "out_degree": 0, "is_headwater": false, "is_sink": true, "role": "sink / potential surcharge & ponding point", "capacity_m3s": 0.175, "capacity_provenance": "ESTIMATED", "capacity_method": "contributing_area_m2 x (50.0mm/hr, MCGM post-BRIMSTOWAD-1993 design intensity, runoff coeff 1.0) — see mcgm_swd_official_statistics.json. Real pipe diameters/invert levels are unavailable for this area."}}, {"type": "Feature", "geometry": {"type": "Point", "coordinates": [72.8454187919463, 18.997373825503356]}, "properties": {"node_id": 164, "elevation_m": 24.02, "elevation_provenance": "DERIVED", "in_degree": 0, "out_degree": 1, "is_headwater": true, "is_sink": false, "role": "headwater inlet", "capacity_m3s": 0.2125, "capacity_provenance": "ESTIMATED", "capacity_method": "contributing_area_m2 x (50.0mm/hr, MCGM post-BRIMSTOWAD-1993 design intensity, runoff coeff 1.0) — see mcgm_swd_official_statistics.json. Real pipe diameters/invert levels are unavailable for this area."}}, {"type": "Feature", "geometry": {"type": "Point", "coordinates": [72.84515033557047, 18.997105369127517]}, "properties": {"node_id": 165, "elevation_m": 21.76, "elevation_provenance": "DERIVED", "in_degree": 1, "out_degree": 0, "is_headwater": false, "is_sink": true, "role": "sink / potential surcharge & ponding point", "capacity_m3s": 0.2125, "capacity_provenance": "ESTIMATED", "capacity_method": "contributing_area_m2 x (50.0mm/hr, MCGM post-BRIMSTOWAD-1993 design intensity, runoff coeff 1.0) — see mcgm_swd_official_statistics.json. Real pipe diameters/invert levels are unavailable for this area."}}, {"type": "Feature", "geometry": {"type": "Point", "coordinates": [72.82447919463087, 18.997105369127517]}, "properties": {"node_id": 166, "elevation_m": 2.31, "elevation_provenance": "DERIVED", "in_degree": 0, "out_degree": 1, "is_headwater": true, "is_sink": false, "role": "headwater inlet", "capacity_m3s": 0.125, "capacity_provenance": "ESTIMATED", "capacity_method": "contributing_area_m2 x (50.0mm/hr, MCGM post-BRIMSTOWAD-1993 design intensity, runoff coeff 1.0) — see mcgm_swd_official_statistics.json. Real pipe diameters/invert levels are unavailable for this area."}}, {"type": "Feature", "geometry": {"type": "Point", "coordinates": [72.82421073825503, 18.99683691275168]}, "properties": {"node_id": 167, "elevation_m": 0.62, "elevation_provenance": "DERIVED", "in_degree": 1, "out_degree": 0, "is_headwater": false, "is_sink": true, "role": "sink / potential surcharge & ponding point", "capacity_m3s": 0.125, "capacity_provenance": "ESTIMATED", "capacity_method": "contributing_area_m2 x (50.0mm/hr, MCGM post-BRIMSTOWAD-1993 design intensity, runoff coeff 1.0) — see mcgm_swd_official_statistics.json. Real pipe diameters/invert levels are unavailable for this area."}}, {"type": "Feature", "geometry": {"type": "Point", "coordinates": [72.84729798657717, 18.997105369127517]}, "properties": {"node_id": 168, "elevation_m": 24.1, "elevation_provenance": "DERIVED", "in_degree": 0, "out_degree": 1, "is_headwater": true, "is_sink": false, "role": "headwater inlet", "capacity_m3s": 0.1625, "capacity_provenance": "ESTIMATED", "capacity_method": "contributing_area_m2 x (50.0mm/hr, MCGM post-BRIMSTOWAD-1993 design intensity, runoff coeff 1.0) — see mcgm_swd_official_statistics.json. Real pipe diameters/invert levels are unavailable for this area."}}, {"type": "Feature", "geometry": {"type": "Point", "coordinates": [72.84756644295302, 18.997105369127517]}, "properties": {"node_id": 169, "elevation_m": 23.56, "elevation_provenance": "DERIVED", "in_degree": 1, "out_degree": 1, "is_headwater": false, "is_sink": false, "role": "junction", "capacity_m3s": 0.175, "capacity_provenance": "ESTIMATED", "capacity_method": "contributing_area_m2 x (50.0mm/hr, MCGM post-BRIMSTOWAD-1993 design intensity, runoff coeff 1.0) — see mcgm_swd_official_statistics.json. Real pipe diameters/invert levels are unavailable for this area."}}, {"type": "Feature", "geometry": {"type": "Point", "coordinates": [72.84783489932886, 18.997105369127517]}, "properties": {"node_id": 170, "elevation_m": 20.32, "elevation_provenance": "DERIVED", "in_degree": 1, "out_degree": 1, "is_headwater": false, "is_sink": false, "role": "junction", "capacity_m3s": 0.25, "capacity_provenance": "ESTIMATED", "capacity_method": "contributing_area_m2 x (50.0mm/hr, MCGM post-BRIMSTOWAD-1993 design intensity, runoff coeff 1.0) — see mcgm_swd_official_statistics.json. Real pipe diameters/invert levels are unavailable for this area."}}, {"type": "Feature", "geometry": {"type": "Point", "coordinates": [72.8481033557047, 18.99683691275168]}, "properties": {"node_id": 171, "elevation_m": 18.36, "elevation_provenance": "DERIVED", "in_degree": 1, "out_degree": 1, "is_headwater": false, "is_sink": false, "role": "junction", "capacity_m3s": 0.325, "capacity_provenance": "ESTIMATED", "capacity_method": "contributing_area_m2 x (50.0mm/hr, MCGM post-BRIMSTOWAD-1993 design intensity, runoff coeff 1.0) — see mcgm_swd_official_statistics.json. Real pipe diameters/invert levels are unavailable for this area."}}, {"type": "Feature", "geometry": {"type": "Point", "coordinates": [72.84864026845638, 18.997105369127517]}, "properties": {"node_id": 172, "elevation_m": 15.79, "elevation_provenance": "DERIVED", "in_degree": 1, "out_degree": 1, "is_headwater": false, "is_sink": false, "role": "junction", "capacity_m3s": 0.3625, "capacity_provenance": "ESTIMATED", "capacity_method": "contributing_area_m2 x (50.0mm/hr, MCGM post-BRIMSTOWAD-1993 design intensity, runoff coeff 1.0) — see mcgm_swd_official_statistics.json. Real pipe diameters/invert levels are unavailable for this area."}}, {"type": "Feature", "geometry": {"type": "Point", "coordinates": [72.84890872483221, 18.997105369127517]}, "properties": {"node_id": 173, "elevation_m": 15.03, "elevation_provenance": "DERIVED", "in_degree": 1, "out_degree": 1, "is_headwater": false, "is_sink": false, "role": "junction", "capacity_m3s": 0.375, "capacity_provenance": "ESTIMATED", "capacity_method": "contributing_area_m2 x (50.0mm/hr, MCGM post-BRIMSTOWAD-1993 design intensity, runoff coeff 1.0) — see mcgm_swd_official_statistics.json. Real pipe diameters/invert levels are unavailable for this area."}}, {"type": "Feature", "geometry": {"type": "Point", "coordinates": [72.84917718120805, 18.99683691275168]}, "properties": {"node_id": 174, "elevation_m": 9.68, "elevation_provenance": "DERIVED", "in_degree": 1, "out_degree": 1, "is_headwater": false, "is_sink": false, "role": "junction", "capacity_m3s": 0.4, "capacity_provenance": "ESTIMATED", "capacity_method": "contributing_area_m2 x (50.0mm/hr, MCGM post-BRIMSTOWAD-1993 design intensity, runoff coeff 1.0) — see mcgm_swd_official_statistics.json. Real pipe diameters/invert levels are unavailable for this area."}}, {"type": "Feature", "geometry": {"type": "Point", "coordinates": [72.84837181208053, 18.99683691275168]}, "properties": {"node_id": 175, "elevation_m": 17.95, "elevation_provenance": "DERIVED", "in_degree": 1, "out_degree": 1, "is_headwater": false, "is_sink": false, "role": "junction", "capacity_m3s": 0.3375, "capacity_provenance": "ESTIMATED", "capacity_method": "contributing_area_m2 x (50.0mm/hr, MCGM post-BRIMSTOWAD-1993 design intensity, runoff coeff 1.0) — see mcgm_swd_official_statistics.json. Real pipe diameters/invert levels are unavailable for this area."}}, {"type": "Feature", "geometry": {"type": "Point", "coordinates": [72.8494456375839, 18.99683691275168]}, "properties": {"node_id": 176, "elevation_m": 7.5, "elevation_provenance": "DERIVED", "in_degree": 1, "out_degree": 0, "is_headwater": false, "is_sink": true, "role": "sink / potential surcharge & ponding point", "capacity_m3s": 0.4, "capacity_provenance": "ESTIMATED", "capacity_method": "contributing_area_m2 x (50.0mm/hr, MCGM post-BRIMSTOWAD-1993 design intensity, runoff coeff 1.0) — see mcgm_swd_official_statistics.json. Real pipe diameters/invert levels are unavailable for this area."}}, {"type": "Feature", "geometry": {"type": "Point", "coordinates": [72.84595570469799, 18.9963]}, "properties": {"node_id": 177, "elevation_m": 23.81, "elevation_provenance": "DERIVED", "in_degree": 0, "out_degree": 1, "is_headwater": true, "is_sink": false, "role": "headwater inlet", "capacity_m3s": 0.1375, "capacity_provenance": "ESTIMATED", "capacity_method": "contributing_area_m2 x (50.0mm/hr, MCGM post-BRIMSTOWAD-1993 design intensity, runoff coeff 1.0) — see mcgm_swd_official_statistics.json. Real pipe diameters/invert levels are unavailable for this area."}}, {"type": "Feature", "geometry": {"type": "Point", "coordinates": [72.84568724832215, 18.9963]}, "properties": {"node_id": 178, "elevation_m": 23.57, "elevation_provenance": "DERIVED", "in_degree": 1, "out_degree": 0, "is_headwater": false, "is_sink": true, "role": "sink / potential surcharge & ponding point", "capacity_m3s": 0.1375, "capacity_provenance": "ESTIMATED", "capacity_method": "contributing_area_m2 x (50.0mm/hr, MCGM post-BRIMSTOWAD-1993 design intensity, runoff coeff 1.0) — see mcgm_swd_official_statistics.json. Real pipe diameters/invert levels are unavailable for this area."}}]}