{"type": "FeatureCollection", "features": [{"type": "Feature", "geometry": {"type": "Point", "coordinates": [72.89833758389261, 19.1006644295302]}, "properties": {"node_id": 0, "elevation_m": 22.81, "elevation_provenance": "DERIVED", "in_degree": 1, "out_degree": 1, "is_headwater": false, "is_sink": false, "role": "junction", "capacity_m3s": 0.225, "capacity_provenance": "ESTIMATED", "capacity_method": "contributing_area_m2 x (50.0mm/hr, MCGM post-BRIMSTOWAD-1993 design intensity, runoff coeff 1.0) — see mcgm_swd_official_statistics.json. Real pipe diameters/invert levels are unavailable for this area."}}, {"type": "Feature", "geometry": {"type": "Point", "coordinates": [72.89833758389261, 19.101]}, "properties": {"node_id": 1, "elevation_m": 22.05, "elevation_provenance": "DERIVED", "in_degree": 1, "out_degree": 0, "is_headwater": false, "is_sink": true, "role": "sink / potential surcharge & ponding point", "capacity_m3s": 0.225, "capacity_provenance": "ESTIMATED", "capacity_method": "contributing_area_m2 x (50.0mm/hr, MCGM post-BRIMSTOWAD-1993 design intensity, runoff coeff 1.0) — see mcgm_swd_official_statistics.json. Real pipe diameters/invert levels are unavailable for this area."}}, {"type": "Feature", "geometry": {"type": "Point", "coordinates": [72.8533711409396, 19.1003288590604]}, "properties": {"node_id": 2, "elevation_m": 9.58, "elevation_provenance": "DERIVED", "in_degree": 0, "out_degree": 1, "is_headwater": true, "is_sink": false, "role": "headwater inlet", "capacity_m3s": 0.15, "capacity_provenance": "ESTIMATED", "capacity_method": "contributing_area_m2 x (50.0mm/hr, MCGM post-BRIMSTOWAD-1993 design intensity, runoff coeff 1.0) — see mcgm_swd_official_statistics.json. Real pipe diameters/invert levels are unavailable for this area."}}, {"type": "Feature", "geometry": {"type": "Point", "coordinates": [72.8537067114094, 19.099993288590603]}, "properties": {"node_id": 3, "elevation_m": 7.5, "elevation_provenance": "DERIVED", "in_degree": 1, "out_degree": 0, "is_headwater": false, "is_sink": true, "role": "sink / potential surcharge & ponding point", "capacity_m3s": 0.15, "capacity_provenance": "ESTIMATED", "capacity_method": "contributing_area_m2 x (50.0mm/hr, MCGM post-BRIMSTOWAD-1993 design intensity, runoff coeff 1.0) — see mcgm_swd_official_statistics.json. Real pipe diameters/invert levels are unavailable for this area."}}, {"type": "Feature", "geometry": {"type": "Point", "coordinates": [72.89296845637584, 19.1003288590604]}, "properties": {"node_id": 4, "elevation_m": 15.78, "elevation_provenance": "DERIVED", "in_degree": 1, "out_degree": 1, "is_headwater": false, "is_sink": false, "role": "junction", "capacity_m3s": 0.3, "capacity_provenance": "ESTIMATED", "capacity_method": "contributing_area_m2 x (50.0mm/hr, MCGM post-BRIMSTOWAD-1993 design intensity, runoff coeff 1.0) — see mcgm_swd_official_statistics.json. Real pipe diameters/invert levels are unavailable for this area."}}, {"type": "Feature", "geometry": {"type": "Point", "coordinates": [72.89296845637584, 19.1006644295302]}, "properties": {"node_id": 5, "elevation_m": 15.37, "elevation_provenance": "DERIVED", "in_degree": 1, "out_degree": 0, "is_headwater": false, "is_sink": true, "role": "sink / potential surcharge & ponding point", "capacity_m3s": 0.3, "capacity_provenance": "ESTIMATED", "capacity_method": "contributing_area_m2 x (50.0mm/hr, MCGM post-BRIMSTOWAD-1993 design intensity, runoff coeff 1.0) — see mcgm_swd_official_statistics.json. Real pipe diameters/invert levels are unavailable for this area."}}, {"type": "Feature", "geometry": {"type": "Point", "coordinates": [72.89833758389261, 19.1003288590604]}, "properties": {"node_id": 6, "elevation_m": 23.8, "elevation_provenance": "DERIVED", "in_degree": 1, "out_degree": 1, "is_headwater": false, "is_sink": false, "role": "junction", "capacity_m3s": 0.2, "capacity_provenance": "ESTIMATED", "capacity_method": "contributing_area_m2 x (50.0mm/hr, MCGM post-BRIMSTOWAD-1993 design intensity, runoff coeff 1.0) — see mcgm_swd_official_statistics.json. Real pipe diameters/invert levels are unavailable for this area."}}, {"type": "Feature", "geometry": {"type": "Point", "coordinates": [72.89867315436241, 19.1003288590604]}, "properties": {"node_id": 7, "elevation_m": 26.26, "elevation_provenance": "DERIVED", "in_degree": 1, "out_degree": 1, "is_headwater": false, "is_sink": false, "role": "junction", "capacity_m3s": 0.1875, "capacity_provenance": "ESTIMATED", "capacity_method": "contributing_area_m2 x (50.0mm/hr, MCGM post-BRIMSTOWAD-1993 design intensity, runoff coeff 1.0) — see mcgm_swd_official_statistics.json. Real pipe diameters/invert levels are unavailable for this area."}}, {"type": "Feature", "geometry": {"type": "Point", "coordinates": [72.89900872483221, 19.1003288590604]}, "properties": {"node_id": 8, "elevation_m": 30.59, "elevation_provenance": "DERIVED", "in_degree": 1, "out_degree": 1, "is_headwater": false, "is_sink": false, "role": "junction", "capacity_m3s": 0.175, "capacity_provenance": "ESTIMATED", "capacity_method": "contributing_area_m2 x (50.0mm/hr, MCGM post-BRIMSTOWAD-1993 design intensity, runoff coeff 1.0) — see mcgm_swd_official_statistics.json. Real pipe diameters/invert levels are unavailable for this area."}}, {"type": "Feature", "geometry": {"type": "Point", "coordinates": [72.89934429530201, 19.1003288590604]}, "properties": {"node_id": 9, "elevation_m": 34.68, "elevation_provenance": "DERIVED", "in_degree": 0, "out_degree": 1, "is_headwater": true, "is_sink": false, "role": "headwater inlet", "capacity_m3s": 0.1625, "capacity_provenance": "ESTIMATED", "capacity_method": "contributing_area_m2 x (50.0mm/hr, MCGM post-BRIMSTOWAD-1993 design intensity, runoff coeff 1.0) — see mcgm_swd_official_statistics.json. Real pipe diameters/invert levels are unavailable for this area."}}, {"type": "Feature", "geometry": {"type": "Point", "coordinates": [72.87921006711409, 19.099993288590603]}, "properties": {"node_id": 10, "elevation_m": 3.63, "elevation_provenance": "DERIVED", "in_degree": 0, "out_degree": 1, "is_headwater": true, "is_sink": false, "role": "headwater inlet", "capacity_m3s": 0.125, "capacity_provenance": "ESTIMATED", "capacity_method": "contributing_area_m2 x (50.0mm/hr, MCGM post-BRIMSTOWAD-1993 design intensity, runoff coeff 1.0) — see mcgm_swd_official_statistics.json. Real pipe diameters/invert levels are unavailable for this area."}}, {"type": "Feature", "geometry": {"type": "Point", "coordinates": [72.87921006711409, 19.099657718120806]}, "properties": {"node_id": 11, "elevation_m": 3.38, "elevation_provenance": "DERIVED", "in_degree": 1, "out_degree": 0, "is_headwater": false, "is_sink": true, "role": "sink / potential surcharge & ponding point", "capacity_m3s": 0.125, "capacity_provenance": "ESTIMATED", "capacity_method": "contributing_area_m2 x (50.0mm/hr, MCGM post-BRIMSTOWAD-1993 design intensity, runoff coeff 1.0) — see mcgm_swd_official_statistics.json. Real pipe diameters/invert levels are unavailable for this area."}}, {"type": "Feature", "geometry": {"type": "Point", "coordinates": [72.89162617449664, 19.099993288590603]}, "properties": {"node_id": 12, "elevation_m": 15.31, "elevation_provenance": "DERIVED", "in_degree": 0, "out_degree": 1, "is_headwater": true, "is_sink": false, "role": "headwater inlet", "capacity_m3s": 0.175, "capacity_provenance": "ESTIMATED", "capacity_method": "contributing_area_m2 x (50.0mm/hr, MCGM post-BRIMSTOWAD-1993 design intensity, runoff coeff 1.0) — see mcgm_swd_official_statistics.json. Real pipe diameters/invert levels are unavailable for this area."}}, {"type": "Feature", "geometry": {"type": "Point", "coordinates": [72.89162617449664, 19.1003288590604]}, "properties": {"node_id": 13, "elevation_m": 15.14, "elevation_provenance": "DERIVED", "in_degree": 2, "out_degree": 0, "is_headwater": false, "is_sink": true, "role": "sink / potential surcharge & ponding point", "capacity_m3s": 0.3875, "capacity_provenance": "ESTIMATED", "capacity_method": "contributing_area_m2 x (50.0mm/hr, MCGM post-BRIMSTOWAD-1993 design intensity, runoff coeff 1.0) — see mcgm_swd_official_statistics.json. Real pipe diameters/invert levels are unavailable for this area."}}, {"type": "Feature", "geometry": {"type": "Point", "coordinates": [72.89196174496644, 19.099993288590603]}, "properties": {"node_id": 14, "elevation_m": 15.43, "elevation_provenance": "DERIVED", "in_degree": 1, "out_degree": 1, "is_headwater": false, "is_sink": false, "role": "junction", "capacity_m3s": 0.3875, "capacity_provenance": "ESTIMATED", "capacity_method": "contributing_area_m2 x (50.0mm/hr, MCGM post-BRIMSTOWAD-1993 design intensity, runoff coeff 1.0) — see mcgm_swd_official_statistics.json. Real pipe diameters/invert levels are unavailable for this area."}}, {"type": "Feature", "geometry": {"type": "Point", "coordinates": [72.89263288590604, 19.099993288590603]}, "properties": {"node_id": 15, "elevation_m": 16.87, "elevation_provenance": "DERIVED", "in_degree": 1, "out_degree": 1, "is_headwater": false, "is_sink": false, "role": "junction", "capacity_m3s": 0.2125, "capacity_provenance": "ESTIMATED", "capacity_method": "contributing_area_m2 x (50.0mm/hr, MCGM post-BRIMSTOWAD-1993 design intensity, runoff coeff 1.0) — see mcgm_swd_official_statistics.json. Real pipe diameters/invert levels are unavailable for this area."}}, {"type": "Feature", "geometry": {"type": "Point", "coordinates": [72.89833758389261, 19.099993288590603]}, "properties": {"node_id": 16, "elevation_m": 24.33, "elevation_provenance": "DERIVED", "in_degree": 1, "out_degree": 1, "is_headwater": false, "is_sink": false, "role": "junction", "capacity_m3s": 0.3375, "capacity_provenance": "ESTIMATED", "capacity_method": "contributing_area_m2 x (50.0mm/hr, MCGM post-BRIMSTOWAD-1993 design intensity, runoff coeff 1.0) — see mcgm_swd_official_statistics.json. Real pipe diameters/invert levels are unavailable for this area."}}, {"type": "Feature", "geometry": {"type": "Point", "coordinates": [72.89800201342281, 19.099657718120806]}, "properties": {"node_id": 17, "elevation_m": 23.24, "elevation_provenance": "DERIVED", "in_degree": 1, "out_degree": 0, "is_headwater": false, "is_sink": true, "role": "sink / potential surcharge & ponding point", "capacity_m3s": 0.3375, "capacity_provenance": "ESTIMATED", "capacity_method": "contributing_area_m2 x (50.0mm/hr, MCGM post-BRIMSTOWAD-1993 design intensity, runoff coeff 1.0) — see mcgm_swd_official_statistics.json. Real pipe diameters/invert levels are unavailable for this area."}}, {"type": "Feature", "geometry": {"type": "Point", "coordinates": [72.86343825503356, 19.099657718120806]}, "properties": {"node_id": 18, "elevation_m": 10.26, "elevation_provenance": "DERIVED", "in_degree": 0, "out_degree": 1, "is_headwater": true, "is_sink": false, "role": "headwater inlet", "capacity_m3s": 0.125, "capacity_provenance": "ESTIMATED", "capacity_method": "contributing_area_m2 x (50.0mm/hr, MCGM post-BRIMSTOWAD-1993 design intensity, runoff coeff 1.0) — see mcgm_swd_official_statistics.json. Real pipe diameters/invert levels are unavailable for this area."}}, {"type": "Feature", "geometry": {"type": "Point", "coordinates": [72.86377382550336, 19.099657718120806]}, "properties": {"node_id": 19, "elevation_m": 7.5, "elevation_provenance": "DERIVED", "in_degree": 1, "out_degree": 0, "is_headwater": false, "is_sink": true, "role": "sink / potential surcharge & ponding point", "capacity_m3s": 0.125, "capacity_provenance": "ESTIMATED", "capacity_method": "contributing_area_m2 x (50.0mm/hr, MCGM post-BRIMSTOWAD-1993 design intensity, runoff coeff 1.0) — see mcgm_swd_official_statistics.json. Real pipe diameters/invert levels are unavailable for this area."}}, {"type": "Feature", "geometry": {"type": "Point", "coordinates": [72.88894161073826, 19.099657718120806]}, "properties": {"node_id": 20, "elevation_m": 11.49, "elevation_provenance": "DERIVED", "in_degree": 1, "out_degree": 1, "is_headwater": false, "is_sink": false, "role": "junction", "capacity_m3s": 0.85, "capacity_provenance": "ESTIMATED", "capacity_method": "contributing_area_m2 x (50.0mm/hr, MCGM post-BRIMSTOWAD-1993 design intensity, runoff coeff 1.0) — see mcgm_swd_official_statistics.json. Real pipe diameters/invert levels are unavailable for this area."}}, {"type": "Feature", "geometry": {"type": "Point", "coordinates": [72.88894161073826, 19.099993288590603]}, "properties": {"node_id": 21, "elevation_m": 7.5, "elevation_provenance": "DERIVED", "in_degree": 1, "out_degree": 0, "is_headwater": false, "is_sink": true, "role": "sink / potential surcharge & ponding point", "capacity_m3s": 0.85, "capacity_provenance": "ESTIMATED", "capacity_method": "contributing_area_m2 x (50.0mm/hr, MCGM post-BRIMSTOWAD-1993 design intensity, runoff coeff 1.0) — see mcgm_swd_official_statistics.json. Real pipe diameters/invert levels are unavailable for this area."}}, {"type": "Feature", "geometry": {"type": "Point", "coordinates": [72.89196174496644, 19.099657718120806]}, "properties": {"node_id": 22, "elevation_m": 15.77, "elevation_provenance": "DERIVED", "in_degree": 1, "out_degree": 1, "is_headwater": false, "is_sink": false, "role": "junction", "capacity_m3s": 0.3625, "capacity_provenance": "ESTIMATED", "capacity_method": "contributing_area_m2 x (50.0mm/hr, MCGM post-BRIMSTOWAD-1993 design intensity, runoff coeff 1.0) — see mcgm_swd_official_statistics.json. Real pipe diameters/invert levels are unavailable for this area."}}, {"type": "Feature", "geometry": {"type": "Point", "coordinates": [72.89296845637584, 19.099657718120806]}, "properties": {"node_id": 23, "elevation_m": 17.59, "elevation_provenance": "DERIVED", "in_degree": 1, "out_degree": 1, "is_headwater": false, "is_sink": false, "role": "junction", "capacity_m3s": 0.2, "capacity_provenance": "ESTIMATED", "capacity_method": "contributing_area_m2 x (50.0mm/hr, MCGM post-BRIMSTOWAD-1993 design intensity, runoff coeff 1.0) — see mcgm_swd_official_statistics.json. Real pipe diameters/invert levels are unavailable for this area."}}, {"type": "Feature", "geometry": {"type": "Point", "coordinates": [72.89867315436241, 19.099657718120806]}, "properties": {"node_id": 24, "elevation_m": 27.92, "elevation_provenance": "DERIVED", "in_degree": 1, "out_degree": 1, "is_headwater": false, "is_sink": false, "role": "junction", "capacity_m3s": 0.2875, "capacity_provenance": "ESTIMATED", "capacity_method": "contributing_area_m2 x (50.0mm/hr, MCGM post-BRIMSTOWAD-1993 design intensity, runoff coeff 1.0) — see mcgm_swd_official_statistics.json. Real pipe diameters/invert levels are unavailable for this area."}}, {"type": "Feature", "geometry": {"type": "Point", "coordinates": [72.89900872483221, 19.099657718120806]}, "properties": {"node_id": 25, "elevation_m": 30.2, "elevation_provenance": "DERIVED", "in_degree": 1, "out_degree": 1, "is_headwater": false, "is_sink": false, "role": "junction", "capacity_m3s": 0.1625, "capacity_provenance": "ESTIMATED", "capacity_method": "contributing_area_m2 x (50.0mm/hr, MCGM post-BRIMSTOWAD-1993 design intensity, runoff coeff 1.0) — see mcgm_swd_official_statistics.json. Real pipe diameters/invert levels are unavailable for this area."}}, {"type": "Feature", "geometry": {"type": "Point", "coordinates": [72.89934429530201, 19.099657718120806]}, "properties": {"node_id": 26, "elevation_m": 33.08, "elevation_provenance": "DERIVED", "in_degree": 0, "out_degree": 1, "is_headwater": true, "is_sink": false, "role": "headwater inlet", "capacity_m3s": 0.15, "capacity_provenance": "ESTIMATED", "capacity_method": "contributing_area_m2 x (50.0mm/hr, MCGM post-BRIMSTOWAD-1993 design intensity, runoff coeff 1.0) — see mcgm_swd_official_statistics.json. Real pipe diameters/invert levels are unavailable for this area."}}, {"type": "Feature", "geometry": {"type": "Point", "coordinates": [72.9020288590604, 19.099657718120806]}, "properties": {"node_id": 27, "elevation_m": 49.98, "elevation_provenance": "DERIVED", "in_degree": 0, "out_degree": 1, "is_headwater": true, "is_sink": false, "role": "headwater inlet", "capacity_m3s": 0.2, "capacity_provenance": "ESTIMATED", "capacity_method": "contributing_area_m2 x (50.0mm/hr, MCGM post-BRIMSTOWAD-1993 design intensity, runoff coeff 1.0) — see mcgm_swd_official_statistics.json. Real pipe diameters/invert levels are unavailable for this area."}}, {"type": "Feature", "geometry": {"type": "Point", "coordinates": [72.9023644295302, 19.099322147651005]}, "properties": {"node_id": 28, "elevation_m": 45.01, "elevation_provenance": "DERIVED", "in_degree": 1, "out_degree": 1, "is_headwater": false, "is_sink": false, "role": "junction", "capacity_m3s": 0.2125, "capacity_provenance": "ESTIMATED", "capacity_method": "contributing_area_m2 x (50.0mm/hr, MCGM post-BRIMSTOWAD-1993 design intensity, runoff coeff 1.0) — see mcgm_swd_official_statistics.json. Real pipe diameters/invert levels are unavailable for this area."}}, {"type": "Feature", "geometry": {"type": "Point", "coordinates": [72.9023644295302, 19.099657718120806]}, "properties": {"node_id": 29, "elevation_m": 47.65, "elevation_provenance": "DERIVED", "in_degree": 0, "out_degree": 1, "is_headwater": true, "is_sink": false, "role": "headwater inlet", "capacity_m3s": 0.125, "capacity_provenance": "ESTIMATED", "capacity_method": "contributing_area_m2 x (50.0mm/hr, MCGM post-BRIMSTOWAD-1993 design intensity, runoff coeff 1.0) — see mcgm_swd_official_statistics.json. Real pipe diameters/invert levels are unavailable for this area."}}, {"type": "Feature", "geometry": {"type": "Point", "coordinates": [72.9027, 19.099322147651005]}, "properties": {"node_id": 30, "elevation_m": 43.67, "elevation_provenance": "DERIVED", "in_degree": 1, "out_degree": 1, "is_headwater": false, "is_sink": false, "role": "junction", "capacity_m3s": 0.175, "capacity_provenance": "ESTIMATED", "capacity_method": "contributing_area_m2 x (50.0mm/hr, MCGM post-BRIMSTOWAD-1993 design intensity, runoff coeff 1.0) — see mcgm_swd_official_statistics.json. Real pipe diameters/invert levels are unavailable for this area."}}, {"type": "Feature", "geometry": {"type": "Point", "coordinates": [72.88927718120804, 19.099322147651005]}, "properties": {"node_id": 31, "elevation_m": 15.79, "elevation_provenance": "DERIVED", "in_degree": 1, "out_degree": 1, "is_headwater": false, "is_sink": false, "role": "junction", "capacity_m3s": 0.825, "capacity_provenance": "ESTIMATED", "capacity_method": "contributing_area_m2 x (50.0mm/hr, MCGM post-BRIMSTOWAD-1993 design intensity, runoff coeff 1.0) — see mcgm_swd_official_statistics.json. Real pipe diameters/invert levels are unavailable for this area."}}, {"type": "Feature", "geometry": {"type": "Point", "coordinates": [72.89229731543624, 19.099322147651005]}, "properties": {"node_id": 32, "elevation_m": 15.99, "elevation_provenance": "DERIVED", "in_degree": 1, "out_degree": 1, "is_headwater": false, "is_sink": false, "role": "junction", "capacity_m3s": 0.275, "capacity_provenance": "ESTIMATED", "capacity_method": "contributing_area_m2 x (50.0mm/hr, MCGM post-BRIMSTOWAD-1993 design intensity, runoff coeff 1.0) — see mcgm_swd_official_statistics.json. Real pipe diameters/invert levels are unavailable for this area."}}, {"type": "Feature", "geometry": {"type": "Point", "coordinates": [72.89296845637584, 19.099322147651005]}, "properties": {"node_id": 33, "elevation_m": 17.94, "elevation_provenance": "DERIVED", "in_degree": 0, "out_degree": 1, "is_headwater": true, "is_sink": false, "role": "headwater inlet", "capacity_m3s": 0.125, "capacity_provenance": "ESTIMATED", "capacity_method": "contributing_area_m2 x (50.0mm/hr, MCGM post-BRIMSTOWAD-1993 design intensity, runoff coeff 1.0) — see mcgm_swd_official_statistics.json. Real pipe diameters/invert levels are unavailable for this area."}}, {"type": "Feature", "geometry": {"type": "Point", "coordinates": [72.89766644295301, 19.099322147651005]}, "properties": {"node_id": 34, "elevation_m": 23.49, "elevation_provenance": "DERIVED", "in_degree": 0, "out_degree": 1, "is_headwater": true, "is_sink": false, "role": "headwater inlet", "capacity_m3s": 0.125, "capacity_provenance": "ESTIMATED", "capacity_method": "contributing_area_m2 x (50.0mm/hr, MCGM post-BRIMSTOWAD-1993 design intensity, runoff coeff 1.0) — see mcgm_swd_official_statistics.json. Real pipe diameters/invert levels are unavailable for this area."}}, {"type": "Feature", "geometry": {"type": "Point", "coordinates": [72.89766644295301, 19.099657718120806]}, "properties": {"node_id": 35, "elevation_m": 23.27, "elevation_provenance": "DERIVED", "in_degree": 1, "out_degree": 0, "is_headwater": false, "is_sink": true, "role": "sink / potential surcharge & ponding point", "capacity_m3s": 0.125, "capacity_provenance": "ESTIMATED", "capacity_method": "contributing_area_m2 x (50.0mm/hr, MCGM post-BRIMSTOWAD-1993 design intensity, runoff coeff 1.0) — see mcgm_swd_official_statistics.json. Real pipe diameters/invert levels are unavailable for this area."}}, {"type": "Feature", "geometry": {"type": "Point", "coordinates": [72.9027, 19.098986577181208]}, "properties": {"node_id": 36, "elevation_m": 42.09, "elevation_provenance": "DERIVED", "in_degree": 2, "out_degree": 1, "is_headwater": false, "is_sink": false, "role": "junction", "capacity_m3s": 0.4, "capacity_provenance": "ESTIMATED", "capacity_method": "contributing_area_m2 x (50.0mm/hr, MCGM post-BRIMSTOWAD-1993 design intensity, runoff coeff 1.0) — see mcgm_swd_official_statistics.json. Real pipe diameters/invert levels are unavailable for this area."}}, {"type": "Feature", "geometry": {"type": "Point", "coordinates": [72.88961275167784, 19.098986577181208]}, "properties": {"node_id": 37, "elevation_m": 15.85, "elevation_provenance": "DERIVED", "in_degree": 1, "out_degree": 1, "is_headwater": false, "is_sink": false, "role": "junction", "capacity_m3s": 0.8, "capacity_provenance": "ESTIMATED", "capacity_method": "contributing_area_m2 x (50.0mm/hr, MCGM post-BRIMSTOWAD-1993 design intensity, runoff coeff 1.0) — see mcgm_swd_official_statistics.json. Real pipe diameters/invert levels are unavailable for this area."}}, {"type": "Feature", "geometry": {"type": "Point", "coordinates": [72.89229731543624, 19.098986577181208]}, "properties": {"node_id": 38, "elevation_m": 16.38, "elevation_provenance": "DERIVED", "in_degree": 0, "out_degree": 1, "is_headwater": true, "is_sink": false, "role": "headwater inlet", "capacity_m3s": 0.2375, "capacity_provenance": "ESTIMATED", "capacity_method": "contributing_area_m2 x (50.0mm/hr, MCGM post-BRIMSTOWAD-1993 design intensity, runoff coeff 1.0) — see mcgm_swd_official_statistics.json. Real pipe diameters/invert levels are unavailable for this area."}}, {"type": "Feature", "geometry": {"type": "Point", "coordinates": [72.9023644295302, 19.098651006711407]}, "properties": {"node_id": 39, "elevation_m": 41.88, "elevation_provenance": "DERIVED", "in_degree": 1, "out_degree": 1, "is_headwater": false, "is_sink": false, "role": "junction", "capacity_m3s": 0.45, "capacity_provenance": "ESTIMATED", "capacity_method": "contributing_area_m2 x (50.0mm/hr, MCGM post-BRIMSTOWAD-1993 design intensity, runoff coeff 1.0) — see mcgm_swd_official_statistics.json. Real pipe diameters/invert levels are unavailable for this area."}}, {"type": "Feature", "geometry": {"type": "Point", "coordinates": [72.8771966442953, 19.098651006711407]}, "properties": {"node_id": 40, "elevation_m": 0.09, "elevation_provenance": "DERIVED", "in_degree": 0, "out_degree": 1, "is_headwater": true, "is_sink": false, "role": "headwater inlet", "capacity_m3s": 0.125, "capacity_provenance": "ESTIMATED", "capacity_method": "contributing_area_m2 x (50.0mm/hr, MCGM post-BRIMSTOWAD-1993 design intensity, runoff coeff 1.0) — see mcgm_swd_official_statistics.json. Real pipe diameters/invert levels are unavailable for this area."}}, {"type": "Feature", "geometry": {"type": "Point", "coordinates": [72.8775322147651, 19.09831543624161]}, "properties": {"node_id": 41, "elevation_m": 0.0, "elevation_provenance": "DERIVED", "in_degree": 1, "out_degree": 0, "is_headwater": false, "is_sink": true, "role": "sink / potential surcharge & ponding point", "capacity_m3s": 0.125, "capacity_provenance": "ESTIMATED", "capacity_method": "contributing_area_m2 x (50.0mm/hr, MCGM post-BRIMSTOWAD-1993 design intensity, runoff coeff 1.0) — see mcgm_swd_official_statistics.json. Real pipe diameters/invert levels are unavailable for this area."}}, {"type": "Feature", "geometry": {"type": "Point", "coordinates": [72.88961275167784, 19.098651006711407]}, "properties": {"node_id": 42, "elevation_m": 16.06, "elevation_provenance": "DERIVED", "in_degree": 1, "out_degree": 1, "is_headwater": false, "is_sink": false, "role": "junction", "capacity_m3s": 0.75, "capacity_provenance": "ESTIMATED", "capacity_method": "contributing_area_m2 x (50.0mm/hr, MCGM post-BRIMSTOWAD-1993 design intensity, runoff coeff 1.0) — see mcgm_swd_official_statistics.json. Real pipe diameters/invert levels are unavailable for this area."}}, {"type": "Feature", "geometry": {"type": "Point", "coordinates": [72.9023644295302, 19.09831543624161]}, "properties": {"node_id": 43, "elevation_m": 39.98, "elevation_provenance": "DERIVED", "in_degree": 1, "out_degree": 1, "is_headwater": false, "is_sink": false, "role": "junction", "capacity_m3s": 0.4875, "capacity_provenance": "ESTIMATED", "capacity_method": "contributing_area_m2 x (50.0mm/hr, MCGM post-BRIMSTOWAD-1993 design intensity, runoff coeff 1.0) — see mcgm_swd_official_statistics.json. Real pipe diameters/invert levels are unavailable for this area."}}, {"type": "Feature", "geometry": {"type": "Point", "coordinates": [72.88961275167784, 19.09831543624161]}, "properties": {"node_id": 44, "elevation_m": 16.55, "elevation_provenance": "DERIVED", "in_degree": 1, "out_degree": 1, "is_headwater": false, "is_sink": false, "role": "junction", "capacity_m3s": 0.6375, "capacity_provenance": "ESTIMATED", "capacity_method": "contributing_area_m2 x (50.0mm/hr, MCGM post-BRIMSTOWAD-1993 design intensity, runoff coeff 1.0) — see mcgm_swd_official_statistics.json. Real pipe diameters/invert levels are unavailable for this area."}}, {"type": "Feature", "geometry": {"type": "Point", "coordinates": [72.9016932885906, 19.09831543624161]}, "properties": {"node_id": 45, "elevation_m": 41.21, "elevation_provenance": "DERIVED", "in_degree": 0, "out_degree": 1, "is_headwater": true, "is_sink": false, "role": "headwater inlet", "capacity_m3s": 0.1625, "capacity_provenance": "ESTIMATED", "capacity_method": "contributing_area_m2 x (50.0mm/hr, MCGM post-BRIMSTOWAD-1993 design intensity, runoff coeff 1.0) — see mcgm_swd_official_statistics.json. Real pipe diameters/invert levels are unavailable for this area."}}, {"type": "Feature", "geometry": {"type": "Point", "coordinates": [72.9016932885906, 19.097979865771812]}, "properties": {"node_id": 46, "elevation_m": 39.71, "elevation_provenance": "DERIVED", "in_degree": 1, "out_degree": 1, "is_headwater": false, "is_sink": false, "role": "junction", "capacity_m3s": 0.175, "capacity_provenance": "ESTIMATED", "capacity_method": "contributing_area_m2 x (50.0mm/hr, MCGM post-BRIMSTOWAD-1993 design intensity, runoff coeff 1.0) — see mcgm_swd_official_statistics.json. Real pipe diameters/invert levels are unavailable for this area."}}, {"type": "Feature", "geometry": {"type": "Point", "coordinates": [72.9020288590604, 19.097979865771812]}, "properties": {"node_id": 47, "elevation_m": 39.85, "elevation_provenance": "DERIVED", "in_degree": 1, "out_degree": 1, "is_headwater": false, "is_sink": false, "role": "junction", "capacity_m3s": 0.5375, "capacity_provenance": "ESTIMATED", "capacity_method": "contributing_area_m2 x (50.0mm/hr, MCGM post-BRIMSTOWAD-1993 design intensity, runoff coeff 1.0) — see mcgm_swd_official_statistics.json. Real pipe diameters/invert levels are unavailable for this area."}}, {"type": "Feature", "geometry": {"type": "Point", "coordinates": [72.8758543624161, 19.097979865771812]}, "properties": {"node_id": 48, "elevation_m": 8.41, "elevation_provenance": "DERIVED", "in_degree": 1, "out_degree": 1, "is_headwater": false, "is_sink": false, "role": "junction", "capacity_m3s": 0.1625, "capacity_provenance": "ESTIMATED", "capacity_method": "contributing_area_m2 x (50.0mm/hr, MCGM post-BRIMSTOWAD-1993 design intensity, runoff coeff 1.0) — see mcgm_swd_official_statistics.json. Real pipe diameters/invert levels are unavailable for this area."}}, {"type": "Feature", "geometry": {"type": "Point", "coordinates": [72.87618993288591, 19.09831543624161]}, "properties": {"node_id": 49, "elevation_m": 7.5, "elevation_provenance": "DERIVED", "in_degree": 1, "out_degree": 0, "is_headwater": false, "is_sink": true, "role": "sink / potential surcharge & ponding point", "capacity_m3s": 0.1625, "capacity_provenance": "ESTIMATED", "capacity_method": "contributing_area_m2 x (50.0mm/hr, MCGM post-BRIMSTOWAD-1993 design intensity, runoff coeff 1.0) — see mcgm_swd_official_statistics.json. Real pipe diameters/invert levels are unavailable for this area."}}, {"type": "Feature", "geometry": {"type": "Point", "coordinates": [72.88055234899329, 19.097979865771812]}, "properties": {"node_id": 50, "elevation_m": 0.92, "elevation_provenance": "DERIVED", "in_degree": 0, "out_degree": 1, "is_headwater": true, "is_sink": false, "role": "headwater inlet", "capacity_m3s": 0.1625, "capacity_provenance": "ESTIMATED", "capacity_method": "contributing_area_m2 x (50.0mm/hr, MCGM post-BRIMSTOWAD-1993 design intensity, runoff coeff 1.0) — see mcgm_swd_official_statistics.json. Real pipe diameters/invert levels are unavailable for this area."}}, {"type": "Feature", "geometry": {"type": "Point", "coordinates": [72.88088791946308, 19.09764429530201]}, "properties": {"node_id": 51, "elevation_m": 0.09, "elevation_provenance": "DERIVED", "in_degree": 1, "out_degree": 1, "is_headwater": false, "is_sink": false, "role": "junction", "capacity_m3s": 0.3, "capacity_provenance": "ESTIMATED", "capacity_method": "contributing_area_m2 x (50.0mm/hr, MCGM post-BRIMSTOWAD-1993 design intensity, runoff coeff 1.0) — see mcgm_swd_official_statistics.json. Real pipe diameters/invert levels are unavailable for this area."}}, {"type": "Feature", "geometry": {"type": "Point", "coordinates": [72.88927718120804, 19.097979865771812]}, "properties": {"node_id": 52, "elevation_m": 16.68, "elevation_provenance": "DERIVED", "in_degree": 1, "out_degree": 1, "is_headwater": false, "is_sink": false, "role": "junction", "capacity_m3s": 0.5875, "capacity_provenance": "ESTIMATED", "capacity_method": "contributing_area_m2 x (50.0mm/hr, MCGM post-BRIMSTOWAD-1993 design intensity, runoff coeff 1.0) — see mcgm_swd_official_statistics.json. Real pipe diameters/invert levels are unavailable for this area."}}, {"type": "Feature", "geometry": {"type": "Point", "coordinates": [72.89598859060402, 19.097979865771812]}, "properties": {"node_id": 53, "elevation_m": 21.74, "elevation_provenance": "DERIVED", "in_degree": 0, "out_degree": 1, "is_headwater": true, "is_sink": false, "role": "headwater inlet", "capacity_m3s": 0.15, "capacity_provenance": "ESTIMATED", "capacity_method": "contributing_area_m2 x (50.0mm/hr, MCGM post-BRIMSTOWAD-1993 design intensity, runoff coeff 1.0) — see mcgm_swd_official_statistics.json. Real pipe diameters/invert levels are unavailable for this area."}}, {"type": "Feature", "geometry": {"type": "Point", "coordinates": [72.89598859060402, 19.09764429530201]}, "properties": {"node_id": 54, "elevation_m": 21.71, "elevation_provenance": "DERIVED", "in_degree": 2, "out_degree": 0, "is_headwater": false, "is_sink": true, "role": "sink / potential surcharge & ponding point", "capacity_m3s": 0.15, "capacity_provenance": "ESTIMATED", "capacity_method": "contributing_area_m2 x (50.0mm/hr, MCGM post-BRIMSTOWAD-1993 design intensity, runoff coeff 1.0) — see mcgm_swd_official_statistics.json. Real pipe diameters/invert levels are unavailable for this area."}}, {"type": "Feature", "geometry": {"type": "Point", "coordinates": [72.9016932885906, 19.09764429530201]}, "properties": {"node_id": 55, "elevation_m": 37.46, "elevation_provenance": "DERIVED", "in_degree": 3, "out_degree": 1, "is_headwater": false, "is_sink": false, "role": "junction", "capacity_m3s": 0.8875, "capacity_provenance": "ESTIMATED", "capacity_method": "contributing_area_m2 x (50.0mm/hr, MCGM post-BRIMSTOWAD-1993 design intensity, runoff coeff 1.0) — see mcgm_swd_official_statistics.json. Real pipe diameters/invert levels are unavailable for this area."}}, {"type": "Feature", "geometry": {"type": "Point", "coordinates": [72.8758543624161, 19.09764429530201]}, "properties": {"node_id": 56, "elevation_m": 8.8, "elevation_provenance": "DERIVED", "in_degree": 0, "out_degree": 1, "is_headwater": true, "is_sink": false, "role": "headwater inlet", "capacity_m3s": 0.125, "capacity_provenance": "ESTIMATED", "capacity_method": "contributing_area_m2 x (50.0mm/hr, MCGM post-BRIMSTOWAD-1993 design intensity, runoff coeff 1.0) — see mcgm_swd_official_statistics.json. Real pipe diameters/invert levels are unavailable for this area."}}, {"type": "Feature", "geometry": {"type": "Point", "coordinates": [72.88088791946308, 19.097308724832214]}, "properties": {"node_id": 57, "elevation_m": 0.0, "elevation_provenance": "DERIVED", "in_degree": 1, "out_degree": 0, "is_headwater": false, "is_sink": true, "role": "sink / potential surcharge & ponding point", "capacity_m3s": 0.3, "capacity_provenance": "ESTIMATED", "capacity_method": "contributing_area_m2 x (50.0mm/hr, MCGM post-BRIMSTOWAD-1993 design intensity, runoff coeff 1.0) — see mcgm_swd_official_statistics.json. Real pipe diameters/invert levels are unavailable for this area."}}, {"type": "Feature", "geometry": {"type": "Point", "coordinates": [72.88793489932885, 19.09764429530201]}, "properties": {"node_id": 58, "elevation_m": 7.52, "elevation_provenance": "DERIVED", "in_degree": 1, "out_degree": 1, "is_headwater": false, "is_sink": false, "role": "junction", "capacity_m3s": 0.175, "capacity_provenance": "ESTIMATED", "capacity_method": "contributing_area_m2 x (50.0mm/hr, MCGM post-BRIMSTOWAD-1993 design intensity, runoff coeff 1.0) — see mcgm_swd_official_statistics.json. Real pipe diameters/invert levels are unavailable for this area."}}, {"type": "Feature", "geometry": {"type": "Point", "coordinates": [72.88759932885905, 19.09764429530201]}, "properties": {"node_id": 59, "elevation_m": 7.5, "elevation_provenance": "DERIVED", "in_degree": 1, "out_degree": 0, "is_headwater": false, "is_sink": true, "role": "sink / potential surcharge & ponding point", "capacity_m3s": 0.175, "capacity_provenance": "ESTIMATED", "capacity_method": "contributing_area_m2 x (50.0mm/hr, MCGM post-BRIMSTOWAD-1993 design intensity, runoff coeff 1.0) — see mcgm_swd_official_statistics.json. Real pipe diameters/invert levels are unavailable for this area."}}, {"type": "Feature", "geometry": {"type": "Point", "coordinates": [72.88827046979866, 19.09764429530201]}, "properties": {"node_id": 60, "elevation_m": 10.5, "elevation_provenance": "DERIVED", "in_degree": 1, "out_degree": 1, "is_headwater": false, "is_sink": false, "role": "junction", "capacity_m3s": 0.1625, "capacity_provenance": "ESTIMATED", "capacity_method": "contributing_area_m2 x (50.0mm/hr, MCGM post-BRIMSTOWAD-1993 design intensity, runoff coeff 1.0) — see mcgm_swd_official_statistics.json. Real pipe diameters/invert levels are unavailable for this area."}}, {"type": "Feature", "geometry": {"type": "Point", "coordinates": [72.88961275167784, 19.09764429530201]}, "properties": {"node_id": 61, "elevation_m": 16.84, "elevation_provenance": "DERIVED", "in_degree": 2, "out_degree": 1, "is_headwater": false, "is_sink": false, "role": "junction", "capacity_m3s": 0.55, "capacity_provenance": "ESTIMATED", "capacity_method": "contributing_area_m2 x (50.0mm/hr, MCGM post-BRIMSTOWAD-1993 design intensity, runoff coeff 1.0) — see mcgm_swd_official_statistics.json. Real pipe diameters/invert levels are unavailable for this area."}}, {"type": "Feature", "geometry": {"type": "Point", "coordinates": [72.88994832214765, 19.09764429530201]}, "properties": {"node_id": 62, "elevation_m": 17.67, "elevation_provenance": "DERIVED", "in_degree": 1, "out_degree": 1, "is_headwater": false, "is_sink": false, "role": "junction", "capacity_m3s": 0.4125, "capacity_provenance": "ESTIMATED", "capacity_method": "contributing_area_m2 x (50.0mm/hr, MCGM post-BRIMSTOWAD-1993 design intensity, runoff coeff 1.0) — see mcgm_swd_official_statistics.json. Real pipe diameters/invert levels are unavailable for this area."}}, {"type": "Feature", "geometry": {"type": "Point", "coordinates": [72.89028389261745, 19.09764429530201]}, "properties": {"node_id": 63, "elevation_m": 19.2, "elevation_provenance": "DERIVED", "in_degree": 1, "out_degree": 1, "is_headwater": false, "is_sink": false, "role": "junction", "capacity_m3s": 0.35, "capacity_provenance": "ESTIMATED", "capacity_method": "contributing_area_m2 x (50.0mm/hr, MCGM post-BRIMSTOWAD-1993 design intensity, runoff coeff 1.0) — see mcgm_swd_official_statistics.json. Real pipe diameters/invert levels are unavailable for this area."}}, {"type": "Feature", "geometry": {"type": "Point", "coordinates": [72.89061946308725, 19.09764429530201]}, "properties": {"node_id": 64, "elevation_m": 19.62, "elevation_provenance": "DERIVED", "in_degree": 1, "out_degree": 1, "is_headwater": false, "is_sink": false, "role": "junction", "capacity_m3s": 0.3, "capacity_provenance": "ESTIMATED", "capacity_method": "contributing_area_m2 x (50.0mm/hr, MCGM post-BRIMSTOWAD-1993 design intensity, runoff coeff 1.0) — see mcgm_swd_official_statistics.json. Real pipe diameters/invert levels are unavailable for this area."}}, {"type": "Feature", "geometry": {"type": "Point", "coordinates": [72.89095503355705, 19.09764429530201]}, "properties": {"node_id": 65, "elevation_m": 19.72, "elevation_provenance": "DERIVED", "in_degree": 1, "out_degree": 1, "is_headwater": false, "is_sink": false, "role": "junction", "capacity_m3s": 0.2875, "capacity_provenance": "ESTIMATED", "capacity_method": "contributing_area_m2 x (50.0mm/hr, MCGM post-BRIMSTOWAD-1993 design intensity, runoff coeff 1.0) — see mcgm_swd_official_statistics.json. Real pipe diameters/invert levels are unavailable for this area."}}, {"type": "Feature", "geometry": {"type": "Point", "coordinates": [72.89632416107382, 19.09764429530201]}, "properties": {"node_id": 66, "elevation_m": 22.03, "elevation_provenance": "DERIVED", "in_degree": 0, "out_degree": 1, "is_headwater": true, "is_sink": false, "role": "headwater inlet", "capacity_m3s": 0.1375, "capacity_provenance": "ESTIMATED", "capacity_method": "contributing_area_m2 x (50.0mm/hr, MCGM post-BRIMSTOWAD-1993 design intensity, runoff coeff 1.0) — see mcgm_swd_official_statistics.json. Real pipe diameters/invert levels are unavailable for this area."}}, {"type": "Feature", "geometry": {"type": "Point", "coordinates": [72.9013577181208, 19.09764429530201]}, "properties": {"node_id": 67, "elevation_m": 40.01, "elevation_provenance": "DERIVED", "in_degree": 0, "out_degree": 1, "is_headwater": true, "is_sink": false, "role": "headwater inlet", "capacity_m3s": 0.15, "capacity_provenance": "ESTIMATED", "capacity_method": "contributing_area_m2 x (50.0mm/hr, MCGM post-BRIMSTOWAD-1993 design intensity, runoff coeff 1.0) — see mcgm_swd_official_statistics.json. Real pipe diameters/invert levels are unavailable for this area."}}, {"type": "Feature", "geometry": {"type": "Point", "coordinates": [72.9020288590604, 19.097308724832214]}, "properties": {"node_id": 68, "elevation_m": 36.7, "elevation_provenance": "DERIVED", "in_degree": 1, "out_degree": 1, "is_headwater": false, "is_sink": false, "role": "junction", "capacity_m3s": 0.9125, "capacity_provenance": "ESTIMATED", "capacity_method": "contributing_area_m2 x (50.0mm/hr, MCGM post-BRIMSTOWAD-1993 design intensity, runoff coeff 1.0) — see mcgm_swd_official_statistics.json. Real pipe diameters/invert levels are unavailable for this area."}}, {"type": "Feature", "geometry": {"type": "Point", "coordinates": [72.88860604026846, 19.097308724832214]}, "properties": {"node_id": 69, "elevation_m": 16.49, "elevation_provenance": "DERIVED", "in_degree": 0, "out_degree": 1, "is_headwater": true, "is_sink": false, "role": "headwater inlet", "capacity_m3s": 0.125, "capacity_provenance": "ESTIMATED", "capacity_method": "contributing_area_m2 x (50.0mm/hr, MCGM post-BRIMSTOWAD-1993 design intensity, runoff coeff 1.0) — see mcgm_swd_official_statistics.json. Real pipe diameters/invert levels are unavailable for this area."}}, {"type": "Feature", "geometry": {"type": "Point", "coordinates": [72.88961275167784, 19.097308724832214]}, "properties": {"node_id": 70, "elevation_m": 18.23, "elevation_provenance": "DERIVED", "in_degree": 0, "out_degree": 1, "is_headwater": true, "is_sink": false, "role": "headwater inlet", "capacity_m3s": 0.125, "capacity_provenance": "ESTIMATED", "capacity_method": "contributing_area_m2 x (50.0mm/hr, MCGM post-BRIMSTOWAD-1993 design intensity, runoff coeff 1.0) — see mcgm_swd_official_statistics.json. Real pipe diameters/invert levels are unavailable for this area."}}, {"type": "Feature", "geometry": {"type": "Point", "coordinates": [72.89095503355705, 19.097308724832214]}, "properties": {"node_id": 71, "elevation_m": 20.02, "elevation_provenance": "DERIVED", "in_degree": 0, "out_degree": 1, "is_headwater": true, "is_sink": false, "role": "headwater inlet", "capacity_m3s": 0.175, "capacity_provenance": "ESTIMATED", "capacity_method": "contributing_area_m2 x (50.0mm/hr, MCGM post-BRIMSTOWAD-1993 design intensity, runoff coeff 1.0) — see mcgm_swd_official_statistics.json. Real pipe diameters/invert levels are unavailable for this area."}}, {"type": "Feature", "geometry": {"type": "Point", "coordinates": [72.89800201342281, 19.097308724832214]}, "properties": {"node_id": 72, "elevation_m": 24.77, "elevation_provenance": "DERIVED", "in_degree": 2, "out_degree": 1, "is_headwater": false, "is_sink": false, "role": "junction", "capacity_m3s": 0.3875, "capacity_provenance": "ESTIMATED", "capacity_method": "contributing_area_m2 x (50.0mm/hr, MCGM post-BRIMSTOWAD-1993 design intensity, runoff coeff 1.0) — see mcgm_swd_official_statistics.json. Real pipe diameters/invert levels are unavailable for this area."}}, {"type": "Feature", "geometry": {"type": "Point", "coordinates": [72.89766644295301, 19.096973154362416]}, "properties": {"node_id": 73, "elevation_m": 23.65, "elevation_provenance": "DERIVED", "in_degree": 1, "out_degree": 1, "is_headwater": false, "is_sink": false, "role": "junction", "capacity_m3s": 0.4625, "capacity_provenance": "ESTIMATED", "capacity_method": "contributing_area_m2 x (50.0mm/hr, MCGM post-BRIMSTOWAD-1993 design intensity, runoff coeff 1.0) — see mcgm_swd_official_statistics.json. Real pipe diameters/invert levels are unavailable for this area."}}, {"type": "Feature", "geometry": {"type": "Point", "coordinates": [72.89833758389261, 19.097308724832214]}, "properties": {"node_id": 74, "elevation_m": 24.87, "elevation_provenance": "DERIVED", "in_degree": 1, "out_degree": 1, "is_headwater": false, "is_sink": false, "role": "junction", "capacity_m3s": 0.2375, "capacity_provenance": "ESTIMATED", "capacity_method": "contributing_area_m2 x (50.0mm/hr, MCGM post-BRIMSTOWAD-1993 design intensity, runoff coeff 1.0) — see mcgm_swd_official_statistics.json. Real pipe diameters/invert levels are unavailable for this area."}}, {"type": "Feature", "geometry": {"type": "Point", "coordinates": [72.89867315436241, 19.097308724832214]}, "properties": {"node_id": 75, "elevation_m": 25.36, "elevation_provenance": "DERIVED", "in_degree": 0, "out_degree": 1, "is_headwater": true, "is_sink": false, "role": "headwater inlet", "capacity_m3s": 0.1625, "capacity_provenance": "ESTIMATED", "capacity_method": "contributing_area_m2 x (50.0mm/hr, MCGM post-BRIMSTOWAD-1993 design intensity, runoff coeff 1.0) — see mcgm_swd_official_statistics.json. Real pipe diameters/invert levels are unavailable for this area."}}, {"type": "Feature", "geometry": {"type": "Point", "coordinates": [72.9023644295302, 19.096973154362416]}, "properties": {"node_id": 76, "elevation_m": 35.31, "elevation_provenance": "DERIVED", "in_degree": 1, "out_degree": 1, "is_headwater": false, "is_sink": false, "role": "junction", "capacity_m3s": 0.95, "capacity_provenance": "ESTIMATED", "capacity_method": "contributing_area_m2 x (50.0mm/hr, MCGM post-BRIMSTOWAD-1993 design intensity, runoff coeff 1.0) — see mcgm_swd_official_statistics.json. Real pipe diameters/invert levels are unavailable for this area."}}, {"type": "Feature", "geometry": {"type": "Point", "coordinates": [72.88793489932885, 19.096973154362416]}, "properties": {"node_id": 77, "elevation_m": 7.53, "elevation_provenance": "DERIVED", "in_degree": 1, "out_degree": 1, "is_headwater": false, "is_sink": false, "role": "junction", "capacity_m3s": 0.4125, "capacity_provenance": "ESTIMATED", "capacity_method": "contributing_area_m2 x (50.0mm/hr, MCGM post-BRIMSTOWAD-1993 design intensity, runoff coeff 1.0) — see mcgm_swd_official_statistics.json. Real pipe diameters/invert levels are unavailable for this area."}}, {"type": "Feature", "geometry": {"type": "Point", "coordinates": [72.88759932885905, 19.097308724832214]}, "properties": {"node_id": 78, "elevation_m": 7.5, "elevation_provenance": "DERIVED", "in_degree": 1, "out_degree": 0, "is_headwater": false, "is_sink": true, "role": "sink / potential surcharge & ponding point", "capacity_m3s": 0.4125, "capacity_provenance": "ESTIMATED", "capacity_method": "contributing_area_m2 x (50.0mm/hr, MCGM post-BRIMSTOWAD-1993 design intensity, runoff coeff 1.0) — see mcgm_swd_official_statistics.json. Real pipe diameters/invert levels are unavailable for this area."}}, {"type": "Feature", "geometry": {"type": "Point", "coordinates": [72.89498187919463, 19.096973154362416]}, "properties": {"node_id": 79, "elevation_m": 19.84, "elevation_provenance": "DERIVED", "in_degree": 0, "out_degree": 1, "is_headwater": true, "is_sink": false, "role": "headwater inlet", "capacity_m3s": 0.1375, "capacity_provenance": "ESTIMATED", "capacity_method": "contributing_area_m2 x (50.0mm/hr, MCGM post-BRIMSTOWAD-1993 design intensity, runoff coeff 1.0) — see mcgm_swd_official_statistics.json. Real pipe diameters/invert levels are unavailable for this area."}}, {"type": "Feature", "geometry": {"type": "Point", "coordinates": [72.89464630872483, 19.096637583892615]}, "properties": {"node_id": 80, "elevation_m": 19.54, "elevation_provenance": "DERIVED", "in_degree": 1, "out_degree": 1, "is_headwater": false, "is_sink": false, "role": "junction", "capacity_m3s": 0.2375, "capacity_provenance": "ESTIMATED", "capacity_method": "contributing_area_m2 x (50.0mm/hr, MCGM post-BRIMSTOWAD-1993 design intensity, runoff coeff 1.0) — see mcgm_swd_official_statistics.json. Real pipe diameters/invert levels are unavailable for this area."}}, {"type": "Feature", "geometry": {"type": "Point", "coordinates": [72.89766644295301, 19.096637583892615]}, "properties": {"node_id": 81, "elevation_m": 23.12, "elevation_provenance": "DERIVED", "in_degree": 1, "out_degree": 1, "is_headwater": false, "is_sink": false, "role": "junction", "capacity_m3s": 0.5125, "capacity_provenance": "ESTIMATED", "capacity_method": "contributing_area_m2 x (50.0mm/hr, MCGM post-BRIMSTOWAD-1993 design intensity, runoff coeff 1.0) — see mcgm_swd_official_statistics.json. Real pipe diameters/invert levels are unavailable for this area."}}, {"type": "Feature", "geometry": {"type": "Point", "coordinates": [72.89833758389261, 19.096973154362416]}, "properties": {"node_id": 82, "elevation_m": 24.91, "elevation_provenance": "DERIVED", "in_degree": 0, "out_degree": 1, "is_headwater": true, "is_sink": false, "role": "headwater inlet", "capacity_m3s": 0.1375, "capacity_provenance": "ESTIMATED", "capacity_method": "contributing_area_m2 x (50.0mm/hr, MCGM post-BRIMSTOWAD-1993 design intensity, runoff coeff 1.0) — see mcgm_swd_official_statistics.json. Real pipe diameters/invert levels are unavailable for this area."}}, {"type": "Feature", "geometry": {"type": "Point", "coordinates": [72.9027, 19.096637583892615]}, "properties": {"node_id": 83, "elevation_m": 34.18, "elevation_provenance": "DERIVED", "in_degree": 1, "out_degree": 1, "is_headwater": false, "is_sink": false, "role": "junction", "capacity_m3s": 1.025, "capacity_provenance": "ESTIMATED", "capacity_method": "contributing_area_m2 x (50.0mm/hr, MCGM post-BRIMSTOWAD-1993 design intensity, runoff coeff 1.0) — see mcgm_swd_official_statistics.json. Real pipe diameters/invert levels are unavailable for this area."}}, {"type": "Feature", "geometry": {"type": "Point", "coordinates": [72.88793489932885, 19.096637583892615]}, "properties": {"node_id": 84, "elevation_m": 7.54, "elevation_provenance": "DERIVED", "in_degree": 1, "out_degree": 1, "is_headwater": false, "is_sink": false, "role": "junction", "capacity_m3s": 0.375, "capacity_provenance": "ESTIMATED", "capacity_method": "contributing_area_m2 x (50.0mm/hr, MCGM post-BRIMSTOWAD-1993 design intensity, runoff coeff 1.0) — see mcgm_swd_official_statistics.json. Real pipe diameters/invert levels are unavailable for this area."}}, {"type": "Feature", "geometry": {"type": "Point", "coordinates": [72.88827046979866, 19.096637583892615]}, "properties": {"node_id": 85, "elevation_m": 13.05, "elevation_provenance": "DERIVED", "in_degree": 1, "out_degree": 1, "is_headwater": false, "is_sink": false, "role": "junction", "capacity_m3s": 0.2125, "capacity_provenance": "ESTIMATED", "capacity_method": "contributing_area_m2 x (50.0mm/hr, MCGM post-BRIMSTOWAD-1993 design intensity, runoff coeff 1.0) — see mcgm_swd_official_statistics.json. Real pipe diameters/invert levels are unavailable for this area."}}, {"type": "Feature", "geometry": {"type": "Point", "coordinates": [72.88860604026846, 19.096637583892615]}, "properties": {"node_id": 86, "elevation_m": 16.73, "elevation_provenance": "DERIVED", "in_degree": 1, "out_degree": 1, "is_headwater": false, "is_sink": false, "role": "junction", "capacity_m3s": 0.175, "capacity_provenance": "ESTIMATED", "capacity_method": "contributing_area_m2 x (50.0mm/hr, MCGM post-BRIMSTOWAD-1993 design intensity, runoff coeff 1.0) — see mcgm_swd_official_statistics.json. Real pipe diameters/invert levels are unavailable for this area."}}, {"type": "Feature", "geometry": {"type": "Point", "coordinates": [72.89330402684564, 19.096637583892615]}, "properties": {"node_id": 87, "elevation_m": 19.81, "elevation_provenance": "DERIVED", "in_degree": 0, "out_degree": 1, "is_headwater": true, "is_sink": false, "role": "headwater inlet", "capacity_m3s": 0.125, "capacity_provenance": "ESTIMATED", "capacity_method": "contributing_area_m2 x (50.0mm/hr, MCGM post-BRIMSTOWAD-1993 design intensity, runoff coeff 1.0) — see mcgm_swd_official_statistics.json. Real pipe diameters/invert levels are unavailable for this area."}}, {"type": "Feature", "geometry": {"type": "Point", "coordinates": [72.89363959731543, 19.096973154362416]}, "properties": {"node_id": 88, "elevation_m": 19.49, "elevation_provenance": "DERIVED", "in_degree": 1, "out_degree": 0, "is_headwater": false, "is_sink": true, "role": "sink / potential surcharge & ponding point", "capacity_m3s": 0.125, "capacity_provenance": "ESTIMATED", "capacity_method": "contributing_area_m2 x (50.0mm/hr, MCGM post-BRIMSTOWAD-1993 design intensity, runoff coeff 1.0) — see mcgm_swd_official_statistics.json. Real pipe diameters/invert levels are unavailable for this area."}}, {"type": "Feature", "geometry": {"type": "Point", "coordinates": [72.89431073825503, 19.096637583892615]}, "properties": {"node_id": 89, "elevation_m": 19.49, "elevation_provenance": "DERIVED", "in_degree": 1, "out_degree": 0, "is_headwater": false, "is_sink": true, "role": "sink / potential surcharge & ponding point", "capacity_m3s": 0.2375, "capacity_provenance": "ESTIMATED", "capacity_method": "contributing_area_m2 x (50.0mm/hr, MCGM post-BRIMSTOWAD-1993 design intensity, runoff coeff 1.0) — see mcgm_swd_official_statistics.json. Real pipe diameters/invert levels are unavailable for this area."}}, {"type": "Feature", "geometry": {"type": "Point", "coordinates": [72.89733087248322, 19.096302013422818]}, "properties": {"node_id": 90, "elevation_m": 22.76, "elevation_provenance": "DERIVED", "in_degree": 2, "out_degree": 1, "is_headwater": false, "is_sink": false, "role": "junction", "capacity_m3s": 0.7625, "capacity_provenance": "ESTIMATED", "capacity_method": "contributing_area_m2 x (50.0mm/hr, MCGM post-BRIMSTOWAD-1993 design intensity, runoff coeff 1.0) — see mcgm_swd_official_statistics.json. Real pipe diameters/invert levels are unavailable for this area."}}, {"type": "Feature", "geometry": {"type": "Point", "coordinates": [72.901022147651, 19.096637583892615]}, "properties": {"node_id": 91, "elevation_m": 37.1, "elevation_provenance": "DERIVED", "in_degree": 0, "out_degree": 1, "is_headwater": true, "is_sink": false, "role": "headwater inlet", "capacity_m3s": 0.1625, "capacity_provenance": "ESTIMATED", "capacity_method": "contributing_area_m2 x (50.0mm/hr, MCGM post-BRIMSTOWAD-1993 design intensity, runoff coeff 1.0) — see mcgm_swd_official_statistics.json. Real pipe diameters/invert levels are unavailable for this area."}}, {"type": "Feature", "geometry": {"type": "Point", "coordinates": [72.9013577181208, 19.096302013422818]}, "properties": {"node_id": 92, "elevation_m": 33.48, "elevation_provenance": "DERIVED", "in_degree": 1, "out_degree": 1, "is_headwater": false, "is_sink": false, "role": "junction", "capacity_m3s": 0.2375, "capacity_provenance": "ESTIMATED", "capacity_method": "contributing_area_m2 x (50.0mm/hr, MCGM post-BRIMSTOWAD-1993 design intensity, runoff coeff 1.0) — see mcgm_swd_official_statistics.json. Real pipe diameters/invert levels are unavailable for this area."}}, {"type": "Feature", "geometry": {"type": "Point", "coordinates": [72.9023644295302, 19.096302013422818]}, "properties": {"node_id": 93, "elevation_m": 33.31, "elevation_provenance": "DERIVED", "in_degree": 1, "out_degree": 1, "is_headwater": false, "is_sink": false, "role": "junction", "capacity_m3s": 1.1125, "capacity_provenance": "ESTIMATED", "capacity_method": "contributing_area_m2 x (50.0mm/hr, MCGM post-BRIMSTOWAD-1993 design intensity, runoff coeff 1.0) — see mcgm_swd_official_statistics.json. Real pipe diameters/invert levels are unavailable for this area."}}, {"type": "Feature", "geometry": {"type": "Point", "coordinates": [72.88894161073826, 19.096302013422818]}, "properties": {"node_id": 94, "elevation_m": 19.15, "elevation_provenance": "DERIVED", "in_degree": 1, "out_degree": 1, "is_headwater": false, "is_sink": false, "role": "junction", "capacity_m3s": 0.1375, "capacity_provenance": "ESTIMATED", "capacity_method": "contributing_area_m2 x (50.0mm/hr, MCGM post-BRIMSTOWAD-1993 design intensity, runoff coeff 1.0) — see mcgm_swd_official_statistics.json. Real pipe diameters/invert levels are unavailable for this area."}}, {"type": "Feature", "geometry": {"type": "Point", "coordinates": [72.89397516778523, 19.096302013422818]}, "properties": {"node_id": 95, "elevation_m": 20.25, "elevation_provenance": "DERIVED", "in_degree": 1, "out_degree": 1, "is_headwater": false, "is_sink": false, "role": "junction", "capacity_m3s": 0.625, "capacity_provenance": "ESTIMATED", "capacity_method": "contributing_area_m2 x (50.0mm/hr, MCGM post-BRIMSTOWAD-1993 design intensity, runoff coeff 1.0) — see mcgm_swd_official_statistics.json. Real pipe diameters/invert levels are unavailable for this area."}}, {"type": "Feature", "geometry": {"type": "Point", "coordinates": [72.89397516778523, 19.096637583892615]}, "properties": {"node_id": 96, "elevation_m": 19.49, "elevation_provenance": "DERIVED", "in_degree": 1, "out_degree": 0, "is_headwater": false, "is_sink": true, "role": "sink / potential surcharge & ponding point", "capacity_m3s": 0.625, "capacity_provenance": "ESTIMATED", "capacity_method": "contributing_area_m2 x (50.0mm/hr, MCGM post-BRIMSTOWAD-1993 design intensity, runoff coeff 1.0) — see mcgm_swd_official_statistics.json. Real pipe diameters/invert levels are unavailable for this area."}}, {"type": "Feature", "geometry": {"type": "Point", "coordinates": [72.89699530201342, 19.09596644295302]}, "properties": {"node_id": 97, "elevation_m": 22.74, "elevation_provenance": "DERIVED", "in_degree": 1, "out_degree": 1, "is_headwater": false, "is_sink": false, "role": "junction", "capacity_m3s": 0.8875, "capacity_provenance": "ESTIMATED", "capacity_method": "contributing_area_m2 x (50.0mm/hr, MCGM post-BRIMSTOWAD-1993 design intensity, runoff coeff 1.0) — see mcgm_swd_official_statistics.json. Real pipe diameters/invert levels are unavailable for this area."}}, {"type": "Feature", "geometry": {"type": "Point", "coordinates": [72.89766644295301, 19.096302013422818]}, "properties": {"node_id": 98, "elevation_m": 23.16, "elevation_provenance": "DERIVED", "in_degree": 1, "out_degree": 1, "is_headwater": false, "is_sink": false, "role": "junction", "capacity_m3s": 0.2125, "capacity_provenance": "ESTIMATED", "capacity_method": "contributing_area_m2 x (50.0mm/hr, MCGM post-BRIMSTOWAD-1993 design intensity, runoff coeff 1.0) — see mcgm_swd_official_statistics.json. Real pipe diameters/invert levels are unavailable for this area."}}, {"type": "Feature", "geometry": {"type": "Point", "coordinates": [72.89800201342281, 19.096302013422818]}, "properties": {"node_id": 99, "elevation_m": 25.65, "elevation_provenance": "DERIVED", "in_degree": 1, "out_degree": 1, "is_headwater": false, "is_sink": false, "role": "junction", "capacity_m3s": 0.1875, "capacity_provenance": "ESTIMATED", "capacity_method": "contributing_area_m2 x (50.0mm/hr, MCGM post-BRIMSTOWAD-1993 design intensity, runoff coeff 1.0) — see mcgm_swd_official_statistics.json. Real pipe diameters/invert levels are unavailable for this area."}}, {"type": "Feature", "geometry": {"type": "Point", "coordinates": [72.9016932885906, 19.09596644295302]}, "properties": {"node_id": 100, "elevation_m": 32.73, "elevation_provenance": "DERIVED", "in_degree": 1, "out_degree": 1, "is_headwater": false, "is_sink": false, "role": "junction", "capacity_m3s": 0.3, "capacity_provenance": "ESTIMATED", "capacity_method": "contributing_area_m2 x (50.0mm/hr, MCGM post-BRIMSTOWAD-1993 design intensity, runoff coeff 1.0) — see mcgm_swd_official_statistics.json. Real pipe diameters/invert levels are unavailable for this area."}}, {"type": "Feature", "geometry": {"type": "Point", "coordinates": [72.9023644295302, 19.09596644295302]}, "properties": {"node_id": 101, "elevation_m": 32.01, "elevation_provenance": "DERIVED", "in_degree": 1, "out_degree": 1, "is_headwater": false, "is_sink": false, "role": "junction", "capacity_m3s": 1.125, "capacity_provenance": "ESTIMATED", "capacity_method": "contributing_area_m2 x (50.0mm/hr, MCGM post-BRIMSTOWAD-1993 design intensity, runoff coeff 1.0) — see mcgm_swd_official_statistics.json. Real pipe diameters/invert levels are unavailable for this area."}}, {"type": "Feature", "geometry": {"type": "Point", "coordinates": [72.88457919463087, 19.09596644295302]}, "properties": {"node_id": 102, "elevation_m": 7.51, "elevation_provenance": "DERIVED", "in_degree": 0, "out_degree": 1, "is_headwater": true, "is_sink": false, "role": "headwater inlet", "capacity_m3s": 0.1375, "capacity_provenance": "ESTIMATED", "capacity_method": "contributing_area_m2 x (50.0mm/hr, MCGM post-BRIMSTOWAD-1993 design intensity, runoff coeff 1.0) — see mcgm_swd_official_statistics.json. Real pipe diameters/invert levels are unavailable for this area."}}, {"type": "Feature", "geometry": {"type": "Point", "coordinates": [72.88424362416107, 19.09596644295302]}, "properties": {"node_id": 103, "elevation_m": 7.5, "elevation_provenance": "DERIVED", "in_degree": 1, "out_degree": 0, "is_headwater": false, "is_sink": true, "role": "sink / potential surcharge & ponding point", "capacity_m3s": 0.1375, "capacity_provenance": "ESTIMATED", "capacity_method": "contributing_area_m2 x (50.0mm/hr, MCGM post-BRIMSTOWAD-1993 design intensity, runoff coeff 1.0) — see mcgm_swd_official_statistics.json. Real pipe diameters/invert levels are unavailable for this area."}}, {"type": "Feature", "geometry": {"type": "Point", "coordinates": [72.88927718120804, 19.09596644295302]}, "properties": {"node_id": 104, "elevation_m": 20.06, "elevation_provenance": "DERIVED", "in_degree": 0, "out_degree": 1, "is_headwater": true, "is_sink": false, "role": "headwater inlet", "capacity_m3s": 0.125, "capacity_provenance": "ESTIMATED", "capacity_method": "contributing_area_m2 x (50.0mm/hr, MCGM post-BRIMSTOWAD-1993 design intensity, runoff coeff 1.0) — see mcgm_swd_official_statistics.json. Real pipe diameters/invert levels are unavailable for this area."}}, {"type": "Feature", "geometry": {"type": "Point", "coordinates": [72.89363959731543, 19.09596644295302]}, "properties": {"node_id": 105, "elevation_m": 20.46, "elevation_provenance": "DERIVED", "in_degree": 2, "out_degree": 1, "is_headwater": false, "is_sink": false, "role": "junction", "capacity_m3s": 0.55, "capacity_provenance": "ESTIMATED", "capacity_method": "contributing_area_m2 x (50.0mm/hr, MCGM post-BRIMSTOWAD-1993 design intensity, runoff coeff 1.0) — see mcgm_swd_official_statistics.json. Real pipe diameters/invert levels are unavailable for this area."}}, {"type": "Feature", "geometry": {"type": "Point", "coordinates": [72.89665973154362, 19.09596644295302]}, "properties": {"node_id": 106, "elevation_m": 22.68, "elevation_provenance": "DERIVED", "in_degree": 1, "out_degree": 1, "is_headwater": false, "is_sink": false, "role": "junction", "capacity_m3s": 0.9, "capacity_provenance": "ESTIMATED", "capacity_method": "contributing_area_m2 x (50.0mm/hr, MCGM post-BRIMSTOWAD-1993 design intensity, runoff coeff 1.0) — see mcgm_swd_official_statistics.json. Real pipe diameters/invert levels are unavailable for this area."}}, {"type": "Feature", "geometry": {"type": "Point", "coordinates": [72.89632416107382, 19.09563087248322]}, "properties": {"node_id": 107, "elevation_m": 21.66, "elevation_provenance": "DERIVED", "in_degree": 2, "out_degree": 1, "is_headwater": false, "is_sink": false, "role": "junction", "capacity_m3s": 1.325, "capacity_provenance": "ESTIMATED", "capacity_method": "contributing_area_m2 x (50.0mm/hr, MCGM post-BRIMSTOWAD-1993 design intensity, runoff coeff 1.0) — see mcgm_swd_official_statistics.json. Real pipe diameters/invert levels are unavailable for this area."}}, {"type": "Feature", "geometry": {"type": "Point", "coordinates": [72.89833758389261, 19.09596644295302]}, "properties": {"node_id": 108, "elevation_m": 25.91, "elevation_provenance": "DERIVED", "in_degree": 0, "out_degree": 1, "is_headwater": true, "is_sink": false, "role": "headwater inlet", "capacity_m3s": 0.175, "capacity_provenance": "ESTIMATED", "capacity_method": "contributing_area_m2 x (50.0mm/hr, MCGM post-BRIMSTOWAD-1993 design intensity, runoff coeff 1.0) — see mcgm_swd_official_statistics.json. Real pipe diameters/invert levels are unavailable for this area."}}, {"type": "Feature", "geometry": {"type": "Point", "coordinates": [72.9016932885906, 19.09563087248322]}, "properties": {"node_id": 109, "elevation_m": 32.14, "elevation_provenance": "DERIVED", "in_degree": 1, "out_degree": 1, "is_headwater": false, "is_sink": false, "role": "junction", "capacity_m3s": 0.3125, "capacity_provenance": "ESTIMATED", "capacity_method": "contributing_area_m2 x (50.0mm/hr, MCGM post-BRIMSTOWAD-1993 design intensity, runoff coeff 1.0) — see mcgm_swd_official_statistics.json. Real pipe diameters/invert levels are unavailable for this area."}}, {"type": "Feature", "geometry": {"type": "Point", "coordinates": [72.9027, 19.09563087248322]}, "properties": {"node_id": 110, "elevation_m": 31.25, "elevation_provenance": "DERIVED", "in_degree": 1, "out_degree": 1, "is_headwater": false, "is_sink": false, "role": "junction", "capacity_m3s": 1.1625, "capacity_provenance": "ESTIMATED", "capacity_method": "contributing_area_m2 x (50.0mm/hr, MCGM post-BRIMSTOWAD-1993 design intensity, runoff coeff 1.0) — see mcgm_swd_official_statistics.json. Real pipe diameters/invert levels are unavailable for this area."}}, {"type": "Feature", "geometry": {"type": "Point", "coordinates": [72.89330402684564, 19.09563087248322]}, "properties": {"node_id": 111, "elevation_m": 21.63, "elevation_provenance": "DERIVED", "in_degree": 0, "out_degree": 1, "is_headwater": true, "is_sink": false, "role": "headwater inlet", "capacity_m3s": 0.1375, "capacity_provenance": "ESTIMATED", "capacity_method": "contributing_area_m2 x (50.0mm/hr, MCGM post-BRIMSTOWAD-1993 design intensity, runoff coeff 1.0) — see mcgm_swd_official_statistics.json. Real pipe diameters/invert levels are unavailable for this area."}}, {"type": "Feature", "geometry": {"type": "Point", "coordinates": [72.89397516778523, 19.09563087248322]}, "properties": {"node_id": 112, "elevation_m": 21.37, "elevation_provenance": "DERIVED", "in_degree": 1, "out_degree": 1, "is_headwater": false, "is_sink": false, "role": "junction", "capacity_m3s": 0.375, "capacity_provenance": "ESTIMATED", "capacity_method": "contributing_area_m2 x (50.0mm/hr, MCGM post-BRIMSTOWAD-1993 design intensity, runoff coeff 1.0) — see mcgm_swd_official_statistics.json. Real pipe diameters/invert levels are unavailable for this area."}}, {"type": "Feature", "geometry": {"type": "Point", "coordinates": [72.89598859060402, 19.09563087248322]}, "properties": {"node_id": 113, "elevation_m": 20.89, "elevation_provenance": "DERIVED", "in_degree": 1, "out_degree": 0, "is_headwater": false, "is_sink": true, "role": "sink / potential surcharge & ponding point", "capacity_m3s": 1.325, "capacity_provenance": "ESTIMATED", "capacity_method": "contributing_area_m2 x (50.0mm/hr, MCGM post-BRIMSTOWAD-1993 design intensity, runoff coeff 1.0) — see mcgm_swd_official_statistics.json. Real pipe diameters/invert levels are unavailable for this area."}}, {"type": "Feature", "geometry": {"type": "Point", "coordinates": [72.9016932885906, 19.095295302013422]}, "properties": {"node_id": 114, "elevation_m": 30.69, "elevation_provenance": "DERIVED", "in_degree": 1, "out_degree": 1, "is_headwater": false, "is_sink": false, "role": "junction", "capacity_m3s": 0.425, "capacity_provenance": "ESTIMATED", "capacity_method": "contributing_area_m2 x (50.0mm/hr, MCGM post-BRIMSTOWAD-1993 design intensity, runoff coeff 1.0) — see mcgm_swd_official_statistics.json. Real pipe diameters/invert levels are unavailable for this area."}}, {"type": "Feature", "geometry": {"type": "Point", "coordinates": [72.9027, 19.095295302013422]}, "properties": {"node_id": 115, "elevation_m": 30.07, "elevation_provenance": "DERIVED", "in_degree": 1, "out_degree": 1, "is_headwater": false, "is_sink": false, "role": "junction", "capacity_m3s": 1.175, "capacity_provenance": "ESTIMATED", "capacity_method": "contributing_area_m2 x (50.0mm/hr, MCGM post-BRIMSTOWAD-1993 design intensity, runoff coeff 1.0) — see mcgm_swd_official_statistics.json. Real pipe diameters/invert levels are unavailable for this area."}}, {"type": "Feature", "geometry": {"type": "Point", "coordinates": [72.89397516778523, 19.095295302013422]}, "properties": {"node_id": 116, "elevation_m": 21.94, "elevation_provenance": "DERIVED", "in_degree": 2, "out_degree": 1, "is_headwater": false, "is_sink": false, "role": "junction", "capacity_m3s": 0.325, "capacity_provenance": "ESTIMATED", "capacity_method": "contributing_area_m2 x (50.0mm/hr, MCGM post-BRIMSTOWAD-1993 design intensity, runoff coeff 1.0) — see mcgm_swd_official_statistics.json. Real pipe diameters/invert levels are unavailable for this area."}}, {"type": "Feature", "geometry": {"type": "Point", "coordinates": [72.89565302013422, 19.095295302013422]}, "properties": {"node_id": 117, "elevation_m": 23.5, "elevation_provenance": "DERIVED", "in_degree": 1, "out_degree": 1, "is_headwater": false, "is_sink": false, "role": "junction", "capacity_m3s": 0.1375, "capacity_provenance": "ESTIMATED", "capacity_method": "contributing_area_m2 x (50.0mm/hr, MCGM post-BRIMSTOWAD-1993 design intensity, runoff coeff 1.0) — see mcgm_swd_official_statistics.json. Real pipe diameters/invert levels are unavailable for this area."}}, {"type": "Feature", "geometry": {"type": "Point", "coordinates": [72.89565302013422, 19.09563087248322]}, "properties": {"node_id": 118, "elevation_m": 21.14, "elevation_provenance": "DERIVED", "in_degree": 1, "out_degree": 0, "is_headwater": false, "is_sink": true, "role": "sink / potential surcharge & ponding point", "capacity_m3s": 0.1375, "capacity_provenance": "ESTIMATED", "capacity_method": "contributing_area_m2 x (50.0mm/hr, MCGM post-BRIMSTOWAD-1993 design intensity, runoff coeff 1.0) — see mcgm_swd_official_statistics.json. Real pipe diameters/invert levels are unavailable for this area."}}, {"type": "Feature", "geometry": {"type": "Point", "coordinates": [72.89665973154362, 19.095295302013422]}, "properties": {"node_id": 119, "elevation_m": 22.9, "elevation_provenance": "DERIVED", "in_degree": 1, "out_degree": 1, "is_headwater": false, "is_sink": false, "role": "junction", "capacity_m3s": 0.4, "capacity_provenance": "ESTIMATED", "capacity_method": "contributing_area_m2 x (50.0mm/hr, MCGM post-BRIMSTOWAD-1993 design intensity, runoff coeff 1.0) — see mcgm_swd_official_statistics.json. Real pipe diameters/invert levels are unavailable for this area."}}, {"type": "Feature", "geometry": {"type": "Point", "coordinates": [72.9020288590604, 19.09495973154362]}, "properties": {"node_id": 120, "elevation_m": 29.39, "elevation_provenance": "DERIVED", "in_degree": 1, "out_degree": 1, "is_headwater": false, "is_sink": false, "role": "junction", "capacity_m3s": 0.4625, "capacity_provenance": "ESTIMATED", "capacity_method": "contributing_area_m2 x (50.0mm/hr, MCGM post-BRIMSTOWAD-1993 design intensity, runoff coeff 1.0) — see mcgm_swd_official_statistics.json. Real pipe diameters/invert levels are unavailable for this area."}}, {"type": "Feature", "geometry": {"type": "Point", "coordinates": [72.9027, 19.09495973154362]}, "properties": {"node_id": 121, "elevation_m": 29.15, "elevation_provenance": "DERIVED", "in_degree": 1, "out_degree": 1, "is_headwater": false, "is_sink": false, "role": "junction", "capacity_m3s": 1.25, "capacity_provenance": "ESTIMATED", "capacity_method": "contributing_area_m2 x (50.0mm/hr, MCGM post-BRIMSTOWAD-1993 design intensity, runoff coeff 1.0) — see mcgm_swd_official_statistics.json. Real pipe diameters/invert levels are unavailable for this area."}}, {"type": "Feature", "geometry": {"type": "Point", "coordinates": [72.88759932885905, 19.09495973154362]}, "properties": {"node_id": 122, "elevation_m": 15.7, "elevation_provenance": "DERIVED", "in_degree": 0, "out_degree": 1, "is_headwater": true, "is_sink": false, "role": "headwater inlet", "capacity_m3s": 0.1375, "capacity_provenance": "ESTIMATED", "capacity_method": "contributing_area_m2 x (50.0mm/hr, MCGM post-BRIMSTOWAD-1993 design intensity, runoff coeff 1.0) — see mcgm_swd_official_statistics.json. Real pipe diameters/invert levels are unavailable for this area."}}, {"type": "Feature", "geometry": {"type": "Point", "coordinates": [72.88759932885905, 19.095295302013422]}, "properties": {"node_id": 123, "elevation_m": 15.1, "elevation_provenance": "DERIVED", "in_degree": 1, "out_degree": 0, "is_headwater": false, "is_sink": true, "role": "sink / potential surcharge & ponding point", "capacity_m3s": 0.1375, "capacity_provenance": "ESTIMATED", "capacity_method": "contributing_area_m2 x (50.0mm/hr, MCGM post-BRIMSTOWAD-1993 design intensity, runoff coeff 1.0) — see mcgm_swd_official_statistics.json. Real pipe diameters/invert levels are unavailable for this area."}}, {"type": "Feature", "geometry": {"type": "Point", "coordinates": [72.88894161073826, 19.09495973154362]}, "properties": {"node_id": 124, "elevation_m": 19.76, "elevation_provenance": "DERIVED", "in_degree": 2, "out_degree": 1, "is_headwater": false, "is_sink": false, "role": "junction", "capacity_m3s": 0.6375, "capacity_provenance": "ESTIMATED", "capacity_method": "contributing_area_m2 x (50.0mm/hr, MCGM post-BRIMSTOWAD-1993 design intensity, runoff coeff 1.0) — see mcgm_swd_official_statistics.json. Real pipe diameters/invert levels are unavailable for this area."}}, {"type": "Feature", "geometry": {"type": "Point", "coordinates": [72.88860604026846, 19.095295302013422]}, "properties": {"node_id": 125, "elevation_m": 18.4, "elevation_provenance": "DERIVED", "in_degree": 1, "out_degree": 0, "is_headwater": false, "is_sink": true, "role": "sink / potential surcharge & ponding point", "capacity_m3s": 0.6375, "capacity_provenance": "ESTIMATED", "capacity_method": "contributing_area_m2 x (50.0mm/hr, MCGM post-BRIMSTOWAD-1993 design intensity, runoff coeff 1.0) — see mcgm_swd_official_statistics.json. Real pipe diameters/invert levels are unavailable for this area."}}, {"type": "Feature", "geometry": {"type": "Point", "coordinates": [72.88927718120804, 19.09495973154362]}, "properties": {"node_id": 126, "elevation_m": 20.71, "elevation_provenance": "DERIVED", "in_degree": 2, "out_degree": 1, "is_headwater": false, "is_sink": false, "role": "junction", "capacity_m3s": 0.3, "capacity_provenance": "ESTIMATED", "capacity_method": "contributing_area_m2 x (50.0mm/hr, MCGM post-BRIMSTOWAD-1993 design intensity, runoff coeff 1.0) — see mcgm_swd_official_statistics.json. Real pipe diameters/invert levels are unavailable for this area."}}, {"type": "Feature", "geometry": {"type": "Point", "coordinates": [72.88961275167784, 19.09495973154362]}, "properties": {"node_id": 127, "elevation_m": 21.64, "elevation_provenance": "DERIVED", "in_degree": 0, "out_degree": 1, "is_headwater": true, "is_sink": false, "role": "headwater inlet", "capacity_m3s": 0.125, "capacity_provenance": "ESTIMATED", "capacity_method": "contributing_area_m2 x (50.0mm/hr, MCGM post-BRIMSTOWAD-1993 design intensity, runoff coeff 1.0) — see mcgm_swd_official_statistics.json. Real pipe diameters/invert levels are unavailable for this area."}}, {"type": "Feature", "geometry": {"type": "Point", "coordinates": [72.89397516778523, 19.09495973154362]}, "properties": {"node_id": 128, "elevation_m": 21.98, "elevation_provenance": "DERIVED", "in_degree": 1, "out_degree": 1, "is_headwater": false, "is_sink": false, "role": "junction", "capacity_m3s": 0.1875, "capacity_provenance": "ESTIMATED", "capacity_method": "contributing_area_m2 x (50.0mm/hr, MCGM post-BRIMSTOWAD-1993 design intensity, runoff coeff 1.0) — see mcgm_swd_official_statistics.json. Real pipe diameters/invert levels are unavailable for this area."}}, {"type": "Feature", "geometry": {"type": "Point", "coordinates": [72.89431073825503, 19.09495973154362]}, "properties": {"node_id": 129, "elevation_m": 21.99, "elevation_provenance": "DERIVED", "in_degree": 0, "out_degree": 1, "is_headwater": true, "is_sink": false, "role": "headwater inlet", "capacity_m3s": 0.125, "capacity_provenance": "ESTIMATED", "capacity_method": "contributing_area_m2 x (50.0mm/hr, MCGM post-BRIMSTOWAD-1993 design intensity, runoff coeff 1.0) — see mcgm_swd_official_statistics.json. Real pipe diameters/invert levels are unavailable for this area."}}, {"type": "Feature", "geometry": {"type": "Point", "coordinates": [72.89565302013422, 19.09495973154362]}, "properties": {"node_id": 130, "elevation_m": 25.86, "elevation_provenance": "DERIVED", "in_degree": 0, "out_degree": 1, "is_headwater": true, "is_sink": false, "role": "headwater inlet", "capacity_m3s": 0.125, "capacity_provenance": "ESTIMATED", "capacity_method": "contributing_area_m2 x (50.0mm/hr, MCGM post-BRIMSTOWAD-1993 design intensity, runoff coeff 1.0) — see mcgm_swd_official_statistics.json. Real pipe diameters/invert levels are unavailable for this area."}}, {"type": "Feature", "geometry": {"type": "Point", "coordinates": [72.89699530201342, 19.09495973154362]}, "properties": {"node_id": 131, "elevation_m": 23.91, "elevation_provenance": "DERIVED", "in_degree": 1, "out_degree": 1, "is_headwater": false, "is_sink": false, "role": "junction", "capacity_m3s": 0.3, "capacity_provenance": "ESTIMATED", "capacity_method": "contributing_area_m2 x (50.0mm/hr, MCGM post-BRIMSTOWAD-1993 design intensity, runoff coeff 1.0) — see mcgm_swd_official_statistics.json. Real pipe diameters/invert levels are unavailable for this area."}}, {"type": "Feature", "geometry": {"type": "Point", "coordinates": [72.9020288590604, 19.094624161073824]}, "properties": {"node_id": 132, "elevation_m": 28.83, "elevation_provenance": "DERIVED", "in_degree": 1, "out_degree": 1, "is_headwater": false, "is_sink": false, "role": "junction", "capacity_m3s": 0.475, "capacity_provenance": "ESTIMATED", "capacity_method": "contributing_area_m2 x (50.0mm/hr, MCGM post-BRIMSTOWAD-1993 design intensity, runoff coeff 1.0) — see mcgm_swd_official_statistics.json. Real pipe diameters/invert levels are unavailable for this area."}}, {"type": "Feature", "geometry": {"type": "Point", "coordinates": [72.9027, 19.094624161073824]}, "properties": {"node_id": 133, "elevation_m": 28.53, "elevation_provenance": "DERIVED", "in_degree": 1, "out_degree": 0, "is_headwater": false, "is_sink": true, "role": "sink / potential surcharge & ponding point", "capacity_m3s": 1.25, "capacity_provenance": "ESTIMATED", "capacity_method": "contributing_area_m2 x (50.0mm/hr, MCGM post-BRIMSTOWAD-1993 design intensity, runoff coeff 1.0) — see mcgm_swd_official_statistics.json. Real pipe diameters/invert levels are unavailable for this area."}}, {"type": "Feature", "geometry": {"type": "Point", "coordinates": [72.88927718120804, 19.094624161073824]}, "properties": {"node_id": 134, "elevation_m": 21.29, "elevation_provenance": "DERIVED", "in_degree": 1, "out_degree": 1, "is_headwater": false, "is_sink": false, "role": "junction", "capacity_m3s": 0.2875, "capacity_provenance": "ESTIMATED", "capacity_method": "contributing_area_m2 x (50.0mm/hr, MCGM post-BRIMSTOWAD-1993 design intensity, runoff coeff 1.0) — see mcgm_swd_official_statistics.json. Real pipe diameters/invert levels are unavailable for this area."}}, {"type": "Feature", "geometry": {"type": "Point", "coordinates": [72.88961275167784, 19.094624161073824]}, "properties": {"node_id": 135, "elevation_m": 21.59, "elevation_provenance": "DERIVED", "in_degree": 1, "out_degree": 1, "is_headwater": false, "is_sink": false, "role": "junction", "capacity_m3s": 0.1625, "capacity_provenance": "ESTIMATED", "capacity_method": "contributing_area_m2 x (50.0mm/hr, MCGM post-BRIMSTOWAD-1993 design intensity, runoff coeff 1.0) — see mcgm_swd_official_statistics.json. Real pipe diameters/invert levels are unavailable for this area."}}, {"type": "Feature", "geometry": {"type": "Point", "coordinates": [72.88994832214765, 19.094624161073824]}, "properties": {"node_id": 136, "elevation_m": 21.77, "elevation_provenance": "DERIVED", "in_degree": 0, "out_degree": 1, "is_headwater": true, "is_sink": false, "role": "headwater inlet", "capacity_m3s": 0.15, "capacity_provenance": "ESTIMATED", "capacity_method": "contributing_area_m2 x (50.0mm/hr, MCGM post-BRIMSTOWAD-1993 design intensity, runoff coeff 1.0) — see mcgm_swd_official_statistics.json. Real pipe diameters/invert levels are unavailable for this area."}}, {"type": "Feature", "geometry": {"type": "Point", "coordinates": [72.89397516778523, 19.094624161073824]}, "properties": {"node_id": 137, "elevation_m": 23.86, "elevation_provenance": "DERIVED", "in_degree": 0, "out_degree": 1, "is_headwater": true, "is_sink": false, "role": "headwater inlet", "capacity_m3s": 0.1375, "capacity_provenance": "ESTIMATED", "capacity_method": "contributing_area_m2 x (50.0mm/hr, MCGM post-BRIMSTOWAD-1993 design intensity, runoff coeff 1.0) — see mcgm_swd_official_statistics.json. Real pipe diameters/invert levels are unavailable for this area."}}, {"type": "Feature", "geometry": {"type": "Point", "coordinates": [72.89699530201342, 19.094624161073824]}, "properties": {"node_id": 138, "elevation_m": 26.01, "elevation_provenance": "DERIVED", "in_degree": 1, "out_degree": 1, "is_headwater": false, "is_sink": false, "role": "junction", "capacity_m3s": 0.2375, "capacity_provenance": "ESTIMATED", "capacity_method": "contributing_area_m2 x (50.0mm/hr, MCGM post-BRIMSTOWAD-1993 design intensity, runoff coeff 1.0) — see mcgm_swd_official_statistics.json. Real pipe diameters/invert levels are unavailable for this area."}}, {"type": "Feature", "geometry": {"type": "Point", "coordinates": [72.89800201342281, 19.094624161073824]}, "properties": {"node_id": 139, "elevation_m": 26.71, "elevation_provenance": "DERIVED", "in_degree": 1, "out_degree": 1, "is_headwater": false, "is_sink": false, "role": "junction", "capacity_m3s": 0.5625, "capacity_provenance": "ESTIMATED", "capacity_method": "contributing_area_m2 x (50.0mm/hr, MCGM post-BRIMSTOWAD-1993 design intensity, runoff coeff 1.0) — see mcgm_swd_official_statistics.json. Real pipe diameters/invert levels are unavailable for this area."}}, {"type": "Feature", "geometry": {"type": "Point", "coordinates": [72.89766644295301, 19.094624161073824]}, "properties": {"node_id": 140, "elevation_m": 25.13, "elevation_provenance": "DERIVED", "in_degree": 1, "out_degree": 0, "is_headwater": false, "is_sink": true, "role": "sink / potential surcharge & ponding point", "capacity_m3s": 0.5625, "capacity_provenance": "ESTIMATED", "capacity_method": "contributing_area_m2 x (50.0mm/hr, MCGM post-BRIMSTOWAD-1993 design intensity, runoff coeff 1.0) — see mcgm_swd_official_statistics.json. Real pipe diameters/invert levels are unavailable for this area."}}, {"type": "Feature", "geometry": {"type": "Point", "coordinates": [72.9023644295302, 19.094288590604027]}, "properties": {"node_id": 141, "elevation_m": 28.47, "elevation_provenance": "DERIVED", "in_degree": 1, "out_degree": 0, "is_headwater": false, "is_sink": true, "role": "sink / potential surcharge & ponding point", "capacity_m3s": 0.475, "capacity_provenance": "ESTIMATED", "capacity_method": "contributing_area_m2 x (50.0mm/hr, MCGM post-BRIMSTOWAD-1993 design intensity, runoff coeff 1.0) — see mcgm_swd_official_statistics.json. Real pipe diameters/invert levels are unavailable for this area."}}, {"type": "Feature", "geometry": {"type": "Point", "coordinates": [72.88961275167784, 19.094288590604027]}, "properties": {"node_id": 142, "elevation_m": 22.27, "elevation_provenance": "DERIVED", "in_degree": 1, "out_degree": 1, "is_headwater": false, "is_sink": false, "role": "junction", "capacity_m3s": 0.2625, "capacity_provenance": "ESTIMATED", "capacity_method": "contributing_area_m2 x (50.0mm/hr, MCGM post-BRIMSTOWAD-1993 design intensity, runoff coeff 1.0) — see mcgm_swd_official_statistics.json. Real pipe diameters/invert levels are unavailable for this area."}}, {"type": "Feature", "geometry": {"type": "Point", "coordinates": [72.89665973154362, 19.094288590604027]}, "properties": {"node_id": 143, "elevation_m": 27.79, "elevation_provenance": "DERIVED", "in_degree": 1, "out_degree": 1, "is_headwater": false, "is_sink": false, "role": "junction", "capacity_m3s": 0.2125, "capacity_provenance": "ESTIMATED", "capacity_method": "contributing_area_m2 x (50.0mm/hr, MCGM post-BRIMSTOWAD-1993 design intensity, runoff coeff 1.0) — see mcgm_swd_official_statistics.json. Real pipe diameters/invert levels are unavailable for this area."}}, {"type": "Feature", "geometry": {"type": "Point", "coordinates": [72.89833758389261, 19.094288590604027]}, "properties": {"node_id": 144, "elevation_m": 27.3, "elevation_provenance": "DERIVED", "in_degree": 1, "out_degree": 1, "is_headwater": false, "is_sink": false, "role": "junction", "capacity_m3s": 0.4875, "capacity_provenance": "ESTIMATED", "capacity_method": "contributing_area_m2 x (50.0mm/hr, MCGM post-BRIMSTOWAD-1993 design intensity, runoff coeff 1.0) — see mcgm_swd_official_statistics.json. Real pipe diameters/invert levels are unavailable for this area."}}, {"type": "Feature", "geometry": {"type": "Point", "coordinates": [72.89934429530201, 19.094288590604027]}, "properties": {"node_id": 145, "elevation_m": 31.87, "elevation_provenance": "DERIVED", "in_degree": 0, "out_degree": 1, "is_headwater": true, "is_sink": false, "role": "headwater inlet", "capacity_m3s": 0.175, "capacity_provenance": "ESTIMATED", "capacity_method": "contributing_area_m2 x (50.0mm/hr, MCGM post-BRIMSTOWAD-1993 design intensity, runoff coeff 1.0) — see mcgm_swd_official_statistics.json. Real pipe diameters/invert levels are unavailable for this area."}}, {"type": "Feature", "geometry": {"type": "Point", "coordinates": [72.89900872483221, 19.093953020134226]}, "properties": {"node_id": 146, "elevation_m": 30.51, "elevation_provenance": "DERIVED", "in_degree": 1, "out_degree": 1, "is_headwater": false, "is_sink": false, "role": "junction", "capacity_m3s": 0.275, "capacity_provenance": "ESTIMATED", "capacity_method": "contributing_area_m2 x (50.0mm/hr, MCGM post-BRIMSTOWAD-1993 design intensity, runoff coeff 1.0) — see mcgm_swd_official_statistics.json. Real pipe diameters/invert levels are unavailable for this area."}}, {"type": "Feature", "geometry": {"type": "Point", "coordinates": [72.8755187919463, 19.093953020134226]}, "properties": {"node_id": 147, "elevation_m": 0.14, "elevation_provenance": "DERIVED", "in_degree": 0, "out_degree": 1, "is_headwater": true, "is_sink": false, "role": "headwater inlet", "capacity_m3s": 0.125, "capacity_provenance": "ESTIMATED", "capacity_method": "contributing_area_m2 x (50.0mm/hr, MCGM post-BRIMSTOWAD-1993 design intensity, runoff coeff 1.0) — see mcgm_swd_official_statistics.json. Real pipe diameters/invert levels are unavailable for this area."}}, {"type": "Feature", "geometry": {"type": "Point", "coordinates": [72.8758543624161, 19.093953020134226]}, "properties": {"node_id": 148, "elevation_m": 0.0, "elevation_provenance": "DERIVED", "in_degree": 1, "out_degree": 0, "is_headwater": false, "is_sink": true, "role": "sink / potential surcharge & ponding point", "capacity_m3s": 0.125, "capacity_provenance": "ESTIMATED", "capacity_method": "contributing_area_m2 x (50.0mm/hr, MCGM post-BRIMSTOWAD-1993 design intensity, runoff coeff 1.0) — see mcgm_swd_official_statistics.json. Real pipe diameters/invert levels are unavailable for this area."}}, {"type": "Feature", "geometry": {"type": "Point", "coordinates": [72.88726375838925, 19.093953020134226]}, "properties": {"node_id": 149, "elevation_m": 11.08, "elevation_provenance": "DERIVED", "in_degree": 1, "out_degree": 1, "is_headwater": false, "is_sink": false, "role": "junction", "capacity_m3s": 0.55, "capacity_provenance": "ESTIMATED", "capacity_method": "contributing_area_m2 x (50.0mm/hr, MCGM post-BRIMSTOWAD-1993 design intensity, runoff coeff 1.0) — see mcgm_swd_official_statistics.json. Real pipe diameters/invert levels are unavailable for this area."}}, {"type": "Feature", "geometry": {"type": "Point", "coordinates": [72.88692818791947, 19.09361744966443]}, "properties": {"node_id": 150, "elevation_m": 10.91, "elevation_provenance": "DERIVED", "in_degree": 1, "out_degree": 1, "is_headwater": false, "is_sink": false, "role": "junction", "capacity_m3s": 0.675, "capacity_provenance": "ESTIMATED", "capacity_method": "contributing_area_m2 x (50.0mm/hr, MCGM post-BRIMSTOWAD-1993 design intensity, runoff coeff 1.0) — see mcgm_swd_official_statistics.json. Real pipe diameters/invert levels are unavailable for this area."}}, {"type": "Feature", "geometry": {"type": "Point", "coordinates": [72.88759932885905, 19.093953020134226]}, "properties": {"node_id": 151, "elevation_m": 17.15, "elevation_provenance": "DERIVED", "in_degree": 1, "out_degree": 1, "is_headwater": false, "is_sink": false, "role": "junction", "capacity_m3s": 0.4625, "capacity_provenance": "ESTIMATED", "capacity_method": "contributing_area_m2 x (50.0mm/hr, MCGM post-BRIMSTOWAD-1993 design intensity, runoff coeff 1.0) — see mcgm_swd_official_statistics.json. Real pipe diameters/invert levels are unavailable for this area."}}, {"type": "Feature", "geometry": {"type": "Point", "coordinates": [72.88961275167784, 19.093953020134226]}, "properties": {"node_id": 152, "elevation_m": 22.75, "elevation_provenance": "DERIVED", "in_degree": 1, "out_degree": 1, "is_headwater": false, "is_sink": false, "role": "junction", "capacity_m3s": 0.2375, "capacity_provenance": "ESTIMATED", "capacity_method": "contributing_area_m2 x (50.0mm/hr, MCGM post-BRIMSTOWAD-1993 design intensity, runoff coeff 1.0) — see mcgm_swd_official_statistics.json. Real pipe diameters/invert levels are unavailable for this area."}}, {"type": "Feature", "geometry": {"type": "Point", "coordinates": [72.89665973154362, 19.093953020134226]}, "properties": {"node_id": 153, "elevation_m": 29.89, "elevation_provenance": "DERIVED", "in_degree": 0, "out_degree": 1, "is_headwater": true, "is_sink": false, "role": "headwater inlet", "capacity_m3s": 0.175, "capacity_provenance": "ESTIMATED", "capacity_method": "contributing_area_m2 x (50.0mm/hr, MCGM post-BRIMSTOWAD-1993 design intensity, runoff coeff 1.0) — see mcgm_swd_official_statistics.json. Real pipe diameters/invert levels are unavailable for this area."}}, {"type": "Feature", "geometry": {"type": "Point", "coordinates": [72.89867315436241, 19.093953020134226]}, "properties": {"node_id": 154, "elevation_m": 29.57, "elevation_provenance": "DERIVED", "in_degree": 1, "out_degree": 1, "is_headwater": false, "is_sink": false, "role": "junction", "capacity_m3s": 0.3875, "capacity_provenance": "ESTIMATED", "capacity_method": "contributing_area_m2 x (50.0mm/hr, MCGM post-BRIMSTOWAD-1993 design intensity, runoff coeff 1.0) — see mcgm_swd_official_statistics.json. Real pipe diameters/invert levels are unavailable for this area."}}, {"type": "Feature", "geometry": {"type": "Point", "coordinates": [72.88659261744966, 19.09361744966443]}, "properties": {"node_id": 155, "elevation_m": 8.26, "elevation_provenance": "DERIVED", "in_degree": 1, "out_degree": 0, "is_headwater": false, "is_sink": true, "role": "sink / potential surcharge & ponding point", "capacity_m3s": 0.675, "capacity_provenance": "ESTIMATED", "capacity_method": "contributing_area_m2 x (50.0mm/hr, MCGM post-BRIMSTOWAD-1993 design intensity, runoff coeff 1.0) — see mcgm_swd_official_statistics.json. Real pipe diameters/invert levels are unavailable for this area."}}, {"type": "Feature", "geometry": {"type": "Point", "coordinates": [72.88793489932885, 19.09361744966443]}, "properties": {"node_id": 156, "elevation_m": 19.54, "elevation_provenance": "DERIVED", "in_degree": 1, "out_degree": 1, "is_headwater": false, "is_sink": false, "role": "junction", "capacity_m3s": 0.425, "capacity_provenance": "ESTIMATED", "capacity_method": "contributing_area_m2 x (50.0mm/hr, MCGM post-BRIMSTOWAD-1993 design intensity, runoff coeff 1.0) — see mcgm_swd_official_statistics.json. Real pipe diameters/invert levels are unavailable for this area."}}, {"type": "Feature", "geometry": {"type": "Point", "coordinates": [72.88827046979866, 19.09361744966443]}, "properties": {"node_id": 157, "elevation_m": 22.05, "elevation_provenance": "DERIVED", "in_degree": 1, "out_degree": 1, "is_headwater": false, "is_sink": false, "role": "junction", "capacity_m3s": 0.4, "capacity_provenance": "ESTIMATED", "capacity_method": "contributing_area_m2 x (50.0mm/hr, MCGM post-BRIMSTOWAD-1993 design intensity, runoff coeff 1.0) — see mcgm_swd_official_statistics.json. Real pipe diameters/invert levels are unavailable for this area."}}, {"type": "Feature", "geometry": {"type": "Point", "coordinates": [72.88860604026846, 19.09361744966443]}, "properties": {"node_id": 158, "elevation_m": 22.87, "elevation_provenance": "DERIVED", "in_degree": 1, "out_degree": 1, "is_headwater": false, "is_sink": false, "role": "junction", "capacity_m3s": 0.35, "capacity_provenance": "ESTIMATED", "capacity_method": "contributing_area_m2 x (50.0mm/hr, MCGM post-BRIMSTOWAD-1993 design intensity, runoff coeff 1.0) — see mcgm_swd_official_statistics.json. Real pipe diameters/invert levels are unavailable for this area."}}, {"type": "Feature", "geometry": {"type": "Point", "coordinates": [72.88961275167784, 19.09361744966443]}, "properties": {"node_id": 159, "elevation_m": 23.24, "elevation_provenance": "DERIVED", "in_degree": 1, "out_degree": 1, "is_headwater": false, "is_sink": false, "role": "junction", "capacity_m3s": 0.2125, "capacity_provenance": "ESTIMATED", "capacity_method": "contributing_area_m2 x (50.0mm/hr, MCGM post-BRIMSTOWAD-1993 design intensity, runoff coeff 1.0) — see mcgm_swd_official_statistics.json. Real pipe diameters/invert levels are unavailable for this area."}}, {"type": "Feature", "geometry": {"type": "Point", "coordinates": [72.89296845637584, 19.09361744966443]}, "properties": {"node_id": 160, "elevation_m": 24.96, "elevation_provenance": "DERIVED", "in_degree": 0, "out_degree": 1, "is_headwater": true, "is_sink": false, "role": "headwater inlet", "capacity_m3s": 0.1625, "capacity_provenance": "ESTIMATED", "capacity_method": "contributing_area_m2 x (50.0mm/hr, MCGM post-BRIMSTOWAD-1993 design intensity, runoff coeff 1.0) — see mcgm_swd_official_statistics.json. Real pipe diameters/invert levels are unavailable for this area."}}, {"type": "Feature", "geometry": {"type": "Point", "coordinates": [72.89330402684564, 19.093953020134226]}, "properties": {"node_id": 161, "elevation_m": 23.86, "elevation_provenance": "DERIVED", "in_degree": 2, "out_degree": 0, "is_headwater": false, "is_sink": true, "role": "sink / potential surcharge & ponding point", "capacity_m3s": 0.2125, "capacity_provenance": "ESTIMATED", "capacity_method": "contributing_area_m2 x (50.0mm/hr, MCGM post-BRIMSTOWAD-1993 design intensity, runoff coeff 1.0) — see mcgm_swd_official_statistics.json. Real pipe diameters/invert levels are unavailable for this area."}}, {"type": "Feature", "geometry": {"type": "Point", "coordinates": [72.89363959731543, 19.09361744966443]}, "properties": {"node_id": 162, "elevation_m": 25.49, "elevation_provenance": "DERIVED", "in_degree": 1, "out_degree": 1, "is_headwater": false, "is_sink": false, "role": "junction", "capacity_m3s": 0.2125, "capacity_provenance": "ESTIMATED", "capacity_method": "contributing_area_m2 x (50.0mm/hr, MCGM post-BRIMSTOWAD-1993 design intensity, runoff coeff 1.0) — see mcgm_swd_official_statistics.json. Real pipe diameters/invert levels are unavailable for this area."}}, {"type": "Feature", "geometry": {"type": "Point", "coordinates": [72.88894161073826, 19.09328187919463]}, "properties": {"node_id": 163, "elevation_m": 23.12, "elevation_provenance": "DERIVED", "in_degree": 1, "out_degree": 1, "is_headwater": false, "is_sink": false, "role": "junction", "capacity_m3s": 0.325, "capacity_provenance": "ESTIMATED", "capacity_method": "contributing_area_m2 x (50.0mm/hr, MCGM post-BRIMSTOWAD-1993 design intensity, runoff coeff 1.0) — see mcgm_swd_official_statistics.json. Real pipe diameters/invert levels are unavailable for this area."}}, {"type": "Feature", "geometry": {"type": "Point", "coordinates": [72.88961275167784, 19.09328187919463]}, "properties": {"node_id": 164, "elevation_m": 23.59, "elevation_provenance": "DERIVED", "in_degree": 0, "out_degree": 1, "is_headwater": true, "is_sink": false, "role": "headwater inlet", "capacity_m3s": 0.15, "capacity_provenance": "ESTIMATED", "capacity_method": "contributing_area_m2 x (50.0mm/hr, MCGM post-BRIMSTOWAD-1993 design intensity, runoff coeff 1.0) — see mcgm_swd_official_statistics.json. Real pipe diameters/invert levels are unavailable for this area."}}, {"type": "Feature", "geometry": {"type": "Point", "coordinates": [72.89363959731543, 19.09328187919463]}, "properties": {"node_id": 165, "elevation_m": 26.42, "elevation_provenance": "DERIVED", "in_degree": 0, "out_degree": 1, "is_headwater": true, "is_sink": false, "role": "headwater inlet", "capacity_m3s": 0.175, "capacity_provenance": "ESTIMATED", "capacity_method": "contributing_area_m2 x (50.0mm/hr, MCGM post-BRIMSTOWAD-1993 design intensity, runoff coeff 1.0) — see mcgm_swd_official_statistics.json. Real pipe diameters/invert levels are unavailable for this area."}}, {"type": "Feature", "geometry": {"type": "Point", "coordinates": [72.88894161073826, 19.09294630872483]}, "properties": {"node_id": 166, "elevation_m": 23.49, "elevation_provenance": "DERIVED", "in_degree": 1, "out_degree": 1, "is_headwater": false, "is_sink": false, "role": "junction", "capacity_m3s": 0.2125, "capacity_provenance": "ESTIMATED", "capacity_method": "contributing_area_m2 x (50.0mm/hr, MCGM post-BRIMSTOWAD-1993 design intensity, runoff coeff 1.0) — see mcgm_swd_official_statistics.json. Real pipe diameters/invert levels are unavailable for this area."}}, {"type": "Feature", "geometry": {"type": "Point", "coordinates": [72.901022147651, 19.09294630872483]}, "properties": {"node_id": 167, "elevation_m": 28.98, "elevation_provenance": "DERIVED", "in_degree": 0, "out_degree": 1, "is_headwater": true, "is_sink": false, "role": "headwater inlet", "capacity_m3s": 0.15, "capacity_provenance": "ESTIMATED", "capacity_method": "contributing_area_m2 x (50.0mm/hr, MCGM post-BRIMSTOWAD-1993 design intensity, runoff coeff 1.0) — see mcgm_swd_official_statistics.json. Real pipe diameters/invert levels are unavailable for this area."}}, {"type": "Feature", "geometry": {"type": "Point", "coordinates": [72.901022147651, 19.092610738255033]}, "properties": {"node_id": 168, "elevation_m": 28.55, "elevation_provenance": "DERIVED", "in_degree": 1, "out_degree": 1, "is_headwater": false, "is_sink": false, "role": "junction", "capacity_m3s": 0.2125, "capacity_provenance": "ESTIMATED", "capacity_method": "contributing_area_m2 x (50.0mm/hr, MCGM post-BRIMSTOWAD-1993 design intensity, runoff coeff 1.0) — see mcgm_swd_official_statistics.json. Real pipe diameters/invert levels are unavailable for this area."}}, {"type": "Feature", "geometry": {"type": "Point", "coordinates": [72.88894161073826, 19.092610738255033]}, "properties": {"node_id": 169, "elevation_m": 24.04, "elevation_provenance": "DERIVED", "in_degree": 0, "out_degree": 1, "is_headwater": true, "is_sink": false, "role": "headwater inlet", "capacity_m3s": 0.125, "capacity_provenance": "ESTIMATED", "capacity_method": "contributing_area_m2 x (50.0mm/hr, MCGM post-BRIMSTOWAD-1993 design intensity, runoff coeff 1.0) — see mcgm_swd_official_statistics.json. Real pipe diameters/invert levels are unavailable for this area."}}, {"type": "Feature", "geometry": {"type": "Point", "coordinates": [72.89229731543624, 19.092610738255033]}, "properties": {"node_id": 170, "elevation_m": 29.09, "elevation_provenance": "DERIVED", "in_degree": 0, "out_degree": 1, "is_headwater": true, "is_sink": false, "role": "headwater inlet", "capacity_m3s": 0.1375, "capacity_provenance": "ESTIMATED", "capacity_method": "contributing_area_m2 x (50.0mm/hr, MCGM post-BRIMSTOWAD-1993 design intensity, runoff coeff 1.0) — see mcgm_swd_official_statistics.json. Real pipe diameters/invert levels are unavailable for this area."}}, {"type": "Feature", "geometry": {"type": "Point", "coordinates": [72.89263288590604, 19.092275167785235]}, "properties": {"node_id": 171, "elevation_m": 28.2, "elevation_provenance": "DERIVED", "in_degree": 1, "out_degree": 1, "is_headwater": false, "is_sink": false, "role": "junction", "capacity_m3s": 0.3, "capacity_provenance": "ESTIMATED", "capacity_method": "contributing_area_m2 x (50.0mm/hr, MCGM post-BRIMSTOWAD-1993 design intensity, runoff coeff 1.0) — see mcgm_swd_official_statistics.json. Real pipe diameters/invert levels are unavailable for this area."}}, {"type": "Feature", "geometry": {"type": "Point", "coordinates": [72.9013577181208, 19.092275167785235]}, "properties": {"node_id": 172, "elevation_m": 24.99, "elevation_provenance": "DERIVED", "in_degree": 1, "out_degree": 1, "is_headwater": false, "is_sink": false, "role": "junction", "capacity_m3s": 0.25, "capacity_provenance": "ESTIMATED", "capacity_method": "contributing_area_m2 x (50.0mm/hr, MCGM post-BRIMSTOWAD-1993 design intensity, runoff coeff 1.0) — see mcgm_swd_official_statistics.json. Real pipe diameters/invert levels are unavailable for this area."}}, {"type": "Feature", "geometry": {"type": "Point", "coordinates": [72.89296845637584, 19.092275167785235]}, "properties": {"node_id": 173, "elevation_m": 27.75, "elevation_provenance": "DERIVED", "in_degree": 1, "out_degree": 0, "is_headwater": false, "is_sink": true, "role": "sink / potential surcharge & ponding point", "capacity_m3s": 0.3, "capacity_provenance": "ESTIMATED", "capacity_method": "contributing_area_m2 x (50.0mm/hr, MCGM post-BRIMSTOWAD-1993 design intensity, runoff coeff 1.0) — see mcgm_swd_official_statistics.json. Real pipe diameters/invert levels are unavailable for this area."}}, {"type": "Feature", "geometry": {"type": "Point", "coordinates": [72.9013577181208, 19.091939597315434]}, "properties": {"node_id": 174, "elevation_m": 22.38, "elevation_provenance": "DERIVED", "in_degree": 1, "out_degree": 1, "is_headwater": false, "is_sink": false, "role": "junction", "capacity_m3s": 0.325, "capacity_provenance": "ESTIMATED", "capacity_method": "contributing_area_m2 x (50.0mm/hr, MCGM post-BRIMSTOWAD-1993 design intensity, runoff coeff 1.0) — see mcgm_swd_official_statistics.json. Real pipe diameters/invert levels are unavailable for this area."}}, {"type": "Feature", "geometry": {"type": "Point", "coordinates": [72.88256577181208, 19.091939597315434]}, "properties": {"node_id": 175, "elevation_m": 11.4, "elevation_provenance": "DERIVED", "in_degree": 0, "out_degree": 1, "is_headwater": true, "is_sink": false, "role": "headwater inlet", "capacity_m3s": 0.125, "capacity_provenance": "ESTIMATED", "capacity_method": "contributing_area_m2 x (50.0mm/hr, MCGM post-BRIMSTOWAD-1993 design intensity, runoff coeff 1.0) — see mcgm_swd_official_statistics.json. Real pipe diameters/invert levels are unavailable for this area."}}, {"type": "Feature", "geometry": {"type": "Point", "coordinates": [72.88290134228188, 19.092275167785235]}, "properties": {"node_id": 176, "elevation_m": 7.5, "elevation_provenance": "DERIVED", "in_degree": 1, "out_degree": 0, "is_headwater": false, "is_sink": true, "role": "sink / potential surcharge & ponding point", "capacity_m3s": 0.125, "capacity_provenance": "ESTIMATED", "capacity_method": "contributing_area_m2 x (50.0mm/hr, MCGM post-BRIMSTOWAD-1993 design intensity, runoff coeff 1.0) — see mcgm_swd_official_statistics.json. Real pipe diameters/invert levels are unavailable for this area."}}, {"type": "Feature", "geometry": {"type": "Point", "coordinates": [72.88592147651006, 19.091939597315434]}, "properties": {"node_id": 177, "elevation_m": 11.41, "elevation_provenance": "DERIVED", "in_degree": 1, "out_degree": 1, "is_headwater": false, "is_sink": false, "role": "junction", "capacity_m3s": 0.275, "capacity_provenance": "ESTIMATED", "capacity_method": "contributing_area_m2 x (50.0mm/hr, MCGM post-BRIMSTOWAD-1993 design intensity, runoff coeff 1.0) — see mcgm_swd_official_statistics.json. Real pipe diameters/invert levels are unavailable for this area."}}, {"type": "Feature", "geometry": {"type": "Point", "coordinates": [72.88558590604026, 19.091604026845637]}, "properties": {"node_id": 178, "elevation_m": 7.5, "elevation_provenance": "DERIVED", "in_degree": 1, "out_degree": 0, "is_headwater": false, "is_sink": true, "role": "sink / potential surcharge & ponding point", "capacity_m3s": 0.275, "capacity_provenance": "ESTIMATED", "capacity_method": "contributing_area_m2 x (50.0mm/hr, MCGM post-BRIMSTOWAD-1993 design intensity, runoff coeff 1.0) — see mcgm_swd_official_statistics.json. Real pipe diameters/invert levels are unavailable for this area."}}, {"type": "Feature", "geometry": {"type": "Point", "coordinates": [72.88625704697986, 19.091939597315434]}, "properties": {"node_id": 179, "elevation_m": 14.91, "elevation_provenance": "DERIVED", "in_degree": 1, "out_degree": 1, "is_headwater": false, "is_sink": false, "role": "junction", "capacity_m3s": 0.1625, "capacity_provenance": "ESTIMATED", "capacity_method": "contributing_area_m2 x (50.0mm/hr, MCGM post-BRIMSTOWAD-1993 design intensity, runoff coeff 1.0) — see mcgm_swd_official_statistics.json. Real pipe diameters/invert levels are unavailable for this area."}}, {"type": "Feature", "geometry": {"type": "Point", "coordinates": [72.9013577181208, 19.091604026845637]}, "properties": {"node_id": 180, "elevation_m": 21.33, "elevation_provenance": "DERIVED", "in_degree": 2, "out_degree": 0, "is_headwater": false, "is_sink": true, "role": "sink / potential surcharge & ponding point", "capacity_m3s": 0.325, "capacity_provenance": "ESTIMATED", "capacity_method": "contributing_area_m2 x (50.0mm/hr, MCGM post-BRIMSTOWAD-1993 design intensity, runoff coeff 1.0) — see mcgm_swd_official_statistics.json. Real pipe diameters/invert levels are unavailable for this area."}}, {"type": "Feature", "geometry": {"type": "Point", "coordinates": [72.9016932885906, 19.091939597315434]}, "properties": {"node_id": 181, "elevation_m": 22.66, "elevation_provenance": "DERIVED", "in_degree": 0, "out_degree": 1, "is_headwater": true, "is_sink": false, "role": "headwater inlet", "capacity_m3s": 0.15, "capacity_provenance": "ESTIMATED", "capacity_method": "contributing_area_m2 x (50.0mm/hr, MCGM post-BRIMSTOWAD-1993 design intensity, runoff coeff 1.0) — see mcgm_swd_official_statistics.json. Real pipe diameters/invert levels are unavailable for this area."}}, {"type": "Feature", "geometry": {"type": "Point", "coordinates": [72.86947852348993, 19.091604026845637]}, "properties": {"node_id": 182, "elevation_m": 0.86, "elevation_provenance": "DERIVED", "in_degree": 0, "out_degree": 1, "is_headwater": true, "is_sink": false, "role": "headwater inlet", "capacity_m3s": 0.125, "capacity_provenance": "ESTIMATED", "capacity_method": "contributing_area_m2 x (50.0mm/hr, MCGM post-BRIMSTOWAD-1993 design intensity, runoff coeff 1.0) — see mcgm_swd_official_statistics.json. Real pipe diameters/invert levels are unavailable for this area."}}, {"type": "Feature", "geometry": {"type": "Point", "coordinates": [72.86947852348993, 19.091268456375836]}, "properties": {"node_id": 183, "elevation_m": 0.0, "elevation_provenance": "DERIVED", "in_degree": 1, "out_degree": 0, "is_headwater": false, "is_sink": true, "role": "sink / potential surcharge & ponding point", "capacity_m3s": 0.125, "capacity_provenance": "ESTIMATED", "capacity_method": "contributing_area_m2 x (50.0mm/hr, MCGM post-BRIMSTOWAD-1993 design intensity, runoff coeff 1.0) — see mcgm_swd_official_statistics.json. Real pipe diameters/invert levels are unavailable for this area."}}, {"type": "Feature", "geometry": {"type": "Point", "coordinates": [72.88659261744966, 19.091604026845637]}, "properties": {"node_id": 184, "elevation_m": 16.96, "elevation_provenance": "DERIVED", "in_degree": 0, "out_degree": 1, "is_headwater": true, "is_sink": false, "role": "headwater inlet", "capacity_m3s": 0.125, "capacity_provenance": "ESTIMATED", "capacity_method": "contributing_area_m2 x (50.0mm/hr, MCGM post-BRIMSTOWAD-1993 design intensity, runoff coeff 1.0) — see mcgm_swd_official_statistics.json. Real pipe diameters/invert levels are unavailable for this area."}}, {"type": "Feature", "geometry": {"type": "Point", "coordinates": [72.89766644295301, 19.091268456375836]}, "properties": {"node_id": 185, "elevation_m": 28.79, "elevation_provenance": "DERIVED", "in_degree": 0, "out_degree": 1, "is_headwater": true, "is_sink": false, "role": "headwater inlet", "capacity_m3s": 0.125, "capacity_provenance": "ESTIMATED", "capacity_method": "contributing_area_m2 x (50.0mm/hr, MCGM post-BRIMSTOWAD-1993 design intensity, runoff coeff 1.0) — see mcgm_swd_official_statistics.json. Real pipe diameters/invert levels are unavailable for this area."}}, {"type": "Feature", "geometry": {"type": "Point", "coordinates": [72.89766644295301, 19.09093288590604]}, "properties": {"node_id": 186, "elevation_m": 26.98, "elevation_provenance": "DERIVED", "in_degree": 1, "out_degree": 1, "is_headwater": false, "is_sink": false, "role": "junction", "capacity_m3s": 0.1375, "capacity_provenance": "ESTIMATED", "capacity_method": "contributing_area_m2 x (50.0mm/hr, MCGM post-BRIMSTOWAD-1993 design intensity, runoff coeff 1.0) — see mcgm_swd_official_statistics.json. Real pipe diameters/invert levels are unavailable for this area."}}, {"type": "Feature", "geometry": {"type": "Point", "coordinates": [72.89129060402684, 19.09093288590604]}, "properties": {"node_id": 187, "elevation_m": 31.32, "elevation_provenance": "DERIVED", "in_degree": 0, "out_degree": 1, "is_headwater": true, "is_sink": false, "role": "headwater inlet", "capacity_m3s": 0.2, "capacity_provenance": "ESTIMATED", "capacity_method": "contributing_area_m2 x (50.0mm/hr, MCGM post-BRIMSTOWAD-1993 design intensity, runoff coeff 1.0) — see mcgm_swd_official_statistics.json. Real pipe diameters/invert levels are unavailable for this area."}}, {"type": "Feature", "geometry": {"type": "Point", "coordinates": [72.89129060402684, 19.09059731543624]}, "properties": {"node_id": 188, "elevation_m": 31.32, "elevation_provenance": "DERIVED", "in_degree": 1, "out_degree": 1, "is_headwater": false, "is_sink": false, "role": "junction", "capacity_m3s": 0.2375, "capacity_provenance": "ESTIMATED", "capacity_method": "contributing_area_m2 x (50.0mm/hr, MCGM post-BRIMSTOWAD-1993 design intensity, runoff coeff 1.0) — see mcgm_swd_official_statistics.json. Real pipe diameters/invert levels are unavailable for this area."}}, {"type": "Feature", "geometry": {"type": "Point", "coordinates": [72.89665973154362, 19.09093288590604]}, "properties": {"node_id": 189, "elevation_m": 26.37, "elevation_provenance": "DERIVED", "in_degree": 0, "out_degree": 1, "is_headwater": true, "is_sink": false, "role": "headwater inlet", "capacity_m3s": 0.175, "capacity_provenance": "ESTIMATED", "capacity_method": "contributing_area_m2 x (50.0mm/hr, MCGM post-BRIMSTOWAD-1993 design intensity, runoff coeff 1.0) — see mcgm_swd_official_statistics.json. Real pipe diameters/invert levels are unavailable for this area."}}, {"type": "Feature", "geometry": {"type": "Point", "coordinates": [72.89665973154362, 19.09059731543624]}, "properties": {"node_id": 190, "elevation_m": 24.92, "elevation_provenance": "DERIVED", "in_degree": 1, "out_degree": 1, "is_headwater": false, "is_sink": false, "role": "junction", "capacity_m3s": 0.1875, "capacity_provenance": "ESTIMATED", "capacity_method": "contributing_area_m2 x (50.0mm/hr, MCGM post-BRIMSTOWAD-1993 design intensity, runoff coeff 1.0) — see mcgm_swd_official_statistics.json. Real pipe diameters/invert levels are unavailable for this area."}}, {"type": "Feature", "geometry": {"type": "Point", "coordinates": [72.89766644295301, 19.09059731543624]}, "properties": {"node_id": 191, "elevation_m": 25.58, "elevation_provenance": "DERIVED", "in_degree": 1, "out_degree": 1, "is_headwater": false, "is_sink": false, "role": "junction", "capacity_m3s": 0.15, "capacity_provenance": "ESTIMATED", "capacity_method": "contributing_area_m2 x (50.0mm/hr, MCGM post-BRIMSTOWAD-1993 design intensity, runoff coeff 1.0) — see mcgm_swd_official_statistics.json. Real pipe diameters/invert levels are unavailable for this area."}}, {"type": "Feature", "geometry": {"type": "Point", "coordinates": [72.89934429530201, 19.09093288590604]}, "properties": {"node_id": 192, "elevation_m": 24.92, "elevation_provenance": "DERIVED", "in_degree": 0, "out_degree": 1, "is_headwater": true, "is_sink": false, "role": "headwater inlet", "capacity_m3s": 0.15, "capacity_provenance": "ESTIMATED", "capacity_method": "contributing_area_m2 x (50.0mm/hr, MCGM post-BRIMSTOWAD-1993 design intensity, runoff coeff 1.0) — see mcgm_swd_official_statistics.json. Real pipe diameters/invert levels are unavailable for this area."}}, {"type": "Feature", "geometry": {"type": "Point", "coordinates": [72.89934429530201, 19.09059731543624]}, "properties": {"node_id": 193, "elevation_m": 23.29, "elevation_provenance": "DERIVED", "in_degree": 1, "out_degree": 1, "is_headwater": false, "is_sink": false, "role": "junction", "capacity_m3s": 0.175, "capacity_provenance": "ESTIMATED", "capacity_method": "contributing_area_m2 x (50.0mm/hr, MCGM post-BRIMSTOWAD-1993 design intensity, runoff coeff 1.0) — see mcgm_swd_official_statistics.json. Real pipe diameters/invert levels are unavailable for this area."}}, {"type": "Feature", "geometry": {"type": "Point", "coordinates": [72.88894161073826, 19.09059731543624]}, "properties": {"node_id": 194, "elevation_m": 26.68, "elevation_provenance": "DERIVED", "in_degree": 0, "out_degree": 1, "is_headwater": true, "is_sink": false, "role": "headwater inlet", "capacity_m3s": 0.1625, "capacity_provenance": "ESTIMATED", "capacity_method": "contributing_area_m2 x (50.0mm/hr, MCGM post-BRIMSTOWAD-1993 design intensity, runoff coeff 1.0) — see mcgm_swd_official_statistics.json. Real pipe diameters/invert levels are unavailable for this area."}}, {"type": "Feature", "geometry": {"type": "Point", "coordinates": [72.88927718120804, 19.09026174496644]}, "properties": {"node_id": 195, "elevation_m": 26.6, "elevation_provenance": "DERIVED", "in_degree": 1, "out_degree": 1, "is_headwater": false, "is_sink": false, "role": "junction", "capacity_m3s": 0.2375, "capacity_provenance": "ESTIMATED", "capacity_method": "contributing_area_m2 x (50.0mm/hr, MCGM post-BRIMSTOWAD-1993 design intensity, runoff coeff 1.0) — see mcgm_swd_official_statistics.json. Real pipe diameters/invert levels are unavailable for this area."}}, {"type": "Feature", "geometry": {"type": "Point", "coordinates": [72.89095503355705, 19.09026174496644]}, "properties": {"node_id": 196, "elevation_m": 31.09, "elevation_provenance": "DERIVED", "in_degree": 1, "out_degree": 1, "is_headwater": false, "is_sink": false, "role": "junction", "capacity_m3s": 0.2625, "capacity_provenance": "ESTIMATED", "capacity_method": "contributing_area_m2 x (50.0mm/hr, MCGM post-BRIMSTOWAD-1993 design intensity, runoff coeff 1.0) — see mcgm_swd_official_statistics.json. Real pipe diameters/invert levels are unavailable for this area."}}, {"type": "Feature", "geometry": {"type": "Point", "coordinates": [72.89363959731543, 19.09059731543624]}, "properties": {"node_id": 197, "elevation_m": 22.91, "elevation_provenance": "DERIVED", "in_degree": 1, "out_degree": 1, "is_headwater": false, "is_sink": false, "role": "junction", "capacity_m3s": 0.2625, "capacity_provenance": "ESTIMATED", "capacity_method": "contributing_area_m2 x (50.0mm/hr, MCGM post-BRIMSTOWAD-1993 design intensity, runoff coeff 1.0) — see mcgm_swd_official_statistics.json. Real pipe diameters/invert levels are unavailable for this area."}}, {"type": "Feature", "geometry": {"type": "Point", "coordinates": [72.89397516778523, 19.09059731543624]}, "properties": {"node_id": 198, "elevation_m": 22.15, "elevation_provenance": "DERIVED", "in_degree": 2, "out_degree": 0, "is_headwater": false, "is_sink": true, "role": "sink / potential surcharge & ponding point", "capacity_m3s": 0.2625, "capacity_provenance": "ESTIMATED", "capacity_method": "contributing_area_m2 x (50.0mm/hr, MCGM post-BRIMSTOWAD-1993 design intensity, runoff coeff 1.0) — see mcgm_swd_official_statistics.json. Real pipe diameters/invert levels are unavailable for this area."}}, {"type": "Feature", "geometry": {"type": "Point", "coordinates": [72.89498187919463, 19.09059731543624]}, "properties": {"node_id": 199, "elevation_m": 20.87, "elevation_provenance": "DERIVED", "in_degree": 0, "out_degree": 1, "is_headwater": true, "is_sink": false, "role": "headwater inlet", "capacity_m3s": 0.2, "capacity_provenance": "ESTIMATED", "capacity_method": "contributing_area_m2 x (50.0mm/hr, MCGM post-BRIMSTOWAD-1993 design intensity, runoff coeff 1.0) — see mcgm_swd_official_statistics.json. Real pipe diameters/invert levels are unavailable for this area."}}, {"type": "Feature", "geometry": {"type": "Point", "coordinates": [72.89498187919463, 19.09026174496644]}, "properties": {"node_id": 200, "elevation_m": 20.13, "elevation_provenance": "DERIVED", "in_degree": 1, "out_degree": 1, "is_headwater": false, "is_sink": false, "role": "junction", "capacity_m3s": 0.325, "capacity_provenance": "ESTIMATED", "capacity_method": "contributing_area_m2 x (50.0mm/hr, MCGM post-BRIMSTOWAD-1993 design intensity, runoff coeff 1.0) — see mcgm_swd_official_statistics.json. Real pipe diameters/invert levels are unavailable for this area."}}, {"type": "Feature", "geometry": {"type": "Point", "coordinates": [72.89665973154362, 19.09026174496644]}, "properties": {"node_id": 201, "elevation_m": 22.17, "elevation_provenance": "DERIVED", "in_degree": 1, "out_degree": 1, "is_headwater": false, "is_sink": false, "role": "junction", "capacity_m3s": 0.2, "capacity_provenance": "ESTIMATED", "capacity_method": "contributing_area_m2 x (50.0mm/hr, MCGM post-BRIMSTOWAD-1993 design intensity, runoff coeff 1.0) — see mcgm_swd_official_statistics.json. Real pipe diameters/invert levels are unavailable for this area."}}, {"type": "Feature", "geometry": {"type": "Point", "coordinates": [72.89766644295301, 19.09026174496644]}, "properties": {"node_id": 202, "elevation_m": 21.85, "elevation_provenance": "DERIVED", "in_degree": 1, "out_degree": 1, "is_headwater": false, "is_sink": false, "role": "junction", "capacity_m3s": 0.1625, "capacity_provenance": "ESTIMATED", "capacity_method": "contributing_area_m2 x (50.0mm/hr, MCGM post-BRIMSTOWAD-1993 design intensity, runoff coeff 1.0) — see mcgm_swd_official_statistics.json. Real pipe diameters/invert levels are unavailable for this area."}}, {"type": "Feature", "geometry": {"type": "Point", "coordinates": [72.89800201342281, 19.09059731543624]}, "properties": {"node_id": 203, "elevation_m": 25.65, "elevation_provenance": "DERIVED", "in_degree": 0, "out_degree": 1, "is_headwater": true, "is_sink": false, "role": "headwater inlet", "capacity_m3s": 0.125, "capacity_provenance": "ESTIMATED", "capacity_method": "contributing_area_m2 x (50.0mm/hr, MCGM post-BRIMSTOWAD-1993 design intensity, runoff coeff 1.0) — see mcgm_swd_official_statistics.json. Real pipe diameters/invert levels are unavailable for this area."}}, {"type": "Feature", "geometry": {"type": "Point", "coordinates": [72.89800201342281, 19.09026174496644]}, "properties": {"node_id": 204, "elevation_m": 21.1, "elevation_provenance": "DERIVED", "in_degree": 1, "out_degree": 1, "is_headwater": false, "is_sink": false, "role": "junction", "capacity_m3s": 0.1375, "capacity_provenance": "ESTIMATED", "capacity_method": "contributing_area_m2 x (50.0mm/hr, MCGM post-BRIMSTOWAD-1993 design intensity, runoff coeff 1.0) — see mcgm_swd_official_statistics.json. Real pipe diameters/invert levels are unavailable for this area."}}, {"type": "Feature", "geometry": {"type": "Point", "coordinates": [72.89900872483221, 19.09026174496644]}, "properties": {"node_id": 205, "elevation_m": 20.94, "elevation_provenance": "DERIVED", "in_degree": 1, "out_degree": 1, "is_headwater": false, "is_sink": false, "role": "junction", "capacity_m3s": 0.3, "capacity_provenance": "ESTIMATED", "capacity_method": "contributing_area_m2 x (50.0mm/hr, MCGM post-BRIMSTOWAD-1993 design intensity, runoff coeff 1.0) — see mcgm_swd_official_statistics.json. Real pipe diameters/invert levels are unavailable for this area."}}, {"type": "Feature", "geometry": {"type": "Point", "coordinates": [72.88692818791947, 19.09026174496644]}, "properties": {"node_id": 206, "elevation_m": 10.61, "elevation_provenance": "DERIVED", "in_degree": 0, "out_degree": 1, "is_headwater": true, "is_sink": false, "role": "headwater inlet", "capacity_m3s": 0.2, "capacity_provenance": "ESTIMATED", "capacity_method": "contributing_area_m2 x (50.0mm/hr, MCGM post-BRIMSTOWAD-1993 design intensity, runoff coeff 1.0) — see mcgm_swd_official_statistics.json. Real pipe diameters/invert levels are unavailable for this area."}}, {"type": "Feature", "geometry": {"type": "Point", "coordinates": [72.88659261744966, 19.089926174496643]}, "properties": {"node_id": 207, "elevation_m": 8.2, "elevation_provenance": "DERIVED", "in_degree": 1, "out_degree": 1, "is_headwater": false, "is_sink": false, "role": "junction", "capacity_m3s": 0.2625, "capacity_provenance": "ESTIMATED", "capacity_method": "contributing_area_m2 x (50.0mm/hr, MCGM post-BRIMSTOWAD-1993 design intensity, runoff coeff 1.0) — see mcgm_swd_official_statistics.json. Real pipe diameters/invert levels are unavailable for this area."}}, {"type": "Feature", "geometry": {"type": "Point", "coordinates": [72.88927718120804, 19.089926174496643]}, "properties": {"node_id": 208, "elevation_m": 25.26, "elevation_provenance": "DERIVED", "in_degree": 1, "out_degree": 1, "is_headwater": false, "is_sink": false, "role": "junction", "capacity_m3s": 0.3375, "capacity_provenance": "ESTIMATED", "capacity_method": "contributing_area_m2 x (50.0mm/hr, MCGM post-BRIMSTOWAD-1993 design intensity, runoff coeff 1.0) — see mcgm_swd_official_statistics.json. Real pipe diameters/invert levels are unavailable for this area."}}, {"type": "Feature", "geometry": {"type": "Point", "coordinates": [72.89061946308725, 19.089926174496643]}, "properties": {"node_id": 209, "elevation_m": 29.33, "elevation_provenance": "DERIVED", "in_degree": 1, "out_degree": 1, "is_headwater": false, "is_sink": false, "role": "junction", "capacity_m3s": 0.3, "capacity_provenance": "ESTIMATED", "capacity_method": "contributing_area_m2 x (50.0mm/hr, MCGM post-BRIMSTOWAD-1993 design intensity, runoff coeff 1.0) — see mcgm_swd_official_statistics.json. Real pipe diameters/invert levels are unavailable for this area."}}, {"type": "Feature", "geometry": {"type": "Point", "coordinates": [72.89330402684564, 19.09026174496644]}, "properties": {"node_id": 210, "elevation_m": 24.61, "elevation_provenance": "DERIVED", "in_degree": 0, "out_degree": 1, "is_headwater": true, "is_sink": false, "role": "headwater inlet", "capacity_m3s": 0.125, "capacity_provenance": "ESTIMATED", "capacity_method": "contributing_area_m2 x (50.0mm/hr, MCGM post-BRIMSTOWAD-1993 design intensity, runoff coeff 1.0) — see mcgm_swd_official_statistics.json. Real pipe diameters/invert levels are unavailable for this area."}}, {"type": "Feature", "geometry": {"type": "Point", "coordinates": [72.89363959731543, 19.09026174496644]}, "properties": {"node_id": 211, "elevation_m": 23.59, "elevation_provenance": "DERIVED", "in_degree": 1, "out_degree": 1, "is_headwater": false, "is_sink": false, "role": "junction", "capacity_m3s": 0.1875, "capacity_provenance": "ESTIMATED", "capacity_method": "contributing_area_m2 x (50.0mm/hr, MCGM post-BRIMSTOWAD-1993 design intensity, runoff coeff 1.0) — see mcgm_swd_official_statistics.json. Real pipe diameters/invert levels are unavailable for this area."}}, {"type": "Feature", "geometry": {"type": "Point", "coordinates": [72.89498187919463, 19.089926174496643]}, "properties": {"node_id": 212, "elevation_m": 19.85, "elevation_provenance": "DERIVED", "in_degree": 1, "out_degree": 1, "is_headwater": false, "is_sink": false, "role": "junction", "capacity_m3s": 0.3375, "capacity_provenance": "ESTIMATED", "capacity_method": "contributing_area_m2 x (50.0mm/hr, MCGM post-BRIMSTOWAD-1993 design intensity, runoff coeff 1.0) — see mcgm_swd_official_statistics.json. Real pipe diameters/invert levels are unavailable for this area."}}, {"type": "Feature", "geometry": {"type": "Point", "coordinates": [72.89531744966443, 19.09026174496644]}, "properties": {"node_id": 213, "elevation_m": 20.48, "elevation_provenance": "DERIVED", "in_degree": 0, "out_degree": 1, "is_headwater": true, "is_sink": false, "role": "headwater inlet", "capacity_m3s": 0.15, "capacity_provenance": "ESTIMATED", "capacity_method": "contributing_area_m2 x (50.0mm/hr, MCGM post-BRIMSTOWAD-1993 design intensity, runoff coeff 1.0) — see mcgm_swd_official_statistics.json. Real pipe diameters/invert levels are unavailable for this area."}}, {"type": "Feature", "geometry": {"type": "Point", "coordinates": [72.89531744966443, 19.089926174496643]}, "properties": {"node_id": 214, "elevation_m": 19.59, "elevation_provenance": "DERIVED", "in_degree": 2, "out_degree": 0, "is_headwater": false, "is_sink": true, "role": "sink / potential surcharge & ponding point", "capacity_m3s": 0.3375, "capacity_provenance": "ESTIMATED", "capacity_method": "contributing_area_m2 x (50.0mm/hr, MCGM post-BRIMSTOWAD-1993 design intensity, runoff coeff 1.0) — see mcgm_swd_official_statistics.json. Real pipe diameters/invert levels are unavailable for this area."}}, {"type": "Feature", "geometry": {"type": "Point", "coordinates": [72.89699530201342, 19.089926174496643]}, "properties": {"node_id": 215, "elevation_m": 18.06, "elevation_provenance": "DERIVED", "in_degree": 1, "out_degree": 1, "is_headwater": false, "is_sink": false, "role": "junction", "capacity_m3s": 0.275, "capacity_provenance": "ESTIMATED", "capacity_method": "contributing_area_m2 x (50.0mm/hr, MCGM post-BRIMSTOWAD-1993 design intensity, runoff coeff 1.0) — see mcgm_swd_official_statistics.json. Real pipe diameters/invert levels are unavailable for this area."}}, {"type": "Feature", "geometry": {"type": "Point", "coordinates": [72.89766644295301, 19.089926174496643]}, "properties": {"node_id": 216, "elevation_m": 17.78, "elevation_provenance": "DERIVED", "in_degree": 2, "out_degree": 1, "is_headwater": false, "is_sink": false, "role": "junction", "capacity_m3s": 0.3875, "capacity_provenance": "ESTIMATED", "capacity_method": "contributing_area_m2 x (50.0mm/hr, MCGM post-BRIMSTOWAD-1993 design intensity, runoff coeff 1.0) — see mcgm_swd_official_statistics.json. Real pipe diameters/invert levels are unavailable for this area."}}, {"type": "Feature", "geometry": {"type": "Point", "coordinates": [72.89800201342281, 19.089926174496643]}, "properties": {"node_id": 217, "elevation_m": 17.97, "elevation_provenance": "DERIVED", "in_degree": 1, "out_degree": 1, "is_headwater": false, "is_sink": false, "role": "junction", "capacity_m3s": 0.2125, "capacity_provenance": "ESTIMATED", "capacity_method": "contributing_area_m2 x (50.0mm/hr, MCGM post-BRIMSTOWAD-1993 design intensity, runoff coeff 1.0) — see mcgm_swd_official_statistics.json. Real pipe diameters/invert levels are unavailable for this area."}}, {"type": "Feature", "geometry": {"type": "Point", "coordinates": [72.89867315436241, 19.089926174496643]}, "properties": {"node_id": 218, "elevation_m": 19.23, "elevation_provenance": "DERIVED", "in_degree": 1, "out_degree": 1, "is_headwater": false, "is_sink": false, "role": "junction", "capacity_m3s": 0.3375, "capacity_provenance": "ESTIMATED", "capacity_method": "contributing_area_m2 x (50.0mm/hr, MCGM post-BRIMSTOWAD-1993 design intensity, runoff coeff 1.0) — see mcgm_swd_official_statistics.json. Real pipe diameters/invert levels are unavailable for this area."}}, {"type": "Feature", "geometry": {"type": "Point", "coordinates": [72.9006865771812, 19.09026174496644]}, "properties": {"node_id": 219, "elevation_m": 20.8, "elevation_provenance": "DERIVED", "in_degree": 0, "out_degree": 1, "is_headwater": true, "is_sink": false, "role": "headwater inlet", "capacity_m3s": 0.1375, "capacity_provenance": "ESTIMATED", "capacity_method": "contributing_area_m2 x (50.0mm/hr, MCGM post-BRIMSTOWAD-1993 design intensity, runoff coeff 1.0) — see mcgm_swd_official_statistics.json. Real pipe diameters/invert levels are unavailable for this area."}}, {"type": "Feature", "geometry": {"type": "Point", "coordinates": [72.9003510067114, 19.089926174496643]}, "properties": {"node_id": 220, "elevation_m": 20.42, "elevation_provenance": "DERIVED", "in_degree": 1, "out_degree": 0, "is_headwater": false, "is_sink": true, "role": "sink / potential surcharge & ponding point", "capacity_m3s": 0.1375, "capacity_provenance": "ESTIMATED", "capacity_method": "contributing_area_m2 x (50.0mm/hr, MCGM post-BRIMSTOWAD-1993 design intensity, runoff coeff 1.0) — see mcgm_swd_official_statistics.json. Real pipe diameters/invert levels are unavailable for this area."}}, {"type": "Feature", "geometry": {"type": "Point", "coordinates": [72.88625704697986, 19.089926174496643]}, "properties": {"node_id": 221, "elevation_m": 7.7, "elevation_provenance": "DERIVED", "in_degree": 1, "out_degree": 1, "is_headwater": false, "is_sink": false, "role": "junction", "capacity_m3s": 0.275, "capacity_provenance": "ESTIMATED", "capacity_method": "contributing_area_m2 x (50.0mm/hr, MCGM post-BRIMSTOWAD-1993 design intensity, runoff coeff 1.0) — see mcgm_swd_official_statistics.json. Real pipe diameters/invert levels are unavailable for this area."}}, {"type": "Feature", "geometry": {"type": "Point", "coordinates": [72.88592147651006, 19.09026174496644]}, "properties": {"node_id": 222, "elevation_m": 7.5, "elevation_provenance": "DERIVED", "in_degree": 1, "out_degree": 0, "is_headwater": false, "is_sink": true, "role": "sink / potential surcharge & ponding point", "capacity_m3s": 0.275, "capacity_provenance": "ESTIMATED", "capacity_method": "contributing_area_m2 x (50.0mm/hr, MCGM post-BRIMSTOWAD-1993 design intensity, runoff coeff 1.0) — see mcgm_swd_official_statistics.json. Real pipe diameters/invert levels are unavailable for this area."}}, {"type": "Feature", "geometry": {"type": "Point", "coordinates": [72.88927718120804, 19.089590604026846]}, "properties": {"node_id": 223, "elevation_m": 24.97, "elevation_provenance": "DERIVED", "in_degree": 1, "out_degree": 0, "is_headwater": false, "is_sink": true, "role": "sink / potential surcharge & ponding point", "capacity_m3s": 0.3375, "capacity_provenance": "ESTIMATED", "capacity_method": "contributing_area_m2 x (50.0mm/hr, MCGM post-BRIMSTOWAD-1993 design intensity, runoff coeff 1.0) — see mcgm_swd_official_statistics.json. Real pipe diameters/invert levels are unavailable for this area."}}, {"type": "Feature", "geometry": {"type": "Point", "coordinates": [72.89028389261745, 19.089590604026846]}, "properties": {"node_id": 224, "elevation_m": 28.5, "elevation_provenance": "DERIVED", "in_degree": 1, "out_degree": 1, "is_headwater": false, "is_sink": false, "role": "junction", "capacity_m3s": 0.3125, "capacity_provenance": "ESTIMATED", "capacity_method": "contributing_area_m2 x (50.0mm/hr, MCGM post-BRIMSTOWAD-1993 design intensity, runoff coeff 1.0) — see mcgm_swd_official_statistics.json. Real pipe diameters/invert levels are unavailable for this area."}}, {"type": "Feature", "geometry": {"type": "Point", "coordinates": [72.89330402684564, 19.089926174496643]}, "properties": {"node_id": 225, "elevation_m": 26.99, "elevation_provenance": "DERIVED", "in_degree": 0, "out_degree": 1, "is_headwater": true, "is_sink": false, "role": "headwater inlet", "capacity_m3s": 0.15, "capacity_provenance": "ESTIMATED", "capacity_method": "contributing_area_m2 x (50.0mm/hr, MCGM post-BRIMSTOWAD-1993 design intensity, runoff coeff 1.0) — see mcgm_swd_official_statistics.json. Real pipe diameters/invert levels are unavailable for this area."}}, {"type": "Feature", "geometry": {"type": "Point", "coordinates": [72.89733087248322, 19.089590604026846]}, "properties": {"node_id": 226, "elevation_m": 17.61, "elevation_provenance": "DERIVED", "in_degree": 2, "out_degree": 1, "is_headwater": false, "is_sink": false, "role": "junction", "capacity_m3s": 0.725, "capacity_provenance": "ESTIMATED", "capacity_method": "contributing_area_m2 x (50.0mm/hr, MCGM post-BRIMSTOWAD-1993 design intensity, runoff coeff 1.0) — see mcgm_swd_official_statistics.json. Real pipe diameters/invert levels are unavailable for this area."}}, {"type": "Feature", "geometry": {"type": "Point", "coordinates": [72.89867315436241, 19.089590604026846]}, "properties": {"node_id": 227, "elevation_m": 18.72, "elevation_provenance": "DERIVED", "in_degree": 1, "out_degree": 1, "is_headwater": false, "is_sink": false, "role": "junction", "capacity_m3s": 0.3875, "capacity_provenance": "ESTIMATED", "capacity_method": "contributing_area_m2 x (50.0mm/hr, MCGM post-BRIMSTOWAD-1993 design intensity, runoff coeff 1.0) — see mcgm_swd_official_statistics.json. Real pipe diameters/invert levels are unavailable for this area."}}, {"type": "Feature", "geometry": {"type": "Point", "coordinates": [72.88189463087248, 19.089590604026846]}, "properties": {"node_id": 228, "elevation_m": 7.53, "elevation_provenance": "DERIVED", "in_degree": 0, "out_degree": 1, "is_headwater": true, "is_sink": false, "role": "headwater inlet", "capacity_m3s": 0.1625, "capacity_provenance": "ESTIMATED", "capacity_method": "contributing_area_m2 x (50.0mm/hr, MCGM post-BRIMSTOWAD-1993 design intensity, runoff coeff 1.0) — see mcgm_swd_official_statistics.json. Real pipe diameters/invert levels are unavailable for this area."}}, {"type": "Feature", "geometry": {"type": "Point", "coordinates": [72.88189463087248, 19.089255033557045]}, "properties": {"node_id": 229, "elevation_m": 7.5, "elevation_provenance": "DERIVED", "in_degree": 1, "out_degree": 0, "is_headwater": false, "is_sink": true, "role": "sink / potential surcharge & ponding point", "capacity_m3s": 0.1625, "capacity_provenance": "ESTIMATED", "capacity_method": "contributing_area_m2 x (50.0mm/hr, MCGM post-BRIMSTOWAD-1993 design intensity, runoff coeff 1.0) — see mcgm_swd_official_statistics.json. Real pipe diameters/invert levels are unavailable for this area."}}, {"type": "Feature", "geometry": {"type": "Point", "coordinates": [72.88994832214765, 19.089255033557045]}, "properties": {"node_id": 230, "elevation_m": 26.22, "elevation_provenance": "DERIVED", "in_degree": 1, "out_degree": 1, "is_headwater": false, "is_sink": false, "role": "junction", "capacity_m3s": 0.325, "capacity_provenance": "ESTIMATED", "capacity_method": "contributing_area_m2 x (50.0mm/hr, MCGM post-BRIMSTOWAD-1993 design intensity, runoff coeff 1.0) — see mcgm_swd_official_statistics.json. Real pipe diameters/invert levels are unavailable for this area."}}, {"type": "Feature", "geometry": {"type": "Point", "coordinates": [72.89632416107382, 19.089590604026846]}, "properties": {"node_id": 231, "elevation_m": 18.05, "elevation_provenance": "DERIVED", "in_degree": 0, "out_degree": 1, "is_headwater": true, "is_sink": false, "role": "headwater inlet", "capacity_m3s": 0.125, "capacity_provenance": "ESTIMATED", "capacity_method": "contributing_area_m2 x (50.0mm/hr, MCGM post-BRIMSTOWAD-1993 design intensity, runoff coeff 1.0) — see mcgm_swd_official_statistics.json. Real pipe diameters/invert levels are unavailable for this area."}}, {"type": "Feature", "geometry": {"type": "Point", "coordinates": [72.89665973154362, 19.089590604026846]}, "properties": {"node_id": 232, "elevation_m": 17.75, "elevation_provenance": "DERIVED", "in_degree": 1, "out_degree": 1, "is_headwater": false, "is_sink": false, "role": "junction", "capacity_m3s": 0.1875, "capacity_provenance": "ESTIMATED", "capacity_method": "contributing_area_m2 x (50.0mm/hr, MCGM post-BRIMSTOWAD-1993 design intensity, runoff coeff 1.0) — see mcgm_swd_official_statistics.json. Real pipe diameters/invert levels are unavailable for this area."}}, {"type": "Feature", "geometry": {"type": "Point", "coordinates": [72.89699530201342, 19.089255033557045]}, "properties": {"node_id": 233, "elevation_m": 17.29, "elevation_provenance": "DERIVED", "in_degree": 2, "out_degree": 1, "is_headwater": false, "is_sink": false, "role": "junction", "capacity_m3s": 1.0125, "capacity_provenance": "ESTIMATED", "capacity_method": "contributing_area_m2 x (50.0mm/hr, MCGM post-BRIMSTOWAD-1993 design intensity, runoff coeff 1.0) — see mcgm_swd_official_statistics.json. Real pipe diameters/invert levels are unavailable for this area."}}, {"type": "Feature", "geometry": {"type": "Point", "coordinates": [72.89867315436241, 19.089255033557045]}, "properties": {"node_id": 234, "elevation_m": 18.11, "elevation_provenance": "DERIVED", "in_degree": 1, "out_degree": 1, "is_headwater": false, "is_sink": false, "role": "junction", "capacity_m3s": 0.5, "capacity_provenance": "ESTIMATED", "capacity_method": "contributing_area_m2 x (50.0mm/hr, MCGM post-BRIMSTOWAD-1993 design intensity, runoff coeff 1.0) — see mcgm_swd_official_statistics.json. Real pipe diameters/invert levels are unavailable for this area."}}, {"type": "Feature", "geometry": {"type": "Point", "coordinates": [72.88961275167784, 19.089255033557045]}, "properties": {"node_id": 235, "elevation_m": 24.84, "elevation_provenance": "DERIVED", "in_degree": 1, "out_degree": 0, "is_headwater": false, "is_sink": true, "role": "sink / potential surcharge & ponding point", "capacity_m3s": 0.325, "capacity_provenance": "ESTIMATED", "capacity_method": "contributing_area_m2 x (50.0mm/hr, MCGM post-BRIMSTOWAD-1993 design intensity, runoff coeff 1.0) — see mcgm_swd_official_statistics.json. Real pipe diameters/invert levels are unavailable for this area."}}, {"type": "Feature", "geometry": {"type": "Point", "coordinates": [72.89733087248322, 19.088919463087247]}, "properties": {"node_id": 236, "elevation_m": 17.05, "elevation_provenance": "DERIVED", "in_degree": 1, "out_degree": 1, "is_headwater": false, "is_sink": false, "role": "junction", "capacity_m3s": 1.05, "capacity_provenance": "ESTIMATED", "capacity_method": "contributing_area_m2 x (50.0mm/hr, MCGM post-BRIMSTOWAD-1993 design intensity, runoff coeff 1.0) — see mcgm_swd_official_statistics.json. Real pipe diameters/invert levels are unavailable for this area."}}, {"type": "Feature", "geometry": {"type": "Point", "coordinates": [72.89833758389261, 19.088919463087247]}, "properties": {"node_id": 237, "elevation_m": 17.99, "elevation_provenance": "DERIVED", "in_degree": 1, "out_degree": 1, "is_headwater": false, "is_sink": false, "role": "junction", "capacity_m3s": 0.55, "capacity_provenance": "ESTIMATED", "capacity_method": "contributing_area_m2 x (50.0mm/hr, MCGM post-BRIMSTOWAD-1993 design intensity, runoff coeff 1.0) — see mcgm_swd_official_statistics.json. Real pipe diameters/invert levels are unavailable for this area."}}, {"type": "Feature", "geometry": {"type": "Point", "coordinates": [72.9016932885906, 19.089255033557045]}, "properties": {"node_id": 238, "elevation_m": 22.4, "elevation_provenance": "DERIVED", "in_degree": 0, "out_degree": 1, "is_headwater": true, "is_sink": false, "role": "headwater inlet", "capacity_m3s": 0.125, "capacity_provenance": "ESTIMATED", "capacity_method": "contributing_area_m2 x (50.0mm/hr, MCGM post-BRIMSTOWAD-1993 design intensity, runoff coeff 1.0) — see mcgm_swd_official_statistics.json. Real pipe diameters/invert levels are unavailable for this area."}}, {"type": "Feature", "geometry": {"type": "Point", "coordinates": [72.9016932885906, 19.088919463087247]}, "properties": {"node_id": 239, "elevation_m": 22.2, "elevation_provenance": "DERIVED", "in_degree": 1, "out_degree": 1, "is_headwater": false, "is_sink": false, "role": "junction", "capacity_m3s": 0.1625, "capacity_provenance": "ESTIMATED", "capacity_method": "contributing_area_m2 x (50.0mm/hr, MCGM post-BRIMSTOWAD-1993 design intensity, runoff coeff 1.0) — see mcgm_swd_official_statistics.json. Real pipe diameters/invert levels are unavailable for this area."}}, {"type": "Feature", "geometry": {"type": "Point", "coordinates": [72.88692818791947, 19.088919463087247]}, "properties": {"node_id": 240, "elevation_m": 8.51, "elevation_provenance": "DERIVED", "in_degree": 1, "out_degree": 1, "is_headwater": false, "is_sink": false, "role": "junction", "capacity_m3s": 0.15, "capacity_provenance": "ESTIMATED", "capacity_method": "contributing_area_m2 x (50.0mm/hr, MCGM post-BRIMSTOWAD-1993 design intensity, runoff coeff 1.0) — see mcgm_swd_official_statistics.json. Real pipe diameters/invert levels are unavailable for this area."}}, {"type": "Feature", "geometry": {"type": "Point", "coordinates": [72.88692818791947, 19.08858389261745]}, "properties": {"node_id": 241, "elevation_m": 7.5, "elevation_provenance": "DERIVED", "in_degree": 1, "out_degree": 0, "is_headwater": false, "is_sink": true, "role": "sink / potential surcharge & ponding point", "capacity_m3s": 0.15, "capacity_provenance": "ESTIMATED", "capacity_method": "contributing_area_m2 x (50.0mm/hr, MCGM post-BRIMSTOWAD-1993 design intensity, runoff coeff 1.0) — see mcgm_swd_official_statistics.json. Real pipe diameters/invert levels are unavailable for this area."}}, {"type": "Feature", "geometry": {"type": "Point", "coordinates": [72.88726375838925, 19.088919463087247]}, "properties": {"node_id": 242, "elevation_m": 13.59, "elevation_provenance": "DERIVED", "in_degree": 0, "out_degree": 1, "is_headwater": true, "is_sink": false, "role": "headwater inlet", "capacity_m3s": 0.125, "capacity_provenance": "ESTIMATED", "capacity_method": "contributing_area_m2 x (50.0mm/hr, MCGM post-BRIMSTOWAD-1993 design intensity, runoff coeff 1.0) — see mcgm_swd_official_statistics.json. Real pipe diameters/invert levels are unavailable for this area."}}, {"type": "Feature", "geometry": {"type": "Point", "coordinates": [72.89733087248322, 19.08858389261745]}, "properties": {"node_id": 243, "elevation_m": 15.57, "elevation_provenance": "DERIVED", "in_degree": 1, "out_degree": 1, "is_headwater": false, "is_sink": false, "role": "junction", "capacity_m3s": 1.075, "capacity_provenance": "ESTIMATED", "capacity_method": "contributing_area_m2 x (50.0mm/hr, MCGM post-BRIMSTOWAD-1993 design intensity, runoff coeff 1.0) — see mcgm_swd_official_statistics.json. Real pipe diameters/invert levels are unavailable for this area."}}, {"type": "Feature", "geometry": {"type": "Point", "coordinates": [72.89800201342281, 19.08858389261745]}, "properties": {"node_id": 244, "elevation_m": 17.55, "elevation_provenance": "DERIVED", "in_degree": 1, "out_degree": 1, "is_headwater": false, "is_sink": false, "role": "junction", "capacity_m3s": 0.5625, "capacity_provenance": "ESTIMATED", "capacity_method": "contributing_area_m2 x (50.0mm/hr, MCGM post-BRIMSTOWAD-1993 design intensity, runoff coeff 1.0) — see mcgm_swd_official_statistics.json. Real pipe diameters/invert levels are unavailable for this area."}}, {"type": "Feature", "geometry": {"type": "Point", "coordinates": [72.9016932885906, 19.08858389261745]}, "properties": {"node_id": 245, "elevation_m": 22.13, "elevation_provenance": "DERIVED", "in_degree": 1, "out_degree": 1, "is_headwater": false, "is_sink": false, "role": "junction", "capacity_m3s": 0.175, "capacity_provenance": "ESTIMATED", "capacity_method": "contributing_area_m2 x (50.0mm/hr, MCGM post-BRIMSTOWAD-1993 design intensity, runoff coeff 1.0) — see mcgm_swd_official_statistics.json. Real pipe diameters/invert levels are unavailable for this area."}}, {"type": "Feature", "geometry": {"type": "Point", "coordinates": [72.88994832214765, 19.08858389261745]}, "properties": {"node_id": 246, "elevation_m": 25.02, "elevation_provenance": "DERIVED", "in_degree": 0, "out_degree": 1, "is_headwater": true, "is_sink": false, "role": "headwater inlet", "capacity_m3s": 0.1875, "capacity_provenance": "ESTIMATED", "capacity_method": "contributing_area_m2 x (50.0mm/hr, MCGM post-BRIMSTOWAD-1993 design intensity, runoff coeff 1.0) — see mcgm_swd_official_statistics.json. Real pipe diameters/invert levels are unavailable for this area."}}, {"type": "Feature", "geometry": {"type": "Point", "coordinates": [72.89028389261745, 19.08824832214765]}, "properties": {"node_id": 247, "elevation_m": 24.89, "elevation_provenance": "DERIVED", "in_degree": 2, "out_degree": 1, "is_headwater": false, "is_sink": false, "role": "junction", "capacity_m3s": 0.35, "capacity_provenance": "ESTIMATED", "capacity_method": "contributing_area_m2 x (50.0mm/hr, MCGM post-BRIMSTOWAD-1993 design intensity, runoff coeff 1.0) — see mcgm_swd_official_statistics.json. Real pipe diameters/invert levels are unavailable for this area."}}, {"type": "Feature", "geometry": {"type": "Point", "coordinates": [72.89028389261745, 19.08858389261745]}, "properties": {"node_id": 248, "elevation_m": 24.97, "elevation_provenance": "DERIVED", "in_degree": 0, "out_degree": 1, "is_headwater": true, "is_sink": false, "role": "headwater inlet", "capacity_m3s": 0.15, "capacity_provenance": "ESTIMATED", "capacity_method": "contributing_area_m2 x (50.0mm/hr, MCGM post-BRIMSTOWAD-1993 design intensity, runoff coeff 1.0) — see mcgm_swd_official_statistics.json. Real pipe diameters/invert levels are unavailable for this area."}}, {"type": "Feature", "geometry": {"type": "Point", "coordinates": [72.89464630872483, 19.08858389261745]}, "properties": {"node_id": 249, "elevation_m": 19.9, "elevation_provenance": "DERIVED", "in_degree": 1, "out_degree": 1, "is_headwater": false, "is_sink": false, "role": "junction", "capacity_m3s": 0.1625, "capacity_provenance": "ESTIMATED", "capacity_method": "contributing_area_m2 x (50.0mm/hr, MCGM post-BRIMSTOWAD-1993 design intensity, runoff coeff 1.0) — see mcgm_swd_official_statistics.json. Real pipe diameters/invert levels are unavailable for this area."}}, {"type": "Feature", "geometry": {"type": "Point", "coordinates": [72.89498187919463, 19.088919463087247]}, "properties": {"node_id": 250, "elevation_m": 19.5, "elevation_provenance": "DERIVED", "in_degree": 1, "out_degree": 0, "is_headwater": false, "is_sink": true, "role": "sink / potential surcharge & ponding point", "capacity_m3s": 0.1625, "capacity_provenance": "ESTIMATED", "capacity_method": "contributing_area_m2 x (50.0mm/hr, MCGM post-BRIMSTOWAD-1993 design intensity, runoff coeff 1.0) — see mcgm_swd_official_statistics.json. Real pipe diameters/invert levels are unavailable for this area."}}, {"type": "Feature", "geometry": {"type": "Point", "coordinates": [72.89733087248322, 19.08824832214765]}, "properties": {"node_id": 251, "elevation_m": 15.05, "elevation_provenance": "DERIVED", "in_degree": 2, "out_degree": 0, "is_headwater": false, "is_sink": true, "role": "sink / potential surcharge & ponding point", "capacity_m3s": 1.075, "capacity_provenance": "ESTIMATED", "capacity_method": "contributing_area_m2 x (50.0mm/hr, MCGM post-BRIMSTOWAD-1993 design intensity, runoff coeff 1.0) — see mcgm_swd_official_statistics.json. Real pipe diameters/invert levels are unavailable for this area."}}, {"type": "Feature", "geometry": {"type": "Point", "coordinates": [72.89766644295301, 19.08858389261745]}, "properties": {"node_id": 252, "elevation_m": 15.77, "elevation_provenance": "DERIVED", "in_degree": 1, "out_degree": 1, "is_headwater": false, "is_sink": false, "role": "junction", "capacity_m3s": 0.6, "capacity_provenance": "ESTIMATED", "capacity_method": "contributing_area_m2 x (50.0mm/hr, MCGM post-BRIMSTOWAD-1993 design intensity, runoff coeff 1.0) — see mcgm_swd_official_statistics.json. Real pipe diameters/invert levels are unavailable for this area."}}, {"type": "Feature", "geometry": {"type": "Point", "coordinates": [72.9013577181208, 19.08824832214765]}, "properties": {"node_id": 253, "elevation_m": 19.31, "elevation_provenance": "DERIVED", "in_degree": 1, "out_degree": 1, "is_headwater": false, "is_sink": false, "role": "junction", "capacity_m3s": 0.2375, "capacity_provenance": "ESTIMATED", "capacity_method": "contributing_area_m2 x (50.0mm/hr, MCGM post-BRIMSTOWAD-1993 design intensity, runoff coeff 1.0) — see mcgm_swd_official_statistics.json. Real pipe diameters/invert levels are unavailable for this area."}}, {"type": "Feature", "geometry": {"type": "Point", "coordinates": [72.89028389261745, 19.08791275167785]}, "properties": {"node_id": 254, "elevation_m": 23.81, "elevation_provenance": "DERIVED", "in_degree": 1, "out_degree": 1, "is_headwater": false, "is_sink": false, "role": "junction", "capacity_m3s": 0.4375, "capacity_provenance": "ESTIMATED", "capacity_method": "contributing_area_m2 x (50.0mm/hr, MCGM post-BRIMSTOWAD-1993 design intensity, runoff coeff 1.0) — see mcgm_swd_official_statistics.json. Real pipe diameters/invert levels are unavailable for this area."}}, {"type": "Feature", "geometry": {"type": "Point", "coordinates": [72.89464630872483, 19.08824832214765]}, "properties": {"node_id": 255, "elevation_m": 20.09, "elevation_provenance": "DERIVED", "in_degree": 0, "out_degree": 1, "is_headwater": true, "is_sink": false, "role": "headwater inlet", "capacity_m3s": 0.125, "capacity_provenance": "ESTIMATED", "capacity_method": "contributing_area_m2 x (50.0mm/hr, MCGM post-BRIMSTOWAD-1993 design intensity, runoff coeff 1.0) — see mcgm_swd_official_statistics.json. Real pipe diameters/invert levels are unavailable for this area."}}, {"type": "Feature", "geometry": {"type": "Point", "coordinates": [72.901022147651, 19.08824832214765]}, "properties": {"node_id": 256, "elevation_m": 18.42, "elevation_provenance": "DERIVED", "in_degree": 1, "out_degree": 1, "is_headwater": false, "is_sink": false, "role": "junction", "capacity_m3s": 0.275, "capacity_provenance": "ESTIMATED", "capacity_method": "contributing_area_m2 x (50.0mm/hr, MCGM post-BRIMSTOWAD-1993 design intensity, runoff coeff 1.0) — see mcgm_swd_official_statistics.json. Real pipe diameters/invert levels are unavailable for this area."}}, {"type": "Feature", "geometry": {"type": "Point", "coordinates": [72.901022147651, 19.08791275167785]}, "properties": {"node_id": 257, "elevation_m": 17.6, "elevation_provenance": "DERIVED", "in_degree": 1, "out_degree": 0, "is_headwater": false, "is_sink": true, "role": "sink / potential surcharge & ponding point", "capacity_m3s": 0.275, "capacity_provenance": "ESTIMATED", "capacity_method": "contributing_area_m2 x (50.0mm/hr, MCGM post-BRIMSTOWAD-1993 design intensity, runoff coeff 1.0) — see mcgm_swd_official_statistics.json. Real pipe diameters/invert levels are unavailable for this area."}}, {"type": "Feature", "geometry": {"type": "Point", "coordinates": [72.88759932885905, 19.08791275167785]}, "properties": {"node_id": 258, "elevation_m": 10.08, "elevation_provenance": "DERIVED", "in_degree": 0, "out_degree": 1, "is_headwater": true, "is_sink": false, "role": "headwater inlet", "capacity_m3s": 0.125, "capacity_provenance": "ESTIMATED", "capacity_method": "contributing_area_m2 x (50.0mm/hr, MCGM post-BRIMSTOWAD-1993 design intensity, runoff coeff 1.0) — see mcgm_swd_official_statistics.json. Real pipe diameters/invert levels are unavailable for this area."}}, {"type": "Feature", "geometry": {"type": "Point", "coordinates": [72.88759932885905, 19.087577181208054]}, "properties": {"node_id": 259, "elevation_m": 7.5, "elevation_provenance": "DERIVED", "in_degree": 2, "out_degree": 0, "is_headwater": false, "is_sink": true, "role": "sink / potential surcharge & ponding point", "capacity_m3s": 0.15, "capacity_provenance": "ESTIMATED", "capacity_method": "contributing_area_m2 x (50.0mm/hr, MCGM post-BRIMSTOWAD-1993 design intensity, runoff coeff 1.0) — see mcgm_swd_official_statistics.json. Real pipe diameters/invert levels are unavailable for this area."}}, {"type": "Feature", "geometry": {"type": "Point", "coordinates": [72.89028389261745, 19.087577181208054]}, "properties": {"node_id": 260, "elevation_m": 23.29, "elevation_provenance": "DERIVED", "in_degree": 1, "out_degree": 1, "is_headwater": false, "is_sink": false, "role": "junction", "capacity_m3s": 0.4625, "capacity_provenance": "ESTIMATED", "capacity_method": "contributing_area_m2 x (50.0mm/hr, MCGM post-BRIMSTOWAD-1993 design intensity, runoff coeff 1.0) — see mcgm_swd_official_statistics.json. Real pipe diameters/invert levels are unavailable for this area."}}, {"type": "Feature", "geometry": {"type": "Point", "coordinates": [72.9027, 19.08791275167785]}, "properties": {"node_id": 261, "elevation_m": 20.39, "elevation_provenance": "DERIVED", "in_degree": 0, "out_degree": 1, "is_headwater": true, "is_sink": false, "role": "headwater inlet", "capacity_m3s": 0.125, "capacity_provenance": "ESTIMATED", "capacity_method": "contributing_area_m2 x (50.0mm/hr, MCGM post-BRIMSTOWAD-1993 design intensity, runoff coeff 1.0) — see mcgm_swd_official_statistics.json. Real pipe diameters/invert levels are unavailable for this area."}}, {"type": "Feature", "geometry": {"type": "Point", "coordinates": [72.9027, 19.087577181208054]}, "properties": {"node_id": 262, "elevation_m": 19.63, "elevation_provenance": "DERIVED", "in_degree": 1, "out_degree": 1, "is_headwater": false, "is_sink": false, "role": "junction", "capacity_m3s": 0.1375, "capacity_provenance": "ESTIMATED", "capacity_method": "contributing_area_m2 x (50.0mm/hr, MCGM post-BRIMSTOWAD-1993 design intensity, runoff coeff 1.0) — see mcgm_swd_official_statistics.json. Real pipe diameters/invert levels are unavailable for this area."}}, {"type": "Feature", "geometry": {"type": "Point", "coordinates": [72.89061946308725, 19.087241610738253]}, "properties": {"node_id": 263, "elevation_m": 21.9, "elevation_provenance": "DERIVED", "in_degree": 1, "out_degree": 1, "is_headwater": false, "is_sink": false, "role": "junction", "capacity_m3s": 0.5875, "capacity_provenance": "ESTIMATED", "capacity_method": "contributing_area_m2 x (50.0mm/hr, MCGM post-BRIMSTOWAD-1993 design intensity, runoff coeff 1.0) — see mcgm_swd_official_statistics.json. Real pipe diameters/invert levels are unavailable for this area."}}, {"type": "Feature", "geometry": {"type": "Point", "coordinates": [72.89431073825503, 19.087577181208054]}, "properties": {"node_id": 264, "elevation_m": 20.38, "elevation_provenance": "DERIVED", "in_degree": 0, "out_degree": 1, "is_headwater": true, "is_sink": false, "role": "headwater inlet", "capacity_m3s": 0.1375, "capacity_provenance": "ESTIMATED", "capacity_method": "contributing_area_m2 x (50.0mm/hr, MCGM post-BRIMSTOWAD-1993 design intensity, runoff coeff 1.0) — see mcgm_swd_official_statistics.json. Real pipe diameters/invert levels are unavailable for this area."}}, {"type": "Feature", "geometry": {"type": "Point", "coordinates": [72.89431073825503, 19.087241610738253]}, "properties": {"node_id": 265, "elevation_m": 19.82, "elevation_provenance": "DERIVED", "in_degree": 1, "out_degree": 1, "is_headwater": false, "is_sink": false, "role": "junction", "capacity_m3s": 0.2125, "capacity_provenance": "ESTIMATED", "capacity_method": "contributing_area_m2 x (50.0mm/hr, MCGM post-BRIMSTOWAD-1993 design intensity, runoff coeff 1.0) — see mcgm_swd_official_statistics.json. Real pipe diameters/invert levels are unavailable for this area."}}, {"type": "Feature", "geometry": {"type": "Point", "coordinates": [72.9027, 19.087241610738253]}, "properties": {"node_id": 266, "elevation_m": 17.79, "elevation_provenance": "DERIVED", "in_degree": 1, "out_degree": 1, "is_headwater": false, "is_sink": false, "role": "junction", "capacity_m3s": 0.15, "capacity_provenance": "ESTIMATED", "capacity_method": "contributing_area_m2 x (50.0mm/hr, MCGM post-BRIMSTOWAD-1993 design intensity, runoff coeff 1.0) — see mcgm_swd_official_statistics.json. Real pipe diameters/invert levels are unavailable for this area."}}, {"type": "Feature", "geometry": {"type": "Point", "coordinates": [72.88793489932885, 19.087241610738253]}, "properties": {"node_id": 267, "elevation_m": 14.39, "elevation_provenance": "DERIVED", "in_degree": 0, "out_degree": 1, "is_headwater": true, "is_sink": false, "role": "headwater inlet", "capacity_m3s": 0.15, "capacity_provenance": "ESTIMATED", "capacity_method": "contributing_area_m2 x (50.0mm/hr, MCGM post-BRIMSTOWAD-1993 design intensity, runoff coeff 1.0) — see mcgm_swd_official_statistics.json. Real pipe diameters/invert levels are unavailable for this area."}}, {"type": "Feature", "geometry": {"type": "Point", "coordinates": [72.89095503355705, 19.086906040268456]}, "properties": {"node_id": 268, "elevation_m": 19.11, "elevation_provenance": "DERIVED", "in_degree": 1, "out_degree": 1, "is_headwater": false, "is_sink": false, "role": "junction", "capacity_m3s": 0.725, "capacity_provenance": "ESTIMATED", "capacity_method": "contributing_area_m2 x (50.0mm/hr, MCGM post-BRIMSTOWAD-1993 design intensity, runoff coeff 1.0) — see mcgm_swd_official_statistics.json. Real pipe diameters/invert levels are unavailable for this area."}}, {"type": "Feature", "geometry": {"type": "Point", "coordinates": [72.89464630872483, 19.086906040268456]}, "properties": {"node_id": 269, "elevation_m": 19.46, "elevation_provenance": "DERIVED", "in_degree": 1, "out_degree": 1, "is_headwater": false, "is_sink": false, "role": "junction", "capacity_m3s": 0.225, "capacity_provenance": "ESTIMATED", "capacity_method": "contributing_area_m2 x (50.0mm/hr, MCGM post-BRIMSTOWAD-1993 design intensity, runoff coeff 1.0) — see mcgm_swd_official_statistics.json. Real pipe diameters/invert levels are unavailable for this area."}}, {"type": "Feature", "geometry": {"type": "Point", "coordinates": [72.9027, 19.086906040268456]}, "properties": {"node_id": 270, "elevation_m": 17.45, "elevation_provenance": "DERIVED", "in_degree": 1, "out_degree": 0, "is_headwater": false, "is_sink": true, "role": "sink / potential surcharge & ponding point", "capacity_m3s": 0.15, "capacity_provenance": "ESTIMATED", "capacity_method": "contributing_area_m2 x (50.0mm/hr, MCGM post-BRIMSTOWAD-1993 design intensity, runoff coeff 1.0) — see mcgm_swd_official_statistics.json. Real pipe diameters/invert levels are unavailable for this area."}}, {"type": "Feature", "geometry": {"type": "Point", "coordinates": [72.89095503355705, 19.086570469798655]}, "properties": {"node_id": 271, "elevation_m": 17.42, "elevation_provenance": "DERIVED", "in_degree": 1, "out_degree": 1, "is_headwater": false, "is_sink": false, "role": "junction", "capacity_m3s": 0.7375, "capacity_provenance": "ESTIMATED", "capacity_method": "contributing_area_m2 x (50.0mm/hr, MCGM post-BRIMSTOWAD-1993 design intensity, runoff coeff 1.0) — see mcgm_swd_official_statistics.json. Real pipe diameters/invert levels are unavailable for this area."}}, {"type": "Feature", "geometry": {"type": "Point", "coordinates": [72.89498187919463, 19.086906040268456]}, "properties": {"node_id": 272, "elevation_m": 17.44, "elevation_provenance": "DERIVED", "in_degree": 1, "out_degree": 1, "is_headwater": false, "is_sink": false, "role": "junction", "capacity_m3s": 0.25, "capacity_provenance": "ESTIMATED", "capacity_method": "contributing_area_m2 x (50.0mm/hr, MCGM post-BRIMSTOWAD-1993 design intensity, runoff coeff 1.0) — see mcgm_swd_official_statistics.json. Real pipe diameters/invert levels are unavailable for this area."}}, {"type": "Feature", "geometry": {"type": "Point", "coordinates": [72.89531744966443, 19.086570469798655]}, "properties": {"node_id": 273, "elevation_m": 15.07, "elevation_provenance": "DERIVED", "in_degree": 1, "out_degree": 1, "is_headwater": false, "is_sink": false, "role": "junction", "capacity_m3s": 0.325, "capacity_provenance": "ESTIMATED", "capacity_method": "contributing_area_m2 x (50.0mm/hr, MCGM post-BRIMSTOWAD-1993 design intensity, runoff coeff 1.0) — see mcgm_swd_official_statistics.json. Real pipe diameters/invert levels are unavailable for this area."}}, {"type": "Feature", "geometry": {"type": "Point", "coordinates": [72.89095503355705, 19.086234899328858]}, "properties": {"node_id": 274, "elevation_m": 7.58, "elevation_provenance": "DERIVED", "in_degree": 1, "out_degree": 0, "is_headwater": false, "is_sink": true, "role": "sink / potential surcharge & ponding point", "capacity_m3s": 0.7375, "capacity_provenance": "ESTIMATED", "capacity_method": "contributing_area_m2 x (50.0mm/hr, MCGM post-BRIMSTOWAD-1993 design intensity, runoff coeff 1.0) — see mcgm_swd_official_statistics.json. Real pipe diameters/invert levels are unavailable for this area."}}, {"type": "Feature", "geometry": {"type": "Point", "coordinates": [72.89129060402684, 19.086570469798655]}, "properties": {"node_id": 275, "elevation_m": 16.74, "elevation_provenance": "DERIVED", "in_degree": 0, "out_degree": 1, "is_headwater": true, "is_sink": false, "role": "headwater inlet", "capacity_m3s": 0.1375, "capacity_provenance": "ESTIMATED", "capacity_method": "contributing_area_m2 x (50.0mm/hr, MCGM post-BRIMSTOWAD-1993 design intensity, runoff coeff 1.0) — see mcgm_swd_official_statistics.json. Real pipe diameters/invert levels are unavailable for this area."}}, {"type": "Feature", "geometry": {"type": "Point", "coordinates": [72.89129060402684, 19.086234899328858]}, "properties": {"node_id": 276, "elevation_m": 8.11, "elevation_provenance": "DERIVED", "in_degree": 1, "out_degree": 0, "is_headwater": false, "is_sink": true, "role": "sink / potential surcharge & ponding point", "capacity_m3s": 0.1375, "capacity_provenance": "ESTIMATED", "capacity_method": "contributing_area_m2 x (50.0mm/hr, MCGM post-BRIMSTOWAD-1993 design intensity, runoff coeff 1.0) — see mcgm_swd_official_statistics.json. Real pipe diameters/invert levels are unavailable for this area."}}, {"type": "Feature", "geometry": {"type": "Point", "coordinates": [72.89531744966443, 19.086234899328858]}, "properties": {"node_id": 277, "elevation_m": 12.99, "elevation_provenance": "DERIVED", "in_degree": 1, "out_degree": 1, "is_headwater": false, "is_sink": false, "role": "junction", "capacity_m3s": 0.35, "capacity_provenance": "ESTIMATED", "capacity_method": "contributing_area_m2 x (50.0mm/hr, MCGM post-BRIMSTOWAD-1993 design intensity, runoff coeff 1.0) — see mcgm_swd_official_statistics.json. Real pipe diameters/invert levels are unavailable for this area."}}, {"type": "Feature", "geometry": {"type": "Point", "coordinates": [72.85941140939597, 19.086234899328858]}, "properties": {"node_id": 278, "elevation_m": 3.14, "elevation_provenance": "DERIVED", "in_degree": 1, "out_degree": 1, "is_headwater": false, "is_sink": false, "role": "junction", "capacity_m3s": 0.1625, "capacity_provenance": "ESTIMATED", "capacity_method": "contributing_area_m2 x (50.0mm/hr, MCGM post-BRIMSTOWAD-1993 design intensity, runoff coeff 1.0) — see mcgm_swd_official_statistics.json. Real pipe diameters/invert levels are unavailable for this area."}}, {"type": "Feature", "geometry": {"type": "Point", "coordinates": [72.85907583892617, 19.086570469798655]}, "properties": {"node_id": 279, "elevation_m": 0.0, "elevation_provenance": "DERIVED", "in_degree": 1, "out_degree": 0, "is_headwater": false, "is_sink": true, "role": "sink / potential surcharge & ponding point", "capacity_m3s": 0.1625, "capacity_provenance": "ESTIMATED", "capacity_method": "contributing_area_m2 x (50.0mm/hr, MCGM post-BRIMSTOWAD-1993 design intensity, runoff coeff 1.0) — see mcgm_swd_official_statistics.json. Real pipe diameters/invert levels are unavailable for this area."}}, {"type": "Feature", "geometry": {"type": "Point", "coordinates": [72.89531744966443, 19.08589932885906]}, "properties": {"node_id": 280, "elevation_m": 9.05, "elevation_provenance": "DERIVED", "in_degree": 1, "out_degree": 0, "is_headwater": false, "is_sink": true, "role": "sink / potential surcharge & ponding point", "capacity_m3s": 0.35, "capacity_provenance": "ESTIMATED", "capacity_method": "contributing_area_m2 x (50.0mm/hr, MCGM post-BRIMSTOWAD-1993 design intensity, runoff coeff 1.0) — see mcgm_swd_official_statistics.json. Real pipe diameters/invert levels are unavailable for this area."}}, {"type": "Feature", "geometry": {"type": "Point", "coordinates": [72.85974697986578, 19.08589932885906]}, "properties": {"node_id": 281, "elevation_m": 3.45, "elevation_provenance": "DERIVED", "in_degree": 0, "out_degree": 1, "is_headwater": true, "is_sink": false, "role": "headwater inlet", "capacity_m3s": 0.1375, "capacity_provenance": "ESTIMATED", "capacity_method": "contributing_area_m2 x (50.0mm/hr, MCGM post-BRIMSTOWAD-1993 design intensity, runoff coeff 1.0) — see mcgm_swd_official_statistics.json. Real pipe diameters/invert levels are unavailable for this area."}}, {"type": "Feature", "geometry": {"type": "Point", "coordinates": [72.89363959731543, 19.08556375838926]}, "properties": {"node_id": 282, "elevation_m": 8.67, "elevation_provenance": "DERIVED", "in_degree": 0, "out_degree": 1, "is_headwater": true, "is_sink": false, "role": "headwater inlet", "capacity_m3s": 0.125, "capacity_provenance": "ESTIMATED", "capacity_method": "contributing_area_m2 x (50.0mm/hr, MCGM post-BRIMSTOWAD-1993 design intensity, runoff coeff 1.0) — see mcgm_swd_official_statistics.json. Real pipe diameters/invert levels are unavailable for this area."}}, {"type": "Feature", "geometry": {"type": "Point", "coordinates": [72.89363959731543, 19.085228187919462]}, "properties": {"node_id": 283, "elevation_m": 7.63, "elevation_provenance": "DERIVED", "in_degree": 1, "out_degree": 0, "is_headwater": false, "is_sink": true, "role": "sink / potential surcharge & ponding point", "capacity_m3s": 0.125, "capacity_provenance": "ESTIMATED", "capacity_method": "contributing_area_m2 x (50.0mm/hr, MCGM post-BRIMSTOWAD-1993 design intensity, runoff coeff 1.0) — see mcgm_swd_official_statistics.json. Real pipe diameters/invert levels are unavailable for this area."}}, {"type": "Feature", "geometry": {"type": "Point", "coordinates": [72.89431073825503, 19.08556375838926]}, "properties": {"node_id": 284, "elevation_m": 8.57, "elevation_provenance": "DERIVED", "in_degree": 0, "out_degree": 1, "is_headwater": true, "is_sink": false, "role": "headwater inlet", "capacity_m3s": 0.1375, "capacity_provenance": "ESTIMATED", "capacity_method": "contributing_area_m2 x (50.0mm/hr, MCGM post-BRIMSTOWAD-1993 design intensity, runoff coeff 1.0) — see mcgm_swd_official_statistics.json. Real pipe diameters/invert levels are unavailable for this area."}}, {"type": "Feature", "geometry": {"type": "Point", "coordinates": [72.89397516778523, 19.085228187919462]}, "properties": {"node_id": 285, "elevation_m": 7.57, "elevation_provenance": "DERIVED", "in_degree": 1, "out_degree": 0, "is_headwater": false, "is_sink": true, "role": "sink / potential surcharge & ponding point", "capacity_m3s": 0.1375, "capacity_provenance": "ESTIMATED", "capacity_method": "contributing_area_m2 x (50.0mm/hr, MCGM post-BRIMSTOWAD-1993 design intensity, runoff coeff 1.0) — see mcgm_swd_official_statistics.json. Real pipe diameters/invert levels are unavailable for this area."}}, {"type": "Feature", "geometry": {"type": "Point", "coordinates": [72.85572013422819, 19.085228187919462]}, "properties": {"node_id": 286, "elevation_m": 1.15, "elevation_provenance": "DERIVED", "in_degree": 1, "out_degree": 1, "is_headwater": false, "is_sink": false, "role": "junction", "capacity_m3s": 0.225, "capacity_provenance": "ESTIMATED", "capacity_method": "contributing_area_m2 x (50.0mm/hr, MCGM post-BRIMSTOWAD-1993 design intensity, runoff coeff 1.0) — see mcgm_swd_official_statistics.json. Real pipe diameters/invert levels are unavailable for this area."}}, {"type": "Feature", "geometry": {"type": "Point", "coordinates": [72.85605570469798, 19.085228187919462]}, "properties": {"node_id": 287, "elevation_m": 0.12, "elevation_provenance": "DERIVED", "in_degree": 1, "out_degree": 1, "is_headwater": false, "is_sink": false, "role": "junction", "capacity_m3s": 0.3125, "capacity_provenance": "ESTIMATED", "capacity_method": "contributing_area_m2 x (50.0mm/hr, MCGM post-BRIMSTOWAD-1993 design intensity, runoff coeff 1.0) — see mcgm_swd_official_statistics.json. Real pipe diameters/invert levels are unavailable for this area."}}, {"type": "Feature", "geometry": {"type": "Point", "coordinates": [72.85605570469798, 19.08556375838926]}, "properties": {"node_id": 288, "elevation_m": 0.0, "elevation_provenance": "DERIVED", "in_degree": 1, "out_degree": 0, "is_headwater": false, "is_sink": true, "role": "sink / potential surcharge & ponding point", "capacity_m3s": 0.3125, "capacity_provenance": "ESTIMATED", "capacity_method": "contributing_area_m2 x (50.0mm/hr, MCGM post-BRIMSTOWAD-1993 design intensity, runoff coeff 1.0) — see mcgm_swd_official_statistics.json. Real pipe diameters/invert levels are unavailable for this area."}}, {"type": "Feature", "geometry": {"type": "Point", "coordinates": [72.87887449664429, 19.085228187919462]}, "properties": {"node_id": 289, "elevation_m": 0.12, "elevation_provenance": "DERIVED", "in_degree": 0, "out_degree": 1, "is_headwater": true, "is_sink": false, "role": "headwater inlet", "capacity_m3s": 0.1375, "capacity_provenance": "ESTIMATED", "capacity_method": "contributing_area_m2 x (50.0mm/hr, MCGM post-BRIMSTOWAD-1993 design intensity, runoff coeff 1.0) — see mcgm_swd_official_statistics.json. Real pipe diameters/invert levels are unavailable for this area."}}, {"type": "Feature", "geometry": {"type": "Point", "coordinates": [72.87887449664429, 19.08556375838926]}, "properties": {"node_id": 290, "elevation_m": 0.0, "elevation_provenance": "DERIVED", "in_degree": 1, "out_degree": 0, "is_headwater": false, "is_sink": true, "role": "sink / potential surcharge & ponding point", "capacity_m3s": 0.1375, "capacity_provenance": "ESTIMATED", "capacity_method": "contributing_area_m2 x (50.0mm/hr, MCGM post-BRIMSTOWAD-1993 design intensity, runoff coeff 1.0) — see mcgm_swd_official_statistics.json. Real pipe diameters/invert levels are unavailable for this area."}}, {"type": "Feature", "geometry": {"type": "Point", "coordinates": [72.85538456375839, 19.084892617449665]}, "properties": {"node_id": 291, "elevation_m": 3.37, "elevation_provenance": "DERIVED", "in_degree": 1, "out_degree": 1, "is_headwater": false, "is_sink": false, "role": "junction", "capacity_m3s": 0.1875, "capacity_provenance": "ESTIMATED", "capacity_method": "contributing_area_m2 x (50.0mm/hr, MCGM post-BRIMSTOWAD-1993 design intensity, runoff coeff 1.0) — see mcgm_swd_official_statistics.json. Real pipe diameters/invert levels are unavailable for this area."}}, {"type": "Feature", "geometry": {"type": "Point", "coordinates": [72.89296845637584, 19.084892617449665]}, "properties": {"node_id": 292, "elevation_m": 7.58, "elevation_provenance": "DERIVED", "in_degree": 0, "out_degree": 1, "is_headwater": true, "is_sink": false, "role": "headwater inlet", "capacity_m3s": 0.175, "capacity_provenance": "ESTIMATED", "capacity_method": "contributing_area_m2 x (50.0mm/hr, MCGM post-BRIMSTOWAD-1993 design intensity, runoff coeff 1.0) — see mcgm_swd_official_statistics.json. Real pipe diameters/invert levels are unavailable for this area."}}, {"type": "Feature", "geometry": {"type": "Point", "coordinates": [72.89263288590604, 19.084557046979864]}, "properties": {"node_id": 293, "elevation_m": 7.5, "elevation_provenance": "DERIVED", "in_degree": 1, "out_degree": 0, "is_headwater": false, "is_sink": true, "role": "sink / potential surcharge & ponding point", "capacity_m3s": 0.175, "capacity_provenance": "ESTIMATED", "capacity_method": "contributing_area_m2 x (50.0mm/hr, MCGM post-BRIMSTOWAD-1993 design intensity, runoff coeff 1.0) — see mcgm_swd_official_statistics.json. Real pipe diameters/invert levels are unavailable for this area."}}, {"type": "Feature", "geometry": {"type": "Point", "coordinates": [72.85504899328859, 19.084557046979864]}, "properties": {"node_id": 294, "elevation_m": 3.48, "elevation_provenance": "DERIVED", "in_degree": 0, "out_degree": 1, "is_headwater": true, "is_sink": false, "role": "headwater inlet", "capacity_m3s": 0.1375, "capacity_provenance": "ESTIMATED", "capacity_method": "contributing_area_m2 x (50.0mm/hr, MCGM post-BRIMSTOWAD-1993 design intensity, runoff coeff 1.0) — see mcgm_swd_official_statistics.json. Real pipe diameters/invert levels are unavailable for this area."}}, {"type": "Feature", "geometry": {"type": "Point", "coordinates": [72.85907583892617, 19.083550335570468]}, "properties": {"node_id": 295, "elevation_m": 7.82, "elevation_provenance": "DERIVED", "in_degree": 0, "out_degree": 1, "is_headwater": true, "is_sink": false, "role": "headwater inlet", "capacity_m3s": 0.125, "capacity_provenance": "ESTIMATED", "capacity_method": "contributing_area_m2 x (50.0mm/hr, MCGM post-BRIMSTOWAD-1993 design intensity, runoff coeff 1.0) — see mcgm_swd_official_statistics.json. Real pipe diameters/invert levels are unavailable for this area."}}, {"type": "Feature", "geometry": {"type": "Point", "coordinates": [72.85907583892617, 19.08388590604027]}, "properties": {"node_id": 296, "elevation_m": 7.5, "elevation_provenance": "DERIVED", "in_degree": 1, "out_degree": 0, "is_headwater": false, "is_sink": true, "role": "sink / potential surcharge & ponding point", "capacity_m3s": 0.125, "capacity_provenance": "ESTIMATED", "capacity_method": "contributing_area_m2 x (50.0mm/hr, MCGM post-BRIMSTOWAD-1993 design intensity, runoff coeff 1.0) — see mcgm_swd_official_statistics.json. Real pipe diameters/invert levels are unavailable for this area."}}, {"type": "Feature", "geometry": {"type": "Point", "coordinates": [72.86142483221477, 19.082543624161072]}, "properties": {"node_id": 297, "elevation_m": 9.71, "elevation_provenance": "DERIVED", "in_degree": 1, "out_degree": 1, "is_headwater": false, "is_sink": false, "role": "junction", "capacity_m3s": 0.275, "capacity_provenance": "ESTIMATED", "capacity_method": "contributing_area_m2 x (50.0mm/hr, MCGM post-BRIMSTOWAD-1993 design intensity, runoff coeff 1.0) — see mcgm_swd_official_statistics.json. Real pipe diameters/invert levels are unavailable for this area."}}, {"type": "Feature", "geometry": {"type": "Point", "coordinates": [72.86142483221477, 19.08287919463087]}, "properties": {"node_id": 298, "elevation_m": 7.5, "elevation_provenance": "DERIVED", "in_degree": 1, "out_degree": 0, "is_headwater": false, "is_sink": true, "role": "sink / potential surcharge & ponding point", "capacity_m3s": 0.275, "capacity_provenance": "ESTIMATED", "capacity_method": "contributing_area_m2 x (50.0mm/hr, MCGM post-BRIMSTOWAD-1993 design intensity, runoff coeff 1.0) — see mcgm_swd_official_statistics.json. Real pipe diameters/invert levels are unavailable for this area."}}, {"type": "Feature", "geometry": {"type": "Point", "coordinates": [72.85874026845637, 19.082208053691275]}, "properties": {"node_id": 299, "elevation_m": 7.56, "elevation_provenance": "DERIVED", "in_degree": 0, "out_degree": 1, "is_headwater": true, "is_sink": false, "role": "headwater inlet", "capacity_m3s": 0.125, "capacity_provenance": "ESTIMATED", "capacity_method": "contributing_area_m2 x (50.0mm/hr, MCGM post-BRIMSTOWAD-1993 design intensity, runoff coeff 1.0) — see mcgm_swd_official_statistics.json. Real pipe diameters/invert levels are unavailable for this area."}}, {"type": "Feature", "geometry": {"type": "Point", "coordinates": [72.85874026845637, 19.081872483221474]}, "properties": {"node_id": 300, "elevation_m": 7.5, "elevation_provenance": "DERIVED", "in_degree": 1, "out_degree": 0, "is_headwater": false, "is_sink": true, "role": "sink / potential surcharge & ponding point", "capacity_m3s": 0.125, "capacity_provenance": "ESTIMATED", "capacity_method": "contributing_area_m2 x (50.0mm/hr, MCGM post-BRIMSTOWAD-1993 design intensity, runoff coeff 1.0) — see mcgm_swd_official_statistics.json. Real pipe diameters/invert levels are unavailable for this area."}}, {"type": "Feature", "geometry": {"type": "Point", "coordinates": [72.86142483221477, 19.082208053691275]}, "properties": {"node_id": 301, "elevation_m": 13.92, "elevation_provenance": "DERIVED", "in_degree": 1, "out_degree": 1, "is_headwater": false, "is_sink": false, "role": "junction", "capacity_m3s": 0.225, "capacity_provenance": "ESTIMATED", "capacity_method": "contributing_area_m2 x (50.0mm/hr, MCGM post-BRIMSTOWAD-1993 design intensity, runoff coeff 1.0) — see mcgm_swd_official_statistics.json. Real pipe diameters/invert levels are unavailable for this area."}}, {"type": "Feature", "geometry": {"type": "Point", "coordinates": [72.86142483221477, 19.081872483221474]}, "properties": {"node_id": 302, "elevation_m": 15.61, "elevation_provenance": "DERIVED", "in_degree": 0, "out_degree": 1, "is_headwater": true, "is_sink": false, "role": "headwater inlet", "capacity_m3s": 0.1625, "capacity_provenance": "ESTIMATED", "capacity_method": "contributing_area_m2 x (50.0mm/hr, MCGM post-BRIMSTOWAD-1993 design intensity, runoff coeff 1.0) — see mcgm_swd_official_statistics.json. Real pipe diameters/invert levels are unavailable for this area."}}, {"type": "Feature", "geometry": {"type": "Point", "coordinates": [72.85907583892617, 19.08120134228188]}, "properties": {"node_id": 303, "elevation_m": 8.76, "elevation_provenance": "DERIVED", "in_degree": 0, "out_degree": 1, "is_headwater": true, "is_sink": false, "role": "headwater inlet", "capacity_m3s": 0.15, "capacity_provenance": "ESTIMATED", "capacity_method": "contributing_area_m2 x (50.0mm/hr, MCGM post-BRIMSTOWAD-1993 design intensity, runoff coeff 1.0) — see mcgm_swd_official_statistics.json. Real pipe diameters/invert levels are unavailable for this area."}}, {"type": "Feature", "geometry": {"type": "Point", "coordinates": [72.85874026845637, 19.081536912751677]}, "properties": {"node_id": 304, "elevation_m": 7.5, "elevation_provenance": "DERIVED", "in_degree": 1, "out_degree": 0, "is_headwater": false, "is_sink": true, "role": "sink / potential surcharge & ponding point", "capacity_m3s": 0.15, "capacity_provenance": "ESTIMATED", "capacity_method": "contributing_area_m2 x (50.0mm/hr, MCGM post-BRIMSTOWAD-1993 design intensity, runoff coeff 1.0) — see mcgm_swd_official_statistics.json. Real pipe diameters/invert levels are unavailable for this area."}}, {"type": "Feature", "geometry": {"type": "Point", "coordinates": [72.9003510067114, 19.08120134228188]}, "properties": {"node_id": 305, "elevation_m": 4.91, "elevation_provenance": "DERIVED", "in_degree": 0, "out_degree": 1, "is_headwater": true, "is_sink": false, "role": "headwater inlet", "capacity_m3s": 0.125, "capacity_provenance": "ESTIMATED", "capacity_method": "contributing_area_m2 x (50.0mm/hr, MCGM post-BRIMSTOWAD-1993 design intensity, runoff coeff 1.0) — see mcgm_swd_official_statistics.json. Real pipe diameters/invert levels are unavailable for this area."}}, {"type": "Feature", "geometry": {"type": "Point", "coordinates": [72.9000154362416, 19.08120134228188]}, "properties": {"node_id": 306, "elevation_m": 4.14, "elevation_provenance": "DERIVED", "in_degree": 1, "out_degree": 0, "is_headwater": false, "is_sink": true, "role": "sink / potential surcharge & ponding point", "capacity_m3s": 0.125, "capacity_provenance": "ESTIMATED", "capacity_method": "contributing_area_m2 x (50.0mm/hr, MCGM post-BRIMSTOWAD-1993 design intensity, runoff coeff 1.0) — see mcgm_swd_official_statistics.json. Real pipe diameters/invert levels are unavailable for this area."}}, {"type": "Feature", "geometry": {"type": "Point", "coordinates": [72.89934429530201, 19.08086577181208]}, "properties": {"node_id": 307, "elevation_m": 3.73, "elevation_provenance": "DERIVED", "in_degree": 0, "out_degree": 1, "is_headwater": true, "is_sink": false, "role": "headwater inlet", "capacity_m3s": 0.2, "capacity_provenance": "ESTIMATED", "capacity_method": "contributing_area_m2 x (50.0mm/hr, MCGM post-BRIMSTOWAD-1993 design intensity, runoff coeff 1.0) — see mcgm_swd_official_statistics.json. Real pipe diameters/invert levels are unavailable for this area."}}, {"type": "Feature", "geometry": {"type": "Point", "coordinates": [72.89900872483221, 19.08053020134228]}, "properties": {"node_id": 308, "elevation_m": 0.0, "elevation_provenance": "DERIVED", "in_degree": 1, "out_degree": 0, "is_headwater": false, "is_sink": true, "role": "sink / potential surcharge & ponding point", "capacity_m3s": 0.2, "capacity_provenance": "ESTIMATED", "capacity_method": "contributing_area_m2 x (50.0mm/hr, MCGM post-BRIMSTOWAD-1993 design intensity, runoff coeff 1.0) — see mcgm_swd_official_statistics.json. Real pipe diameters/invert levels are unavailable for this area."}}, {"type": "Feature", "geometry": {"type": "Point", "coordinates": [72.89766644295301, 19.08053020134228]}, "properties": {"node_id": 309, "elevation_m": 1.87, "elevation_provenance": "DERIVED", "in_degree": 0, "out_degree": 1, "is_headwater": true, "is_sink": false, "role": "headwater inlet", "capacity_m3s": 0.1375, "capacity_provenance": "ESTIMATED", "capacity_method": "contributing_area_m2 x (50.0mm/hr, MCGM post-BRIMSTOWAD-1993 design intensity, runoff coeff 1.0) — see mcgm_swd_official_statistics.json. Real pipe diameters/invert levels are unavailable for this area."}}, {"type": "Feature", "geometry": {"type": "Point", "coordinates": [72.89766644295301, 19.080194630872484]}, "properties": {"node_id": 310, "elevation_m": 0.17, "elevation_provenance": "DERIVED", "in_degree": 1, "out_degree": 0, "is_headwater": false, "is_sink": true, "role": "sink / potential surcharge & ponding point", "capacity_m3s": 0.1375, "capacity_provenance": "ESTIMATED", "capacity_method": "contributing_area_m2 x (50.0mm/hr, MCGM post-BRIMSTOWAD-1993 design intensity, runoff coeff 1.0) — see mcgm_swd_official_statistics.json. Real pipe diameters/invert levels are unavailable for this area."}}, {"type": "Feature", "geometry": {"type": "Point", "coordinates": [72.86142483221477, 19.080194630872484]}, "properties": {"node_id": 311, "elevation_m": 18.32, "elevation_provenance": "DERIVED", "in_degree": 0, "out_degree": 1, "is_headwater": true, "is_sink": false, "role": "headwater inlet", "capacity_m3s": 0.175, "capacity_provenance": "ESTIMATED", "capacity_method": "contributing_area_m2 x (50.0mm/hr, MCGM post-BRIMSTOWAD-1993 design intensity, runoff coeff 1.0) — see mcgm_swd_official_statistics.json. Real pipe diameters/invert levels are unavailable for this area."}}, {"type": "Feature", "geometry": {"type": "Point", "coordinates": [72.86142483221477, 19.08053020134228]}, "properties": {"node_id": 312, "elevation_m": 17.86, "elevation_provenance": "DERIVED", "in_degree": 1, "out_degree": 0, "is_headwater": false, "is_sink": true, "role": "sink / potential surcharge & ponding point", "capacity_m3s": 0.175, "capacity_provenance": "ESTIMATED", "capacity_method": "contributing_area_m2 x (50.0mm/hr, MCGM post-BRIMSTOWAD-1993 design intensity, runoff coeff 1.0) — see mcgm_swd_official_statistics.json. Real pipe diameters/invert levels are unavailable for this area."}}, {"type": "Feature", "geometry": {"type": "Point", "coordinates": [72.85907583892617, 19.079859060402683]}, "properties": {"node_id": 313, "elevation_m": 7.92, "elevation_provenance": "DERIVED", "in_degree": 0, "out_degree": 1, "is_headwater": true, "is_sink": false, "role": "headwater inlet", "capacity_m3s": 0.125, "capacity_provenance": "ESTIMATED", "capacity_method": "contributing_area_m2 x (50.0mm/hr, MCGM post-BRIMSTOWAD-1993 design intensity, runoff coeff 1.0) — see mcgm_swd_official_statistics.json. Real pipe diameters/invert levels are unavailable for this area."}}, {"type": "Feature", "geometry": {"type": "Point", "coordinates": [72.85907583892617, 19.079523489932885]}, "properties": {"node_id": 314, "elevation_m": 7.5, "elevation_provenance": "DERIVED", "in_degree": 1, "out_degree": 0, "is_headwater": false, "is_sink": true, "role": "sink / potential surcharge & ponding point", "capacity_m3s": 0.125, "capacity_provenance": "ESTIMATED", "capacity_method": "contributing_area_m2 x (50.0mm/hr, MCGM post-BRIMSTOWAD-1993 design intensity, runoff coeff 1.0) — see mcgm_swd_official_statistics.json. Real pipe diameters/invert levels are unavailable for this area."}}, {"type": "Feature", "geometry": {"type": "Point", "coordinates": [72.86377382550336, 19.079859060402683]}, "properties": {"node_id": 315, "elevation_m": 7.58, "elevation_provenance": "DERIVED", "in_degree": 1, "out_degree": 1, "is_headwater": false, "is_sink": false, "role": "junction", "capacity_m3s": 0.25, "capacity_provenance": "ESTIMATED", "capacity_method": "contributing_area_m2 x (50.0mm/hr, MCGM post-BRIMSTOWAD-1993 design intensity, runoff coeff 1.0) — see mcgm_swd_official_statistics.json. Real pipe diameters/invert levels are unavailable for this area."}}, {"type": "Feature", "geometry": {"type": "Point", "coordinates": [72.86410939597316, 19.079859060402683]}, "properties": {"node_id": 316, "elevation_m": 7.5, "elevation_provenance": "DERIVED", "in_degree": 1, "out_degree": 0, "is_headwater": false, "is_sink": true, "role": "sink / potential surcharge & ponding point", "capacity_m3s": 0.25, "capacity_provenance": "ESTIMATED", "capacity_method": "contributing_area_m2 x (50.0mm/hr, MCGM post-BRIMSTOWAD-1993 design intensity, runoff coeff 1.0) — see mcgm_swd_official_statistics.json. Real pipe diameters/invert levels are unavailable for this area."}}, {"type": "Feature", "geometry": {"type": "Point", "coordinates": [72.86343825503356, 19.079523489932885]}, "properties": {"node_id": 317, "elevation_m": 9.87, "elevation_provenance": "DERIVED", "in_degree": 0, "out_degree": 1, "is_headwater": true, "is_sink": false, "role": "headwater inlet", "capacity_m3s": 0.1375, "capacity_provenance": "ESTIMATED", "capacity_method": "contributing_area_m2 x (50.0mm/hr, MCGM post-BRIMSTOWAD-1993 design intensity, runoff coeff 1.0) — see mcgm_swd_official_statistics.json. Real pipe diameters/invert levels are unavailable for this area."}}, {"type": "Feature", "geometry": {"type": "Point", "coordinates": [72.86108926174497, 19.07851677852349]}, "properties": {"node_id": 318, "elevation_m": 11.12, "elevation_provenance": "DERIVED", "in_degree": 0, "out_degree": 1, "is_headwater": true, "is_sink": false, "role": "headwater inlet", "capacity_m3s": 0.125, "capacity_provenance": "ESTIMATED", "capacity_method": "contributing_area_m2 x (50.0mm/hr, MCGM post-BRIMSTOWAD-1993 design intensity, runoff coeff 1.0) — see mcgm_swd_official_statistics.json. Real pipe diameters/invert levels are unavailable for this area."}}, {"type": "Feature", "geometry": {"type": "Point", "coordinates": [72.86108926174497, 19.07818120805369]}, "properties": {"node_id": 319, "elevation_m": 7.59, "elevation_provenance": "DERIVED", "in_degree": 1, "out_degree": 0, "is_headwater": false, "is_sink": true, "role": "sink / potential surcharge & ponding point", "capacity_m3s": 0.125, "capacity_provenance": "ESTIMATED", "capacity_method": "contributing_area_m2 x (50.0mm/hr, MCGM post-BRIMSTOWAD-1993 design intensity, runoff coeff 1.0) — see mcgm_swd_official_statistics.json. Real pipe diameters/invert levels are unavailable for this area."}}, {"type": "Feature", "geometry": {"type": "Point", "coordinates": [72.87182751677852, 19.07818120805369]}, "properties": {"node_id": 320, "elevation_m": 1.51, "elevation_provenance": "DERIVED", "in_degree": 0, "out_degree": 1, "is_headwater": true, "is_sink": false, "role": "headwater inlet", "capacity_m3s": 0.1375, "capacity_provenance": "ESTIMATED", "capacity_method": "contributing_area_m2 x (50.0mm/hr, MCGM post-BRIMSTOWAD-1993 design intensity, runoff coeff 1.0) — see mcgm_swd_official_statistics.json. Real pipe diameters/invert levels are unavailable for this area."}}, {"type": "Feature", "geometry": {"type": "Point", "coordinates": [72.87149194630872, 19.07784563758389]}, "properties": {"node_id": 321, "elevation_m": 0.0, "elevation_provenance": "DERIVED", "in_degree": 1, "out_degree": 0, "is_headwater": false, "is_sink": true, "role": "sink / potential surcharge & ponding point", "capacity_m3s": 0.1375, "capacity_provenance": "ESTIMATED", "capacity_method": "contributing_area_m2 x (50.0mm/hr, MCGM post-BRIMSTOWAD-1993 design intensity, runoff coeff 1.0) — see mcgm_swd_official_statistics.json. Real pipe diameters/invert levels are unavailable for this area."}}, {"type": "Feature", "geometry": {"type": "Point", "coordinates": [72.85672684563758, 19.077174496644293]}, "properties": {"node_id": 322, "elevation_m": 3.31, "elevation_provenance": "DERIVED", "in_degree": 0, "out_degree": 1, "is_headwater": true, "is_sink": false, "role": "headwater inlet", "capacity_m3s": 0.15, "capacity_provenance": "ESTIMATED", "capacity_method": "contributing_area_m2 x (50.0mm/hr, MCGM post-BRIMSTOWAD-1993 design intensity, runoff coeff 1.0) — see mcgm_swd_official_statistics.json. Real pipe diameters/invert levels are unavailable for this area."}}, {"type": "Feature", "geometry": {"type": "Point", "coordinates": [72.85672684563758, 19.076838926174496]}, "properties": {"node_id": 323, "elevation_m": 0.96, "elevation_provenance": "DERIVED", "in_degree": 1, "out_degree": 0, "is_headwater": false, "is_sink": true, "role": "sink / potential surcharge & ponding point", "capacity_m3s": 0.15, "capacity_provenance": "ESTIMATED", "capacity_method": "contributing_area_m2 x (50.0mm/hr, MCGM post-BRIMSTOWAD-1993 design intensity, runoff coeff 1.0) — see mcgm_swd_official_statistics.json. Real pipe diameters/invert levels are unavailable for this area."}}, {"type": "Feature", "geometry": {"type": "Point", "coordinates": [72.9003510067114, 19.074825503355704]}, "properties": {"node_id": 324, "elevation_m": 3.65, "elevation_provenance": "DERIVED", "in_degree": 0, "out_degree": 1, "is_headwater": true, "is_sink": false, "role": "headwater inlet", "capacity_m3s": 0.1625, "capacity_provenance": "ESTIMATED", "capacity_method": "contributing_area_m2 x (50.0mm/hr, MCGM post-BRIMSTOWAD-1993 design intensity, runoff coeff 1.0) — see mcgm_swd_official_statistics.json. Real pipe diameters/invert levels are unavailable for this area."}}, {"type": "Feature", "geometry": {"type": "Point", "coordinates": [72.9003510067114, 19.074489932885903]}, "properties": {"node_id": 325, "elevation_m": 2.21, "elevation_provenance": "DERIVED", "in_degree": 1, "out_degree": 1, "is_headwater": false, "is_sink": false, "role": "junction", "capacity_m3s": 0.2125, "capacity_provenance": "ESTIMATED", "capacity_method": "contributing_area_m2 x (50.0mm/hr, MCGM post-BRIMSTOWAD-1993 design intensity, runoff coeff 1.0) — see mcgm_swd_official_statistics.json. Real pipe diameters/invert levels are unavailable for this area."}}, {"type": "Feature", "geometry": {"type": "Point", "coordinates": [72.9006865771812, 19.074489932885903]}, "properties": {"node_id": 326, "elevation_m": 0.0, "elevation_provenance": "DERIVED", "in_degree": 1, "out_degree": 0, "is_headwater": false, "is_sink": true, "role": "sink / potential surcharge & ponding point", "capacity_m3s": 0.2125, "capacity_provenance": "ESTIMATED", "capacity_method": "contributing_area_m2 x (50.0mm/hr, MCGM post-BRIMSTOWAD-1993 design intensity, runoff coeff 1.0) — see mcgm_swd_official_statistics.json. Real pipe diameters/invert levels are unavailable for this area."}}, {"type": "Feature", "geometry": {"type": "Point", "coordinates": [72.86880738255033, 19.073483221476508]}, "properties": {"node_id": 327, "elevation_m": 0.09, "elevation_provenance": "DERIVED", "in_degree": 0, "out_degree": 1, "is_headwater": true, "is_sink": false, "role": "headwater inlet", "capacity_m3s": 0.1625, "capacity_provenance": "ESTIMATED", "capacity_method": "contributing_area_m2 x (50.0mm/hr, MCGM post-BRIMSTOWAD-1993 design intensity, runoff coeff 1.0) — see mcgm_swd_official_statistics.json. Real pipe diameters/invert levels are unavailable for this area."}}, {"type": "Feature", "geometry": {"type": "Point", "coordinates": [72.86880738255033, 19.07314765100671]}, "properties": {"node_id": 328, "elevation_m": 0.0, "elevation_provenance": "DERIVED", "in_degree": 1, "out_degree": 0, "is_headwater": false, "is_sink": true, "role": "sink / potential surcharge & ponding point", "capacity_m3s": 0.1625, "capacity_provenance": "ESTIMATED", "capacity_method": "contributing_area_m2 x (50.0mm/hr, MCGM post-BRIMSTOWAD-1993 design intensity, runoff coeff 1.0) — see mcgm_swd_official_statistics.json. Real pipe diameters/invert levels are unavailable for this area."}}, {"type": "Feature", "geometry": {"type": "Point", "coordinates": [72.8768610738255, 19.07113422818792]}, "properties": {"node_id": 329, "elevation_m": 3.77, "elevation_provenance": "DERIVED", "in_degree": 0, "out_degree": 1, "is_headwater": true, "is_sink": false, "role": "headwater inlet", "capacity_m3s": 0.15, "capacity_provenance": "ESTIMATED", "capacity_method": "contributing_area_m2 x (50.0mm/hr, MCGM post-BRIMSTOWAD-1993 design intensity, runoff coeff 1.0) — see mcgm_swd_official_statistics.json. Real pipe diameters/invert levels are unavailable for this area."}}, {"type": "Feature", "geometry": {"type": "Point", "coordinates": [72.87652550335571, 19.07113422818792]}, "properties": {"node_id": 330, "elevation_m": 2.62, "elevation_provenance": "DERIVED", "in_degree": 1, "out_degree": 0, "is_headwater": false, "is_sink": true, "role": "sink / potential surcharge & ponding point", "capacity_m3s": 0.15, "capacity_provenance": "ESTIMATED", "capacity_method": "contributing_area_m2 x (50.0mm/hr, MCGM post-BRIMSTOWAD-1993 design intensity, runoff coeff 1.0) — see mcgm_swd_official_statistics.json. Real pipe diameters/invert levels are unavailable for this area."}}, {"type": "Feature", "geometry": {"type": "Point", "coordinates": [72.86243154362415, 19.070798657718118]}, "properties": {"node_id": 331, "elevation_m": 0.54, "elevation_provenance": "DERIVED", "in_degree": 0, "out_degree": 1, "is_headwater": true, "is_sink": false, "role": "headwater inlet", "capacity_m3s": 0.125, "capacity_provenance": "ESTIMATED", "capacity_method": "contributing_area_m2 x (50.0mm/hr, MCGM post-BRIMSTOWAD-1993 design intensity, runoff coeff 1.0) — see mcgm_swd_official_statistics.json. Real pipe diameters/invert levels are unavailable for this area."}}, {"type": "Feature", "geometry": {"type": "Point", "coordinates": [72.86276711409396, 19.07046308724832]}, "properties": {"node_id": 332, "elevation_m": 0.0, "elevation_provenance": "DERIVED", "in_degree": 1, "out_degree": 0, "is_headwater": false, "is_sink": true, "role": "sink / potential surcharge & ponding point", "capacity_m3s": 0.125, "capacity_provenance": "ESTIMATED", "capacity_method": "contributing_area_m2 x (50.0mm/hr, MCGM post-BRIMSTOWAD-1993 design intensity, runoff coeff 1.0) — see mcgm_swd_official_statistics.json. Real pipe diameters/invert levels are unavailable for this area."}}, {"type": "Feature", "geometry": {"type": "Point", "coordinates": [72.85739798657718, 19.070127516778523]}, "properties": {"node_id": 333, "elevation_m": 0.39, "elevation_provenance": "DERIVED", "in_degree": 1, "out_degree": 1, "is_headwater": false, "is_sink": false, "role": "junction", "capacity_m3s": 0.2125, "capacity_provenance": "ESTIMATED", "capacity_method": "contributing_area_m2 x (50.0mm/hr, MCGM post-BRIMSTOWAD-1993 design intensity, runoff coeff 1.0) — see mcgm_swd_official_statistics.json. Real pipe diameters/invert levels are unavailable for this area."}}, {"type": "Feature", "geometry": {"type": "Point", "coordinates": [72.85706241610738, 19.070127516778523]}, "properties": {"node_id": 334, "elevation_m": 0.0, "elevation_provenance": "DERIVED", "in_degree": 1, "out_degree": 0, "is_headwater": false, "is_sink": true, "role": "sink / potential surcharge & ponding point", "capacity_m3s": 0.2125, "capacity_provenance": "ESTIMATED", "capacity_method": "contributing_area_m2 x (50.0mm/hr, MCGM post-BRIMSTOWAD-1993 design intensity, runoff coeff 1.0) — see mcgm_swd_official_statistics.json. Real pipe diameters/invert levels are unavailable for this area."}}, {"type": "Feature", "geometry": {"type": "Point", "coordinates": [72.85773355704698, 19.070127516778523]}, "properties": {"node_id": 335, "elevation_m": 0.45, "elevation_provenance": "DERIVED", "in_degree": 1, "out_degree": 1, "is_headwater": false, "is_sink": false, "role": "junction", "capacity_m3s": 0.1875, "capacity_provenance": "ESTIMATED", "capacity_method": "contributing_area_m2 x (50.0mm/hr, MCGM post-BRIMSTOWAD-1993 design intensity, runoff coeff 1.0) — see mcgm_swd_official_statistics.json. Real pipe diameters/invert levels are unavailable for this area."}}, {"type": "Feature", "geometry": {"type": "Point", "coordinates": [72.85806912751677, 19.070127516778523]}, "properties": {"node_id": 336, "elevation_m": 1.15, "elevation_provenance": "DERIVED", "in_degree": 0, "out_degree": 1, "is_headwater": true, "is_sink": false, "role": "headwater inlet", "capacity_m3s": 0.1375, "capacity_provenance": "ESTIMATED", "capacity_method": "contributing_area_m2 x (50.0mm/hr, MCGM post-BRIMSTOWAD-1993 design intensity, runoff coeff 1.0) — see mcgm_swd_official_statistics.json. Real pipe diameters/invert levels are unavailable for this area."}}, {"type": "Feature", "geometry": {"type": "Point", "coordinates": [72.87652550335571, 19.069456375838925]}, "properties": {"node_id": 337, "elevation_m": 2.72, "elevation_provenance": "DERIVED", "in_degree": 0, "out_degree": 1, "is_headwater": true, "is_sink": false, "role": "headwater inlet", "capacity_m3s": 0.125, "capacity_provenance": "ESTIMATED", "capacity_method": "contributing_area_m2 x (50.0mm/hr, MCGM post-BRIMSTOWAD-1993 design intensity, runoff coeff 1.0) — see mcgm_swd_official_statistics.json. Real pipe diameters/invert levels are unavailable for this area."}}, {"type": "Feature", "geometry": {"type": "Point", "coordinates": [72.87618993288591, 19.069456375838925]}, "properties": {"node_id": 338, "elevation_m": 1.62, "elevation_provenance": "DERIVED", "in_degree": 1, "out_degree": 0, "is_headwater": false, "is_sink": true, "role": "sink / potential surcharge & ponding point", "capacity_m3s": 0.125, "capacity_provenance": "ESTIMATED", "capacity_method": "contributing_area_m2 x (50.0mm/hr, MCGM post-BRIMSTOWAD-1993 design intensity, runoff coeff 1.0) — see mcgm_swd_official_statistics.json. Real pipe diameters/invert levels are unavailable for this area."}}, {"type": "Feature", "geometry": {"type": "Point", "coordinates": [72.85840469798657, 19.06844966442953]}, "properties": {"node_id": 339, "elevation_m": 0.17, "elevation_provenance": "DERIVED", "in_degree": 0, "out_degree": 1, "is_headwater": true, "is_sink": false, "role": "headwater inlet", "capacity_m3s": 0.1625, "capacity_provenance": "ESTIMATED", "capacity_method": "contributing_area_m2 x (50.0mm/hr, MCGM post-BRIMSTOWAD-1993 design intensity, runoff coeff 1.0) — see mcgm_swd_official_statistics.json. Real pipe diameters/invert levels are unavailable for this area."}}, {"type": "Feature", "geometry": {"type": "Point", "coordinates": [72.85874026845637, 19.06844966442953]}, "properties": {"node_id": 340, "elevation_m": 0.08, "elevation_provenance": "DERIVED", "in_degree": 1, "out_degree": 1, "is_headwater": false, "is_sink": false, "role": "junction", "capacity_m3s": 0.1875, "capacity_provenance": "ESTIMATED", "capacity_method": "contributing_area_m2 x (50.0mm/hr, MCGM post-BRIMSTOWAD-1993 design intensity, runoff coeff 1.0) — see mcgm_swd_official_statistics.json. Real pipe diameters/invert levels are unavailable for this area."}}, {"type": "Feature", "geometry": {"type": "Point", "coordinates": [72.85907583892617, 19.06844966442953]}, "properties": {"node_id": 341, "elevation_m": 0.0, "elevation_provenance": "DERIVED", "in_degree": 1, "out_degree": 0, "is_headwater": false, "is_sink": true, "role": "sink / potential surcharge & ponding point", "capacity_m3s": 0.1875, "capacity_provenance": "ESTIMATED", "capacity_method": "contributing_area_m2 x (50.0mm/hr, MCGM post-BRIMSTOWAD-1993 design intensity, runoff coeff 1.0) — see mcgm_swd_official_statistics.json. Real pipe diameters/invert levels are unavailable for this area."}}, {"type": "Feature", "geometry": {"type": "Point", "coordinates": [72.9013577181208, 19.066771812080535]}, "properties": {"node_id": 342, "elevation_m": 0.01, "elevation_provenance": "DERIVED", "in_degree": 0, "out_degree": 1, "is_headwater": true, "is_sink": false, "role": "headwater inlet", "capacity_m3s": 0.15, "capacity_provenance": "ESTIMATED", "capacity_method": "contributing_area_m2 x (50.0mm/hr, MCGM post-BRIMSTOWAD-1993 design intensity, runoff coeff 1.0) — see mcgm_swd_official_statistics.json. Real pipe diameters/invert levels are unavailable for this area."}}, {"type": "Feature", "geometry": {"type": "Point", "coordinates": [72.9016932885906, 19.066771812080535]}, "properties": {"node_id": 343, "elevation_m": 0.0, "elevation_provenance": "DERIVED", "in_degree": 1, "out_degree": 0, "is_headwater": false, "is_sink": true, "role": "sink / potential surcharge & ponding point", "capacity_m3s": 0.15, "capacity_provenance": "ESTIMATED", "capacity_method": "contributing_area_m2 x (50.0mm/hr, MCGM post-BRIMSTOWAD-1993 design intensity, runoff coeff 1.0) — see mcgm_swd_official_statistics.json. Real pipe diameters/invert levels are unavailable for this area."}}, {"type": "Feature", "geometry": {"type": "Point", "coordinates": [72.87988120805369, 19.066100671140937]}, "properties": {"node_id": 344, "elevation_m": 3.64, "elevation_provenance": "DERIVED", "in_degree": 0, "out_degree": 1, "is_headwater": true, "is_sink": false, "role": "headwater inlet", "capacity_m3s": 0.1375, "capacity_provenance": "ESTIMATED", "capacity_method": "contributing_area_m2 x (50.0mm/hr, MCGM post-BRIMSTOWAD-1993 design intensity, runoff coeff 1.0) — see mcgm_swd_official_statistics.json. Real pipe diameters/invert levels are unavailable for this area."}}, {"type": "Feature", "geometry": {"type": "Point", "coordinates": [72.88021677852349, 19.06576510067114]}, "properties": {"node_id": 345, "elevation_m": 2.14, "elevation_provenance": "DERIVED", "in_degree": 1, "out_degree": 1, "is_headwater": false, "is_sink": false, "role": "junction", "capacity_m3s": 0.1625, "capacity_provenance": "ESTIMATED", "capacity_method": "contributing_area_m2 x (50.0mm/hr, MCGM post-BRIMSTOWAD-1993 design intensity, runoff coeff 1.0) — see mcgm_swd_official_statistics.json. Real pipe diameters/invert levels are unavailable for this area."}}, {"type": "Feature", "geometry": {"type": "Point", "coordinates": [72.88659261744966, 19.066100671140937]}, "properties": {"node_id": 346, "elevation_m": 1.94, "elevation_provenance": "DERIVED", "in_degree": 1, "out_degree": 1, "is_headwater": false, "is_sink": false, "role": "junction", "capacity_m3s": 0.175, "capacity_provenance": "ESTIMATED", "capacity_method": "contributing_area_m2 x (50.0mm/hr, MCGM post-BRIMSTOWAD-1993 design intensity, runoff coeff 1.0) — see mcgm_swd_official_statistics.json. Real pipe diameters/invert levels are unavailable for this area."}}, {"type": "Feature", "geometry": {"type": "Point", "coordinates": [72.88659261744966, 19.066436241610738]}, "properties": {"node_id": 347, "elevation_m": 0.82, "elevation_provenance": "DERIVED", "in_degree": 1, "out_degree": 0, "is_headwater": false, "is_sink": true, "role": "sink / potential surcharge & ponding point", "capacity_m3s": 0.175, "capacity_provenance": "ESTIMATED", "capacity_method": "contributing_area_m2 x (50.0mm/hr, MCGM post-BRIMSTOWAD-1993 design intensity, runoff coeff 1.0) — see mcgm_swd_official_statistics.json. Real pipe diameters/invert levels are unavailable for this area."}}, {"type": "Feature", "geometry": {"type": "Point", "coordinates": [72.88055234899329, 19.06576510067114]}, "properties": {"node_id": 348, "elevation_m": 0.0, "elevation_provenance": "DERIVED", "in_degree": 1, "out_degree": 0, "is_headwater": false, "is_sink": true, "role": "sink / potential surcharge & ponding point", "capacity_m3s": 0.1625, "capacity_provenance": "ESTIMATED", "capacity_method": "contributing_area_m2 x (50.0mm/hr, MCGM post-BRIMSTOWAD-1993 design intensity, runoff coeff 1.0) — see mcgm_swd_official_statistics.json. Real pipe diameters/invert levels are unavailable for this area."}}, {"type": "Feature", "geometry": {"type": "Point", "coordinates": [72.88659261744966, 19.06576510067114]}, "properties": {"node_id": 349, "elevation_m": 1.98, "elevation_provenance": "DERIVED", "in_degree": 0, "out_degree": 1, "is_headwater": true, "is_sink": false, "role": "headwater inlet", "capacity_m3s": 0.1375, "capacity_provenance": "ESTIMATED", "capacity_method": "contributing_area_m2 x (50.0mm/hr, MCGM post-BRIMSTOWAD-1993 design intensity, runoff coeff 1.0) — see mcgm_swd_official_statistics.json. Real pipe diameters/invert levels are unavailable for this area."}}, {"type": "Feature", "geometry": {"type": "Point", "coordinates": [72.8785389261745, 19.064758389261744]}, "properties": {"node_id": 350, "elevation_m": 0.47, "elevation_provenance": "DERIVED", "in_degree": 0, "out_degree": 1, "is_headwater": true, "is_sink": false, "role": "headwater inlet", "capacity_m3s": 0.15, "capacity_provenance": "ESTIMATED", "capacity_method": "contributing_area_m2 x (50.0mm/hr, MCGM post-BRIMSTOWAD-1993 design intensity, runoff coeff 1.0) — see mcgm_swd_official_statistics.json. Real pipe diameters/invert levels are unavailable for this area."}}, {"type": "Feature", "geometry": {"type": "Point", "coordinates": [72.8785389261745, 19.064422818791943]}, "properties": {"node_id": 351, "elevation_m": 0.43, "elevation_provenance": "DERIVED", "in_degree": 1, "out_degree": 1, "is_headwater": false, "is_sink": false, "role": "junction", "capacity_m3s": 0.1625, "capacity_provenance": "ESTIMATED", "capacity_method": "contributing_area_m2 x (50.0mm/hr, MCGM post-BRIMSTOWAD-1993 design intensity, runoff coeff 1.0) — see mcgm_swd_official_statistics.json. Real pipe diameters/invert levels are unavailable for this area."}}, {"type": "Feature", "geometry": {"type": "Point", "coordinates": [72.8785389261745, 19.064087248322146]}, "properties": {"node_id": 352, "elevation_m": 0.03, "elevation_provenance": "DERIVED", "in_degree": 1, "out_degree": 0, "is_headwater": false, "is_sink": true, "role": "sink / potential surcharge & ponding point", "capacity_m3s": 0.1625, "capacity_provenance": "ESTIMATED", "capacity_method": "contributing_area_m2 x (50.0mm/hr, MCGM post-BRIMSTOWAD-1993 design intensity, runoff coeff 1.0) — see mcgm_swd_official_statistics.json. Real pipe diameters/invert levels are unavailable for this area."}}, {"type": "Feature", "geometry": {"type": "Point", "coordinates": [72.86008255033556, 19.06375167785235]}, "properties": {"node_id": 353, "elevation_m": 0.72, "elevation_provenance": "DERIVED", "in_degree": 1, "out_degree": 1, "is_headwater": false, "is_sink": false, "role": "junction", "capacity_m3s": 0.15, "capacity_provenance": "ESTIMATED", "capacity_method": "contributing_area_m2 x (50.0mm/hr, MCGM post-BRIMSTOWAD-1993 design intensity, runoff coeff 1.0) — see mcgm_swd_official_statistics.json. Real pipe diameters/invert levels are unavailable for this area."}}, {"type": "Feature", "geometry": {"type": "Point", "coordinates": [72.85974697986578, 19.06375167785235]}, "properties": {"node_id": 354, "elevation_m": 0.0, "elevation_provenance": "DERIVED", "in_degree": 1, "out_degree": 0, "is_headwater": false, "is_sink": true, "role": "sink / potential surcharge & ponding point", "capacity_m3s": 0.15, "capacity_provenance": "ESTIMATED", "capacity_method": "contributing_area_m2 x (50.0mm/hr, MCGM post-BRIMSTOWAD-1993 design intensity, runoff coeff 1.0) — see mcgm_swd_official_statistics.json. Real pipe diameters/invert levels are unavailable for this area."}}, {"type": "Feature", "geometry": {"type": "Point", "coordinates": [72.86041812080536, 19.06375167785235]}, "properties": {"node_id": 355, "elevation_m": 0.93, "elevation_provenance": "DERIVED", "in_degree": 0, "out_degree": 1, "is_headwater": true, "is_sink": false, "role": "headwater inlet", "capacity_m3s": 0.125, "capacity_provenance": "ESTIMATED", "capacity_method": "contributing_area_m2 x (50.0mm/hr, MCGM post-BRIMSTOWAD-1993 design intensity, runoff coeff 1.0) — see mcgm_swd_official_statistics.json. Real pipe diameters/invert levels are unavailable for this area."}}, {"type": "Feature", "geometry": {"type": "Point", "coordinates": [72.89565302013422, 19.06240939597315]}, "properties": {"node_id": 356, "elevation_m": 3.66, "elevation_provenance": "DERIVED", "in_degree": 0, "out_degree": 1, "is_headwater": true, "is_sink": false, "role": "headwater inlet", "capacity_m3s": 0.15, "capacity_provenance": "ESTIMATED", "capacity_method": "contributing_area_m2 x (50.0mm/hr, MCGM post-BRIMSTOWAD-1993 design intensity, runoff coeff 1.0) — see mcgm_swd_official_statistics.json. Real pipe diameters/invert levels are unavailable for this area."}}, {"type": "Feature", "geometry": {"type": "Point", "coordinates": [72.89531744966443, 19.06240939597315]}, "properties": {"node_id": 357, "elevation_m": 3.19, "elevation_provenance": "DERIVED", "in_degree": 1, "out_degree": 0, "is_headwater": false, "is_sink": true, "role": "sink / potential surcharge & ponding point", "capacity_m3s": 0.15, "capacity_provenance": "ESTIMATED", "capacity_method": "contributing_area_m2 x (50.0mm/hr, MCGM post-BRIMSTOWAD-1993 design intensity, runoff coeff 1.0) — see mcgm_swd_official_statistics.json. Real pipe diameters/invert levels are unavailable for this area."}}, {"type": "Feature", "geometry": {"type": "Point", "coordinates": [72.8751832214765, 19.061402684563756]}, "properties": {"node_id": 358, "elevation_m": 0.37, "elevation_provenance": "DERIVED", "in_degree": 0, "out_degree": 1, "is_headwater": true, "is_sink": false, "role": "headwater inlet", "capacity_m3s": 0.125, "capacity_provenance": "ESTIMATED", "capacity_method": "contributing_area_m2 x (50.0mm/hr, MCGM post-BRIMSTOWAD-1993 design intensity, runoff coeff 1.0) — see mcgm_swd_official_statistics.json. Real pipe diameters/invert levels are unavailable for this area."}}, {"type": "Feature", "geometry": {"type": "Point", "coordinates": [72.8748476510067, 19.061402684563756]}, "properties": {"node_id": 359, "elevation_m": 0.0, "elevation_provenance": "DERIVED", "in_degree": 1, "out_degree": 0, "is_headwater": false, "is_sink": true, "role": "sink / potential surcharge & ponding point", "capacity_m3s": 0.125, "capacity_provenance": "ESTIMATED", "capacity_method": "contributing_area_m2 x (50.0mm/hr, MCGM post-BRIMSTOWAD-1993 design intensity, runoff coeff 1.0) — see mcgm_swd_official_statistics.json. Real pipe diameters/invert levels are unavailable for this area."}}, {"type": "Feature", "geometry": {"type": "Point", "coordinates": [72.8996798657718, 19.061402684563756]}, "properties": {"node_id": 360, "elevation_m": 8.1, "elevation_provenance": "DERIVED", "in_degree": 1, "out_degree": 1, "is_headwater": false, "is_sink": false, "role": "junction", "capacity_m3s": 0.1375, "capacity_provenance": "ESTIMATED", "capacity_method": "contributing_area_m2 x (50.0mm/hr, MCGM post-BRIMSTOWAD-1993 design intensity, runoff coeff 1.0) — see mcgm_swd_official_statistics.json. Real pipe diameters/invert levels are unavailable for this area."}}, {"type": "Feature", "geometry": {"type": "Point", "coordinates": [72.8996798657718, 19.061738255033557]}, "properties": {"node_id": 361, "elevation_m": 7.5, "elevation_provenance": "DERIVED", "in_degree": 1, "out_degree": 0, "is_headwater": false, "is_sink": true, "role": "sink / potential surcharge & ponding point", "capacity_m3s": 0.1375, "capacity_provenance": "ESTIMATED", "capacity_method": "contributing_area_m2 x (50.0mm/hr, MCGM post-BRIMSTOWAD-1993 design intensity, runoff coeff 1.0) — see mcgm_swd_official_statistics.json. Real pipe diameters/invert levels are unavailable for this area."}}, {"type": "Feature", "geometry": {"type": "Point", "coordinates": [72.8996798657718, 19.06106711409396]}, "properties": {"node_id": 362, "elevation_m": 9.35, "elevation_provenance": "DERIVED", "in_degree": 0, "out_degree": 1, "is_headwater": true, "is_sink": false, "role": "headwater inlet", "capacity_m3s": 0.125, "capacity_provenance": "ESTIMATED", "capacity_method": "contributing_area_m2 x (50.0mm/hr, MCGM post-BRIMSTOWAD-1993 design intensity, runoff coeff 1.0) — see mcgm_swd_official_statistics.json. Real pipe diameters/invert levels are unavailable for this area."}}, {"type": "Feature", "geometry": {"type": "Point", "coordinates": [72.8778677852349, 19.060060402684563]}, "properties": {"node_id": 363, "elevation_m": 1.19, "elevation_provenance": "DERIVED", "in_degree": 0, "out_degree": 1, "is_headwater": true, "is_sink": false, "role": "headwater inlet", "capacity_m3s": 0.175, "capacity_provenance": "ESTIMATED", "capacity_method": "contributing_area_m2 x (50.0mm/hr, MCGM post-BRIMSTOWAD-1993 design intensity, runoff coeff 1.0) — see mcgm_swd_official_statistics.json. Real pipe diameters/invert levels are unavailable for this area."}}, {"type": "Feature", "geometry": {"type": "Point", "coordinates": [72.8782033557047, 19.059724832214762]}, "properties": {"node_id": 364, "elevation_m": 0.04, "elevation_provenance": "DERIVED", "in_degree": 1, "out_degree": 0, "is_headwater": false, "is_sink": true, "role": "sink / potential surcharge & ponding point", "capacity_m3s": 0.175, "capacity_provenance": "ESTIMATED", "capacity_method": "contributing_area_m2 x (50.0mm/hr, MCGM post-BRIMSTOWAD-1993 design intensity, runoff coeff 1.0) — see mcgm_swd_official_statistics.json. Real pipe diameters/invert levels are unavailable for this area."}}, {"type": "Feature", "geometry": {"type": "Point", "coordinates": [72.8775322147651, 19.059389261744965]}, "properties": {"node_id": 365, "elevation_m": 4.3, "elevation_provenance": "DERIVED", "in_degree": 0, "out_degree": 1, "is_headwater": true, "is_sink": false, "role": "headwater inlet", "capacity_m3s": 0.175, "capacity_provenance": "ESTIMATED", "capacity_method": "contributing_area_m2 x (50.0mm/hr, MCGM post-BRIMSTOWAD-1993 design intensity, runoff coeff 1.0) — see mcgm_swd_official_statistics.json. Real pipe diameters/invert levels are unavailable for this area."}}, {"type": "Feature", "geometry": {"type": "Point", "coordinates": [72.8778677852349, 19.059389261744965]}, "properties": {"node_id": 366, "elevation_m": 0.0, "elevation_provenance": "DERIVED", "in_degree": 1, "out_degree": 0, "is_headwater": false, "is_sink": true, "role": "sink / potential surcharge & ponding point", "capacity_m3s": 0.175, "capacity_provenance": "ESTIMATED", "capacity_method": "contributing_area_m2 x (50.0mm/hr, MCGM post-BRIMSTOWAD-1993 design intensity, runoff coeff 1.0) — see mcgm_swd_official_statistics.json. Real pipe diameters/invert levels are unavailable for this area."}}, {"type": "Feature", "geometry": {"type": "Point", "coordinates": [72.89800201342281, 19.057375838926173]}, "properties": {"node_id": 367, "elevation_m": 9.41, "elevation_provenance": "DERIVED", "in_degree": 0, "out_degree": 1, "is_headwater": true, "is_sink": false, "role": "headwater inlet", "capacity_m3s": 0.1375, "capacity_provenance": "ESTIMATED", "capacity_method": "contributing_area_m2 x (50.0mm/hr, MCGM post-BRIMSTOWAD-1993 design intensity, runoff coeff 1.0) — see mcgm_swd_official_statistics.json. Real pipe diameters/invert levels are unavailable for this area."}}, {"type": "Feature", "geometry": {"type": "Point", "coordinates": [72.89766644295301, 19.057375838926173]}, "properties": {"node_id": 368, "elevation_m": 8.52, "elevation_provenance": "DERIVED", "in_degree": 1, "out_degree": 0, "is_headwater": false, "is_sink": true, "role": "sink / potential surcharge & ponding point", "capacity_m3s": 0.1375, "capacity_provenance": "ESTIMATED", "capacity_method": "contributing_area_m2 x (50.0mm/hr, MCGM post-BRIMSTOWAD-1993 design intensity, runoff coeff 1.0) — see mcgm_swd_official_statistics.json. Real pipe diameters/invert levels are unavailable for this area."}}, {"type": "Feature", "geometry": {"type": "Point", "coordinates": [72.9023644295302, 19.057375838926173]}, "properties": {"node_id": 369, "elevation_m": 8.14, "elevation_provenance": "DERIVED", "in_degree": 0, "out_degree": 1, "is_headwater": true, "is_sink": false, "role": "headwater inlet", "capacity_m3s": 0.125, "capacity_provenance": "ESTIMATED", "capacity_method": "contributing_area_m2 x (50.0mm/hr, MCGM post-BRIMSTOWAD-1993 design intensity, runoff coeff 1.0) — see mcgm_swd_official_statistics.json. Real pipe diameters/invert levels are unavailable for this area."}}, {"type": "Feature", "geometry": {"type": "Point", "coordinates": [72.9027, 19.057375838926173]}, "properties": {"node_id": 370, "elevation_m": 7.72, "elevation_provenance": "DERIVED", "in_degree": 1, "out_degree": 0, "is_headwater": false, "is_sink": true, "role": "sink / potential surcharge & ponding point", "capacity_m3s": 0.125, "capacity_provenance": "ESTIMATED", "capacity_method": "contributing_area_m2 x (50.0mm/hr, MCGM post-BRIMSTOWAD-1993 design intensity, runoff coeff 1.0) — see mcgm_swd_official_statistics.json. Real pipe diameters/invert levels are unavailable for this area."}}, {"type": "Feature", "geometry": {"type": "Point", "coordinates": [72.89867315436241, 19.056704697986575]}, "properties": {"node_id": 371, "elevation_m": 11.46, "elevation_provenance": "DERIVED", "in_degree": 0, "out_degree": 1, "is_headwater": true, "is_sink": false, "role": "headwater inlet", "capacity_m3s": 0.1375, "capacity_provenance": "ESTIMATED", "capacity_method": "contributing_area_m2 x (50.0mm/hr, MCGM post-BRIMSTOWAD-1993 design intensity, runoff coeff 1.0) — see mcgm_swd_official_statistics.json. Real pipe diameters/invert levels are unavailable for this area."}}, {"type": "Feature", "geometry": {"type": "Point", "coordinates": [72.89900872483221, 19.056704697986575]}, "properties": {"node_id": 372, "elevation_m": 8.79, "elevation_provenance": "DERIVED", "in_degree": 1, "out_degree": 0, "is_headwater": false, "is_sink": true, "role": "sink / potential surcharge & ponding point", "capacity_m3s": 0.1375, "capacity_provenance": "ESTIMATED", "capacity_method": "contributing_area_m2 x (50.0mm/hr, MCGM post-BRIMSTOWAD-1993 design intensity, runoff coeff 1.0) — see mcgm_swd_official_statistics.json. Real pipe diameters/invert levels are unavailable for this area."}}, {"type": "Feature", "geometry": {"type": "Point", "coordinates": [72.88759932885905, 19.056033557046977]}, "properties": {"node_id": 373, "elevation_m": 1.24, "elevation_provenance": "DERIVED", "in_degree": 1, "out_degree": 1, "is_headwater": false, "is_sink": false, "role": "junction", "capacity_m3s": 0.1625, "capacity_provenance": "ESTIMATED", "capacity_method": "contributing_area_m2 x (50.0mm/hr, MCGM post-BRIMSTOWAD-1993 design intensity, runoff coeff 1.0) — see mcgm_swd_official_statistics.json. Real pipe diameters/invert levels are unavailable for this area."}}, {"type": "Feature", "geometry": {"type": "Point", "coordinates": [72.88726375838925, 19.05569798657718]}, "properties": {"node_id": 374, "elevation_m": 0.97, "elevation_provenance": "DERIVED", "in_degree": 1, "out_degree": 0, "is_headwater": false, "is_sink": true, "role": "sink / potential surcharge & ponding point", "capacity_m3s": 0.1625, "capacity_provenance": "ESTIMATED", "capacity_method": "contributing_area_m2 x (50.0mm/hr, MCGM post-BRIMSTOWAD-1993 design intensity, runoff coeff 1.0) — see mcgm_swd_official_statistics.json. Real pipe diameters/invert levels are unavailable for this area."}}, {"type": "Feature", "geometry": {"type": "Point", "coordinates": [72.88793489932885, 19.056033557046977]}, "properties": {"node_id": 375, "elevation_m": 2.23, "elevation_provenance": "DERIVED", "in_degree": 0, "out_degree": 1, "is_headwater": true, "is_sink": false, "role": "headwater inlet", "capacity_m3s": 0.1375, "capacity_provenance": "ESTIMATED", "capacity_method": "contributing_area_m2 x (50.0mm/hr, MCGM post-BRIMSTOWAD-1993 design intensity, runoff coeff 1.0) — see mcgm_swd_official_statistics.json. Real pipe diameters/invert levels are unavailable for this area."}}, {"type": "Feature", "geometry": {"type": "Point", "coordinates": [72.89431073825503, 19.056033557046977]}, "properties": {"node_id": 376, "elevation_m": 7.51, "elevation_provenance": "DERIVED", "in_degree": 1, "out_degree": 1, "is_headwater": false, "is_sink": false, "role": "junction", "capacity_m3s": 0.15, "capacity_provenance": "ESTIMATED", "capacity_method": "contributing_area_m2 x (50.0mm/hr, MCGM post-BRIMSTOWAD-1993 design intensity, runoff coeff 1.0) — see mcgm_swd_official_statistics.json. Real pipe diameters/invert levels are unavailable for this area."}}, {"type": "Feature", "geometry": {"type": "Point", "coordinates": [72.89397516778523, 19.056033557046977]}, "properties": {"node_id": 377, "elevation_m": 7.5, "elevation_provenance": "DERIVED", "in_degree": 1, "out_degree": 0, "is_headwater": false, "is_sink": true, "role": "sink / potential surcharge & ponding point", "capacity_m3s": 0.15, "capacity_provenance": "ESTIMATED", "capacity_method": "contributing_area_m2 x (50.0mm/hr, MCGM post-BRIMSTOWAD-1993 design intensity, runoff coeff 1.0) — see mcgm_swd_official_statistics.json. Real pipe diameters/invert levels are unavailable for this area."}}, {"type": "Feature", "geometry": {"type": "Point", "coordinates": [72.89464630872483, 19.056033557046977]}, "properties": {"node_id": 378, "elevation_m": 14.27, "elevation_provenance": "DERIVED", "in_degree": 0, "out_degree": 1, "is_headwater": true, "is_sink": false, "role": "headwater inlet", "capacity_m3s": 0.125, "capacity_provenance": "ESTIMATED", "capacity_method": "contributing_area_m2 x (50.0mm/hr, MCGM post-BRIMSTOWAD-1993 design intensity, runoff coeff 1.0) — see mcgm_swd_official_statistics.json. Real pipe diameters/invert levels are unavailable for this area."}}, {"type": "Feature", "geometry": {"type": "Point", "coordinates": [72.9006865771812, 19.056033557046977]}, "properties": {"node_id": 379, "elevation_m": 13.86, "elevation_provenance": "DERIVED", "in_degree": 1, "out_degree": 1, "is_headwater": false, "is_sink": false, "role": "junction", "capacity_m3s": 0.25, "capacity_provenance": "ESTIMATED", "capacity_method": "contributing_area_m2 x (50.0mm/hr, MCGM post-BRIMSTOWAD-1993 design intensity, runoff coeff 1.0) — see mcgm_swd_official_statistics.json. Real pipe diameters/invert levels are unavailable for this area."}}, {"type": "Feature", "geometry": {"type": "Point", "coordinates": [72.9006865771812, 19.056369127516778]}, "properties": {"node_id": 380, "elevation_m": 7.5, "elevation_provenance": "DERIVED", "in_degree": 1, "out_degree": 0, "is_headwater": false, "is_sink": true, "role": "sink / potential surcharge & ponding point", "capacity_m3s": 0.25, "capacity_provenance": "ESTIMATED", "capacity_method": "contributing_area_m2 x (50.0mm/hr, MCGM post-BRIMSTOWAD-1993 design intensity, runoff coeff 1.0) — see mcgm_swd_official_statistics.json. Real pipe diameters/invert levels are unavailable for this area."}}, {"type": "Feature", "geometry": {"type": "Point", "coordinates": [72.901022147651, 19.05569798657718]}, "properties": {"node_id": 381, "elevation_m": 15.03, "elevation_provenance": "DERIVED", "in_degree": 1, "out_degree": 1, "is_headwater": false, "is_sink": false, "role": "junction", "capacity_m3s": 0.2125, "capacity_provenance": "ESTIMATED", "capacity_method": "contributing_area_m2 x (50.0mm/hr, MCGM post-BRIMSTOWAD-1993 design intensity, runoff coeff 1.0) — see mcgm_swd_official_statistics.json. Real pipe diameters/invert levels are unavailable for this area."}}, {"type": "Feature", "geometry": {"type": "Point", "coordinates": [72.9003510067114, 19.055362416107382]}, "properties": {"node_id": 382, "elevation_m": 15.39, "elevation_provenance": "DERIVED", "in_degree": 0, "out_degree": 1, "is_headwater": true, "is_sink": false, "role": "headwater inlet", "capacity_m3s": 0.15, "capacity_provenance": "ESTIMATED", "capacity_method": "contributing_area_m2 x (50.0mm/hr, MCGM post-BRIMSTOWAD-1993 design intensity, runoff coeff 1.0) — see mcgm_swd_official_statistics.json. Real pipe diameters/invert levels are unavailable for this area."}}, {"type": "Feature", "geometry": {"type": "Point", "coordinates": [72.9006865771812, 19.055362416107382]}, "properties": {"node_id": 383, "elevation_m": 15.33, "elevation_provenance": "DERIVED", "in_degree": 1, "out_degree": 1, "is_headwater": false, "is_sink": false, "role": "junction", "capacity_m3s": 0.175, "capacity_provenance": "ESTIMATED", "capacity_method": "contributing_area_m2 x (50.0mm/hr, MCGM post-BRIMSTOWAD-1993 design intensity, runoff coeff 1.0) — see mcgm_swd_official_statistics.json. Real pipe diameters/invert levels are unavailable for this area."}}, {"type": "Feature", "geometry": {"type": "Point", "coordinates": [72.901022147651, 19.055362416107382]}, "properties": {"node_id": 384, "elevation_m": 15.1, "elevation_provenance": "DERIVED", "in_degree": 1, "out_degree": 1, "is_headwater": false, "is_sink": false, "role": "junction", "capacity_m3s": 0.2, "capacity_provenance": "ESTIMATED", "capacity_method": "contributing_area_m2 x (50.0mm/hr, MCGM post-BRIMSTOWAD-1993 design intensity, runoff coeff 1.0) — see mcgm_swd_official_statistics.json. Real pipe diameters/invert levels are unavailable for this area."}}, {"type": "Feature", "geometry": {"type": "Point", "coordinates": [72.89431073825503, 19.05502684563758]}, "properties": {"node_id": 385, "elevation_m": 8.92, "elevation_provenance": "DERIVED", "in_degree": 1, "out_degree": 1, "is_headwater": false, "is_sink": false, "role": "junction", "capacity_m3s": 0.175, "capacity_provenance": "ESTIMATED", "capacity_method": "contributing_area_m2 x (50.0mm/hr, MCGM post-BRIMSTOWAD-1993 design intensity, runoff coeff 1.0) — see mcgm_swd_official_statistics.json. Real pipe diameters/invert levels are unavailable for this area."}}, {"type": "Feature", "geometry": {"type": "Point", "coordinates": [72.89397516778523, 19.055362416107382]}, "properties": {"node_id": 386, "elevation_m": 7.5, "elevation_provenance": "DERIVED", "in_degree": 1, "out_degree": 0, "is_headwater": false, "is_sink": true, "role": "sink / potential surcharge & ponding point", "capacity_m3s": 0.175, "capacity_provenance": "ESTIMATED", "capacity_method": "contributing_area_m2 x (50.0mm/hr, MCGM post-BRIMSTOWAD-1993 design intensity, runoff coeff 1.0) — see mcgm_swd_official_statistics.json. Real pipe diameters/invert levels are unavailable for this area."}}, {"type": "Feature", "geometry": {"type": "Point", "coordinates": [72.89464630872483, 19.054691275167784]}, "properties": {"node_id": 387, "elevation_m": 11.57, "elevation_provenance": "DERIVED", "in_degree": 0, "out_degree": 1, "is_headwater": true, "is_sink": false, "role": "headwater inlet", "capacity_m3s": 0.125, "capacity_provenance": "ESTIMATED", "capacity_method": "contributing_area_m2 x (50.0mm/hr, MCGM post-BRIMSTOWAD-1993 design intensity, runoff coeff 1.0) — see mcgm_swd_official_statistics.json. Real pipe diameters/invert levels are unavailable for this area."}}, {"type": "Feature", "geometry": {"type": "Point", "coordinates": [72.89431073825503, 19.054020134228185]}, "properties": {"node_id": 388, "elevation_m": 8.36, "elevation_provenance": "DERIVED", "in_degree": 1, "out_degree": 1, "is_headwater": false, "is_sink": false, "role": "junction", "capacity_m3s": 0.1875, "capacity_provenance": "ESTIMATED", "capacity_method": "contributing_area_m2 x (50.0mm/hr, MCGM post-BRIMSTOWAD-1993 design intensity, runoff coeff 1.0) — see mcgm_swd_official_statistics.json. Real pipe diameters/invert levels are unavailable for this area."}}, {"type": "Feature", "geometry": {"type": "Point", "coordinates": [72.89431073825503, 19.053684563758388]}, "properties": {"node_id": 389, "elevation_m": 7.5, "elevation_provenance": "DERIVED", "in_degree": 1, "out_degree": 0, "is_headwater": false, "is_sink": true, "role": "sink / potential surcharge & ponding point", "capacity_m3s": 0.1875, "capacity_provenance": "ESTIMATED", "capacity_method": "contributing_area_m2 x (50.0mm/hr, MCGM post-BRIMSTOWAD-1993 design intensity, runoff coeff 1.0) — see mcgm_swd_official_statistics.json. Real pipe diameters/invert levels are unavailable for this area."}}, {"type": "Feature", "geometry": {"type": "Point", "coordinates": [72.89464630872483, 19.054020134228185]}, "properties": {"node_id": 390, "elevation_m": 14.3, "elevation_provenance": "DERIVED", "in_degree": 1, "out_degree": 1, "is_headwater": false, "is_sink": false, "role": "junction", "capacity_m3s": 0.15, "capacity_provenance": "ESTIMATED", "capacity_method": "contributing_area_m2 x (50.0mm/hr, MCGM post-BRIMSTOWAD-1993 design intensity, runoff coeff 1.0) — see mcgm_swd_official_statistics.json. Real pipe diameters/invert levels are unavailable for this area."}}, {"type": "Feature", "geometry": {"type": "Point", "coordinates": [72.89498187919463, 19.054020134228185]}, "properties": {"node_id": 391, "elevation_m": 16.23, "elevation_provenance": "DERIVED", "in_degree": 0, "out_degree": 1, "is_headwater": true, "is_sink": false, "role": "headwater inlet", "capacity_m3s": 0.1375, "capacity_provenance": "ESTIMATED", "capacity_method": "contributing_area_m2 x (50.0mm/hr, MCGM post-BRIMSTOWAD-1993 design intensity, runoff coeff 1.0) — see mcgm_swd_official_statistics.json. Real pipe diameters/invert levels are unavailable for this area."}}, {"type": "Feature", "geometry": {"type": "Point", "coordinates": [72.86880738255033, 19.052677852348992]}, "properties": {"node_id": 392, "elevation_m": 0.04, "elevation_provenance": "DERIVED", "in_degree": 0, "out_degree": 1, "is_headwater": true, "is_sink": false, "role": "headwater inlet", "capacity_m3s": 0.125, "capacity_provenance": "ESTIMATED", "capacity_method": "contributing_area_m2 x (50.0mm/hr, MCGM post-BRIMSTOWAD-1993 design intensity, runoff coeff 1.0) — see mcgm_swd_official_statistics.json. Real pipe diameters/invert levels are unavailable for this area."}}, {"type": "Feature", "geometry": {"type": "Point", "coordinates": [72.86914295302013, 19.05301342281879]}, "properties": {"node_id": 393, "elevation_m": 0.0, "elevation_provenance": "DERIVED", "in_degree": 1, "out_degree": 0, "is_headwater": false, "is_sink": true, "role": "sink / potential surcharge & ponding point", "capacity_m3s": 0.125, "capacity_provenance": "ESTIMATED", "capacity_method": "contributing_area_m2 x (50.0mm/hr, MCGM post-BRIMSTOWAD-1993 design intensity, runoff coeff 1.0) — see mcgm_swd_official_statistics.json. Real pipe diameters/invert levels are unavailable for this area."}}, {"type": "Feature", "geometry": {"type": "Point", "coordinates": [72.86041812080536, 19.051335570469796]}, "properties": {"node_id": 394, "elevation_m": 0.12, "elevation_provenance": "DERIVED", "in_degree": 0, "out_degree": 1, "is_headwater": true, "is_sink": false, "role": "headwater inlet", "capacity_m3s": 0.1375, "capacity_provenance": "ESTIMATED", "capacity_method": "contributing_area_m2 x (50.0mm/hr, MCGM post-BRIMSTOWAD-1993 design intensity, runoff coeff 1.0) — see mcgm_swd_official_statistics.json. Real pipe diameters/invert levels are unavailable for this area."}}, {"type": "Feature", "geometry": {"type": "Point", "coordinates": [72.86008255033556, 19.051335570469796]}, "properties": {"node_id": 395, "elevation_m": 0.0, "elevation_provenance": "DERIVED", "in_degree": 1, "out_degree": 0, "is_headwater": false, "is_sink": true, "role": "sink / potential surcharge & ponding point", "capacity_m3s": 0.1375, "capacity_provenance": "ESTIMATED", "capacity_method": "contributing_area_m2 x (50.0mm/hr, MCGM post-BRIMSTOWAD-1993 design intensity, runoff coeff 1.0) — see mcgm_swd_official_statistics.json. Real pipe diameters/invert levels are unavailable for this area."}}]}