{"type": "FeatureCollection", "features": [{"type": "Feature", "geometry": {"type": "Point", "coordinates": [72.89833758389261, 19.1006644295302]}, "properties": {"node_id": 0, "t_min": 150, "depth_m": 0.0, "depth_category": "0-15cm", "landcover_class": 50, "runoff_coeff": 0.85, "runoff_coeff_provenance": "ESTIMATED (literature-typical per-class assumption)", "inflow_m3s": 0.034, "capacity_m3s": 0.1575, "surcharge_m3s": 0.0, "is_sink": false, "role": "junction", "provenance": "SIMULATED", "rainfall_scenario": "whatif_baseline"}}, {"type": "Feature", "geometry": {"type": "Point", "coordinates": [72.89833758389261, 19.101]}, "properties": {"node_id": 1, "t_min": 150, "depth_m": 0.0, "depth_category": "0-15cm", "landcover_class": 50, "runoff_coeff": 0.85, "runoff_coeff_provenance": "ESTIMATED (literature-typical per-class assumption)", "inflow_m3s": 0.03825, "capacity_m3s": 0.1575, "surcharge_m3s": 0.0, "is_sink": true, "role": "sink / potential surcharge & ponding point", "provenance": "SIMULATED", "rainfall_scenario": "whatif_baseline"}}, {"type": "Feature", "geometry": {"type": "Point", "coordinates": [72.8533711409396, 19.1003288590604]}, "properties": {"node_id": 2, "t_min": 150, "depth_m": 0.0, "depth_category": "0-15cm", "landcover_class": 50, "runoff_coeff": 0.85, "runoff_coeff_provenance": "ESTIMATED (literature-typical per-class assumption)", "inflow_m3s": 0.00213, "capacity_m3s": 0.105, "surcharge_m3s": 0.0, "is_sink": false, "role": "headwater inlet", "provenance": "SIMULATED", "rainfall_scenario": "whatif_baseline"}}, {"type": "Feature", "geometry": {"type": "Point", "coordinates": [72.8537067114094, 19.099993288590603]}, "properties": {"node_id": 3, "t_min": 150, "depth_m": 0.0, "depth_category": "0-15cm", "landcover_class": 50, "runoff_coeff": 0.85, "runoff_coeff_provenance": "ESTIMATED (literature-typical per-class assumption)", "inflow_m3s": 0.0255, "capacity_m3s": 0.105, "surcharge_m3s": 0.0, "is_sink": true, "role": "sink / potential surcharge & ponding point", "provenance": "SIMULATED", "rainfall_scenario": "whatif_baseline"}}, {"type": "Feature", "geometry": {"type": "Point", "coordinates": [72.89296845637584, 19.1003288590604]}, "properties": {"node_id": 4, "t_min": 150, "depth_m": 0.0, "depth_category": "0-15cm", "landcover_class": 50, "runoff_coeff": 0.85, "runoff_coeff_provenance": "ESTIMATED (literature-typical per-class assumption)", "inflow_m3s": 0.03613, "capacity_m3s": 0.21, "surcharge_m3s": 0.0, "is_sink": false, "role": "junction", "provenance": "SIMULATED", "rainfall_scenario": "whatif_baseline"}}, {"type": "Feature", "geometry": {"type": "Point", "coordinates": [72.89296845637584, 19.1006644295302]}, "properties": {"node_id": 5, "t_min": 150, "depth_m": 0.0, "depth_category": "0-15cm", "landcover_class": 10, "runoff_coeff": 0.15, "runoff_coeff_provenance": "ESTIMATED (literature-typical per-class assumption)", "inflow_m3s": 0.009, "capacity_m3s": 0.21, "surcharge_m3s": 0.0, "is_sink": true, "role": "sink / potential surcharge & ponding point", "provenance": "SIMULATED", "rainfall_scenario": "whatif_baseline"}}, {"type": "Feature", "geometry": {"type": "Point", "coordinates": [72.89833758389261, 19.1003288590604]}, "properties": {"node_id": 6, "t_min": 150, "depth_m": 0.0, "depth_category": "0-15cm", "landcover_class": 50, "runoff_coeff": 0.85, "runoff_coeff_provenance": "ESTIMATED (literature-typical per-class assumption)", "inflow_m3s": 0.03188, "capacity_m3s": 0.14, "surcharge_m3s": 0.0, "is_sink": false, "role": "junction", "provenance": "SIMULATED", "rainfall_scenario": "whatif_baseline"}}, {"type": "Feature", "geometry": {"type": "Point", "coordinates": [72.89867315436241, 19.1003288590604]}, "properties": {"node_id": 7, "t_min": 150, "depth_m": 0.0, "depth_category": "0-15cm", "landcover_class": 50, "runoff_coeff": 0.85, "runoff_coeff_provenance": "ESTIMATED (literature-typical per-class assumption)", "inflow_m3s": 0.02975, "capacity_m3s": 0.13125, "surcharge_m3s": 0.0, "is_sink": false, "role": "junction", "provenance": "SIMULATED", "rainfall_scenario": "whatif_baseline"}}, {"type": "Feature", "geometry": {"type": "Point", "coordinates": [72.89900872483221, 19.1003288590604]}, "properties": {"node_id": 8, "t_min": 150, "depth_m": 0.0, "depth_category": "0-15cm", "landcover_class": 50, "runoff_coeff": 0.85, "runoff_coeff_provenance": "ESTIMATED (literature-typical per-class assumption)", "inflow_m3s": 0.02763, "capacity_m3s": 0.1225, "surcharge_m3s": 0.0, "is_sink": false, "role": "junction", "provenance": "SIMULATED", "rainfall_scenario": "whatif_baseline"}}, {"type": "Feature", "geometry": {"type": "Point", "coordinates": [72.89934429530201, 19.1003288590604]}, "properties": {"node_id": 9, "t_min": 150, "depth_m": 0.0, "depth_category": "0-15cm", "landcover_class": 50, "runoff_coeff": 0.85, "runoff_coeff_provenance": "ESTIMATED (literature-typical per-class assumption)", "inflow_m3s": 0.00213, "capacity_m3s": 0.11375, "surcharge_m3s": 0.0, "is_sink": false, "role": "headwater inlet", "provenance": "SIMULATED", "rainfall_scenario": "whatif_baseline"}}, {"type": "Feature", "geometry": {"type": "Point", "coordinates": [72.87921006711409, 19.099993288590603]}, "properties": {"node_id": 10, "t_min": 150, "depth_m": 0.0, "depth_category": "0-15cm", "landcover_class": 80, "runoff_coeff": 1.0, "runoff_coeff_provenance": "ESTIMATED (literature-typical per-class assumption)", "inflow_m3s": 0.0025, "capacity_m3s": 0.0875, "surcharge_m3s": 0.0, "is_sink": false, "role": "headwater inlet", "provenance": "SIMULATED", "rainfall_scenario": "whatif_baseline"}}, {"type": "Feature", "geometry": {"type": "Point", "coordinates": [72.87921006711409, 19.099657718120806]}, "properties": {"node_id": 11, "t_min": 150, "depth_m": 0.0, "depth_category": "0-15cm", "landcover_class": 80, "runoff_coeff": 1.0, "runoff_coeff_provenance": "ESTIMATED (literature-typical per-class assumption)", "inflow_m3s": 0.025, "capacity_m3s": 0.0875, "surcharge_m3s": 0.0, "is_sink": true, "role": "sink / potential surcharge & ponding point", "provenance": "SIMULATED", "rainfall_scenario": "whatif_baseline"}}, {"type": "Feature", "geometry": {"type": "Point", "coordinates": [72.89162617449664, 19.099993288590603]}, "properties": {"node_id": 12, "t_min": 150, "depth_m": 0.0, "depth_category": "0-15cm", "landcover_class": 50, "runoff_coeff": 0.85, "runoff_coeff_provenance": "ESTIMATED (literature-typical per-class assumption)", "inflow_m3s": 0.00213, "capacity_m3s": 0.1225, "surcharge_m3s": 0.0, "is_sink": false, "role": "headwater inlet", "provenance": "SIMULATED", "rainfall_scenario": "whatif_baseline"}}, {"type": "Feature", "geometry": {"type": "Point", "coordinates": [72.89162617449664, 19.1003288590604]}, "properties": {"node_id": 13, "t_min": 150, "depth_m": 0.0, "depth_category": "0-15cm", "landcover_class": 50, "runoff_coeff": 0.85, "runoff_coeff_provenance": "ESTIMATED (literature-typical per-class assumption)", "inflow_m3s": 0.06588, "capacity_m3s": 0.27125, "surcharge_m3s": 0.0, "is_sink": true, "role": "sink / potential surcharge & ponding point", "provenance": "SIMULATED", "rainfall_scenario": "whatif_baseline"}}, {"type": "Feature", "geometry": {"type": "Point", "coordinates": [72.89196174496644, 19.099993288590603]}, "properties": {"node_id": 14, "t_min": 150, "depth_m": 0.0, "depth_category": "0-15cm", "landcover_class": 50, "runoff_coeff": 0.85, "runoff_coeff_provenance": "ESTIMATED (literature-typical per-class assumption)", "inflow_m3s": 0.06163, "capacity_m3s": 0.27125, "surcharge_m3s": 0.0, "is_sink": false, "role": "junction", "provenance": "SIMULATED", "rainfall_scenario": "whatif_baseline"}}, {"type": "Feature", "geometry": {"type": "Point", "coordinates": [72.89263288590604, 19.099993288590603]}, "properties": {"node_id": 15, "t_min": 150, "depth_m": 0.0, "depth_category": "0-15cm", "landcover_class": 50, "runoff_coeff": 0.85, "runoff_coeff_provenance": "ESTIMATED (literature-typical per-class assumption)", "inflow_m3s": 0.034, "capacity_m3s": 0.14875, "surcharge_m3s": 0.0, "is_sink": false, "role": "junction", "provenance": "SIMULATED", "rainfall_scenario": "whatif_baseline"}}, {"type": "Feature", "geometry": {"type": "Point", "coordinates": [72.89833758389261, 19.099993288590603]}, "properties": {"node_id": 16, "t_min": 150, "depth_m": 0.0, "depth_category": "0-15cm", "landcover_class": 50, "runoff_coeff": 0.85, "runoff_coeff_provenance": "ESTIMATED (literature-typical per-class assumption)", "inflow_m3s": 0.04888, "capacity_m3s": 0.23625, "surcharge_m3s": 0.0, "is_sink": false, "role": "junction", "provenance": "SIMULATED", "rainfall_scenario": "whatif_baseline"}}, {"type": "Feature", "geometry": {"type": "Point", "coordinates": [72.89800201342281, 19.099657718120806]}, "properties": {"node_id": 17, "t_min": 150, "depth_m": 0.0, "depth_category": "0-15cm", "landcover_class": 50, "runoff_coeff": 0.85, "runoff_coeff_provenance": "ESTIMATED (literature-typical per-class assumption)", "inflow_m3s": 0.05738, "capacity_m3s": 0.23625, "surcharge_m3s": 0.0, "is_sink": true, "role": "sink / potential surcharge & ponding point", "provenance": "SIMULATED", "rainfall_scenario": "whatif_baseline"}}, {"type": "Feature", "geometry": {"type": "Point", "coordinates": [72.86343825503356, 19.099657718120806]}, "properties": {"node_id": 18, "t_min": 150, "depth_m": 0.0, "depth_category": "0-15cm", "landcover_class": 10, "runoff_coeff": 0.15, "runoff_coeff_provenance": "ESTIMATED (literature-typical per-class assumption)", "inflow_m3s": 0.00038, "capacity_m3s": 0.0875, "surcharge_m3s": 0.0, "is_sink": false, "role": "headwater inlet", "provenance": "SIMULATED", "rainfall_scenario": "whatif_baseline"}}, {"type": "Feature", "geometry": {"type": "Point", "coordinates": [72.86377382550336, 19.099657718120806]}, "properties": {"node_id": 19, "t_min": 150, "depth_m": 0.0, "depth_category": "0-15cm", "landcover_class": 10, "runoff_coeff": 0.15, "runoff_coeff_provenance": "ESTIMATED (literature-typical per-class assumption)", "inflow_m3s": 0.00375, "capacity_m3s": 0.0875, "surcharge_m3s": 0.0, "is_sink": true, "role": "sink / potential surcharge & ponding point", "provenance": "SIMULATED", "rainfall_scenario": "whatif_baseline"}}, {"type": "Feature", "geometry": {"type": "Point", "coordinates": [72.88894161073826, 19.099657718120806]}, "properties": {"node_id": 20, "t_min": 150, "depth_m": 0.0, "depth_category": "0-15cm", "landcover_class": 50, "runoff_coeff": 0.85, "runoff_coeff_provenance": "ESTIMATED (literature-typical per-class assumption)", "inflow_m3s": 0.14025, "capacity_m3s": 0.595, "surcharge_m3s": 0.0, "is_sink": false, "role": "junction", "provenance": "SIMULATED", "rainfall_scenario": "whatif_baseline"}}, {"type": "Feature", "geometry": {"type": "Point", "coordinates": [72.88894161073826, 19.099993288590603]}, "properties": {"node_id": 21, "t_min": 150, "depth_m": 0.0, "depth_category": "0-15cm", "landcover_class": 50, "runoff_coeff": 0.85, "runoff_coeff_provenance": "ESTIMATED (literature-typical per-class assumption)", "inflow_m3s": 0.1445, "capacity_m3s": 0.595, "surcharge_m3s": 0.0, "is_sink": true, "role": "sink / potential surcharge & ponding point", "provenance": "SIMULATED", "rainfall_scenario": "whatif_baseline"}}, {"type": "Feature", "geometry": {"type": "Point", "coordinates": [72.89196174496644, 19.099657718120806]}, "properties": {"node_id": 22, "t_min": 150, "depth_m": 0.0, "depth_category": "0-15cm", "landcover_class": 50, "runoff_coeff": 0.85, "runoff_coeff_provenance": "ESTIMATED (literature-typical per-class assumption)", "inflow_m3s": 0.04675, "capacity_m3s": 0.25375, "surcharge_m3s": 0.0, "is_sink": false, "role": "junction", "provenance": "SIMULATED", "rainfall_scenario": "whatif_baseline"}}, {"type": "Feature", "geometry": {"type": "Point", "coordinates": [72.89296845637584, 19.099657718120806]}, "properties": {"node_id": 23, "t_min": 150, "depth_m": 0.0, "depth_category": "0-15cm", "landcover_class": 50, "runoff_coeff": 0.85, "runoff_coeff_provenance": "ESTIMATED (literature-typical per-class assumption)", "inflow_m3s": 0.02125, "capacity_m3s": 0.14, "surcharge_m3s": 0.0, "is_sink": false, "role": "junction", "provenance": "SIMULATED", "rainfall_scenario": "whatif_baseline"}}, {"type": "Feature", "geometry": {"type": "Point", "coordinates": [72.89867315436241, 19.099657718120806]}, "properties": {"node_id": 24, "t_min": 150, "depth_m": 0.0, "depth_category": "0-15cm", "landcover_class": 50, "runoff_coeff": 0.85, "runoff_coeff_provenance": "ESTIMATED (literature-typical per-class assumption)", "inflow_m3s": 0.02763, "capacity_m3s": 0.20125, "surcharge_m3s": 0.0, "is_sink": false, "role": "junction", "provenance": "SIMULATED", "rainfall_scenario": "whatif_baseline"}}, {"type": "Feature", "geometry": {"type": "Point", "coordinates": [72.89900872483221, 19.099657718120806]}, "properties": {"node_id": 25, "t_min": 150, "depth_m": 0.0, "depth_category": "0-15cm", "landcover_class": 10, "runoff_coeff": 0.15, "runoff_coeff_provenance": "ESTIMATED (literature-typical per-class assumption)", "inflow_m3s": 0.0045, "capacity_m3s": 0.11375, "surcharge_m3s": 0.0, "is_sink": false, "role": "junction", "provenance": "SIMULATED", "rainfall_scenario": "whatif_baseline"}}, {"type": "Feature", "geometry": {"type": "Point", "coordinates": [72.89934429530201, 19.099657718120806]}, "properties": {"node_id": 26, "t_min": 150, "depth_m": 0.0, "depth_category": "0-15cm", "landcover_class": 10, "runoff_coeff": 0.15, "runoff_coeff_provenance": "ESTIMATED (literature-typical per-class assumption)", "inflow_m3s": 0.00038, "capacity_m3s": 0.105, "surcharge_m3s": 0.0, "is_sink": false, "role": "headwater inlet", "provenance": "SIMULATED", "rainfall_scenario": "whatif_baseline"}}, {"type": "Feature", "geometry": {"type": "Point", "coordinates": [72.9020288590604, 19.099657718120806]}, "properties": {"node_id": 27, "t_min": 150, "depth_m": 0.0, "depth_category": "0-15cm", "landcover_class": 10, "runoff_coeff": 0.15, "runoff_coeff_provenance": "ESTIMATED (literature-typical per-class assumption)", "inflow_m3s": 0.00038, "capacity_m3s": 0.14, "surcharge_m3s": 0.0, "is_sink": false, "role": "headwater inlet", "provenance": "SIMULATED", "rainfall_scenario": "whatif_baseline"}}, {"type": "Feature", "geometry": {"type": "Point", "coordinates": [72.9023644295302, 19.099322147651005]}, "properties": {"node_id": 28, "t_min": 150, "depth_m": 0.0, "depth_category": "0-15cm", "landcover_class": 10, "runoff_coeff": 0.15, "runoff_coeff_provenance": "ESTIMATED (literature-typical per-class assumption)", "inflow_m3s": 0.006, "capacity_m3s": 0.14875, "surcharge_m3s": 0.0, "is_sink": false, "role": "junction", "provenance": "SIMULATED", "rainfall_scenario": "whatif_baseline"}}, {"type": "Feature", "geometry": {"type": "Point", "coordinates": [72.9023644295302, 19.099657718120806]}, "properties": {"node_id": 29, "t_min": 150, "depth_m": 0.0, "depth_category": "0-15cm", "landcover_class": 50, "runoff_coeff": 0.85, "runoff_coeff_provenance": "ESTIMATED (literature-typical per-class assumption)", "inflow_m3s": 0.00213, "capacity_m3s": 0.0875, "surcharge_m3s": 0.0, "is_sink": false, "role": "headwater inlet", "provenance": "SIMULATED", "rainfall_scenario": "whatif_baseline"}}, {"type": "Feature", "geometry": {"type": "Point", "coordinates": [72.9027, 19.099322147651005]}, "properties": {"node_id": 30, "t_min": 150, "depth_m": 0.0, "depth_category": "0-15cm", "landcover_class": 50, "runoff_coeff": 0.85, "runoff_coeff_provenance": "ESTIMATED (literature-typical per-class assumption)", "inflow_m3s": 0.02125, "capacity_m3s": 0.1225, "surcharge_m3s": 0.0, "is_sink": false, "role": "junction", "provenance": "SIMULATED", "rainfall_scenario": "whatif_baseline"}}, {"type": "Feature", "geometry": {"type": "Point", "coordinates": [72.88927718120804, 19.099322147651005]}, "properties": {"node_id": 31, "t_min": 150, "depth_m": 0.0, "depth_category": "0-15cm", "landcover_class": 50, "runoff_coeff": 0.85, "runoff_coeff_provenance": "ESTIMATED (literature-typical per-class assumption)", "inflow_m3s": 0.136, "capacity_m3s": 0.5775, "surcharge_m3s": 0.0, "is_sink": false, "role": "junction", "provenance": "SIMULATED", "rainfall_scenario": "whatif_baseline"}}, {"type": "Feature", "geometry": {"type": "Point", "coordinates": [72.89229731543624, 19.099322147651005]}, "properties": {"node_id": 32, "t_min": 150, "depth_m": 0.0, "depth_category": "0-15cm", "landcover_class": 50, "runoff_coeff": 0.85, "runoff_coeff_provenance": "ESTIMATED (literature-typical per-class assumption)", "inflow_m3s": 0.04038, "capacity_m3s": 0.1925, "surcharge_m3s": 0.0, "is_sink": false, "role": "junction", "provenance": "SIMULATED", "rainfall_scenario": "whatif_baseline"}}, {"type": "Feature", "geometry": {"type": "Point", "coordinates": [72.89296845637584, 19.099322147651005]}, "properties": {"node_id": 33, "t_min": 150, "depth_m": 0.0, "depth_category": "0-15cm", "landcover_class": 50, "runoff_coeff": 0.85, "runoff_coeff_provenance": "ESTIMATED (literature-typical per-class assumption)", "inflow_m3s": 0.00213, "capacity_m3s": 0.0875, "surcharge_m3s": 0.0, "is_sink": false, "role": "headwater inlet", "provenance": "SIMULATED", "rainfall_scenario": "whatif_baseline"}}, {"type": "Feature", "geometry": {"type": "Point", "coordinates": [72.89766644295301, 19.099322147651005]}, "properties": {"node_id": 34, "t_min": 150, "depth_m": 0.0, "depth_category": "0-15cm", "landcover_class": 50, "runoff_coeff": 0.85, "runoff_coeff_provenance": "ESTIMATED (literature-typical per-class assumption)", "inflow_m3s": 0.00213, "capacity_m3s": 0.0875, "surcharge_m3s": 0.0, "is_sink": false, "role": "headwater inlet", "provenance": "SIMULATED", "rainfall_scenario": "whatif_baseline"}}, {"type": "Feature", "geometry": {"type": "Point", "coordinates": [72.89766644295301, 19.099657718120806]}, "properties": {"node_id": 35, "t_min": 150, "depth_m": 0.0, "depth_category": "0-15cm", "landcover_class": 50, "runoff_coeff": 0.85, "runoff_coeff_provenance": "ESTIMATED (literature-typical per-class assumption)", "inflow_m3s": 0.02125, "capacity_m3s": 0.0875, "surcharge_m3s": 0.0, "is_sink": true, "role": "sink / potential surcharge & ponding point", "provenance": "SIMULATED", "rainfall_scenario": "whatif_baseline"}}, {"type": "Feature", "geometry": {"type": "Point", "coordinates": [72.9027, 19.098986577181208]}, "properties": {"node_id": 36, "t_min": 150, "depth_m": 0.0, "depth_category": "0-15cm", "landcover_class": 10, "runoff_coeff": 0.15, "runoff_coeff_provenance": "ESTIMATED (literature-typical per-class assumption)", "inflow_m3s": 0.00638, "capacity_m3s": 0.28, "surcharge_m3s": 0.0, "is_sink": false, "role": "junction", "provenance": "SIMULATED", "rainfall_scenario": "whatif_baseline"}}, {"type": "Feature", "geometry": {"type": "Point", "coordinates": [72.88961275167784, 19.098986577181208]}, "properties": {"node_id": 37, "t_min": 150, "depth_m": 0.0, "depth_category": "0-15cm", "landcover_class": 50, "runoff_coeff": 0.85, "runoff_coeff_provenance": "ESTIMATED (literature-typical per-class assumption)", "inflow_m3s": 0.1275, "capacity_m3s": 0.56, "surcharge_m3s": 0.0, "is_sink": false, "role": "junction", "provenance": "SIMULATED", "rainfall_scenario": "whatif_baseline"}}, {"type": "Feature", "geometry": {"type": "Point", "coordinates": [72.89229731543624, 19.098986577181208]}, "properties": {"node_id": 38, "t_min": 150, "depth_m": 0.0, "depth_category": "0-15cm", "landcover_class": 50, "runoff_coeff": 0.85, "runoff_coeff_provenance": "ESTIMATED (literature-typical per-class assumption)", "inflow_m3s": 0.00213, "capacity_m3s": 0.16625, "surcharge_m3s": 0.0, "is_sink": false, "role": "headwater inlet", "provenance": "SIMULATED", "rainfall_scenario": "whatif_baseline"}}, {"type": "Feature", "geometry": {"type": "Point", "coordinates": [72.9023644295302, 19.098651006711407]}, "properties": {"node_id": 39, "t_min": 150, "depth_m": 0.0, "depth_category": "0-15cm", "landcover_class": 10, "runoff_coeff": 0.15, "runoff_coeff_provenance": "ESTIMATED (literature-typical per-class assumption)", "inflow_m3s": 0.012, "capacity_m3s": 0.315, "surcharge_m3s": 0.0, "is_sink": false, "role": "junction", "provenance": "SIMULATED", "rainfall_scenario": "whatif_baseline"}}, {"type": "Feature", "geometry": {"type": "Point", "coordinates": [72.8771966442953, 19.098651006711407]}, "properties": {"node_id": 40, "t_min": 150, "depth_m": 0.0, "depth_category": "0-15cm", "landcover_class": 50, "runoff_coeff": 0.85, "runoff_coeff_provenance": "ESTIMATED (literature-typical per-class assumption)", "inflow_m3s": 0.00213, "capacity_m3s": 0.0875, "surcharge_m3s": 0.0, "is_sink": false, "role": "headwater inlet", "provenance": "SIMULATED", "rainfall_scenario": "whatif_baseline"}}, {"type": "Feature", "geometry": {"type": "Point", "coordinates": [72.8775322147651, 19.09831543624161]}, "properties": {"node_id": 41, "t_min": 150, "depth_m": 0.0, "depth_category": "0-15cm", "landcover_class": 50, "runoff_coeff": 0.85, "runoff_coeff_provenance": "ESTIMATED (literature-typical per-class assumption)", "inflow_m3s": 0.02125, "capacity_m3s": 0.0875, "surcharge_m3s": 0.0, "is_sink": true, "role": "sink / potential surcharge & ponding point", "provenance": "SIMULATED", "rainfall_scenario": "whatif_baseline"}}, {"type": "Feature", "geometry": {"type": "Point", "coordinates": [72.88961275167784, 19.098651006711407]}, "properties": {"node_id": 42, "t_min": 150, "depth_m": 0.0, "depth_category": "0-15cm", "landcover_class": 50, "runoff_coeff": 0.85, "runoff_coeff_provenance": "ESTIMATED (literature-typical per-class assumption)", "inflow_m3s": 0.10837, "capacity_m3s": 0.525, "surcharge_m3s": 0.0, "is_sink": false, "role": "junction", "provenance": "SIMULATED", "rainfall_scenario": "whatif_baseline"}}, {"type": "Feature", "geometry": {"type": "Point", "coordinates": [72.9023644295302, 19.09831543624161]}, "properties": {"node_id": 43, "t_min": 150, "depth_m": 0.0, "depth_category": "0-15cm", "landcover_class": 50, "runoff_coeff": 0.85, "runoff_coeff_provenance": "ESTIMATED (literature-typical per-class assumption)", "inflow_m3s": 0.0765, "capacity_m3s": 0.34125, "surcharge_m3s": 0.0, "is_sink": false, "role": "junction", "provenance": "SIMULATED", "rainfall_scenario": "whatif_baseline"}}, {"type": "Feature", "geometry": {"type": "Point", "coordinates": [72.88961275167784, 19.09831543624161]}, "properties": {"node_id": 44, "t_min": 150, "depth_m": 0.0, "depth_category": "0-15cm", "landcover_class": 50, "runoff_coeff": 0.85, "runoff_coeff_provenance": "ESTIMATED (literature-typical per-class assumption)", "inflow_m3s": 0.09988, "capacity_m3s": 0.44625, "surcharge_m3s": 0.0, "is_sink": false, "role": "junction", "provenance": "SIMULATED", "rainfall_scenario": "whatif_baseline"}}, {"type": "Feature", "geometry": {"type": "Point", "coordinates": [72.9016932885906, 19.09831543624161]}, "properties": {"node_id": 45, "t_min": 150, "depth_m": 0.0, "depth_category": "0-15cm", "landcover_class": 50, "runoff_coeff": 0.85, "runoff_coeff_provenance": "ESTIMATED (literature-typical per-class assumption)", "inflow_m3s": 0.00213, "capacity_m3s": 0.11375, "surcharge_m3s": 0.0, "is_sink": false, "role": "headwater inlet", "provenance": "SIMULATED", "rainfall_scenario": "whatif_baseline"}}, {"type": "Feature", "geometry": {"type": "Point", "coordinates": [72.9016932885906, 19.097979865771812]}, "properties": {"node_id": 46, "t_min": 150, "depth_m": 0.0, "depth_category": "0-15cm", "landcover_class": 10, "runoff_coeff": 0.15, "runoff_coeff_provenance": "ESTIMATED (literature-typical per-class assumption)", "inflow_m3s": 0.00487, "capacity_m3s": 0.1225, "surcharge_m3s": 0.0, "is_sink": false, "role": "junction", "provenance": "SIMULATED", "rainfall_scenario": "whatif_baseline"}}, {"type": "Feature", "geometry": {"type": "Point", "coordinates": [72.9020288590604, 19.097979865771812]}, "properties": {"node_id": 47, "t_min": 150, "depth_m": 0.0, "depth_category": "0-15cm", "landcover_class": 50, "runoff_coeff": 0.85, "runoff_coeff_provenance": "ESTIMATED (literature-typical per-class assumption)", "inflow_m3s": 0.08288, "capacity_m3s": 0.37625, "surcharge_m3s": 0.0, "is_sink": false, "role": "junction", "provenance": "SIMULATED", "rainfall_scenario": "whatif_baseline"}}, {"type": "Feature", "geometry": {"type": "Point", "coordinates": [72.8758543624161, 19.097979865771812]}, "properties": {"node_id": 48, "t_min": 150, "depth_m": 0.0, "depth_category": "0-15cm", "landcover_class": 50, "runoff_coeff": 0.85, "runoff_coeff_provenance": "ESTIMATED (literature-typical per-class assumption)", "inflow_m3s": 0.02125, "capacity_m3s": 0.11375, "surcharge_m3s": 0.0, "is_sink": false, "role": "junction", "provenance": "SIMULATED", "rainfall_scenario": "whatif_baseline"}}, {"type": "Feature", "geometry": {"type": "Point", "coordinates": [72.87618993288591, 19.09831543624161]}, "properties": {"node_id": 49, "t_min": 150, "depth_m": 0.0, "depth_category": "0-15cm", "landcover_class": 50, "runoff_coeff": 0.85, "runoff_coeff_provenance": "ESTIMATED (literature-typical per-class assumption)", "inflow_m3s": 0.02763, "capacity_m3s": 0.11375, "surcharge_m3s": 0.0, "is_sink": true, "role": "sink / potential surcharge & ponding point", "provenance": "SIMULATED", "rainfall_scenario": "whatif_baseline"}}, {"type": "Feature", "geometry": {"type": "Point", "coordinates": [72.88055234899329, 19.097979865771812]}, "properties": {"node_id": 50, "t_min": 150, "depth_m": 0.0, "depth_category": "0-15cm", "landcover_class": 50, "runoff_coeff": 0.85, "runoff_coeff_provenance": "ESTIMATED (literature-typical per-class assumption)", "inflow_m3s": 0.00213, "capacity_m3s": 0.11375, "surcharge_m3s": 0.0, "is_sink": false, "role": "headwater inlet", "provenance": "SIMULATED", "rainfall_scenario": "whatif_baseline"}}, {"type": "Feature", "geometry": {"type": "Point", "coordinates": [72.88088791946308, 19.09764429530201]}, "properties": {"node_id": 51, "t_min": 150, "depth_m": 0.0, "depth_category": "0-15cm", "landcover_class": 10, "runoff_coeff": 0.15, "runoff_coeff_provenance": "ESTIMATED (literature-typical per-class assumption)", "inflow_m3s": 0.00487, "capacity_m3s": 0.21, "surcharge_m3s": 0.0, "is_sink": false, "role": "junction", "provenance": "SIMULATED", "rainfall_scenario": "whatif_baseline"}}, {"type": "Feature", "geometry": {"type": "Point", "coordinates": [72.88927718120804, 19.097979865771812]}, "properties": {"node_id": 52, "t_min": 150, "depth_m": 0.0, "depth_category": "0-15cm", "landcover_class": 50, "runoff_coeff": 0.85, "runoff_coeff_provenance": "ESTIMATED (literature-typical per-class assumption)", "inflow_m3s": 0.0935, "capacity_m3s": 0.41125, "surcharge_m3s": 0.0, "is_sink": false, "role": "junction", "provenance": "SIMULATED", "rainfall_scenario": "whatif_baseline"}}, {"type": "Feature", "geometry": {"type": "Point", "coordinates": [72.89598859060402, 19.097979865771812]}, "properties": {"node_id": 53, "t_min": 150, "depth_m": 0.0, "depth_category": "0-15cm", "landcover_class": 50, "runoff_coeff": 0.85, "runoff_coeff_provenance": "ESTIMATED (literature-typical per-class assumption)", "inflow_m3s": 0.00213, "capacity_m3s": 0.105, "surcharge_m3s": 0.0, "is_sink": false, "role": "headwater inlet", "provenance": "SIMULATED", "rainfall_scenario": "whatif_baseline"}}, {"type": "Feature", "geometry": {"type": "Point", "coordinates": [72.89598859060402, 19.09764429530201]}, "properties": {"node_id": 54, "t_min": 150, "depth_m": 0.0, "depth_category": "0-15cm", "landcover_class": 50, "runoff_coeff": 0.85, "runoff_coeff_provenance": "ESTIMATED (literature-typical per-class assumption)", "inflow_m3s": 0.0255, "capacity_m3s": 0.105, "surcharge_m3s": 0.0, "is_sink": true, "role": "sink / potential surcharge & ponding point", "provenance": "SIMULATED", "rainfall_scenario": "whatif_baseline"}}, {"type": "Feature", "geometry": {"type": "Point", "coordinates": [72.9016932885906, 19.09764429530201]}, "properties": {"node_id": 55, "t_min": 150, "depth_m": 0.0, "depth_category": "0-15cm", "landcover_class": 10, "runoff_coeff": 0.15, "runoff_coeff_provenance": "ESTIMATED (literature-typical per-class assumption)", "inflow_m3s": 0.01613, "capacity_m3s": 0.62125, "surcharge_m3s": 0.0, "is_sink": false, "role": "junction", "provenance": "SIMULATED", "rainfall_scenario": "whatif_baseline"}}, {"type": "Feature", "geometry": {"type": "Point", "coordinates": [72.8758543624161, 19.09764429530201]}, "properties": {"node_id": 56, "t_min": 150, "depth_m": 0.0, "depth_category": "0-15cm", "landcover_class": 50, "runoff_coeff": 0.85, "runoff_coeff_provenance": "ESTIMATED (literature-typical per-class assumption)", "inflow_m3s": 0.00213, "capacity_m3s": 0.0875, "surcharge_m3s": 0.0, "is_sink": false, "role": "headwater inlet", "provenance": "SIMULATED", "rainfall_scenario": "whatif_baseline"}}, {"type": "Feature", "geometry": {"type": "Point", "coordinates": [72.88088791946308, 19.097308724832214]}, "properties": {"node_id": 57, "t_min": 150, "depth_m": 0.0, "depth_category": "0-15cm", "landcover_class": 10, "runoff_coeff": 0.15, "runoff_coeff_provenance": "ESTIMATED (literature-typical per-class assumption)", "inflow_m3s": 0.009, "capacity_m3s": 0.21, "surcharge_m3s": 0.0, "is_sink": true, "role": "sink / potential surcharge & ponding point", "provenance": "SIMULATED", "rainfall_scenario": "whatif_baseline"}}, {"type": "Feature", "geometry": {"type": "Point", "coordinates": [72.88793489932885, 19.09764429530201]}, "properties": {"node_id": 58, "t_min": 150, "depth_m": 0.0, "depth_category": "0-15cm", "landcover_class": 50, "runoff_coeff": 0.85, "runoff_coeff_provenance": "ESTIMATED (literature-typical per-class assumption)", "inflow_m3s": 0.02763, "capacity_m3s": 0.1225, "surcharge_m3s": 0.0, "is_sink": false, "role": "junction", "provenance": "SIMULATED", "rainfall_scenario": "whatif_baseline"}}, {"type": "Feature", "geometry": {"type": "Point", "coordinates": [72.88759932885905, 19.09764429530201]}, "properties": {"node_id": 59, "t_min": 150, "depth_m": 0.0, "depth_category": "0-15cm", "landcover_class": 50, "runoff_coeff": 0.85, "runoff_coeff_provenance": "ESTIMATED (literature-typical per-class assumption)", "inflow_m3s": 0.02975, "capacity_m3s": 0.1225, "surcharge_m3s": 0.0, "is_sink": true, "role": "sink / potential surcharge & ponding point", "provenance": "SIMULATED", "rainfall_scenario": "whatif_baseline"}}, {"type": "Feature", "geometry": {"type": "Point", "coordinates": [72.88827046979866, 19.09764429530201]}, "properties": {"node_id": 60, "t_min": 150, "depth_m": 0.0, "depth_category": "0-15cm", "landcover_class": 50, "runoff_coeff": 0.85, "runoff_coeff_provenance": "ESTIMATED (literature-typical per-class assumption)", "inflow_m3s": 0.02125, "capacity_m3s": 0.11375, "surcharge_m3s": 0.0, "is_sink": false, "role": "junction", "provenance": "SIMULATED", "rainfall_scenario": "whatif_baseline"}}, {"type": "Feature", "geometry": {"type": "Point", "coordinates": [72.88961275167784, 19.09764429530201]}, "properties": {"node_id": 61, "t_min": 150, "depth_m": 0.0, "depth_category": "0-15cm", "landcover_class": 50, "runoff_coeff": 0.85, "runoff_coeff_provenance": "ESTIMATED (literature-typical per-class assumption)", "inflow_m3s": 0.07013, "capacity_m3s": 0.385, "surcharge_m3s": 0.0, "is_sink": false, "role": "junction", "provenance": "SIMULATED", "rainfall_scenario": "whatif_baseline"}}, {"type": "Feature", "geometry": {"type": "Point", "coordinates": [72.88994832214765, 19.09764429530201]}, "properties": {"node_id": 62, "t_min": 150, "depth_m": 0.0, "depth_category": "0-15cm", "landcover_class": 50, "runoff_coeff": 0.85, "runoff_coeff_provenance": "ESTIMATED (literature-typical per-class assumption)", "inflow_m3s": 0.0595, "capacity_m3s": 0.28875, "surcharge_m3s": 0.0, "is_sink": false, "role": "junction", "provenance": "SIMULATED", "rainfall_scenario": "whatif_baseline"}}, {"type": "Feature", "geometry": {"type": "Point", "coordinates": [72.89028389261745, 19.09764429530201]}, "properties": {"node_id": 63, "t_min": 150, "depth_m": 0.0, "depth_category": "0-15cm", "landcover_class": 50, "runoff_coeff": 0.85, "runoff_coeff_provenance": "ESTIMATED (literature-typical per-class assumption)", "inflow_m3s": 0.051, "capacity_m3s": 0.245, "surcharge_m3s": 0.0, "is_sink": false, "role": "junction", "provenance": "SIMULATED", "rainfall_scenario": "whatif_baseline"}}, {"type": "Feature", "geometry": {"type": "Point", "coordinates": [72.89061946308725, 19.09764429530201]}, "properties": {"node_id": 64, "t_min": 150, "depth_m": 0.0, "depth_category": "0-15cm", "landcover_class": 50, "runoff_coeff": 0.85, "runoff_coeff_provenance": "ESTIMATED (literature-typical per-class assumption)", "inflow_m3s": 0.04888, "capacity_m3s": 0.21, "surcharge_m3s": 0.0, "is_sink": false, "role": "junction", "provenance": "SIMULATED", "rainfall_scenario": "whatif_baseline"}}, {"type": "Feature", "geometry": {"type": "Point", "coordinates": [72.89095503355705, 19.09764429530201]}, "properties": {"node_id": 65, "t_min": 150, "depth_m": 0.0, "depth_category": "0-15cm", "landcover_class": 50, "runoff_coeff": 0.85, "runoff_coeff_provenance": "ESTIMATED (literature-typical per-class assumption)", "inflow_m3s": 0.02975, "capacity_m3s": 0.20125, "surcharge_m3s": 0.0, "is_sink": false, "role": "junction", "provenance": "SIMULATED", "rainfall_scenario": "whatif_baseline"}}, {"type": "Feature", "geometry": {"type": "Point", "coordinates": [72.89632416107382, 19.09764429530201]}, "properties": {"node_id": 66, "t_min": 150, "depth_m": 0.0, "depth_category": "0-15cm", "landcover_class": 50, "runoff_coeff": 0.85, "runoff_coeff_provenance": "ESTIMATED (literature-typical per-class assumption)", "inflow_m3s": 0.00213, "capacity_m3s": 0.09625, "surcharge_m3s": 0.0, "is_sink": false, "role": "headwater inlet", "provenance": "SIMULATED", "rainfall_scenario": "whatif_baseline"}}, {"type": "Feature", "geometry": {"type": "Point", "coordinates": [72.9013577181208, 19.09764429530201]}, "properties": {"node_id": 67, "t_min": 150, "depth_m": 0.0, "depth_category": "0-15cm", "landcover_class": 50, "runoff_coeff": 0.85, "runoff_coeff_provenance": "ESTIMATED (literature-typical per-class assumption)", "inflow_m3s": 0.00213, "capacity_m3s": 0.105, "surcharge_m3s": 0.0, "is_sink": false, "role": "headwater inlet", "provenance": "SIMULATED", "rainfall_scenario": "whatif_baseline"}}, {"type": "Feature", "geometry": {"type": "Point", "coordinates": [72.9020288590604, 19.097308724832214]}, "properties": {"node_id": 68, "t_min": 150, "depth_m": 0.0, "depth_category": "0-15cm", "landcover_class": 50, "runoff_coeff": 0.85, "runoff_coeff_provenance": "ESTIMATED (literature-typical per-class assumption)", "inflow_m3s": 0.15088, "capacity_m3s": 0.63875, "surcharge_m3s": 0.0, "is_sink": false, "role": "junction", "provenance": "SIMULATED", "rainfall_scenario": "whatif_baseline"}}, {"type": "Feature", "geometry": {"type": "Point", "coordinates": [72.88860604026846, 19.097308724832214]}, "properties": {"node_id": 69, "t_min": 150, "depth_m": 0.0, "depth_category": "0-15cm", "landcover_class": 50, "runoff_coeff": 0.85, "runoff_coeff_provenance": "ESTIMATED (literature-typical per-class assumption)", "inflow_m3s": 0.00213, "capacity_m3s": 0.0875, "surcharge_m3s": 0.0, "is_sink": false, "role": "headwater inlet", "provenance": "SIMULATED", "rainfall_scenario": "whatif_baseline"}}, {"type": "Feature", "geometry": {"type": "Point", "coordinates": [72.88961275167784, 19.097308724832214]}, "properties": {"node_id": 70, "t_min": 150, "depth_m": 0.0, "depth_category": "0-15cm", "landcover_class": 50, "runoff_coeff": 0.85, "runoff_coeff_provenance": "ESTIMATED (literature-typical per-class assumption)", "inflow_m3s": 0.00213, "capacity_m3s": 0.0875, "surcharge_m3s": 0.0, "is_sink": false, "role": "headwater inlet", "provenance": "SIMULATED", "rainfall_scenario": "whatif_baseline"}}, {"type": "Feature", "geometry": {"type": "Point", "coordinates": [72.89095503355705, 19.097308724832214]}, "properties": {"node_id": 71, "t_min": 150, "depth_m": 0.0, "depth_category": "0-15cm", "landcover_class": 50, "runoff_coeff": 0.85, "runoff_coeff_provenance": "ESTIMATED (literature-typical per-class assumption)", "inflow_m3s": 0.00213, "capacity_m3s": 0.1225, "surcharge_m3s": 0.0, "is_sink": false, "role": "headwater inlet", "provenance": "SIMULATED", "rainfall_scenario": "whatif_baseline"}}, {"type": "Feature", "geometry": {"type": "Point", "coordinates": [72.89800201342281, 19.097308724832214]}, "properties": {"node_id": 72, "t_min": 150, "depth_m": 0.0, "depth_category": "0-15cm", "landcover_class": 50, "runoff_coeff": 0.85, "runoff_coeff_provenance": "ESTIMATED (literature-typical per-class assumption)", "inflow_m3s": 0.04038, "capacity_m3s": 0.27125, "surcharge_m3s": 0.0, "is_sink": false, "role": "junction", "provenance": "SIMULATED", "rainfall_scenario": "whatif_baseline"}}, {"type": "Feature", "geometry": {"type": "Point", "coordinates": [72.89766644295301, 19.096973154362416]}, "properties": {"node_id": 73, "t_min": 150, "depth_m": 0.0, "depth_category": "0-15cm", "landcover_class": 50, "runoff_coeff": 0.85, "runoff_coeff_provenance": "ESTIMATED (literature-typical per-class assumption)", "inflow_m3s": 0.06588, "capacity_m3s": 0.32375, "surcharge_m3s": 0.0, "is_sink": false, "role": "junction", "provenance": "SIMULATED", "rainfall_scenario": "whatif_baseline"}}, {"type": "Feature", "geometry": {"type": "Point", "coordinates": [72.89833758389261, 19.097308724832214]}, "properties": {"node_id": 74, "t_min": 150, "depth_m": 0.0, "depth_category": "0-15cm", "landcover_class": 50, "runoff_coeff": 0.85, "runoff_coeff_provenance": "ESTIMATED (literature-typical per-class assumption)", "inflow_m3s": 0.02763, "capacity_m3s": 0.16625, "surcharge_m3s": 0.0, "is_sink": false, "role": "junction", "provenance": "SIMULATED", "rainfall_scenario": "whatif_baseline"}}, {"type": "Feature", "geometry": {"type": "Point", "coordinates": [72.89867315436241, 19.097308724832214]}, "properties": {"node_id": 75, "t_min": 150, "depth_m": 0.0, "depth_category": "0-15cm", "landcover_class": 50, "runoff_coeff": 0.85, "runoff_coeff_provenance": "ESTIMATED (literature-typical per-class assumption)", "inflow_m3s": 0.00213, "capacity_m3s": 0.11375, "surcharge_m3s": 0.0, "is_sink": false, "role": "headwater inlet", "provenance": "SIMULATED", "rainfall_scenario": "whatif_baseline"}}, {"type": "Feature", "geometry": {"type": "Point", "coordinates": [72.9023644295302, 19.096973154362416]}, "properties": {"node_id": 76, "t_min": 150, "depth_m": 0.0, "depth_category": "0-15cm", "landcover_class": 50, "runoff_coeff": 0.85, "runoff_coeff_provenance": "ESTIMATED (literature-typical per-class assumption)", "inflow_m3s": 0.15512, "capacity_m3s": 0.665, "surcharge_m3s": 0.0, "is_sink": false, "role": "junction", "provenance": "SIMULATED", "rainfall_scenario": "whatif_baseline"}}, {"type": "Feature", "geometry": {"type": "Point", "coordinates": [72.88793489932885, 19.096973154362416]}, "properties": {"node_id": 77, "t_min": 150, "depth_m": 0.0, "depth_category": "0-15cm", "landcover_class": 50, "runoff_coeff": 0.85, "runoff_coeff_provenance": "ESTIMATED (literature-typical per-class assumption)", "inflow_m3s": 0.06375, "capacity_m3s": 0.28875, "surcharge_m3s": 0.0, "is_sink": false, "role": "junction", "provenance": "SIMULATED", "rainfall_scenario": "whatif_baseline"}}, {"type": "Feature", "geometry": {"type": "Point", "coordinates": [72.88759932885905, 19.097308724832214]}, "properties": {"node_id": 78, "t_min": 150, "depth_m": 0.0, "depth_category": "0-15cm", "landcover_class": 50, "runoff_coeff": 0.85, "runoff_coeff_provenance": "ESTIMATED (literature-typical per-class assumption)", "inflow_m3s": 0.07013, "capacity_m3s": 0.28875, "surcharge_m3s": 0.0, "is_sink": true, "role": "sink / potential surcharge & ponding point", "provenance": "SIMULATED", "rainfall_scenario": "whatif_baseline"}}, {"type": "Feature", "geometry": {"type": "Point", "coordinates": [72.89498187919463, 19.096973154362416]}, "properties": {"node_id": 79, "t_min": 150, "depth_m": 0.0, "depth_category": "0-15cm", "landcover_class": 50, "runoff_coeff": 0.85, "runoff_coeff_provenance": "ESTIMATED (literature-typical per-class assumption)", "inflow_m3s": 0.00213, "capacity_m3s": 0.09625, "surcharge_m3s": 0.0, "is_sink": false, "role": "headwater inlet", "provenance": "SIMULATED", "rainfall_scenario": "whatif_baseline"}}, {"type": "Feature", "geometry": {"type": "Point", "coordinates": [72.89464630872483, 19.096637583892615]}, "properties": {"node_id": 80, "t_min": 150, "depth_m": 0.0, "depth_category": "0-15cm", "landcover_class": 50, "runoff_coeff": 0.85, "runoff_coeff_provenance": "ESTIMATED (literature-typical per-class assumption)", "inflow_m3s": 0.02337, "capacity_m3s": 0.16625, "surcharge_m3s": 0.0, "is_sink": false, "role": "junction", "provenance": "SIMULATED", "rainfall_scenario": "whatif_baseline"}}, {"type": "Feature", "geometry": {"type": "Point", "coordinates": [72.89766644295301, 19.096637583892615]}, "properties": {"node_id": 81, "t_min": 150, "depth_m": 0.0, "depth_category": "0-15cm", "landcover_class": 50, "runoff_coeff": 0.85, "runoff_coeff_provenance": "ESTIMATED (literature-typical per-class assumption)", "inflow_m3s": 0.07863, "capacity_m3s": 0.35875, "surcharge_m3s": 0.0, "is_sink": false, "role": "junction", "provenance": "SIMULATED", "rainfall_scenario": "whatif_baseline"}}, {"type": "Feature", "geometry": {"type": "Point", "coordinates": [72.89833758389261, 19.096973154362416]}, "properties": {"node_id": 82, "t_min": 150, "depth_m": 0.0, "depth_category": "0-15cm", "landcover_class": 50, "runoff_coeff": 0.85, "runoff_coeff_provenance": "ESTIMATED (literature-typical per-class assumption)", "inflow_m3s": 0.00213, "capacity_m3s": 0.09625, "surcharge_m3s": 0.0, "is_sink": false, "role": "headwater inlet", "provenance": "SIMULATED", "rainfall_scenario": "whatif_baseline"}}, {"type": "Feature", "geometry": {"type": "Point", "coordinates": [72.9027, 19.096637583892615]}, "properties": {"node_id": 83, "t_min": 150, "depth_m": 0.0, "depth_category": "0-15cm", "landcover_class": 50, "runoff_coeff": 0.85, "runoff_coeff_provenance": "ESTIMATED (literature-typical per-class assumption)", "inflow_m3s": 0.1615, "capacity_m3s": 0.7175, "surcharge_m3s": 0.0, "is_sink": false, "role": "junction", "provenance": "SIMULATED", "rainfall_scenario": "whatif_baseline"}}, {"type": "Feature", "geometry": {"type": "Point", "coordinates": [72.88793489932885, 19.096637583892615]}, "properties": {"node_id": 84, "t_min": 150, "depth_m": 0.0, "depth_category": "0-15cm", "landcover_class": 50, "runoff_coeff": 0.85, "runoff_coeff_provenance": "ESTIMATED (literature-typical per-class assumption)", "inflow_m3s": 0.03613, "capacity_m3s": 0.2625, "surcharge_m3s": 0.0, "is_sink": false, "role": "junction", "provenance": "SIMULATED", "rainfall_scenario": "whatif_baseline"}}, {"type": "Feature", "geometry": {"type": "Point", "coordinates": [72.88827046979866, 19.096637583892615]}, "properties": {"node_id": 85, "t_min": 150, "depth_m": 0.0, "depth_category": "0-15cm", "landcover_class": 50, "runoff_coeff": 0.85, "runoff_coeff_provenance": "ESTIMATED (literature-typical per-class assumption)", "inflow_m3s": 0.02975, "capacity_m3s": 0.14875, "surcharge_m3s": 0.0, "is_sink": false, "role": "junction", "provenance": "SIMULATED", "rainfall_scenario": "whatif_baseline"}}, {"type": "Feature", "geometry": {"type": "Point", "coordinates": [72.88860604026846, 19.096637583892615]}, "properties": {"node_id": 86, "t_min": 150, "depth_m": 0.0, "depth_category": "0-15cm", "landcover_class": 50, "runoff_coeff": 0.85, "runoff_coeff_provenance": "ESTIMATED (literature-typical per-class assumption)", "inflow_m3s": 0.02337, "capacity_m3s": 0.1225, "surcharge_m3s": 0.0, "is_sink": false, "role": "junction", "provenance": "SIMULATED", "rainfall_scenario": "whatif_baseline"}}, {"type": "Feature", "geometry": {"type": "Point", "coordinates": [72.89330402684564, 19.096637583892615]}, "properties": {"node_id": 87, "t_min": 150, "depth_m": 0.0, "depth_category": "0-15cm", "landcover_class": 50, "runoff_coeff": 0.85, "runoff_coeff_provenance": "ESTIMATED (literature-typical per-class assumption)", "inflow_m3s": 0.00213, "capacity_m3s": 0.0875, "surcharge_m3s": 0.0, "is_sink": false, "role": "headwater inlet", "provenance": "SIMULATED", "rainfall_scenario": "whatif_baseline"}}, {"type": "Feature", "geometry": {"type": "Point", "coordinates": [72.89363959731543, 19.096973154362416]}, "properties": {"node_id": 88, "t_min": 150, "depth_m": 0.0, "depth_category": "0-15cm", "landcover_class": 50, "runoff_coeff": 0.85, "runoff_coeff_provenance": "ESTIMATED (literature-typical per-class assumption)", "inflow_m3s": 0.02125, "capacity_m3s": 0.0875, "surcharge_m3s": 0.0, "is_sink": true, "role": "sink / potential surcharge & ponding point", "provenance": "SIMULATED", "rainfall_scenario": "whatif_baseline"}}, {"type": "Feature", "geometry": {"type": "Point", "coordinates": [72.89431073825503, 19.096637583892615]}, "properties": {"node_id": 89, "t_min": 150, "depth_m": 0.0, "depth_category": "0-15cm", "landcover_class": 50, "runoff_coeff": 0.85, "runoff_coeff_provenance": "ESTIMATED (literature-typical per-class assumption)", "inflow_m3s": 0.04038, "capacity_m3s": 0.16625, "surcharge_m3s": 0.0, "is_sink": true, "role": "sink / potential surcharge & ponding point", "provenance": "SIMULATED", "rainfall_scenario": "whatif_baseline"}}, {"type": "Feature", "geometry": {"type": "Point", "coordinates": [72.89733087248322, 19.096302013422818]}, "properties": {"node_id": 90, "t_min": 150, "depth_m": 0.0, "depth_category": "0-15cm", "landcover_class": 50, "runoff_coeff": 0.85, "runoff_coeff_provenance": "ESTIMATED (literature-typical per-class assumption)", "inflow_m3s": 0.08713, "capacity_m3s": 0.53375, "surcharge_m3s": 0.0, "is_sink": false, "role": "junction", "provenance": "SIMULATED", "rainfall_scenario": "whatif_baseline"}}, {"type": "Feature", "geometry": {"type": "Point", "coordinates": [72.901022147651, 19.096637583892615]}, "properties": {"node_id": 91, "t_min": 150, "depth_m": 0.0, "depth_category": "0-15cm", "landcover_class": 50, "runoff_coeff": 0.85, "runoff_coeff_provenance": "ESTIMATED (literature-typical per-class assumption)", "inflow_m3s": 0.00213, "capacity_m3s": 0.11375, "surcharge_m3s": 0.0, "is_sink": false, "role": "headwater inlet", "provenance": "SIMULATED", "rainfall_scenario": "whatif_baseline"}}, {"type": "Feature", "geometry": {"type": "Point", "coordinates": [72.9013577181208, 19.096302013422818]}, "properties": {"node_id": 92, "t_min": 150, "depth_m": 0.0, "depth_category": "0-15cm", "landcover_class": 50, "runoff_coeff": 0.85, "runoff_coeff_provenance": "ESTIMATED (literature-typical per-class assumption)", "inflow_m3s": 0.02763, "capacity_m3s": 0.16625, "surcharge_m3s": 0.0, "is_sink": false, "role": "junction", "provenance": "SIMULATED", "rainfall_scenario": "whatif_baseline"}}, {"type": "Feature", "geometry": {"type": "Point", "coordinates": [72.9023644295302, 19.096302013422818]}, "properties": {"node_id": 93, "t_min": 150, "depth_m": 0.0, "depth_category": "0-15cm", "landcover_class": 50, "runoff_coeff": 0.85, "runoff_coeff_provenance": "ESTIMATED (literature-typical per-class assumption)", "inflow_m3s": 0.17425, "capacity_m3s": 0.77875, "surcharge_m3s": 0.0, "is_sink": false, "role": "junction", "provenance": "SIMULATED", "rainfall_scenario": "whatif_baseline"}}, {"type": "Feature", "geometry": {"type": "Point", "coordinates": [72.88894161073826, 19.096302013422818]}, "properties": {"node_id": 94, "t_min": 150, "depth_m": 0.0, "depth_category": "0-15cm", "landcover_class": 50, "runoff_coeff": 0.85, "runoff_coeff_provenance": "ESTIMATED (literature-typical per-class assumption)", "inflow_m3s": 0.02125, "capacity_m3s": 0.09625, "surcharge_m3s": 0.0, "is_sink": false, "role": "junction", "provenance": "SIMULATED", "rainfall_scenario": "whatif_baseline"}}, {"type": "Feature", "geometry": {"type": "Point", "coordinates": [72.89397516778523, 19.096302013422818]}, "properties": {"node_id": 95, "t_min": 150, "depth_m": 0.0, "depth_category": "0-15cm", "landcover_class": 50, "runoff_coeff": 0.85, "runoff_coeff_provenance": "ESTIMATED (literature-typical per-class assumption)", "inflow_m3s": 0.0935, "capacity_m3s": 0.4375, "surcharge_m3s": 0.0, "is_sink": false, "role": "junction", "provenance": "SIMULATED", "rainfall_scenario": "whatif_baseline"}}, {"type": "Feature", "geometry": {"type": "Point", "coordinates": [72.89397516778523, 19.096637583892615]}, "properties": {"node_id": 96, "t_min": 150, "depth_m": 0.0, "depth_category": "0-15cm", "landcover_class": 50, "runoff_coeff": 0.85, "runoff_coeff_provenance": "ESTIMATED (literature-typical per-class assumption)", "inflow_m3s": 0.10625, "capacity_m3s": 0.4375, "surcharge_m3s": 0.0, "is_sink": true, "role": "sink / potential surcharge & ponding point", "provenance": "SIMULATED", "rainfall_scenario": "whatif_baseline"}}, {"type": "Feature", "geometry": {"type": "Point", "coordinates": [72.89699530201342, 19.09596644295302]}, "properties": {"node_id": 97, "t_min": 150, "depth_m": 0.0, "depth_category": "0-15cm", "landcover_class": 50, "runoff_coeff": 0.85, "runoff_coeff_provenance": "ESTIMATED (literature-typical per-class assumption)", "inflow_m3s": 0.12962, "capacity_m3s": 0.62125, "surcharge_m3s": 0.0, "is_sink": false, "role": "junction", "provenance": "SIMULATED", "rainfall_scenario": "whatif_baseline"}}, {"type": "Feature", "geometry": {"type": "Point", "coordinates": [72.89766644295301, 19.096302013422818]}, "properties": {"node_id": 98, "t_min": 150, "depth_m": 0.0, "depth_category": "0-15cm", "landcover_class": 50, "runoff_coeff": 0.85, "runoff_coeff_provenance": "ESTIMATED (literature-typical per-class assumption)", "inflow_m3s": 0.03188, "capacity_m3s": 0.14875, "surcharge_m3s": 0.0, "is_sink": false, "role": "junction", "provenance": "SIMULATED", "rainfall_scenario": "whatif_baseline"}}, {"type": "Feature", "geometry": {"type": "Point", "coordinates": [72.89800201342281, 19.096302013422818]}, "properties": {"node_id": 99, "t_min": 150, "depth_m": 0.0, "depth_category": "0-15cm", "landcover_class": 50, "runoff_coeff": 0.85, "runoff_coeff_provenance": "ESTIMATED (literature-typical per-class assumption)", "inflow_m3s": 0.02975, "capacity_m3s": 0.13125, "surcharge_m3s": 0.0, "is_sink": false, "role": "junction", "provenance": "SIMULATED", "rainfall_scenario": "whatif_baseline"}}, {"type": "Feature", "geometry": {"type": "Point", "coordinates": [72.9016932885906, 19.09596644295302]}, "properties": {"node_id": 100, "t_min": 150, "depth_m": 0.0, "depth_category": "0-15cm", "landcover_class": 60, "runoff_coeff": 0.4, "runoff_coeff_provenance": "ESTIMATED (literature-typical per-class assumption)", "inflow_m3s": 0.019, "capacity_m3s": 0.21, "surcharge_m3s": 0.0, "is_sink": false, "role": "junction", "provenance": "SIMULATED", "rainfall_scenario": "whatif_baseline"}}, {"type": "Feature", "geometry": {"type": "Point", "coordinates": [72.9023644295302, 19.09596644295302]}, "properties": {"node_id": 101, "t_min": 150, "depth_m": 0.0, "depth_category": "0-15cm", "landcover_class": 50, "runoff_coeff": 0.85, "runoff_coeff_provenance": "ESTIMATED (literature-typical per-class assumption)", "inflow_m3s": 0.18912, "capacity_m3s": 0.7875, "surcharge_m3s": 0.0, "is_sink": false, "role": "junction", "provenance": "SIMULATED", "rainfall_scenario": "whatif_baseline"}}, {"type": "Feature", "geometry": {"type": "Point", "coordinates": [72.88457919463087, 19.09596644295302]}, "properties": {"node_id": 102, "t_min": 150, "depth_m": 0.0, "depth_category": "0-15cm", "landcover_class": 50, "runoff_coeff": 0.85, "runoff_coeff_provenance": "ESTIMATED (literature-typical per-class assumption)", "inflow_m3s": 0.00213, "capacity_m3s": 0.09625, "surcharge_m3s": 0.0, "is_sink": false, "role": "headwater inlet", "provenance": "SIMULATED", "rainfall_scenario": "whatif_baseline"}}, {"type": "Feature", "geometry": {"type": "Point", "coordinates": [72.88424362416107, 19.09596644295302]}, "properties": {"node_id": 103, "t_min": 150, "depth_m": 0.0, "depth_category": "0-15cm", "landcover_class": 50, "runoff_coeff": 0.85, "runoff_coeff_provenance": "ESTIMATED (literature-typical per-class assumption)", "inflow_m3s": 0.02337, "capacity_m3s": 0.09625, "surcharge_m3s": 0.0, "is_sink": true, "role": "sink / potential surcharge & ponding point", "provenance": "SIMULATED", "rainfall_scenario": "whatif_baseline"}}, {"type": "Feature", "geometry": {"type": "Point", "coordinates": [72.88927718120804, 19.09596644295302]}, "properties": {"node_id": 104, "t_min": 150, "depth_m": 0.0, "depth_category": "0-15cm", "landcover_class": 50, "runoff_coeff": 0.85, "runoff_coeff_provenance": "ESTIMATED (literature-typical per-class assumption)", "inflow_m3s": 0.00213, "capacity_m3s": 0.0875, "surcharge_m3s": 0.0, "is_sink": false, "role": "headwater inlet", "provenance": "SIMULATED", "rainfall_scenario": "whatif_baseline"}}, {"type": "Feature", "geometry": {"type": "Point", "coordinates": [72.89363959731543, 19.09596644295302]}, "properties": {"node_id": 105, "t_min": 150, "depth_m": 0.0, "depth_category": "0-15cm", "landcover_class": 50, "runoff_coeff": 0.85, "runoff_coeff_provenance": "ESTIMATED (literature-typical per-class assumption)", "inflow_m3s": 0.06375, "capacity_m3s": 0.385, "surcharge_m3s": 0.0, "is_sink": false, "role": "junction", "provenance": "SIMULATED", "rainfall_scenario": "whatif_baseline"}}, {"type": "Feature", "geometry": {"type": "Point", "coordinates": [72.89665973154362, 19.09596644295302]}, "properties": {"node_id": 106, "t_min": 150, "depth_m": 0.0, "depth_category": "0-15cm", "landcover_class": 50, "runoff_coeff": 0.85, "runoff_coeff_provenance": "ESTIMATED (literature-typical per-class assumption)", "inflow_m3s": 0.15088, "capacity_m3s": 0.63, "surcharge_m3s": 0.0, "is_sink": false, "role": "junction", "provenance": "SIMULATED", "rainfall_scenario": "whatif_baseline"}}, {"type": "Feature", "geometry": {"type": "Point", "coordinates": [72.89632416107382, 19.09563087248322]}, "properties": {"node_id": 107, "t_min": 150, "depth_m": 0.0, "depth_category": "0-15cm", "landcover_class": 50, "runoff_coeff": 0.85, "runoff_coeff_provenance": "ESTIMATED (literature-typical per-class assumption)", "inflow_m3s": 0.153, "capacity_m3s": 0.9275, "surcharge_m3s": 0.0, "is_sink": false, "role": "junction", "provenance": "SIMULATED", "rainfall_scenario": "whatif_baseline"}}, {"type": "Feature", "geometry": {"type": "Point", "coordinates": [72.89833758389261, 19.09596644295302]}, "properties": {"node_id": 108, "t_min": 150, "depth_m": 0.0, "depth_category": "0-15cm", "landcover_class": 50, "runoff_coeff": 0.85, "runoff_coeff_provenance": "ESTIMATED (literature-typical per-class assumption)", "inflow_m3s": 0.00213, "capacity_m3s": 0.1225, "surcharge_m3s": 0.0, "is_sink": false, "role": "headwater inlet", "provenance": "SIMULATED", "rainfall_scenario": "whatif_baseline"}}, {"type": "Feature", "geometry": {"type": "Point", "coordinates": [72.9016932885906, 19.09563087248322]}, "properties": {"node_id": 109, "t_min": 150, "depth_m": 0.0, "depth_category": "0-15cm", "landcover_class": 10, "runoff_coeff": 0.15, "runoff_coeff_provenance": "ESTIMATED (literature-typical per-class assumption)", "inflow_m3s": 0.009, "capacity_m3s": 0.21875, "surcharge_m3s": 0.0, "is_sink": false, "role": "junction", "provenance": "SIMULATED", "rainfall_scenario": "whatif_baseline"}}, {"type": "Feature", "geometry": {"type": "Point", "coordinates": [72.9027, 19.09563087248322]}, "properties": {"node_id": 110, "t_min": 150, "depth_m": 0.0, "depth_category": "0-15cm", "landcover_class": 50, "runoff_coeff": 0.85, "runoff_coeff_provenance": "ESTIMATED (literature-typical per-class assumption)", "inflow_m3s": 0.19125, "capacity_m3s": 0.81375, "surcharge_m3s": 0.0, "is_sink": false, "role": "junction", "provenance": "SIMULATED", "rainfall_scenario": "whatif_baseline"}}, {"type": "Feature", "geometry": {"type": "Point", "coordinates": [72.89330402684564, 19.09563087248322]}, "properties": {"node_id": 111, "t_min": 150, "depth_m": 0.0, "depth_category": "0-15cm", "landcover_class": 50, "runoff_coeff": 0.85, "runoff_coeff_provenance": "ESTIMATED (literature-typical per-class assumption)", "inflow_m3s": 0.00213, "capacity_m3s": 0.09625, "surcharge_m3s": 0.0, "is_sink": false, "role": "headwater inlet", "provenance": "SIMULATED", "rainfall_scenario": "whatif_baseline"}}, {"type": "Feature", "geometry": {"type": "Point", "coordinates": [72.89397516778523, 19.09563087248322]}, "properties": {"node_id": 112, "t_min": 150, "depth_m": 0.0, "depth_category": "0-15cm", "landcover_class": 50, "runoff_coeff": 0.85, "runoff_coeff_provenance": "ESTIMATED (literature-typical per-class assumption)", "inflow_m3s": 0.05525, "capacity_m3s": 0.2625, "surcharge_m3s": 0.0, "is_sink": false, "role": "junction", "provenance": "SIMULATED", "rainfall_scenario": "whatif_baseline"}}, {"type": "Feature", "geometry": {"type": "Point", "coordinates": [72.89598859060402, 19.09563087248322]}, "properties": {"node_id": 113, "t_min": 150, "depth_m": 0.0, "depth_category": "0-15cm", "landcover_class": 50, "runoff_coeff": 0.85, "runoff_coeff_provenance": "ESTIMATED (literature-typical per-class assumption)", "inflow_m3s": 0.22525, "capacity_m3s": 0.9275, "surcharge_m3s": 0.0, "is_sink": true, "role": "sink / potential surcharge & ponding point", "provenance": "SIMULATED", "rainfall_scenario": "whatif_baseline"}}, {"type": "Feature", "geometry": {"type": "Point", "coordinates": [72.9016932885906, 19.095295302013422]}, "properties": {"node_id": 114, "t_min": 150, "depth_m": 0.0, "depth_category": "0-15cm", "landcover_class": 50, "runoff_coeff": 0.85, "runoff_coeff_provenance": "ESTIMATED (literature-typical per-class assumption)", "inflow_m3s": 0.05312, "capacity_m3s": 0.2975, "surcharge_m3s": 0.0, "is_sink": false, "role": "junction", "provenance": "SIMULATED", "rainfall_scenario": "whatif_baseline"}}, {"type": "Feature", "geometry": {"type": "Point", "coordinates": [72.9027, 19.095295302013422]}, "properties": {"node_id": 115, "t_min": 150, "depth_m": 0.0, "depth_category": "0-15cm", "landcover_class": 30, "runoff_coeff": 0.25, "runoff_coeff_provenance": "ESTIMATED (literature-typical per-class assumption)", "inflow_m3s": 0.05813, "capacity_m3s": 0.8225, "surcharge_m3s": 0.0, "is_sink": false, "role": "junction", "provenance": "SIMULATED", "rainfall_scenario": "whatif_baseline"}}, {"type": "Feature", "geometry": {"type": "Point", "coordinates": [72.89397516778523, 19.095295302013422]}, "properties": {"node_id": 116, "t_min": 150, "depth_m": 0.0, "depth_category": "0-15cm", "landcover_class": 50, "runoff_coeff": 0.85, "runoff_coeff_provenance": "ESTIMATED (literature-typical per-class assumption)", "inflow_m3s": 0.03188, "capacity_m3s": 0.2275, "surcharge_m3s": 0.0, "is_sink": false, "role": "junction", "provenance": "SIMULATED", "rainfall_scenario": "whatif_baseline"}}, {"type": "Feature", "geometry": {"type": "Point", "coordinates": [72.89565302013422, 19.095295302013422]}, "properties": {"node_id": 117, "t_min": 150, "depth_m": 0.0, "depth_category": "0-15cm", "landcover_class": 50, "runoff_coeff": 0.85, "runoff_coeff_provenance": "ESTIMATED (literature-typical per-class assumption)", "inflow_m3s": 0.02125, "capacity_m3s": 0.09625, "surcharge_m3s": 0.0, "is_sink": false, "role": "junction", "provenance": "SIMULATED", "rainfall_scenario": "whatif_baseline"}}, {"type": "Feature", "geometry": {"type": "Point", "coordinates": [72.89565302013422, 19.09563087248322]}, "properties": {"node_id": 118, "t_min": 150, "depth_m": 0.0, "depth_category": "0-15cm", "landcover_class": 30, "runoff_coeff": 0.25, "runoff_coeff_provenance": "ESTIMATED (literature-typical per-class assumption)", "inflow_m3s": 0.00688, "capacity_m3s": 0.09625, "surcharge_m3s": 0.0, "is_sink": true, "role": "sink / potential surcharge & ponding point", "provenance": "SIMULATED", "rainfall_scenario": "whatif_baseline"}}, {"type": "Feature", "geometry": {"type": "Point", "coordinates": [72.89665973154362, 19.095295302013422]}, "properties": {"node_id": 119, "t_min": 150, "depth_m": 0.0, "depth_category": "0-15cm", "landcover_class": 50, "runoff_coeff": 0.85, "runoff_coeff_provenance": "ESTIMATED (literature-typical per-class assumption)", "inflow_m3s": 0.051, "capacity_m3s": 0.28, "surcharge_m3s": 0.0, "is_sink": false, "role": "junction", "provenance": "SIMULATED", "rainfall_scenario": "whatif_baseline"}}, {"type": "Feature", "geometry": {"type": "Point", "coordinates": [72.9020288590604, 19.09495973154362]}, "properties": {"node_id": 120, "t_min": 150, "depth_m": 0.0, "depth_category": "0-15cm", "landcover_class": 50, "runoff_coeff": 0.85, "runoff_coeff_provenance": "ESTIMATED (literature-typical per-class assumption)", "inflow_m3s": 0.07225, "capacity_m3s": 0.32375, "surcharge_m3s": 0.0, "is_sink": false, "role": "junction", "provenance": "SIMULATED", "rainfall_scenario": "whatif_baseline"}}, {"type": "Feature", "geometry": {"type": "Point", "coordinates": [72.9027, 19.09495973154362]}, "properties": {"node_id": 121, "t_min": 150, "depth_m": 0.0, "depth_category": "0-15cm", "landcover_class": 10, "runoff_coeff": 0.15, "runoff_coeff_provenance": "ESTIMATED (literature-typical per-class assumption)", "inflow_m3s": 0.03525, "capacity_m3s": 0.875, "surcharge_m3s": 0.0, "is_sink": false, "role": "junction", "provenance": "SIMULATED", "rainfall_scenario": "whatif_baseline"}}, {"type": "Feature", "geometry": {"type": "Point", "coordinates": [72.88759932885905, 19.09495973154362]}, "properties": {"node_id": 122, "t_min": 150, "depth_m": 0.0, "depth_category": "0-15cm", "landcover_class": 50, "runoff_coeff": 0.85, "runoff_coeff_provenance": "ESTIMATED (literature-typical per-class assumption)", "inflow_m3s": 0.00213, "capacity_m3s": 0.09625, "surcharge_m3s": 0.0, "is_sink": false, "role": "headwater inlet", "provenance": "SIMULATED", "rainfall_scenario": "whatif_baseline"}}, {"type": "Feature", "geometry": {"type": "Point", "coordinates": [72.88759932885905, 19.095295302013422]}, "properties": {"node_id": 123, "t_min": 150, "depth_m": 0.0, "depth_category": "0-15cm", "landcover_class": 50, "runoff_coeff": 0.85, "runoff_coeff_provenance": "ESTIMATED (literature-typical per-class assumption)", "inflow_m3s": 0.02337, "capacity_m3s": 0.09625, "surcharge_m3s": 0.0, "is_sink": true, "role": "sink / potential surcharge & ponding point", "provenance": "SIMULATED", "rainfall_scenario": "whatif_baseline"}}, {"type": "Feature", "geometry": {"type": "Point", "coordinates": [72.88894161073826, 19.09495973154362]}, "properties": {"node_id": 124, "t_min": 150, "depth_m": 0.0, "depth_category": "0-15cm", "landcover_class": 50, "runoff_coeff": 0.85, "runoff_coeff_provenance": "ESTIMATED (literature-typical per-class assumption)", "inflow_m3s": 0.051, "capacity_m3s": 0.44625, "surcharge_m3s": 0.0, "is_sink": false, "role": "junction", "provenance": "SIMULATED", "rainfall_scenario": "whatif_baseline"}}, {"type": "Feature", "geometry": {"type": "Point", "coordinates": [72.88860604026846, 19.095295302013422]}, "properties": {"node_id": 125, "t_min": 150, "depth_m": 0.0, "depth_category": "0-15cm", "landcover_class": 50, "runoff_coeff": 0.85, "runoff_coeff_provenance": "ESTIMATED (literature-typical per-class assumption)", "inflow_m3s": 0.10837, "capacity_m3s": 0.44625, "surcharge_m3s": 0.0, "is_sink": true, "role": "sink / potential surcharge & ponding point", "provenance": "SIMULATED", "rainfall_scenario": "whatif_baseline"}}, {"type": "Feature", "geometry": {"type": "Point", "coordinates": [72.88927718120804, 19.09495973154362]}, "properties": {"node_id": 126, "t_min": 150, "depth_m": 0.0, "depth_category": "0-15cm", "landcover_class": 50, "runoff_coeff": 0.85, "runoff_coeff_provenance": "ESTIMATED (literature-typical per-class assumption)", "inflow_m3s": 0.02763, "capacity_m3s": 0.21, "surcharge_m3s": 0.0, "is_sink": false, "role": "junction", "provenance": "SIMULATED", "rainfall_scenario": "whatif_baseline"}}, {"type": "Feature", "geometry": {"type": "Point", "coordinates": [72.88961275167784, 19.09495973154362]}, "properties": {"node_id": 127, "t_min": 150, "depth_m": 0.0, "depth_category": "0-15cm", "landcover_class": 60, "runoff_coeff": 0.4, "runoff_coeff_provenance": "ESTIMATED (literature-typical per-class assumption)", "inflow_m3s": 0.001, "capacity_m3s": 0.0875, "surcharge_m3s": 0.0, "is_sink": false, "role": "headwater inlet", "provenance": "SIMULATED", "rainfall_scenario": "whatif_baseline"}}, {"type": "Feature", "geometry": {"type": "Point", "coordinates": [72.89397516778523, 19.09495973154362]}, "properties": {"node_id": 128, "t_min": 150, "depth_m": 0.0, "depth_category": "0-15cm", "landcover_class": 50, "runoff_coeff": 0.85, "runoff_coeff_provenance": "ESTIMATED (literature-typical per-class assumption)", "inflow_m3s": 0.02337, "capacity_m3s": 0.13125, "surcharge_m3s": 0.0, "is_sink": false, "role": "junction", "provenance": "SIMULATED", "rainfall_scenario": "whatif_baseline"}}, {"type": "Feature", "geometry": {"type": "Point", "coordinates": [72.89431073825503, 19.09495973154362]}, "properties": {"node_id": 129, "t_min": 150, "depth_m": 0.0, "depth_category": "0-15cm", "landcover_class": 50, "runoff_coeff": 0.85, "runoff_coeff_provenance": "ESTIMATED (literature-typical per-class assumption)", "inflow_m3s": 0.00213, "capacity_m3s": 0.0875, "surcharge_m3s": 0.0, "is_sink": false, "role": "headwater inlet", "provenance": "SIMULATED", "rainfall_scenario": "whatif_baseline"}}, {"type": "Feature", "geometry": {"type": "Point", "coordinates": [72.89565302013422, 19.09495973154362]}, "properties": {"node_id": 130, "t_min": 150, "depth_m": 0.0, "depth_category": "0-15cm", "landcover_class": 50, "runoff_coeff": 0.85, "runoff_coeff_provenance": "ESTIMATED (literature-typical per-class assumption)", "inflow_m3s": 0.00213, "capacity_m3s": 0.0875, "surcharge_m3s": 0.0, "is_sink": false, "role": "headwater inlet", "provenance": "SIMULATED", "rainfall_scenario": "whatif_baseline"}}, {"type": "Feature", "geometry": {"type": "Point", "coordinates": [72.89699530201342, 19.09495973154362]}, "properties": {"node_id": 131, "t_min": 150, "depth_m": 0.0, "depth_category": "0-15cm", "landcover_class": 60, "runoff_coeff": 0.4, "runoff_coeff_provenance": "ESTIMATED (literature-typical per-class assumption)", "inflow_m3s": 0.019, "capacity_m3s": 0.21, "surcharge_m3s": 0.0, "is_sink": false, "role": "junction", "provenance": "SIMULATED", "rainfall_scenario": "whatif_baseline"}}, {"type": "Feature", "geometry": {"type": "Point", "coordinates": [72.9020288590604, 19.094624161073824]}, "properties": {"node_id": 132, "t_min": 150, "depth_m": 0.0, "depth_category": "0-15cm", "landcover_class": 50, "runoff_coeff": 0.85, "runoff_coeff_provenance": "ESTIMATED (literature-typical per-class assumption)", "inflow_m3s": 0.07863, "capacity_m3s": 0.3325, "surcharge_m3s": 0.0, "is_sink": false, "role": "junction", "provenance": "SIMULATED", "rainfall_scenario": "whatif_baseline"}}, {"type": "Feature", "geometry": {"type": "Point", "coordinates": [72.9027, 19.094624161073824]}, "properties": {"node_id": 133, "t_min": 150, "depth_m": 0.0, "depth_category": "0-15cm", "landcover_class": 50, "runoff_coeff": 0.85, "runoff_coeff_provenance": "ESTIMATED (literature-typical per-class assumption)", "inflow_m3s": 0.2125, "capacity_m3s": 0.875, "surcharge_m3s": 0.0, "is_sink": true, "role": "sink / potential surcharge & ponding point", "provenance": "SIMULATED", "rainfall_scenario": "whatif_baseline"}}, {"type": "Feature", "geometry": {"type": "Point", "coordinates": [72.88927718120804, 19.094624161073824]}, "properties": {"node_id": 134, "t_min": 150, "depth_m": 0.0, "depth_category": "0-15cm", "landcover_class": 50, "runoff_coeff": 0.85, "runoff_coeff_provenance": "ESTIMATED (literature-typical per-class assumption)", "inflow_m3s": 0.04463, "capacity_m3s": 0.20125, "surcharge_m3s": 0.0, "is_sink": false, "role": "junction", "provenance": "SIMULATED", "rainfall_scenario": "whatif_baseline"}}, {"type": "Feature", "geometry": {"type": "Point", "coordinates": [72.88961275167784, 19.094624161073824]}, "properties": {"node_id": 135, "t_min": 150, "depth_m": 0.0, "depth_category": "0-15cm", "landcover_class": 50, "runoff_coeff": 0.85, "runoff_coeff_provenance": "ESTIMATED (literature-typical per-class assumption)", "inflow_m3s": 0.0255, "capacity_m3s": 0.11375, "surcharge_m3s": 0.0, "is_sink": false, "role": "junction", "provenance": "SIMULATED", "rainfall_scenario": "whatif_baseline"}}, {"type": "Feature", "geometry": {"type": "Point", "coordinates": [72.88994832214765, 19.094624161073824]}, "properties": {"node_id": 136, "t_min": 150, "depth_m": 0.0, "depth_category": "0-15cm", "landcover_class": 50, "runoff_coeff": 0.85, "runoff_coeff_provenance": "ESTIMATED (literature-typical per-class assumption)", "inflow_m3s": 0.00213, "capacity_m3s": 0.105, "surcharge_m3s": 0.0, "is_sink": false, "role": "headwater inlet", "provenance": "SIMULATED", "rainfall_scenario": "whatif_baseline"}}, {"type": "Feature", "geometry": {"type": "Point", "coordinates": [72.89397516778523, 19.094624161073824]}, "properties": {"node_id": 137, "t_min": 150, "depth_m": 0.0, "depth_category": "0-15cm", "landcover_class": 50, "runoff_coeff": 0.85, "runoff_coeff_provenance": "ESTIMATED (literature-typical per-class assumption)", "inflow_m3s": 0.00213, "capacity_m3s": 0.09625, "surcharge_m3s": 0.0, "is_sink": false, "role": "headwater inlet", "provenance": "SIMULATED", "rainfall_scenario": "whatif_baseline"}}, {"type": "Feature", "geometry": {"type": "Point", "coordinates": [72.89699530201342, 19.094624161073824]}, "properties": {"node_id": 138, "t_min": 150, "depth_m": 0.0, "depth_category": "0-15cm", "landcover_class": 50, "runoff_coeff": 0.85, "runoff_coeff_provenance": "ESTIMATED (literature-typical per-class assumption)", "inflow_m3s": 0.03613, "capacity_m3s": 0.16625, "surcharge_m3s": 0.0, "is_sink": false, "role": "junction", "provenance": "SIMULATED", "rainfall_scenario": "whatif_baseline"}}, {"type": "Feature", "geometry": {"type": "Point", "coordinates": [72.89800201342281, 19.094624161073824]}, "properties": {"node_id": 139, "t_min": 150, "depth_m": 0.0, "depth_category": "0-15cm", "landcover_class": 50, "runoff_coeff": 0.85, "runoff_coeff_provenance": "ESTIMATED (literature-typical per-class assumption)", "inflow_m3s": 0.08288, "capacity_m3s": 0.39375, "surcharge_m3s": 0.0, "is_sink": false, "role": "junction", "provenance": "SIMULATED", "rainfall_scenario": "whatif_baseline"}}, {"type": "Feature", "geometry": {"type": "Point", "coordinates": [72.89766644295301, 19.094624161073824]}, "properties": {"node_id": 140, "t_min": 150, "depth_m": 0.0, "depth_category": "0-15cm", "landcover_class": 50, "runoff_coeff": 0.85, "runoff_coeff_provenance": "ESTIMATED (literature-typical per-class assumption)", "inflow_m3s": 0.09563, "capacity_m3s": 0.39375, "surcharge_m3s": 0.0, "is_sink": true, "role": "sink / potential surcharge & ponding point", "provenance": "SIMULATED", "rainfall_scenario": "whatif_baseline"}}, {"type": "Feature", "geometry": {"type": "Point", "coordinates": [72.9023644295302, 19.094288590604027]}, "properties": {"node_id": 141, "t_min": 150, "depth_m": 0.0, "depth_category": "0-15cm", "landcover_class": 50, "runoff_coeff": 0.85, "runoff_coeff_provenance": "ESTIMATED (literature-typical per-class assumption)", "inflow_m3s": 0.08075, "capacity_m3s": 0.3325, "surcharge_m3s": 0.0, "is_sink": true, "role": "sink / potential surcharge & ponding point", "provenance": "SIMULATED", "rainfall_scenario": "whatif_baseline"}}, {"type": "Feature", "geometry": {"type": "Point", "coordinates": [72.88961275167784, 19.094288590604027]}, "properties": {"node_id": 142, "t_min": 150, "depth_m": 0.0, "depth_category": "0-15cm", "landcover_class": 50, "runoff_coeff": 0.85, "runoff_coeff_provenance": "ESTIMATED (literature-typical per-class assumption)", "inflow_m3s": 0.04038, "capacity_m3s": 0.18375, "surcharge_m3s": 0.0, "is_sink": false, "role": "junction", "provenance": "SIMULATED", "rainfall_scenario": "whatif_baseline"}}, {"type": "Feature", "geometry": {"type": "Point", "coordinates": [72.89665973154362, 19.094288590604027]}, "properties": {"node_id": 143, "t_min": 150, "depth_m": 0.0, "depth_category": "0-15cm", "landcover_class": 50, "runoff_coeff": 0.85, "runoff_coeff_provenance": "ESTIMATED (literature-typical per-class assumption)", "inflow_m3s": 0.02975, "capacity_m3s": 0.14875, "surcharge_m3s": 0.0, "is_sink": false, "role": "junction", "provenance": "SIMULATED", "rainfall_scenario": "whatif_baseline"}}, {"type": "Feature", "geometry": {"type": "Point", "coordinates": [72.89833758389261, 19.094288590604027]}, "properties": {"node_id": 144, "t_min": 150, "depth_m": 0.0, "depth_category": "0-15cm", "landcover_class": 50, "runoff_coeff": 0.85, "runoff_coeff_provenance": "ESTIMATED (literature-typical per-class assumption)", "inflow_m3s": 0.06588, "capacity_m3s": 0.34125, "surcharge_m3s": 0.0, "is_sink": false, "role": "junction", "provenance": "SIMULATED", "rainfall_scenario": "whatif_baseline"}}, {"type": "Feature", "geometry": {"type": "Point", "coordinates": [72.89934429530201, 19.094288590604027]}, "properties": {"node_id": 145, "t_min": 150, "depth_m": 0.0, "depth_category": "0-15cm", "landcover_class": 50, "runoff_coeff": 0.85, "runoff_coeff_provenance": "ESTIMATED (literature-typical per-class assumption)", "inflow_m3s": 0.00213, "capacity_m3s": 0.1225, "surcharge_m3s": 0.0, "is_sink": false, "role": "headwater inlet", "provenance": "SIMULATED", "rainfall_scenario": "whatif_baseline"}}, {"type": "Feature", "geometry": {"type": "Point", "coordinates": [72.89900872483221, 19.093953020134226]}, "properties": {"node_id": 146, "t_min": 150, "depth_m": 0.0, "depth_category": "0-15cm", "landcover_class": 50, "runoff_coeff": 0.85, "runoff_coeff_provenance": "ESTIMATED (literature-typical per-class assumption)", "inflow_m3s": 0.02975, "capacity_m3s": 0.1925, "surcharge_m3s": 0.0, "is_sink": false, "role": "junction", "provenance": "SIMULATED", "rainfall_scenario": "whatif_baseline"}}, {"type": "Feature", "geometry": {"type": "Point", "coordinates": [72.8755187919463, 19.093953020134226]}, "properties": {"node_id": 147, "t_min": 150, "depth_m": 0.0, "depth_category": "0-15cm", "landcover_class": 50, "runoff_coeff": 0.85, "runoff_coeff_provenance": "ESTIMATED (literature-typical per-class assumption)", "inflow_m3s": 0.00213, "capacity_m3s": 0.0875, "surcharge_m3s": 0.0, "is_sink": false, "role": "headwater inlet", "provenance": "SIMULATED", "rainfall_scenario": "whatif_baseline"}}, {"type": "Feature", "geometry": {"type": "Point", "coordinates": [72.8758543624161, 19.093953020134226]}, "properties": {"node_id": 148, "t_min": 150, "depth_m": 0.0, "depth_category": "0-15cm", "landcover_class": 50, "runoff_coeff": 0.85, "runoff_coeff_provenance": "ESTIMATED (literature-typical per-class assumption)", "inflow_m3s": 0.02125, "capacity_m3s": 0.0875, "surcharge_m3s": 0.0, "is_sink": true, "role": "sink / potential surcharge & ponding point", "provenance": "SIMULATED", "rainfall_scenario": "whatif_baseline"}}, {"type": "Feature", "geometry": {"type": "Point", "coordinates": [72.88726375838925, 19.093953020134226]}, "properties": {"node_id": 149, "t_min": 150, "depth_m": 0.0, "depth_category": "0-15cm", "landcover_class": 60, "runoff_coeff": 0.4, "runoff_coeff_provenance": "ESTIMATED (literature-typical per-class assumption)", "inflow_m3s": 0.037, "capacity_m3s": 0.385, "surcharge_m3s": 0.0, "is_sink": false, "role": "junction", "provenance": "SIMULATED", "rainfall_scenario": "whatif_baseline"}}, {"type": "Feature", "geometry": {"type": "Point", "coordinates": [72.88692818791947, 19.09361744966443]}, "properties": {"node_id": 150, "t_min": 150, "depth_m": 0.0, "depth_category": "0-15cm", "landcover_class": 50, "runoff_coeff": 0.85, "runoff_coeff_provenance": "ESTIMATED (literature-typical per-class assumption)", "inflow_m3s": 0.0935, "capacity_m3s": 0.4725, "surcharge_m3s": 0.0, "is_sink": false, "role": "junction", "provenance": "SIMULATED", "rainfall_scenario": "whatif_baseline"}}, {"type": "Feature", "geometry": {"type": "Point", "coordinates": [72.88759932885905, 19.093953020134226]}, "properties": {"node_id": 151, "t_min": 150, "depth_m": 0.0, "depth_category": "0-15cm", "landcover_class": 10, "runoff_coeff": 0.15, "runoff_coeff_provenance": "ESTIMATED (literature-typical per-class assumption)", "inflow_m3s": 0.01275, "capacity_m3s": 0.32375, "surcharge_m3s": 0.0, "is_sink": false, "role": "junction", "provenance": "SIMULATED", "rainfall_scenario": "whatif_baseline"}}, {"type": "Feature", "geometry": {"type": "Point", "coordinates": [72.88961275167784, 19.093953020134226]}, "properties": {"node_id": 152, "t_min": 150, "depth_m": 0.0, "depth_category": "0-15cm", "landcover_class": 50, "runoff_coeff": 0.85, "runoff_coeff_provenance": "ESTIMATED (literature-typical per-class assumption)", "inflow_m3s": 0.03613, "capacity_m3s": 0.16625, "surcharge_m3s": 0.0, "is_sink": false, "role": "junction", "provenance": "SIMULATED", "rainfall_scenario": "whatif_baseline"}}, {"type": "Feature", "geometry": {"type": "Point", "coordinates": [72.89665973154362, 19.093953020134226]}, "properties": {"node_id": 153, "t_min": 150, "depth_m": 0.0, "depth_category": "0-15cm", "landcover_class": 50, "runoff_coeff": 0.85, "runoff_coeff_provenance": "ESTIMATED (literature-typical per-class assumption)", "inflow_m3s": 0.00213, "capacity_m3s": 0.1225, "surcharge_m3s": 0.0, "is_sink": false, "role": "headwater inlet", "provenance": "SIMULATED", "rainfall_scenario": "whatif_baseline"}}, {"type": "Feature", "geometry": {"type": "Point", "coordinates": [72.89867315436241, 19.093953020134226]}, "properties": {"node_id": 154, "t_min": 150, "depth_m": 0.0, "depth_category": "0-15cm", "landcover_class": 50, "runoff_coeff": 0.85, "runoff_coeff_provenance": "ESTIMATED (literature-typical per-class assumption)", "inflow_m3s": 0.04675, "capacity_m3s": 0.27125, "surcharge_m3s": 0.0, "is_sink": false, "role": "junction", "provenance": "SIMULATED", "rainfall_scenario": "whatif_baseline"}}, {"type": "Feature", "geometry": {"type": "Point", "coordinates": [72.88659261744966, 19.09361744966443]}, "properties": {"node_id": 155, "t_min": 150, "depth_m": 0.0, "depth_category": "0-15cm", "landcover_class": 50, "runoff_coeff": 0.85, "runoff_coeff_provenance": "ESTIMATED (literature-typical per-class assumption)", "inflow_m3s": 0.11475, "capacity_m3s": 0.4725, "surcharge_m3s": 0.0, "is_sink": true, "role": "sink / potential surcharge & ponding point", "provenance": "SIMULATED", "rainfall_scenario": "whatif_baseline"}}, {"type": "Feature", "geometry": {"type": "Point", "coordinates": [72.88793489932885, 19.09361744966443]}, "properties": {"node_id": 156, "t_min": 150, "depth_m": 0.0, "depth_category": "0-15cm", "landcover_class": 50, "runoff_coeff": 0.85, "runoff_coeff_provenance": "ESTIMATED (literature-typical per-class assumption)", "inflow_m3s": 0.068, "capacity_m3s": 0.2975, "surcharge_m3s": 0.0, "is_sink": false, "role": "junction", "provenance": "SIMULATED", "rainfall_scenario": "whatif_baseline"}}, {"type": "Feature", "geometry": {"type": "Point", "coordinates": [72.88827046979866, 19.09361744966443]}, "properties": {"node_id": 157, "t_min": 150, "depth_m": 0.0, "depth_category": "0-15cm", "landcover_class": 50, "runoff_coeff": 0.85, "runoff_coeff_provenance": "ESTIMATED (literature-typical per-class assumption)", "inflow_m3s": 0.0595, "capacity_m3s": 0.28, "surcharge_m3s": 0.0, "is_sink": false, "role": "junction", "provenance": "SIMULATED", "rainfall_scenario": "whatif_baseline"}}, {"type": "Feature", "geometry": {"type": "Point", "coordinates": [72.88860604026846, 19.09361744966443]}, "properties": {"node_id": 158, "t_min": 150, "depth_m": 0.0, "depth_category": "0-15cm", "landcover_class": 50, "runoff_coeff": 0.85, "runoff_coeff_provenance": "ESTIMATED (literature-typical per-class assumption)", "inflow_m3s": 0.05525, "capacity_m3s": 0.245, "surcharge_m3s": 0.0, "is_sink": false, "role": "junction", "provenance": "SIMULATED", "rainfall_scenario": "whatif_baseline"}}, {"type": "Feature", "geometry": {"type": "Point", "coordinates": [72.88961275167784, 19.09361744966443]}, "properties": {"node_id": 159, "t_min": 150, "depth_m": 0.0, "depth_category": "0-15cm", "landcover_class": 50, "runoff_coeff": 0.85, "runoff_coeff_provenance": "ESTIMATED (literature-typical per-class assumption)", "inflow_m3s": 0.0255, "capacity_m3s": 0.14875, "surcharge_m3s": 0.0, "is_sink": false, "role": "junction", "provenance": "SIMULATED", "rainfall_scenario": "whatif_baseline"}}, {"type": "Feature", "geometry": {"type": "Point", "coordinates": [72.89296845637584, 19.09361744966443]}, "properties": {"node_id": 160, "t_min": 150, "depth_m": 0.0, "depth_category": "0-15cm", "landcover_class": 50, "runoff_coeff": 0.85, "runoff_coeff_provenance": "ESTIMATED (literature-typical per-class assumption)", "inflow_m3s": 0.00213, "capacity_m3s": 0.11375, "surcharge_m3s": 0.0, "is_sink": false, "role": "headwater inlet", "provenance": "SIMULATED", "rainfall_scenario": "whatif_baseline"}}, {"type": "Feature", "geometry": {"type": "Point", "coordinates": [72.89330402684564, 19.093953020134226]}, "properties": {"node_id": 161, "t_min": 150, "depth_m": 0.0, "depth_category": "0-15cm", "landcover_class": 50, "runoff_coeff": 0.85, "runoff_coeff_provenance": "ESTIMATED (literature-typical per-class assumption)", "inflow_m3s": 0.03613, "capacity_m3s": 0.14875, "surcharge_m3s": 0.0, "is_sink": true, "role": "sink / potential surcharge & ponding point", "provenance": "SIMULATED", "rainfall_scenario": "whatif_baseline"}}, {"type": "Feature", "geometry": {"type": "Point", "coordinates": [72.89363959731543, 19.09361744966443]}, "properties": {"node_id": 162, "t_min": 150, "depth_m": 0.0, "depth_category": "0-15cm", "landcover_class": 50, "runoff_coeff": 0.85, "runoff_coeff_provenance": "ESTIMATED (literature-typical per-class assumption)", "inflow_m3s": 0.02975, "capacity_m3s": 0.14875, "surcharge_m3s": 0.0, "is_sink": false, "role": "junction", "provenance": "SIMULATED", "rainfall_scenario": "whatif_baseline"}}, {"type": "Feature", "geometry": {"type": "Point", "coordinates": [72.88894161073826, 19.09328187919463]}, "properties": {"node_id": 163, "t_min": 150, "depth_m": 0.0, "depth_category": "0-15cm", "landcover_class": 50, "runoff_coeff": 0.85, "runoff_coeff_provenance": "ESTIMATED (literature-typical per-class assumption)", "inflow_m3s": 0.03613, "capacity_m3s": 0.2275, "surcharge_m3s": 0.0, "is_sink": false, "role": "junction", "provenance": "SIMULATED", "rainfall_scenario": "whatif_baseline"}}, {"type": "Feature", "geometry": {"type": "Point", "coordinates": [72.88961275167784, 19.09328187919463]}, "properties": {"node_id": 164, "t_min": 150, "depth_m": 0.0, "depth_category": "0-15cm", "landcover_class": 50, "runoff_coeff": 0.85, "runoff_coeff_provenance": "ESTIMATED (literature-typical per-class assumption)", "inflow_m3s": 0.00213, "capacity_m3s": 0.105, "surcharge_m3s": 0.0, "is_sink": false, "role": "headwater inlet", "provenance": "SIMULATED", "rainfall_scenario": "whatif_baseline"}}, {"type": "Feature", "geometry": {"type": "Point", "coordinates": [72.89363959731543, 19.09328187919463]}, "properties": {"node_id": 165, "t_min": 150, "depth_m": 0.0, "depth_category": "0-15cm", "landcover_class": 50, "runoff_coeff": 0.85, "runoff_coeff_provenance": "ESTIMATED (literature-typical per-class assumption)", "inflow_m3s": 0.00213, "capacity_m3s": 0.1225, "surcharge_m3s": 0.0, "is_sink": false, "role": "headwater inlet", "provenance": "SIMULATED", "rainfall_scenario": "whatif_baseline"}}, {"type": "Feature", "geometry": {"type": "Point", "coordinates": [72.88894161073826, 19.09294630872483]}, "properties": {"node_id": 166, "t_min": 150, "depth_m": 0.0, "depth_category": "0-15cm", "landcover_class": 50, "runoff_coeff": 0.85, "runoff_coeff_provenance": "ESTIMATED (literature-typical per-class assumption)", "inflow_m3s": 0.02125, "capacity_m3s": 0.14875, "surcharge_m3s": 0.0, "is_sink": false, "role": "junction", "provenance": "SIMULATED", "rainfall_scenario": "whatif_baseline"}}, {"type": "Feature", "geometry": {"type": "Point", "coordinates": [72.901022147651, 19.09294630872483]}, "properties": {"node_id": 167, "t_min": 150, "depth_m": 0.0, "depth_category": "0-15cm", "landcover_class": 50, "runoff_coeff": 0.85, "runoff_coeff_provenance": "ESTIMATED (literature-typical per-class assumption)", "inflow_m3s": 0.00213, "capacity_m3s": 0.105, "surcharge_m3s": 0.0, "is_sink": false, "role": "headwater inlet", "provenance": "SIMULATED", "rainfall_scenario": "whatif_baseline"}}, {"type": "Feature", "geometry": {"type": "Point", "coordinates": [72.901022147651, 19.092610738255033]}, "properties": {"node_id": 168, "t_min": 150, "depth_m": 0.0, "depth_category": "0-15cm", "landcover_class": 50, "runoff_coeff": 0.85, "runoff_coeff_provenance": "ESTIMATED (literature-typical per-class assumption)", "inflow_m3s": 0.0255, "capacity_m3s": 0.14875, "surcharge_m3s": 0.0, "is_sink": false, "role": "junction", "provenance": "SIMULATED", "rainfall_scenario": "whatif_baseline"}}, {"type": "Feature", "geometry": {"type": "Point", "coordinates": [72.88894161073826, 19.092610738255033]}, "properties": {"node_id": 169, "t_min": 150, "depth_m": 0.0, "depth_category": "0-15cm", "landcover_class": 50, "runoff_coeff": 0.85, "runoff_coeff_provenance": "ESTIMATED (literature-typical per-class assumption)", "inflow_m3s": 0.00213, "capacity_m3s": 0.0875, "surcharge_m3s": 0.0, "is_sink": false, "role": "headwater inlet", "provenance": "SIMULATED", "rainfall_scenario": "whatif_baseline"}}, {"type": "Feature", "geometry": {"type": "Point", "coordinates": [72.89229731543624, 19.092610738255033]}, "properties": {"node_id": 170, "t_min": 150, "depth_m": 0.0, "depth_category": "0-15cm", "landcover_class": 50, "runoff_coeff": 0.85, "runoff_coeff_provenance": "ESTIMATED (literature-typical per-class assumption)", "inflow_m3s": 0.00213, "capacity_m3s": 0.09625, "surcharge_m3s": 0.0, "is_sink": false, "role": "headwater inlet", "provenance": "SIMULATED", "rainfall_scenario": "whatif_baseline"}}, {"type": "Feature", "geometry": {"type": "Point", "coordinates": [72.89263288590604, 19.092275167785235]}, "properties": {"node_id": 171, "t_min": 150, "depth_m": 0.0, "depth_category": "0-15cm", "landcover_class": 60, "runoff_coeff": 0.4, "runoff_coeff_provenance": "ESTIMATED (literature-typical per-class assumption)", "inflow_m3s": 0.011, "capacity_m3s": 0.21, "surcharge_m3s": 0.0, "is_sink": false, "role": "junction", "provenance": "SIMULATED", "rainfall_scenario": "whatif_baseline"}}, {"type": "Feature", "geometry": {"type": "Point", "coordinates": [72.9013577181208, 19.092275167785235]}, "properties": {"node_id": 172, "t_min": 150, "depth_m": 0.0, "depth_category": "0-15cm", "landcover_class": 50, "runoff_coeff": 0.85, "runoff_coeff_provenance": "ESTIMATED (literature-typical per-class assumption)", "inflow_m3s": 0.03613, "capacity_m3s": 0.175, "surcharge_m3s": 0.0, "is_sink": false, "role": "junction", "provenance": "SIMULATED", "rainfall_scenario": "whatif_baseline"}}, {"type": "Feature", "geometry": {"type": "Point", "coordinates": [72.89296845637584, 19.092275167785235]}, "properties": {"node_id": 173, "t_min": 150, "depth_m": 0.0, "depth_category": "0-15cm", "landcover_class": 10, "runoff_coeff": 0.15, "runoff_coeff_provenance": "ESTIMATED (literature-typical per-class assumption)", "inflow_m3s": 0.009, "capacity_m3s": 0.21, "surcharge_m3s": 0.0, "is_sink": true, "role": "sink / potential surcharge & ponding point", "provenance": "SIMULATED", "rainfall_scenario": "whatif_baseline"}}, {"type": "Feature", "geometry": {"type": "Point", "coordinates": [72.9013577181208, 19.091939597315434]}, "properties": {"node_id": 174, "t_min": 150, "depth_m": 0.0, "depth_category": "0-15cm", "landcover_class": 50, "runoff_coeff": 0.85, "runoff_coeff_provenance": "ESTIMATED (literature-typical per-class assumption)", "inflow_m3s": 0.0425, "capacity_m3s": 0.2275, "surcharge_m3s": 0.0, "is_sink": false, "role": "junction", "provenance": "SIMULATED", "rainfall_scenario": "whatif_baseline"}}, {"type": "Feature", "geometry": {"type": "Point", "coordinates": [72.88256577181208, 19.091939597315434]}, "properties": {"node_id": 175, "t_min": 150, "depth_m": 0.0, "depth_category": "0-15cm", "landcover_class": 60, "runoff_coeff": 0.4, "runoff_coeff_provenance": "ESTIMATED (literature-typical per-class assumption)", "inflow_m3s": 0.001, "capacity_m3s": 0.0875, "surcharge_m3s": 0.0, "is_sink": false, "role": "headwater inlet", "provenance": "SIMULATED", "rainfall_scenario": "whatif_baseline"}}, {"type": "Feature", "geometry": {"type": "Point", "coordinates": [72.88290134228188, 19.092275167785235]}, "properties": {"node_id": 176, "t_min": 150, "depth_m": 0.0, "depth_category": "0-15cm", "landcover_class": 10, "runoff_coeff": 0.15, "runoff_coeff_provenance": "ESTIMATED (literature-typical per-class assumption)", "inflow_m3s": 0.00375, "capacity_m3s": 0.0875, "surcharge_m3s": 0.0, "is_sink": true, "role": "sink / potential surcharge & ponding point", "provenance": "SIMULATED", "rainfall_scenario": "whatif_baseline"}}, {"type": "Feature", "geometry": {"type": "Point", "coordinates": [72.88592147651006, 19.091939597315434]}, "properties": {"node_id": 177, "t_min": 150, "depth_m": 0.0, "depth_category": "0-15cm", "landcover_class": 50, "runoff_coeff": 0.85, "runoff_coeff_provenance": "ESTIMATED (literature-typical per-class assumption)", "inflow_m3s": 0.02763, "capacity_m3s": 0.1925, "surcharge_m3s": 0.0, "is_sink": false, "role": "junction", "provenance": "SIMULATED", "rainfall_scenario": "whatif_baseline"}}, {"type": "Feature", "geometry": {"type": "Point", "coordinates": [72.88558590604026, 19.091604026845637]}, "properties": {"node_id": 178, "t_min": 150, "depth_m": 0.0, "depth_category": "0-15cm", "landcover_class": 50, "runoff_coeff": 0.85, "runoff_coeff_provenance": "ESTIMATED (literature-typical per-class assumption)", "inflow_m3s": 0.04675, "capacity_m3s": 0.1925, "surcharge_m3s": 0.0, "is_sink": true, "role": "sink / potential surcharge & ponding point", "provenance": "SIMULATED", "rainfall_scenario": "whatif_baseline"}}, {"type": "Feature", "geometry": {"type": "Point", "coordinates": [72.88625704697986, 19.091939597315434]}, "properties": {"node_id": 179, "t_min": 150, "depth_m": 0.0, "depth_category": "0-15cm", "landcover_class": 50, "runoff_coeff": 0.85, "runoff_coeff_provenance": "ESTIMATED (literature-typical per-class assumption)", "inflow_m3s": 0.02125, "capacity_m3s": 0.11375, "surcharge_m3s": 0.0, "is_sink": false, "role": "junction", "provenance": "SIMULATED", "rainfall_scenario": "whatif_baseline"}}, {"type": "Feature", "geometry": {"type": "Point", "coordinates": [72.9013577181208, 19.091604026845637]}, "properties": {"node_id": 180, "t_min": 150, "depth_m": 0.0, "depth_category": "0-15cm", "landcover_class": 50, "runoff_coeff": 0.85, "runoff_coeff_provenance": "ESTIMATED (literature-typical per-class assumption)", "inflow_m3s": 0.05525, "capacity_m3s": 0.2275, "surcharge_m3s": 0.0, "is_sink": true, "role": "sink / potential surcharge & ponding point", "provenance": "SIMULATED", "rainfall_scenario": "whatif_baseline"}}, {"type": "Feature", "geometry": {"type": "Point", "coordinates": [72.9016932885906, 19.091939597315434]}, "properties": {"node_id": 181, "t_min": 150, "depth_m": 0.0, "depth_category": "0-15cm", "landcover_class": 60, "runoff_coeff": 0.4, "runoff_coeff_provenance": "ESTIMATED (literature-typical per-class assumption)", "inflow_m3s": 0.001, "capacity_m3s": 0.105, "surcharge_m3s": 0.0, "is_sink": false, "role": "headwater inlet", "provenance": "SIMULATED", "rainfall_scenario": "whatif_baseline"}}, {"type": "Feature", "geometry": {"type": "Point", "coordinates": [72.86947852348993, 19.091604026845637]}, "properties": {"node_id": 182, "t_min": 150, "depth_m": 0.0, "depth_category": "0-15cm", "landcover_class": 50, "runoff_coeff": 0.85, "runoff_coeff_provenance": "ESTIMATED (literature-typical per-class assumption)", "inflow_m3s": 0.00213, "capacity_m3s": 0.0875, "surcharge_m3s": 0.0, "is_sink": false, "role": "headwater inlet", "provenance": "SIMULATED", "rainfall_scenario": "whatif_baseline"}}, {"type": "Feature", "geometry": {"type": "Point", "coordinates": [72.86947852348993, 19.091268456375836]}, "properties": {"node_id": 183, "t_min": 150, "depth_m": 0.0, "depth_category": "0-15cm", "landcover_class": 50, "runoff_coeff": 0.85, "runoff_coeff_provenance": "ESTIMATED (literature-typical per-class assumption)", "inflow_m3s": 0.02125, "capacity_m3s": 0.0875, "surcharge_m3s": 0.0, "is_sink": true, "role": "sink / potential surcharge & ponding point", "provenance": "SIMULATED", "rainfall_scenario": "whatif_baseline"}}, {"type": "Feature", "geometry": {"type": "Point", "coordinates": [72.88659261744966, 19.091604026845637]}, "properties": {"node_id": 184, "t_min": 150, "depth_m": 0.0, "depth_category": "0-15cm", "landcover_class": 50, "runoff_coeff": 0.85, "runoff_coeff_provenance": "ESTIMATED (literature-typical per-class assumption)", "inflow_m3s": 0.00213, "capacity_m3s": 0.0875, "surcharge_m3s": 0.0, "is_sink": false, "role": "headwater inlet", "provenance": "SIMULATED", "rainfall_scenario": "whatif_baseline"}}, {"type": "Feature", "geometry": {"type": "Point", "coordinates": [72.89766644295301, 19.091268456375836]}, "properties": {"node_id": 185, "t_min": 150, "depth_m": 0.0, "depth_category": "0-15cm", "landcover_class": 50, "runoff_coeff": 0.85, "runoff_coeff_provenance": "ESTIMATED (literature-typical per-class assumption)", "inflow_m3s": 0.00213, "capacity_m3s": 0.0875, "surcharge_m3s": 0.0, "is_sink": false, "role": "headwater inlet", "provenance": "SIMULATED", "rainfall_scenario": "whatif_baseline"}}, {"type": "Feature", "geometry": {"type": "Point", "coordinates": [72.89766644295301, 19.09093288590604]}, "properties": {"node_id": 186, "t_min": 150, "depth_m": 0.0, "depth_category": "0-15cm", "landcover_class": 50, "runoff_coeff": 0.85, "runoff_coeff_provenance": "ESTIMATED (literature-typical per-class assumption)", "inflow_m3s": 0.02125, "capacity_m3s": 0.09625, "surcharge_m3s": 0.0, "is_sink": false, "role": "junction", "provenance": "SIMULATED", "rainfall_scenario": "whatif_baseline"}}, {"type": "Feature", "geometry": {"type": "Point", "coordinates": [72.89129060402684, 19.09093288590604]}, "properties": {"node_id": 187, "t_min": 150, "depth_m": 0.0, "depth_category": "0-15cm", "landcover_class": 40, "runoff_coeff": 0.3, "runoff_coeff_provenance": "ESTIMATED (literature-typical per-class assumption)", "inflow_m3s": 0.00075, "capacity_m3s": 0.14, "surcharge_m3s": 0.0, "is_sink": false, "role": "headwater inlet", "provenance": "SIMULATED", "rainfall_scenario": "whatif_baseline"}}, {"type": "Feature", "geometry": {"type": "Point", "coordinates": [72.89129060402684, 19.09059731543624]}, "properties": {"node_id": 188, "t_min": 150, "depth_m": 0.0, "depth_category": "0-15cm", "landcover_class": 30, "runoff_coeff": 0.25, "runoff_coeff_provenance": "ESTIMATED (literature-typical per-class assumption)", "inflow_m3s": 0.01, "capacity_m3s": 0.16625, "surcharge_m3s": 0.0, "is_sink": false, "role": "junction", "provenance": "SIMULATED", "rainfall_scenario": "whatif_baseline"}}, {"type": "Feature", "geometry": {"type": "Point", "coordinates": [72.89665973154362, 19.09093288590604]}, "properties": {"node_id": 189, "t_min": 150, "depth_m": 0.0, "depth_category": "0-15cm", "landcover_class": 50, "runoff_coeff": 0.85, "runoff_coeff_provenance": "ESTIMATED (literature-typical per-class assumption)", "inflow_m3s": 0.00213, "capacity_m3s": 0.1225, "surcharge_m3s": 0.0, "is_sink": false, "role": "headwater inlet", "provenance": "SIMULATED", "rainfall_scenario": "whatif_baseline"}}, {"type": "Feature", "geometry": {"type": "Point", "coordinates": [72.89665973154362, 19.09059731543624]}, "properties": {"node_id": 190, "t_min": 150, "depth_m": 0.0, "depth_category": "0-15cm", "landcover_class": 50, "runoff_coeff": 0.85, "runoff_coeff_provenance": "ESTIMATED (literature-typical per-class assumption)", "inflow_m3s": 0.02975, "capacity_m3s": 0.13125, "surcharge_m3s": 0.0, "is_sink": false, "role": "junction", "provenance": "SIMULATED", "rainfall_scenario": "whatif_baseline"}}, {"type": "Feature", "geometry": {"type": "Point", "coordinates": [72.89766644295301, 19.09059731543624]}, "properties": {"node_id": 191, "t_min": 150, "depth_m": 0.0, "depth_category": "0-15cm", "landcover_class": 50, "runoff_coeff": 0.85, "runoff_coeff_provenance": "ESTIMATED (literature-typical per-class assumption)", "inflow_m3s": 0.02337, "capacity_m3s": 0.105, "surcharge_m3s": 0.0, "is_sink": false, "role": "junction", "provenance": "SIMULATED", "rainfall_scenario": "whatif_baseline"}}, {"type": "Feature", "geometry": {"type": "Point", "coordinates": [72.89934429530201, 19.09093288590604]}, "properties": {"node_id": 192, "t_min": 150, "depth_m": 0.0, "depth_category": "0-15cm", "landcover_class": 50, "runoff_coeff": 0.85, "runoff_coeff_provenance": "ESTIMATED (literature-typical per-class assumption)", "inflow_m3s": 0.00213, "capacity_m3s": 0.105, "surcharge_m3s": 0.0, "is_sink": false, "role": "headwater inlet", "provenance": "SIMULATED", "rainfall_scenario": "whatif_baseline"}}, {"type": "Feature", "geometry": {"type": "Point", "coordinates": [72.89934429530201, 19.09059731543624]}, "properties": {"node_id": 193, "t_min": 150, "depth_m": 0.0, "depth_category": "0-15cm", "landcover_class": 50, "runoff_coeff": 0.85, "runoff_coeff_provenance": "ESTIMATED (literature-typical per-class assumption)", "inflow_m3s": 0.0255, "capacity_m3s": 0.1225, "surcharge_m3s": 0.0, "is_sink": false, "role": "junction", "provenance": "SIMULATED", "rainfall_scenario": "whatif_baseline"}}, {"type": "Feature", "geometry": {"type": "Point", "coordinates": [72.88894161073826, 19.09059731543624]}, "properties": {"node_id": 194, "t_min": 150, "depth_m": 0.0, "depth_category": "0-15cm", "landcover_class": 50, "runoff_coeff": 0.85, "runoff_coeff_provenance": "ESTIMATED (literature-typical per-class assumption)", "inflow_m3s": 0.00213, "capacity_m3s": 0.11375, "surcharge_m3s": 0.0, "is_sink": false, "role": "headwater inlet", "provenance": "SIMULATED", "rainfall_scenario": "whatif_baseline"}}, {"type": "Feature", "geometry": {"type": "Point", "coordinates": [72.88927718120804, 19.09026174496644]}, "properties": {"node_id": 195, "t_min": 150, "depth_m": 0.0, "depth_category": "0-15cm", "landcover_class": 50, "runoff_coeff": 0.85, "runoff_coeff_provenance": "ESTIMATED (literature-typical per-class assumption)", "inflow_m3s": 0.02763, "capacity_m3s": 0.16625, "surcharge_m3s": 0.0, "is_sink": false, "role": "junction", "provenance": "SIMULATED", "rainfall_scenario": "whatif_baseline"}}, {"type": "Feature", "geometry": {"type": "Point", "coordinates": [72.89095503355705, 19.09026174496644]}, "properties": {"node_id": 196, "t_min": 150, "depth_m": 0.0, "depth_category": "0-15cm", "landcover_class": 50, "runoff_coeff": 0.85, "runoff_coeff_provenance": "ESTIMATED (literature-typical per-class assumption)", "inflow_m3s": 0.04038, "capacity_m3s": 0.18375, "surcharge_m3s": 0.0, "is_sink": false, "role": "junction", "provenance": "SIMULATED", "rainfall_scenario": "whatif_baseline"}}, {"type": "Feature", "geometry": {"type": "Point", "coordinates": [72.89363959731543, 19.09059731543624]}, "properties": {"node_id": 197, "t_min": 150, "depth_m": 0.0, "depth_category": "0-15cm", "landcover_class": 50, "runoff_coeff": 0.85, "runoff_coeff_provenance": "ESTIMATED (literature-typical per-class assumption)", "inflow_m3s": 0.02125, "capacity_m3s": 0.18375, "surcharge_m3s": 0.0, "is_sink": false, "role": "junction", "provenance": "SIMULATED", "rainfall_scenario": "whatif_baseline"}}, {"type": "Feature", "geometry": {"type": "Point", "coordinates": [72.89397516778523, 19.09059731543624]}, "properties": {"node_id": 198, "t_min": 150, "depth_m": 0.0, "depth_category": "0-15cm", "landcover_class": 50, "runoff_coeff": 0.85, "runoff_coeff_provenance": "ESTIMATED (literature-typical per-class assumption)", "inflow_m3s": 0.04463, "capacity_m3s": 0.18375, "surcharge_m3s": 0.0, "is_sink": true, "role": "sink / potential surcharge & ponding point", "provenance": "SIMULATED", "rainfall_scenario": "whatif_baseline"}}, {"type": "Feature", "geometry": {"type": "Point", "coordinates": [72.89498187919463, 19.09059731543624]}, "properties": {"node_id": 199, "t_min": 150, "depth_m": 0.0, "depth_category": "0-15cm", "landcover_class": 50, "runoff_coeff": 0.85, "runoff_coeff_provenance": "ESTIMATED (literature-typical per-class assumption)", "inflow_m3s": 0.00213, "capacity_m3s": 0.14, "surcharge_m3s": 0.0, "is_sink": false, "role": "headwater inlet", "provenance": "SIMULATED", "rainfall_scenario": "whatif_baseline"}}, {"type": "Feature", "geometry": {"type": "Point", "coordinates": [72.89498187919463, 19.09026174496644]}, "properties": {"node_id": 200, "t_min": 150, "depth_m": 0.0, "depth_category": "0-15cm", "landcover_class": 50, "runoff_coeff": 0.85, "runoff_coeff_provenance": "ESTIMATED (literature-typical per-class assumption)", "inflow_m3s": 0.034, "capacity_m3s": 0.2275, "surcharge_m3s": 0.0, "is_sink": false, "role": "junction", "provenance": "SIMULATED", "rainfall_scenario": "whatif_baseline"}}, {"type": "Feature", "geometry": {"type": "Point", "coordinates": [72.89665973154362, 19.09026174496644]}, "properties": {"node_id": 201, "t_min": 150, "depth_m": 0.0, "depth_category": "0-15cm", "landcover_class": 50, "runoff_coeff": 0.85, "runoff_coeff_provenance": "ESTIMATED (literature-typical per-class assumption)", "inflow_m3s": 0.03188, "capacity_m3s": 0.14, "surcharge_m3s": 0.0, "is_sink": false, "role": "junction", "provenance": "SIMULATED", "rainfall_scenario": "whatif_baseline"}}, {"type": "Feature", "geometry": {"type": "Point", "coordinates": [72.89766644295301, 19.09026174496644]}, "properties": {"node_id": 202, "t_min": 150, "depth_m": 0.0, "depth_category": "0-15cm", "landcover_class": 50, "runoff_coeff": 0.85, "runoff_coeff_provenance": "ESTIMATED (literature-typical per-class assumption)", "inflow_m3s": 0.0255, "capacity_m3s": 0.11375, "surcharge_m3s": 0.0, "is_sink": false, "role": "junction", "provenance": "SIMULATED", "rainfall_scenario": "whatif_baseline"}}, {"type": "Feature", "geometry": {"type": "Point", "coordinates": [72.89800201342281, 19.09059731543624]}, "properties": {"node_id": 203, "t_min": 150, "depth_m": 0.0, "depth_category": "0-15cm", "landcover_class": 50, "runoff_coeff": 0.85, "runoff_coeff_provenance": "ESTIMATED (literature-typical per-class assumption)", "inflow_m3s": 0.00213, "capacity_m3s": 0.0875, "surcharge_m3s": 0.0, "is_sink": false, "role": "headwater inlet", "provenance": "SIMULATED", "rainfall_scenario": "whatif_baseline"}}, {"type": "Feature", "geometry": {"type": "Point", "coordinates": [72.89800201342281, 19.09026174496644]}, "properties": {"node_id": 204, "t_min": 150, "depth_m": 0.0, "depth_category": "0-15cm", "landcover_class": 50, "runoff_coeff": 0.85, "runoff_coeff_provenance": "ESTIMATED (literature-typical per-class assumption)", "inflow_m3s": 0.02125, "capacity_m3s": 0.09625, "surcharge_m3s": 0.0, "is_sink": false, "role": "junction", "provenance": "SIMULATED", "rainfall_scenario": "whatif_baseline"}}, {"type": "Feature", "geometry": {"type": "Point", "coordinates": [72.89900872483221, 19.09026174496644]}, "properties": {"node_id": 205, "t_min": 150, "depth_m": 0.0, "depth_category": "0-15cm", "landcover_class": 50, "runoff_coeff": 0.85, "runoff_coeff_provenance": "ESTIMATED (literature-typical per-class assumption)", "inflow_m3s": 0.02975, "capacity_m3s": 0.21, "surcharge_m3s": 0.0, "is_sink": false, "role": "junction", "provenance": "SIMULATED", "rainfall_scenario": "whatif_baseline"}}, {"type": "Feature", "geometry": {"type": "Point", "coordinates": [72.88692818791947, 19.09026174496644]}, "properties": {"node_id": 206, "t_min": 150, "depth_m": 0.0, "depth_category": "0-15cm", "landcover_class": 50, "runoff_coeff": 0.85, "runoff_coeff_provenance": "ESTIMATED (literature-typical per-class assumption)", "inflow_m3s": 0.00213, "capacity_m3s": 0.14, "surcharge_m3s": 0.0, "is_sink": false, "role": "headwater inlet", "provenance": "SIMULATED", "rainfall_scenario": "whatif_baseline"}}, {"type": "Feature", "geometry": {"type": "Point", "coordinates": [72.88659261744966, 19.089926174496643]}, "properties": {"node_id": 207, "t_min": 150, "depth_m": 0.0, "depth_category": "0-15cm", "landcover_class": 50, "runoff_coeff": 0.85, "runoff_coeff_provenance": "ESTIMATED (literature-typical per-class assumption)", "inflow_m3s": 0.034, "capacity_m3s": 0.18375, "surcharge_m3s": 0.0, "is_sink": false, "role": "junction", "provenance": "SIMULATED", "rainfall_scenario": "whatif_baseline"}}, {"type": "Feature", "geometry": {"type": "Point", "coordinates": [72.88927718120804, 19.089926174496643]}, "properties": {"node_id": 208, "t_min": 150, "depth_m": 0.0, "depth_category": "0-15cm", "landcover_class": 50, "runoff_coeff": 0.85, "runoff_coeff_provenance": "ESTIMATED (literature-typical per-class assumption)", "inflow_m3s": 0.04038, "capacity_m3s": 0.23625, "surcharge_m3s": 0.0, "is_sink": false, "role": "junction", "provenance": "SIMULATED", "rainfall_scenario": "whatif_baseline"}}, {"type": "Feature", "geometry": {"type": "Point", "coordinates": [72.89061946308725, 19.089926174496643]}, "properties": {"node_id": 209, "t_min": 150, "depth_m": 0.0, "depth_category": "0-15cm", "landcover_class": 50, "runoff_coeff": 0.85, "runoff_coeff_provenance": "ESTIMATED (literature-typical per-class assumption)", "inflow_m3s": 0.04463, "capacity_m3s": 0.21, "surcharge_m3s": 0.0, "is_sink": false, "role": "junction", "provenance": "SIMULATED", "rainfall_scenario": "whatif_baseline"}}, {"type": "Feature", "geometry": {"type": "Point", "coordinates": [72.89330402684564, 19.09026174496644]}, "properties": {"node_id": 210, "t_min": 150, "depth_m": 0.0, "depth_category": "0-15cm", "landcover_class": 50, "runoff_coeff": 0.85, "runoff_coeff_provenance": "ESTIMATED (literature-typical per-class assumption)", "inflow_m3s": 0.00213, "capacity_m3s": 0.0875, "surcharge_m3s": 0.0, "is_sink": false, "role": "headwater inlet", "provenance": "SIMULATED", "rainfall_scenario": "whatif_baseline"}}, {"type": "Feature", "geometry": {"type": "Point", "coordinates": [72.89363959731543, 19.09026174496644]}, "properties": {"node_id": 211, "t_min": 150, "depth_m": 0.0, "depth_category": "0-15cm", "landcover_class": 50, "runoff_coeff": 0.85, "runoff_coeff_provenance": "ESTIMATED (literature-typical per-class assumption)", "inflow_m3s": 0.0255, "capacity_m3s": 0.13125, "surcharge_m3s": 0.0, "is_sink": false, "role": "junction", "provenance": "SIMULATED", "rainfall_scenario": "whatif_baseline"}}, {"type": "Feature", "geometry": {"type": "Point", "coordinates": [72.89498187919463, 19.089926174496643]}, "properties": {"node_id": 212, "t_min": 150, "depth_m": 0.0, "depth_category": "0-15cm", "landcover_class": 10, "runoff_coeff": 0.15, "runoff_coeff_provenance": "ESTIMATED (literature-typical per-class assumption)", "inflow_m3s": 0.00975, "capacity_m3s": 0.23625, "surcharge_m3s": 0.0, "is_sink": false, "role": "junction", "provenance": "SIMULATED", "rainfall_scenario": "whatif_baseline"}}, {"type": "Feature", "geometry": {"type": "Point", "coordinates": [72.89531744966443, 19.09026174496644]}, "properties": {"node_id": 213, "t_min": 150, "depth_m": 0.0, "depth_category": "0-15cm", "landcover_class": 50, "runoff_coeff": 0.85, "runoff_coeff_provenance": "ESTIMATED (literature-typical per-class assumption)", "inflow_m3s": 0.00213, "capacity_m3s": 0.105, "surcharge_m3s": 0.0, "is_sink": false, "role": "headwater inlet", "provenance": "SIMULATED", "rainfall_scenario": "whatif_baseline"}}, {"type": "Feature", "geometry": {"type": "Point", "coordinates": [72.89531744966443, 19.089926174496643]}, "properties": {"node_id": 214, "t_min": 150, "depth_m": 0.0, "depth_category": "0-15cm", "landcover_class": 50, "runoff_coeff": 0.85, "runoff_coeff_provenance": "ESTIMATED (literature-typical per-class assumption)", "inflow_m3s": 0.05738, "capacity_m3s": 0.23625, "surcharge_m3s": 0.0, "is_sink": true, "role": "sink / potential surcharge & ponding point", "provenance": "SIMULATED", "rainfall_scenario": "whatif_baseline"}}, {"type": "Feature", "geometry": {"type": "Point", "coordinates": [72.89699530201342, 19.089926174496643]}, "properties": {"node_id": 215, "t_min": 150, "depth_m": 0.0, "depth_category": "0-15cm", "landcover_class": 60, "runoff_coeff": 0.4, "runoff_coeff_provenance": "ESTIMATED (literature-typical per-class assumption)", "inflow_m3s": 0.016, "capacity_m3s": 0.1925, "surcharge_m3s": 0.0, "is_sink": false, "role": "junction", "provenance": "SIMULATED", "rainfall_scenario": "whatif_baseline"}}, {"type": "Feature", "geometry": {"type": "Point", "coordinates": [72.89766644295301, 19.089926174496643]}, "properties": {"node_id": 216, "t_min": 150, "depth_m": 0.0, "depth_category": "0-15cm", "landcover_class": 50, "runoff_coeff": 0.85, "runoff_coeff_provenance": "ESTIMATED (literature-typical per-class assumption)", "inflow_m3s": 0.03613, "capacity_m3s": 0.27125, "surcharge_m3s": 0.0, "is_sink": false, "role": "junction", "provenance": "SIMULATED", "rainfall_scenario": "whatif_baseline"}}, {"type": "Feature", "geometry": {"type": "Point", "coordinates": [72.89800201342281, 19.089926174496643]}, "properties": {"node_id": 217, "t_min": 150, "depth_m": 0.0, "depth_category": "0-15cm", "landcover_class": 50, "runoff_coeff": 0.85, "runoff_coeff_provenance": "ESTIMATED (literature-typical per-class assumption)", "inflow_m3s": 0.02337, "capacity_m3s": 0.14875, "surcharge_m3s": 0.0, "is_sink": false, "role": "junction", "provenance": "SIMULATED", "rainfall_scenario": "whatif_baseline"}}, {"type": "Feature", "geometry": {"type": "Point", "coordinates": [72.89867315436241, 19.089926174496643]}, "properties": {"node_id": 218, "t_min": 150, "depth_m": 0.0, "depth_category": "0-15cm", "landcover_class": 50, "runoff_coeff": 0.85, "runoff_coeff_provenance": "ESTIMATED (literature-typical per-class assumption)", "inflow_m3s": 0.051, "capacity_m3s": 0.23625, "surcharge_m3s": 0.0, "is_sink": false, "role": "junction", "provenance": "SIMULATED", "rainfall_scenario": "whatif_baseline"}}, {"type": "Feature", "geometry": {"type": "Point", "coordinates": [72.9006865771812, 19.09026174496644]}, "properties": {"node_id": 219, "t_min": 150, "depth_m": 0.0, "depth_category": "0-15cm", "landcover_class": 50, "runoff_coeff": 0.85, "runoff_coeff_provenance": "ESTIMATED (literature-typical per-class assumption)", "inflow_m3s": 0.00213, "capacity_m3s": 0.09625, "surcharge_m3s": 0.0, "is_sink": false, "role": "headwater inlet", "provenance": "SIMULATED", "rainfall_scenario": "whatif_baseline"}}, {"type": "Feature", "geometry": {"type": "Point", "coordinates": [72.9003510067114, 19.089926174496643]}, "properties": {"node_id": 220, "t_min": 150, "depth_m": 0.0, "depth_category": "0-15cm", "landcover_class": 50, "runoff_coeff": 0.85, "runoff_coeff_provenance": "ESTIMATED (literature-typical per-class assumption)", "inflow_m3s": 0.02337, "capacity_m3s": 0.09625, "surcharge_m3s": 0.0, "is_sink": true, "role": "sink / potential surcharge & ponding point", "provenance": "SIMULATED", "rainfall_scenario": "whatif_baseline"}}, {"type": "Feature", "geometry": {"type": "Point", "coordinates": [72.88625704697986, 19.089926174496643]}, "properties": {"node_id": 221, "t_min": 150, "depth_m": 0.0, "depth_category": "0-15cm", "landcover_class": 50, "runoff_coeff": 0.85, "runoff_coeff_provenance": "ESTIMATED (literature-typical per-class assumption)", "inflow_m3s": 0.04463, "capacity_m3s": 0.1925, "surcharge_m3s": 0.0, "is_sink": false, "role": "junction", "provenance": "SIMULATED", "rainfall_scenario": "whatif_baseline"}}, {"type": "Feature", "geometry": {"type": "Point", "coordinates": [72.88592147651006, 19.09026174496644]}, "properties": {"node_id": 222, "t_min": 150, "depth_m": 0.0, "depth_category": "0-15cm", "landcover_class": 50, "runoff_coeff": 0.85, "runoff_coeff_provenance": "ESTIMATED (literature-typical per-class assumption)", "inflow_m3s": 0.04675, "capacity_m3s": 0.1925, "surcharge_m3s": 0.0, "is_sink": true, "role": "sink / potential surcharge & ponding point", "provenance": "SIMULATED", "rainfall_scenario": "whatif_baseline"}}, {"type": "Feature", "geometry": {"type": "Point", "coordinates": [72.88927718120804, 19.089590604026846]}, "properties": {"node_id": 223, "t_min": 150, "depth_m": 0.0, "depth_category": "0-15cm", "landcover_class": 50, "runoff_coeff": 0.85, "runoff_coeff_provenance": "ESTIMATED (literature-typical per-class assumption)", "inflow_m3s": 0.05738, "capacity_m3s": 0.23625, "surcharge_m3s": 0.0, "is_sink": true, "role": "sink / potential surcharge & ponding point", "provenance": "SIMULATED", "rainfall_scenario": "whatif_baseline"}}, {"type": "Feature", "geometry": {"type": "Point", "coordinates": [72.89028389261745, 19.089590604026846]}, "properties": {"node_id": 224, "t_min": 150, "depth_m": 0.0, "depth_category": "0-15cm", "landcover_class": 50, "runoff_coeff": 0.85, "runoff_coeff_provenance": "ESTIMATED (literature-typical per-class assumption)", "inflow_m3s": 0.051, "capacity_m3s": 0.21875, "surcharge_m3s": 0.0, "is_sink": false, "role": "junction", "provenance": "SIMULATED", "rainfall_scenario": "whatif_baseline"}}, {"type": "Feature", "geometry": {"type": "Point", "coordinates": [72.89330402684564, 19.089926174496643]}, "properties": {"node_id": 225, "t_min": 150, "depth_m": 0.0, "depth_category": "0-15cm", "landcover_class": 10, "runoff_coeff": 0.15, "runoff_coeff_provenance": "ESTIMATED (literature-typical per-class assumption)", "inflow_m3s": 0.00038, "capacity_m3s": 0.105, "surcharge_m3s": 0.0, "is_sink": false, "role": "headwater inlet", "provenance": "SIMULATED", "rainfall_scenario": "whatif_baseline"}}, {"type": "Feature", "geometry": {"type": "Point", "coordinates": [72.89733087248322, 19.089590604026846]}, "properties": {"node_id": 226, "t_min": 150, "depth_m": 0.0, "depth_category": "0-15cm", "landcover_class": 50, "runoff_coeff": 0.85, "runoff_coeff_provenance": "ESTIMATED (literature-typical per-class assumption)", "inflow_m3s": 0.06588, "capacity_m3s": 0.5075, "surcharge_m3s": 0.0, "is_sink": false, "role": "junction", "provenance": "SIMULATED", "rainfall_scenario": "whatif_baseline"}}, {"type": "Feature", "geometry": {"type": "Point", "coordinates": [72.89867315436241, 19.089590604026846]}, "properties": {"node_id": 227, "t_min": 150, "depth_m": 0.0, "depth_category": "0-15cm", "landcover_class": 50, "runoff_coeff": 0.85, "runoff_coeff_provenance": "ESTIMATED (literature-typical per-class assumption)", "inflow_m3s": 0.05738, "capacity_m3s": 0.27125, "surcharge_m3s": 0.0, "is_sink": false, "role": "junction", "provenance": "SIMULATED", "rainfall_scenario": "whatif_baseline"}}, {"type": "Feature", "geometry": {"type": "Point", "coordinates": [72.88189463087248, 19.089590604026846]}, "properties": {"node_id": 228, "t_min": 150, "depth_m": 0.0, "depth_category": "0-15cm", "landcover_class": 50, "runoff_coeff": 0.85, "runoff_coeff_provenance": "ESTIMATED (literature-typical per-class assumption)", "inflow_m3s": 0.00213, "capacity_m3s": 0.11375, "surcharge_m3s": 0.0, "is_sink": false, "role": "headwater inlet", "provenance": "SIMULATED", "rainfall_scenario": "whatif_baseline"}}, {"type": "Feature", "geometry": {"type": "Point", "coordinates": [72.88189463087248, 19.089255033557045]}, "properties": {"node_id": 229, "t_min": 150, "depth_m": 0.0, "depth_category": "0-15cm", "landcover_class": 50, "runoff_coeff": 0.85, "runoff_coeff_provenance": "ESTIMATED (literature-typical per-class assumption)", "inflow_m3s": 0.02763, "capacity_m3s": 0.11375, "surcharge_m3s": 0.0, "is_sink": true, "role": "sink / potential surcharge & ponding point", "provenance": "SIMULATED", "rainfall_scenario": "whatif_baseline"}}, {"type": "Feature", "geometry": {"type": "Point", "coordinates": [72.88994832214765, 19.089255033557045]}, "properties": {"node_id": 230, "t_min": 150, "depth_m": 0.0, "depth_category": "0-15cm", "landcover_class": 50, "runoff_coeff": 0.85, "runoff_coeff_provenance": "ESTIMATED (literature-typical per-class assumption)", "inflow_m3s": 0.05312, "capacity_m3s": 0.2275, "surcharge_m3s": 0.0, "is_sink": false, "role": "junction", "provenance": "SIMULATED", "rainfall_scenario": "whatif_baseline"}}, {"type": "Feature", "geometry": {"type": "Point", "coordinates": [72.89632416107382, 19.089590604026846]}, "properties": {"node_id": 231, "t_min": 150, "depth_m": 0.0, "depth_category": "0-15cm", "landcover_class": 10, "runoff_coeff": 0.15, "runoff_coeff_provenance": "ESTIMATED (literature-typical per-class assumption)", "inflow_m3s": 0.00038, "capacity_m3s": 0.0875, "surcharge_m3s": 0.0, "is_sink": false, "role": "headwater inlet", "provenance": "SIMULATED", "rainfall_scenario": "whatif_baseline"}}, {"type": "Feature", "geometry": {"type": "Point", "coordinates": [72.89665973154362, 19.089590604026846]}, "properties": {"node_id": 232, "t_min": 150, "depth_m": 0.0, "depth_category": "0-15cm", "landcover_class": 10, "runoff_coeff": 0.15, "runoff_coeff_provenance": "ESTIMATED (literature-typical per-class assumption)", "inflow_m3s": 0.00375, "capacity_m3s": 0.13125, "surcharge_m3s": 0.0, "is_sink": false, "role": "junction", "provenance": "SIMULATED", "rainfall_scenario": "whatif_baseline"}}, {"type": "Feature", "geometry": {"type": "Point", "coordinates": [72.89699530201342, 19.089255033557045]}, "properties": {"node_id": 233, "t_min": 150, "depth_m": 0.0, "depth_category": "0-15cm", "landcover_class": 10, "runoff_coeff": 0.15, "runoff_coeff_provenance": "ESTIMATED (literature-typical per-class assumption)", "inflow_m3s": 0.02175, "capacity_m3s": 0.70875, "surcharge_m3s": 0.0, "is_sink": false, "role": "junction", "provenance": "SIMULATED", "rainfall_scenario": "whatif_baseline"}}, {"type": "Feature", "geometry": {"type": "Point", "coordinates": [72.89867315436241, 19.089255033557045]}, "properties": {"node_id": 234, "t_min": 150, "depth_m": 0.0, "depth_category": "0-15cm", "landcover_class": 50, "runoff_coeff": 0.85, "runoff_coeff_provenance": "ESTIMATED (literature-typical per-class assumption)", "inflow_m3s": 0.06588, "capacity_m3s": 0.35, "surcharge_m3s": 0.0, "is_sink": false, "role": "junction", "provenance": "SIMULATED", "rainfall_scenario": "whatif_baseline"}}, {"type": "Feature", "geometry": {"type": "Point", "coordinates": [72.88961275167784, 19.089255033557045]}, "properties": {"node_id": 235, "t_min": 150, "depth_m": 0.0, "depth_category": "0-15cm", "landcover_class": 50, "runoff_coeff": 0.85, "runoff_coeff_provenance": "ESTIMATED (literature-typical per-class assumption)", "inflow_m3s": 0.05525, "capacity_m3s": 0.2275, "surcharge_m3s": 0.0, "is_sink": true, "role": "sink / potential surcharge & ponding point", "provenance": "SIMULATED", "rainfall_scenario": "whatif_baseline"}}, {"type": "Feature", "geometry": {"type": "Point", "coordinates": [72.89733087248322, 19.088919463087247]}, "properties": {"node_id": 236, "t_min": 150, "depth_m": 0.0, "depth_category": "0-15cm", "landcover_class": 10, "runoff_coeff": 0.15, "runoff_coeff_provenance": "ESTIMATED (literature-typical per-class assumption)", "inflow_m3s": 0.03037, "capacity_m3s": 0.735, "surcharge_m3s": 0.0, "is_sink": false, "role": "junction", "provenance": "SIMULATED", "rainfall_scenario": "whatif_baseline"}}, {"type": "Feature", "geometry": {"type": "Point", "coordinates": [72.89833758389261, 19.088919463087247]}, "properties": {"node_id": 237, "t_min": 150, "depth_m": 0.0, "depth_category": "0-15cm", "landcover_class": 50, "runoff_coeff": 0.85, "runoff_coeff_provenance": "ESTIMATED (literature-typical per-class assumption)", "inflow_m3s": 0.085, "capacity_m3s": 0.385, "surcharge_m3s": 0.0, "is_sink": false, "role": "junction", "provenance": "SIMULATED", "rainfall_scenario": "whatif_baseline"}}, {"type": "Feature", "geometry": {"type": "Point", "coordinates": [72.9016932885906, 19.089255033557045]}, "properties": {"node_id": 238, "t_min": 150, "depth_m": 0.0, "depth_category": "0-15cm", "landcover_class": 50, "runoff_coeff": 0.85, "runoff_coeff_provenance": "ESTIMATED (literature-typical per-class assumption)", "inflow_m3s": 0.00213, "capacity_m3s": 0.0875, "surcharge_m3s": 0.0, "is_sink": false, "role": "headwater inlet", "provenance": "SIMULATED", "rainfall_scenario": "whatif_baseline"}}, {"type": "Feature", "geometry": {"type": "Point", "coordinates": [72.9016932885906, 19.088919463087247]}, "properties": {"node_id": 239, "t_min": 150, "depth_m": 0.0, "depth_category": "0-15cm", "landcover_class": 50, "runoff_coeff": 0.85, "runoff_coeff_provenance": "ESTIMATED (literature-typical per-class assumption)", "inflow_m3s": 0.02125, "capacity_m3s": 0.11375, "surcharge_m3s": 0.0, "is_sink": false, "role": "junction", "provenance": "SIMULATED", "rainfall_scenario": "whatif_baseline"}}, {"type": "Feature", "geometry": {"type": "Point", "coordinates": [72.88692818791947, 19.088919463087247]}, "properties": {"node_id": 240, "t_min": 150, "depth_m": 0.0, "depth_category": "0-15cm", "landcover_class": 50, "runoff_coeff": 0.85, "runoff_coeff_provenance": "ESTIMATED (literature-typical per-class assumption)", "inflow_m3s": 0.02125, "capacity_m3s": 0.105, "surcharge_m3s": 0.0, "is_sink": false, "role": "junction", "provenance": "SIMULATED", "rainfall_scenario": "whatif_baseline"}}, {"type": "Feature", "geometry": {"type": "Point", "coordinates": [72.88692818791947, 19.08858389261745]}, "properties": {"node_id": 241, "t_min": 150, "depth_m": 0.0, "depth_category": "0-15cm", "landcover_class": 50, "runoff_coeff": 0.85, "runoff_coeff_provenance": "ESTIMATED (literature-typical per-class assumption)", "inflow_m3s": 0.0255, "capacity_m3s": 0.105, "surcharge_m3s": 0.0, "is_sink": true, "role": "sink / potential surcharge & ponding point", "provenance": "SIMULATED", "rainfall_scenario": "whatif_baseline"}}, {"type": "Feature", "geometry": {"type": "Point", "coordinates": [72.88726375838925, 19.088919463087247]}, "properties": {"node_id": 242, "t_min": 150, "depth_m": 0.0, "depth_category": "0-15cm", "landcover_class": 50, "runoff_coeff": 0.85, "runoff_coeff_provenance": "ESTIMATED (literature-typical per-class assumption)", "inflow_m3s": 0.00213, "capacity_m3s": 0.0875, "surcharge_m3s": 0.0, "is_sink": false, "role": "headwater inlet", "provenance": "SIMULATED", "rainfall_scenario": "whatif_baseline"}}, {"type": "Feature", "geometry": {"type": "Point", "coordinates": [72.89733087248322, 19.08858389261745]}, "properties": {"node_id": 243, "t_min": 150, "depth_m": 0.0, "depth_category": "0-15cm", "landcover_class": 10, "runoff_coeff": 0.15, "runoff_coeff_provenance": "ESTIMATED (literature-typical per-class assumption)", "inflow_m3s": 0.0315, "capacity_m3s": 0.7525, "surcharge_m3s": 0.0, "is_sink": false, "role": "junction", "provenance": "SIMULATED", "rainfall_scenario": "whatif_baseline"}}, {"type": "Feature", "geometry": {"type": "Point", "coordinates": [72.89800201342281, 19.08858389261745]}, "properties": {"node_id": 244, "t_min": 150, "depth_m": 0.0, "depth_category": "0-15cm", "landcover_class": 50, "runoff_coeff": 0.85, "runoff_coeff_provenance": "ESTIMATED (literature-typical per-class assumption)", "inflow_m3s": 0.0935, "capacity_m3s": 0.39375, "surcharge_m3s": 0.0, "is_sink": false, "role": "junction", "provenance": "SIMULATED", "rainfall_scenario": "whatif_baseline"}}, {"type": "Feature", "geometry": {"type": "Point", "coordinates": [72.9016932885906, 19.08858389261745]}, "properties": {"node_id": 245, "t_min": 150, "depth_m": 0.0, "depth_category": "0-15cm", "landcover_class": 50, "runoff_coeff": 0.85, "runoff_coeff_provenance": "ESTIMATED (literature-typical per-class assumption)", "inflow_m3s": 0.02763, "capacity_m3s": 0.1225, "surcharge_m3s": 0.0, "is_sink": false, "role": "junction", "provenance": "SIMULATED", "rainfall_scenario": "whatif_baseline"}}, {"type": "Feature", "geometry": {"type": "Point", "coordinates": [72.88994832214765, 19.08858389261745]}, "properties": {"node_id": 246, "t_min": 150, "depth_m": 0.0, "depth_category": "0-15cm", "landcover_class": 50, "runoff_coeff": 0.85, "runoff_coeff_provenance": "ESTIMATED (literature-typical per-class assumption)", "inflow_m3s": 0.00213, "capacity_m3s": 0.13125, "surcharge_m3s": 0.0, "is_sink": false, "role": "headwater inlet", "provenance": "SIMULATED", "rainfall_scenario": "whatif_baseline"}}, {"type": "Feature", "geometry": {"type": "Point", "coordinates": [72.89028389261745, 19.08824832214765]}, "properties": {"node_id": 247, "t_min": 150, "depth_m": 0.0, "depth_category": "0-15cm", "landcover_class": 50, "runoff_coeff": 0.85, "runoff_coeff_provenance": "ESTIMATED (literature-typical per-class assumption)", "inflow_m3s": 0.03188, "capacity_m3s": 0.245, "surcharge_m3s": 0.0, "is_sink": false, "role": "junction", "provenance": "SIMULATED", "rainfall_scenario": "whatif_baseline"}}, {"type": "Feature", "geometry": {"type": "Point", "coordinates": [72.89028389261745, 19.08858389261745]}, "properties": {"node_id": 248, "t_min": 150, "depth_m": 0.0, "depth_category": "0-15cm", "landcover_class": 50, "runoff_coeff": 0.85, "runoff_coeff_provenance": "ESTIMATED (literature-typical per-class assumption)", "inflow_m3s": 0.00213, "capacity_m3s": 0.105, "surcharge_m3s": 0.0, "is_sink": false, "role": "headwater inlet", "provenance": "SIMULATED", "rainfall_scenario": "whatif_baseline"}}, {"type": "Feature", "geometry": {"type": "Point", "coordinates": [72.89464630872483, 19.08858389261745]}, "properties": {"node_id": 249, "t_min": 150, "depth_m": 0.0, "depth_category": "0-15cm", "landcover_class": 50, "runoff_coeff": 0.85, "runoff_coeff_provenance": "ESTIMATED (literature-typical per-class assumption)", "inflow_m3s": 0.02125, "capacity_m3s": 0.11375, "surcharge_m3s": 0.0, "is_sink": false, "role": "junction", "provenance": "SIMULATED", "rainfall_scenario": "whatif_baseline"}}, {"type": "Feature", "geometry": {"type": "Point", "coordinates": [72.89498187919463, 19.088919463087247]}, "properties": {"node_id": 250, "t_min": 150, "depth_m": 0.0, "depth_category": "0-15cm", "landcover_class": 10, "runoff_coeff": 0.15, "runoff_coeff_provenance": "ESTIMATED (literature-typical per-class assumption)", "inflow_m3s": 0.00487, "capacity_m3s": 0.11375, "surcharge_m3s": 0.0, "is_sink": true, "role": "sink / potential surcharge & ponding point", "provenance": "SIMULATED", "rainfall_scenario": "whatif_baseline"}}, {"type": "Feature", "geometry": {"type": "Point", "coordinates": [72.89733087248322, 19.08824832214765]}, "properties": {"node_id": 251, "t_min": 150, "depth_m": 0.0, "depth_category": "0-15cm", "landcover_class": 50, "runoff_coeff": 0.85, "runoff_coeff_provenance": "ESTIMATED (literature-typical per-class assumption)", "inflow_m3s": 0.18275, "capacity_m3s": 0.7525, "surcharge_m3s": 0.0, "is_sink": true, "role": "sink / potential surcharge & ponding point", "provenance": "SIMULATED", "rainfall_scenario": "whatif_baseline"}}, {"type": "Feature", "geometry": {"type": "Point", "coordinates": [72.89766644295301, 19.08858389261745]}, "properties": {"node_id": 252, "t_min": 150, "depth_m": 0.0, "depth_category": "0-15cm", "landcover_class": 10, "runoff_coeff": 0.15, "runoff_coeff_provenance": "ESTIMATED (literature-typical per-class assumption)", "inflow_m3s": 0.01688, "capacity_m3s": 0.42, "surcharge_m3s": 0.0, "is_sink": false, "role": "junction", "provenance": "SIMULATED", "rainfall_scenario": "whatif_baseline"}}, {"type": "Feature", "geometry": {"type": "Point", "coordinates": [72.9013577181208, 19.08824832214765]}, "properties": {"node_id": 253, "t_min": 150, "depth_m": 0.0, "depth_category": "0-15cm", "landcover_class": 50, "runoff_coeff": 0.85, "runoff_coeff_provenance": "ESTIMATED (literature-typical per-class assumption)", "inflow_m3s": 0.02975, "capacity_m3s": 0.16625, "surcharge_m3s": 0.0, "is_sink": false, "role": "junction", "provenance": "SIMULATED", "rainfall_scenario": "whatif_baseline"}}, {"type": "Feature", "geometry": {"type": "Point", "coordinates": [72.89028389261745, 19.08791275167785]}, "properties": {"node_id": 254, "t_min": 150, "depth_m": 0.0, "depth_category": "0-15cm", "landcover_class": 50, "runoff_coeff": 0.85, "runoff_coeff_provenance": "ESTIMATED (literature-typical per-class assumption)", "inflow_m3s": 0.0595, "capacity_m3s": 0.30625, "surcharge_m3s": 0.0, "is_sink": false, "role": "junction", "provenance": "SIMULATED", "rainfall_scenario": "whatif_baseline"}}, {"type": "Feature", "geometry": {"type": "Point", "coordinates": [72.89464630872483, 19.08824832214765]}, "properties": {"node_id": 255, "t_min": 150, "depth_m": 0.0, "depth_category": "0-15cm", "landcover_class": 50, "runoff_coeff": 0.85, "runoff_coeff_provenance": "ESTIMATED (literature-typical per-class assumption)", "inflow_m3s": 0.00213, "capacity_m3s": 0.0875, "surcharge_m3s": 0.0, "is_sink": false, "role": "headwater inlet", "provenance": "SIMULATED", "rainfall_scenario": "whatif_baseline"}}, {"type": "Feature", "geometry": {"type": "Point", "coordinates": [72.901022147651, 19.08824832214765]}, "properties": {"node_id": 256, "t_min": 150, "depth_m": 0.0, "depth_category": "0-15cm", "landcover_class": 50, "runoff_coeff": 0.85, "runoff_coeff_provenance": "ESTIMATED (literature-typical per-class assumption)", "inflow_m3s": 0.04038, "capacity_m3s": 0.1925, "surcharge_m3s": 0.0, "is_sink": false, "role": "junction", "provenance": "SIMULATED", "rainfall_scenario": "whatif_baseline"}}, {"type": "Feature", "geometry": {"type": "Point", "coordinates": [72.901022147651, 19.08791275167785]}, "properties": {"node_id": 257, "t_min": 150, "depth_m": 0.0, "depth_category": "0-15cm", "landcover_class": 50, "runoff_coeff": 0.85, "runoff_coeff_provenance": "ESTIMATED (literature-typical per-class assumption)", "inflow_m3s": 0.04675, "capacity_m3s": 0.1925, "surcharge_m3s": 0.0, "is_sink": true, "role": "sink / potential surcharge & ponding point", "provenance": "SIMULATED", "rainfall_scenario": "whatif_baseline"}}, {"type": "Feature", "geometry": {"type": "Point", "coordinates": [72.88759932885905, 19.08791275167785]}, "properties": {"node_id": 258, "t_min": 150, "depth_m": 0.0, "depth_category": "0-15cm", "landcover_class": 50, "runoff_coeff": 0.85, "runoff_coeff_provenance": "ESTIMATED (literature-typical per-class assumption)", "inflow_m3s": 0.00213, "capacity_m3s": 0.0875, "surcharge_m3s": 0.0, "is_sink": false, "role": "headwater inlet", "provenance": "SIMULATED", "rainfall_scenario": "whatif_baseline"}}, {"type": "Feature", "geometry": {"type": "Point", "coordinates": [72.88759932885905, 19.087577181208054]}, "properties": {"node_id": 259, "t_min": 150, "depth_m": 0.0, "depth_category": "0-15cm", "landcover_class": 50, "runoff_coeff": 0.85, "runoff_coeff_provenance": "ESTIMATED (literature-typical per-class assumption)", "inflow_m3s": 0.0255, "capacity_m3s": 0.105, "surcharge_m3s": 0.0, "is_sink": true, "role": "sink / potential surcharge & ponding point", "provenance": "SIMULATED", "rainfall_scenario": "whatif_baseline"}}, {"type": "Feature", "geometry": {"type": "Point", "coordinates": [72.89028389261745, 19.087577181208054]}, "properties": {"node_id": 260, "t_min": 150, "depth_m": 0.0, "depth_category": "0-15cm", "landcover_class": 50, "runoff_coeff": 0.85, "runoff_coeff_provenance": "ESTIMATED (literature-typical per-class assumption)", "inflow_m3s": 0.07438, "capacity_m3s": 0.32375, "surcharge_m3s": 0.0, "is_sink": false, "role": "junction", "provenance": "SIMULATED", "rainfall_scenario": "whatif_baseline"}}, {"type": "Feature", "geometry": {"type": "Point", "coordinates": [72.9027, 19.08791275167785]}, "properties": {"node_id": 261, "t_min": 150, "depth_m": 0.0, "depth_category": "0-15cm", "landcover_class": 50, "runoff_coeff": 0.85, "runoff_coeff_provenance": "ESTIMATED (literature-typical per-class assumption)", "inflow_m3s": 0.00213, "capacity_m3s": 0.0875, "surcharge_m3s": 0.0, "is_sink": false, "role": "headwater inlet", "provenance": "SIMULATED", "rainfall_scenario": "whatif_baseline"}}, {"type": "Feature", "geometry": {"type": "Point", "coordinates": [72.9027, 19.087577181208054]}, "properties": {"node_id": 262, "t_min": 150, "depth_m": 0.0, "depth_category": "0-15cm", "landcover_class": 50, "runoff_coeff": 0.85, "runoff_coeff_provenance": "ESTIMATED (literature-typical per-class assumption)", "inflow_m3s": 0.02125, "capacity_m3s": 0.09625, "surcharge_m3s": 0.0, "is_sink": false, "role": "junction", "provenance": "SIMULATED", "rainfall_scenario": "whatif_baseline"}}, {"type": "Feature", "geometry": {"type": "Point", "coordinates": [72.89061946308725, 19.087241610738253]}, "properties": {"node_id": 263, "t_min": 150, "depth_m": 0.0, "depth_category": "0-15cm", "landcover_class": 50, "runoff_coeff": 0.85, "runoff_coeff_provenance": "ESTIMATED (literature-typical per-class assumption)", "inflow_m3s": 0.07863, "capacity_m3s": 0.41125, "surcharge_m3s": 0.0, "is_sink": false, "role": "junction", "provenance": "SIMULATED", "rainfall_scenario": "whatif_baseline"}}, {"type": "Feature", "geometry": {"type": "Point", "coordinates": [72.89431073825503, 19.087577181208054]}, "properties": {"node_id": 264, "t_min": 150, "depth_m": 0.0, "depth_category": "0-15cm", "landcover_class": 50, "runoff_coeff": 0.85, "runoff_coeff_provenance": "ESTIMATED (literature-typical per-class assumption)", "inflow_m3s": 0.00213, "capacity_m3s": 0.09625, "surcharge_m3s": 0.0, "is_sink": false, "role": "headwater inlet", "provenance": "SIMULATED", "rainfall_scenario": "whatif_baseline"}}, {"type": "Feature", "geometry": {"type": "Point", "coordinates": [72.89431073825503, 19.087241610738253]}, "properties": {"node_id": 265, "t_min": 150, "depth_m": 0.0, "depth_category": "0-15cm", "landcover_class": 50, "runoff_coeff": 0.85, "runoff_coeff_provenance": "ESTIMATED (literature-typical per-class assumption)", "inflow_m3s": 0.02337, "capacity_m3s": 0.14875, "surcharge_m3s": 0.0, "is_sink": false, "role": "junction", "provenance": "SIMULATED", "rainfall_scenario": "whatif_baseline"}}, {"type": "Feature", "geometry": {"type": "Point", "coordinates": [72.9027, 19.087241610738253]}, "properties": {"node_id": 266, "t_min": 150, "depth_m": 0.0, "depth_category": "0-15cm", "landcover_class": 10, "runoff_coeff": 0.15, "runoff_coeff_provenance": "ESTIMATED (literature-typical per-class assumption)", "inflow_m3s": 0.00413, "capacity_m3s": 0.105, "surcharge_m3s": 0.0, "is_sink": false, "role": "junction", "provenance": "SIMULATED", "rainfall_scenario": "whatif_baseline"}}, {"type": "Feature", "geometry": {"type": "Point", "coordinates": [72.88793489932885, 19.087241610738253]}, "properties": {"node_id": 267, "t_min": 150, "depth_m": 0.0, "depth_category": "0-15cm", "landcover_class": 50, "runoff_coeff": 0.85, "runoff_coeff_provenance": "ESTIMATED (literature-typical per-class assumption)", "inflow_m3s": 0.00213, "capacity_m3s": 0.105, "surcharge_m3s": 0.0, "is_sink": false, "role": "headwater inlet", "provenance": "SIMULATED", "rainfall_scenario": "whatif_baseline"}}, {"type": "Feature", "geometry": {"type": "Point", "coordinates": [72.89095503355705, 19.086906040268456]}, "properties": {"node_id": 268, "t_min": 150, "depth_m": 0.0, "depth_category": "0-15cm", "landcover_class": 10, "runoff_coeff": 0.15, "runoff_coeff_provenance": "ESTIMATED (literature-typical per-class assumption)", "inflow_m3s": 0.01763, "capacity_m3s": 0.5075, "surcharge_m3s": 0.0, "is_sink": false, "role": "junction", "provenance": "SIMULATED", "rainfall_scenario": "whatif_baseline"}}, {"type": "Feature", "geometry": {"type": "Point", "coordinates": [72.89464630872483, 19.086906040268456]}, "properties": {"node_id": 269, "t_min": 150, "depth_m": 0.0, "depth_category": "0-15cm", "landcover_class": 50, "runoff_coeff": 0.85, "runoff_coeff_provenance": "ESTIMATED (literature-typical per-class assumption)", "inflow_m3s": 0.03613, "capacity_m3s": 0.1575, "surcharge_m3s": 0.0, "is_sink": false, "role": "junction", "provenance": "SIMULATED", "rainfall_scenario": "whatif_baseline"}}, {"type": "Feature", "geometry": {"type": "Point", "coordinates": [72.9027, 19.086906040268456]}, "properties": {"node_id": 270, "t_min": 150, "depth_m": 0.0, "depth_category": "0-15cm", "landcover_class": 50, "runoff_coeff": 0.85, "runoff_coeff_provenance": "ESTIMATED (literature-typical per-class assumption)", "inflow_m3s": 0.0255, "capacity_m3s": 0.105, "surcharge_m3s": 0.0, "is_sink": true, "role": "sink / potential surcharge & ponding point", "provenance": "SIMULATED", "rainfall_scenario": "whatif_baseline"}}, {"type": "Feature", "geometry": {"type": "Point", "coordinates": [72.89095503355705, 19.086570469798655]}, "properties": {"node_id": 271, "t_min": 150, "depth_m": 0.0, "depth_category": "0-15cm", "landcover_class": 30, "runoff_coeff": 0.25, "runoff_coeff_provenance": "ESTIMATED (literature-typical per-class assumption)", "inflow_m3s": 0.03625, "capacity_m3s": 0.51625, "surcharge_m3s": 0.0, "is_sink": false, "role": "junction", "provenance": "SIMULATED", "rainfall_scenario": "whatif_baseline"}}, {"type": "Feature", "geometry": {"type": "Point", "coordinates": [72.89498187919463, 19.086906040268456]}, "properties": {"node_id": 272, "t_min": 150, "depth_m": 0.0, "depth_category": "0-15cm", "landcover_class": 10, "runoff_coeff": 0.15, "runoff_coeff_provenance": "ESTIMATED (literature-typical per-class assumption)", "inflow_m3s": 0.00675, "capacity_m3s": 0.175, "surcharge_m3s": 0.0, "is_sink": false, "role": "junction", "provenance": "SIMULATED", "rainfall_scenario": "whatif_baseline"}}, {"type": "Feature", "geometry": {"type": "Point", "coordinates": [72.89531744966443, 19.086570469798655]}, "properties": {"node_id": 273, "t_min": 150, "depth_m": 0.0, "depth_category": "0-15cm", "landcover_class": 50, "runoff_coeff": 0.85, "runoff_coeff_provenance": "ESTIMATED (literature-typical per-class assumption)", "inflow_m3s": 0.0425, "capacity_m3s": 0.2275, "surcharge_m3s": 0.0, "is_sink": false, "role": "junction", "provenance": "SIMULATED", "rainfall_scenario": "whatif_baseline"}}, {"type": "Feature", "geometry": {"type": "Point", "coordinates": [72.89095503355705, 19.086234899328858]}, "properties": {"node_id": 274, "t_min": 150, "depth_m": 0.0, "depth_category": "0-15cm", "landcover_class": 50, "runoff_coeff": 0.85, "runoff_coeff_provenance": "ESTIMATED (literature-typical per-class assumption)", "inflow_m3s": 0.12538, "capacity_m3s": 0.51625, "surcharge_m3s": 0.0, "is_sink": true, "role": "sink / potential surcharge & ponding point", "provenance": "SIMULATED", "rainfall_scenario": "whatif_baseline"}}, {"type": "Feature", "geometry": {"type": "Point", "coordinates": [72.89129060402684, 19.086570469798655]}, "properties": {"node_id": 275, "t_min": 150, "depth_m": 0.0, "depth_category": "0-15cm", "landcover_class": 30, "runoff_coeff": 0.25, "runoff_coeff_provenance": "ESTIMATED (literature-typical per-class assumption)", "inflow_m3s": 0.00063, "capacity_m3s": 0.09625, "surcharge_m3s": 0.0, "is_sink": false, "role": "headwater inlet", "provenance": "SIMULATED", "rainfall_scenario": "whatif_baseline"}}, {"type": "Feature", "geometry": {"type": "Point", "coordinates": [72.89129060402684, 19.086234899328858]}, "properties": {"node_id": 276, "t_min": 150, "depth_m": 0.0, "depth_category": "0-15cm", "landcover_class": 50, "runoff_coeff": 0.85, "runoff_coeff_provenance": "ESTIMATED (literature-typical per-class assumption)", "inflow_m3s": 0.02337, "capacity_m3s": 0.09625, "surcharge_m3s": 0.0, "is_sink": true, "role": "sink / potential surcharge & ponding point", "provenance": "SIMULATED", "rainfall_scenario": "whatif_baseline"}}, {"type": "Feature", "geometry": {"type": "Point", "coordinates": [72.89531744966443, 19.086234899328858]}, "properties": {"node_id": 277, "t_min": 150, "depth_m": 0.0, "depth_category": "0-15cm", "landcover_class": 50, "runoff_coeff": 0.85, "runoff_coeff_provenance": "ESTIMATED (literature-typical per-class assumption)", "inflow_m3s": 0.05525, "capacity_m3s": 0.245, "surcharge_m3s": 0.0, "is_sink": false, "role": "junction", "provenance": "SIMULATED", "rainfall_scenario": "whatif_baseline"}}, {"type": "Feature", "geometry": {"type": "Point", "coordinates": [72.85941140939597, 19.086234899328858]}, "properties": {"node_id": 278, "t_min": 150, "depth_m": 0.0, "depth_category": "0-15cm", "landcover_class": 50, "runoff_coeff": 0.85, "runoff_coeff_provenance": "ESTIMATED (literature-typical per-class assumption)", "inflow_m3s": 0.02337, "capacity_m3s": 0.11375, "surcharge_m3s": 0.0, "is_sink": false, "role": "junction", "provenance": "SIMULATED", "rainfall_scenario": "whatif_baseline"}}, {"type": "Feature", "geometry": {"type": "Point", "coordinates": [72.85907583892617, 19.086570469798655]}, "properties": {"node_id": 279, "t_min": 150, "depth_m": 0.0, "depth_category": "0-15cm", "landcover_class": 30, "runoff_coeff": 0.25, "runoff_coeff_provenance": "ESTIMATED (literature-typical per-class assumption)", "inflow_m3s": 0.00813, "capacity_m3s": 0.11375, "surcharge_m3s": 0.0, "is_sink": true, "role": "sink / potential surcharge & ponding point", "provenance": "SIMULATED", "rainfall_scenario": "whatif_baseline"}}, {"type": "Feature", "geometry": {"type": "Point", "coordinates": [72.89531744966443, 19.08589932885906]}, "properties": {"node_id": 280, "t_min": 150, "depth_m": 0.0, "depth_category": "0-15cm", "landcover_class": 50, "runoff_coeff": 0.85, "runoff_coeff_provenance": "ESTIMATED (literature-typical per-class assumption)", "inflow_m3s": 0.0595, "capacity_m3s": 0.245, "surcharge_m3s": 0.0, "is_sink": true, "role": "sink / potential surcharge & ponding point", "provenance": "SIMULATED", "rainfall_scenario": "whatif_baseline"}}, {"type": "Feature", "geometry": {"type": "Point", "coordinates": [72.85974697986578, 19.08589932885906]}, "properties": {"node_id": 281, "t_min": 150, "depth_m": 0.0, "depth_category": "0-15cm", "landcover_class": 50, "runoff_coeff": 0.85, "runoff_coeff_provenance": "ESTIMATED (literature-typical per-class assumption)", "inflow_m3s": 0.00213, "capacity_m3s": 0.09625, "surcharge_m3s": 0.0, "is_sink": false, "role": "headwater inlet", "provenance": "SIMULATED", "rainfall_scenario": "whatif_baseline"}}, {"type": "Feature", "geometry": {"type": "Point", "coordinates": [72.89363959731543, 19.08556375838926]}, "properties": {"node_id": 282, "t_min": 150, "depth_m": 0.0, "depth_category": "0-15cm", "landcover_class": 50, "runoff_coeff": 0.85, "runoff_coeff_provenance": "ESTIMATED (literature-typical per-class assumption)", "inflow_m3s": 0.00213, "capacity_m3s": 0.0875, "surcharge_m3s": 0.0, "is_sink": false, "role": "headwater inlet", "provenance": "SIMULATED", "rainfall_scenario": "whatif_baseline"}}, {"type": "Feature", "geometry": {"type": "Point", "coordinates": [72.89363959731543, 19.085228187919462]}, "properties": {"node_id": 283, "t_min": 150, "depth_m": 0.0, "depth_category": "0-15cm", "landcover_class": 10, "runoff_coeff": 0.15, "runoff_coeff_provenance": "ESTIMATED (literature-typical per-class assumption)", "inflow_m3s": 0.00375, "capacity_m3s": 0.0875, "surcharge_m3s": 0.0, "is_sink": true, "role": "sink / potential surcharge & ponding point", "provenance": "SIMULATED", "rainfall_scenario": "whatif_baseline"}}, {"type": "Feature", "geometry": {"type": "Point", "coordinates": [72.89431073825503, 19.08556375838926]}, "properties": {"node_id": 284, "t_min": 150, "depth_m": 0.0, "depth_category": "0-15cm", "landcover_class": 50, "runoff_coeff": 0.85, "runoff_coeff_provenance": "ESTIMATED (literature-typical per-class assumption)", "inflow_m3s": 0.00213, "capacity_m3s": 0.09625, "surcharge_m3s": 0.0, "is_sink": false, "role": "headwater inlet", "provenance": "SIMULATED", "rainfall_scenario": "whatif_baseline"}}, {"type": "Feature", "geometry": {"type": "Point", "coordinates": [72.89397516778523, 19.085228187919462]}, "properties": {"node_id": 285, "t_min": 150, "depth_m": 0.0, "depth_category": "0-15cm", "landcover_class": 10, "runoff_coeff": 0.15, "runoff_coeff_provenance": "ESTIMATED (literature-typical per-class assumption)", "inflow_m3s": 0.00413, "capacity_m3s": 0.09625, "surcharge_m3s": 0.0, "is_sink": true, "role": "sink / potential surcharge & ponding point", "provenance": "SIMULATED", "rainfall_scenario": "whatif_baseline"}}, {"type": "Feature", "geometry": {"type": "Point", "coordinates": [72.85572013422819, 19.085228187919462]}, "properties": {"node_id": 286, "t_min": 150, "depth_m": 0.0, "depth_category": "0-15cm", "landcover_class": 50, "runoff_coeff": 0.85, "runoff_coeff_provenance": "ESTIMATED (literature-typical per-class assumption)", "inflow_m3s": 0.03188, "capacity_m3s": 0.1575, "surcharge_m3s": 0.0, "is_sink": false, "role": "junction", "provenance": "SIMULATED", "rainfall_scenario": "whatif_baseline"}}, {"type": "Feature", "geometry": {"type": "Point", "coordinates": [72.85605570469798, 19.085228187919462]}, "properties": {"node_id": 287, "t_min": 150, "depth_m": 0.0, "depth_category": "0-15cm", "landcover_class": 50, "runoff_coeff": 0.85, "runoff_coeff_provenance": "ESTIMATED (literature-typical per-class assumption)", "inflow_m3s": 0.03825, "capacity_m3s": 0.21875, "surcharge_m3s": 0.0, "is_sink": false, "role": "junction", "provenance": "SIMULATED", "rainfall_scenario": "whatif_baseline"}}, {"type": "Feature", "geometry": {"type": "Point", "coordinates": [72.85605570469798, 19.08556375838926]}, "properties": {"node_id": 288, "t_min": 150, "depth_m": 0.0, "depth_category": "0-15cm", "landcover_class": 50, "runoff_coeff": 0.85, "runoff_coeff_provenance": "ESTIMATED (literature-typical per-class assumption)", "inflow_m3s": 0.05312, "capacity_m3s": 0.21875, "surcharge_m3s": 0.0, "is_sink": true, "role": "sink / potential surcharge & ponding point", "provenance": "SIMULATED", "rainfall_scenario": "whatif_baseline"}}, {"type": "Feature", "geometry": {"type": "Point", "coordinates": [72.87887449664429, 19.085228187919462]}, "properties": {"node_id": 289, "t_min": 150, "depth_m": 0.0, "depth_category": "0-15cm", "landcover_class": 80, "runoff_coeff": 1.0, "runoff_coeff_provenance": "ESTIMATED (literature-typical per-class assumption)", "inflow_m3s": 0.0025, "capacity_m3s": 0.09625, "surcharge_m3s": 0.0, "is_sink": false, "role": "headwater inlet", "provenance": "SIMULATED", "rainfall_scenario": "whatif_baseline"}}, {"type": "Feature", "geometry": {"type": "Point", "coordinates": [72.87887449664429, 19.08556375838926]}, "properties": {"node_id": 290, "t_min": 150, "depth_m": 0.0, "depth_category": "0-15cm", "landcover_class": 80, "runoff_coeff": 1.0, "runoff_coeff_provenance": "ESTIMATED (literature-typical per-class assumption)", "inflow_m3s": 0.0275, "capacity_m3s": 0.09625, "surcharge_m3s": 0.0, "is_sink": true, "role": "sink / potential surcharge & ponding point", "provenance": "SIMULATED", "rainfall_scenario": "whatif_baseline"}}, {"type": "Feature", "geometry": {"type": "Point", "coordinates": [72.85538456375839, 19.084892617449665]}, "properties": {"node_id": 291, "t_min": 150, "depth_m": 0.0, "depth_category": "0-15cm", "landcover_class": 50, "runoff_coeff": 0.85, "runoff_coeff_provenance": "ESTIMATED (literature-typical per-class assumption)", "inflow_m3s": 0.02337, "capacity_m3s": 0.13125, "surcharge_m3s": 0.0, "is_sink": false, "role": "junction", "provenance": "SIMULATED", "rainfall_scenario": "whatif_baseline"}}, {"type": "Feature", "geometry": {"type": "Point", "coordinates": [72.89296845637584, 19.084892617449665]}, "properties": {"node_id": 292, "t_min": 150, "depth_m": 0.0, "depth_category": "0-15cm", "landcover_class": 50, "runoff_coeff": 0.85, "runoff_coeff_provenance": "ESTIMATED (literature-typical per-class assumption)", "inflow_m3s": 0.00213, "capacity_m3s": 0.1225, "surcharge_m3s": 0.0, "is_sink": false, "role": "headwater inlet", "provenance": "SIMULATED", "rainfall_scenario": "whatif_baseline"}}, {"type": "Feature", "geometry": {"type": "Point", "coordinates": [72.89263288590604, 19.084557046979864]}, "properties": {"node_id": 293, "t_min": 150, "depth_m": 0.0, "depth_category": "0-15cm", "landcover_class": 50, "runoff_coeff": 0.85, "runoff_coeff_provenance": "ESTIMATED (literature-typical per-class assumption)", "inflow_m3s": 0.02975, "capacity_m3s": 0.1225, "surcharge_m3s": 0.0, "is_sink": true, "role": "sink / potential surcharge & ponding point", "provenance": "SIMULATED", "rainfall_scenario": "whatif_baseline"}}, {"type": "Feature", "geometry": {"type": "Point", "coordinates": [72.85504899328859, 19.084557046979864]}, "properties": {"node_id": 294, "t_min": 150, "depth_m": 0.0, "depth_category": "0-15cm", "landcover_class": 50, "runoff_coeff": 0.85, "runoff_coeff_provenance": "ESTIMATED (literature-typical per-class assumption)", "inflow_m3s": 0.00213, "capacity_m3s": 0.09625, "surcharge_m3s": 0.0, "is_sink": false, "role": "headwater inlet", "provenance": "SIMULATED", "rainfall_scenario": "whatif_baseline"}}, {"type": "Feature", "geometry": {"type": "Point", "coordinates": [72.85907583892617, 19.083550335570468]}, "properties": {"node_id": 295, "t_min": 150, "depth_m": 0.0, "depth_category": "0-15cm", "landcover_class": 10, "runoff_coeff": 0.15, "runoff_coeff_provenance": "ESTIMATED (literature-typical per-class assumption)", "inflow_m3s": 0.00038, "capacity_m3s": 0.0875, "surcharge_m3s": 0.0, "is_sink": false, "role": "headwater inlet", "provenance": "SIMULATED", "rainfall_scenario": "whatif_baseline"}}, {"type": "Feature", "geometry": {"type": "Point", "coordinates": [72.85907583892617, 19.08388590604027]}, "properties": {"node_id": 296, "t_min": 150, "depth_m": 0.0, "depth_category": "0-15cm", "landcover_class": 10, "runoff_coeff": 0.15, "runoff_coeff_provenance": "ESTIMATED (literature-typical per-class assumption)", "inflow_m3s": 0.00375, "capacity_m3s": 0.0875, "surcharge_m3s": 0.0, "is_sink": true, "role": "sink / potential surcharge & ponding point", "provenance": "SIMULATED", "rainfall_scenario": "whatif_baseline"}}, {"type": "Feature", "geometry": {"type": "Point", "coordinates": [72.86142483221477, 19.082543624161072]}, "properties": {"node_id": 297, "t_min": 150, "depth_m": 0.0, "depth_category": "0-15cm", "landcover_class": 50, "runoff_coeff": 0.85, "runoff_coeff_provenance": "ESTIMATED (literature-typical per-class assumption)", "inflow_m3s": 0.03825, "capacity_m3s": 0.1925, "surcharge_m3s": 0.0, "is_sink": false, "role": "junction", "provenance": "SIMULATED", "rainfall_scenario": "whatif_baseline"}}, {"type": "Feature", "geometry": {"type": "Point", "coordinates": [72.86142483221477, 19.08287919463087]}, "properties": {"node_id": 298, "t_min": 150, "depth_m": 0.0, "depth_category": "0-15cm", "landcover_class": 10, "runoff_coeff": 0.15, "runoff_coeff_provenance": "ESTIMATED (literature-typical per-class assumption)", "inflow_m3s": 0.00825, "capacity_m3s": 0.1925, "surcharge_m3s": 0.0, "is_sink": true, "role": "sink / potential surcharge & ponding point", "provenance": "SIMULATED", "rainfall_scenario": "whatif_baseline"}}, {"type": "Feature", "geometry": {"type": "Point", "coordinates": [72.85874026845637, 19.082208053691275]}, "properties": {"node_id": 299, "t_min": 150, "depth_m": 0.0, "depth_category": "0-15cm", "landcover_class": 50, "runoff_coeff": 0.85, "runoff_coeff_provenance": "ESTIMATED (literature-typical per-class assumption)", "inflow_m3s": 0.00213, "capacity_m3s": 0.0875, "surcharge_m3s": 0.0, "is_sink": false, "role": "headwater inlet", "provenance": "SIMULATED", "rainfall_scenario": "whatif_baseline"}}, {"type": "Feature", "geometry": {"type": "Point", "coordinates": [72.85874026845637, 19.081872483221474]}, "properties": {"node_id": 300, "t_min": 150, "depth_m": 0.0, "depth_category": "0-15cm", "landcover_class": 50, "runoff_coeff": 0.85, "runoff_coeff_provenance": "ESTIMATED (literature-typical per-class assumption)", "inflow_m3s": 0.02125, "capacity_m3s": 0.0875, "surcharge_m3s": 0.0, "is_sink": true, "role": "sink / potential surcharge & ponding point", "provenance": "SIMULATED", "rainfall_scenario": "whatif_baseline"}}, {"type": "Feature", "geometry": {"type": "Point", "coordinates": [72.86142483221477, 19.082208053691275]}, "properties": {"node_id": 301, "t_min": 150, "depth_m": 0.0, "depth_category": "0-15cm", "landcover_class": 50, "runoff_coeff": 0.85, "runoff_coeff_provenance": "ESTIMATED (literature-typical per-class assumption)", "inflow_m3s": 0.02763, "capacity_m3s": 0.1575, "surcharge_m3s": 0.0, "is_sink": false, "role": "junction", "provenance": "SIMULATED", "rainfall_scenario": "whatif_baseline"}}, {"type": "Feature", "geometry": {"type": "Point", "coordinates": [72.86142483221477, 19.081872483221474]}, "properties": {"node_id": 302, "t_min": 150, "depth_m": 0.0, "depth_category": "0-15cm", "landcover_class": 50, "runoff_coeff": 0.85, "runoff_coeff_provenance": "ESTIMATED (literature-typical per-class assumption)", "inflow_m3s": 0.00213, "capacity_m3s": 0.11375, "surcharge_m3s": 0.0, "is_sink": false, "role": "headwater inlet", "provenance": "SIMULATED", "rainfall_scenario": "whatif_baseline"}}, {"type": "Feature", "geometry": {"type": "Point", "coordinates": [72.85907583892617, 19.08120134228188]}, "properties": {"node_id": 303, "t_min": 150, "depth_m": 0.0, "depth_category": "0-15cm", "landcover_class": 10, "runoff_coeff": 0.15, "runoff_coeff_provenance": "ESTIMATED (literature-typical per-class assumption)", "inflow_m3s": 0.00038, "capacity_m3s": 0.105, "surcharge_m3s": 0.0, "is_sink": false, "role": "headwater inlet", "provenance": "SIMULATED", "rainfall_scenario": "whatif_baseline"}}, {"type": "Feature", "geometry": {"type": "Point", "coordinates": [72.85874026845637, 19.081536912751677]}, "properties": {"node_id": 304, "t_min": 150, "depth_m": 0.0, "depth_category": "0-15cm", "landcover_class": 10, "runoff_coeff": 0.15, "runoff_coeff_provenance": "ESTIMATED (literature-typical per-class assumption)", "inflow_m3s": 0.0045, "capacity_m3s": 0.105, "surcharge_m3s": 0.0, "is_sink": true, "role": "sink / potential surcharge & ponding point", "provenance": "SIMULATED", "rainfall_scenario": "whatif_baseline"}}, {"type": "Feature", "geometry": {"type": "Point", "coordinates": [72.9003510067114, 19.08120134228188]}, "properties": {"node_id": 305, "t_min": 150, "depth_m": 0.0, "depth_category": "0-15cm", "landcover_class": 50, "runoff_coeff": 0.85, "runoff_coeff_provenance": "ESTIMATED (literature-typical per-class assumption)", "inflow_m3s": 0.00213, "capacity_m3s": 0.0875, "surcharge_m3s": 0.0, "is_sink": false, "role": "headwater inlet", "provenance": "SIMULATED", "rainfall_scenario": "whatif_baseline"}}, {"type": "Feature", "geometry": {"type": "Point", "coordinates": [72.9000154362416, 19.08120134228188]}, "properties": {"node_id": 306, "t_min": 150, "depth_m": 0.0, "depth_category": "0-15cm", "landcover_class": 50, "runoff_coeff": 0.85, "runoff_coeff_provenance": "ESTIMATED (literature-typical per-class assumption)", "inflow_m3s": 0.02125, "capacity_m3s": 0.0875, "surcharge_m3s": 0.0, "is_sink": true, "role": "sink / potential surcharge & ponding point", "provenance": "SIMULATED", "rainfall_scenario": "whatif_baseline"}}, {"type": "Feature", "geometry": {"type": "Point", "coordinates": [72.89934429530201, 19.08086577181208]}, "properties": {"node_id": 307, "t_min": 150, "depth_m": 0.0, "depth_category": "0-15cm", "landcover_class": 50, "runoff_coeff": 0.85, "runoff_coeff_provenance": "ESTIMATED (literature-typical per-class assumption)", "inflow_m3s": 0.00213, "capacity_m3s": 0.14, "surcharge_m3s": 0.0, "is_sink": false, "role": "headwater inlet", "provenance": "SIMULATED", "rainfall_scenario": "whatif_baseline"}}, {"type": "Feature", "geometry": {"type": "Point", "coordinates": [72.89900872483221, 19.08053020134228]}, "properties": {"node_id": 308, "t_min": 150, "depth_m": 0.0, "depth_category": "0-15cm", "landcover_class": 50, "runoff_coeff": 0.85, "runoff_coeff_provenance": "ESTIMATED (literature-typical per-class assumption)", "inflow_m3s": 0.034, "capacity_m3s": 0.14, "surcharge_m3s": 0.0, "is_sink": true, "role": "sink / potential surcharge & ponding point", "provenance": "SIMULATED", "rainfall_scenario": "whatif_baseline"}}, {"type": "Feature", "geometry": {"type": "Point", "coordinates": [72.89766644295301, 19.08053020134228]}, "properties": {"node_id": 309, "t_min": 150, "depth_m": 0.0, "depth_category": "0-15cm", "landcover_class": 10, "runoff_coeff": 0.15, "runoff_coeff_provenance": "ESTIMATED (literature-typical per-class assumption)", "inflow_m3s": 0.00038, "capacity_m3s": 0.09625, "surcharge_m3s": 0.0, "is_sink": false, "role": "headwater inlet", "provenance": "SIMULATED", "rainfall_scenario": "whatif_baseline"}}, {"type": "Feature", "geometry": {"type": "Point", "coordinates": [72.89766644295301, 19.080194630872484]}, "properties": {"node_id": 310, "t_min": 150, "depth_m": 0.0, "depth_category": "0-15cm", "landcover_class": 50, "runoff_coeff": 0.85, "runoff_coeff_provenance": "ESTIMATED (literature-typical per-class assumption)", "inflow_m3s": 0.02337, "capacity_m3s": 0.09625, "surcharge_m3s": 0.0, "is_sink": true, "role": "sink / potential surcharge & ponding point", "provenance": "SIMULATED", "rainfall_scenario": "whatif_baseline"}}, {"type": "Feature", "geometry": {"type": "Point", "coordinates": [72.86142483221477, 19.080194630872484]}, "properties": {"node_id": 311, "t_min": 150, "depth_m": 0.0, "depth_category": "0-15cm", "landcover_class": 30, "runoff_coeff": 0.25, "runoff_coeff_provenance": "ESTIMATED (literature-typical per-class assumption)", "inflow_m3s": 0.00063, "capacity_m3s": 0.1225, "surcharge_m3s": 0.0, "is_sink": false, "role": "headwater inlet", "provenance": "SIMULATED", "rainfall_scenario": "whatif_baseline"}}, {"type": "Feature", "geometry": {"type": "Point", "coordinates": [72.86142483221477, 19.08053020134228]}, "properties": {"node_id": 312, "t_min": 150, "depth_m": 0.0, "depth_category": "0-15cm", "landcover_class": 30, "runoff_coeff": 0.25, "runoff_coeff_provenance": "ESTIMATED (literature-typical per-class assumption)", "inflow_m3s": 0.00875, "capacity_m3s": 0.1225, "surcharge_m3s": 0.0, "is_sink": true, "role": "sink / potential surcharge & ponding point", "provenance": "SIMULATED", "rainfall_scenario": "whatif_baseline"}}, {"type": "Feature", "geometry": {"type": "Point", "coordinates": [72.85907583892617, 19.079859060402683]}, "properties": {"node_id": 313, "t_min": 150, "depth_m": 0.0, "depth_category": "0-15cm", "landcover_class": 50, "runoff_coeff": 0.85, "runoff_coeff_provenance": "ESTIMATED (literature-typical per-class assumption)", "inflow_m3s": 0.00213, "capacity_m3s": 0.0875, "surcharge_m3s": 0.0, "is_sink": false, "role": "headwater inlet", "provenance": "SIMULATED", "rainfall_scenario": "whatif_baseline"}}, {"type": "Feature", "geometry": {"type": "Point", "coordinates": [72.85907583892617, 19.079523489932885]}, "properties": {"node_id": 314, "t_min": 150, "depth_m": 0.0, "depth_category": "0-15cm", "landcover_class": 50, "runoff_coeff": 0.85, "runoff_coeff_provenance": "ESTIMATED (literature-typical per-class assumption)", "inflow_m3s": 0.02125, "capacity_m3s": 0.0875, "surcharge_m3s": 0.0, "is_sink": true, "role": "sink / potential surcharge & ponding point", "provenance": "SIMULATED", "rainfall_scenario": "whatif_baseline"}}, {"type": "Feature", "geometry": {"type": "Point", "coordinates": [72.86377382550336, 19.079859060402683]}, "properties": {"node_id": 315, "t_min": 150, "depth_m": 0.0, "depth_category": "0-15cm", "landcover_class": 50, "runoff_coeff": 0.85, "runoff_coeff_provenance": "ESTIMATED (literature-typical per-class assumption)", "inflow_m3s": 0.02337, "capacity_m3s": 0.175, "surcharge_m3s": 0.0, "is_sink": false, "role": "junction", "provenance": "SIMULATED", "rainfall_scenario": "whatif_baseline"}}, {"type": "Feature", "geometry": {"type": "Point", "coordinates": [72.86410939597316, 19.079859060402683]}, "properties": {"node_id": 316, "t_min": 150, "depth_m": 0.0, "depth_category": "0-15cm", "landcover_class": 50, "runoff_coeff": 0.85, "runoff_coeff_provenance": "ESTIMATED (literature-typical per-class assumption)", "inflow_m3s": 0.0425, "capacity_m3s": 0.175, "surcharge_m3s": 0.0, "is_sink": true, "role": "sink / potential surcharge & ponding point", "provenance": "SIMULATED", "rainfall_scenario": "whatif_baseline"}}, {"type": "Feature", "geometry": {"type": "Point", "coordinates": [72.86343825503356, 19.079523489932885]}, "properties": {"node_id": 317, "t_min": 150, "depth_m": 0.0, "depth_category": "0-15cm", "landcover_class": 50, "runoff_coeff": 0.85, "runoff_coeff_provenance": "ESTIMATED (literature-typical per-class assumption)", "inflow_m3s": 0.00213, "capacity_m3s": 0.09625, "surcharge_m3s": 0.0, "is_sink": false, "role": "headwater inlet", "provenance": "SIMULATED", "rainfall_scenario": "whatif_baseline"}}, {"type": "Feature", "geometry": {"type": "Point", "coordinates": [72.86108926174497, 19.07851677852349]}, "properties": {"node_id": 318, "t_min": 150, "depth_m": 0.0, "depth_category": "0-15cm", "landcover_class": 10, "runoff_coeff": 0.15, "runoff_coeff_provenance": "ESTIMATED (literature-typical per-class assumption)", "inflow_m3s": 0.00038, "capacity_m3s": 0.0875, "surcharge_m3s": 0.0, "is_sink": false, "role": "headwater inlet", "provenance": "SIMULATED", "rainfall_scenario": "whatif_baseline"}}, {"type": "Feature", "geometry": {"type": "Point", "coordinates": [72.86108926174497, 19.07818120805369]}, "properties": {"node_id": 319, "t_min": 150, "depth_m": 0.0, "depth_category": "0-15cm", "landcover_class": 50, "runoff_coeff": 0.85, "runoff_coeff_provenance": "ESTIMATED (literature-typical per-class assumption)", "inflow_m3s": 0.02125, "capacity_m3s": 0.0875, "surcharge_m3s": 0.0, "is_sink": true, "role": "sink / potential surcharge & ponding point", "provenance": "SIMULATED", "rainfall_scenario": "whatif_baseline"}}, {"type": "Feature", "geometry": {"type": "Point", "coordinates": [72.87182751677852, 19.07818120805369]}, "properties": {"node_id": 320, "t_min": 150, "depth_m": 0.0, "depth_category": "0-15cm", "landcover_class": 50, "runoff_coeff": 0.85, "runoff_coeff_provenance": "ESTIMATED (literature-typical per-class assumption)", "inflow_m3s": 0.00213, "capacity_m3s": 0.09625, "surcharge_m3s": 0.0, "is_sink": false, "role": "headwater inlet", "provenance": "SIMULATED", "rainfall_scenario": "whatif_baseline"}}, {"type": "Feature", "geometry": {"type": "Point", "coordinates": [72.87149194630872, 19.07784563758389]}, "properties": {"node_id": 321, "t_min": 150, "depth_m": 0.0, "depth_category": "0-15cm", "landcover_class": 50, "runoff_coeff": 0.85, "runoff_coeff_provenance": "ESTIMATED (literature-typical per-class assumption)", "inflow_m3s": 0.02337, "capacity_m3s": 0.09625, "surcharge_m3s": 0.0, "is_sink": true, "role": "sink / potential surcharge & ponding point", "provenance": "SIMULATED", "rainfall_scenario": "whatif_baseline"}}, {"type": "Feature", "geometry": {"type": "Point", "coordinates": [72.85672684563758, 19.077174496644293]}, "properties": {"node_id": 322, "t_min": 150, "depth_m": 0.0, "depth_category": "0-15cm", "landcover_class": 40, "runoff_coeff": 0.3, "runoff_coeff_provenance": "ESTIMATED (literature-typical per-class assumption)", "inflow_m3s": 0.00075, "capacity_m3s": 0.105, "surcharge_m3s": 0.0, "is_sink": false, "role": "headwater inlet", "provenance": "SIMULATED", "rainfall_scenario": "whatif_baseline"}}, {"type": "Feature", "geometry": {"type": "Point", "coordinates": [72.85672684563758, 19.076838926174496]}, "properties": {"node_id": 323, "t_min": 150, "depth_m": 0.0, "depth_category": "0-15cm", "landcover_class": 30, "runoff_coeff": 0.25, "runoff_coeff_provenance": "ESTIMATED (literature-typical per-class assumption)", "inflow_m3s": 0.0075, "capacity_m3s": 0.105, "surcharge_m3s": 0.0, "is_sink": true, "role": "sink / potential surcharge & ponding point", "provenance": "SIMULATED", "rainfall_scenario": "whatif_baseline"}}, {"type": "Feature", "geometry": {"type": "Point", "coordinates": [72.9003510067114, 19.074825503355704]}, "properties": {"node_id": 324, "t_min": 150, "depth_m": 0.0, "depth_category": "0-15cm", "landcover_class": 10, "runoff_coeff": 0.15, "runoff_coeff_provenance": "ESTIMATED (literature-typical per-class assumption)", "inflow_m3s": 0.00038, "capacity_m3s": 0.11375, "surcharge_m3s": 0.0, "is_sink": false, "role": "headwater inlet", "provenance": "SIMULATED", "rainfall_scenario": "whatif_baseline"}}, {"type": "Feature", "geometry": {"type": "Point", "coordinates": [72.9003510067114, 19.074489932885903]}, "properties": {"node_id": 325, "t_min": 150, "depth_m": 0.0, "depth_category": "0-15cm", "landcover_class": 50, "runoff_coeff": 0.85, "runoff_coeff_provenance": "ESTIMATED (literature-typical per-class assumption)", "inflow_m3s": 0.02763, "capacity_m3s": 0.14875, "surcharge_m3s": 0.0, "is_sink": false, "role": "junction", "provenance": "SIMULATED", "rainfall_scenario": "whatif_baseline"}}, {"type": "Feature", "geometry": {"type": "Point", "coordinates": [72.9006865771812, 19.074489932885903]}, "properties": {"node_id": 326, "t_min": 150, "depth_m": 0.0, "depth_category": "0-15cm", "landcover_class": 40, "runoff_coeff": 0.3, "runoff_coeff_provenance": "ESTIMATED (literature-typical per-class assumption)", "inflow_m3s": 0.01275, "capacity_m3s": 0.14875, "surcharge_m3s": 0.0, "is_sink": true, "role": "sink / potential surcharge & ponding point", "provenance": "SIMULATED", "rainfall_scenario": "whatif_baseline"}}, {"type": "Feature", "geometry": {"type": "Point", "coordinates": [72.86880738255033, 19.073483221476508]}, "properties": {"node_id": 327, "t_min": 150, "depth_m": 0.0, "depth_category": "0-15cm", "landcover_class": 50, "runoff_coeff": 0.85, "runoff_coeff_provenance": "ESTIMATED (literature-typical per-class assumption)", "inflow_m3s": 0.00213, "capacity_m3s": 0.11375, "surcharge_m3s": 0.0, "is_sink": false, "role": "headwater inlet", "provenance": "SIMULATED", "rainfall_scenario": "whatif_baseline"}}, {"type": "Feature", "geometry": {"type": "Point", "coordinates": [72.86880738255033, 19.07314765100671]}, "properties": {"node_id": 328, "t_min": 150, "depth_m": 0.0, "depth_category": "0-15cm", "landcover_class": 50, "runoff_coeff": 0.85, "runoff_coeff_provenance": "ESTIMATED (literature-typical per-class assumption)", "inflow_m3s": 0.02763, "capacity_m3s": 0.11375, "surcharge_m3s": 0.0, "is_sink": true, "role": "sink / potential surcharge & ponding point", "provenance": "SIMULATED", "rainfall_scenario": "whatif_baseline"}}, {"type": "Feature", "geometry": {"type": "Point", "coordinates": [72.8768610738255, 19.07113422818792]}, "properties": {"node_id": 329, "t_min": 150, "depth_m": 0.0, "depth_category": "0-15cm", "landcover_class": 50, "runoff_coeff": 0.85, "runoff_coeff_provenance": "ESTIMATED (literature-typical per-class assumption)", "inflow_m3s": 0.00213, "capacity_m3s": 0.105, "surcharge_m3s": 0.0, "is_sink": false, "role": "headwater inlet", "provenance": "SIMULATED", "rainfall_scenario": "whatif_baseline"}}, {"type": "Feature", "geometry": {"type": "Point", "coordinates": [72.87652550335571, 19.07113422818792]}, "properties": {"node_id": 330, "t_min": 150, "depth_m": 0.0, "depth_category": "0-15cm", "landcover_class": 50, "runoff_coeff": 0.85, "runoff_coeff_provenance": "ESTIMATED (literature-typical per-class assumption)", "inflow_m3s": 0.0255, "capacity_m3s": 0.105, "surcharge_m3s": 0.0, "is_sink": true, "role": "sink / potential surcharge & ponding point", "provenance": "SIMULATED", "rainfall_scenario": "whatif_baseline"}}, {"type": "Feature", "geometry": {"type": "Point", "coordinates": [72.86243154362415, 19.070798657718118]}, "properties": {"node_id": 331, "t_min": 150, "depth_m": 0.0, "depth_category": "0-15cm", "landcover_class": 10, "runoff_coeff": 0.15, "runoff_coeff_provenance": "ESTIMATED (literature-typical per-class assumption)", "inflow_m3s": 0.00038, "capacity_m3s": 0.0875, "surcharge_m3s": 0.0, "is_sink": false, "role": "headwater inlet", "provenance": "SIMULATED", "rainfall_scenario": "whatif_baseline"}}, {"type": "Feature", "geometry": {"type": "Point", "coordinates": [72.86276711409396, 19.07046308724832]}, "properties": {"node_id": 332, "t_min": 150, "depth_m": 0.0, "depth_category": "0-15cm", "landcover_class": 10, "runoff_coeff": 0.15, "runoff_coeff_provenance": "ESTIMATED (literature-typical per-class assumption)", "inflow_m3s": 0.00375, "capacity_m3s": 0.0875, "surcharge_m3s": 0.0, "is_sink": true, "role": "sink / potential surcharge & ponding point", "provenance": "SIMULATED", "rainfall_scenario": "whatif_baseline"}}, {"type": "Feature", "geometry": {"type": "Point", "coordinates": [72.85739798657718, 19.070127516778523]}, "properties": {"node_id": 333, "t_min": 150, "depth_m": 0.0, "depth_category": "0-15cm", "landcover_class": 10, "runoff_coeff": 0.15, "runoff_coeff_provenance": "ESTIMATED (literature-typical per-class assumption)", "inflow_m3s": 0.00562, "capacity_m3s": 0.14875, "surcharge_m3s": 0.0, "is_sink": false, "role": "junction", "provenance": "SIMULATED", "rainfall_scenario": "whatif_baseline"}}, {"type": "Feature", "geometry": {"type": "Point", "coordinates": [72.85706241610738, 19.070127516778523]}, "properties": {"node_id": 334, "t_min": 150, "depth_m": 0.0, "depth_category": "0-15cm", "landcover_class": 10, "runoff_coeff": 0.15, "runoff_coeff_provenance": "ESTIMATED (literature-typical per-class assumption)", "inflow_m3s": 0.00638, "capacity_m3s": 0.14875, "surcharge_m3s": 0.0, "is_sink": true, "role": "sink / potential surcharge & ponding point", "provenance": "SIMULATED", "rainfall_scenario": "whatif_baseline"}}, {"type": "Feature", "geometry": {"type": "Point", "coordinates": [72.85773355704698, 19.070127516778523]}, "properties": {"node_id": 335, "t_min": 150, "depth_m": 0.0, "depth_category": "0-15cm", "landcover_class": 10, "runoff_coeff": 0.15, "runoff_coeff_provenance": "ESTIMATED (literature-typical per-class assumption)", "inflow_m3s": 0.00413, "capacity_m3s": 0.13125, "surcharge_m3s": 0.0, "is_sink": false, "role": "junction", "provenance": "SIMULATED", "rainfall_scenario": "whatif_baseline"}}, {"type": "Feature", "geometry": {"type": "Point", "coordinates": [72.85806912751677, 19.070127516778523]}, "properties": {"node_id": 336, "t_min": 150, "depth_m": 0.0, "depth_category": "0-15cm", "landcover_class": 50, "runoff_coeff": 0.85, "runoff_coeff_provenance": "ESTIMATED (literature-typical per-class assumption)", "inflow_m3s": 0.00213, "capacity_m3s": 0.09625, "surcharge_m3s": 0.0, "is_sink": false, "role": "headwater inlet", "provenance": "SIMULATED", "rainfall_scenario": "whatif_baseline"}}, {"type": "Feature", "geometry": {"type": "Point", "coordinates": [72.87652550335571, 19.069456375838925]}, "properties": {"node_id": 337, "t_min": 150, "depth_m": 0.0, "depth_category": "0-15cm", "landcover_class": 50, "runoff_coeff": 0.85, "runoff_coeff_provenance": "ESTIMATED (literature-typical per-class assumption)", "inflow_m3s": 0.00213, "capacity_m3s": 0.0875, "surcharge_m3s": 0.0, "is_sink": false, "role": "headwater inlet", "provenance": "SIMULATED", "rainfall_scenario": "whatif_baseline"}}, {"type": "Feature", "geometry": {"type": "Point", "coordinates": [72.87618993288591, 19.069456375838925]}, "properties": {"node_id": 338, "t_min": 150, "depth_m": 0.0, "depth_category": "0-15cm", "landcover_class": 50, "runoff_coeff": 0.85, "runoff_coeff_provenance": "ESTIMATED (literature-typical per-class assumption)", "inflow_m3s": 0.02125, "capacity_m3s": 0.0875, "surcharge_m3s": 0.0, "is_sink": true, "role": "sink / potential surcharge & ponding point", "provenance": "SIMULATED", "rainfall_scenario": "whatif_baseline"}}, {"type": "Feature", "geometry": {"type": "Point", "coordinates": [72.85840469798657, 19.06844966442953]}, "properties": {"node_id": 339, "t_min": 150, "depth_m": 0.0, "depth_category": "0-15cm", "landcover_class": 10, "runoff_coeff": 0.15, "runoff_coeff_provenance": "ESTIMATED (literature-typical per-class assumption)", "inflow_m3s": 0.00038, "capacity_m3s": 0.11375, "surcharge_m3s": 0.0, "is_sink": false, "role": "headwater inlet", "provenance": "SIMULATED", "rainfall_scenario": "whatif_baseline"}}, {"type": "Feature", "geometry": {"type": "Point", "coordinates": [72.85874026845637, 19.06844966442953]}, "properties": {"node_id": 340, "t_min": 150, "depth_m": 0.0, "depth_category": "0-15cm", "landcover_class": 10, "runoff_coeff": 0.15, "runoff_coeff_provenance": "ESTIMATED (literature-typical per-class assumption)", "inflow_m3s": 0.00487, "capacity_m3s": 0.13125, "surcharge_m3s": 0.0, "is_sink": false, "role": "junction", "provenance": "SIMULATED", "rainfall_scenario": "whatif_baseline"}}, {"type": "Feature", "geometry": {"type": "Point", "coordinates": [72.85907583892617, 19.06844966442953]}, "properties": {"node_id": 341, "t_min": 150, "depth_m": 0.0, "depth_category": "0-15cm", "landcover_class": 10, "runoff_coeff": 0.15, "runoff_coeff_provenance": "ESTIMATED (literature-typical per-class assumption)", "inflow_m3s": 0.00562, "capacity_m3s": 0.13125, "surcharge_m3s": 0.0, "is_sink": true, "role": "sink / potential surcharge & ponding point", "provenance": "SIMULATED", "rainfall_scenario": "whatif_baseline"}}, {"type": "Feature", "geometry": {"type": "Point", "coordinates": [72.9013577181208, 19.066771812080535]}, "properties": {"node_id": 342, "t_min": 150, "depth_m": 0.0, "depth_category": "0-15cm", "landcover_class": 50, "runoff_coeff": 0.85, "runoff_coeff_provenance": "ESTIMATED (literature-typical per-class assumption)", "inflow_m3s": 0.00213, "capacity_m3s": 0.105, "surcharge_m3s": 0.0, "is_sink": false, "role": "headwater inlet", "provenance": "SIMULATED", "rainfall_scenario": "whatif_baseline"}}, {"type": "Feature", "geometry": {"type": "Point", "coordinates": [72.9016932885906, 19.066771812080535]}, "properties": {"node_id": 343, "t_min": 150, "depth_m": 0.0, "depth_category": "0-15cm", "landcover_class": 50, "runoff_coeff": 0.85, "runoff_coeff_provenance": "ESTIMATED (literature-typical per-class assumption)", "inflow_m3s": 0.0255, "capacity_m3s": 0.105, "surcharge_m3s": 0.0, "is_sink": true, "role": "sink / potential surcharge & ponding point", "provenance": "SIMULATED", "rainfall_scenario": "whatif_baseline"}}, {"type": "Feature", "geometry": {"type": "Point", "coordinates": [72.87988120805369, 19.066100671140937]}, "properties": {"node_id": 344, "t_min": 150, "depth_m": 0.0, "depth_category": "0-15cm", "landcover_class": 50, "runoff_coeff": 0.85, "runoff_coeff_provenance": "ESTIMATED (literature-typical per-class assumption)", "inflow_m3s": 0.00213, "capacity_m3s": 0.09625, "surcharge_m3s": 0.0, "is_sink": false, "role": "headwater inlet", "provenance": "SIMULATED", "rainfall_scenario": "whatif_baseline"}}, {"type": "Feature", "geometry": {"type": "Point", "coordinates": [72.88021677852349, 19.06576510067114]}, "properties": {"node_id": 345, "t_min": 150, "depth_m": 0.0, "depth_category": "0-15cm", "landcover_class": 50, "runoff_coeff": 0.85, "runoff_coeff_provenance": "ESTIMATED (literature-typical per-class assumption)", "inflow_m3s": 0.02337, "capacity_m3s": 0.11375, "surcharge_m3s": 0.0, "is_sink": false, "role": "junction", "provenance": "SIMULATED", "rainfall_scenario": "whatif_baseline"}}, {"type": "Feature", "geometry": {"type": "Point", "coordinates": [72.88659261744966, 19.066100671140937]}, "properties": {"node_id": 346, "t_min": 150, "depth_m": 0.0, "depth_category": "0-15cm", "landcover_class": 10, "runoff_coeff": 0.15, "runoff_coeff_provenance": "ESTIMATED (literature-typical per-class assumption)", "inflow_m3s": 0.00413, "capacity_m3s": 0.1225, "surcharge_m3s": 0.0, "is_sink": false, "role": "junction", "provenance": "SIMULATED", "rainfall_scenario": "whatif_baseline"}}, {"type": "Feature", "geometry": {"type": "Point", "coordinates": [72.88659261744966, 19.066436241610738]}, "properties": {"node_id": 347, "t_min": 150, "depth_m": 0.0, "depth_category": "0-15cm", "landcover_class": 10, "runoff_coeff": 0.15, "runoff_coeff_provenance": "ESTIMATED (literature-typical per-class assumption)", "inflow_m3s": 0.00525, "capacity_m3s": 0.1225, "surcharge_m3s": 0.0, "is_sink": true, "role": "sink / potential surcharge & ponding point", "provenance": "SIMULATED", "rainfall_scenario": "whatif_baseline"}}, {"type": "Feature", "geometry": {"type": "Point", "coordinates": [72.88055234899329, 19.06576510067114]}, "properties": {"node_id": 348, "t_min": 150, "depth_m": 0.0, "depth_category": "0-15cm", "landcover_class": 50, "runoff_coeff": 0.85, "runoff_coeff_provenance": "ESTIMATED (literature-typical per-class assumption)", "inflow_m3s": 0.02763, "capacity_m3s": 0.11375, "surcharge_m3s": 0.0, "is_sink": true, "role": "sink / potential surcharge & ponding point", "provenance": "SIMULATED", "rainfall_scenario": "whatif_baseline"}}, {"type": "Feature", "geometry": {"type": "Point", "coordinates": [72.88659261744966, 19.06576510067114]}, "properties": {"node_id": 349, "t_min": 150, "depth_m": 0.0, "depth_category": "0-15cm", "landcover_class": 10, "runoff_coeff": 0.15, "runoff_coeff_provenance": "ESTIMATED (literature-typical per-class assumption)", "inflow_m3s": 0.00038, "capacity_m3s": 0.09625, "surcharge_m3s": 0.0, "is_sink": false, "role": "headwater inlet", "provenance": "SIMULATED", "rainfall_scenario": "whatif_baseline"}}, {"type": "Feature", "geometry": {"type": "Point", "coordinates": [72.8785389261745, 19.064758389261744]}, "properties": {"node_id": 350, "t_min": 150, "depth_m": 0.0, "depth_category": "0-15cm", "landcover_class": 50, "runoff_coeff": 0.85, "runoff_coeff_provenance": "ESTIMATED (literature-typical per-class assumption)", "inflow_m3s": 0.00213, "capacity_m3s": 0.105, "surcharge_m3s": 0.0, "is_sink": false, "role": "headwater inlet", "provenance": "SIMULATED", "rainfall_scenario": "whatif_baseline"}}, {"type": "Feature", "geometry": {"type": "Point", "coordinates": [72.8785389261745, 19.064422818791943]}, "properties": {"node_id": 351, "t_min": 150, "depth_m": 0.0, "depth_category": "0-15cm", "landcover_class": 50, "runoff_coeff": 0.85, "runoff_coeff_provenance": "ESTIMATED (literature-typical per-class assumption)", "inflow_m3s": 0.0255, "capacity_m3s": 0.11375, "surcharge_m3s": 0.0, "is_sink": false, "role": "junction", "provenance": "SIMULATED", "rainfall_scenario": "whatif_baseline"}}, {"type": "Feature", "geometry": {"type": "Point", "coordinates": [72.8785389261745, 19.064087248322146]}, "properties": {"node_id": 352, "t_min": 150, "depth_m": 0.0, "depth_category": "0-15cm", "landcover_class": 50, "runoff_coeff": 0.85, "runoff_coeff_provenance": "ESTIMATED (literature-typical per-class assumption)", "inflow_m3s": 0.02763, "capacity_m3s": 0.11375, "surcharge_m3s": 0.0, "is_sink": true, "role": "sink / potential surcharge & ponding point", "provenance": "SIMULATED", "rainfall_scenario": "whatif_baseline"}}, {"type": "Feature", "geometry": {"type": "Point", "coordinates": [72.86008255033556, 19.06375167785235]}, "properties": {"node_id": 353, "t_min": 150, "depth_m": 0.0, "depth_category": "0-15cm", "landcover_class": 50, "runoff_coeff": 0.85, "runoff_coeff_provenance": "ESTIMATED (literature-typical per-class assumption)", "inflow_m3s": 0.02125, "capacity_m3s": 0.105, "surcharge_m3s": 0.0, "is_sink": false, "role": "junction", "provenance": "SIMULATED", "rainfall_scenario": "whatif_baseline"}}, {"type": "Feature", "geometry": {"type": "Point", "coordinates": [72.85974697986578, 19.06375167785235]}, "properties": {"node_id": 354, "t_min": 150, "depth_m": 0.0, "depth_category": "0-15cm", "landcover_class": 50, "runoff_coeff": 0.85, "runoff_coeff_provenance": "ESTIMATED (literature-typical per-class assumption)", "inflow_m3s": 0.0255, "capacity_m3s": 0.105, "surcharge_m3s": 0.0, "is_sink": true, "role": "sink / potential surcharge & ponding point", "provenance": "SIMULATED", "rainfall_scenario": "whatif_baseline"}}, {"type": "Feature", "geometry": {"type": "Point", "coordinates": [72.86041812080536, 19.06375167785235]}, "properties": {"node_id": 355, "t_min": 150, "depth_m": 0.0, "depth_category": "0-15cm", "landcover_class": 80, "runoff_coeff": 1.0, "runoff_coeff_provenance": "ESTIMATED (literature-typical per-class assumption)", "inflow_m3s": 0.0025, "capacity_m3s": 0.0875, "surcharge_m3s": 0.0, "is_sink": false, "role": "headwater inlet", "provenance": "SIMULATED", "rainfall_scenario": "whatif_baseline"}}, {"type": "Feature", "geometry": {"type": "Point", "coordinates": [72.89565302013422, 19.06240939597315]}, "properties": {"node_id": 356, "t_min": 150, "depth_m": 0.0, "depth_category": "0-15cm", "landcover_class": 10, "runoff_coeff": 0.15, "runoff_coeff_provenance": "ESTIMATED (literature-typical per-class assumption)", "inflow_m3s": 0.00038, "capacity_m3s": 0.105, "surcharge_m3s": 0.0, "is_sink": false, "role": "headwater inlet", "provenance": "SIMULATED", "rainfall_scenario": "whatif_baseline"}}, {"type": "Feature", "geometry": {"type": "Point", "coordinates": [72.89531744966443, 19.06240939597315]}, "properties": {"node_id": 357, "t_min": 150, "depth_m": 0.0, "depth_category": "0-15cm", "landcover_class": 50, "runoff_coeff": 0.85, "runoff_coeff_provenance": "ESTIMATED (literature-typical per-class assumption)", "inflow_m3s": 0.0255, "capacity_m3s": 0.105, "surcharge_m3s": 0.0, "is_sink": true, "role": "sink / potential surcharge & ponding point", "provenance": "SIMULATED", "rainfall_scenario": "whatif_baseline"}}, {"type": "Feature", "geometry": {"type": "Point", "coordinates": [72.8751832214765, 19.061402684563756]}, "properties": {"node_id": 358, "t_min": 150, "depth_m": 0.0, "depth_category": "0-15cm", "landcover_class": 50, "runoff_coeff": 0.85, "runoff_coeff_provenance": "ESTIMATED (literature-typical per-class assumption)", "inflow_m3s": 0.00213, "capacity_m3s": 0.0875, "surcharge_m3s": 0.0, "is_sink": false, "role": "headwater inlet", "provenance": "SIMULATED", "rainfall_scenario": "whatif_baseline"}}, {"type": "Feature", "geometry": {"type": "Point", "coordinates": [72.8748476510067, 19.061402684563756]}, "properties": {"node_id": 359, "t_min": 150, "depth_m": 0.0, "depth_category": "0-15cm", "landcover_class": 10, "runoff_coeff": 0.15, "runoff_coeff_provenance": "ESTIMATED (literature-typical per-class assumption)", "inflow_m3s": 0.00375, "capacity_m3s": 0.0875, "surcharge_m3s": 0.0, "is_sink": true, "role": "sink / potential surcharge & ponding point", "provenance": "SIMULATED", "rainfall_scenario": "whatif_baseline"}}, {"type": "Feature", "geometry": {"type": "Point", "coordinates": [72.8996798657718, 19.061402684563756]}, "properties": {"node_id": 360, "t_min": 150, "depth_m": 0.0, "depth_category": "0-15cm", "landcover_class": 50, "runoff_coeff": 0.85, "runoff_coeff_provenance": "ESTIMATED (literature-typical per-class assumption)", "inflow_m3s": 0.02125, "capacity_m3s": 0.09625, "surcharge_m3s": 0.0, "is_sink": false, "role": "junction", "provenance": "SIMULATED", "rainfall_scenario": "whatif_baseline"}}, {"type": "Feature", "geometry": {"type": "Point", "coordinates": [72.8996798657718, 19.061738255033557]}, "properties": {"node_id": 361, "t_min": 150, "depth_m": 0.0, "depth_category": "0-15cm", "landcover_class": 50, "runoff_coeff": 0.85, "runoff_coeff_provenance": "ESTIMATED (literature-typical per-class assumption)", "inflow_m3s": 0.02337, "capacity_m3s": 0.09625, "surcharge_m3s": 0.0, "is_sink": true, "role": "sink / potential surcharge & ponding point", "provenance": "SIMULATED", "rainfall_scenario": "whatif_baseline"}}, {"type": "Feature", "geometry": {"type": "Point", "coordinates": [72.8996798657718, 19.06106711409396]}, "properties": {"node_id": 362, "t_min": 150, "depth_m": 0.0, "depth_category": "0-15cm", "landcover_class": 50, "runoff_coeff": 0.85, "runoff_coeff_provenance": "ESTIMATED (literature-typical per-class assumption)", "inflow_m3s": 0.00213, "capacity_m3s": 0.0875, "surcharge_m3s": 0.0, "is_sink": false, "role": "headwater inlet", "provenance": "SIMULATED", "rainfall_scenario": "whatif_baseline"}}, {"type": "Feature", "geometry": {"type": "Point", "coordinates": [72.8778677852349, 19.060060402684563]}, "properties": {"node_id": 363, "t_min": 150, "depth_m": 0.0, "depth_category": "0-15cm", "landcover_class": 60, "runoff_coeff": 0.4, "runoff_coeff_provenance": "ESTIMATED (literature-typical per-class assumption)", "inflow_m3s": 0.001, "capacity_m3s": 0.1225, "surcharge_m3s": 0.0, "is_sink": false, "role": "headwater inlet", "provenance": "SIMULATED", "rainfall_scenario": "whatif_baseline"}}, {"type": "Feature", "geometry": {"type": "Point", "coordinates": [72.8782033557047, 19.059724832214762]}, "properties": {"node_id": 364, "t_min": 150, "depth_m": 0.0, "depth_category": "0-15cm", "landcover_class": 60, "runoff_coeff": 0.4, "runoff_coeff_provenance": "ESTIMATED (literature-typical per-class assumption)", "inflow_m3s": 0.014, "capacity_m3s": 0.1225, "surcharge_m3s": 0.0, "is_sink": true, "role": "sink / potential surcharge & ponding point", "provenance": "SIMULATED", "rainfall_scenario": "whatif_baseline"}}, {"type": "Feature", "geometry": {"type": "Point", "coordinates": [72.8775322147651, 19.059389261744965]}, "properties": {"node_id": 365, "t_min": 150, "depth_m": 0.0, "depth_category": "0-15cm", "landcover_class": 50, "runoff_coeff": 0.85, "runoff_coeff_provenance": "ESTIMATED (literature-typical per-class assumption)", "inflow_m3s": 0.00213, "capacity_m3s": 0.1225, "surcharge_m3s": 0.0, "is_sink": false, "role": "headwater inlet", "provenance": "SIMULATED", "rainfall_scenario": "whatif_baseline"}}, {"type": "Feature", "geometry": {"type": "Point", "coordinates": [72.8778677852349, 19.059389261744965]}, "properties": {"node_id": 366, "t_min": 150, "depth_m": 0.0, "depth_category": "0-15cm", "landcover_class": 50, "runoff_coeff": 0.85, "runoff_coeff_provenance": "ESTIMATED (literature-typical per-class assumption)", "inflow_m3s": 0.02975, "capacity_m3s": 0.1225, "surcharge_m3s": 0.0, "is_sink": true, "role": "sink / potential surcharge & ponding point", "provenance": "SIMULATED", "rainfall_scenario": "whatif_baseline"}}, {"type": "Feature", "geometry": {"type": "Point", "coordinates": [72.89800201342281, 19.057375838926173]}, "properties": {"node_id": 367, "t_min": 150, "depth_m": 0.0, "depth_category": "0-15cm", "landcover_class": 50, "runoff_coeff": 0.85, "runoff_coeff_provenance": "ESTIMATED (literature-typical per-class assumption)", "inflow_m3s": 0.00213, "capacity_m3s": 0.09625, "surcharge_m3s": 0.0, "is_sink": false, "role": "headwater inlet", "provenance": "SIMULATED", "rainfall_scenario": "whatif_baseline"}}, {"type": "Feature", "geometry": {"type": "Point", "coordinates": [72.89766644295301, 19.057375838926173]}, "properties": {"node_id": 368, "t_min": 150, "depth_m": 0.0, "depth_category": "0-15cm", "landcover_class": 50, "runoff_coeff": 0.85, "runoff_coeff_provenance": "ESTIMATED (literature-typical per-class assumption)", "inflow_m3s": 0.02337, "capacity_m3s": 0.09625, "surcharge_m3s": 0.0, "is_sink": true, "role": "sink / potential surcharge & ponding point", "provenance": "SIMULATED", "rainfall_scenario": "whatif_baseline"}}, {"type": "Feature", "geometry": {"type": "Point", "coordinates": [72.9023644295302, 19.057375838926173]}, "properties": {"node_id": 369, "t_min": 150, "depth_m": 0.0, "depth_category": "0-15cm", "landcover_class": 50, "runoff_coeff": 0.85, "runoff_coeff_provenance": "ESTIMATED (literature-typical per-class assumption)", "inflow_m3s": 0.00213, "capacity_m3s": 0.0875, "surcharge_m3s": 0.0, "is_sink": false, "role": "headwater inlet", "provenance": "SIMULATED", "rainfall_scenario": "whatif_baseline"}}, {"type": "Feature", "geometry": {"type": "Point", "coordinates": [72.9027, 19.057375838926173]}, "properties": {"node_id": 370, "t_min": 150, "depth_m": 0.0, "depth_category": "0-15cm", "landcover_class": 10, "runoff_coeff": 0.15, "runoff_coeff_provenance": "ESTIMATED (literature-typical per-class assumption)", "inflow_m3s": 0.00375, "capacity_m3s": 0.0875, "surcharge_m3s": 0.0, "is_sink": true, "role": "sink / potential surcharge & ponding point", "provenance": "SIMULATED", "rainfall_scenario": "whatif_baseline"}}, {"type": "Feature", "geometry": {"type": "Point", "coordinates": [72.89867315436241, 19.056704697986575]}, "properties": {"node_id": 371, "t_min": 150, "depth_m": 0.0, "depth_category": "0-15cm", "landcover_class": 50, "runoff_coeff": 0.85, "runoff_coeff_provenance": "ESTIMATED (literature-typical per-class assumption)", "inflow_m3s": 0.00213, "capacity_m3s": 0.09625, "surcharge_m3s": 0.0, "is_sink": false, "role": "headwater inlet", "provenance": "SIMULATED", "rainfall_scenario": "whatif_baseline"}}, {"type": "Feature", "geometry": {"type": "Point", "coordinates": [72.89900872483221, 19.056704697986575]}, "properties": {"node_id": 372, "t_min": 150, "depth_m": 0.0, "depth_category": "0-15cm", "landcover_class": 50, "runoff_coeff": 0.85, "runoff_coeff_provenance": "ESTIMATED (literature-typical per-class assumption)", "inflow_m3s": 0.02337, "capacity_m3s": 0.09625, "surcharge_m3s": 0.0, "is_sink": true, "role": "sink / potential surcharge & ponding point", "provenance": "SIMULATED", "rainfall_scenario": "whatif_baseline"}}, {"type": "Feature", "geometry": {"type": "Point", "coordinates": [72.88759932885905, 19.056033557046977]}, "properties": {"node_id": 373, "t_min": 150, "depth_m": 0.0, "depth_category": "0-15cm", "landcover_class": 10, "runoff_coeff": 0.15, "runoff_coeff_provenance": "ESTIMATED (literature-typical per-class assumption)", "inflow_m3s": 0.00413, "capacity_m3s": 0.11375, "surcharge_m3s": 0.0, "is_sink": false, "role": "junction", "provenance": "SIMULATED", "rainfall_scenario": "whatif_baseline"}}, {"type": "Feature", "geometry": {"type": "Point", "coordinates": [72.88726375838925, 19.05569798657718]}, "properties": {"node_id": 374, "t_min": 150, "depth_m": 0.0, "depth_category": "0-15cm", "landcover_class": 10, "runoff_coeff": 0.15, "runoff_coeff_provenance": "ESTIMATED (literature-typical per-class assumption)", "inflow_m3s": 0.00487, "capacity_m3s": 0.11375, "surcharge_m3s": 0.0, "is_sink": true, "role": "sink / potential surcharge & ponding point", "provenance": "SIMULATED", "rainfall_scenario": "whatif_baseline"}}, {"type": "Feature", "geometry": {"type": "Point", "coordinates": [72.88793489932885, 19.056033557046977]}, "properties": {"node_id": 375, "t_min": 150, "depth_m": 0.0, "depth_category": "0-15cm", "landcover_class": 10, "runoff_coeff": 0.15, "runoff_coeff_provenance": "ESTIMATED (literature-typical per-class assumption)", "inflow_m3s": 0.00038, "capacity_m3s": 0.09625, "surcharge_m3s": 0.0, "is_sink": false, "role": "headwater inlet", "provenance": "SIMULATED", "rainfall_scenario": "whatif_baseline"}}, {"type": "Feature", "geometry": {"type": "Point", "coordinates": [72.89431073825503, 19.056033557046977]}, "properties": {"node_id": 376, "t_min": 150, "depth_m": 0.0, "depth_category": "0-15cm", "landcover_class": 50, "runoff_coeff": 0.85, "runoff_coeff_provenance": "ESTIMATED (literature-typical per-class assumption)", "inflow_m3s": 0.02125, "capacity_m3s": 0.105, "surcharge_m3s": 0.0, "is_sink": false, "role": "junction", "provenance": "SIMULATED", "rainfall_scenario": "whatif_baseline"}}, {"type": "Feature", "geometry": {"type": "Point", "coordinates": [72.89397516778523, 19.056033557046977]}, "properties": {"node_id": 377, "t_min": 150, "depth_m": 0.0, "depth_category": "0-15cm", "landcover_class": 10, "runoff_coeff": 0.15, "runoff_coeff_provenance": "ESTIMATED (literature-typical per-class assumption)", "inflow_m3s": 0.0045, "capacity_m3s": 0.105, "surcharge_m3s": 0.0, "is_sink": true, "role": "sink / potential surcharge & ponding point", "provenance": "SIMULATED", "rainfall_scenario": "whatif_baseline"}}, {"type": "Feature", "geometry": {"type": "Point", "coordinates": [72.89464630872483, 19.056033557046977]}, "properties": {"node_id": 378, "t_min": 150, "depth_m": 0.0, "depth_category": "0-15cm", "landcover_class": 50, "runoff_coeff": 0.85, "runoff_coeff_provenance": "ESTIMATED (literature-typical per-class assumption)", "inflow_m3s": 0.00213, "capacity_m3s": 0.0875, "surcharge_m3s": 0.0, "is_sink": false, "role": "headwater inlet", "provenance": "SIMULATED", "rainfall_scenario": "whatif_baseline"}}, {"type": "Feature", "geometry": {"type": "Point", "coordinates": [72.9006865771812, 19.056033557046977]}, "properties": {"node_id": 379, "t_min": 150, "depth_m": 0.0, "depth_category": "0-15cm", "landcover_class": 10, "runoff_coeff": 0.15, "runoff_coeff_provenance": "ESTIMATED (literature-typical per-class assumption)", "inflow_m3s": 0.00638, "capacity_m3s": 0.175, "surcharge_m3s": 0.0, "is_sink": false, "role": "junction", "provenance": "SIMULATED", "rainfall_scenario": "whatif_baseline"}}, {"type": "Feature", "geometry": {"type": "Point", "coordinates": [72.9006865771812, 19.056369127516778]}, "properties": {"node_id": 380, "t_min": 150, "depth_m": 0.0, "depth_category": "0-15cm", "landcover_class": 10, "runoff_coeff": 0.15, "runoff_coeff_provenance": "ESTIMATED (literature-typical per-class assumption)", "inflow_m3s": 0.0075, "capacity_m3s": 0.175, "surcharge_m3s": 0.0, "is_sink": true, "role": "sink / potential surcharge & ponding point", "provenance": "SIMULATED", "rainfall_scenario": "whatif_baseline"}}, {"type": "Feature", "geometry": {"type": "Point", "coordinates": [72.901022147651, 19.05569798657718]}, "properties": {"node_id": 381, "t_min": 150, "depth_m": 0.0, "depth_category": "0-15cm", "landcover_class": 10, "runoff_coeff": 0.15, "runoff_coeff_provenance": "ESTIMATED (literature-typical per-class assumption)", "inflow_m3s": 0.006, "capacity_m3s": 0.14875, "surcharge_m3s": 0.0, "is_sink": false, "role": "junction", "provenance": "SIMULATED", "rainfall_scenario": "whatif_baseline"}}, {"type": "Feature", "geometry": {"type": "Point", "coordinates": [72.9003510067114, 19.055362416107382]}, "properties": {"node_id": 382, "t_min": 150, "depth_m": 0.0, "depth_category": "0-15cm", "landcover_class": 50, "runoff_coeff": 0.85, "runoff_coeff_provenance": "ESTIMATED (literature-typical per-class assumption)", "inflow_m3s": 0.00213, "capacity_m3s": 0.105, "surcharge_m3s": 0.0, "is_sink": false, "role": "headwater inlet", "provenance": "SIMULATED", "rainfall_scenario": "whatif_baseline"}}, {"type": "Feature", "geometry": {"type": "Point", "coordinates": [72.9006865771812, 19.055362416107382]}, "properties": {"node_id": 383, "t_min": 150, "depth_m": 0.0, "depth_category": "0-15cm", "landcover_class": 50, "runoff_coeff": 0.85, "runoff_coeff_provenance": "ESTIMATED (literature-typical per-class assumption)", "inflow_m3s": 0.0255, "capacity_m3s": 0.1225, "surcharge_m3s": 0.0, "is_sink": false, "role": "junction", "provenance": "SIMULATED", "rainfall_scenario": "whatif_baseline"}}, {"type": "Feature", "geometry": {"type": "Point", "coordinates": [72.901022147651, 19.055362416107382]}, "properties": {"node_id": 384, "t_min": 150, "depth_m": 0.0, "depth_category": "0-15cm", "landcover_class": 50, "runoff_coeff": 0.85, "runoff_coeff_provenance": "ESTIMATED (literature-typical per-class assumption)", "inflow_m3s": 0.02975, "capacity_m3s": 0.14, "surcharge_m3s": 0.0, "is_sink": false, "role": "junction", "provenance": "SIMULATED", "rainfall_scenario": "whatif_baseline"}}, {"type": "Feature", "geometry": {"type": "Point", "coordinates": [72.89431073825503, 19.05502684563758]}, "properties": {"node_id": 385, "t_min": 150, "depth_m": 0.0, "depth_category": "0-15cm", "landcover_class": 10, "runoff_coeff": 0.15, "runoff_coeff_provenance": "ESTIMATED (literature-typical per-class assumption)", "inflow_m3s": 0.00375, "capacity_m3s": 0.1225, "surcharge_m3s": 0.0, "is_sink": false, "role": "junction", "provenance": "SIMULATED", "rainfall_scenario": "whatif_baseline"}}, {"type": "Feature", "geometry": {"type": "Point", "coordinates": [72.89397516778523, 19.055362416107382]}, "properties": {"node_id": 386, "t_min": 150, "depth_m": 0.0, "depth_category": "0-15cm", "landcover_class": 10, "runoff_coeff": 0.15, "runoff_coeff_provenance": "ESTIMATED (literature-typical per-class assumption)", "inflow_m3s": 0.00525, "capacity_m3s": 0.1225, "surcharge_m3s": 0.0, "is_sink": true, "role": "sink / potential surcharge & ponding point", "provenance": "SIMULATED", "rainfall_scenario": "whatif_baseline"}}, {"type": "Feature", "geometry": {"type": "Point", "coordinates": [72.89464630872483, 19.054691275167784]}, "properties": {"node_id": 387, "t_min": 150, "depth_m": 0.0, "depth_category": "0-15cm", "landcover_class": 10, "runoff_coeff": 0.15, "runoff_coeff_provenance": "ESTIMATED (literature-typical per-class assumption)", "inflow_m3s": 0.00038, "capacity_m3s": 0.0875, "surcharge_m3s": 0.0, "is_sink": false, "role": "headwater inlet", "provenance": "SIMULATED", "rainfall_scenario": "whatif_baseline"}}, {"type": "Feature", "geometry": {"type": "Point", "coordinates": [72.89431073825503, 19.054020134228185]}, "properties": {"node_id": 388, "t_min": 150, "depth_m": 0.0, "depth_category": "0-15cm", "landcover_class": 50, "runoff_coeff": 0.85, "runoff_coeff_provenance": "ESTIMATED (literature-typical per-class assumption)", "inflow_m3s": 0.0255, "capacity_m3s": 0.13125, "surcharge_m3s": 0.0, "is_sink": false, "role": "junction", "provenance": "SIMULATED", "rainfall_scenario": "whatif_baseline"}}, {"type": "Feature", "geometry": {"type": "Point", "coordinates": [72.89431073825503, 19.053684563758388]}, "properties": {"node_id": 389, "t_min": 150, "depth_m": 0.0, "depth_category": "0-15cm", "landcover_class": 10, "runoff_coeff": 0.15, "runoff_coeff_provenance": "ESTIMATED (literature-typical per-class assumption)", "inflow_m3s": 0.00562, "capacity_m3s": 0.13125, "surcharge_m3s": 0.0, "is_sink": true, "role": "sink / potential surcharge & ponding point", "provenance": "SIMULATED", "rainfall_scenario": "whatif_baseline"}}, {"type": "Feature", "geometry": {"type": "Point", "coordinates": [72.89464630872483, 19.054020134228185]}, "properties": {"node_id": 390, "t_min": 150, "depth_m": 0.0, "depth_category": "0-15cm", "landcover_class": 50, "runoff_coeff": 0.85, "runoff_coeff_provenance": "ESTIMATED (literature-typical per-class assumption)", "inflow_m3s": 0.02337, "capacity_m3s": 0.105, "surcharge_m3s": 0.0, "is_sink": false, "role": "junction", "provenance": "SIMULATED", "rainfall_scenario": "whatif_baseline"}}, {"type": "Feature", "geometry": {"type": "Point", "coordinates": [72.89498187919463, 19.054020134228185]}, "properties": {"node_id": 391, "t_min": 150, "depth_m": 0.0, "depth_category": "0-15cm", "landcover_class": 50, "runoff_coeff": 0.85, "runoff_coeff_provenance": "ESTIMATED (literature-typical per-class assumption)", "inflow_m3s": 0.00213, "capacity_m3s": 0.09625, "surcharge_m3s": 0.0, "is_sink": false, "role": "headwater inlet", "provenance": "SIMULATED", "rainfall_scenario": "whatif_baseline"}}, {"type": "Feature", "geometry": {"type": "Point", "coordinates": [72.86880738255033, 19.052677852348992]}, "properties": {"node_id": 392, "t_min": 150, "depth_m": 0.0, "depth_category": "0-15cm", "landcover_class": 50, "runoff_coeff": 0.85, "runoff_coeff_provenance": "ESTIMATED (literature-typical per-class assumption)", "inflow_m3s": 0.00213, "capacity_m3s": 0.0875, "surcharge_m3s": 0.0, "is_sink": false, "role": "headwater inlet", "provenance": "SIMULATED", "rainfall_scenario": "whatif_baseline"}}, {"type": "Feature", "geometry": {"type": "Point", "coordinates": [72.86914295302013, 19.05301342281879]}, "properties": {"node_id": 393, "t_min": 150, "depth_m": 0.0, "depth_category": "0-15cm", "landcover_class": 50, "runoff_coeff": 0.85, "runoff_coeff_provenance": "ESTIMATED (literature-typical per-class assumption)", "inflow_m3s": 0.02125, "capacity_m3s": 0.0875, "surcharge_m3s": 0.0, "is_sink": true, "role": "sink / potential surcharge & ponding point", "provenance": "SIMULATED", "rainfall_scenario": "whatif_baseline"}}, {"type": "Feature", "geometry": {"type": "Point", "coordinates": [72.86041812080536, 19.051335570469796]}, "properties": {"node_id": 394, "t_min": 150, "depth_m": 0.0, "depth_category": "0-15cm", "landcover_class": 50, "runoff_coeff": 0.85, "runoff_coeff_provenance": "ESTIMATED (literature-typical per-class assumption)", "inflow_m3s": 0.00213, "capacity_m3s": 0.09625, "surcharge_m3s": 0.0, "is_sink": false, "role": "headwater inlet", "provenance": "SIMULATED", "rainfall_scenario": "whatif_baseline"}}, {"type": "Feature", "geometry": {"type": "Point", "coordinates": [72.86008255033556, 19.051335570469796]}, "properties": {"node_id": 395, "t_min": 150, "depth_m": 0.0, "depth_category": "0-15cm", "landcover_class": 50, "runoff_coeff": 0.85, "runoff_coeff_provenance": "ESTIMATED (literature-typical per-class assumption)", "inflow_m3s": 0.02337, "capacity_m3s": 0.09625, "surcharge_m3s": 0.0, "is_sink": true, "role": "sink / potential surcharge & ponding point", "provenance": "SIMULATED", "rainfall_scenario": "whatif_baseline"}}]}