{"type": "FeatureCollection", "features": [{"type": "Feature", "geometry": {"type": "Point", "coordinates": [72.75, 19.3]}, "properties": {"susceptibility_score": 0.4, "provenance": "MODELLED"}}, {"type": "Feature", "geometry": {"type": "Point", "coordinates": [72.756111, 19.3]}, "properties": {"susceptibility_score": 0.4, "provenance": "MODELLED"}}, {"type": "Feature", "geometry": {"type": "Point", "coordinates": [72.762222, 19.3]}, "properties": {"susceptibility_score": 0.4, "provenance": "MODELLED"}}, {"type": "Feature", "geometry": {"type": "Point", "coordinates": [72.768333, 19.3]}, "properties": {"susceptibility_score": 0.4, "provenance": "MODELLED"}}, {"type": "Feature", "geometry": {"type": "Point", "coordinates": [72.774444, 19.3]}, "properties": {"susceptibility_score": 0.4, "provenance": "MODELLED"}}, {"type": "Feature", "geometry": {"type": "Point", "coordinates": [72.780556, 19.3]}, "properties": {"susceptibility_score": 0.4392, "provenance": "MODELLED"}}, {"type": "Feature", "geometry": {"type": "Point", "coordinates": [72.786667, 19.3]}, "properties": {"susceptibility_score": 0.5006, "provenance": "MODELLED"}}, {"type": "Feature", "geometry": {"type": "Point", "coordinates": [72.792778, 19.3]}, "properties": {"susceptibility_score": 0.4059, "provenance": "MODELLED"}}, {"type": "Feature", "geometry": {"type": "Point", "coordinates": [72.798889, 19.3]}, "properties": {"susceptibility_score": 0.6455, "provenance": "MODELLED"}}, {"type": "Feature", "geometry": {"type": "Point", "coordinates": [72.805, 19.3]}, "properties": {"susceptibility_score": 0.5169, "provenance": "MODELLED"}}, {"type": "Feature", "geometry": {"type": "Point", "coordinates": [72.811111, 19.3]}, "properties": {"susceptibility_score": 0.5429, "provenance": "MODELLED"}}, {"type": "Feature", "geometry": {"type": "Point", "coordinates": [72.817222, 19.3]}, "properties": {"susceptibility_score": 0.5063, "provenance": "MODELLED"}}, {"type": "Feature", "geometry": {"type": "Point", "coordinates": [72.823333, 19.3]}, "properties": {"susceptibility_score": 0.4867, "provenance": "MODELLED"}}, {"type": "Feature", "geometry": {"type": "Point", "coordinates": [72.829444, 19.3]}, "properties": {"susceptibility_score": 0.5695, "provenance": "MODELLED"}}, {"type": "Feature", "geometry": {"type": "Point", "coordinates": [72.835556, 19.3]}, "properties": {"susceptibility_score": 0.7714, "provenance": "MODELLED"}}, {"type": "Feature", "geometry": {"type": "Point", "coordinates": [72.841667, 19.3]}, "properties": {"susceptibility_score": 0.5276, "provenance": "MODELLED"}}, {"type": "Feature", "geometry": {"type": "Point", "coordinates": [72.847778, 19.3]}, "properties": {"susceptibility_score": 0.7461, "provenance": "MODELLED"}}, {"type": "Feature", "geometry": {"type": "Point", "coordinates": [72.853889, 19.3]}, "properties": {"susceptibility_score": 0.6394, "provenance": "MODELLED"}}, {"type": "Feature", "geometry": {"type": "Point", "coordinates": [72.86, 19.3]}, "properties": {"susceptibility_score": 0.6238, "provenance": "MODELLED"}}, {"type": "Feature", "geometry": {"type": "Point", "coordinates": [72.866111, 19.3]}, "properties": {"susceptibility_score": 0.3946, "provenance": "MODELLED"}}, {"type": "Feature", "geometry": {"type": "Point", "coordinates": [72.872222, 19.3]}, "properties": {"susceptibility_score": 0.4159, "provenance": "MODELLED"}}, {"type": "Feature", "geometry": {"type": "Point", "coordinates": [72.878333, 19.3]}, "properties": {"susceptibility_score": 0.5565, "provenance": "MODELLED"}}, {"type": "Feature", "geometry": {"type": "Point", "coordinates": [72.884444, 19.3]}, "properties": {"susceptibility_score": 0.5649, "provenance": "MODELLED"}}, {"type": "Feature", "geometry": {"type": "Point", "coordinates": [72.890556, 19.3]}, "properties": {"susceptibility_score": 0.5876, "provenance": "MODELLED"}}, {"type": "Feature", "geometry": {"type": "Point", "coordinates": [72.896667, 19.3]}, "properties": {"susceptibility_score": 0.567, "provenance": "MODELLED"}}, {"type": "Feature", "geometry": {"type": "Point", "coordinates": [72.902778, 19.3]}, "properties": {"susceptibility_score": 0.4716, "provenance": "MODELLED"}}, {"type": "Feature", "geometry": {"type": "Point", "coordinates": [72.908889, 19.3]}, "properties": {"susceptibility_score": 0.3477, "provenance": "MODELLED"}}, {"type": "Feature", "geometry": {"type": "Point", "coordinates": [72.915, 19.3]}, "properties": {"susceptibility_score": 0.2573, "provenance": "MODELLED"}}, {"type": "Feature", "geometry": {"type": "Point", "coordinates": [72.921111, 19.3]}, "properties": {"susceptibility_score": 0.2979, "provenance": "MODELLED"}}, {"type": "Feature", "geometry": {"type": "Point", "coordinates": [72.927222, 19.3]}, "properties": {"susceptibility_score": 0.4852, "provenance": "MODELLED"}}, {"type": "Feature", "geometry": {"type": "Point", "coordinates": [72.933333, 19.3]}, "properties": {"susceptibility_score": 0.4078, "provenance": "MODELLED"}}, {"type": "Feature", "geometry": {"type": "Point", "coordinates": [72.939444, 19.3]}, "properties": {"susceptibility_score": 0.5581, "provenance": "MODELLED"}}, {"type": "Feature", "geometry": {"type": "Point", "coordinates": [72.945556, 19.3]}, "properties": {"susceptibility_score": 0.5814, "provenance": "MODELLED"}}, {"type": "Feature", "geometry": {"type": "Point", "coordinates": [72.951667, 19.3]}, "properties": {"susceptibility_score": 0.5753, "provenance": "MODELLED"}}, {"type": "Feature", "geometry": {"type": "Point", "coordinates": [72.957778, 19.3]}, "properties": {"susceptibility_score": 0.6, "provenance": "MODELLED"}}, {"type": "Feature", "geometry": {"type": "Point", "coordinates": [72.963889, 19.3]}, "properties": {"susceptibility_score": 0.5938, "provenance": "MODELLED"}}, {"type": "Feature", "geometry": {"type": "Point", "coordinates": [72.97, 19.3]}, "properties": {"susceptibility_score": 0.5753, "provenance": "MODELLED"}}, {"type": "Feature", "geometry": {"type": "Point", "coordinates": [72.976111, 19.3]}, "properties": {"susceptibility_score": 0.4572, "provenance": "MODELLED"}}, {"type": "Feature", "geometry": {"type": "Point", "coordinates": [72.982222, 19.3]}, "properties": {"susceptibility_score": 0.5271, "provenance": "MODELLED"}}, {"type": "Feature", "geometry": {"type": "Point", "coordinates": [72.988333, 19.3]}, "properties": {"susceptibility_score": 0.55, "provenance": "MODELLED"}}, {"type": "Feature", "geometry": {"type": "Point", "coordinates": [72.994444, 19.3]}, "properties": {"susceptibility_score": 0.4504, "provenance": "MODELLED"}}, {"type": "Feature", "geometry": {"type": "Point", "coordinates": [73.000556, 19.3]}, "properties": {"susceptibility_score": 0.5765, "provenance": "MODELLED"}}, {"type": "Feature", "geometry": {"type": "Point", "coordinates": [73.006667, 19.3]}, "properties": {"susceptibility_score": 0.4994, "provenance": "MODELLED"}}, {"type": "Feature", "geometry": {"type": "Point", "coordinates": [73.012778, 19.3]}, "properties": {"susceptibility_score": 0.5072, "provenance": "MODELLED"}}, {"type": "Feature", "geometry": {"type": "Point", "coordinates": [73.018889, 19.3]}, "properties": {"susceptibility_score": 0.3944, "provenance": "MODELLED"}}, {"type": "Feature", "geometry": {"type": "Point", "coordinates": [73.025, 19.3]}, "properties": {"susceptibility_score": 0.3873, "provenance": "MODELLED"}}, {"type": "Feature", "geometry": {"type": "Point", "coordinates": [73.031111, 19.3]}, "properties": {"susceptibility_score": 0.4321, "provenance": "MODELLED"}}, {"type": "Feature", "geometry": {"type": "Point", "coordinates": [73.037222, 19.3]}, "properties": {"susceptibility_score": 0.4207, "provenance": "MODELLED"}}, {"type": "Feature", "geometry": {"type": "Point", "coordinates": [73.043333, 19.3]}, "properties": {"susceptibility_score": 0.7753, "provenance": "MODELLED"}}, {"type": "Feature", "geometry": {"type": "Point", "coordinates": [73.049722, 19.3]}, "properties": {"susceptibility_score": 0.6486, "provenance": "MODELLED"}}, {"type": "Feature", "geometry": {"type": "Point", "coordinates": [72.75, 19.290833]}, "properties": {"susceptibility_score": 0.4, "provenance": "MODELLED"}}, {"type": "Feature", "geometry": {"type": "Point", "coordinates": [72.756111, 19.290833]}, "properties": {"susceptibility_score": 0.4, "provenance": "MODELLED"}}, {"type": "Feature", "geometry": {"type": "Point", "coordinates": [72.762222, 19.290833]}, "properties": {"susceptibility_score": 0.4, "provenance": "MODELLED"}}, {"type": "Feature", "geometry": {"type": "Point", "coordinates": [72.768333, 19.290833]}, "properties": {"susceptibility_score": 0.4, "provenance": "MODELLED"}}, {"type": "Feature", "geometry": {"type": "Point", "coordinates": [72.774444, 19.290833]}, "properties": {"susceptibility_score": 0.4, "provenance": "MODELLED"}}, {"type": "Feature", "geometry": {"type": "Point", "coordinates": [72.780556, 19.290833]}, "properties": {"susceptibility_score": 0.4688, "provenance": "MODELLED"}}, {"type": "Feature", "geometry": {"type": "Point", "coordinates": [72.786667, 19.290833]}, "properties": {"susceptibility_score": 0.6377, "provenance": "MODELLED"}}, {"type": "Feature", "geometry": {"type": "Point", "coordinates": [72.792778, 19.290833]}, "properties": {"susceptibility_score": 0.6387, "provenance": "MODELLED"}}, {"type": "Feature", "geometry": {"type": "Point", "coordinates": [72.798889, 19.290833]}, "properties": {"susceptibility_score": 0.5443, "provenance": "MODELLED"}}, {"type": "Feature", "geometry": {"type": "Point", "coordinates": [72.805, 19.290833]}, "properties": {"susceptibility_score": 0.5369, "provenance": "MODELLED"}}, {"type": "Feature", "geometry": {"type": "Point", "coordinates": [72.811111, 19.290833]}, "properties": {"susceptibility_score": 0.5858, "provenance": "MODELLED"}}, {"type": "Feature", "geometry": {"type": "Point", "coordinates": [72.817222, 19.290833]}, "properties": {"susceptibility_score": 0.5531, "provenance": "MODELLED"}}, {"type": "Feature", "geometry": {"type": "Point", "coordinates": [72.823333, 19.290833]}, "properties": {"susceptibility_score": 0.5197, "provenance": "MODELLED"}}, {"type": "Feature", "geometry": {"type": "Point", "coordinates": [72.829444, 19.290833]}, "properties": {"susceptibility_score": 0.4606, "provenance": "MODELLED"}}, {"type": "Feature", "geometry": {"type": "Point", "coordinates": [72.835556, 19.290833]}, "properties": {"susceptibility_score": 0.5684, "provenance": "MODELLED"}}, {"type": "Feature", "geometry": {"type": "Point", "coordinates": [72.841667, 19.290833]}, "properties": {"susceptibility_score": 0.5529, "provenance": "MODELLED"}}, {"type": "Feature", "geometry": {"type": "Point", "coordinates": [72.847778, 19.290833]}, "properties": {"susceptibility_score": 0.5566, "provenance": "MODELLED"}}, {"type": "Feature", "geometry": {"type": "Point", "coordinates": [72.853889, 19.290833]}, "properties": {"susceptibility_score": 0.5963, "provenance": "MODELLED"}}, {"type": "Feature", "geometry": {"type": "Point", "coordinates": [72.86, 19.290833]}, "properties": {"susceptibility_score": 0.5133, "provenance": "MODELLED"}}, {"type": "Feature", "geometry": {"type": "Point", "coordinates": [72.866111, 19.290833]}, "properties": {"susceptibility_score": 0.7067, "provenance": "MODELLED"}}, {"type": "Feature", "geometry": {"type": "Point", "coordinates": [72.872222, 19.290833]}, "properties": {"susceptibility_score": 0.6914, "provenance": "MODELLED"}}, {"type": "Feature", "geometry": {"type": "Point", "coordinates": [72.878333, 19.290833]}, "properties": {"susceptibility_score": 0.6094, "provenance": "MODELLED"}}, {"type": "Feature", "geometry": {"type": "Point", "coordinates": [72.884444, 19.290833]}, "properties": {"susceptibility_score": 0.5837, "provenance": "MODELLED"}}, {"type": "Feature", "geometry": {"type": "Point", "coordinates": [72.890556, 19.290833]}, "properties": {"susceptibility_score": 0.4983, "provenance": "MODELLED"}}, {"type": "Feature", "geometry": {"type": "Point", "coordinates": [72.896667, 19.290833]}, "properties": {"susceptibility_score": 0.5777, "provenance": "MODELLED"}}, {"type": "Feature", "geometry": {"type": "Point", "coordinates": [72.902778, 19.290833]}, "properties": {"susceptibility_score": 0.5913, "provenance": "MODELLED"}}, {"type": "Feature", "geometry": {"type": "Point", "coordinates": [72.908889, 19.290833]}, "properties": {"susceptibility_score": 0.5825, "provenance": "MODELLED"}}, {"type": "Feature", "geometry": {"type": "Point", "coordinates": [72.915, 19.290833]}, "properties": {"susceptibility_score": 0.5252, "provenance": "MODELLED"}}, {"type": "Feature", "geometry": {"type": "Point", "coordinates": [72.921111, 19.290833]}, "properties": {"susceptibility_score": 0.5876, "provenance": "MODELLED"}}, {"type": "Feature", "geometry": {"type": "Point", "coordinates": [72.927222, 19.290833]}, "properties": {"susceptibility_score": 0.5862, "provenance": "MODELLED"}}, {"type": "Feature", "geometry": {"type": "Point", "coordinates": [72.933333, 19.290833]}, "properties": {"susceptibility_score": 0.5113, "provenance": "MODELLED"}}, {"type": "Feature", "geometry": {"type": "Point", "coordinates": [72.939444, 19.290833]}, "properties": {"susceptibility_score": 0.5938, "provenance": "MODELLED"}}, {"type": "Feature", "geometry": {"type": "Point", "coordinates": [72.945556, 19.290833]}, "properties": {"susceptibility_score": 0.623, "provenance": "MODELLED"}}, {"type": "Feature", "geometry": {"type": "Point", "coordinates": [72.951667, 19.290833]}, "properties": {"susceptibility_score": 0.5831, "provenance": "MODELLED"}}, {"type": "Feature", "geometry": {"type": "Point", "coordinates": [72.957778, 19.290833]}, "properties": {"susceptibility_score": 0.5466, "provenance": "MODELLED"}}, {"type": "Feature", "geometry": {"type": "Point", "coordinates": [72.963889, 19.290833]}, "properties": {"susceptibility_score": 0.509, "provenance": "MODELLED"}}, {"type": "Feature", "geometry": {"type": "Point", "coordinates": [72.97, 19.290833]}, "properties": {"susceptibility_score": 0.5717, "provenance": "MODELLED"}}, {"type": "Feature", "geometry": {"type": "Point", "coordinates": [72.976111, 19.290833]}, "properties": {"susceptibility_score": 0.5876, "provenance": "MODELLED"}}, {"type": "Feature", "geometry": {"type": "Point", "coordinates": [72.982222, 19.290833]}, "properties": {"susceptibility_score": 0.5609, "provenance": "MODELLED"}}, {"type": "Feature", "geometry": {"type": "Point", "coordinates": [72.988333, 19.290833]}, "properties": {"susceptibility_score": 0.5506, "provenance": "MODELLED"}}, {"type": "Feature", "geometry": {"type": "Point", "coordinates": [72.994444, 19.290833]}, "properties": {"susceptibility_score": 0.4378, "provenance": "MODELLED"}}, {"type": "Feature", "geometry": {"type": "Point", "coordinates": [73.000556, 19.290833]}, "properties": {"susceptibility_score": 0.5603, "provenance": "MODELLED"}}, {"type": "Feature", "geometry": {"type": "Point", "coordinates": [73.006667, 19.290833]}, "properties": {"susceptibility_score": 0.5879, "provenance": "MODELLED"}}, {"type": "Feature", "geometry": {"type": "Point", "coordinates": [73.012778, 19.290833]}, "properties": {"susceptibility_score": 0.6163, "provenance": "MODELLED"}}, {"type": "Feature", "geometry": {"type": "Point", "coordinates": [73.018889, 19.290833]}, "properties": {"susceptibility_score": 0.5041, "provenance": "MODELLED"}}, {"type": "Feature", "geometry": {"type": "Point", "coordinates": [73.025, 19.290833]}, "properties": {"susceptibility_score": 0.5794, "provenance": "MODELLED"}}, {"type": "Feature", "geometry": {"type": "Point", "coordinates": [73.031111, 19.290833]}, "properties": {"susceptibility_score": 0.5145, "provenance": "MODELLED"}}, {"type": "Feature", "geometry": {"type": "Point", "coordinates": [73.037222, 19.290833]}, "properties": {"susceptibility_score": 0.7266, "provenance": "MODELLED"}}, {"type": "Feature", "geometry": {"type": "Point", "coordinates": [73.043333, 19.290833]}, "properties": {"susceptibility_score": 0.6029, "provenance": "MODELLED"}}, {"type": "Feature", "geometry": {"type": "Point", "coordinates": [73.049722, 19.290833]}, "properties": {"susceptibility_score": 0.6895, "provenance": "MODELLED"}}, {"type": "Feature", "geometry": {"type": "Point", "coordinates": [72.75, 19.281667]}, "properties": {"susceptibility_score": 0.4, "provenance": "MODELLED"}}, {"type": "Feature", "geometry": {"type": "Point", "coordinates": [72.756111, 19.281667]}, "properties": {"susceptibility_score": 0.4, "provenance": "MODELLED"}}, {"type": "Feature", "geometry": {"type": "Point", "coordinates": [72.762222, 19.281667]}, "properties": {"susceptibility_score": 0.4, "provenance": "MODELLED"}}, {"type": "Feature", "geometry": {"type": "Point", "coordinates": [72.768333, 19.281667]}, "properties": {"susceptibility_score": 0.4668, "provenance": "MODELLED"}}, {"type": "Feature", "geometry": {"type": "Point", "coordinates": [72.774444, 19.281667]}, "properties": {"susceptibility_score": 0.5505, "provenance": "MODELLED"}}, {"type": "Feature", "geometry": {"type": "Point", "coordinates": [72.780556, 19.281667]}, "properties": {"susceptibility_score": 0.5388, "provenance": "MODELLED"}}, {"type": "Feature", "geometry": {"type": "Point", "coordinates": [72.786667, 19.281667]}, "properties": {"susceptibility_score": 0.6002, "provenance": "MODELLED"}}, {"type": "Feature", "geometry": {"type": "Point", "coordinates": [72.792778, 19.281667]}, "properties": {"susceptibility_score": 0.5776, "provenance": "MODELLED"}}, {"type": "Feature", "geometry": {"type": "Point", "coordinates": [72.798889, 19.281667]}, "properties": {"susceptibility_score": 0.5365, "provenance": "MODELLED"}}, {"type": "Feature", "geometry": {"type": "Point", "coordinates": [72.805, 19.281667]}, "properties": {"susceptibility_score": 0.4226, "provenance": "MODELLED"}}, {"type": "Feature", "geometry": {"type": "Point", "coordinates": [72.811111, 19.281667]}, "properties": {"susceptibility_score": 0.4876, "provenance": "MODELLED"}}, {"type": "Feature", "geometry": {"type": "Point", "coordinates": [72.817222, 19.281667]}, "properties": {"susceptibility_score": 0.5793, "provenance": "MODELLED"}}, {"type": "Feature", "geometry": {"type": "Point", "coordinates": [72.823333, 19.281667]}, "properties": {"susceptibility_score": 0.532, "provenance": "MODELLED"}}, {"type": "Feature", "geometry": {"type": "Point", "coordinates": [72.829444, 19.281667]}, "properties": {"susceptibility_score": 0.5297, "provenance": "MODELLED"}}, {"type": "Feature", "geometry": {"type": "Point", "coordinates": [72.835556, 19.281667]}, "properties": {"susceptibility_score": 0.5454, "provenance": "MODELLED"}}, {"type": "Feature", "geometry": {"type": "Point", "coordinates": [72.841667, 19.281667]}, "properties": {"susceptibility_score": 0.5433, "provenance": "MODELLED"}}, {"type": "Feature", "geometry": {"type": "Point", "coordinates": [72.847778, 19.281667]}, "properties": {"susceptibility_score": 0.5863, "provenance": "MODELLED"}}, {"type": "Feature", "geometry": {"type": "Point", "coordinates": [72.853889, 19.281667]}, "properties": {"susceptibility_score": 0.5503, "provenance": "MODELLED"}}, {"type": "Feature", "geometry": {"type": "Point", "coordinates": [72.86, 19.281667]}, "properties": {"susceptibility_score": 0.6905, "provenance": "MODELLED"}}, {"type": "Feature", "geometry": {"type": "Point", "coordinates": [72.866111, 19.281667]}, "properties": {"susceptibility_score": 0.6629, "provenance": "MODELLED"}}, {"type": "Feature", "geometry": {"type": "Point", "coordinates": [72.872222, 19.281667]}, "properties": {"susceptibility_score": 0.599, "provenance": "MODELLED"}}, {"type": "Feature", "geometry": {"type": "Point", "coordinates": [72.878333, 19.281667]}, "properties": {"susceptibility_score": 0.7607, "provenance": "MODELLED"}}, {"type": "Feature", "geometry": {"type": "Point", "coordinates": [72.884444, 19.281667]}, "properties": {"susceptibility_score": 0.6265, "provenance": "MODELLED"}}, {"type": "Feature", "geometry": {"type": "Point", "coordinates": [72.890556, 19.281667]}, "properties": {"susceptibility_score": 0.6335, "provenance": "MODELLED"}}, {"type": "Feature", "geometry": {"type": "Point", "coordinates": [72.896667, 19.281667]}, "properties": {"susceptibility_score": 0.3699, "provenance": "MODELLED"}}, {"type": "Feature", "geometry": {"type": "Point", "coordinates": [72.902778, 19.281667]}, "properties": {"susceptibility_score": 0.5527, "provenance": "MODELLED"}}, {"type": "Feature", "geometry": {"type": "Point", "coordinates": [72.908889, 19.281667]}, "properties": {"susceptibility_score": 0.6317, "provenance": "MODELLED"}}, {"type": "Feature", "geometry": {"type": "Point", "coordinates": [72.915, 19.281667]}, "properties": {"susceptibility_score": 0.4247, "provenance": "MODELLED"}}, {"type": "Feature", "geometry": {"type": "Point", "coordinates": [72.921111, 19.281667]}, "properties": {"susceptibility_score": 0.4377, "provenance": "MODELLED"}}, {"type": "Feature", "geometry": {"type": "Point", "coordinates": [72.927222, 19.281667]}, "properties": {"susceptibility_score": 0.4259, "provenance": "MODELLED"}}, {"type": "Feature", "geometry": {"type": "Point", "coordinates": [72.933333, 19.281667]}, "properties": {"susceptibility_score": 0.4578, "provenance": "MODELLED"}}, {"type": "Feature", "geometry": {"type": "Point", "coordinates": [72.939444, 19.281667]}, "properties": {"susceptibility_score": 0.3928, "provenance": "MODELLED"}}, {"type": "Feature", "geometry": {"type": "Point", "coordinates": [72.945556, 19.281667]}, "properties": {"susceptibility_score": 0.5506, "provenance": "MODELLED"}}, {"type": "Feature", "geometry": {"type": "Point", "coordinates": [72.951667, 19.281667]}, "properties": {"susceptibility_score": 0.5739, "provenance": "MODELLED"}}, {"type": "Feature", "geometry": {"type": "Point", "coordinates": [72.957778, 19.281667]}, "properties": {"susceptibility_score": 0.5201, "provenance": "MODELLED"}}, {"type": "Feature", "geometry": {"type": "Point", "coordinates": [72.963889, 19.281667]}, "properties": {"susceptibility_score": 0.5929, "provenance": "MODELLED"}}, {"type": "Feature", "geometry": {"type": "Point", "coordinates": [72.97, 19.281667]}, "properties": {"susceptibility_score": 0.5147, "provenance": "MODELLED"}}, {"type": "Feature", "geometry": {"type": "Point", "coordinates": [72.976111, 19.281667]}, "properties": {"susceptibility_score": 0.5768, "provenance": "MODELLED"}}, {"type": "Feature", "geometry": {"type": "Point", "coordinates": [72.982222, 19.281667]}, "properties": {"susceptibility_score": 0.5686, "provenance": "MODELLED"}}, {"type": "Feature", "geometry": {"type": "Point", "coordinates": [72.988333, 19.281667]}, "properties": {"susceptibility_score": 0.5938, "provenance": "MODELLED"}}, {"type": "Feature", "geometry": {"type": "Point", "coordinates": [72.994444, 19.281667]}, "properties": {"susceptibility_score": 0.5618, "provenance": "MODELLED"}}, {"type": "Feature", "geometry": {"type": "Point", "coordinates": [73.000556, 19.281667]}, "properties": {"susceptibility_score": 0.5741, "provenance": "MODELLED"}}, {"type": "Feature", "geometry": {"type": "Point", "coordinates": [73.006667, 19.281667]}, "properties": {"susceptibility_score": 0.583, "provenance": "MODELLED"}}, {"type": "Feature", "geometry": {"type": "Point", "coordinates": [73.012778, 19.281667]}, "properties": {"susceptibility_score": 0.5373, "provenance": "MODELLED"}}, {"type": "Feature", "geometry": {"type": "Point", "coordinates": [73.018889, 19.281667]}, "properties": {"susceptibility_score": 0.5577, "provenance": "MODELLED"}}, {"type": "Feature", "geometry": {"type": "Point", "coordinates": [73.025, 19.281667]}, "properties": {"susceptibility_score": 0.4934, "provenance": "MODELLED"}}, {"type": "Feature", "geometry": {"type": "Point", "coordinates": [73.031111, 19.281667]}, "properties": {"susceptibility_score": 0.3954, "provenance": "MODELLED"}}, {"type": "Feature", "geometry": {"type": "Point", "coordinates": [73.037222, 19.281667]}, "properties": {"susceptibility_score": 0.3841, "provenance": "MODELLED"}}, {"type": "Feature", "geometry": {"type": "Point", "coordinates": [73.043333, 19.281667]}, "properties": {"susceptibility_score": 0.6724, "provenance": "MODELLED"}}, {"type": "Feature", "geometry": {"type": "Point", "coordinates": [73.049722, 19.281667]}, "properties": {"susceptibility_score": 0.7318, "provenance": "MODELLED"}}, {"type": "Feature", "geometry": {"type": "Point", "coordinates": [72.75, 19.2725]}, "properties": {"susceptibility_score": 0.4, "provenance": "MODELLED"}}, {"type": "Feature", "geometry": {"type": "Point", "coordinates": [72.756111, 19.2725]}, "properties": {"susceptibility_score": 0.4, "provenance": "MODELLED"}}, {"type": "Feature", "geometry": {"type": "Point", "coordinates": [72.762222, 19.2725]}, "properties": {"susceptibility_score": 0.4, "provenance": "MODELLED"}}, {"type": "Feature", "geometry": {"type": "Point", "coordinates": [72.768333, 19.2725]}, "properties": {"susceptibility_score": 0.4763, "provenance": "MODELLED"}}, {"type": "Feature", "geometry": {"type": "Point", "coordinates": [72.774444, 19.2725]}, "properties": {"susceptibility_score": 0.6, "provenance": "MODELLED"}}, {"type": "Feature", "geometry": {"type": "Point", "coordinates": [72.780556, 19.2725]}, "properties": {"susceptibility_score": 0.6021, "provenance": "MODELLED"}}, {"type": "Feature", "geometry": {"type": "Point", "coordinates": [72.786667, 19.2725]}, "properties": {"susceptibility_score": 0.5699, "provenance": "MODELLED"}}, {"type": "Feature", "geometry": {"type": "Point", "coordinates": [72.792778, 19.2725]}, "properties": {"susceptibility_score": 0.575, "provenance": "MODELLED"}}, {"type": "Feature", "geometry": {"type": "Point", "coordinates": [72.798889, 19.2725]}, "properties": {"susceptibility_score": 0.5643, "provenance": "MODELLED"}}, {"type": "Feature", "geometry": {"type": "Point", "coordinates": [72.805, 19.2725]}, "properties": {"susceptibility_score": 0.508, "provenance": "MODELLED"}}, {"type": "Feature", "geometry": {"type": "Point", "coordinates": [72.811111, 19.2725]}, "properties": {"susceptibility_score": 0.4715, "provenance": "MODELLED"}}, {"type": "Feature", "geometry": {"type": "Point", "coordinates": [72.817222, 19.2725]}, "properties": {"susceptibility_score": 0.5557, "provenance": "MODELLED"}}, {"type": "Feature", "geometry": {"type": "Point", "coordinates": [72.823333, 19.2725]}, "properties": {"susceptibility_score": 0.5841, "provenance": "MODELLED"}}, {"type": "Feature", "geometry": {"type": "Point", "coordinates": [72.829444, 19.2725]}, "properties": {"susceptibility_score": 0.5429, "provenance": "MODELLED"}}, {"type": "Feature", "geometry": {"type": "Point", "coordinates": [72.835556, 19.2725]}, "properties": {"susceptibility_score": 0.5828, "provenance": "MODELLED"}}, {"type": "Feature", "geometry": {"type": "Point", "coordinates": [72.841667, 19.2725]}, "properties": {"susceptibility_score": 0.5265, "provenance": "MODELLED"}}, {"type": "Feature", "geometry": {"type": "Point", "coordinates": [72.847778, 19.2725]}, "properties": {"susceptibility_score": 0.5817, "provenance": "MODELLED"}}, {"type": "Feature", "geometry": {"type": "Point", "coordinates": [72.853889, 19.2725]}, "properties": {"susceptibility_score": 0.6227, "provenance": "MODELLED"}}, {"type": "Feature", "geometry": {"type": "Point", "coordinates": [72.86, 19.2725]}, "properties": {"susceptibility_score": 0.5783, "provenance": "MODELLED"}}, {"type": "Feature", "geometry": {"type": "Point", "coordinates": [72.866111, 19.2725]}, "properties": {"susceptibility_score": 0.5891, "provenance": "MODELLED"}}, {"type": "Feature", "geometry": {"type": "Point", "coordinates": [72.872222, 19.2725]}, "properties": {"susceptibility_score": 0.6793, "provenance": "MODELLED"}}, {"type": "Feature", "geometry": {"type": "Point", "coordinates": [72.878333, 19.2725]}, "properties": {"susceptibility_score": 0.6949, "provenance": "MODELLED"}}, {"type": "Feature", "geometry": {"type": "Point", "coordinates": [72.884444, 19.2725]}, "properties": {"susceptibility_score": 0.6835, "provenance": "MODELLED"}}, {"type": "Feature", "geometry": {"type": "Point", "coordinates": [72.890556, 19.2725]}, "properties": {"susceptibility_score": 0.6703, "provenance": "MODELLED"}}, {"type": "Feature", "geometry": {"type": "Point", "coordinates": [72.896667, 19.2725]}, "properties": {"susceptibility_score": 0.7299, "provenance": "MODELLED"}}, {"type": "Feature", "geometry": {"type": "Point", "coordinates": [72.902778, 19.2725]}, "properties": {"susceptibility_score": 0.4153, "provenance": "MODELLED"}}, {"type": "Feature", "geometry": {"type": "Point", "coordinates": [72.908889, 19.2725]}, "properties": {"susceptibility_score": 0.4827, "provenance": "MODELLED"}}, {"type": "Feature", "geometry": {"type": "Point", "coordinates": [72.915, 19.2725]}, "properties": {"susceptibility_score": 0.7519, "provenance": "MODELLED"}}, {"type": "Feature", "geometry": {"type": "Point", "coordinates": [72.921111, 19.2725]}, "properties": {"susceptibility_score": 0.501, "provenance": "MODELLED"}}, {"type": "Feature", "geometry": {"type": "Point", "coordinates": [72.927222, 19.2725]}, "properties": {"susceptibility_score": 0.3512, "provenance": "MODELLED"}}, {"type": "Feature", "geometry": {"type": "Point", "coordinates": [72.933333, 19.2725]}, "properties": {"susceptibility_score": 0.308, "provenance": "MODELLED"}}, {"type": "Feature", "geometry": {"type": "Point", "coordinates": [72.939444, 19.2725]}, "properties": {"susceptibility_score": 0.3414, "provenance": "MODELLED"}}, {"type": "Feature", "geometry": {"type": "Point", "coordinates": [72.945556, 19.2725]}, "properties": {"susceptibility_score": 0.4723, "provenance": "MODELLED"}}, {"type": "Feature", "geometry": {"type": "Point", "coordinates": [72.951667, 19.2725]}, "properties": {"susceptibility_score": 0.7168, "provenance": "MODELLED"}}, {"type": "Feature", "geometry": {"type": "Point", "coordinates": [72.957778, 19.2725]}, "properties": {"susceptibility_score": 0.4834, "provenance": "MODELLED"}}, {"type": "Feature", "geometry": {"type": "Point", "coordinates": [72.963889, 19.2725]}, "properties": {"susceptibility_score": 0.5844, "provenance": "MODELLED"}}, {"type": "Feature", "geometry": {"type": "Point", "coordinates": [72.97, 19.2725]}, "properties": {"susceptibility_score": 0.6793, "provenance": "MODELLED"}}, {"type": "Feature", "geometry": {"type": "Point", "coordinates": [72.976111, 19.2725]}, "properties": {"susceptibility_score": 0.5545, "provenance": "MODELLED"}}, {"type": "Feature", "geometry": {"type": "Point", "coordinates": [72.982222, 19.2725]}, "properties": {"susceptibility_score": 0.5743, "provenance": "MODELLED"}}, {"type": "Feature", "geometry": {"type": "Point", "coordinates": [72.988333, 19.2725]}, "properties": {"susceptibility_score": 0.5999, "provenance": "MODELLED"}}, {"type": "Feature", "geometry": {"type": "Point", "coordinates": [72.994444, 19.2725]}, "properties": {"susceptibility_score": 0.5768, "provenance": "MODELLED"}}, {"type": "Feature", "geometry": {"type": "Point", "coordinates": [73.000556, 19.2725]}, "properties": {"susceptibility_score": 0.5669, "provenance": "MODELLED"}}, {"type": "Feature", "geometry": {"type": "Point", "coordinates": [73.006667, 19.2725]}, "properties": {"susceptibility_score": 0.6034, "provenance": "MODELLED"}}, {"type": "Feature", "geometry": {"type": "Point", "coordinates": [73.012778, 19.2725]}, "properties": {"susceptibility_score": 0.535, "provenance": "MODELLED"}}, {"type": "Feature", "geometry": {"type": "Point", "coordinates": [73.018889, 19.2725]}, "properties": {"susceptibility_score": 0.5595, "provenance": "MODELLED"}}, {"type": "Feature", "geometry": {"type": "Point", "coordinates": [73.025, 19.2725]}, "properties": {"susceptibility_score": 0.479, "provenance": "MODELLED"}}, {"type": "Feature", "geometry": {"type": "Point", "coordinates": [73.031111, 19.2725]}, "properties": {"susceptibility_score": 0.4445, "provenance": "MODELLED"}}, {"type": "Feature", "geometry": {"type": "Point", "coordinates": [73.037222, 19.2725]}, "properties": {"susceptibility_score": 0.3924, "provenance": "MODELLED"}}, {"type": "Feature", "geometry": {"type": "Point", "coordinates": [73.043333, 19.2725]}, "properties": {"susceptibility_score": 0.5671, "provenance": "MODELLED"}}, {"type": "Feature", "geometry": {"type": "Point", "coordinates": [73.049722, 19.2725]}, "properties": {"susceptibility_score": 0.429, "provenance": "MODELLED"}}, {"type": "Feature", "geometry": {"type": "Point", "coordinates": [72.75, 19.263333]}, "properties": {"susceptibility_score": 0.4, "provenance": "MODELLED"}}, {"type": "Feature", "geometry": {"type": "Point", "coordinates": [72.756111, 19.263333]}, "properties": {"susceptibility_score": 0.4, "provenance": "MODELLED"}}, {"type": "Feature", "geometry": {"type": "Point", "coordinates": [72.762222, 19.263333]}, "properties": {"susceptibility_score": 0.4, "provenance": "MODELLED"}}, {"type": "Feature", "geometry": {"type": "Point", "coordinates": [72.768333, 19.263333]}, "properties": {"susceptibility_score": 0.4068, "provenance": "MODELLED"}}, {"type": "Feature", "geometry": {"type": "Point", "coordinates": [72.774444, 19.263333]}, "properties": {"susceptibility_score": 0.4516, "provenance": "MODELLED"}}, {"type": "Feature", "geometry": {"type": "Point", "coordinates": [72.780556, 19.263333]}, "properties": {"susceptibility_score": 0.4516, "provenance": "MODELLED"}}, {"type": "Feature", "geometry": {"type": "Point", "coordinates": [72.786667, 19.263333]}, "properties": {"susceptibility_score": 0.4715, "provenance": "MODELLED"}}, {"type": "Feature", "geometry": {"type": "Point", "coordinates": [72.792778, 19.263333]}, "properties": {"susceptibility_score": 0.5921, "provenance": "MODELLED"}}, {"type": "Feature", "geometry": {"type": "Point", "coordinates": [72.798889, 19.263333]}, "properties": {"susceptibility_score": 0.5418, "provenance": "MODELLED"}}, {"type": "Feature", "geometry": {"type": "Point", "coordinates": [72.805, 19.263333]}, "properties": {"susceptibility_score": 0.5574, "provenance": "MODELLED"}}, {"type": "Feature", "geometry": {"type": "Point", "coordinates": [72.811111, 19.263333]}, "properties": {"susceptibility_score": 0.5708, "provenance": "MODELLED"}}, {"type": "Feature", "geometry": {"type": "Point", "coordinates": [72.817222, 19.263333]}, "properties": {"susceptibility_score": 0.5983, "provenance": "MODELLED"}}, {"type": "Feature", "geometry": {"type": "Point", "coordinates": [72.823333, 19.263333]}, "properties": {"susceptibility_score": 0.5247, "provenance": "MODELLED"}}, {"type": "Feature", "geometry": {"type": "Point", "coordinates": [72.829444, 19.263333]}, "properties": {"susceptibility_score": 0.5886, "provenance": "MODELLED"}}, {"type": "Feature", "geometry": {"type": "Point", "coordinates": [72.835556, 19.263333]}, "properties": {"susceptibility_score": 0.5996, "provenance": "MODELLED"}}, {"type": "Feature", "geometry": {"type": "Point", "coordinates": [72.841667, 19.263333]}, "properties": {"susceptibility_score": 0.5329, "provenance": "MODELLED"}}, {"type": "Feature", "geometry": {"type": "Point", "coordinates": [72.847778, 19.263333]}, "properties": {"susceptibility_score": 0.579, "provenance": "MODELLED"}}, {"type": "Feature", "geometry": {"type": "Point", "coordinates": [72.853889, 19.263333]}, "properties": {"susceptibility_score": 0.5956, "provenance": "MODELLED"}}, {"type": "Feature", "geometry": {"type": "Point", "coordinates": [72.86, 19.263333]}, "properties": {"susceptibility_score": 0.6032, "provenance": "MODELLED"}}, {"type": "Feature", "geometry": {"type": "Point", "coordinates": [72.866111, 19.263333]}, "properties": {"susceptibility_score": 0.5766, "provenance": "MODELLED"}}, {"type": "Feature", "geometry": {"type": "Point", "coordinates": [72.872222, 19.263333]}, "properties": {"susceptibility_score": 0.6622, "provenance": "MODELLED"}}, {"type": "Feature", "geometry": {"type": "Point", "coordinates": [72.878333, 19.263333]}, "properties": {"susceptibility_score": 0.608, "provenance": "MODELLED"}}, {"type": "Feature", "geometry": {"type": "Point", "coordinates": [72.884444, 19.263333]}, "properties": {"susceptibility_score": 0.4605, "provenance": "MODELLED"}}, {"type": "Feature", "geometry": {"type": "Point", "coordinates": [72.890556, 19.263333]}, "properties": {"susceptibility_score": 0.6131, "provenance": "MODELLED"}}, {"type": "Feature", "geometry": {"type": "Point", "coordinates": [72.896667, 19.263333]}, "properties": {"susceptibility_score": 0.76, "provenance": "MODELLED"}}, {"type": "Feature", "geometry": {"type": "Point", "coordinates": [72.902778, 19.263333]}, "properties": {"susceptibility_score": 0.397, "provenance": "MODELLED"}}, {"type": "Feature", "geometry": {"type": "Point", "coordinates": [72.908889, 19.263333]}, "properties": {"susceptibility_score": 0.4248, "provenance": "MODELLED"}}, {"type": "Feature", "geometry": {"type": "Point", "coordinates": [72.915, 19.263333]}, "properties": {"susceptibility_score": 0.4652, "provenance": "MODELLED"}}, {"type": "Feature", "geometry": {"type": "Point", "coordinates": [72.921111, 19.263333]}, "properties": {"susceptibility_score": 0.5468, "provenance": "MODELLED"}}, {"type": "Feature", "geometry": {"type": "Point", "coordinates": [72.927222, 19.263333]}, "properties": {"susceptibility_score": 0.3683, "provenance": "MODELLED"}}, {"type": "Feature", "geometry": {"type": "Point", "coordinates": [72.933333, 19.263333]}, "properties": {"susceptibility_score": 0.3789, "provenance": "MODELLED"}}, {"type": "Feature", "geometry": {"type": "Point", "coordinates": [72.939444, 19.263333]}, "properties": {"susceptibility_score": 0.1971, "provenance": "MODELLED"}}, {"type": "Feature", "geometry": {"type": "Point", "coordinates": [72.945556, 19.263333]}, "properties": {"susceptibility_score": 0.3358, "provenance": "MODELLED"}}, {"type": "Feature", "geometry": {"type": "Point", "coordinates": [72.951667, 19.263333]}, "properties": {"susceptibility_score": 0.4292, "provenance": "MODELLED"}}, {"type": "Feature", "geometry": {"type": "Point", "coordinates": [72.957778, 19.263333]}, "properties": {"susceptibility_score": 0.487, "provenance": "MODELLED"}}, {"type": "Feature", "geometry": {"type": "Point", "coordinates": [72.963889, 19.263333]}, "properties": {"susceptibility_score": 0.6853, "provenance": "MODELLED"}}, {"type": "Feature", "geometry": {"type": "Point", "coordinates": [72.97, 19.263333]}, "properties": {"susceptibility_score": 0.6452, "provenance": "MODELLED"}}, {"type": "Feature", "geometry": {"type": "Point", "coordinates": [72.976111, 19.263333]}, "properties": {"susceptibility_score": 0.6044, "provenance": "MODELLED"}}, {"type": "Feature", "geometry": {"type": "Point", "coordinates": [72.982222, 19.263333]}, "properties": {"susceptibility_score": 0.5717, "provenance": "MODELLED"}}, {"type": "Feature", "geometry": {"type": "Point", "coordinates": [72.988333, 19.263333]}, "properties": {"susceptibility_score": 0.5989, "provenance": "MODELLED"}}, {"type": "Feature", "geometry": {"type": "Point", "coordinates": [72.994444, 19.263333]}, "properties": {"susceptibility_score": 0.5804, "provenance": "MODELLED"}}, {"type": "Feature", "geometry": {"type": "Point", "coordinates": [73.000556, 19.263333]}, "properties": {"susceptibility_score": 0.5879, "provenance": "MODELLED"}}, {"type": "Feature", "geometry": {"type": "Point", "coordinates": [73.006667, 19.263333]}, "properties": {"susceptibility_score": 0.593, "provenance": "MODELLED"}}, {"type": "Feature", "geometry": {"type": "Point", "coordinates": [73.012778, 19.263333]}, "properties": {"susceptibility_score": 0.5114, "provenance": "MODELLED"}}, {"type": "Feature", "geometry": {"type": "Point", "coordinates": [73.018889, 19.263333]}, "properties": {"susceptibility_score": 0.5721, "provenance": "MODELLED"}}, {"type": "Feature", "geometry": {"type": "Point", "coordinates": [73.025, 19.263333]}, "properties": {"susceptibility_score": 0.7059, "provenance": "MODELLED"}}, {"type": "Feature", "geometry": {"type": "Point", "coordinates": [73.031111, 19.263333]}, "properties": {"susceptibility_score": 0.5813, "provenance": "MODELLED"}}, {"type": "Feature", "geometry": {"type": "Point", "coordinates": [73.037222, 19.263333]}, "properties": {"susceptibility_score": 0.6668, "provenance": "MODELLED"}}, {"type": "Feature", "geometry": {"type": "Point", "coordinates": [73.043333, 19.263333]}, "properties": {"susceptibility_score": 0.7346, "provenance": "MODELLED"}}, {"type": "Feature", "geometry": {"type": "Point", "coordinates": [73.049722, 19.263333]}, "properties": {"susceptibility_score": 0.5242, "provenance": "MODELLED"}}, {"type": "Feature", "geometry": {"type": "Point", "coordinates": [72.75, 19.254167]}, "properties": {"susceptibility_score": 0.4, "provenance": "MODELLED"}}, {"type": "Feature", "geometry": {"type": "Point", "coordinates": [72.756111, 19.254167]}, "properties": {"susceptibility_score": 0.4, "provenance": "MODELLED"}}, {"type": "Feature", "geometry": {"type": "Point", "coordinates": [72.762222, 19.254167]}, "properties": {"susceptibility_score": 0.4, "provenance": "MODELLED"}}, {"type": "Feature", "geometry": {"type": "Point", "coordinates": [72.768333, 19.254167]}, "properties": {"susceptibility_score": 0.4, "provenance": "MODELLED"}}, {"type": "Feature", "geometry": {"type": "Point", "coordinates": [72.774444, 19.254167]}, "properties": {"susceptibility_score": 0.4, "provenance": "MODELLED"}}, {"type": "Feature", "geometry": {"type": "Point", "coordinates": [72.780556, 19.254167]}, "properties": {"susceptibility_score": 0.4035, "provenance": "MODELLED"}}, {"type": "Feature", "geometry": {"type": "Point", "coordinates": [72.786667, 19.254167]}, "properties": {"susceptibility_score": 0.4944, "provenance": "MODELLED"}}, {"type": "Feature", "geometry": {"type": "Point", "coordinates": [72.792778, 19.254167]}, "properties": {"susceptibility_score": 0.6134, "provenance": "MODELLED"}}, {"type": "Feature", "geometry": {"type": "Point", "coordinates": [72.798889, 19.254167]}, "properties": {"susceptibility_score": 0.4222, "provenance": "MODELLED"}}, {"type": "Feature", "geometry": {"type": "Point", "coordinates": [72.805, 19.254167]}, "properties": {"susceptibility_score": 0.6227, "provenance": "MODELLED"}}, {"type": "Feature", "geometry": {"type": "Point", "coordinates": [72.811111, 19.254167]}, "properties": {"susceptibility_score": 0.5677, "provenance": "MODELLED"}}, {"type": "Feature", "geometry": {"type": "Point", "coordinates": [72.817222, 19.254167]}, "properties": {"susceptibility_score": 0.5312, "provenance": "MODELLED"}}, {"type": "Feature", "geometry": {"type": "Point", "coordinates": [72.823333, 19.254167]}, "properties": {"susceptibility_score": 0.5843, "provenance": "MODELLED"}}, {"type": "Feature", "geometry": {"type": "Point", "coordinates": [72.829444, 19.254167]}, "properties": {"susceptibility_score": 0.5898, "provenance": "MODELLED"}}, {"type": "Feature", "geometry": {"type": "Point", "coordinates": [72.835556, 19.254167]}, "properties": {"susceptibility_score": 0.5449, "provenance": "MODELLED"}}, {"type": "Feature", "geometry": {"type": "Point", "coordinates": [72.841667, 19.254167]}, "properties": {"susceptibility_score": 0.5918, "provenance": "MODELLED"}}, {"type": "Feature", "geometry": {"type": "Point", "coordinates": [72.847778, 19.254167]}, "properties": {"susceptibility_score": 0.7663, "provenance": "MODELLED"}}, {"type": "Feature", "geometry": {"type": "Point", "coordinates": [72.853889, 19.254167]}, "properties": {"susceptibility_score": 0.7293, "provenance": "MODELLED"}}, {"type": "Feature", "geometry": {"type": "Point", "coordinates": [72.86, 19.254167]}, "properties": {"susceptibility_score": 0.6582, "provenance": "MODELLED"}}, {"type": "Feature", "geometry": {"type": "Point", "coordinates": [72.866111, 19.254167]}, "properties": {"susceptibility_score": 0.6232, "provenance": "MODELLED"}}, {"type": "Feature", "geometry": {"type": "Point", "coordinates": [72.872222, 19.254167]}, "properties": {"susceptibility_score": 0.5778, "provenance": "MODELLED"}}, {"type": "Feature", "geometry": {"type": "Point", "coordinates": [72.878333, 19.254167]}, "properties": {"susceptibility_score": 0.529, "provenance": "MODELLED"}}, {"type": "Feature", "geometry": {"type": "Point", "coordinates": [72.884444, 19.254167]}, "properties": {"susceptibility_score": 0.2848, "provenance": "MODELLED"}}, {"type": "Feature", "geometry": {"type": "Point", "coordinates": [72.890556, 19.254167]}, "properties": {"susceptibility_score": 0.3829, "provenance": "MODELLED"}}, {"type": "Feature", "geometry": {"type": "Point", "coordinates": [72.896667, 19.254167]}, "properties": {"susceptibility_score": 0.3284, "provenance": "MODELLED"}}, {"type": "Feature", "geometry": {"type": "Point", "coordinates": [72.902778, 19.254167]}, "properties": {"susceptibility_score": 0.4978, "provenance": "MODELLED"}}, {"type": "Feature", "geometry": {"type": "Point", "coordinates": [72.908889, 19.254167]}, "properties": {"susceptibility_score": 0.2744, "provenance": "MODELLED"}}, {"type": "Feature", "geometry": {"type": "Point", "coordinates": [72.915, 19.254167]}, "properties": {"susceptibility_score": 0.4789, "provenance": "MODELLED"}}, {"type": "Feature", "geometry": {"type": "Point", "coordinates": [72.921111, 19.254167]}, "properties": {"susceptibility_score": 0.5036, "provenance": "MODELLED"}}, {"type": "Feature", "geometry": {"type": "Point", "coordinates": [72.927222, 19.254167]}, "properties": {"susceptibility_score": 0.3574, "provenance": "MODELLED"}}, {"type": "Feature", "geometry": {"type": "Point", "coordinates": [72.933333, 19.254167]}, "properties": {"susceptibility_score": 0.262, "provenance": "MODELLED"}}, {"type": "Feature", "geometry": {"type": "Point", "coordinates": [72.939444, 19.254167]}, "properties": {"susceptibility_score": 0.2508, "provenance": "MODELLED"}}, {"type": "Feature", "geometry": {"type": "Point", "coordinates": [72.945556, 19.254167]}, "properties": {"susceptibility_score": 0.269, "provenance": "MODELLED"}}, {"type": "Feature", "geometry": {"type": "Point", "coordinates": [72.951667, 19.254167]}, "properties": {"susceptibility_score": 0.4434, "provenance": "MODELLED"}}, {"type": "Feature", "geometry": {"type": "Point", "coordinates": [72.957778, 19.254167]}, "properties": {"susceptibility_score": 0.6403, "provenance": "MODELLED"}}, {"type": "Feature", "geometry": {"type": "Point", "coordinates": [72.963889, 19.254167]}, "properties": {"susceptibility_score": 0.3825, "provenance": "MODELLED"}}, {"type": "Feature", "geometry": {"type": "Point", "coordinates": [72.97, 19.254167]}, "properties": {"susceptibility_score": 0.7157, "provenance": "MODELLED"}}, {"type": "Feature", "geometry": {"type": "Point", "coordinates": [72.976111, 19.254167]}, "properties": {"susceptibility_score": 0.6664, "provenance": "MODELLED"}}, {"type": "Feature", "geometry": {"type": "Point", "coordinates": [72.982222, 19.254167]}, "properties": {"susceptibility_score": 0.604, "provenance": "MODELLED"}}, {"type": "Feature", "geometry": {"type": "Point", "coordinates": [72.988333, 19.254167]}, "properties": {"susceptibility_score": 0.6306, "provenance": "MODELLED"}}, {"type": "Feature", "geometry": {"type": "Point", "coordinates": [72.994444, 19.254167]}, "properties": {"susceptibility_score": 0.5918, "provenance": "MODELLED"}}, {"type": "Feature", "geometry": {"type": "Point", "coordinates": [73.000556, 19.254167]}, "properties": {"susceptibility_score": 0.5629, "provenance": "MODELLED"}}, {"type": "Feature", "geometry": {"type": "Point", "coordinates": [73.006667, 19.254167]}, "properties": {"susceptibility_score": 0.5816, "provenance": "MODELLED"}}, {"type": "Feature", "geometry": {"type": "Point", "coordinates": [73.012778, 19.254167]}, "properties": {"susceptibility_score": 0.6547, "provenance": "MODELLED"}}, {"type": "Feature", "geometry": {"type": "Point", "coordinates": [73.018889, 19.254167]}, "properties": {"susceptibility_score": 0.412, "provenance": "MODELLED"}}, {"type": "Feature", "geometry": {"type": "Point", "coordinates": [73.025, 19.254167]}, "properties": {"susceptibility_score": 0.7484, "provenance": "MODELLED"}}, {"type": "Feature", "geometry": {"type": "Point", "coordinates": [73.031111, 19.254167]}, "properties": {"susceptibility_score": 0.7823, "provenance": "MODELLED"}}, {"type": "Feature", "geometry": {"type": "Point", "coordinates": [73.037222, 19.254167]}, "properties": {"susceptibility_score": 0.5165, "provenance": "MODELLED"}}, {"type": "Feature", "geometry": {"type": "Point", "coordinates": [73.043333, 19.254167]}, "properties": {"susceptibility_score": 0.7007, "provenance": "MODELLED"}}, {"type": "Feature", "geometry": {"type": "Point", "coordinates": [73.049722, 19.254167]}, "properties": {"susceptibility_score": 0.5985, "provenance": "MODELLED"}}, {"type": "Feature", "geometry": {"type": "Point", "coordinates": [72.75, 19.245]}, "properties": {"susceptibility_score": 0.4, "provenance": "MODELLED"}}, {"type": "Feature", "geometry": {"type": "Point", "coordinates": [72.756111, 19.245]}, "properties": {"susceptibility_score": 0.4, "provenance": "MODELLED"}}, {"type": "Feature", "geometry": {"type": "Point", "coordinates": [72.762222, 19.245]}, "properties": {"susceptibility_score": 0.4, "provenance": "MODELLED"}}, {"type": "Feature", "geometry": {"type": "Point", "coordinates": [72.768333, 19.245]}, "properties": {"susceptibility_score": 0.4, "provenance": "MODELLED"}}, {"type": "Feature", "geometry": {"type": "Point", "coordinates": [72.774444, 19.245]}, "properties": {"susceptibility_score": 0.4, "provenance": "MODELLED"}}, {"type": "Feature", "geometry": {"type": "Point", "coordinates": [72.780556, 19.245]}, "properties": {"susceptibility_score": 0.4644, "provenance": "MODELLED"}}, {"type": "Feature", "geometry": {"type": "Point", "coordinates": [72.786667, 19.245]}, "properties": {"susceptibility_score": 0.6118, "provenance": "MODELLED"}}, {"type": "Feature", "geometry": {"type": "Point", "coordinates": [72.792778, 19.245]}, "properties": {"susceptibility_score": 0.5077, "provenance": "MODELLED"}}, {"type": "Feature", "geometry": {"type": "Point", "coordinates": [72.798889, 19.245]}, "properties": {"susceptibility_score": 0.5503, "provenance": "MODELLED"}}, {"type": "Feature", "geometry": {"type": "Point", "coordinates": [72.805, 19.245]}, "properties": {"susceptibility_score": 0.6021, "provenance": "MODELLED"}}, {"type": "Feature", "geometry": {"type": "Point", "coordinates": [72.811111, 19.245]}, "properties": {"susceptibility_score": 0.5208, "provenance": "MODELLED"}}, {"type": "Feature", "geometry": {"type": "Point", "coordinates": [72.817222, 19.245]}, "properties": {"susceptibility_score": 0.5857, "provenance": "MODELLED"}}, {"type": "Feature", "geometry": {"type": "Point", "coordinates": [72.823333, 19.245]}, "properties": {"susceptibility_score": 0.6, "provenance": "MODELLED"}}, {"type": "Feature", "geometry": {"type": "Point", "coordinates": [72.829444, 19.245]}, "properties": {"susceptibility_score": 0.5848, "provenance": "MODELLED"}}, {"type": "Feature", "geometry": {"type": "Point", "coordinates": [72.835556, 19.245]}, "properties": {"susceptibility_score": 0.5418, "provenance": "MODELLED"}}, {"type": "Feature", "geometry": {"type": "Point", "coordinates": [72.841667, 19.245]}, "properties": {"susceptibility_score": 0.5793, "provenance": "MODELLED"}}, {"type": "Feature", "geometry": {"type": "Point", "coordinates": [72.847778, 19.245]}, "properties": {"susceptibility_score": 0.6477, "provenance": "MODELLED"}}, {"type": "Feature", "geometry": {"type": "Point", "coordinates": [72.853889, 19.245]}, "properties": {"susceptibility_score": 0.5551, "provenance": "MODELLED"}}, {"type": "Feature", "geometry": {"type": "Point", "coordinates": [72.86, 19.245]}, "properties": {"susceptibility_score": 0.5712, "provenance": "MODELLED"}}, {"type": "Feature", "geometry": {"type": "Point", "coordinates": [72.866111, 19.245]}, "properties": {"susceptibility_score": 0.5858, "provenance": "MODELLED"}}, {"type": "Feature", "geometry": {"type": "Point", "coordinates": [72.872222, 19.245]}, "properties": {"susceptibility_score": 0.7038, "provenance": "MODELLED"}}, {"type": "Feature", "geometry": {"type": "Point", "coordinates": [72.878333, 19.245]}, "properties": {"susceptibility_score": 0.5487, "provenance": "MODELLED"}}, {"type": "Feature", "geometry": {"type": "Point", "coordinates": [72.884444, 19.245]}, "properties": {"susceptibility_score": 0.305, "provenance": "MODELLED"}}, {"type": "Feature", "geometry": {"type": "Point", "coordinates": [72.890556, 19.245]}, "properties": {"susceptibility_score": 0.2825, "provenance": "MODELLED"}}, {"type": "Feature", "geometry": {"type": "Point", "coordinates": [72.896667, 19.245]}, "properties": {"susceptibility_score": 0.2605, "provenance": "MODELLED"}}, {"type": "Feature", "geometry": {"type": "Point", "coordinates": [72.902778, 19.245]}, "properties": {"susceptibility_score": 0.3439, "provenance": "MODELLED"}}, {"type": "Feature", "geometry": {"type": "Point", "coordinates": [72.908889, 19.245]}, "properties": {"susceptibility_score": 0.3378, "provenance": "MODELLED"}}, {"type": "Feature", "geometry": {"type": "Point", "coordinates": [72.915, 19.245]}, "properties": {"susceptibility_score": 0.4933, "provenance": "MODELLED"}}, {"type": "Feature", "geometry": {"type": "Point", "coordinates": [72.921111, 19.245]}, "properties": {"susceptibility_score": 0.5252, "provenance": "MODELLED"}}, {"type": "Feature", "geometry": {"type": "Point", "coordinates": [72.927222, 19.245]}, "properties": {"susceptibility_score": 0.5168, "provenance": "MODELLED"}}, {"type": "Feature", "geometry": {"type": "Point", "coordinates": [72.933333, 19.245]}, "properties": {"susceptibility_score": 0.4326, "provenance": "MODELLED"}}, {"type": "Feature", "geometry": {"type": "Point", "coordinates": [72.939444, 19.245]}, "properties": {"susceptibility_score": 0.4719, "provenance": "MODELLED"}}, {"type": "Feature", "geometry": {"type": "Point", "coordinates": [72.945556, 19.245]}, "properties": {"susceptibility_score": 0.464, "provenance": "MODELLED"}}, {"type": "Feature", "geometry": {"type": "Point", "coordinates": [72.951667, 19.245]}, "properties": {"susceptibility_score": 0.4614, "provenance": "MODELLED"}}, {"type": "Feature", "geometry": {"type": "Point", "coordinates": [72.957778, 19.245]}, "properties": {"susceptibility_score": 0.5591, "provenance": "MODELLED"}}, {"type": "Feature", "geometry": {"type": "Point", "coordinates": [72.963889, 19.245]}, "properties": {"susceptibility_score": 0.419, "provenance": "MODELLED"}}, {"type": "Feature", "geometry": {"type": "Point", "coordinates": [72.97, 19.245]}, "properties": {"susceptibility_score": 0.514, "provenance": "MODELLED"}}, {"type": "Feature", "geometry": {"type": "Point", "coordinates": [72.976111, 19.245]}, "properties": {"susceptibility_score": 0.832, "provenance": "MODELLED"}}, {"type": "Feature", "geometry": {"type": "Point", "coordinates": [72.982222, 19.245]}, "properties": {"susceptibility_score": 0.7165, "provenance": "MODELLED"}}, {"type": "Feature", "geometry": {"type": "Point", "coordinates": [72.988333, 19.245]}, "properties": {"susceptibility_score": 0.4693, "provenance": "MODELLED"}}, {"type": "Feature", "geometry": {"type": "Point", "coordinates": [72.994444, 19.245]}, "properties": {"susceptibility_score": 0.5261, "provenance": "MODELLED"}}, {"type": "Feature", "geometry": {"type": "Point", "coordinates": [73.000556, 19.245]}, "properties": {"susceptibility_score": 0.5938, "provenance": "MODELLED"}}, {"type": "Feature", "geometry": {"type": "Point", "coordinates": [73.006667, 19.245]}, "properties": {"susceptibility_score": 0.5287, "provenance": "MODELLED"}}, {"type": "Feature", "geometry": {"type": "Point", "coordinates": [73.012778, 19.245]}, "properties": {"susceptibility_score": 0.6441, "provenance": "MODELLED"}}, {"type": "Feature", "geometry": {"type": "Point", "coordinates": [73.018889, 19.245]}, "properties": {"susceptibility_score": 0.5214, "provenance": "MODELLED"}}, {"type": "Feature", "geometry": {"type": "Point", "coordinates": [73.025, 19.245]}, "properties": {"susceptibility_score": 0.7522, "provenance": "MODELLED"}}, {"type": "Feature", "geometry": {"type": "Point", "coordinates": [73.031111, 19.245]}, "properties": {"susceptibility_score": 0.6977, "provenance": "MODELLED"}}, {"type": "Feature", "geometry": {"type": "Point", "coordinates": [73.037222, 19.245]}, "properties": {"susceptibility_score": 0.7668, "provenance": "MODELLED"}}, {"type": "Feature", "geometry": {"type": "Point", "coordinates": [73.043333, 19.245]}, "properties": {"susceptibility_score": 0.7231, "provenance": "MODELLED"}}, {"type": "Feature", "geometry": {"type": "Point", "coordinates": [73.049722, 19.245]}, "properties": {"susceptibility_score": 0.4612, "provenance": "MODELLED"}}, {"type": "Feature", "geometry": {"type": "Point", "coordinates": [72.75, 19.235833]}, "properties": {"susceptibility_score": 0.4, "provenance": "MODELLED"}}, {"type": "Feature", "geometry": {"type": "Point", "coordinates": [72.756111, 19.235833]}, "properties": {"susceptibility_score": 0.4, "provenance": "MODELLED"}}, {"type": "Feature", "geometry": {"type": "Point", "coordinates": [72.762222, 19.235833]}, "properties": {"susceptibility_score": 0.4, "provenance": "MODELLED"}}, {"type": "Feature", "geometry": {"type": "Point", "coordinates": [72.768333, 19.235833]}, "properties": {"susceptibility_score": 0.4, "provenance": "MODELLED"}}, {"type": "Feature", "geometry": {"type": "Point", "coordinates": [72.774444, 19.235833]}, "properties": {"susceptibility_score": 0.4079, "provenance": "MODELLED"}}, {"type": "Feature", "geometry": {"type": "Point", "coordinates": [72.780556, 19.235833]}, "properties": {"susceptibility_score": 0.4792, "provenance": "MODELLED"}}, {"type": "Feature", "geometry": {"type": "Point", "coordinates": [72.786667, 19.235833]}, "properties": {"susceptibility_score": 0.467, "provenance": "MODELLED"}}, {"type": "Feature", "geometry": {"type": "Point", "coordinates": [72.792778, 19.235833]}, "properties": {"susceptibility_score": 0.5759, "provenance": "MODELLED"}}, {"type": "Feature", "geometry": {"type": "Point", "coordinates": [72.798889, 19.235833]}, "properties": {"susceptibility_score": 0.5973, "provenance": "MODELLED"}}, {"type": "Feature", "geometry": {"type": "Point", "coordinates": [72.805, 19.235833]}, "properties": {"susceptibility_score": 0.5708, "provenance": "MODELLED"}}, {"type": "Feature", "geometry": {"type": "Point", "coordinates": [72.811111, 19.235833]}, "properties": {"susceptibility_score": 0.5835, "provenance": "MODELLED"}}, {"type": "Feature", "geometry": {"type": "Point", "coordinates": [72.817222, 19.235833]}, "properties": {"susceptibility_score": 0.5651, "provenance": "MODELLED"}}, {"type": "Feature", "geometry": {"type": "Point", "coordinates": [72.823333, 19.235833]}, "properties": {"susceptibility_score": 0.6727, "provenance": "MODELLED"}}, {"type": "Feature", "geometry": {"type": "Point", "coordinates": [72.829444, 19.235833]}, "properties": {"susceptibility_score": 0.5057, "provenance": "MODELLED"}}, {"type": "Feature", "geometry": {"type": "Point", "coordinates": [72.835556, 19.235833]}, "properties": {"susceptibility_score": 0.5172, "provenance": "MODELLED"}}, {"type": "Feature", "geometry": {"type": "Point", "coordinates": [72.841667, 19.235833]}, "properties": {"susceptibility_score": 0.6819, "provenance": "MODELLED"}}, {"type": "Feature", "geometry": {"type": "Point", "coordinates": [72.847778, 19.235833]}, "properties": {"susceptibility_score": 0.7169, "provenance": "MODELLED"}}, {"type": "Feature", "geometry": {"type": "Point", "coordinates": [72.853889, 19.235833]}, "properties": {"susceptibility_score": 0.6613, "provenance": "MODELLED"}}, {"type": "Feature", "geometry": {"type": "Point", "coordinates": [72.86, 19.235833]}, "properties": {"susceptibility_score": 0.7423, "provenance": "MODELLED"}}, {"type": "Feature", "geometry": {"type": "Point", "coordinates": [72.866111, 19.235833]}, "properties": {"susceptibility_score": 0.5022, "provenance": "MODELLED"}}, {"type": "Feature", "geometry": {"type": "Point", "coordinates": [72.872222, 19.235833]}, "properties": {"susceptibility_score": 0.5455, "provenance": "MODELLED"}}, {"type": "Feature", "geometry": {"type": "Point", "coordinates": [72.878333, 19.235833]}, "properties": {"susceptibility_score": 0.4584, "provenance": "MODELLED"}}, {"type": "Feature", "geometry": {"type": "Point", "coordinates": [72.884444, 19.235833]}, "properties": {"susceptibility_score": 0.3519, "provenance": "MODELLED"}}, {"type": "Feature", "geometry": {"type": "Point", "coordinates": [72.890556, 19.235833]}, "properties": {"susceptibility_score": 0.3019, "provenance": "MODELLED"}}, {"type": "Feature", "geometry": {"type": "Point", "coordinates": [72.896667, 19.235833]}, "properties": {"susceptibility_score": 0.3502, "provenance": "MODELLED"}}, {"type": "Feature", "geometry": {"type": "Point", "coordinates": [72.902778, 19.235833]}, "properties": {"susceptibility_score": 0.313, "provenance": "MODELLED"}}, {"type": "Feature", "geometry": {"type": "Point", "coordinates": [72.908889, 19.235833]}, "properties": {"susceptibility_score": 0.3027, "provenance": "MODELLED"}}, {"type": "Feature", "geometry": {"type": "Point", "coordinates": [72.915, 19.235833]}, "properties": {"susceptibility_score": 0.273, "provenance": "MODELLED"}}, {"type": "Feature", "geometry": {"type": "Point", "coordinates": [72.921111, 19.235833]}, "properties": {"susceptibility_score": 0.3, "provenance": "MODELLED"}}, {"type": "Feature", "geometry": {"type": "Point", "coordinates": [72.927222, 19.235833]}, "properties": {"susceptibility_score": 0.5724, "provenance": "MODELLED"}}, {"type": "Feature", "geometry": {"type": "Point", "coordinates": [72.933333, 19.235833]}, "properties": {"susceptibility_score": 0.5203, "provenance": "MODELLED"}}, {"type": "Feature", "geometry": {"type": "Point", "coordinates": [72.939444, 19.235833]}, "properties": {"susceptibility_score": 0.5686, "provenance": "MODELLED"}}, {"type": "Feature", "geometry": {"type": "Point", "coordinates": [72.945556, 19.235833]}, "properties": {"susceptibility_score": 0.4367, "provenance": "MODELLED"}}, {"type": "Feature", "geometry": {"type": "Point", "coordinates": [72.951667, 19.235833]}, "properties": {"susceptibility_score": 0.3424, "provenance": "MODELLED"}}, {"type": "Feature", "geometry": {"type": "Point", "coordinates": [72.957778, 19.235833]}, "properties": {"susceptibility_score": 0.3416, "provenance": "MODELLED"}}, {"type": "Feature", "geometry": {"type": "Point", "coordinates": [72.963889, 19.235833]}, "properties": {"susceptibility_score": 0.5286, "provenance": "MODELLED"}}, {"type": "Feature", "geometry": {"type": "Point", "coordinates": [72.97, 19.235833]}, "properties": {"susceptibility_score": 0.7453, "provenance": "MODELLED"}}, {"type": "Feature", "geometry": {"type": "Point", "coordinates": [72.976111, 19.235833]}, "properties": {"susceptibility_score": 0.7795, "provenance": "MODELLED"}}, {"type": "Feature", "geometry": {"type": "Point", "coordinates": [72.982222, 19.235833]}, "properties": {"susceptibility_score": 0.7691, "provenance": "MODELLED"}}, {"type": "Feature", "geometry": {"type": "Point", "coordinates": [72.988333, 19.235833]}, "properties": {"susceptibility_score": 0.5008, "provenance": "MODELLED"}}, {"type": "Feature", "geometry": {"type": "Point", "coordinates": [72.994444, 19.235833]}, "properties": {"susceptibility_score": 0.5957, "provenance": "MODELLED"}}, {"type": "Feature", "geometry": {"type": "Point", "coordinates": [73.000556, 19.235833]}, "properties": {"susceptibility_score": 0.5777, "provenance": "MODELLED"}}, {"type": "Feature", "geometry": {"type": "Point", "coordinates": [73.006667, 19.235833]}, "properties": {"susceptibility_score": 0.5784, "provenance": "MODELLED"}}, {"type": "Feature", "geometry": {"type": "Point", "coordinates": [73.012778, 19.235833]}, "properties": {"susceptibility_score": 0.743, "provenance": "MODELLED"}}, {"type": "Feature", "geometry": {"type": "Point", "coordinates": [73.018889, 19.235833]}, "properties": {"susceptibility_score": 0.521, "provenance": "MODELLED"}}, {"type": "Feature", "geometry": {"type": "Point", "coordinates": [73.025, 19.235833]}, "properties": {"susceptibility_score": 0.5864, "provenance": "MODELLED"}}, {"type": "Feature", "geometry": {"type": "Point", "coordinates": [73.031111, 19.235833]}, "properties": {"susceptibility_score": 0.7714, "provenance": "MODELLED"}}, {"type": "Feature", "geometry": {"type": "Point", "coordinates": [73.037222, 19.235833]}, "properties": {"susceptibility_score": 0.588, "provenance": "MODELLED"}}, {"type": "Feature", "geometry": {"type": "Point", "coordinates": [73.043333, 19.235833]}, "properties": {"susceptibility_score": 0.6007, "provenance": "MODELLED"}}, {"type": "Feature", "geometry": {"type": "Point", "coordinates": [73.049722, 19.235833]}, "properties": {"susceptibility_score": 0.4961, "provenance": "MODELLED"}}, {"type": "Feature", "geometry": {"type": "Point", "coordinates": [72.75, 19.226667]}, "properties": {"susceptibility_score": 0.4, "provenance": "MODELLED"}}, {"type": "Feature", "geometry": {"type": "Point", "coordinates": [72.756111, 19.226667]}, "properties": {"susceptibility_score": 0.4, "provenance": "MODELLED"}}, {"type": "Feature", "geometry": {"type": "Point", "coordinates": [72.762222, 19.226667]}, "properties": {"susceptibility_score": 0.4, "provenance": "MODELLED"}}, {"type": "Feature", "geometry": {"type": "Point", "coordinates": [72.768333, 19.226667]}, "properties": {"susceptibility_score": 0.4, "provenance": "MODELLED"}}, {"type": "Feature", "geometry": {"type": "Point", "coordinates": [72.774444, 19.226667]}, "properties": {"susceptibility_score": 0.4112, "provenance": "MODELLED"}}, {"type": "Feature", "geometry": {"type": "Point", "coordinates": [72.780556, 19.226667]}, "properties": {"susceptibility_score": 0.5045, "provenance": "MODELLED"}}, {"type": "Feature", "geometry": {"type": "Point", "coordinates": [72.786667, 19.226667]}, "properties": {"susceptibility_score": 0.5764, "provenance": "MODELLED"}}, {"type": "Feature", "geometry": {"type": "Point", "coordinates": [72.792778, 19.226667]}, "properties": {"susceptibility_score": 0.5935, "provenance": "MODELLED"}}, {"type": "Feature", "geometry": {"type": "Point", "coordinates": [72.798889, 19.226667]}, "properties": {"susceptibility_score": 0.5766, "provenance": "MODELLED"}}, {"type": "Feature", "geometry": {"type": "Point", "coordinates": [72.805, 19.226667]}, "properties": {"susceptibility_score": 0.5796, "provenance": "MODELLED"}}, {"type": "Feature", "geometry": {"type": "Point", "coordinates": [72.811111, 19.226667]}, "properties": {"susceptibility_score": 0.6, "provenance": "MODELLED"}}, {"type": "Feature", "geometry": {"type": "Point", "coordinates": [72.817222, 19.226667]}, "properties": {"susceptibility_score": 0.6104, "provenance": "MODELLED"}}, {"type": "Feature", "geometry": {"type": "Point", "coordinates": [72.823333, 19.226667]}, "properties": {"susceptibility_score": 0.8066, "provenance": "MODELLED"}}, {"type": "Feature", "geometry": {"type": "Point", "coordinates": [72.829444, 19.226667]}, "properties": {"susceptibility_score": 0.7262, "provenance": "MODELLED"}}, {"type": "Feature", "geometry": {"type": "Point", "coordinates": [72.835556, 19.226667]}, "properties": {"susceptibility_score": 0.7369, "provenance": "MODELLED"}}, {"type": "Feature", "geometry": {"type": "Point", "coordinates": [72.841667, 19.226667]}, "properties": {"susceptibility_score": 0.7496, "provenance": "MODELLED"}}, {"type": "Feature", "geometry": {"type": "Point", "coordinates": [72.847778, 19.226667]}, "properties": {"susceptibility_score": 0.7825, "provenance": "MODELLED"}}, {"type": "Feature", "geometry": {"type": "Point", "coordinates": [72.853889, 19.226667]}, "properties": {"susceptibility_score": 0.5983, "provenance": "MODELLED"}}, {"type": "Feature", "geometry": {"type": "Point", "coordinates": [72.86, 19.226667]}, "properties": {"susceptibility_score": 0.6128, "provenance": "MODELLED"}}, {"type": "Feature", "geometry": {"type": "Point", "coordinates": [72.866111, 19.226667]}, "properties": {"susceptibility_score": 0.5437, "provenance": "MODELLED"}}, {"type": "Feature", "geometry": {"type": "Point", "coordinates": [72.872222, 19.226667]}, "properties": {"susceptibility_score": 0.4831, "provenance": "MODELLED"}}, {"type": "Feature", "geometry": {"type": "Point", "coordinates": [72.878333, 19.226667]}, "properties": {"susceptibility_score": 0.5653, "provenance": "MODELLED"}}, {"type": "Feature", "geometry": {"type": "Point", "coordinates": [72.884444, 19.226667]}, "properties": {"susceptibility_score": 0.5193, "provenance": "MODELLED"}}, {"type": "Feature", "geometry": {"type": "Point", "coordinates": [72.890556, 19.226667]}, "properties": {"susceptibility_score": 0.5831, "provenance": "MODELLED"}}, {"type": "Feature", "geometry": {"type": "Point", "coordinates": [72.896667, 19.226667]}, "properties": {"susceptibility_score": 0.5152, "provenance": "MODELLED"}}, {"type": "Feature", "geometry": {"type": "Point", "coordinates": [72.902778, 19.226667]}, "properties": {"susceptibility_score": 0.5848, "provenance": "MODELLED"}}, {"type": "Feature", "geometry": {"type": "Point", "coordinates": [72.908889, 19.226667]}, "properties": {"susceptibility_score": 0.4774, "provenance": "MODELLED"}}, {"type": "Feature", "geometry": {"type": "Point", "coordinates": [72.915, 19.226667]}, "properties": {"susceptibility_score": 0.2736, "provenance": "MODELLED"}}, {"type": "Feature", "geometry": {"type": "Point", "coordinates": [72.921111, 19.226667]}, "properties": {"susceptibility_score": 0.2555, "provenance": "MODELLED"}}, {"type": "Feature", "geometry": {"type": "Point", "coordinates": [72.927222, 19.226667]}, "properties": {"susceptibility_score": 0.3541, "provenance": "MODELLED"}}, {"type": "Feature", "geometry": {"type": "Point", "coordinates": [72.933333, 19.226667]}, "properties": {"susceptibility_score": 0.4237, "provenance": "MODELLED"}}, {"type": "Feature", "geometry": {"type": "Point", "coordinates": [72.939444, 19.226667]}, "properties": {"susceptibility_score": 0.5208, "provenance": "MODELLED"}}, {"type": "Feature", "geometry": {"type": "Point", "coordinates": [72.945556, 19.226667]}, "properties": {"susceptibility_score": 0.4966, "provenance": "MODELLED"}}, {"type": "Feature", "geometry": {"type": "Point", "coordinates": [72.951667, 19.226667]}, "properties": {"susceptibility_score": 0.428, "provenance": "MODELLED"}}, {"type": "Feature", "geometry": {"type": "Point", "coordinates": [72.957778, 19.226667]}, "properties": {"susceptibility_score": 0.5386, "provenance": "MODELLED"}}, {"type": "Feature", "geometry": {"type": "Point", "coordinates": [72.963889, 19.226667]}, "properties": {"susceptibility_score": 0.5269, "provenance": "MODELLED"}}, {"type": "Feature", "geometry": {"type": "Point", "coordinates": [72.97, 19.226667]}, "properties": {"susceptibility_score": 0.5866, "provenance": "MODELLED"}}, {"type": "Feature", "geometry": {"type": "Point", "coordinates": [72.976111, 19.226667]}, "properties": {"susceptibility_score": 0.5468, "provenance": "MODELLED"}}, {"type": "Feature", "geometry": {"type": "Point", "coordinates": [72.982222, 19.226667]}, "properties": {"susceptibility_score": 0.7451, "provenance": "MODELLED"}}, {"type": "Feature", "geometry": {"type": "Point", "coordinates": [72.988333, 19.226667]}, "properties": {"susceptibility_score": 0.5408, "provenance": "MODELLED"}}, {"type": "Feature", "geometry": {"type": "Point", "coordinates": [72.994444, 19.226667]}, "properties": {"susceptibility_score": 0.546, "provenance": "MODELLED"}}, {"type": "Feature", "geometry": {"type": "Point", "coordinates": [73.000556, 19.226667]}, "properties": {"susceptibility_score": 0.6114, "provenance": "MODELLED"}}, {"type": "Feature", "geometry": {"type": "Point", "coordinates": [73.006667, 19.226667]}, "properties": {"susceptibility_score": 0.5777, "provenance": "MODELLED"}}, {"type": "Feature", "geometry": {"type": "Point", "coordinates": [73.012778, 19.226667]}, "properties": {"susceptibility_score": 0.6107, "provenance": "MODELLED"}}, {"type": "Feature", "geometry": {"type": "Point", "coordinates": [73.018889, 19.226667]}, "properties": {"susceptibility_score": 0.59, "provenance": "MODELLED"}}, {"type": "Feature", "geometry": {"type": "Point", "coordinates": [73.025, 19.226667]}, "properties": {"susceptibility_score": 0.59, "provenance": "MODELLED"}}, {"type": "Feature", "geometry": {"type": "Point", "coordinates": [73.031111, 19.226667]}, "properties": {"susceptibility_score": 0.5645, "provenance": "MODELLED"}}, {"type": "Feature", "geometry": {"type": "Point", "coordinates": [73.037222, 19.226667]}, "properties": {"susceptibility_score": 0.5796, "provenance": "MODELLED"}}, {"type": "Feature", "geometry": {"type": "Point", "coordinates": [73.043333, 19.226667]}, "properties": {"susceptibility_score": 0.5329, "provenance": "MODELLED"}}, {"type": "Feature", "geometry": {"type": "Point", "coordinates": [73.049722, 19.226667]}, "properties": {"susceptibility_score": 0.5356, "provenance": "MODELLED"}}, {"type": "Feature", "geometry": {"type": "Point", "coordinates": [72.75, 19.2175]}, "properties": {"susceptibility_score": 0.4, "provenance": "MODELLED"}}, {"type": "Feature", "geometry": {"type": "Point", "coordinates": [72.756111, 19.2175]}, "properties": {"susceptibility_score": 0.4, "provenance": "MODELLED"}}, {"type": "Feature", "geometry": {"type": "Point", "coordinates": [72.762222, 19.2175]}, "properties": {"susceptibility_score": 0.4, "provenance": "MODELLED"}}, {"type": "Feature", "geometry": {"type": "Point", "coordinates": [72.768333, 19.2175]}, "properties": {"susceptibility_score": 0.4, "provenance": "MODELLED"}}, {"type": "Feature", "geometry": {"type": "Point", "coordinates": [72.774444, 19.2175]}, "properties": {"susceptibility_score": 0.4, "provenance": "MODELLED"}}, {"type": "Feature", "geometry": {"type": "Point", "coordinates": [72.780556, 19.2175]}, "properties": {"susceptibility_score": 0.509, "provenance": "MODELLED"}}, {"type": "Feature", "geometry": {"type": "Point", "coordinates": [72.786667, 19.2175]}, "properties": {"susceptibility_score": 0.5082, "provenance": "MODELLED"}}, {"type": "Feature", "geometry": {"type": "Point", "coordinates": [72.792778, 19.2175]}, "properties": {"susceptibility_score": 0.4422, "provenance": "MODELLED"}}, {"type": "Feature", "geometry": {"type": "Point", "coordinates": [72.798889, 19.2175]}, "properties": {"susceptibility_score": 0.5429, "provenance": "MODELLED"}}, {"type": "Feature", "geometry": {"type": "Point", "coordinates": [72.805, 19.2175]}, "properties": {"susceptibility_score": 0.6, "provenance": "MODELLED"}}, {"type": "Feature", "geometry": {"type": "Point", "coordinates": [72.811111, 19.2175]}, "properties": {"susceptibility_score": 0.5988, "provenance": "MODELLED"}}, {"type": "Feature", "geometry": {"type": "Point", "coordinates": [72.817222, 19.2175]}, "properties": {"susceptibility_score": 0.5913, "provenance": "MODELLED"}}, {"type": "Feature", "geometry": {"type": "Point", "coordinates": [72.823333, 19.2175]}, "properties": {"susceptibility_score": 0.5105, "provenance": "MODELLED"}}, {"type": "Feature", "geometry": {"type": "Point", "coordinates": [72.829444, 19.2175]}, "properties": {"susceptibility_score": 0.8265, "provenance": "MODELLED"}}, {"type": "Feature", "geometry": {"type": "Point", "coordinates": [72.835556, 19.2175]}, "properties": {"susceptibility_score": 0.5902, "provenance": "MODELLED"}}, {"type": "Feature", "geometry": {"type": "Point", "coordinates": [72.841667, 19.2175]}, "properties": {"susceptibility_score": 0.7503, "provenance": "MODELLED"}}, {"type": "Feature", "geometry": {"type": "Point", "coordinates": [72.847778, 19.2175]}, "properties": {"susceptibility_score": 0.6452, "provenance": "MODELLED"}}, {"type": "Feature", "geometry": {"type": "Point", "coordinates": [72.853889, 19.2175]}, "properties": {"susceptibility_score": 0.7362, "provenance": "MODELLED"}}, {"type": "Feature", "geometry": {"type": "Point", "coordinates": [72.86, 19.2175]}, "properties": {"susceptibility_score": 0.7803, "provenance": "MODELLED"}}, {"type": "Feature", "geometry": {"type": "Point", "coordinates": [72.866111, 19.2175]}, "properties": {"susceptibility_score": 0.5105, "provenance": "MODELLED"}}, {"type": "Feature", "geometry": {"type": "Point", "coordinates": [72.872222, 19.2175]}, "properties": {"susceptibility_score": 0.4309, "provenance": "MODELLED"}}, {"type": "Feature", "geometry": {"type": "Point", "coordinates": [72.878333, 19.2175]}, "properties": {"susceptibility_score": 0.4456, "provenance": "MODELLED"}}, {"type": "Feature", "geometry": {"type": "Point", "coordinates": [72.884444, 19.2175]}, "properties": {"susceptibility_score": 0.5188, "provenance": "MODELLED"}}, {"type": "Feature", "geometry": {"type": "Point", "coordinates": [72.890556, 19.2175]}, "properties": {"susceptibility_score": 0.5113, "provenance": "MODELLED"}}, {"type": "Feature", "geometry": {"type": "Point", "coordinates": [72.896667, 19.2175]}, "properties": {"susceptibility_score": 0.3357, "provenance": "MODELLED"}}, {"type": "Feature", "geometry": {"type": "Point", "coordinates": [72.902778, 19.2175]}, "properties": {"susceptibility_score": 0.2684, "provenance": "MODELLED"}}, {"type": "Feature", "geometry": {"type": "Point", "coordinates": [72.908889, 19.2175]}, "properties": {"susceptibility_score": 0.3109, "provenance": "MODELLED"}}, {"type": "Feature", "geometry": {"type": "Point", "coordinates": [72.915, 19.2175]}, "properties": {"susceptibility_score": 0.4099, "provenance": "MODELLED"}}, {"type": "Feature", "geometry": {"type": "Point", "coordinates": [72.921111, 19.2175]}, "properties": {"susceptibility_score": 0.2952, "provenance": "MODELLED"}}, {"type": "Feature", "geometry": {"type": "Point", "coordinates": [72.927222, 19.2175]}, "properties": {"susceptibility_score": 0.4362, "provenance": "MODELLED"}}, {"type": "Feature", "geometry": {"type": "Point", "coordinates": [72.933333, 19.2175]}, "properties": {"susceptibility_score": 0.4939, "provenance": "MODELLED"}}, {"type": "Feature", "geometry": {"type": "Point", "coordinates": [72.939444, 19.2175]}, "properties": {"susceptibility_score": 0.4577, "provenance": "MODELLED"}}, {"type": "Feature", "geometry": {"type": "Point", "coordinates": [72.945556, 19.2175]}, "properties": {"susceptibility_score": 0.3982, "provenance": "MODELLED"}}, {"type": "Feature", "geometry": {"type": "Point", "coordinates": [72.951667, 19.2175]}, "properties": {"susceptibility_score": 0.7139, "provenance": "MODELLED"}}, {"type": "Feature", "geometry": {"type": "Point", "coordinates": [72.957778, 19.2175]}, "properties": {"susceptibility_score": 0.7597, "provenance": "MODELLED"}}, {"type": "Feature", "geometry": {"type": "Point", "coordinates": [72.963889, 19.2175]}, "properties": {"susceptibility_score": 0.7171, "provenance": "MODELLED"}}, {"type": "Feature", "geometry": {"type": "Point", "coordinates": [72.97, 19.2175]}, "properties": {"susceptibility_score": 0.5665, "provenance": "MODELLED"}}, {"type": "Feature", "geometry": {"type": "Point", "coordinates": [72.976111, 19.2175]}, "properties": {"susceptibility_score": 0.7377, "provenance": "MODELLED"}}, {"type": "Feature", "geometry": {"type": "Point", "coordinates": [72.982222, 19.2175]}, "properties": {"susceptibility_score": 0.6839, "provenance": "MODELLED"}}, {"type": "Feature", "geometry": {"type": "Point", "coordinates": [72.988333, 19.2175]}, "properties": {"susceptibility_score": 0.6567, "provenance": "MODELLED"}}, {"type": "Feature", "geometry": {"type": "Point", "coordinates": [72.994444, 19.2175]}, "properties": {"susceptibility_score": 0.5858, "provenance": "MODELLED"}}, {"type": "Feature", "geometry": {"type": "Point", "coordinates": [73.000556, 19.2175]}, "properties": {"susceptibility_score": 0.5829, "provenance": "MODELLED"}}, {"type": "Feature", "geometry": {"type": "Point", "coordinates": [73.006667, 19.2175]}, "properties": {"susceptibility_score": 0.5926, "provenance": "MODELLED"}}, {"type": "Feature", "geometry": {"type": "Point", "coordinates": [73.012778, 19.2175]}, "properties": {"susceptibility_score": 0.5913, "provenance": "MODELLED"}}, {"type": "Feature", "geometry": {"type": "Point", "coordinates": [73.018889, 19.2175]}, "properties": {"susceptibility_score": 0.6161, "provenance": "MODELLED"}}, {"type": "Feature", "geometry": {"type": "Point", "coordinates": [73.025, 19.2175]}, "properties": {"susceptibility_score": 0.5917, "provenance": "MODELLED"}}, {"type": "Feature", "geometry": {"type": "Point", "coordinates": [73.031111, 19.2175]}, "properties": {"susceptibility_score": 0.5715, "provenance": "MODELLED"}}, {"type": "Feature", "geometry": {"type": "Point", "coordinates": [73.037222, 19.2175]}, "properties": {"susceptibility_score": 0.4357, "provenance": "MODELLED"}}, {"type": "Feature", "geometry": {"type": "Point", "coordinates": [73.043333, 19.2175]}, "properties": {"susceptibility_score": 0.4036, "provenance": "MODELLED"}}, {"type": "Feature", "geometry": {"type": "Point", "coordinates": [73.049722, 19.2175]}, "properties": {"susceptibility_score": 0.3874, "provenance": "MODELLED"}}, {"type": "Feature", "geometry": {"type": "Point", "coordinates": [72.75, 19.208333]}, "properties": {"susceptibility_score": 0.4, "provenance": "MODELLED"}}, {"type": "Feature", "geometry": {"type": "Point", "coordinates": [72.756111, 19.208333]}, "properties": {"susceptibility_score": 0.4, "provenance": "MODELLED"}}, {"type": "Feature", "geometry": {"type": "Point", "coordinates": [72.762222, 19.208333]}, "properties": {"susceptibility_score": 0.4, "provenance": "MODELLED"}}, {"type": "Feature", "geometry": {"type": "Point", "coordinates": [72.768333, 19.208333]}, "properties": {"susceptibility_score": 0.4, "provenance": "MODELLED"}}, {"type": "Feature", "geometry": {"type": "Point", "coordinates": [72.774444, 19.208333]}, "properties": {"susceptibility_score": 0.4, "provenance": "MODELLED"}}, {"type": "Feature", "geometry": {"type": "Point", "coordinates": [72.780556, 19.208333]}, "properties": {"susceptibility_score": 0.5247, "provenance": "MODELLED"}}, {"type": "Feature", "geometry": {"type": "Point", "coordinates": [72.786667, 19.208333]}, "properties": {"susceptibility_score": 0.5976, "provenance": "MODELLED"}}, {"type": "Feature", "geometry": {"type": "Point", "coordinates": [72.792778, 19.208333]}, "properties": {"susceptibility_score": 0.5425, "provenance": "MODELLED"}}, {"type": "Feature", "geometry": {"type": "Point", "coordinates": [72.798889, 19.208333]}, "properties": {"susceptibility_score": 0.6, "provenance": "MODELLED"}}, {"type": "Feature", "geometry": {"type": "Point", "coordinates": [72.805, 19.208333]}, "properties": {"susceptibility_score": 0.6028, "provenance": "MODELLED"}}, {"type": "Feature", "geometry": {"type": "Point", "coordinates": [72.811111, 19.208333]}, "properties": {"susceptibility_score": 0.5531, "provenance": "MODELLED"}}, {"type": "Feature", "geometry": {"type": "Point", "coordinates": [72.817222, 19.208333]}, "properties": {"susceptibility_score": 0.551, "provenance": "MODELLED"}}, {"type": "Feature", "geometry": {"type": "Point", "coordinates": [72.823333, 19.208333]}, "properties": {"susceptibility_score": 0.6955, "provenance": "MODELLED"}}, {"type": "Feature", "geometry": {"type": "Point", "coordinates": [72.829444, 19.208333]}, "properties": {"susceptibility_score": 0.6026, "provenance": "MODELLED"}}, {"type": "Feature", "geometry": {"type": "Point", "coordinates": [72.835556, 19.208333]}, "properties": {"susceptibility_score": 0.6288, "provenance": "MODELLED"}}, {"type": "Feature", "geometry": {"type": "Point", "coordinates": [72.841667, 19.208333]}, "properties": {"susceptibility_score": 0.6577, "provenance": "MODELLED"}}, {"type": "Feature", "geometry": {"type": "Point", "coordinates": [72.847778, 19.208333]}, "properties": {"susceptibility_score": 0.7099, "provenance": "MODELLED"}}, {"type": "Feature", "geometry": {"type": "Point", "coordinates": [72.853889, 19.208333]}, "properties": {"susceptibility_score": 0.6258, "provenance": "MODELLED"}}, {"type": "Feature", "geometry": {"type": "Point", "coordinates": [72.86, 19.208333]}, "properties": {"susceptibility_score": 0.7159, "provenance": "MODELLED"}}, {"type": "Feature", "geometry": {"type": "Point", "coordinates": [72.866111, 19.208333]}, "properties": {"susceptibility_score": 0.644, "provenance": "MODELLED"}}, {"type": "Feature", "geometry": {"type": "Point", "coordinates": [72.872222, 19.208333]}, "properties": {"susceptibility_score": 0.588, "provenance": "MODELLED"}}, {"type": "Feature", "geometry": {"type": "Point", "coordinates": [72.878333, 19.208333]}, "properties": {"susceptibility_score": 0.5714, "provenance": "MODELLED"}}, {"type": "Feature", "geometry": {"type": "Point", "coordinates": [72.884444, 19.208333]}, "properties": {"susceptibility_score": 0.4047, "provenance": "MODELLED"}}, {"type": "Feature", "geometry": {"type": "Point", "coordinates": [72.890556, 19.208333]}, "properties": {"susceptibility_score": 0.482, "provenance": "MODELLED"}}, {"type": "Feature", "geometry": {"type": "Point", "coordinates": [72.896667, 19.208333]}, "properties": {"susceptibility_score": 0.5602, "provenance": "MODELLED"}}, {"type": "Feature", "geometry": {"type": "Point", "coordinates": [72.902778, 19.208333]}, "properties": {"susceptibility_score": 0.4736, "provenance": "MODELLED"}}, {"type": "Feature", "geometry": {"type": "Point", "coordinates": [72.908889, 19.208333]}, "properties": {"susceptibility_score": 0.5214, "provenance": "MODELLED"}}, {"type": "Feature", "geometry": {"type": "Point", "coordinates": [72.915, 19.208333]}, "properties": {"susceptibility_score": 0.3441, "provenance": "MODELLED"}}, {"type": "Feature", "geometry": {"type": "Point", "coordinates": [72.921111, 19.208333]}, "properties": {"susceptibility_score": 0.4023, "provenance": "MODELLED"}}, {"type": "Feature", "geometry": {"type": "Point", "coordinates": [72.927222, 19.208333]}, "properties": {"susceptibility_score": 0.3965, "provenance": "MODELLED"}}, {"type": "Feature", "geometry": {"type": "Point", "coordinates": [72.933333, 19.208333]}, "properties": {"susceptibility_score": 0.4568, "provenance": "MODELLED"}}, {"type": "Feature", "geometry": {"type": "Point", "coordinates": [72.939444, 19.208333]}, "properties": {"susceptibility_score": 0.2833, "provenance": "MODELLED"}}, {"type": "Feature", "geometry": {"type": "Point", "coordinates": [72.945556, 19.208333]}, "properties": {"susceptibility_score": 0.4433, "provenance": "MODELLED"}}, {"type": "Feature", "geometry": {"type": "Point", "coordinates": [72.951667, 19.208333]}, "properties": {"susceptibility_score": 0.5104, "provenance": "MODELLED"}}, {"type": "Feature", "geometry": {"type": "Point", "coordinates": [72.957778, 19.208333]}, "properties": {"susceptibility_score": 0.515, "provenance": "MODELLED"}}, {"type": "Feature", "geometry": {"type": "Point", "coordinates": [72.963889, 19.208333]}, "properties": {"susceptibility_score": 0.6504, "provenance": "MODELLED"}}, {"type": "Feature", "geometry": {"type": "Point", "coordinates": [72.97, 19.208333]}, "properties": {"susceptibility_score": 0.5907, "provenance": "MODELLED"}}, {"type": "Feature", "geometry": {"type": "Point", "coordinates": [72.976111, 19.208333]}, "properties": {"susceptibility_score": 0.7762, "provenance": "MODELLED"}}, {"type": "Feature", "geometry": {"type": "Point", "coordinates": [72.982222, 19.208333]}, "properties": {"susceptibility_score": 0.7851, "provenance": "MODELLED"}}, {"type": "Feature", "geometry": {"type": "Point", "coordinates": [72.988333, 19.208333]}, "properties": {"susceptibility_score": 0.612, "provenance": "MODELLED"}}, {"type": "Feature", "geometry": {"type": "Point", "coordinates": [72.994444, 19.208333]}, "properties": {"susceptibility_score": 0.5998, "provenance": "MODELLED"}}, {"type": "Feature", "geometry": {"type": "Point", "coordinates": [73.000556, 19.208333]}, "properties": {"susceptibility_score": 0.7291, "provenance": "MODELLED"}}, {"type": "Feature", "geometry": {"type": "Point", "coordinates": [73.006667, 19.208333]}, "properties": {"susceptibility_score": 0.601, "provenance": "MODELLED"}}, {"type": "Feature", "geometry": {"type": "Point", "coordinates": [73.012778, 19.208333]}, "properties": {"susceptibility_score": 0.4728, "provenance": "MODELLED"}}, {"type": "Feature", "geometry": {"type": "Point", "coordinates": [73.018889, 19.208333]}, "properties": {"susceptibility_score": 0.608, "provenance": "MODELLED"}}, {"type": "Feature", "geometry": {"type": "Point", "coordinates": [73.025, 19.208333]}, "properties": {"susceptibility_score": 0.6, "provenance": "MODELLED"}}, {"type": "Feature", "geometry": {"type": "Point", "coordinates": [73.031111, 19.208333]}, "properties": {"susceptibility_score": 0.5853, "provenance": "MODELLED"}}, {"type": "Feature", "geometry": {"type": "Point", "coordinates": [73.037222, 19.208333]}, "properties": {"susceptibility_score": 0.5232, "provenance": "MODELLED"}}, {"type": "Feature", "geometry": {"type": "Point", "coordinates": [73.043333, 19.208333]}, "properties": {"susceptibility_score": 0.4678, "provenance": "MODELLED"}}, {"type": "Feature", "geometry": {"type": "Point", "coordinates": [73.049722, 19.208333]}, "properties": {"susceptibility_score": 0.4839, "provenance": "MODELLED"}}, {"type": "Feature", "geometry": {"type": "Point", "coordinates": [72.75, 19.199167]}, "properties": {"susceptibility_score": 0.4, "provenance": "MODELLED"}}, {"type": "Feature", "geometry": {"type": "Point", "coordinates": [72.756111, 19.199167]}, "properties": {"susceptibility_score": 0.4, "provenance": "MODELLED"}}, {"type": "Feature", "geometry": {"type": "Point", "coordinates": [72.762222, 19.199167]}, "properties": {"susceptibility_score": 0.4, "provenance": "MODELLED"}}, {"type": "Feature", "geometry": {"type": "Point", "coordinates": [72.768333, 19.199167]}, "properties": {"susceptibility_score": 0.4, "provenance": "MODELLED"}}, {"type": "Feature", "geometry": {"type": "Point", "coordinates": [72.774444, 19.199167]}, "properties": {"susceptibility_score": 0.4, "provenance": "MODELLED"}}, {"type": "Feature", "geometry": {"type": "Point", "coordinates": [72.780556, 19.199167]}, "properties": {"susceptibility_score": 0.4, "provenance": "MODELLED"}}, {"type": "Feature", "geometry": {"type": "Point", "coordinates": [72.786667, 19.199167]}, "properties": {"susceptibility_score": 0.5931, "provenance": "MODELLED"}}, {"type": "Feature", "geometry": {"type": "Point", "coordinates": [72.792778, 19.199167]}, "properties": {"susceptibility_score": 0.6199, "provenance": "MODELLED"}}, {"type": "Feature", "geometry": {"type": "Point", "coordinates": [72.798889, 19.199167]}, "properties": {"susceptibility_score": 0.5739, "provenance": "MODELLED"}}, {"type": "Feature", "geometry": {"type": "Point", "coordinates": [72.805, 19.199167]}, "properties": {"susceptibility_score": 0.5164, "provenance": "MODELLED"}}, {"type": "Feature", "geometry": {"type": "Point", "coordinates": [72.811111, 19.199167]}, "properties": {"susceptibility_score": 0.7936, "provenance": "MODELLED"}}, {"type": "Feature", "geometry": {"type": "Point", "coordinates": [72.817222, 19.199167]}, "properties": {"susceptibility_score": 0.496, "provenance": "MODELLED"}}, {"type": "Feature", "geometry": {"type": "Point", "coordinates": [72.823333, 19.199167]}, "properties": {"susceptibility_score": 0.5693, "provenance": "MODELLED"}}, {"type": "Feature", "geometry": {"type": "Point", "coordinates": [72.829444, 19.199167]}, "properties": {"susceptibility_score": 0.7571, "provenance": "MODELLED"}}, {"type": "Feature", "geometry": {"type": "Point", "coordinates": [72.835556, 19.199167]}, "properties": {"susceptibility_score": 0.7881, "provenance": "MODELLED"}}, {"type": "Feature", "geometry": {"type": "Point", "coordinates": [72.841667, 19.199167]}, "properties": {"susceptibility_score": 0.6501, "provenance": "MODELLED"}}, {"type": "Feature", "geometry": {"type": "Point", "coordinates": [72.847778, 19.199167]}, "properties": {"susceptibility_score": 0.6844, "provenance": "MODELLED"}}, {"type": "Feature", "geometry": {"type": "Point", "coordinates": [72.853889, 19.199167]}, "properties": {"susceptibility_score": 0.5687, "provenance": "MODELLED"}}, {"type": "Feature", "geometry": {"type": "Point", "coordinates": [72.86, 19.199167]}, "properties": {"susceptibility_score": 0.4768, "provenance": "MODELLED"}}, {"type": "Feature", "geometry": {"type": "Point", "coordinates": [72.866111, 19.199167]}, "properties": {"susceptibility_score": 0.7864, "provenance": "MODELLED"}}, {"type": "Feature", "geometry": {"type": "Point", "coordinates": [72.872222, 19.199167]}, "properties": {"susceptibility_score": 0.4756, "provenance": "MODELLED"}}, {"type": "Feature", "geometry": {"type": "Point", "coordinates": [72.878333, 19.199167]}, "properties": {"susceptibility_score": 0.3755, "provenance": "MODELLED"}}, {"type": "Feature", "geometry": {"type": "Point", "coordinates": [72.884444, 19.199167]}, "properties": {"susceptibility_score": 0.3832, "provenance": "MODELLED"}}, {"type": "Feature", "geometry": {"type": "Point", "coordinates": [72.890556, 19.199167]}, "properties": {"susceptibility_score": 0.3009, "provenance": "MODELLED"}}, {"type": "Feature", "geometry": {"type": "Point", "coordinates": [72.896667, 19.199167]}, "properties": {"susceptibility_score": 0.5733, "provenance": "MODELLED"}}, {"type": "Feature", "geometry": {"type": "Point", "coordinates": [72.902778, 19.199167]}, "properties": {"susceptibility_score": 0.5591, "provenance": "MODELLED"}}, {"type": "Feature", "geometry": {"type": "Point", "coordinates": [72.908889, 19.199167]}, "properties": {"susceptibility_score": 0.5156, "provenance": "MODELLED"}}, {"type": "Feature", "geometry": {"type": "Point", "coordinates": [72.915, 19.199167]}, "properties": {"susceptibility_score": 0.4404, "provenance": "MODELLED"}}, {"type": "Feature", "geometry": {"type": "Point", "coordinates": [72.921111, 19.199167]}, "properties": {"susceptibility_score": 0.6039, "provenance": "MODELLED"}}, {"type": "Feature", "geometry": {"type": "Point", "coordinates": [72.927222, 19.199167]}, "properties": {"susceptibility_score": 0.5249, "provenance": "MODELLED"}}, {"type": "Feature", "geometry": {"type": "Point", "coordinates": [72.933333, 19.199167]}, "properties": {"susceptibility_score": 0.3397, "provenance": "MODELLED"}}, {"type": "Feature", "geometry": {"type": "Point", "coordinates": [72.939444, 19.199167]}, "properties": {"susceptibility_score": 0.4896, "provenance": "MODELLED"}}, {"type": "Feature", "geometry": {"type": "Point", "coordinates": [72.945556, 19.199167]}, "properties": {"susceptibility_score": 0.6563, "provenance": "MODELLED"}}, {"type": "Feature", "geometry": {"type": "Point", "coordinates": [72.951667, 19.199167]}, "properties": {"susceptibility_score": 0.5044, "provenance": "MODELLED"}}, {"type": "Feature", "geometry": {"type": "Point", "coordinates": [72.957778, 19.199167]}, "properties": {"susceptibility_score": 0.661, "provenance": "MODELLED"}}, {"type": "Feature", "geometry": {"type": "Point", "coordinates": [72.963889, 19.199167]}, "properties": {"susceptibility_score": 0.595, "provenance": "MODELLED"}}, {"type": "Feature", "geometry": {"type": "Point", "coordinates": [72.97, 19.199167]}, "properties": {"susceptibility_score": 0.6931, "provenance": "MODELLED"}}, {"type": "Feature", "geometry": {"type": "Point", "coordinates": [72.976111, 19.199167]}, "properties": {"susceptibility_score": 0.6461, "provenance": "MODELLED"}}, {"type": "Feature", "geometry": {"type": "Point", "coordinates": [72.982222, 19.199167]}, "properties": {"susceptibility_score": 0.5616, "provenance": "MODELLED"}}, {"type": "Feature", "geometry": {"type": "Point", "coordinates": [72.988333, 19.199167]}, "properties": {"susceptibility_score": 0.7019, "provenance": "MODELLED"}}, {"type": "Feature", "geometry": {"type": "Point", "coordinates": [72.994444, 19.199167]}, "properties": {"susceptibility_score": 0.6126, "provenance": "MODELLED"}}, {"type": "Feature", "geometry": {"type": "Point", "coordinates": [73.000556, 19.199167]}, "properties": {"susceptibility_score": 0.751, "provenance": "MODELLED"}}, {"type": "Feature", "geometry": {"type": "Point", "coordinates": [73.006667, 19.199167]}, "properties": {"susceptibility_score": 0.5074, "provenance": "MODELLED"}}, {"type": "Feature", "geometry": {"type": "Point", "coordinates": [73.012778, 19.199167]}, "properties": {"susceptibility_score": 0.3182, "provenance": "MODELLED"}}, {"type": "Feature", "geometry": {"type": "Point", "coordinates": [73.018889, 19.199167]}, "properties": {"susceptibility_score": 0.4466, "provenance": "MODELLED"}}, {"type": "Feature", "geometry": {"type": "Point", "coordinates": [73.025, 19.199167]}, "properties": {"susceptibility_score": 0.5938, "provenance": "MODELLED"}}, {"type": "Feature", "geometry": {"type": "Point", "coordinates": [73.031111, 19.199167]}, "properties": {"susceptibility_score": 0.5814, "provenance": "MODELLED"}}, {"type": "Feature", "geometry": {"type": "Point", "coordinates": [73.037222, 19.199167]}, "properties": {"susceptibility_score": 0.5876, "provenance": "MODELLED"}}, {"type": "Feature", "geometry": {"type": "Point", "coordinates": [73.043333, 19.199167]}, "properties": {"susceptibility_score": 0.5814, "provenance": "MODELLED"}}, {"type": "Feature", "geometry": {"type": "Point", "coordinates": [73.049722, 19.199167]}, "properties": {"susceptibility_score": 0.5603, "provenance": "MODELLED"}}, {"type": "Feature", "geometry": {"type": "Point", "coordinates": [72.75, 19.19]}, "properties": {"susceptibility_score": 0.4, "provenance": "MODELLED"}}, {"type": "Feature", "geometry": {"type": "Point", "coordinates": [72.756111, 19.19]}, "properties": {"susceptibility_score": 0.4, "provenance": "MODELLED"}}, {"type": "Feature", "geometry": {"type": "Point", "coordinates": [72.762222, 19.19]}, "properties": {"susceptibility_score": 0.4, "provenance": "MODELLED"}}, {"type": "Feature", "geometry": {"type": "Point", "coordinates": [72.768333, 19.19]}, "properties": {"susceptibility_score": 0.4, "provenance": "MODELLED"}}, {"type": "Feature", "geometry": {"type": "Point", "coordinates": [72.774444, 19.19]}, "properties": {"susceptibility_score": 0.4, "provenance": "MODELLED"}}, {"type": "Feature", "geometry": {"type": "Point", "coordinates": [72.780556, 19.19]}, "properties": {"susceptibility_score": 0.4, "provenance": "MODELLED"}}, {"type": "Feature", "geometry": {"type": "Point", "coordinates": [72.786667, 19.19]}, "properties": {"susceptibility_score": 0.4, "provenance": "MODELLED"}}, {"type": "Feature", "geometry": {"type": "Point", "coordinates": [72.792778, 19.19]}, "properties": {"susceptibility_score": 0.4373, "provenance": "MODELLED"}}, {"type": "Feature", "geometry": {"type": "Point", "coordinates": [72.798889, 19.19]}, "properties": {"susceptibility_score": 0.4954, "provenance": "MODELLED"}}, {"type": "Feature", "geometry": {"type": "Point", "coordinates": [72.805, 19.19]}, "properties": {"susceptibility_score": 0.5769, "provenance": "MODELLED"}}, {"type": "Feature", "geometry": {"type": "Point", "coordinates": [72.811111, 19.19]}, "properties": {"susceptibility_score": 0.4706, "provenance": "MODELLED"}}, {"type": "Feature", "geometry": {"type": "Point", "coordinates": [72.817222, 19.19]}, "properties": {"susceptibility_score": 0.7314, "provenance": "MODELLED"}}, {"type": "Feature", "geometry": {"type": "Point", "coordinates": [72.823333, 19.19]}, "properties": {"susceptibility_score": 0.7739, "provenance": "MODELLED"}}, {"type": "Feature", "geometry": {"type": "Point", "coordinates": [72.829444, 19.19]}, "properties": {"susceptibility_score": 0.7063, "provenance": "MODELLED"}}, {"type": "Feature", "geometry": {"type": "Point", "coordinates": [72.835556, 19.19]}, "properties": {"susceptibility_score": 0.6701, "provenance": "MODELLED"}}, {"type": "Feature", "geometry": {"type": "Point", "coordinates": [72.841667, 19.19]}, "properties": {"susceptibility_score": 0.7458, "provenance": "MODELLED"}}, {"type": "Feature", "geometry": {"type": "Point", "coordinates": [72.847778, 19.19]}, "properties": {"susceptibility_score": 0.718, "provenance": "MODELLED"}}, {"type": "Feature", "geometry": {"type": "Point", "coordinates": [72.853889, 19.19]}, "properties": {"susceptibility_score": 0.745, "provenance": "MODELLED"}}, {"type": "Feature", "geometry": {"type": "Point", "coordinates": [72.86, 19.19]}, "properties": {"susceptibility_score": 0.7064, "provenance": "MODELLED"}}, {"type": "Feature", "geometry": {"type": "Point", "coordinates": [72.866111, 19.19]}, "properties": {"susceptibility_score": 0.7969, "provenance": "MODELLED"}}, {"type": "Feature", "geometry": {"type": "Point", "coordinates": [72.872222, 19.19]}, "properties": {"susceptibility_score": 0.7483, "provenance": "MODELLED"}}, {"type": "Feature", "geometry": {"type": "Point", "coordinates": [72.878333, 19.19]}, "properties": {"susceptibility_score": 0.5415, "provenance": "MODELLED"}}, {"type": "Feature", "geometry": {"type": "Point", "coordinates": [72.884444, 19.19]}, "properties": {"susceptibility_score": 0.5282, "provenance": "MODELLED"}}, {"type": "Feature", "geometry": {"type": "Point", "coordinates": [72.890556, 19.19]}, "properties": {"susceptibility_score": 0.5236, "provenance": "MODELLED"}}, {"type": "Feature", "geometry": {"type": "Point", "coordinates": [72.896667, 19.19]}, "properties": {"susceptibility_score": 0.4366, "provenance": "MODELLED"}}, {"type": "Feature", "geometry": {"type": "Point", "coordinates": [72.902778, 19.19]}, "properties": {"susceptibility_score": 0.4294, "provenance": "MODELLED"}}, {"type": "Feature", "geometry": {"type": "Point", "coordinates": [72.908889, 19.19]}, "properties": {"susceptibility_score": 0.4215, "provenance": "MODELLED"}}, {"type": "Feature", "geometry": {"type": "Point", "coordinates": [72.915, 19.19]}, "properties": {"susceptibility_score": 0.5232, "provenance": "MODELLED"}}, {"type": "Feature", "geometry": {"type": "Point", "coordinates": [72.921111, 19.19]}, "properties": {"susceptibility_score": 0.4932, "provenance": "MODELLED"}}, {"type": "Feature", "geometry": {"type": "Point", "coordinates": [72.927222, 19.19]}, "properties": {"susceptibility_score": 0.397, "provenance": "MODELLED"}}, {"type": "Feature", "geometry": {"type": "Point", "coordinates": [72.933333, 19.19]}, "properties": {"susceptibility_score": 0.3962, "provenance": "MODELLED"}}, {"type": "Feature", "geometry": {"type": "Point", "coordinates": [72.939444, 19.19]}, "properties": {"susceptibility_score": 0.6514, "provenance": "MODELLED"}}, {"type": "Feature", "geometry": {"type": "Point", "coordinates": [72.945556, 19.19]}, "properties": {"susceptibility_score": 0.7144, "provenance": "MODELLED"}}, {"type": "Feature", "geometry": {"type": "Point", "coordinates": [72.951667, 19.19]}, "properties": {"susceptibility_score": 0.6089, "provenance": "MODELLED"}}, {"type": "Feature", "geometry": {"type": "Point", "coordinates": [72.957778, 19.19]}, "properties": {"susceptibility_score": 0.5923, "provenance": "MODELLED"}}, {"type": "Feature", "geometry": {"type": "Point", "coordinates": [72.963889, 19.19]}, "properties": {"susceptibility_score": 0.4802, "provenance": "MODELLED"}}, {"type": "Feature", "geometry": {"type": "Point", "coordinates": [72.97, 19.19]}, "properties": {"susceptibility_score": 0.6437, "provenance": "MODELLED"}}, {"type": "Feature", "geometry": {"type": "Point", "coordinates": [72.976111, 19.19]}, "properties": {"susceptibility_score": 0.7896, "provenance": "MODELLED"}}, {"type": "Feature", "geometry": {"type": "Point", "coordinates": [72.982222, 19.19]}, "properties": {"susceptibility_score": 0.5882, "provenance": "MODELLED"}}, {"type": "Feature", "geometry": {"type": "Point", "coordinates": [72.988333, 19.19]}, "properties": {"susceptibility_score": 0.6915, "provenance": "MODELLED"}}, {"type": "Feature", "geometry": {"type": "Point", "coordinates": [72.994444, 19.19]}, "properties": {"susceptibility_score": 0.5909, "provenance": "MODELLED"}}, {"type": "Feature", "geometry": {"type": "Point", "coordinates": [73.000556, 19.19]}, "properties": {"susceptibility_score": 0.7295, "provenance": "MODELLED"}}, {"type": "Feature", "geometry": {"type": "Point", "coordinates": [73.006667, 19.19]}, "properties": {"susceptibility_score": 0.6915, "provenance": "MODELLED"}}, {"type": "Feature", "geometry": {"type": "Point", "coordinates": [73.012778, 19.19]}, "properties": {"susceptibility_score": 0.3038, "provenance": "MODELLED"}}, {"type": "Feature", "geometry": {"type": "Point", "coordinates": [73.018889, 19.19]}, "properties": {"susceptibility_score": 0.2915, "provenance": "MODELLED"}}, {"type": "Feature", "geometry": {"type": "Point", "coordinates": [73.025, 19.19]}, "properties": {"susceptibility_score": 0.5768, "provenance": "MODELLED"}}, {"type": "Feature", "geometry": {"type": "Point", "coordinates": [73.031111, 19.19]}, "properties": {"susceptibility_score": 0.6013, "provenance": "MODELLED"}}, {"type": "Feature", "geometry": {"type": "Point", "coordinates": [73.037222, 19.19]}, "properties": {"susceptibility_score": 0.5562, "provenance": "MODELLED"}}, {"type": "Feature", "geometry": {"type": "Point", "coordinates": [73.043333, 19.19]}, "properties": {"susceptibility_score": 0.7467, "provenance": "MODELLED"}}, {"type": "Feature", "geometry": {"type": "Point", "coordinates": [73.049722, 19.19]}, "properties": {"susceptibility_score": 0.6023, "provenance": "MODELLED"}}, {"type": "Feature", "geometry": {"type": "Point", "coordinates": [72.75, 19.180833]}, "properties": {"susceptibility_score": 0.4, "provenance": "MODELLED"}}, {"type": "Feature", "geometry": {"type": "Point", "coordinates": [72.756111, 19.180833]}, "properties": {"susceptibility_score": 0.4, "provenance": "MODELLED"}}, {"type": "Feature", "geometry": {"type": "Point", "coordinates": [72.762222, 19.180833]}, "properties": {"susceptibility_score": 0.4, "provenance": "MODELLED"}}, {"type": "Feature", "geometry": {"type": "Point", "coordinates": [72.768333, 19.180833]}, "properties": {"susceptibility_score": 0.4, "provenance": "MODELLED"}}, {"type": "Feature", "geometry": {"type": "Point", "coordinates": [72.774444, 19.180833]}, "properties": {"susceptibility_score": 0.4, "provenance": "MODELLED"}}, {"type": "Feature", "geometry": {"type": "Point", "coordinates": [72.780556, 19.180833]}, "properties": {"susceptibility_score": 0.4, "provenance": "MODELLED"}}, {"type": "Feature", "geometry": {"type": "Point", "coordinates": [72.786667, 19.180833]}, "properties": {"susceptibility_score": 0.4, "provenance": "MODELLED"}}, {"type": "Feature", "geometry": {"type": "Point", "coordinates": [72.792778, 19.180833]}, "properties": {"susceptibility_score": 0.4006, "provenance": "MODELLED"}}, {"type": "Feature", "geometry": {"type": "Point", "coordinates": [72.798889, 19.180833]}, "properties": {"susceptibility_score": 0.3989, "provenance": "MODELLED"}}, {"type": "Feature", "geometry": {"type": "Point", "coordinates": [72.805, 19.180833]}, "properties": {"susceptibility_score": 0.3859, "provenance": "MODELLED"}}, {"type": "Feature", "geometry": {"type": "Point", "coordinates": [72.811111, 19.180833]}, "properties": {"susceptibility_score": 0.482, "provenance": "MODELLED"}}, {"type": "Feature", "geometry": {"type": "Point", "coordinates": [72.817222, 19.180833]}, "properties": {"susceptibility_score": 0.734, "provenance": "MODELLED"}}, {"type": "Feature", "geometry": {"type": "Point", "coordinates": [72.823333, 19.180833]}, "properties": {"susceptibility_score": 0.5672, "provenance": "MODELLED"}}, {"type": "Feature", "geometry": {"type": "Point", "coordinates": [72.829444, 19.180833]}, "properties": {"susceptibility_score": 0.5929, "provenance": "MODELLED"}}, {"type": "Feature", "geometry": {"type": "Point", "coordinates": [72.835556, 19.180833]}, "properties": {"susceptibility_score": 0.7321, "provenance": "MODELLED"}}, {"type": "Feature", "geometry": {"type": "Point", "coordinates": [72.841667, 19.180833]}, "properties": {"susceptibility_score": 0.562, "provenance": "MODELLED"}}, {"type": "Feature", "geometry": {"type": "Point", "coordinates": [72.847778, 19.180833]}, "properties": {"susceptibility_score": 0.4426, "provenance": "MODELLED"}}, {"type": "Feature", "geometry": {"type": "Point", "coordinates": [72.853889, 19.180833]}, "properties": {"susceptibility_score": 0.5641, "provenance": "MODELLED"}}, {"type": "Feature", "geometry": {"type": "Point", "coordinates": [72.86, 19.180833]}, "properties": {"susceptibility_score": 0.5215, "provenance": "MODELLED"}}, {"type": "Feature", "geometry": {"type": "Point", "coordinates": [72.866111, 19.180833]}, "properties": {"susceptibility_score": 0.802, "provenance": "MODELLED"}}, {"type": "Feature", "geometry": {"type": "Point", "coordinates": [72.872222, 19.180833]}, "properties": {"susceptibility_score": 0.7119, "provenance": "MODELLED"}}, {"type": "Feature", "geometry": {"type": "Point", "coordinates": [72.878333, 19.180833]}, "properties": {"susceptibility_score": 0.3848, "provenance": "MODELLED"}}, {"type": "Feature", "geometry": {"type": "Point", "coordinates": [72.884444, 19.180833]}, "properties": {"susceptibility_score": 0.4369, "provenance": "MODELLED"}}, {"type": "Feature", "geometry": {"type": "Point", "coordinates": [72.890556, 19.180833]}, "properties": {"susceptibility_score": 0.469, "provenance": "MODELLED"}}, {"type": "Feature", "geometry": {"type": "Point", "coordinates": [72.896667, 19.180833]}, "properties": {"susceptibility_score": 0.3791, "provenance": "MODELLED"}}, {"type": "Feature", "geometry": {"type": "Point", "coordinates": [72.902778, 19.180833]}, "properties": {"susceptibility_score": 0.3959, "provenance": "MODELLED"}}, {"type": "Feature", "geometry": {"type": "Point", "coordinates": [72.908889, 19.180833]}, "properties": {"susceptibility_score": 0.4118, "provenance": "MODELLED"}}, {"type": "Feature", "geometry": {"type": "Point", "coordinates": [72.915, 19.180833]}, "properties": {"susceptibility_score": 0.4821, "provenance": "MODELLED"}}, {"type": "Feature", "geometry": {"type": "Point", "coordinates": [72.921111, 19.180833]}, "properties": {"susceptibility_score": 0.515, "provenance": "MODELLED"}}, {"type": "Feature", "geometry": {"type": "Point", "coordinates": [72.927222, 19.180833]}, "properties": {"susceptibility_score": 0.6084, "provenance": "MODELLED"}}, {"type": "Feature", "geometry": {"type": "Point", "coordinates": [72.933333, 19.180833]}, "properties": {"susceptibility_score": 0.4086, "provenance": "MODELLED"}}, {"type": "Feature", "geometry": {"type": "Point", "coordinates": [72.939444, 19.180833]}, "properties": {"susceptibility_score": 0.6737, "provenance": "MODELLED"}}, {"type": "Feature", "geometry": {"type": "Point", "coordinates": [72.945556, 19.180833]}, "properties": {"susceptibility_score": 0.7197, "provenance": "MODELLED"}}, {"type": "Feature", "geometry": {"type": "Point", "coordinates": [72.951667, 19.180833]}, "properties": {"susceptibility_score": 0.634, "provenance": "MODELLED"}}, {"type": "Feature", "geometry": {"type": "Point", "coordinates": [72.957778, 19.180833]}, "properties": {"susceptibility_score": 0.5775, "provenance": "MODELLED"}}, {"type": "Feature", "geometry": {"type": "Point", "coordinates": [72.963889, 19.180833]}, "properties": {"susceptibility_score": 0.8351, "provenance": "MODELLED"}}, {"type": "Feature", "geometry": {"type": "Point", "coordinates": [72.97, 19.180833]}, "properties": {"susceptibility_score": 0.4896, "provenance": "MODELLED"}}, {"type": "Feature", "geometry": {"type": "Point", "coordinates": [72.976111, 19.180833]}, "properties": {"susceptibility_score": 0.781, "provenance": "MODELLED"}}, {"type": "Feature", "geometry": {"type": "Point", "coordinates": [72.982222, 19.180833]}, "properties": {"susceptibility_score": 0.5917, "provenance": "MODELLED"}}, {"type": "Feature", "geometry": {"type": "Point", "coordinates": [72.988333, 19.180833]}, "properties": {"susceptibility_score": 0.5918, "provenance": "MODELLED"}}, {"type": "Feature", "geometry": {"type": "Point", "coordinates": [72.994444, 19.180833]}, "properties": {"susceptibility_score": 0.76, "provenance": "MODELLED"}}, {"type": "Feature", "geometry": {"type": "Point", "coordinates": [73.000556, 19.180833]}, "properties": {"susceptibility_score": 0.7073, "provenance": "MODELLED"}}, {"type": "Feature", "geometry": {"type": "Point", "coordinates": [73.006667, 19.180833]}, "properties": {"susceptibility_score": 0.46, "provenance": "MODELLED"}}, {"type": "Feature", "geometry": {"type": "Point", "coordinates": [73.012778, 19.180833]}, "properties": {"susceptibility_score": 0.4275, "provenance": "MODELLED"}}, {"type": "Feature", "geometry": {"type": "Point", "coordinates": [73.018889, 19.180833]}, "properties": {"susceptibility_score": 0.3857, "provenance": "MODELLED"}}, {"type": "Feature", "geometry": {"type": "Point", "coordinates": [73.025, 19.180833]}, "properties": {"susceptibility_score": 0.6098, "provenance": "MODELLED"}}, {"type": "Feature", "geometry": {"type": "Point", "coordinates": [73.031111, 19.180833]}, "properties": {"susceptibility_score": 0.5827, "provenance": "MODELLED"}}, {"type": "Feature", "geometry": {"type": "Point", "coordinates": [73.037222, 19.180833]}, "properties": {"susceptibility_score": 0.5346, "provenance": "MODELLED"}}, {"type": "Feature", "geometry": {"type": "Point", "coordinates": [73.043333, 19.180833]}, "properties": {"susceptibility_score": 0.7138, "provenance": "MODELLED"}}, {"type": "Feature", "geometry": {"type": "Point", "coordinates": [73.049722, 19.180833]}, "properties": {"susceptibility_score": 0.5147, "provenance": "MODELLED"}}, {"type": "Feature", "geometry": {"type": "Point", "coordinates": [72.75, 19.171667]}, "properties": {"susceptibility_score": 0.4, "provenance": "MODELLED"}}, {"type": "Feature", "geometry": {"type": "Point", "coordinates": [72.756111, 19.171667]}, "properties": {"susceptibility_score": 0.4, "provenance": "MODELLED"}}, {"type": "Feature", "geometry": {"type": "Point", "coordinates": [72.762222, 19.171667]}, "properties": {"susceptibility_score": 0.4, "provenance": "MODELLED"}}, {"type": "Feature", "geometry": {"type": "Point", "coordinates": [72.768333, 19.171667]}, "properties": {"susceptibility_score": 0.4, "provenance": "MODELLED"}}, {"type": "Feature", "geometry": {"type": "Point", "coordinates": [72.774444, 19.171667]}, "properties": {"susceptibility_score": 0.4, "provenance": "MODELLED"}}, {"type": "Feature", "geometry": {"type": "Point", "coordinates": [72.780556, 19.171667]}, "properties": {"susceptibility_score": 0.4, "provenance": "MODELLED"}}, {"type": "Feature", "geometry": {"type": "Point", "coordinates": [72.786667, 19.171667]}, "properties": {"susceptibility_score": 0.4391, "provenance": "MODELLED"}}, {"type": "Feature", "geometry": {"type": "Point", "coordinates": [72.792778, 19.171667]}, "properties": {"susceptibility_score": 0.5914, "provenance": "MODELLED"}}, {"type": "Feature", "geometry": {"type": "Point", "coordinates": [72.798889, 19.171667]}, "properties": {"susceptibility_score": 0.5301, "provenance": "MODELLED"}}, {"type": "Feature", "geometry": {"type": "Point", "coordinates": [72.805, 19.171667]}, "properties": {"susceptibility_score": 0.4568, "provenance": "MODELLED"}}, {"type": "Feature", "geometry": {"type": "Point", "coordinates": [72.811111, 19.171667]}, "properties": {"susceptibility_score": 0.549, "provenance": "MODELLED"}}, {"type": "Feature", "geometry": {"type": "Point", "coordinates": [72.817222, 19.171667]}, "properties": {"susceptibility_score": 0.608, "provenance": "MODELLED"}}, {"type": "Feature", "geometry": {"type": "Point", "coordinates": [72.823333, 19.171667]}, "properties": {"susceptibility_score": 0.6147, "provenance": "MODELLED"}}, {"type": "Feature", "geometry": {"type": "Point", "coordinates": [72.829444, 19.171667]}, "properties": {"susceptibility_score": 0.6055, "provenance": "MODELLED"}}, {"type": "Feature", "geometry": {"type": "Point", "coordinates": [72.835556, 19.171667]}, "properties": {"susceptibility_score": 0.7126, "provenance": "MODELLED"}}, {"type": "Feature", "geometry": {"type": "Point", "coordinates": [72.841667, 19.171667]}, "properties": {"susceptibility_score": 0.5809, "provenance": "MODELLED"}}, {"type": "Feature", "geometry": {"type": "Point", "coordinates": [72.847778, 19.171667]}, "properties": {"susceptibility_score": 0.6753, "provenance": "MODELLED"}}, {"type": "Feature", "geometry": {"type": "Point", "coordinates": [72.853889, 19.171667]}, "properties": {"susceptibility_score": 0.6141, "provenance": "MODELLED"}}, {"type": "Feature", "geometry": {"type": "Point", "coordinates": [72.86, 19.171667]}, "properties": {"susceptibility_score": 0.4407, "provenance": "MODELLED"}}, {"type": "Feature", "geometry": {"type": "Point", "coordinates": [72.866111, 19.171667]}, "properties": {"susceptibility_score": 0.611, "provenance": "MODELLED"}}, {"type": "Feature", "geometry": {"type": "Point", "coordinates": [72.872222, 19.171667]}, "properties": {"susceptibility_score": 0.5672, "provenance": "MODELLED"}}, {"type": "Feature", "geometry": {"type": "Point", "coordinates": [72.878333, 19.171667]}, "properties": {"susceptibility_score": 0.7237, "provenance": "MODELLED"}}, {"type": "Feature", "geometry": {"type": "Point", "coordinates": [72.884444, 19.171667]}, "properties": {"susceptibility_score": 0.4776, "provenance": "MODELLED"}}, {"type": "Feature", "geometry": {"type": "Point", "coordinates": [72.890556, 19.171667]}, "properties": {"susceptibility_score": 0.3655, "provenance": "MODELLED"}}, {"type": "Feature", "geometry": {"type": "Point", "coordinates": [72.896667, 19.171667]}, "properties": {"susceptibility_score": 0.4839, "provenance": "MODELLED"}}, {"type": "Feature", "geometry": {"type": "Point", "coordinates": [72.902778, 19.171667]}, "properties": {"susceptibility_score": 0.3861, "provenance": "MODELLED"}}, {"type": "Feature", "geometry": {"type": "Point", "coordinates": [72.908889, 19.171667]}, "properties": {"susceptibility_score": 0.5554, "provenance": "MODELLED"}}, {"type": "Feature", "geometry": {"type": "Point", "coordinates": [72.915, 19.171667]}, "properties": {"susceptibility_score": 0.5359, "provenance": "MODELLED"}}, {"type": "Feature", "geometry": {"type": "Point", "coordinates": [72.921111, 19.171667]}, "properties": {"susceptibility_score": 0.5111, "provenance": "MODELLED"}}, {"type": "Feature", "geometry": {"type": "Point", "coordinates": [72.927222, 19.171667]}, "properties": {"susceptibility_score": 0.4546, "provenance": "MODELLED"}}, {"type": "Feature", "geometry": {"type": "Point", "coordinates": [72.933333, 19.171667]}, "properties": {"susceptibility_score": 0.7628, "provenance": "MODELLED"}}, {"type": "Feature", "geometry": {"type": "Point", "coordinates": [72.939444, 19.171667]}, "properties": {"susceptibility_score": 0.7756, "provenance": "MODELLED"}}, {"type": "Feature", "geometry": {"type": "Point", "coordinates": [72.945556, 19.171667]}, "properties": {"susceptibility_score": 0.6232, "provenance": "MODELLED"}}, {"type": "Feature", "geometry": {"type": "Point", "coordinates": [72.951667, 19.171667]}, "properties": {"susceptibility_score": 0.6997, "provenance": "MODELLED"}}, {"type": "Feature", "geometry": {"type": "Point", "coordinates": [72.957778, 19.171667]}, "properties": {"susceptibility_score": 0.6639, "provenance": "MODELLED"}}, {"type": "Feature", "geometry": {"type": "Point", "coordinates": [72.963889, 19.171667]}, "properties": {"susceptibility_score": 0.7025, "provenance": "MODELLED"}}, {"type": "Feature", "geometry": {"type": "Point", "coordinates": [72.97, 19.171667]}, "properties": {"susceptibility_score": 0.6127, "provenance": "MODELLED"}}, {"type": "Feature", "geometry": {"type": "Point", "coordinates": [72.976111, 19.171667]}, "properties": {"susceptibility_score": 0.4941, "provenance": "MODELLED"}}, {"type": "Feature", "geometry": {"type": "Point", "coordinates": [72.982222, 19.171667]}, "properties": {"susceptibility_score": 0.5913, "provenance": "MODELLED"}}, {"type": "Feature", "geometry": {"type": "Point", "coordinates": [72.988333, 19.171667]}, "properties": {"susceptibility_score": 0.5477, "provenance": "MODELLED"}}, {"type": "Feature", "geometry": {"type": "Point", "coordinates": [72.994444, 19.171667]}, "properties": {"susceptibility_score": 0.7369, "provenance": "MODELLED"}}, {"type": "Feature", "geometry": {"type": "Point", "coordinates": [73.000556, 19.171667]}, "properties": {"susceptibility_score": 0.5522, "provenance": "MODELLED"}}, {"type": "Feature", "geometry": {"type": "Point", "coordinates": [73.006667, 19.171667]}, "properties": {"susceptibility_score": 0.7704, "provenance": "MODELLED"}}, {"type": "Feature", "geometry": {"type": "Point", "coordinates": [73.012778, 19.171667]}, "properties": {"susceptibility_score": 0.3692, "provenance": "MODELLED"}}, {"type": "Feature", "geometry": {"type": "Point", "coordinates": [73.018889, 19.171667]}, "properties": {"susceptibility_score": 0.661, "provenance": "MODELLED"}}, {"type": "Feature", "geometry": {"type": "Point", "coordinates": [73.025, 19.171667]}, "properties": {"susceptibility_score": 0.7109, "provenance": "MODELLED"}}, {"type": "Feature", "geometry": {"type": "Point", "coordinates": [73.031111, 19.171667]}, "properties": {"susceptibility_score": 0.6592, "provenance": "MODELLED"}}, {"type": "Feature", "geometry": {"type": "Point", "coordinates": [73.037222, 19.171667]}, "properties": {"susceptibility_score": 0.618, "provenance": "MODELLED"}}, {"type": "Feature", "geometry": {"type": "Point", "coordinates": [73.043333, 19.171667]}, "properties": {"susceptibility_score": 0.5909, "provenance": "MODELLED"}}, {"type": "Feature", "geometry": {"type": "Point", "coordinates": [73.049722, 19.171667]}, "properties": {"susceptibility_score": 0.6415, "provenance": "MODELLED"}}, {"type": "Feature", "geometry": {"type": "Point", "coordinates": [72.75, 19.1625]}, "properties": {"susceptibility_score": 0.4, "provenance": "MODELLED"}}, {"type": "Feature", "geometry": {"type": "Point", "coordinates": [72.756111, 19.1625]}, "properties": {"susceptibility_score": 0.4, "provenance": "MODELLED"}}, {"type": "Feature", "geometry": {"type": "Point", "coordinates": [72.762222, 19.1625]}, "properties": {"susceptibility_score": 0.4, "provenance": "MODELLED"}}, {"type": "Feature", "geometry": {"type": "Point", "coordinates": [72.768333, 19.1625]}, "properties": {"susceptibility_score": 0.4, "provenance": "MODELLED"}}, {"type": "Feature", "geometry": {"type": "Point", "coordinates": [72.774444, 19.1625]}, "properties": {"susceptibility_score": 0.4, "provenance": "MODELLED"}}, {"type": "Feature", "geometry": {"type": "Point", "coordinates": [72.780556, 19.1625]}, "properties": {"susceptibility_score": 0.4556, "provenance": "MODELLED"}}, {"type": "Feature", "geometry": {"type": "Point", "coordinates": [72.786667, 19.1625]}, "properties": {"susceptibility_score": 0.5634, "provenance": "MODELLED"}}, {"type": "Feature", "geometry": {"type": "Point", "coordinates": [72.792778, 19.1625]}, "properties": {"susceptibility_score": 0.5744, "provenance": "MODELLED"}}, {"type": "Feature", "geometry": {"type": "Point", "coordinates": [72.798889, 19.1625]}, "properties": {"susceptibility_score": 0.5871, "provenance": "MODELLED"}}, {"type": "Feature", "geometry": {"type": "Point", "coordinates": [72.805, 19.1625]}, "properties": {"susceptibility_score": 0.591, "provenance": "MODELLED"}}, {"type": "Feature", "geometry": {"type": "Point", "coordinates": [72.811111, 19.1625]}, "properties": {"susceptibility_score": 0.5703, "provenance": "MODELLED"}}, {"type": "Feature", "geometry": {"type": "Point", "coordinates": [72.817222, 19.1625]}, "properties": {"susceptibility_score": 0.6, "provenance": "MODELLED"}}, {"type": "Feature", "geometry": {"type": "Point", "coordinates": [72.823333, 19.1625]}, "properties": {"susceptibility_score": 0.5492, "provenance": "MODELLED"}}, {"type": "Feature", "geometry": {"type": "Point", "coordinates": [72.829444, 19.1625]}, "properties": {"susceptibility_score": 0.5785, "provenance": "MODELLED"}}, {"type": "Feature", "geometry": {"type": "Point", "coordinates": [72.835556, 19.1625]}, "properties": {"susceptibility_score": 0.5386, "provenance": "MODELLED"}}, {"type": "Feature", "geometry": {"type": "Point", "coordinates": [72.841667, 19.1625]}, "properties": {"susceptibility_score": 0.7176, "provenance": "MODELLED"}}, {"type": "Feature", "geometry": {"type": "Point", "coordinates": [72.847778, 19.1625]}, "properties": {"susceptibility_score": 0.6444, "provenance": "MODELLED"}}, {"type": "Feature", "geometry": {"type": "Point", "coordinates": [72.853889, 19.1625]}, "properties": {"susceptibility_score": 0.6241, "provenance": "MODELLED"}}, {"type": "Feature", "geometry": {"type": "Point", "coordinates": [72.86, 19.1625]}, "properties": {"susceptibility_score": 0.5879, "provenance": "MODELLED"}}, {"type": "Feature", "geometry": {"type": "Point", "coordinates": [72.866111, 19.1625]}, "properties": {"susceptibility_score": 0.5524, "provenance": "MODELLED"}}, {"type": "Feature", "geometry": {"type": "Point", "coordinates": [72.872222, 19.1625]}, "properties": {"susceptibility_score": 0.552, "provenance": "MODELLED"}}, {"type": "Feature", "geometry": {"type": "Point", "coordinates": [72.878333, 19.1625]}, "properties": {"susceptibility_score": 0.5396, "provenance": "MODELLED"}}, {"type": "Feature", "geometry": {"type": "Point", "coordinates": [72.884444, 19.1625]}, "properties": {"susceptibility_score": 0.5181, "provenance": "MODELLED"}}, {"type": "Feature", "geometry": {"type": "Point", "coordinates": [72.890556, 19.1625]}, "properties": {"susceptibility_score": 0.5434, "provenance": "MODELLED"}}, {"type": "Feature", "geometry": {"type": "Point", "coordinates": [72.896667, 19.1625]}, "properties": {"susceptibility_score": 0.5165, "provenance": "MODELLED"}}, {"type": "Feature", "geometry": {"type": "Point", "coordinates": [72.902778, 19.1625]}, "properties": {"susceptibility_score": 0.5498, "provenance": "MODELLED"}}, {"type": "Feature", "geometry": {"type": "Point", "coordinates": [72.908889, 19.1625]}, "properties": {"susceptibility_score": 0.561, "provenance": "MODELLED"}}, {"type": "Feature", "geometry": {"type": "Point", "coordinates": [72.915, 19.1625]}, "properties": {"susceptibility_score": 0.5772, "provenance": "MODELLED"}}, {"type": "Feature", "geometry": {"type": "Point", "coordinates": [72.921111, 19.1625]}, "properties": {"susceptibility_score": 0.5442, "provenance": "MODELLED"}}, {"type": "Feature", "geometry": {"type": "Point", "coordinates": [72.927222, 19.1625]}, "properties": {"susceptibility_score": 0.4749, "provenance": "MODELLED"}}, {"type": "Feature", "geometry": {"type": "Point", "coordinates": [72.933333, 19.1625]}, "properties": {"susceptibility_score": 0.7366, "provenance": "MODELLED"}}, {"type": "Feature", "geometry": {"type": "Point", "coordinates": [72.939444, 19.1625]}, "properties": {"susceptibility_score": 0.5764, "provenance": "MODELLED"}}, {"type": "Feature", "geometry": {"type": "Point", "coordinates": [72.945556, 19.1625]}, "properties": {"susceptibility_score": 0.7193, "provenance": "MODELLED"}}, {"type": "Feature", "geometry": {"type": "Point", "coordinates": [72.951667, 19.1625]}, "properties": {"susceptibility_score": 0.5719, "provenance": "MODELLED"}}, {"type": "Feature", "geometry": {"type": "Point", "coordinates": [72.957778, 19.1625]}, "properties": {"susceptibility_score": 0.647, "provenance": "MODELLED"}}, {"type": "Feature", "geometry": {"type": "Point", "coordinates": [72.963889, 19.1625]}, "properties": {"susceptibility_score": 0.5898, "provenance": "MODELLED"}}, {"type": "Feature", "geometry": {"type": "Point", "coordinates": [72.97, 19.1625]}, "properties": {"susceptibility_score": 0.5719, "provenance": "MODELLED"}}, {"type": "Feature", "geometry": {"type": "Point", "coordinates": [72.976111, 19.1625]}, "properties": {"susceptibility_score": 0.5613, "provenance": "MODELLED"}}, {"type": "Feature", "geometry": {"type": "Point", "coordinates": [72.982222, 19.1625]}, "properties": {"susceptibility_score": 0.6118, "provenance": "MODELLED"}}, {"type": "Feature", "geometry": {"type": "Point", "coordinates": [72.988333, 19.1625]}, "properties": {"susceptibility_score": 0.5634, "provenance": "MODELLED"}}, {"type": "Feature", "geometry": {"type": "Point", "coordinates": [72.994444, 19.1625]}, "properties": {"susceptibility_score": 0.707, "provenance": "MODELLED"}}, {"type": "Feature", "geometry": {"type": "Point", "coordinates": [73.000556, 19.1625]}, "properties": {"susceptibility_score": 0.7713, "provenance": "MODELLED"}}, {"type": "Feature", "geometry": {"type": "Point", "coordinates": [73.006667, 19.1625]}, "properties": {"susceptibility_score": 0.5087, "provenance": "MODELLED"}}, {"type": "Feature", "geometry": {"type": "Point", "coordinates": [73.012778, 19.1625]}, "properties": {"susceptibility_score": 0.3661, "provenance": "MODELLED"}}, {"type": "Feature", "geometry": {"type": "Point", "coordinates": [73.018889, 19.1625]}, "properties": {"susceptibility_score": 0.3775, "provenance": "MODELLED"}}, {"type": "Feature", "geometry": {"type": "Point", "coordinates": [73.025, 19.1625]}, "properties": {"susceptibility_score": 0.7214, "provenance": "MODELLED"}}, {"type": "Feature", "geometry": {"type": "Point", "coordinates": [73.031111, 19.1625]}, "properties": {"susceptibility_score": 0.7475, "provenance": "MODELLED"}}, {"type": "Feature", "geometry": {"type": "Point", "coordinates": [73.037222, 19.1625]}, "properties": {"susceptibility_score": 0.5804, "provenance": "MODELLED"}}, {"type": "Feature", "geometry": {"type": "Point", "coordinates": [73.043333, 19.1625]}, "properties": {"susceptibility_score": 0.5451, "provenance": "MODELLED"}}, {"type": "Feature", "geometry": {"type": "Point", "coordinates": [73.049722, 19.1625]}, "properties": {"susceptibility_score": 0.6285, "provenance": "MODELLED"}}, {"type": "Feature", "geometry": {"type": "Point", "coordinates": [72.75, 19.153333]}, "properties": {"susceptibility_score": 0.4, "provenance": "MODELLED"}}, {"type": "Feature", "geometry": {"type": "Point", "coordinates": [72.756111, 19.153333]}, "properties": {"susceptibility_score": 0.4, "provenance": "MODELLED"}}, {"type": "Feature", "geometry": {"type": "Point", "coordinates": [72.762222, 19.153333]}, "properties": {"susceptibility_score": 0.4, "provenance": "MODELLED"}}, {"type": "Feature", "geometry": {"type": "Point", "coordinates": [72.768333, 19.153333]}, "properties": {"susceptibility_score": 0.4, "provenance": "MODELLED"}}, {"type": "Feature", "geometry": {"type": "Point", "coordinates": [72.774444, 19.153333]}, "properties": {"susceptibility_score": 0.4, "provenance": "MODELLED"}}, {"type": "Feature", "geometry": {"type": "Point", "coordinates": [72.780556, 19.153333]}, "properties": {"susceptibility_score": 0.4191, "provenance": "MODELLED"}}, {"type": "Feature", "geometry": {"type": "Point", "coordinates": [72.786667, 19.153333]}, "properties": {"susceptibility_score": 0.4926, "provenance": "MODELLED"}}, {"type": "Feature", "geometry": {"type": "Point", "coordinates": [72.792778, 19.153333]}, "properties": {"susceptibility_score": 0.5306, "provenance": "MODELLED"}}, {"type": "Feature", "geometry": {"type": "Point", "coordinates": [72.798889, 19.153333]}, "properties": {"susceptibility_score": 0.5849, "provenance": "MODELLED"}}, {"type": "Feature", "geometry": {"type": "Point", "coordinates": [72.805, 19.153333]}, "properties": {"susceptibility_score": 0.5802, "provenance": "MODELLED"}}, {"type": "Feature", "geometry": {"type": "Point", "coordinates": [72.811111, 19.153333]}, "properties": {"susceptibility_score": 0.5828, "provenance": "MODELLED"}}, {"type": "Feature", "geometry": {"type": "Point", "coordinates": [72.817222, 19.153333]}, "properties": {"susceptibility_score": 0.5647, "provenance": "MODELLED"}}, {"type": "Feature", "geometry": {"type": "Point", "coordinates": [72.823333, 19.153333]}, "properties": {"susceptibility_score": 0.5705, "provenance": "MODELLED"}}, {"type": "Feature", "geometry": {"type": "Point", "coordinates": [72.829444, 19.153333]}, "properties": {"susceptibility_score": 0.7065, "provenance": "MODELLED"}}, {"type": "Feature", "geometry": {"type": "Point", "coordinates": [72.835556, 19.153333]}, "properties": {"susceptibility_score": 0.7639, "provenance": "MODELLED"}}, {"type": "Feature", "geometry": {"type": "Point", "coordinates": [72.841667, 19.153333]}, "properties": {"susceptibility_score": 0.7787, "provenance": "MODELLED"}}, {"type": "Feature", "geometry": {"type": "Point", "coordinates": [72.847778, 19.153333]}, "properties": {"susceptibility_score": 0.5729, "provenance": "MODELLED"}}, {"type": "Feature", "geometry": {"type": "Point", "coordinates": [72.853889, 19.153333]}, "properties": {"susceptibility_score": 0.682, "provenance": "MODELLED"}}, {"type": "Feature", "geometry": {"type": "Point", "coordinates": [72.86, 19.153333]}, "properties": {"susceptibility_score": 0.641, "provenance": "MODELLED"}}, {"type": "Feature", "geometry": {"type": "Point", "coordinates": [72.866111, 19.153333]}, "properties": {"susceptibility_score": 0.485, "provenance": "MODELLED"}}, {"type": "Feature", "geometry": {"type": "Point", "coordinates": [72.872222, 19.153333]}, "properties": {"susceptibility_score": 0.4637, "provenance": "MODELLED"}}, {"type": "Feature", "geometry": {"type": "Point", "coordinates": [72.878333, 19.153333]}, "properties": {"susceptibility_score": 0.4833, "provenance": "MODELLED"}}, {"type": "Feature", "geometry": {"type": "Point", "coordinates": [72.884444, 19.153333]}, "properties": {"susceptibility_score": 0.5989, "provenance": "MODELLED"}}, {"type": "Feature", "geometry": {"type": "Point", "coordinates": [72.890556, 19.153333]}, "properties": {"susceptibility_score": 0.4455, "provenance": "MODELLED"}}, {"type": "Feature", "geometry": {"type": "Point", "coordinates": [72.896667, 19.153333]}, "properties": {"susceptibility_score": 0.5973, "provenance": "MODELLED"}}, {"type": "Feature", "geometry": {"type": "Point", "coordinates": [72.902778, 19.153333]}, "properties": {"susceptibility_score": 0.5797, "provenance": "MODELLED"}}, {"type": "Feature", "geometry": {"type": "Point", "coordinates": [72.908889, 19.153333]}, "properties": {"susceptibility_score": 0.5476, "provenance": "MODELLED"}}, {"type": "Feature", "geometry": {"type": "Point", "coordinates": [72.915, 19.153333]}, "properties": {"susceptibility_score": 0.4778, "provenance": "MODELLED"}}, {"type": "Feature", "geometry": {"type": "Point", "coordinates": [72.921111, 19.153333]}, "properties": {"susceptibility_score": 0.561, "provenance": "MODELLED"}}, {"type": "Feature", "geometry": {"type": "Point", "coordinates": [72.927222, 19.153333]}, "properties": {"susceptibility_score": 0.6176, "provenance": "MODELLED"}}, {"type": "Feature", "geometry": {"type": "Point", "coordinates": [72.933333, 19.153333]}, "properties": {"susceptibility_score": 0.6897, "provenance": "MODELLED"}}, {"type": "Feature", "geometry": {"type": "Point", "coordinates": [72.939444, 19.153333]}, "properties": {"susceptibility_score": 0.8204, "provenance": "MODELLED"}}, {"type": "Feature", "geometry": {"type": "Point", "coordinates": [72.945556, 19.153333]}, "properties": {"susceptibility_score": 0.6654, "provenance": "MODELLED"}}, {"type": "Feature", "geometry": {"type": "Point", "coordinates": [72.951667, 19.153333]}, "properties": {"susceptibility_score": 0.5797, "provenance": "MODELLED"}}, {"type": "Feature", "geometry": {"type": "Point", "coordinates": [72.957778, 19.153333]}, "properties": {"susceptibility_score": 0.5371, "provenance": "MODELLED"}}, {"type": "Feature", "geometry": {"type": "Point", "coordinates": [72.963889, 19.153333]}, "properties": {"susceptibility_score": 0.5487, "provenance": "MODELLED"}}, {"type": "Feature", "geometry": {"type": "Point", "coordinates": [72.97, 19.153333]}, "properties": {"susceptibility_score": 0.585, "provenance": "MODELLED"}}, {"type": "Feature", "geometry": {"type": "Point", "coordinates": [72.976111, 19.153333]}, "properties": {"susceptibility_score": 0.551, "provenance": "MODELLED"}}, {"type": "Feature", "geometry": {"type": "Point", "coordinates": [72.982222, 19.153333]}, "properties": {"susceptibility_score": 0.6029, "provenance": "MODELLED"}}, {"type": "Feature", "geometry": {"type": "Point", "coordinates": [72.988333, 19.153333]}, "properties": {"susceptibility_score": 0.6407, "provenance": "MODELLED"}}, {"type": "Feature", "geometry": {"type": "Point", "coordinates": [72.994444, 19.153333]}, "properties": {"susceptibility_score": 0.7442, "provenance": "MODELLED"}}, {"type": "Feature", "geometry": {"type": "Point", "coordinates": [73.000556, 19.153333]}, "properties": {"susceptibility_score": 0.743, "provenance": "MODELLED"}}, {"type": "Feature", "geometry": {"type": "Point", "coordinates": [73.006667, 19.153333]}, "properties": {"susceptibility_score": 0.5706, "provenance": "MODELLED"}}, {"type": "Feature", "geometry": {"type": "Point", "coordinates": [73.012778, 19.153333]}, "properties": {"susceptibility_score": 0.4365, "provenance": "MODELLED"}}, {"type": "Feature", "geometry": {"type": "Point", "coordinates": [73.018889, 19.153333]}, "properties": {"susceptibility_score": 0.2834, "provenance": "MODELLED"}}, {"type": "Feature", "geometry": {"type": "Point", "coordinates": [73.025, 19.153333]}, "properties": {"susceptibility_score": 0.3532, "provenance": "MODELLED"}}, {"type": "Feature", "geometry": {"type": "Point", "coordinates": [73.031111, 19.153333]}, "properties": {"susceptibility_score": 0.6466, "provenance": "MODELLED"}}, {"type": "Feature", "geometry": {"type": "Point", "coordinates": [73.037222, 19.153333]}, "properties": {"susceptibility_score": 0.8011, "provenance": "MODELLED"}}, {"type": "Feature", "geometry": {"type": "Point", "coordinates": [73.043333, 19.153333]}, "properties": {"susceptibility_score": 0.6181, "provenance": "MODELLED"}}, {"type": "Feature", "geometry": {"type": "Point", "coordinates": [73.049722, 19.153333]}, "properties": {"susceptibility_score": 0.4608, "provenance": "MODELLED"}}, {"type": "Feature", "geometry": {"type": "Point", "coordinates": [72.75, 19.144167]}, "properties": {"susceptibility_score": 0.4, "provenance": "MODELLED"}}, {"type": "Feature", "geometry": {"type": "Point", "coordinates": [72.756111, 19.144167]}, "properties": {"susceptibility_score": 0.4, "provenance": "MODELLED"}}, {"type": "Feature", "geometry": {"type": "Point", "coordinates": [72.762222, 19.144167]}, "properties": {"susceptibility_score": 0.4, "provenance": "MODELLED"}}, {"type": "Feature", "geometry": {"type": "Point", "coordinates": [72.768333, 19.144167]}, "properties": {"susceptibility_score": 0.4, "provenance": "MODELLED"}}, {"type": "Feature", "geometry": {"type": "Point", "coordinates": [72.774444, 19.144167]}, "properties": {"susceptibility_score": 0.4, "provenance": "MODELLED"}}, {"type": "Feature", "geometry": {"type": "Point", "coordinates": [72.780556, 19.144167]}, "properties": {"susceptibility_score": 0.4, "provenance": "MODELLED"}}, {"type": "Feature", "geometry": {"type": "Point", "coordinates": [72.786667, 19.144167]}, "properties": {"susceptibility_score": 0.4631, "provenance": "MODELLED"}}, {"type": "Feature", "geometry": {"type": "Point", "coordinates": [72.792778, 19.144167]}, "properties": {"susceptibility_score": 0.5378, "provenance": "MODELLED"}}, {"type": "Feature", "geometry": {"type": "Point", "coordinates": [72.798889, 19.144167]}, "properties": {"susceptibility_score": 0.7312, "provenance": "MODELLED"}}, {"type": "Feature", "geometry": {"type": "Point", "coordinates": [72.805, 19.144167]}, "properties": {"susceptibility_score": 0.7381, "provenance": "MODELLED"}}, {"type": "Feature", "geometry": {"type": "Point", "coordinates": [72.811111, 19.144167]}, "properties": {"susceptibility_score": 0.6661, "provenance": "MODELLED"}}, {"type": "Feature", "geometry": {"type": "Point", "coordinates": [72.817222, 19.144167]}, "properties": {"susceptibility_score": 0.7322, "provenance": "MODELLED"}}, {"type": "Feature", "geometry": {"type": "Point", "coordinates": [72.823333, 19.144167]}, "properties": {"susceptibility_score": 0.7132, "provenance": "MODELLED"}}, {"type": "Feature", "geometry": {"type": "Point", "coordinates": [72.829444, 19.144167]}, "properties": {"susceptibility_score": 0.7668, "provenance": "MODELLED"}}, {"type": "Feature", "geometry": {"type": "Point", "coordinates": [72.835556, 19.144167]}, "properties": {"susceptibility_score": 0.6694, "provenance": "MODELLED"}}, {"type": "Feature", "geometry": {"type": "Point", "coordinates": [72.841667, 19.144167]}, "properties": {"susceptibility_score": 0.7645, "provenance": "MODELLED"}}, {"type": "Feature", "geometry": {"type": "Point", "coordinates": [72.847778, 19.144167]}, "properties": {"susceptibility_score": 0.6317, "provenance": "MODELLED"}}, {"type": "Feature", "geometry": {"type": "Point", "coordinates": [72.853889, 19.144167]}, "properties": {"susceptibility_score": 0.7292, "provenance": "MODELLED"}}, {"type": "Feature", "geometry": {"type": "Point", "coordinates": [72.86, 19.144167]}, "properties": {"susceptibility_score": 0.4648, "provenance": "MODELLED"}}, {"type": "Feature", "geometry": {"type": "Point", "coordinates": [72.866111, 19.144167]}, "properties": {"susceptibility_score": 0.4537, "provenance": "MODELLED"}}, {"type": "Feature", "geometry": {"type": "Point", "coordinates": [72.872222, 19.144167]}, "properties": {"susceptibility_score": 0.5382, "provenance": "MODELLED"}}, {"type": "Feature", "geometry": {"type": "Point", "coordinates": [72.878333, 19.144167]}, "properties": {"susceptibility_score": 0.4385, "provenance": "MODELLED"}}, {"type": "Feature", "geometry": {"type": "Point", "coordinates": [72.884444, 19.144167]}, "properties": {"susceptibility_score": 0.5714, "provenance": "MODELLED"}}, {"type": "Feature", "geometry": {"type": "Point", "coordinates": [72.890556, 19.144167]}, "properties": {"susceptibility_score": 0.6288, "provenance": "MODELLED"}}, {"type": "Feature", "geometry": {"type": "Point", "coordinates": [72.896667, 19.144167]}, "properties": {"susceptibility_score": 0.589, "provenance": "MODELLED"}}, {"type": "Feature", "geometry": {"type": "Point", "coordinates": [72.902778, 19.144167]}, "properties": {"susceptibility_score": 0.5698, "provenance": "MODELLED"}}, {"type": "Feature", "geometry": {"type": "Point", "coordinates": [72.908889, 19.144167]}, "properties": {"susceptibility_score": 0.5348, "provenance": "MODELLED"}}, {"type": "Feature", "geometry": {"type": "Point", "coordinates": [72.915, 19.144167]}, "properties": {"susceptibility_score": 0.5484, "provenance": "MODELLED"}}, {"type": "Feature", "geometry": {"type": "Point", "coordinates": [72.921111, 19.144167]}, "properties": {"susceptibility_score": 0.5325, "provenance": "MODELLED"}}, {"type": "Feature", "geometry": {"type": "Point", "coordinates": [72.927222, 19.144167]}, "properties": {"susceptibility_score": 0.7871, "provenance": "MODELLED"}}, {"type": "Feature", "geometry": {"type": "Point", "coordinates": [72.933333, 19.144167]}, "properties": {"susceptibility_score": 0.6599, "provenance": "MODELLED"}}, {"type": "Feature", "geometry": {"type": "Point", "coordinates": [72.939444, 19.144167]}, "properties": {"susceptibility_score": 0.6617, "provenance": "MODELLED"}}, {"type": "Feature", "geometry": {"type": "Point", "coordinates": [72.945556, 19.144167]}, "properties": {"susceptibility_score": 0.5921, "provenance": "MODELLED"}}, {"type": "Feature", "geometry": {"type": "Point", "coordinates": [72.951667, 19.144167]}, "properties": {"susceptibility_score": 0.5455, "provenance": "MODELLED"}}, {"type": "Feature", "geometry": {"type": "Point", "coordinates": [72.957778, 19.144167]}, "properties": {"susceptibility_score": 0.6215, "provenance": "MODELLED"}}, {"type": "Feature", "geometry": {"type": "Point", "coordinates": [72.963889, 19.144167]}, "properties": {"susceptibility_score": 0.5962, "provenance": "MODELLED"}}, {"type": "Feature", "geometry": {"type": "Point", "coordinates": [72.97, 19.144167]}, "properties": {"susceptibility_score": 0.485, "provenance": "MODELLED"}}, {"type": "Feature", "geometry": {"type": "Point", "coordinates": [72.976111, 19.144167]}, "properties": {"susceptibility_score": 0.5774, "provenance": "MODELLED"}}, {"type": "Feature", "geometry": {"type": "Point", "coordinates": [72.982222, 19.144167]}, "properties": {"susceptibility_score": 0.5764, "provenance": "MODELLED"}}, {"type": "Feature", "geometry": {"type": "Point", "coordinates": [72.988333, 19.144167]}, "properties": {"susceptibility_score": 0.6396, "provenance": "MODELLED"}}, {"type": "Feature", "geometry": {"type": "Point", "coordinates": [72.994444, 19.144167]}, "properties": {"susceptibility_score": 0.7418, "provenance": "MODELLED"}}, {"type": "Feature", "geometry": {"type": "Point", "coordinates": [73.000556, 19.144167]}, "properties": {"susceptibility_score": 0.6237, "provenance": "MODELLED"}}, {"type": "Feature", "geometry": {"type": "Point", "coordinates": [73.006667, 19.144167]}, "properties": {"susceptibility_score": 0.6921, "provenance": "MODELLED"}}, {"type": "Feature", "geometry": {"type": "Point", "coordinates": [73.012778, 19.144167]}, "properties": {"susceptibility_score": 0.6974, "provenance": "MODELLED"}}, {"type": "Feature", "geometry": {"type": "Point", "coordinates": [73.018889, 19.144167]}, "properties": {"susceptibility_score": 0.4758, "provenance": "MODELLED"}}, {"type": "Feature", "geometry": {"type": "Point", "coordinates": [73.025, 19.144167]}, "properties": {"susceptibility_score": 0.2966, "provenance": "MODELLED"}}, {"type": "Feature", "geometry": {"type": "Point", "coordinates": [73.031111, 19.144167]}, "properties": {"susceptibility_score": 0.4993, "provenance": "MODELLED"}}, {"type": "Feature", "geometry": {"type": "Point", "coordinates": [73.037222, 19.144167]}, "properties": {"susceptibility_score": 0.7364, "provenance": "MODELLED"}}, {"type": "Feature", "geometry": {"type": "Point", "coordinates": [73.043333, 19.144167]}, "properties": {"susceptibility_score": 0.5716, "provenance": "MODELLED"}}, {"type": "Feature", "geometry": {"type": "Point", "coordinates": [73.049722, 19.144167]}, "properties": {"susceptibility_score": 0.736, "provenance": "MODELLED"}}, {"type": "Feature", "geometry": {"type": "Point", "coordinates": [72.75, 19.135]}, "properties": {"susceptibility_score": 0.4, "provenance": "MODELLED"}}, {"type": "Feature", "geometry": {"type": "Point", "coordinates": [72.756111, 19.135]}, "properties": {"susceptibility_score": 0.4, "provenance": "MODELLED"}}, {"type": "Feature", "geometry": {"type": "Point", "coordinates": [72.762222, 19.135]}, "properties": {"susceptibility_score": 0.4, "provenance": "MODELLED"}}, {"type": "Feature", "geometry": {"type": "Point", "coordinates": [72.768333, 19.135]}, "properties": {"susceptibility_score": 0.4, "provenance": "MODELLED"}}, {"type": "Feature", "geometry": {"type": "Point", "coordinates": [72.774444, 19.135]}, "properties": {"susceptibility_score": 0.4, "provenance": "MODELLED"}}, {"type": "Feature", "geometry": {"type": "Point", "coordinates": [72.780556, 19.135]}, "properties": {"susceptibility_score": 0.412, "provenance": "MODELLED"}}, {"type": "Feature", "geometry": {"type": "Point", "coordinates": [72.786667, 19.135]}, "properties": {"susceptibility_score": 0.4381, "provenance": "MODELLED"}}, {"type": "Feature", "geometry": {"type": "Point", "coordinates": [72.792778, 19.135]}, "properties": {"susceptibility_score": 0.5783, "provenance": "MODELLED"}}, {"type": "Feature", "geometry": {"type": "Point", "coordinates": [72.798889, 19.135]}, "properties": {"susceptibility_score": 0.4943, "provenance": "MODELLED"}}, {"type": "Feature", "geometry": {"type": "Point", "coordinates": [72.805, 19.135]}, "properties": {"susceptibility_score": 0.4601, "provenance": "MODELLED"}}, {"type": "Feature", "geometry": {"type": "Point", "coordinates": [72.811111, 19.135]}, "properties": {"susceptibility_score": 0.6382, "provenance": "MODELLED"}}, {"type": "Feature", "geometry": {"type": "Point", "coordinates": [72.817222, 19.135]}, "properties": {"susceptibility_score": 0.652, "provenance": "MODELLED"}}, {"type": "Feature", "geometry": {"type": "Point", "coordinates": [72.823333, 19.135]}, "properties": {"susceptibility_score": 0.7555, "provenance": "MODELLED"}}, {"type": "Feature", "geometry": {"type": "Point", "coordinates": [72.829444, 19.135]}, "properties": {"susceptibility_score": 0.6797, "provenance": "MODELLED"}}, {"type": "Feature", "geometry": {"type": "Point", "coordinates": [72.835556, 19.135]}, "properties": {"susceptibility_score": 0.6029, "provenance": "MODELLED"}}, {"type": "Feature", "geometry": {"type": "Point", "coordinates": [72.841667, 19.135]}, "properties": {"susceptibility_score": 0.5642, "provenance": "MODELLED"}}, {"type": "Feature", "geometry": {"type": "Point", "coordinates": [72.847778, 19.135]}, "properties": {"susceptibility_score": 0.7542, "provenance": "MODELLED"}}, {"type": "Feature", "geometry": {"type": "Point", "coordinates": [72.853889, 19.135]}, "properties": {"susceptibility_score": 0.5647, "provenance": "MODELLED"}}, {"type": "Feature", "geometry": {"type": "Point", "coordinates": [72.86, 19.135]}, "properties": {"susceptibility_score": 0.7626, "provenance": "MODELLED"}}, {"type": "Feature", "geometry": {"type": "Point", "coordinates": [72.866111, 19.135]}, "properties": {"susceptibility_score": 0.6913, "provenance": "MODELLED"}}, {"type": "Feature", "geometry": {"type": "Point", "coordinates": [72.872222, 19.135]}, "properties": {"susceptibility_score": 0.5743, "provenance": "MODELLED"}}, {"type": "Feature", "geometry": {"type": "Point", "coordinates": [72.878333, 19.135]}, "properties": {"susceptibility_score": 0.4599, "provenance": "MODELLED"}}, {"type": "Feature", "geometry": {"type": "Point", "coordinates": [72.884444, 19.135]}, "properties": {"susceptibility_score": 0.5813, "provenance": "MODELLED"}}, {"type": "Feature", "geometry": {"type": "Point", "coordinates": [72.890556, 19.135]}, "properties": {"susceptibility_score": 0.7165, "provenance": "MODELLED"}}, {"type": "Feature", "geometry": {"type": "Point", "coordinates": [72.896667, 19.135]}, "properties": {"susceptibility_score": 0.6933, "provenance": "MODELLED"}}, {"type": "Feature", "geometry": {"type": "Point", "coordinates": [72.902778, 19.135]}, "properties": {"susceptibility_score": 0.5761, "provenance": "MODELLED"}}, {"type": "Feature", "geometry": {"type": "Point", "coordinates": [72.908889, 19.135]}, "properties": {"susceptibility_score": 0.5326, "provenance": "MODELLED"}}, {"type": "Feature", "geometry": {"type": "Point", "coordinates": [72.915, 19.135]}, "properties": {"susceptibility_score": 0.4992, "provenance": "MODELLED"}}, {"type": "Feature", "geometry": {"type": "Point", "coordinates": [72.921111, 19.135]}, "properties": {"susceptibility_score": 0.4866, "provenance": "MODELLED"}}, {"type": "Feature", "geometry": {"type": "Point", "coordinates": [72.927222, 19.135]}, "properties": {"susceptibility_score": 0.7151, "provenance": "MODELLED"}}, {"type": "Feature", "geometry": {"type": "Point", "coordinates": [72.933333, 19.135]}, "properties": {"susceptibility_score": 0.7136, "provenance": "MODELLED"}}, {"type": "Feature", "geometry": {"type": "Point", "coordinates": [72.939444, 19.135]}, "properties": {"susceptibility_score": 0.6787, "provenance": "MODELLED"}}, {"type": "Feature", "geometry": {"type": "Point", "coordinates": [72.945556, 19.135]}, "properties": {"susceptibility_score": 0.5895, "provenance": "MODELLED"}}, {"type": "Feature", "geometry": {"type": "Point", "coordinates": [72.951667, 19.135]}, "properties": {"susceptibility_score": 0.484, "provenance": "MODELLED"}}, {"type": "Feature", "geometry": {"type": "Point", "coordinates": [72.957778, 19.135]}, "properties": {"susceptibility_score": 0.5545, "provenance": "MODELLED"}}, {"type": "Feature", "geometry": {"type": "Point", "coordinates": [72.963889, 19.135]}, "properties": {"susceptibility_score": 0.5541, "provenance": "MODELLED"}}, {"type": "Feature", "geometry": {"type": "Point", "coordinates": [72.97, 19.135]}, "properties": {"susceptibility_score": 0.5568, "provenance": "MODELLED"}}, {"type": "Feature", "geometry": {"type": "Point", "coordinates": [72.976111, 19.135]}, "properties": {"susceptibility_score": 0.5814, "provenance": "MODELLED"}}, {"type": "Feature", "geometry": {"type": "Point", "coordinates": [72.982222, 19.135]}, "properties": {"susceptibility_score": 0.6012, "provenance": "MODELLED"}}, {"type": "Feature", "geometry": {"type": "Point", "coordinates": [72.988333, 19.135]}, "properties": {"susceptibility_score": 0.5848, "provenance": "MODELLED"}}, {"type": "Feature", "geometry": {"type": "Point", "coordinates": [72.994444, 19.135]}, "properties": {"susceptibility_score": 0.5186, "provenance": "MODELLED"}}, {"type": "Feature", "geometry": {"type": "Point", "coordinates": [73.000556, 19.135]}, "properties": {"susceptibility_score": 0.596, "provenance": "MODELLED"}}, {"type": "Feature", "geometry": {"type": "Point", "coordinates": [73.006667, 19.135]}, "properties": {"susceptibility_score": 0.6598, "provenance": "MODELLED"}}, {"type": "Feature", "geometry": {"type": "Point", "coordinates": [73.012778, 19.135]}, "properties": {"susceptibility_score": 0.6361, "provenance": "MODELLED"}}, {"type": "Feature", "geometry": {"type": "Point", "coordinates": [73.018889, 19.135]}, "properties": {"susceptibility_score": 0.6156, "provenance": "MODELLED"}}, {"type": "Feature", "geometry": {"type": "Point", "coordinates": [73.025, 19.135]}, "properties": {"susceptibility_score": 0.3783, "provenance": "MODELLED"}}, {"type": "Feature", "geometry": {"type": "Point", "coordinates": [73.031111, 19.135]}, "properties": {"susceptibility_score": 0.208, "provenance": "MODELLED"}}, {"type": "Feature", "geometry": {"type": "Point", "coordinates": [73.037222, 19.135]}, "properties": {"susceptibility_score": 0.3011, "provenance": "MODELLED"}}, {"type": "Feature", "geometry": {"type": "Point", "coordinates": [73.043333, 19.135]}, "properties": {"susceptibility_score": 0.2518, "provenance": "MODELLED"}}, {"type": "Feature", "geometry": {"type": "Point", "coordinates": [73.049722, 19.135]}, "properties": {"susceptibility_score": 0.4004, "provenance": "MODELLED"}}, {"type": "Feature", "geometry": {"type": "Point", "coordinates": [72.75, 19.125833]}, "properties": {"susceptibility_score": 0.4, "provenance": "MODELLED"}}, {"type": "Feature", "geometry": {"type": "Point", "coordinates": [72.756111, 19.125833]}, "properties": {"susceptibility_score": 0.4, "provenance": "MODELLED"}}, {"type": "Feature", "geometry": {"type": "Point", "coordinates": [72.762222, 19.125833]}, "properties": {"susceptibility_score": 0.4, "provenance": "MODELLED"}}, {"type": "Feature", "geometry": {"type": "Point", "coordinates": [72.768333, 19.125833]}, "properties": {"susceptibility_score": 0.4, "provenance": "MODELLED"}}, {"type": "Feature", "geometry": {"type": "Point", "coordinates": [72.774444, 19.125833]}, "properties": {"susceptibility_score": 0.4, "provenance": "MODELLED"}}, {"type": "Feature", "geometry": {"type": "Point", "coordinates": [72.780556, 19.125833]}, "properties": {"susceptibility_score": 0.4, "provenance": "MODELLED"}}, {"type": "Feature", "geometry": {"type": "Point", "coordinates": [72.786667, 19.125833]}, "properties": {"susceptibility_score": 0.4, "provenance": "MODELLED"}}, {"type": "Feature", "geometry": {"type": "Point", "coordinates": [72.792778, 19.125833]}, "properties": {"susceptibility_score": 0.4, "provenance": "MODELLED"}}, {"type": "Feature", "geometry": {"type": "Point", "coordinates": [72.798889, 19.125833]}, "properties": {"susceptibility_score": 0.4, "provenance": "MODELLED"}}, {"type": "Feature", "geometry": {"type": "Point", "coordinates": [72.805, 19.125833]}, "properties": {"susceptibility_score": 0.4, "provenance": "MODELLED"}}, {"type": "Feature", "geometry": {"type": "Point", "coordinates": [72.811111, 19.125833]}, "properties": {"susceptibility_score": 0.492, "provenance": "MODELLED"}}, {"type": "Feature", "geometry": {"type": "Point", "coordinates": [72.817222, 19.125833]}, "properties": {"susceptibility_score": 0.5799, "provenance": "MODELLED"}}, {"type": "Feature", "geometry": {"type": "Point", "coordinates": [72.823333, 19.125833]}, "properties": {"susceptibility_score": 0.6506, "provenance": "MODELLED"}}, {"type": "Feature", "geometry": {"type": "Point", "coordinates": [72.829444, 19.125833]}, "properties": {"susceptibility_score": 0.7519, "provenance": "MODELLED"}}, {"type": "Feature", "geometry": {"type": "Point", "coordinates": [72.835556, 19.125833]}, "properties": {"susceptibility_score": 0.6243, "provenance": "MODELLED"}}, {"type": "Feature", "geometry": {"type": "Point", "coordinates": [72.841667, 19.125833]}, "properties": {"susceptibility_score": 0.5892, "provenance": "MODELLED"}}, {"type": "Feature", "geometry": {"type": "Point", "coordinates": [72.847778, 19.125833]}, "properties": {"susceptibility_score": 0.6213, "provenance": "MODELLED"}}, {"type": "Feature", "geometry": {"type": "Point", "coordinates": [72.853889, 19.125833]}, "properties": {"susceptibility_score": 0.5172, "provenance": "MODELLED"}}, {"type": "Feature", "geometry": {"type": "Point", "coordinates": [72.86, 19.125833]}, "properties": {"susceptibility_score": 0.4553, "provenance": "MODELLED"}}, {"type": "Feature", "geometry": {"type": "Point", "coordinates": [72.866111, 19.125833]}, "properties": {"susceptibility_score": 0.5729, "provenance": "MODELLED"}}, {"type": "Feature", "geometry": {"type": "Point", "coordinates": [72.872222, 19.125833]}, "properties": {"susceptibility_score": 0.7172, "provenance": "MODELLED"}}, {"type": "Feature", "geometry": {"type": "Point", "coordinates": [72.878333, 19.125833]}, "properties": {"susceptibility_score": 0.6082, "provenance": "MODELLED"}}, {"type": "Feature", "geometry": {"type": "Point", "coordinates": [72.884444, 19.125833]}, "properties": {"susceptibility_score": 0.7144, "provenance": "MODELLED"}}, {"type": "Feature", "geometry": {"type": "Point", "coordinates": [72.890556, 19.125833]}, "properties": {"susceptibility_score": 0.6683, "provenance": "MODELLED"}}, {"type": "Feature", "geometry": {"type": "Point", "coordinates": [72.896667, 19.125833]}, "properties": {"susceptibility_score": 0.5725, "provenance": "MODELLED"}}, {"type": "Feature", "geometry": {"type": "Point", "coordinates": [72.902778, 19.125833]}, "properties": {"susceptibility_score": 0.5074, "provenance": "MODELLED"}}, {"type": "Feature", "geometry": {"type": "Point", "coordinates": [72.908889, 19.125833]}, "properties": {"susceptibility_score": 0.5592, "provenance": "MODELLED"}}, {"type": "Feature", "geometry": {"type": "Point", "coordinates": [72.915, 19.125833]}, "properties": {"susceptibility_score": 0.5469, "provenance": "MODELLED"}}, {"type": "Feature", "geometry": {"type": "Point", "coordinates": [72.921111, 19.125833]}, "properties": {"susceptibility_score": 0.6235, "provenance": "MODELLED"}}, {"type": "Feature", "geometry": {"type": "Point", "coordinates": [72.927222, 19.125833]}, "properties": {"susceptibility_score": 0.6825, "provenance": "MODELLED"}}, {"type": "Feature", "geometry": {"type": "Point", "coordinates": [72.933333, 19.125833]}, "properties": {"susceptibility_score": 0.6026, "provenance": "MODELLED"}}, {"type": "Feature", "geometry": {"type": "Point", "coordinates": [72.939444, 19.125833]}, "properties": {"susceptibility_score": 0.744, "provenance": "MODELLED"}}, {"type": "Feature", "geometry": {"type": "Point", "coordinates": [72.945556, 19.125833]}, "properties": {"susceptibility_score": 0.5475, "provenance": "MODELLED"}}, {"type": "Feature", "geometry": {"type": "Point", "coordinates": [72.951667, 19.125833]}, "properties": {"susceptibility_score": 0.5947, "provenance": "MODELLED"}}, {"type": "Feature", "geometry": {"type": "Point", "coordinates": [72.957778, 19.125833]}, "properties": {"susceptibility_score": 0.5338, "provenance": "MODELLED"}}, {"type": "Feature", "geometry": {"type": "Point", "coordinates": [72.963889, 19.125833]}, "properties": {"susceptibility_score": 0.5028, "provenance": "MODELLED"}}, {"type": "Feature", "geometry": {"type": "Point", "coordinates": [72.97, 19.125833]}, "properties": {"susceptibility_score": 0.5938, "provenance": "MODELLED"}}, {"type": "Feature", "geometry": {"type": "Point", "coordinates": [72.976111, 19.125833]}, "properties": {"susceptibility_score": 0.5639, "provenance": "MODELLED"}}, {"type": "Feature", "geometry": {"type": "Point", "coordinates": [72.982222, 19.125833]}, "properties": {"susceptibility_score": 0.562, "provenance": "MODELLED"}}, {"type": "Feature", "geometry": {"type": "Point", "coordinates": [72.988333, 19.125833]}, "properties": {"susceptibility_score": 0.4587, "provenance": "MODELLED"}}, {"type": "Feature", "geometry": {"type": "Point", "coordinates": [72.994444, 19.125833]}, "properties": {"susceptibility_score": 0.6947, "provenance": "MODELLED"}}, {"type": "Feature", "geometry": {"type": "Point", "coordinates": [73.000556, 19.125833]}, "properties": {"susceptibility_score": 0.7706, "provenance": "MODELLED"}}, {"type": "Feature", "geometry": {"type": "Point", "coordinates": [73.006667, 19.125833]}, "properties": {"susceptibility_score": 0.7159, "provenance": "MODELLED"}}, {"type": "Feature", "geometry": {"type": "Point", "coordinates": [73.012778, 19.125833]}, "properties": {"susceptibility_score": 0.535, "provenance": "MODELLED"}}, {"type": "Feature", "geometry": {"type": "Point", "coordinates": [73.018889, 19.125833]}, "properties": {"susceptibility_score": 0.4293, "provenance": "MODELLED"}}, {"type": "Feature", "geometry": {"type": "Point", "coordinates": [73.025, 19.125833]}, "properties": {"susceptibility_score": 0.3598, "provenance": "MODELLED"}}, {"type": "Feature", "geometry": {"type": "Point", "coordinates": [73.031111, 19.125833]}, "properties": {"susceptibility_score": 0.3444, "provenance": "MODELLED"}}, {"type": "Feature", "geometry": {"type": "Point", "coordinates": [73.037222, 19.125833]}, "properties": {"susceptibility_score": 0.3483, "provenance": "MODELLED"}}, {"type": "Feature", "geometry": {"type": "Point", "coordinates": [73.043333, 19.125833]}, "properties": {"susceptibility_score": 0.4193, "provenance": "MODELLED"}}, {"type": "Feature", "geometry": {"type": "Point", "coordinates": [73.049722, 19.125833]}, "properties": {"susceptibility_score": 0.3672, "provenance": "MODELLED"}}, {"type": "Feature", "geometry": {"type": "Point", "coordinates": [72.75, 19.116667]}, "properties": {"susceptibility_score": 0.4, "provenance": "MODELLED"}}, {"type": "Feature", "geometry": {"type": "Point", "coordinates": [72.756111, 19.116667]}, "properties": {"susceptibility_score": 0.4, "provenance": "MODELLED"}}, {"type": "Feature", "geometry": {"type": "Point", "coordinates": [72.762222, 19.116667]}, "properties": {"susceptibility_score": 0.4, "provenance": "MODELLED"}}, {"type": "Feature", "geometry": {"type": "Point", "coordinates": [72.768333, 19.116667]}, "properties": {"susceptibility_score": 0.4, "provenance": "MODELLED"}}, {"type": "Feature", "geometry": {"type": "Point", "coordinates": [72.774444, 19.116667]}, "properties": {"susceptibility_score": 0.4, "provenance": "MODELLED"}}, {"type": "Feature", "geometry": {"type": "Point", "coordinates": [72.780556, 19.116667]}, "properties": {"susceptibility_score": 0.4, "provenance": "MODELLED"}}, {"type": "Feature", "geometry": {"type": "Point", "coordinates": [72.786667, 19.116667]}, "properties": {"susceptibility_score": 0.4, "provenance": "MODELLED"}}, {"type": "Feature", "geometry": {"type": "Point", "coordinates": [72.792778, 19.116667]}, "properties": {"susceptibility_score": 0.4, "provenance": "MODELLED"}}, {"type": "Feature", "geometry": {"type": "Point", "coordinates": [72.798889, 19.116667]}, "properties": {"susceptibility_score": 0.4, "provenance": "MODELLED"}}, {"type": "Feature", "geometry": {"type": "Point", "coordinates": [72.805, 19.116667]}, "properties": {"susceptibility_score": 0.4, "provenance": "MODELLED"}}, {"type": "Feature", "geometry": {"type": "Point", "coordinates": [72.811111, 19.116667]}, "properties": {"susceptibility_score": 0.4, "provenance": "MODELLED"}}, {"type": "Feature", "geometry": {"type": "Point", "coordinates": [72.817222, 19.116667]}, "properties": {"susceptibility_score": 0.4976, "provenance": "MODELLED"}}, {"type": "Feature", "geometry": {"type": "Point", "coordinates": [72.823333, 19.116667]}, "properties": {"susceptibility_score": 0.529, "provenance": "MODELLED"}}, {"type": "Feature", "geometry": {"type": "Point", "coordinates": [72.829444, 19.116667]}, "properties": {"susceptibility_score": 0.6746, "provenance": "MODELLED"}}, {"type": "Feature", "geometry": {"type": "Point", "coordinates": [72.835556, 19.116667]}, "properties": {"susceptibility_score": 0.6574, "provenance": "MODELLED"}}, {"type": "Feature", "geometry": {"type": "Point", "coordinates": [72.841667, 19.116667]}, "properties": {"susceptibility_score": 0.6108, "provenance": "MODELLED"}}, {"type": "Feature", "geometry": {"type": "Point", "coordinates": [72.847778, 19.116667]}, "properties": {"susceptibility_score": 0.6866, "provenance": "MODELLED"}}, {"type": "Feature", "geometry": {"type": "Point", "coordinates": [72.853889, 19.116667]}, "properties": {"susceptibility_score": 0.5117, "provenance": "MODELLED"}}, {"type": "Feature", "geometry": {"type": "Point", "coordinates": [72.86, 19.116667]}, "properties": {"susceptibility_score": 0.3653, "provenance": "MODELLED"}}, {"type": "Feature", "geometry": {"type": "Point", "coordinates": [72.866111, 19.116667]}, "properties": {"susceptibility_score": 0.7188, "provenance": "MODELLED"}}, {"type": "Feature", "geometry": {"type": "Point", "coordinates": [72.872222, 19.116667]}, "properties": {"susceptibility_score": 0.5384, "provenance": "MODELLED"}}, {"type": "Feature", "geometry": {"type": "Point", "coordinates": [72.878333, 19.116667]}, "properties": {"susceptibility_score": 0.6488, "provenance": "MODELLED"}}, {"type": "Feature", "geometry": {"type": "Point", "coordinates": [72.884444, 19.116667]}, "properties": {"susceptibility_score": 0.7761, "provenance": "MODELLED"}}, {"type": "Feature", "geometry": {"type": "Point", "coordinates": [72.890556, 19.116667]}, "properties": {"susceptibility_score": 0.5556, "provenance": "MODELLED"}}, {"type": "Feature", "geometry": {"type": "Point", "coordinates": [72.896667, 19.116667]}, "properties": {"susceptibility_score": 0.5866, "provenance": "MODELLED"}}, {"type": "Feature", "geometry": {"type": "Point", "coordinates": [72.902778, 19.116667]}, "properties": {"susceptibility_score": 0.6381, "provenance": "MODELLED"}}, {"type": "Feature", "geometry": {"type": "Point", "coordinates": [72.908889, 19.116667]}, "properties": {"susceptibility_score": 0.5822, "provenance": "MODELLED"}}, {"type": "Feature", "geometry": {"type": "Point", "coordinates": [72.915, 19.116667]}, "properties": {"susceptibility_score": 0.3209, "provenance": "MODELLED"}}, {"type": "Feature", "geometry": {"type": "Point", "coordinates": [72.921111, 19.116667]}, "properties": {"susceptibility_score": 0.3936, "provenance": "MODELLED"}}, {"type": "Feature", "geometry": {"type": "Point", "coordinates": [72.927222, 19.116667]}, "properties": {"susceptibility_score": 0.6766, "provenance": "MODELLED"}}, {"type": "Feature", "geometry": {"type": "Point", "coordinates": [72.933333, 19.116667]}, "properties": {"susceptibility_score": 0.5603, "provenance": "MODELLED"}}, {"type": "Feature", "geometry": {"type": "Point", "coordinates": [72.939444, 19.116667]}, "properties": {"susceptibility_score": 0.5529, "provenance": "MODELLED"}}, {"type": "Feature", "geometry": {"type": "Point", "coordinates": [72.945556, 19.116667]}, "properties": {"susceptibility_score": 0.5535, "provenance": "MODELLED"}}, {"type": "Feature", "geometry": {"type": "Point", "coordinates": [72.951667, 19.116667]}, "properties": {"susceptibility_score": 0.5404, "provenance": "MODELLED"}}, {"type": "Feature", "geometry": {"type": "Point", "coordinates": [72.957778, 19.116667]}, "properties": {"susceptibility_score": 0.5751, "provenance": "MODELLED"}}, {"type": "Feature", "geometry": {"type": "Point", "coordinates": [72.963889, 19.116667]}, "properties": {"susceptibility_score": 0.5287, "provenance": "MODELLED"}}, {"type": "Feature", "geometry": {"type": "Point", "coordinates": [72.97, 19.116667]}, "properties": {"susceptibility_score": 0.4627, "provenance": "MODELLED"}}, {"type": "Feature", "geometry": {"type": "Point", "coordinates": [72.976111, 19.116667]}, "properties": {"susceptibility_score": 0.4685, "provenance": "MODELLED"}}, {"type": "Feature", "geometry": {"type": "Point", "coordinates": [72.982222, 19.116667]}, "properties": {"susceptibility_score": 0.5613, "provenance": "MODELLED"}}, {"type": "Feature", "geometry": {"type": "Point", "coordinates": [72.988333, 19.116667]}, "properties": {"susceptibility_score": 0.5482, "provenance": "MODELLED"}}, {"type": "Feature", "geometry": {"type": "Point", "coordinates": [72.994444, 19.116667]}, "properties": {"susceptibility_score": 0.7687, "provenance": "MODELLED"}}, {"type": "Feature", "geometry": {"type": "Point", "coordinates": [73.000556, 19.116667]}, "properties": {"susceptibility_score": 0.624, "provenance": "MODELLED"}}, {"type": "Feature", "geometry": {"type": "Point", "coordinates": [73.006667, 19.116667]}, "properties": {"susceptibility_score": 0.6565, "provenance": "MODELLED"}}, {"type": "Feature", "geometry": {"type": "Point", "coordinates": [73.012778, 19.116667]}, "properties": {"susceptibility_score": 0.4458, "provenance": "MODELLED"}}, {"type": "Feature", "geometry": {"type": "Point", "coordinates": [73.018889, 19.116667]}, "properties": {"susceptibility_score": 0.4508, "provenance": "MODELLED"}}, {"type": "Feature", "geometry": {"type": "Point", "coordinates": [73.025, 19.116667]}, "properties": {"susceptibility_score": 0.7589, "provenance": "MODELLED"}}, {"type": "Feature", "geometry": {"type": "Point", "coordinates": [73.031111, 19.116667]}, "properties": {"susceptibility_score": 0.462, "provenance": "MODELLED"}}, {"type": "Feature", "geometry": {"type": "Point", "coordinates": [73.037222, 19.116667]}, "properties": {"susceptibility_score": 0.3845, "provenance": "MODELLED"}}, {"type": "Feature", "geometry": {"type": "Point", "coordinates": [73.043333, 19.116667]}, "properties": {"susceptibility_score": 0.3723, "provenance": "MODELLED"}}, {"type": "Feature", "geometry": {"type": "Point", "coordinates": [73.049722, 19.116667]}, "properties": {"susceptibility_score": 0.288, "provenance": "MODELLED"}}, {"type": "Feature", "geometry": {"type": "Point", "coordinates": [72.75, 19.1075]}, "properties": {"susceptibility_score": 0.4, "provenance": "MODELLED"}}, {"type": "Feature", "geometry": {"type": "Point", "coordinates": [72.756111, 19.1075]}, "properties": {"susceptibility_score": 0.4, "provenance": "MODELLED"}}, {"type": "Feature", "geometry": {"type": "Point", "coordinates": [72.762222, 19.1075]}, "properties": {"susceptibility_score": 0.4, "provenance": "MODELLED"}}, {"type": "Feature", "geometry": {"type": "Point", "coordinates": [72.768333, 19.1075]}, "properties": {"susceptibility_score": 0.4, "provenance": "MODELLED"}}, {"type": "Feature", "geometry": {"type": "Point", "coordinates": [72.774444, 19.1075]}, "properties": {"susceptibility_score": 0.4, "provenance": "MODELLED"}}, {"type": "Feature", "geometry": {"type": "Point", "coordinates": [72.780556, 19.1075]}, "properties": {"susceptibility_score": 0.4, "provenance": "MODELLED"}}, {"type": "Feature", "geometry": {"type": "Point", "coordinates": [72.786667, 19.1075]}, "properties": {"susceptibility_score": 0.4, "provenance": "MODELLED"}}, {"type": "Feature", "geometry": {"type": "Point", "coordinates": [72.792778, 19.1075]}, "properties": {"susceptibility_score": 0.4, "provenance": "MODELLED"}}, {"type": "Feature", "geometry": {"type": "Point", "coordinates": [72.798889, 19.1075]}, "properties": {"susceptibility_score": 0.4, "provenance": "MODELLED"}}, {"type": "Feature", "geometry": {"type": "Point", "coordinates": [72.805, 19.1075]}, "properties": {"susceptibility_score": 0.4, "provenance": "MODELLED"}}, {"type": "Feature", "geometry": {"type": "Point", "coordinates": [72.811111, 19.1075]}, "properties": {"susceptibility_score": 0.4, "provenance": "MODELLED"}}, {"type": "Feature", "geometry": {"type": "Point", "coordinates": [72.817222, 19.1075]}, "properties": {"susceptibility_score": 0.4387, "provenance": "MODELLED"}}, {"type": "Feature", "geometry": {"type": "Point", "coordinates": [72.823333, 19.1075]}, "properties": {"susceptibility_score": 0.5723, "provenance": "MODELLED"}}, {"type": "Feature", "geometry": {"type": "Point", "coordinates": [72.829444, 19.1075]}, "properties": {"susceptibility_score": 0.6965, "provenance": "MODELLED"}}, {"type": "Feature", "geometry": {"type": "Point", "coordinates": [72.835556, 19.1075]}, "properties": {"susceptibility_score": 0.7231, "provenance": "MODELLED"}}, {"type": "Feature", "geometry": {"type": "Point", "coordinates": [72.841667, 19.1075]}, "properties": {"susceptibility_score": 0.5727, "provenance": "MODELLED"}}, {"type": "Feature", "geometry": {"type": "Point", "coordinates": [72.847778, 19.1075]}, "properties": {"susceptibility_score": 0.515, "provenance": "MODELLED"}}, {"type": "Feature", "geometry": {"type": "Point", "coordinates": [72.853889, 19.1075]}, "properties": {"susceptibility_score": 0.4877, "provenance": "MODELLED"}}, {"type": "Feature", "geometry": {"type": "Point", "coordinates": [72.86, 19.1075]}, "properties": {"susceptibility_score": 0.5789, "provenance": "MODELLED"}}, {"type": "Feature", "geometry": {"type": "Point", "coordinates": [72.866111, 19.1075]}, "properties": {"susceptibility_score": 0.703, "provenance": "MODELLED"}}, {"type": "Feature", "geometry": {"type": "Point", "coordinates": [72.872222, 19.1075]}, "properties": {"susceptibility_score": 0.7499, "provenance": "MODELLED"}}, {"type": "Feature", "geometry": {"type": "Point", "coordinates": [72.878333, 19.1075]}, "properties": {"susceptibility_score": 0.7451, "provenance": "MODELLED"}}, {"type": "Feature", "geometry": {"type": "Point", "coordinates": [72.884444, 19.1075]}, "properties": {"susceptibility_score": 0.7203, "provenance": "MODELLED"}}, {"type": "Feature", "geometry": {"type": "Point", "coordinates": [72.890556, 19.1075]}, "properties": {"susceptibility_score": 0.7346, "provenance": "MODELLED"}}, {"type": "Feature", "geometry": {"type": "Point", "coordinates": [72.896667, 19.1075]}, "properties": {"susceptibility_score": 0.7771, "provenance": "MODELLED"}}, {"type": "Feature", "geometry": {"type": "Point", "coordinates": [72.902778, 19.1075]}, "properties": {"susceptibility_score": 0.6273, "provenance": "MODELLED"}}, {"type": "Feature", "geometry": {"type": "Point", "coordinates": [72.908889, 19.1075]}, "properties": {"susceptibility_score": 0.3141, "provenance": "MODELLED"}}, {"type": "Feature", "geometry": {"type": "Point", "coordinates": [72.915, 19.1075]}, "properties": {"susceptibility_score": 0.6741, "provenance": "MODELLED"}}, {"type": "Feature", "geometry": {"type": "Point", "coordinates": [72.921111, 19.1075]}, "properties": {"susceptibility_score": 0.5391, "provenance": "MODELLED"}}, {"type": "Feature", "geometry": {"type": "Point", "coordinates": [72.927222, 19.1075]}, "properties": {"susceptibility_score": 0.5767, "provenance": "MODELLED"}}, {"type": "Feature", "geometry": {"type": "Point", "coordinates": [72.933333, 19.1075]}, "properties": {"susceptibility_score": 0.5816, "provenance": "MODELLED"}}, {"type": "Feature", "geometry": {"type": "Point", "coordinates": [72.939444, 19.1075]}, "properties": {"susceptibility_score": 0.5268, "provenance": "MODELLED"}}, {"type": "Feature", "geometry": {"type": "Point", "coordinates": [72.945556, 19.1075]}, "properties": {"susceptibility_score": 0.5519, "provenance": "MODELLED"}}, {"type": "Feature", "geometry": {"type": "Point", "coordinates": [72.951667, 19.1075]}, "properties": {"susceptibility_score": 0.6015, "provenance": "MODELLED"}}, {"type": "Feature", "geometry": {"type": "Point", "coordinates": [72.957778, 19.1075]}, "properties": {"susceptibility_score": 0.5505, "provenance": "MODELLED"}}, {"type": "Feature", "geometry": {"type": "Point", "coordinates": [72.963889, 19.1075]}, "properties": {"susceptibility_score": 0.5938, "provenance": "MODELLED"}}, {"type": "Feature", "geometry": {"type": "Point", "coordinates": [72.97, 19.1075]}, "properties": {"susceptibility_score": 0.4713, "provenance": "MODELLED"}}, {"type": "Feature", "geometry": {"type": "Point", "coordinates": [72.976111, 19.1075]}, "properties": {"susceptibility_score": 0.4058, "provenance": "MODELLED"}}, {"type": "Feature", "geometry": {"type": "Point", "coordinates": [72.982222, 19.1075]}, "properties": {"susceptibility_score": 0.475, "provenance": "MODELLED"}}, {"type": "Feature", "geometry": {"type": "Point", "coordinates": [72.988333, 19.1075]}, "properties": {"susceptibility_score": 0.5055, "provenance": "MODELLED"}}, {"type": "Feature", "geometry": {"type": "Point", "coordinates": [72.994444, 19.1075]}, "properties": {"susceptibility_score": 0.5643, "provenance": "MODELLED"}}, {"type": "Feature", "geometry": {"type": "Point", "coordinates": [73.000556, 19.1075]}, "properties": {"susceptibility_score": 0.757, "provenance": "MODELLED"}}, {"type": "Feature", "geometry": {"type": "Point", "coordinates": [73.006667, 19.1075]}, "properties": {"susceptibility_score": 0.7428, "provenance": "MODELLED"}}, {"type": "Feature", "geometry": {"type": "Point", "coordinates": [73.012778, 19.1075]}, "properties": {"susceptibility_score": 0.5747, "provenance": "MODELLED"}}, {"type": "Feature", "geometry": {"type": "Point", "coordinates": [73.018889, 19.1075]}, "properties": {"susceptibility_score": 0.6328, "provenance": "MODELLED"}}, {"type": "Feature", "geometry": {"type": "Point", "coordinates": [73.025, 19.1075]}, "properties": {"susceptibility_score": 0.7796, "provenance": "MODELLED"}}, {"type": "Feature", "geometry": {"type": "Point", "coordinates": [73.031111, 19.1075]}, "properties": {"susceptibility_score": 0.4824, "provenance": "MODELLED"}}, {"type": "Feature", "geometry": {"type": "Point", "coordinates": [73.037222, 19.1075]}, "properties": {"susceptibility_score": 0.4409, "provenance": "MODELLED"}}, {"type": "Feature", "geometry": {"type": "Point", "coordinates": [73.043333, 19.1075]}, "properties": {"susceptibility_score": 0.4993, "provenance": "MODELLED"}}, {"type": "Feature", "geometry": {"type": "Point", "coordinates": [73.049722, 19.1075]}, "properties": {"susceptibility_score": 0.2563, "provenance": "MODELLED"}}, {"type": "Feature", "geometry": {"type": "Point", "coordinates": [72.75, 19.098333]}, "properties": {"susceptibility_score": 0.4, "provenance": "MODELLED"}}, {"type": "Feature", "geometry": {"type": "Point", "coordinates": [72.756111, 19.098333]}, "properties": {"susceptibility_score": 0.4, "provenance": "MODELLED"}}, {"type": "Feature", "geometry": {"type": "Point", "coordinates": [72.762222, 19.098333]}, "properties": {"susceptibility_score": 0.4, "provenance": "MODELLED"}}, {"type": "Feature", "geometry": {"type": "Point", "coordinates": [72.768333, 19.098333]}, "properties": {"susceptibility_score": 0.4, "provenance": "MODELLED"}}, {"type": "Feature", "geometry": {"type": "Point", "coordinates": [72.774444, 19.098333]}, "properties": {"susceptibility_score": 0.4, "provenance": "MODELLED"}}, {"type": "Feature", "geometry": {"type": "Point", "coordinates": [72.780556, 19.098333]}, "properties": {"susceptibility_score": 0.4, "provenance": "MODELLED"}}, {"type": "Feature", "geometry": {"type": "Point", "coordinates": [72.786667, 19.098333]}, "properties": {"susceptibility_score": 0.4, "provenance": "MODELLED"}}, {"type": "Feature", "geometry": {"type": "Point", "coordinates": [72.792778, 19.098333]}, "properties": {"susceptibility_score": 0.4, "provenance": "MODELLED"}}, {"type": "Feature", "geometry": {"type": "Point", "coordinates": [72.798889, 19.098333]}, "properties": {"susceptibility_score": 0.4, "provenance": "MODELLED"}}, {"type": "Feature", "geometry": {"type": "Point", "coordinates": [72.805, 19.098333]}, "properties": {"susceptibility_score": 0.4, "provenance": "MODELLED"}}, {"type": "Feature", "geometry": {"type": "Point", "coordinates": [72.811111, 19.098333]}, "properties": {"susceptibility_score": 0.4, "provenance": "MODELLED"}}, {"type": "Feature", "geometry": {"type": "Point", "coordinates": [72.817222, 19.098333]}, "properties": {"susceptibility_score": 0.4002, "provenance": "MODELLED"}}, {"type": "Feature", "geometry": {"type": "Point", "coordinates": [72.823333, 19.098333]}, "properties": {"susceptibility_score": 0.5108, "provenance": "MODELLED"}}, {"type": "Feature", "geometry": {"type": "Point", "coordinates": [72.829444, 19.098333]}, "properties": {"susceptibility_score": 0.5979, "provenance": "MODELLED"}}, {"type": "Feature", "geometry": {"type": "Point", "coordinates": [72.835556, 19.098333]}, "properties": {"susceptibility_score": 0.6804, "provenance": "MODELLED"}}, {"type": "Feature", "geometry": {"type": "Point", "coordinates": [72.841667, 19.098333]}, "properties": {"susceptibility_score": 0.542, "provenance": "MODELLED"}}, {"type": "Feature", "geometry": {"type": "Point", "coordinates": [72.847778, 19.098333]}, "properties": {"susceptibility_score": 0.6293, "provenance": "MODELLED"}}, {"type": "Feature", "geometry": {"type": "Point", "coordinates": [72.853889, 19.098333]}, "properties": {"susceptibility_score": 0.6197, "provenance": "MODELLED"}}, {"type": "Feature", "geometry": {"type": "Point", "coordinates": [72.86, 19.098333]}, "properties": {"susceptibility_score": 0.6099, "provenance": "MODELLED"}}, {"type": "Feature", "geometry": {"type": "Point", "coordinates": [72.866111, 19.098333]}, "properties": {"susceptibility_score": 0.5466, "provenance": "MODELLED"}}, {"type": "Feature", "geometry": {"type": "Point", "coordinates": [72.872222, 19.098333]}, "properties": {"susceptibility_score": 0.5539, "provenance": "MODELLED"}}, {"type": "Feature", "geometry": {"type": "Point", "coordinates": [72.878333, 19.098333]}, "properties": {"susceptibility_score": 0.7755, "provenance": "MODELLED"}}, {"type": "Feature", "geometry": {"type": "Point", "coordinates": [72.884444, 19.098333]}, "properties": {"susceptibility_score": 0.7485, "provenance": "MODELLED"}}, {"type": "Feature", "geometry": {"type": "Point", "coordinates": [72.890556, 19.098333]}, "properties": {"susceptibility_score": 0.7406, "provenance": "MODELLED"}}, {"type": "Feature", "geometry": {"type": "Point", "coordinates": [72.896667, 19.098333]}, "properties": {"susceptibility_score": 0.6977, "provenance": "MODELLED"}}, {"type": "Feature", "geometry": {"type": "Point", "coordinates": [72.902778, 19.098333]}, "properties": {"susceptibility_score": 0.5875, "provenance": "MODELLED"}}, {"type": "Feature", "geometry": {"type": "Point", "coordinates": [72.908889, 19.098333]}, "properties": {"susceptibility_score": 0.6696, "provenance": "MODELLED"}}, {"type": "Feature", "geometry": {"type": "Point", "coordinates": [72.915, 19.098333]}, "properties": {"susceptibility_score": 0.6697, "provenance": "MODELLED"}}, {"type": "Feature", "geometry": {"type": "Point", "coordinates": [72.921111, 19.098333]}, "properties": {"susceptibility_score": 0.5311, "provenance": "MODELLED"}}, {"type": "Feature", "geometry": {"type": "Point", "coordinates": [72.927222, 19.098333]}, "properties": {"susceptibility_score": 0.5457, "provenance": "MODELLED"}}, {"type": "Feature", "geometry": {"type": "Point", "coordinates": [72.933333, 19.098333]}, "properties": {"susceptibility_score": 0.5231, "provenance": "MODELLED"}}, {"type": "Feature", "geometry": {"type": "Point", "coordinates": [72.939444, 19.098333]}, "properties": {"susceptibility_score": 0.5768, "provenance": "MODELLED"}}, {"type": "Feature", "geometry": {"type": "Point", "coordinates": [72.945556, 19.098333]}, "properties": {"susceptibility_score": 0.5201, "provenance": "MODELLED"}}, {"type": "Feature", "geometry": {"type": "Point", "coordinates": [72.951667, 19.098333]}, "properties": {"susceptibility_score": 0.5257, "provenance": "MODELLED"}}, {"type": "Feature", "geometry": {"type": "Point", "coordinates": [72.957778, 19.098333]}, "properties": {"susceptibility_score": 0.6138, "provenance": "MODELLED"}}, {"type": "Feature", "geometry": {"type": "Point", "coordinates": [72.963889, 19.098333]}, "properties": {"susceptibility_score": 0.549, "provenance": "MODELLED"}}, {"type": "Feature", "geometry": {"type": "Point", "coordinates": [72.97, 19.098333]}, "properties": {"susceptibility_score": 0.4141, "provenance": "MODELLED"}}, {"type": "Feature", "geometry": {"type": "Point", "coordinates": [72.976111, 19.098333]}, "properties": {"susceptibility_score": 0.4885, "provenance": "MODELLED"}}, {"type": "Feature", "geometry": {"type": "Point", "coordinates": [72.982222, 19.098333]}, "properties": {"susceptibility_score": 0.5913, "provenance": "MODELLED"}}, {"type": "Feature", "geometry": {"type": "Point", "coordinates": [72.988333, 19.098333]}, "properties": {"susceptibility_score": 0.5183, "provenance": "MODELLED"}}, {"type": "Feature", "geometry": {"type": "Point", "coordinates": [72.994444, 19.098333]}, "properties": {"susceptibility_score": 0.4806, "provenance": "MODELLED"}}, {"type": "Feature", "geometry": {"type": "Point", "coordinates": [73.000556, 19.098333]}, "properties": {"susceptibility_score": 0.6551, "provenance": "MODELLED"}}, {"type": "Feature", "geometry": {"type": "Point", "coordinates": [73.006667, 19.098333]}, "properties": {"susceptibility_score": 0.7831, "provenance": "MODELLED"}}, {"type": "Feature", "geometry": {"type": "Point", "coordinates": [73.012778, 19.098333]}, "properties": {"susceptibility_score": 0.7407, "provenance": "MODELLED"}}, {"type": "Feature", "geometry": {"type": "Point", "coordinates": [73.018889, 19.098333]}, "properties": {"susceptibility_score": 0.7229, "provenance": "MODELLED"}}, {"type": "Feature", "geometry": {"type": "Point", "coordinates": [73.025, 19.098333]}, "properties": {"susceptibility_score": 0.794, "provenance": "MODELLED"}}, {"type": "Feature", "geometry": {"type": "Point", "coordinates": [73.031111, 19.098333]}, "properties": {"susceptibility_score": 0.7109, "provenance": "MODELLED"}}, {"type": "Feature", "geometry": {"type": "Point", "coordinates": [73.037222, 19.098333]}, "properties": {"susceptibility_score": 0.3582, "provenance": "MODELLED"}}, {"type": "Feature", "geometry": {"type": "Point", "coordinates": [73.043333, 19.098333]}, "properties": {"susceptibility_score": 0.2726, "provenance": "MODELLED"}}, {"type": "Feature", "geometry": {"type": "Point", "coordinates": [73.049722, 19.098333]}, "properties": {"susceptibility_score": 0.3745, "provenance": "MODELLED"}}, {"type": "Feature", "geometry": {"type": "Point", "coordinates": [72.75, 19.089167]}, "properties": {"susceptibility_score": 0.4, "provenance": "MODELLED"}}, {"type": "Feature", "geometry": {"type": "Point", "coordinates": [72.756111, 19.089167]}, "properties": {"susceptibility_score": 0.4, "provenance": "MODELLED"}}, {"type": "Feature", "geometry": {"type": "Point", "coordinates": [72.762222, 19.089167]}, "properties": {"susceptibility_score": 0.4, "provenance": "MODELLED"}}, {"type": "Feature", "geometry": {"type": "Point", "coordinates": [72.768333, 19.089167]}, "properties": {"susceptibility_score": 0.4, "provenance": "MODELLED"}}, {"type": "Feature", "geometry": {"type": "Point", "coordinates": [72.774444, 19.089167]}, "properties": {"susceptibility_score": 0.4, "provenance": "MODELLED"}}, {"type": "Feature", "geometry": {"type": "Point", "coordinates": [72.780556, 19.089167]}, "properties": {"susceptibility_score": 0.4, "provenance": "MODELLED"}}, {"type": "Feature", "geometry": {"type": "Point", "coordinates": [72.786667, 19.089167]}, "properties": {"susceptibility_score": 0.4, "provenance": "MODELLED"}}, {"type": "Feature", "geometry": {"type": "Point", "coordinates": [72.792778, 19.089167]}, "properties": {"susceptibility_score": 0.4, "provenance": "MODELLED"}}, {"type": "Feature", "geometry": {"type": "Point", "coordinates": [72.798889, 19.089167]}, "properties": {"susceptibility_score": 0.4, "provenance": "MODELLED"}}, {"type": "Feature", "geometry": {"type": "Point", "coordinates": [72.805, 19.089167]}, "properties": {"susceptibility_score": 0.4, "provenance": "MODELLED"}}, {"type": "Feature", "geometry": {"type": "Point", "coordinates": [72.811111, 19.089167]}, "properties": {"susceptibility_score": 0.4, "provenance": "MODELLED"}}, {"type": "Feature", "geometry": {"type": "Point", "coordinates": [72.817222, 19.089167]}, "properties": {"susceptibility_score": 0.4, "provenance": "MODELLED"}}, {"type": "Feature", "geometry": {"type": "Point", "coordinates": [72.823333, 19.089167]}, "properties": {"susceptibility_score": 0.4947, "provenance": "MODELLED"}}, {"type": "Feature", "geometry": {"type": "Point", "coordinates": [72.829444, 19.089167]}, "properties": {"susceptibility_score": 0.5734, "provenance": "MODELLED"}}, {"type": "Feature", "geometry": {"type": "Point", "coordinates": [72.835556, 19.089167]}, "properties": {"susceptibility_score": 0.5673, "provenance": "MODELLED"}}, {"type": "Feature", "geometry": {"type": "Point", "coordinates": [72.841667, 19.089167]}, "properties": {"susceptibility_score": 0.5683, "provenance": "MODELLED"}}, {"type": "Feature", "geometry": {"type": "Point", "coordinates": [72.847778, 19.089167]}, "properties": {"susceptibility_score": 0.7875, "provenance": "MODELLED"}}, {"type": "Feature", "geometry": {"type": "Point", "coordinates": [72.853889, 19.089167]}, "properties": {"susceptibility_score": 0.6926, "provenance": "MODELLED"}}, {"type": "Feature", "geometry": {"type": "Point", "coordinates": [72.86, 19.089167]}, "properties": {"susceptibility_score": 0.6077, "provenance": "MODELLED"}}, {"type": "Feature", "geometry": {"type": "Point", "coordinates": [72.866111, 19.089167]}, "properties": {"susceptibility_score": 0.402, "provenance": "MODELLED"}}, {"type": "Feature", "geometry": {"type": "Point", "coordinates": [72.872222, 19.089167]}, "properties": {"susceptibility_score": 0.4981, "provenance": "MODELLED"}}, {"type": "Feature", "geometry": {"type": "Point", "coordinates": [72.878333, 19.089167]}, "properties": {"susceptibility_score": 0.7835, "provenance": "MODELLED"}}, {"type": "Feature", "geometry": {"type": "Point", "coordinates": [72.884444, 19.089167]}, "properties": {"susceptibility_score": 0.6245, "provenance": "MODELLED"}}, {"type": "Feature", "geometry": {"type": "Point", "coordinates": [72.890556, 19.089167]}, "properties": {"susceptibility_score": 0.5104, "provenance": "MODELLED"}}, {"type": "Feature", "geometry": {"type": "Point", "coordinates": [72.896667, 19.089167]}, "properties": {"susceptibility_score": 0.5165, "provenance": "MODELLED"}}, {"type": "Feature", "geometry": {"type": "Point", "coordinates": [72.902778, 19.089167]}, "properties": {"susceptibility_score": 0.7599, "provenance": "MODELLED"}}, {"type": "Feature", "geometry": {"type": "Point", "coordinates": [72.908889, 19.089167]}, "properties": {"susceptibility_score": 0.4499, "provenance": "MODELLED"}}, {"type": "Feature", "geometry": {"type": "Point", "coordinates": [72.915, 19.089167]}, "properties": {"susceptibility_score": 0.7177, "provenance": "MODELLED"}}, {"type": "Feature", "geometry": {"type": "Point", "coordinates": [72.921111, 19.089167]}, "properties": {"susceptibility_score": 0.5296, "provenance": "MODELLED"}}, {"type": "Feature", "geometry": {"type": "Point", "coordinates": [72.927222, 19.089167]}, "properties": {"susceptibility_score": 0.5076, "provenance": "MODELLED"}}, {"type": "Feature", "geometry": {"type": "Point", "coordinates": [72.933333, 19.089167]}, "properties": {"susceptibility_score": 0.5703, "provenance": "MODELLED"}}, {"type": "Feature", "geometry": {"type": "Point", "coordinates": [72.939444, 19.089167]}, "properties": {"susceptibility_score": 0.5451, "provenance": "MODELLED"}}, {"type": "Feature", "geometry": {"type": "Point", "coordinates": [72.945556, 19.089167]}, "properties": {"susceptibility_score": 0.5918, "provenance": "MODELLED"}}, {"type": "Feature", "geometry": {"type": "Point", "coordinates": [72.951667, 19.089167]}, "properties": {"susceptibility_score": 0.5326, "provenance": "MODELLED"}}, {"type": "Feature", "geometry": {"type": "Point", "coordinates": [72.957778, 19.089167]}, "properties": {"susceptibility_score": 0.5938, "provenance": "MODELLED"}}, {"type": "Feature", "geometry": {"type": "Point", "coordinates": [72.963889, 19.089167]}, "properties": {"susceptibility_score": 0.5175, "provenance": "MODELLED"}}, {"type": "Feature", "geometry": {"type": "Point", "coordinates": [72.97, 19.089167]}, "properties": {"susceptibility_score": 0.4, "provenance": "MODELLED"}}, {"type": "Feature", "geometry": {"type": "Point", "coordinates": [72.976111, 19.089167]}, "properties": {"susceptibility_score": 0.4, "provenance": "MODELLED"}}, {"type": "Feature", "geometry": {"type": "Point", "coordinates": [72.982222, 19.089167]}, "properties": {"susceptibility_score": 0.413, "provenance": "MODELLED"}}, {"type": "Feature", "geometry": {"type": "Point", "coordinates": [72.988333, 19.089167]}, "properties": {"susceptibility_score": 0.5221, "provenance": "MODELLED"}}, {"type": "Feature", "geometry": {"type": "Point", "coordinates": [72.994444, 19.089167]}, "properties": {"susceptibility_score": 0.5783, "provenance": "MODELLED"}}, {"type": "Feature", "geometry": {"type": "Point", "coordinates": [73.000556, 19.089167]}, "properties": {"susceptibility_score": 0.5855, "provenance": "MODELLED"}}, {"type": "Feature", "geometry": {"type": "Point", "coordinates": [73.006667, 19.089167]}, "properties": {"susceptibility_score": 0.6924, "provenance": "MODELLED"}}, {"type": "Feature", "geometry": {"type": "Point", "coordinates": [73.012778, 19.089167]}, "properties": {"susceptibility_score": 0.7678, "provenance": "MODELLED"}}, {"type": "Feature", "geometry": {"type": "Point", "coordinates": [73.018889, 19.089167]}, "properties": {"susceptibility_score": 0.7253, "provenance": "MODELLED"}}, {"type": "Feature", "geometry": {"type": "Point", "coordinates": [73.025, 19.089167]}, "properties": {"susceptibility_score": 0.7716, "provenance": "MODELLED"}}, {"type": "Feature", "geometry": {"type": "Point", "coordinates": [73.031111, 19.089167]}, "properties": {"susceptibility_score": 0.7076, "provenance": "MODELLED"}}, {"type": "Feature", "geometry": {"type": "Point", "coordinates": [73.037222, 19.089167]}, "properties": {"susceptibility_score": 0.614, "provenance": "MODELLED"}}, {"type": "Feature", "geometry": {"type": "Point", "coordinates": [73.043333, 19.089167]}, "properties": {"susceptibility_score": 0.3972, "provenance": "MODELLED"}}, {"type": "Feature", "geometry": {"type": "Point", "coordinates": [73.049722, 19.089167]}, "properties": {"susceptibility_score": 0.3071, "provenance": "MODELLED"}}, {"type": "Feature", "geometry": {"type": "Point", "coordinates": [72.75, 19.08]}, "properties": {"susceptibility_score": 0.4, "provenance": "MODELLED"}}, {"type": "Feature", "geometry": {"type": "Point", "coordinates": [72.756111, 19.08]}, "properties": {"susceptibility_score": 0.4, "provenance": "MODELLED"}}, {"type": "Feature", "geometry": {"type": "Point", "coordinates": [72.762222, 19.08]}, "properties": {"susceptibility_score": 0.4, "provenance": "MODELLED"}}, {"type": "Feature", "geometry": {"type": "Point", "coordinates": [72.768333, 19.08]}, "properties": {"susceptibility_score": 0.4, "provenance": "MODELLED"}}, {"type": "Feature", "geometry": {"type": "Point", "coordinates": [72.774444, 19.08]}, "properties": {"susceptibility_score": 0.4, "provenance": "MODELLED"}}, {"type": "Feature", "geometry": {"type": "Point", "coordinates": [72.780556, 19.08]}, "properties": {"susceptibility_score": 0.4, "provenance": "MODELLED"}}, {"type": "Feature", "geometry": {"type": "Point", "coordinates": [72.786667, 19.08]}, "properties": {"susceptibility_score": 0.4, "provenance": "MODELLED"}}, {"type": "Feature", "geometry": {"type": "Point", "coordinates": [72.792778, 19.08]}, "properties": {"susceptibility_score": 0.4, "provenance": "MODELLED"}}, {"type": "Feature", "geometry": {"type": "Point", "coordinates": [72.798889, 19.08]}, "properties": {"susceptibility_score": 0.4, "provenance": "MODELLED"}}, {"type": "Feature", "geometry": {"type": "Point", "coordinates": [72.805, 19.08]}, "properties": {"susceptibility_score": 0.4, "provenance": "MODELLED"}}, {"type": "Feature", "geometry": {"type": "Point", "coordinates": [72.811111, 19.08]}, "properties": {"susceptibility_score": 0.4, "provenance": "MODELLED"}}, {"type": "Feature", "geometry": {"type": "Point", "coordinates": [72.817222, 19.08]}, "properties": {"susceptibility_score": 0.4695, "provenance": "MODELLED"}}, {"type": "Feature", "geometry": {"type": "Point", "coordinates": [72.823333, 19.08]}, "properties": {"susceptibility_score": 0.6138, "provenance": "MODELLED"}}, {"type": "Feature", "geometry": {"type": "Point", "coordinates": [72.829444, 19.08]}, "properties": {"susceptibility_score": 0.7837, "provenance": "MODELLED"}}, {"type": "Feature", "geometry": {"type": "Point", "coordinates": [72.835556, 19.08]}, "properties": {"susceptibility_score": 0.7272, "provenance": "MODELLED"}}, {"type": "Feature", "geometry": {"type": "Point", "coordinates": [72.841667, 19.08]}, "properties": {"susceptibility_score": 0.6829, "provenance": "MODELLED"}}, {"type": "Feature", "geometry": {"type": "Point", "coordinates": [72.847778, 19.08]}, "properties": {"susceptibility_score": 0.7576, "provenance": "MODELLED"}}, {"type": "Feature", "geometry": {"type": "Point", "coordinates": [72.853889, 19.08]}, "properties": {"susceptibility_score": 0.6205, "provenance": "MODELLED"}}, {"type": "Feature", "geometry": {"type": "Point", "coordinates": [72.86, 19.08]}, "properties": {"susceptibility_score": 0.3988, "provenance": "MODELLED"}}, {"type": "Feature", "geometry": {"type": "Point", "coordinates": [72.866111, 19.08]}, "properties": {"susceptibility_score": 0.7017, "provenance": "MODELLED"}}, {"type": "Feature", "geometry": {"type": "Point", "coordinates": [72.872222, 19.08]}, "properties": {"susceptibility_score": 0.8147, "provenance": "MODELLED"}}, {"type": "Feature", "geometry": {"type": "Point", "coordinates": [72.878333, 19.08]}, "properties": {"susceptibility_score": 0.5995, "provenance": "MODELLED"}}, {"type": "Feature", "geometry": {"type": "Point", "coordinates": [72.884444, 19.08]}, "properties": {"susceptibility_score": 0.715, "provenance": "MODELLED"}}, {"type": "Feature", "geometry": {"type": "Point", "coordinates": [72.890556, 19.08]}, "properties": {"susceptibility_score": 0.6224, "provenance": "MODELLED"}}, {"type": "Feature", "geometry": {"type": "Point", "coordinates": [72.896667, 19.08]}, "properties": {"susceptibility_score": 0.6615, "provenance": "MODELLED"}}, {"type": "Feature", "geometry": {"type": "Point", "coordinates": [72.902778, 19.08]}, "properties": {"susceptibility_score": 0.7063, "provenance": "MODELLED"}}, {"type": "Feature", "geometry": {"type": "Point", "coordinates": [72.908889, 19.08]}, "properties": {"susceptibility_score": 0.7459, "provenance": "MODELLED"}}, {"type": "Feature", "geometry": {"type": "Point", "coordinates": [72.915, 19.08]}, "properties": {"susceptibility_score": 0.5396, "provenance": "MODELLED"}}, {"type": "Feature", "geometry": {"type": "Point", "coordinates": [72.921111, 19.08]}, "properties": {"susceptibility_score": 0.5468, "provenance": "MODELLED"}}, {"type": "Feature", "geometry": {"type": "Point", "coordinates": [72.927222, 19.08]}, "properties": {"susceptibility_score": 0.5593, "provenance": "MODELLED"}}, {"type": "Feature", "geometry": {"type": "Point", "coordinates": [72.933333, 19.08]}, "properties": {"susceptibility_score": 0.5968, "provenance": "MODELLED"}}, {"type": "Feature", "geometry": {"type": "Point", "coordinates": [72.939444, 19.08]}, "properties": {"susceptibility_score": 0.5168, "provenance": "MODELLED"}}, {"type": "Feature", "geometry": {"type": "Point", "coordinates": [72.945556, 19.08]}, "properties": {"susceptibility_score": 0.5654, "provenance": "MODELLED"}}, {"type": "Feature", "geometry": {"type": "Point", "coordinates": [72.951667, 19.08]}, "properties": {"susceptibility_score": 0.5412, "provenance": "MODELLED"}}, {"type": "Feature", "geometry": {"type": "Point", "coordinates": [72.957778, 19.08]}, "properties": {"susceptibility_score": 0.5777, "provenance": "MODELLED"}}, {"type": "Feature", "geometry": {"type": "Point", "coordinates": [72.963889, 19.08]}, "properties": {"susceptibility_score": 0.5196, "provenance": "MODELLED"}}, {"type": "Feature", "geometry": {"type": "Point", "coordinates": [72.97, 19.08]}, "properties": {"susceptibility_score": 0.4, "provenance": "MODELLED"}}, {"type": "Feature", "geometry": {"type": "Point", "coordinates": [72.976111, 19.08]}, "properties": {"susceptibility_score": 0.4, "provenance": "MODELLED"}}, {"type": "Feature", "geometry": {"type": "Point", "coordinates": [72.982222, 19.08]}, "properties": {"susceptibility_score": 0.5003, "provenance": "MODELLED"}}, {"type": "Feature", "geometry": {"type": "Point", "coordinates": [72.988333, 19.08]}, "properties": {"susceptibility_score": 0.5872, "provenance": "MODELLED"}}, {"type": "Feature", "geometry": {"type": "Point", "coordinates": [72.994444, 19.08]}, "properties": {"susceptibility_score": 0.5446, "provenance": "MODELLED"}}, {"type": "Feature", "geometry": {"type": "Point", "coordinates": [73.000556, 19.08]}, "properties": {"susceptibility_score": 0.7478, "provenance": "MODELLED"}}, {"type": "Feature", "geometry": {"type": "Point", "coordinates": [73.006667, 19.08]}, "properties": {"susceptibility_score": 0.7371, "provenance": "MODELLED"}}, {"type": "Feature", "geometry": {"type": "Point", "coordinates": [73.012778, 19.08]}, "properties": {"susceptibility_score": 0.7294, "provenance": "MODELLED"}}, {"type": "Feature", "geometry": {"type": "Point", "coordinates": [73.018889, 19.08]}, "properties": {"susceptibility_score": 0.6737, "provenance": "MODELLED"}}, {"type": "Feature", "geometry": {"type": "Point", "coordinates": [73.025, 19.08]}, "properties": {"susceptibility_score": 0.6694, "provenance": "MODELLED"}}, {"type": "Feature", "geometry": {"type": "Point", "coordinates": [73.031111, 19.08]}, "properties": {"susceptibility_score": 0.5665, "provenance": "MODELLED"}}, {"type": "Feature", "geometry": {"type": "Point", "coordinates": [73.037222, 19.08]}, "properties": {"susceptibility_score": 0.3541, "provenance": "MODELLED"}}, {"type": "Feature", "geometry": {"type": "Point", "coordinates": [73.043333, 19.08]}, "properties": {"susceptibility_score": 0.2364, "provenance": "MODELLED"}}, {"type": "Feature", "geometry": {"type": "Point", "coordinates": [73.049722, 19.08]}, "properties": {"susceptibility_score": 0.2802, "provenance": "MODELLED"}}, {"type": "Feature", "geometry": {"type": "Point", "coordinates": [72.75, 19.070556]}, "properties": {"susceptibility_score": 0.4, "provenance": "MODELLED"}}, {"type": "Feature", "geometry": {"type": "Point", "coordinates": [72.756111, 19.070556]}, "properties": {"susceptibility_score": 0.4, "provenance": "MODELLED"}}, {"type": "Feature", "geometry": {"type": "Point", "coordinates": [72.762222, 19.070556]}, "properties": {"susceptibility_score": 0.4, "provenance": "MODELLED"}}, {"type": "Feature", "geometry": {"type": "Point", "coordinates": [72.768333, 19.070556]}, "properties": {"susceptibility_score": 0.4, "provenance": "MODELLED"}}, {"type": "Feature", "geometry": {"type": "Point", "coordinates": [72.774444, 19.070556]}, "properties": {"susceptibility_score": 0.4, "provenance": "MODELLED"}}, {"type": "Feature", "geometry": {"type": "Point", "coordinates": [72.780556, 19.070556]}, "properties": {"susceptibility_score": 0.4, "provenance": "MODELLED"}}, {"type": "Feature", "geometry": {"type": "Point", "coordinates": [72.786667, 19.070556]}, "properties": {"susceptibility_score": 0.4, "provenance": "MODELLED"}}, {"type": "Feature", "geometry": {"type": "Point", "coordinates": [72.792778, 19.070556]}, "properties": {"susceptibility_score": 0.4, "provenance": "MODELLED"}}, {"type": "Feature", "geometry": {"type": "Point", "coordinates": [72.798889, 19.070556]}, "properties": {"susceptibility_score": 0.4, "provenance": "MODELLED"}}, {"type": "Feature", "geometry": {"type": "Point", "coordinates": [72.805, 19.070556]}, "properties": {"susceptibility_score": 0.4, "provenance": "MODELLED"}}, {"type": "Feature", "geometry": {"type": "Point", "coordinates": [72.811111, 19.070556]}, "properties": {"susceptibility_score": 0.4, "provenance": "MODELLED"}}, {"type": "Feature", "geometry": {"type": "Point", "coordinates": [72.817222, 19.070556]}, "properties": {"susceptibility_score": 0.4, "provenance": "MODELLED"}}, {"type": "Feature", "geometry": {"type": "Point", "coordinates": [72.823333, 19.070556]}, "properties": {"susceptibility_score": 0.4512, "provenance": "MODELLED"}}, {"type": "Feature", "geometry": {"type": "Point", "coordinates": [72.829444, 19.070556]}, "properties": {"susceptibility_score": 0.6582, "provenance": "MODELLED"}}, {"type": "Feature", "geometry": {"type": "Point", "coordinates": [72.835556, 19.070556]}, "properties": {"susceptibility_score": 0.511, "provenance": "MODELLED"}}, {"type": "Feature", "geometry": {"type": "Point", "coordinates": [72.841667, 19.070556]}, "properties": {"susceptibility_score": 0.6557, "provenance": "MODELLED"}}, {"type": "Feature", "geometry": {"type": "Point", "coordinates": [72.847778, 19.070556]}, "properties": {"susceptibility_score": 0.7068, "provenance": "MODELLED"}}, {"type": "Feature", "geometry": {"type": "Point", "coordinates": [72.853889, 19.070556]}, "properties": {"susceptibility_score": 0.5844, "provenance": "MODELLED"}}, {"type": "Feature", "geometry": {"type": "Point", "coordinates": [72.86, 19.070556]}, "properties": {"susceptibility_score": 0.5941, "provenance": "MODELLED"}}, {"type": "Feature", "geometry": {"type": "Point", "coordinates": [72.866111, 19.070556]}, "properties": {"susceptibility_score": 0.6394, "provenance": "MODELLED"}}, {"type": "Feature", "geometry": {"type": "Point", "coordinates": [72.872222, 19.070556]}, "properties": {"susceptibility_score": 0.7507, "provenance": "MODELLED"}}, {"type": "Feature", "geometry": {"type": "Point", "coordinates": [72.878333, 19.070556]}, "properties": {"susceptibility_score": 0.7134, "provenance": "MODELLED"}}, {"type": "Feature", "geometry": {"type": "Point", "coordinates": [72.884444, 19.070556]}, "properties": {"susceptibility_score": 0.7526, "provenance": "MODELLED"}}, {"type": "Feature", "geometry": {"type": "Point", "coordinates": [72.890556, 19.070556]}, "properties": {"susceptibility_score": 0.7709, "provenance": "MODELLED"}}, {"type": "Feature", "geometry": {"type": "Point", "coordinates": [72.896667, 19.070556]}, "properties": {"susceptibility_score": 0.764, "provenance": "MODELLED"}}, {"type": "Feature", "geometry": {"type": "Point", "coordinates": [72.902778, 19.070556]}, "properties": {"susceptibility_score": 0.7552, "provenance": "MODELLED"}}, {"type": "Feature", "geometry": {"type": "Point", "coordinates": [72.908889, 19.070556]}, "properties": {"susceptibility_score": 0.6317, "provenance": "MODELLED"}}, {"type": "Feature", "geometry": {"type": "Point", "coordinates": [72.915, 19.070556]}, "properties": {"susceptibility_score": 0.6763, "provenance": "MODELLED"}}, {"type": "Feature", "geometry": {"type": "Point", "coordinates": [72.921111, 19.070556]}, "properties": {"susceptibility_score": 0.7707, "provenance": "MODELLED"}}, {"type": "Feature", "geometry": {"type": "Point", "coordinates": [72.927222, 19.070556]}, "properties": {"susceptibility_score": 0.554, "provenance": "MODELLED"}}, {"type": "Feature", "geometry": {"type": "Point", "coordinates": [72.933333, 19.070556]}, "properties": {"susceptibility_score": 0.5785, "provenance": "MODELLED"}}, {"type": "Feature", "geometry": {"type": "Point", "coordinates": [72.939444, 19.070556]}, "properties": {"susceptibility_score": 0.603, "provenance": "MODELLED"}}, {"type": "Feature", "geometry": {"type": "Point", "coordinates": [72.945556, 19.070556]}, "properties": {"susceptibility_score": 0.5374, "provenance": "MODELLED"}}, {"type": "Feature", "geometry": {"type": "Point", "coordinates": [72.951667, 19.070556]}, "properties": {"susceptibility_score": 0.5085, "provenance": "MODELLED"}}, {"type": "Feature", "geometry": {"type": "Point", "coordinates": [72.957778, 19.070556]}, "properties": {"susceptibility_score": 0.5455, "provenance": "MODELLED"}}, {"type": "Feature", "geometry": {"type": "Point", "coordinates": [72.963889, 19.070556]}, "properties": {"susceptibility_score": 0.5255, "provenance": "MODELLED"}}, {"type": "Feature", "geometry": {"type": "Point", "coordinates": [72.97, 19.070556]}, "properties": {"susceptibility_score": 0.4, "provenance": "MODELLED"}}, {"type": "Feature", "geometry": {"type": "Point", "coordinates": [72.976111, 19.070556]}, "properties": {"susceptibility_score": 0.432, "provenance": "MODELLED"}}, {"type": "Feature", "geometry": {"type": "Point", "coordinates": [72.982222, 19.070556]}, "properties": {"susceptibility_score": 0.5962, "provenance": "MODELLED"}}, {"type": "Feature", "geometry": {"type": "Point", "coordinates": [72.988333, 19.070556]}, "properties": {"susceptibility_score": 0.7716, "provenance": "MODELLED"}}, {"type": "Feature", "geometry": {"type": "Point", "coordinates": [72.994444, 19.070556]}, "properties": {"susceptibility_score": 0.5716, "provenance": "MODELLED"}}, {"type": "Feature", "geometry": {"type": "Point", "coordinates": [73.000556, 19.070556]}, "properties": {"susceptibility_score": 0.6238, "provenance": "MODELLED"}}, {"type": "Feature", "geometry": {"type": "Point", "coordinates": [73.006667, 19.070556]}, "properties": {"susceptibility_score": 0.7314, "provenance": "MODELLED"}}, {"type": "Feature", "geometry": {"type": "Point", "coordinates": [73.012778, 19.070556]}, "properties": {"susceptibility_score": 0.7834, "provenance": "MODELLED"}}, {"type": "Feature", "geometry": {"type": "Point", "coordinates": [73.018889, 19.070556]}, "properties": {"susceptibility_score": 0.754, "provenance": "MODELLED"}}, {"type": "Feature", "geometry": {"type": "Point", "coordinates": [73.025, 19.070556]}, "properties": {"susceptibility_score": 0.5219, "provenance": "MODELLED"}}, {"type": "Feature", "geometry": {"type": "Point", "coordinates": [73.031111, 19.070556]}, "properties": {"susceptibility_score": 0.7248, "provenance": "MODELLED"}}, {"type": "Feature", "geometry": {"type": "Point", "coordinates": [73.037222, 19.070556]}, "properties": {"susceptibility_score": 0.4085, "provenance": "MODELLED"}}, {"type": "Feature", "geometry": {"type": "Point", "coordinates": [73.043333, 19.070556]}, "properties": {"susceptibility_score": 0.3361, "provenance": "MODELLED"}}, {"type": "Feature", "geometry": {"type": "Point", "coordinates": [73.049722, 19.070556]}, "properties": {"susceptibility_score": 0.3687, "provenance": "MODELLED"}}, {"type": "Feature", "geometry": {"type": "Point", "coordinates": [72.75, 19.061389]}, "properties": {"susceptibility_score": 0.4, "provenance": "MODELLED"}}, {"type": "Feature", "geometry": {"type": "Point", "coordinates": [72.756111, 19.061389]}, "properties": {"susceptibility_score": 0.4, "provenance": "MODELLED"}}, {"type": "Feature", "geometry": {"type": "Point", "coordinates": [72.762222, 19.061389]}, "properties": {"susceptibility_score": 0.4, "provenance": "MODELLED"}}, {"type": "Feature", "geometry": {"type": "Point", "coordinates": [72.768333, 19.061389]}, "properties": {"susceptibility_score": 0.4, "provenance": "MODELLED"}}, {"type": "Feature", "geometry": {"type": "Point", "coordinates": [72.774444, 19.061389]}, "properties": {"susceptibility_score": 0.4, "provenance": "MODELLED"}}, {"type": "Feature", "geometry": {"type": "Point", "coordinates": [72.780556, 19.061389]}, "properties": {"susceptibility_score": 0.4, "provenance": "MODELLED"}}, {"type": "Feature", "geometry": {"type": "Point", "coordinates": [72.786667, 19.061389]}, "properties": {"susceptibility_score": 0.4, "provenance": "MODELLED"}}, {"type": "Feature", "geometry": {"type": "Point", "coordinates": [72.792778, 19.061389]}, "properties": {"susceptibility_score": 0.4, "provenance": "MODELLED"}}, {"type": "Feature", "geometry": {"type": "Point", "coordinates": [72.798889, 19.061389]}, "properties": {"susceptibility_score": 0.4, "provenance": "MODELLED"}}, {"type": "Feature", "geometry": {"type": "Point", "coordinates": [72.805, 19.061389]}, "properties": {"susceptibility_score": 0.4, "provenance": "MODELLED"}}, {"type": "Feature", "geometry": {"type": "Point", "coordinates": [72.811111, 19.061389]}, "properties": {"susceptibility_score": 0.4, "provenance": "MODELLED"}}, {"type": "Feature", "geometry": {"type": "Point", "coordinates": [72.817222, 19.061389]}, "properties": {"susceptibility_score": 0.5001, "provenance": "MODELLED"}}, {"type": "Feature", "geometry": {"type": "Point", "coordinates": [72.823333, 19.061389]}, "properties": {"susceptibility_score": 0.6475, "provenance": "MODELLED"}}, {"type": "Feature", "geometry": {"type": "Point", "coordinates": [72.829444, 19.061389]}, "properties": {"susceptibility_score": 0.6016, "provenance": "MODELLED"}}, {"type": "Feature", "geometry": {"type": "Point", "coordinates": [72.835556, 19.061389]}, "properties": {"susceptibility_score": 0.6746, "provenance": "MODELLED"}}, {"type": "Feature", "geometry": {"type": "Point", "coordinates": [72.841667, 19.061389]}, "properties": {"susceptibility_score": 0.759, "provenance": "MODELLED"}}, {"type": "Feature", "geometry": {"type": "Point", "coordinates": [72.847778, 19.061389]}, "properties": {"susceptibility_score": 0.475, "provenance": "MODELLED"}}, {"type": "Feature", "geometry": {"type": "Point", "coordinates": [72.853889, 19.061389]}, "properties": {"susceptibility_score": 0.813, "provenance": "MODELLED"}}, {"type": "Feature", "geometry": {"type": "Point", "coordinates": [72.86, 19.061389]}, "properties": {"susceptibility_score": 0.7386, "provenance": "MODELLED"}}, {"type": "Feature", "geometry": {"type": "Point", "coordinates": [72.866111, 19.061389]}, "properties": {"susceptibility_score": 0.5196, "provenance": "MODELLED"}}, {"type": "Feature", "geometry": {"type": "Point", "coordinates": [72.872222, 19.061389]}, "properties": {"susceptibility_score": 0.7668, "provenance": "MODELLED"}}, {"type": "Feature", "geometry": {"type": "Point", "coordinates": [72.878333, 19.061389]}, "properties": {"susceptibility_score": 0.7222, "provenance": "MODELLED"}}, {"type": "Feature", "geometry": {"type": "Point", "coordinates": [72.884444, 19.061389]}, "properties": {"susceptibility_score": 0.725, "provenance": "MODELLED"}}, {"type": "Feature", "geometry": {"type": "Point", "coordinates": [72.890556, 19.061389]}, "properties": {"susceptibility_score": 0.5064, "provenance": "MODELLED"}}, {"type": "Feature", "geometry": {"type": "Point", "coordinates": [72.896667, 19.061389]}, "properties": {"susceptibility_score": 0.5998, "provenance": "MODELLED"}}, {"type": "Feature", "geometry": {"type": "Point", "coordinates": [72.902778, 19.061389]}, "properties": {"susceptibility_score": 0.7127, "provenance": "MODELLED"}}, {"type": "Feature", "geometry": {"type": "Point", "coordinates": [72.908889, 19.061389]}, "properties": {"susceptibility_score": 0.7534, "provenance": "MODELLED"}}, {"type": "Feature", "geometry": {"type": "Point", "coordinates": [72.915, 19.061389]}, "properties": {"susceptibility_score": 0.5331, "provenance": "MODELLED"}}, {"type": "Feature", "geometry": {"type": "Point", "coordinates": [72.921111, 19.061389]}, "properties": {"susceptibility_score": 0.6138, "provenance": "MODELLED"}}, {"type": "Feature", "geometry": {"type": "Point", "coordinates": [72.927222, 19.061389]}, "properties": {"susceptibility_score": 0.7612, "provenance": "MODELLED"}}, {"type": "Feature", "geometry": {"type": "Point", "coordinates": [72.933333, 19.061389]}, "properties": {"susceptibility_score": 0.6256, "provenance": "MODELLED"}}, {"type": "Feature", "geometry": {"type": "Point", "coordinates": [72.939444, 19.061389]}, "properties": {"susceptibility_score": 0.585, "provenance": "MODELLED"}}, {"type": "Feature", "geometry": {"type": "Point", "coordinates": [72.945556, 19.061389]}, "properties": {"susceptibility_score": 0.5765, "provenance": "MODELLED"}}, {"type": "Feature", "geometry": {"type": "Point", "coordinates": [72.951667, 19.061389]}, "properties": {"susceptibility_score": 0.5982, "provenance": "MODELLED"}}, {"type": "Feature", "geometry": {"type": "Point", "coordinates": [72.957778, 19.061389]}, "properties": {"susceptibility_score": 0.4956, "provenance": "MODELLED"}}, {"type": "Feature", "geometry": {"type": "Point", "coordinates": [72.963889, 19.061389]}, "properties": {"susceptibility_score": 0.5255, "provenance": "MODELLED"}}, {"type": "Feature", "geometry": {"type": "Point", "coordinates": [72.97, 19.061389]}, "properties": {"susceptibility_score": 0.4329, "provenance": "MODELLED"}}, {"type": "Feature", "geometry": {"type": "Point", "coordinates": [72.976111, 19.061389]}, "properties": {"susceptibility_score": 0.5447, "provenance": "MODELLED"}}, {"type": "Feature", "geometry": {"type": "Point", "coordinates": [72.982222, 19.061389]}, "properties": {"susceptibility_score": 0.5529, "provenance": "MODELLED"}}, {"type": "Feature", "geometry": {"type": "Point", "coordinates": [72.988333, 19.061389]}, "properties": {"susceptibility_score": 0.5791, "provenance": "MODELLED"}}, {"type": "Feature", "geometry": {"type": "Point", "coordinates": [72.994444, 19.061389]}, "properties": {"susceptibility_score": 0.5377, "provenance": "MODELLED"}}, {"type": "Feature", "geometry": {"type": "Point", "coordinates": [73.000556, 19.061389]}, "properties": {"susceptibility_score": 0.6101, "provenance": "MODELLED"}}, {"type": "Feature", "geometry": {"type": "Point", "coordinates": [73.006667, 19.061389]}, "properties": {"susceptibility_score": 0.5779, "provenance": "MODELLED"}}, {"type": "Feature", "geometry": {"type": "Point", "coordinates": [73.012778, 19.061389]}, "properties": {"susceptibility_score": 0.6454, "provenance": "MODELLED"}}, {"type": "Feature", "geometry": {"type": "Point", "coordinates": [73.018889, 19.061389]}, "properties": {"susceptibility_score": 0.5983, "provenance": "MODELLED"}}, {"type": "Feature", "geometry": {"type": "Point", "coordinates": [73.025, 19.061389]}, "properties": {"susceptibility_score": 0.7746, "provenance": "MODELLED"}}, {"type": "Feature", "geometry": {"type": "Point", "coordinates": [73.031111, 19.061389]}, "properties": {"susceptibility_score": 0.7224, "provenance": "MODELLED"}}, {"type": "Feature", "geometry": {"type": "Point", "coordinates": [73.037222, 19.061389]}, "properties": {"susceptibility_score": 0.3997, "provenance": "MODELLED"}}, {"type": "Feature", "geometry": {"type": "Point", "coordinates": [73.043333, 19.061389]}, "properties": {"susceptibility_score": 0.4111, "provenance": "MODELLED"}}, {"type": "Feature", "geometry": {"type": "Point", "coordinates": [73.049722, 19.061389]}, "properties": {"susceptibility_score": 0.4974, "provenance": "MODELLED"}}, {"type": "Feature", "geometry": {"type": "Point", "coordinates": [72.75, 19.052222]}, "properties": {"susceptibility_score": 0.4, "provenance": "MODELLED"}}, {"type": "Feature", "geometry": {"type": "Point", "coordinates": [72.756111, 19.052222]}, "properties": {"susceptibility_score": 0.4, "provenance": "MODELLED"}}, {"type": "Feature", "geometry": {"type": "Point", "coordinates": [72.762222, 19.052222]}, "properties": {"susceptibility_score": 0.4, "provenance": "MODELLED"}}, {"type": "Feature", "geometry": {"type": "Point", "coordinates": [72.768333, 19.052222]}, "properties": {"susceptibility_score": 0.4, "provenance": "MODELLED"}}, {"type": "Feature", "geometry": {"type": "Point", "coordinates": [72.774444, 19.052222]}, "properties": {"susceptibility_score": 0.4, "provenance": "MODELLED"}}, {"type": "Feature", "geometry": {"type": "Point", "coordinates": [72.780556, 19.052222]}, "properties": {"susceptibility_score": 0.4, "provenance": "MODELLED"}}, {"type": "Feature", "geometry": {"type": "Point", "coordinates": [72.786667, 19.052222]}, "properties": {"susceptibility_score": 0.4, "provenance": "MODELLED"}}, {"type": "Feature", "geometry": {"type": "Point", "coordinates": [72.792778, 19.052222]}, "properties": {"susceptibility_score": 0.4, "provenance": "MODELLED"}}, {"type": "Feature", "geometry": {"type": "Point", "coordinates": [72.798889, 19.052222]}, "properties": {"susceptibility_score": 0.4, "provenance": "MODELLED"}}, {"type": "Feature", "geometry": {"type": "Point", "coordinates": [72.805, 19.052222]}, "properties": {"susceptibility_score": 0.4, "provenance": "MODELLED"}}, {"type": "Feature", "geometry": {"type": "Point", "coordinates": [72.811111, 19.052222]}, "properties": {"susceptibility_score": 0.4, "provenance": "MODELLED"}}, {"type": "Feature", "geometry": {"type": "Point", "coordinates": [72.817222, 19.052222]}, "properties": {"susceptibility_score": 0.409, "provenance": "MODELLED"}}, {"type": "Feature", "geometry": {"type": "Point", "coordinates": [72.823333, 19.052222]}, "properties": {"susceptibility_score": 0.6318, "provenance": "MODELLED"}}, {"type": "Feature", "geometry": {"type": "Point", "coordinates": [72.829444, 19.052222]}, "properties": {"susceptibility_score": 0.6117, "provenance": "MODELLED"}}, {"type": "Feature", "geometry": {"type": "Point", "coordinates": [72.835556, 19.052222]}, "properties": {"susceptibility_score": 0.6906, "provenance": "MODELLED"}}, {"type": "Feature", "geometry": {"type": "Point", "coordinates": [72.841667, 19.052222]}, "properties": {"susceptibility_score": 0.7686, "provenance": "MODELLED"}}, {"type": "Feature", "geometry": {"type": "Point", "coordinates": [72.847778, 19.052222]}, "properties": {"susceptibility_score": 0.734, "provenance": "MODELLED"}}, {"type": "Feature", "geometry": {"type": "Point", "coordinates": [72.853889, 19.052222]}, "properties": {"susceptibility_score": 0.587, "provenance": "MODELLED"}}, {"type": "Feature", "geometry": {"type": "Point", "coordinates": [72.86, 19.052222]}, "properties": {"susceptibility_score": 0.5592, "provenance": "MODELLED"}}, {"type": "Feature", "geometry": {"type": "Point", "coordinates": [72.866111, 19.052222]}, "properties": {"susceptibility_score": 0.7544, "provenance": "MODELLED"}}, {"type": "Feature", "geometry": {"type": "Point", "coordinates": [72.872222, 19.052222]}, "properties": {"susceptibility_score": 0.6064, "provenance": "MODELLED"}}, {"type": "Feature", "geometry": {"type": "Point", "coordinates": [72.878333, 19.052222]}, "properties": {"susceptibility_score": 0.7855, "provenance": "MODELLED"}}, {"type": "Feature", "geometry": {"type": "Point", "coordinates": [72.884444, 19.052222]}, "properties": {"susceptibility_score": 0.631, "provenance": "MODELLED"}}, {"type": "Feature", "geometry": {"type": "Point", "coordinates": [72.890556, 19.052222]}, "properties": {"susceptibility_score": 0.7177, "provenance": "MODELLED"}}, {"type": "Feature", "geometry": {"type": "Point", "coordinates": [72.896667, 19.052222]}, "properties": {"susceptibility_score": 0.6718, "provenance": "MODELLED"}}, {"type": "Feature", "geometry": {"type": "Point", "coordinates": [72.902778, 19.052222]}, "properties": {"susceptibility_score": 0.7641, "provenance": "MODELLED"}}, {"type": "Feature", "geometry": {"type": "Point", "coordinates": [72.908889, 19.052222]}, "properties": {"susceptibility_score": 0.6608, "provenance": "MODELLED"}}, {"type": "Feature", "geometry": {"type": "Point", "coordinates": [72.915, 19.052222]}, "properties": {"susceptibility_score": 0.7237, "provenance": "MODELLED"}}, {"type": "Feature", "geometry": {"type": "Point", "coordinates": [72.921111, 19.052222]}, "properties": {"susceptibility_score": 0.7182, "provenance": "MODELLED"}}, {"type": "Feature", "geometry": {"type": "Point", "coordinates": [72.927222, 19.052222]}, "properties": {"susceptibility_score": 0.7742, "provenance": "MODELLED"}}, {"type": "Feature", "geometry": {"type": "Point", "coordinates": [72.933333, 19.052222]}, "properties": {"susceptibility_score": 0.7542, "provenance": "MODELLED"}}, {"type": "Feature", "geometry": {"type": "Point", "coordinates": [72.939444, 19.052222]}, "properties": {"susceptibility_score": 0.6455, "provenance": "MODELLED"}}, {"type": "Feature", "geometry": {"type": "Point", "coordinates": [72.945556, 19.052222]}, "properties": {"susceptibility_score": 0.4516, "provenance": "MODELLED"}}, {"type": "Feature", "geometry": {"type": "Point", "coordinates": [72.951667, 19.052222]}, "properties": {"susceptibility_score": 0.4043, "provenance": "MODELLED"}}, {"type": "Feature", "geometry": {"type": "Point", "coordinates": [72.957778, 19.052222]}, "properties": {"susceptibility_score": 0.3984, "provenance": "MODELLED"}}, {"type": "Feature", "geometry": {"type": "Point", "coordinates": [72.963889, 19.052222]}, "properties": {"susceptibility_score": 0.4, "provenance": "MODELLED"}}, {"type": "Feature", "geometry": {"type": "Point", "coordinates": [72.97, 19.052222]}, "properties": {"susceptibility_score": 0.4, "provenance": "MODELLED"}}, {"type": "Feature", "geometry": {"type": "Point", "coordinates": [72.976111, 19.052222]}, "properties": {"susceptibility_score": 0.4, "provenance": "MODELLED"}}, {"type": "Feature", "geometry": {"type": "Point", "coordinates": [72.982222, 19.052222]}, "properties": {"susceptibility_score": 0.4, "provenance": "MODELLED"}}, {"type": "Feature", "geometry": {"type": "Point", "coordinates": [72.988333, 19.052222]}, "properties": {"susceptibility_score": 0.4312, "provenance": "MODELLED"}}, {"type": "Feature", "geometry": {"type": "Point", "coordinates": [72.994444, 19.052222]}, "properties": {"susceptibility_score": 0.4785, "provenance": "MODELLED"}}, {"type": "Feature", "geometry": {"type": "Point", "coordinates": [73.000556, 19.052222]}, "properties": {"susceptibility_score": 0.5211, "provenance": "MODELLED"}}, {"type": "Feature", "geometry": {"type": "Point", "coordinates": [73.006667, 19.052222]}, "properties": {"susceptibility_score": 0.5206, "provenance": "MODELLED"}}, {"type": "Feature", "geometry": {"type": "Point", "coordinates": [73.012778, 19.052222]}, "properties": {"susceptibility_score": 0.5919, "provenance": "MODELLED"}}, {"type": "Feature", "geometry": {"type": "Point", "coordinates": [73.018889, 19.052222]}, "properties": {"susceptibility_score": 0.6322, "provenance": "MODELLED"}}, {"type": "Feature", "geometry": {"type": "Point", "coordinates": [73.025, 19.052222]}, "properties": {"susceptibility_score": 0.5647, "provenance": "MODELLED"}}, {"type": "Feature", "geometry": {"type": "Point", "coordinates": [73.031111, 19.052222]}, "properties": {"susceptibility_score": 0.5453, "provenance": "MODELLED"}}, {"type": "Feature", "geometry": {"type": "Point", "coordinates": [73.037222, 19.052222]}, "properties": {"susceptibility_score": 0.4467, "provenance": "MODELLED"}}, {"type": "Feature", "geometry": {"type": "Point", "coordinates": [73.043333, 19.052222]}, "properties": {"susceptibility_score": 0.4607, "provenance": "MODELLED"}}, {"type": "Feature", "geometry": {"type": "Point", "coordinates": [73.049722, 19.052222]}, "properties": {"susceptibility_score": 0.4922, "provenance": "MODELLED"}}, {"type": "Feature", "geometry": {"type": "Point", "coordinates": [72.75, 19.043056]}, "properties": {"susceptibility_score": 0.4, "provenance": "MODELLED"}}, {"type": "Feature", "geometry": {"type": "Point", "coordinates": [72.756111, 19.043056]}, "properties": {"susceptibility_score": 0.4, "provenance": "MODELLED"}}, {"type": "Feature", "geometry": {"type": "Point", "coordinates": [72.762222, 19.043056]}, "properties": {"susceptibility_score": 0.4, "provenance": "MODELLED"}}, {"type": "Feature", "geometry": {"type": "Point", "coordinates": [72.768333, 19.043056]}, "properties": {"susceptibility_score": 0.4, "provenance": "MODELLED"}}, {"type": "Feature", "geometry": {"type": "Point", "coordinates": [72.774444, 19.043056]}, "properties": {"susceptibility_score": 0.4, "provenance": "MODELLED"}}, {"type": "Feature", "geometry": {"type": "Point", "coordinates": [72.780556, 19.043056]}, "properties": {"susceptibility_score": 0.4, "provenance": "MODELLED"}}, {"type": "Feature", "geometry": {"type": "Point", "coordinates": [72.786667, 19.043056]}, "properties": {"susceptibility_score": 0.4, "provenance": "MODELLED"}}, {"type": "Feature", "geometry": {"type": "Point", "coordinates": [72.792778, 19.043056]}, "properties": {"susceptibility_score": 0.4, "provenance": "MODELLED"}}, {"type": "Feature", "geometry": {"type": "Point", "coordinates": [72.798889, 19.043056]}, "properties": {"susceptibility_score": 0.4, "provenance": "MODELLED"}}, {"type": "Feature", "geometry": {"type": "Point", "coordinates": [72.805, 19.043056]}, "properties": {"susceptibility_score": 0.4, "provenance": "MODELLED"}}, {"type": "Feature", "geometry": {"type": "Point", "coordinates": [72.811111, 19.043056]}, "properties": {"susceptibility_score": 0.4, "provenance": "MODELLED"}}, {"type": "Feature", "geometry": {"type": "Point", "coordinates": [72.817222, 19.043056]}, "properties": {"susceptibility_score": 0.3923, "provenance": "MODELLED"}}, {"type": "Feature", "geometry": {"type": "Point", "coordinates": [72.823333, 19.043056]}, "properties": {"susceptibility_score": 0.4885, "provenance": "MODELLED"}}, {"type": "Feature", "geometry": {"type": "Point", "coordinates": [72.829444, 19.043056]}, "properties": {"susceptibility_score": 0.4, "provenance": "MODELLED"}}, {"type": "Feature", "geometry": {"type": "Point", "coordinates": [72.835556, 19.043056]}, "properties": {"susceptibility_score": 0.4806, "provenance": "MODELLED"}}, {"type": "Feature", "geometry": {"type": "Point", "coordinates": [72.841667, 19.043056]}, "properties": {"susceptibility_score": 0.6943, "provenance": "MODELLED"}}, {"type": "Feature", "geometry": {"type": "Point", "coordinates": [72.847778, 19.043056]}, "properties": {"susceptibility_score": 0.7631, "provenance": "MODELLED"}}, {"type": "Feature", "geometry": {"type": "Point", "coordinates": [72.853889, 19.043056]}, "properties": {"susceptibility_score": 0.7123, "provenance": "MODELLED"}}, {"type": "Feature", "geometry": {"type": "Point", "coordinates": [72.86, 19.043056]}, "properties": {"susceptibility_score": 0.7656, "provenance": "MODELLED"}}, {"type": "Feature", "geometry": {"type": "Point", "coordinates": [72.866111, 19.043056]}, "properties": {"susceptibility_score": 0.7413, "provenance": "MODELLED"}}, {"type": "Feature", "geometry": {"type": "Point", "coordinates": [72.872222, 19.043056]}, "properties": {"susceptibility_score": 0.7201, "provenance": "MODELLED"}}, {"type": "Feature", "geometry": {"type": "Point", "coordinates": [72.878333, 19.043056]}, "properties": {"susceptibility_score": 0.6074, "provenance": "MODELLED"}}, {"type": "Feature", "geometry": {"type": "Point", "coordinates": [72.884444, 19.043056]}, "properties": {"susceptibility_score": 0.7527, "provenance": "MODELLED"}}, {"type": "Feature", "geometry": {"type": "Point", "coordinates": [72.890556, 19.043056]}, "properties": {"susceptibility_score": 0.6146, "provenance": "MODELLED"}}, {"type": "Feature", "geometry": {"type": "Point", "coordinates": [72.896667, 19.043056]}, "properties": {"susceptibility_score": 0.7111, "provenance": "MODELLED"}}, {"type": "Feature", "geometry": {"type": "Point", "coordinates": [72.902778, 19.043056]}, "properties": {"susceptibility_score": 0.4319, "provenance": "MODELLED"}}, {"type": "Feature", "geometry": {"type": "Point", "coordinates": [72.908889, 19.043056]}, "properties": {"susceptibility_score": 0.6846, "provenance": "MODELLED"}}, {"type": "Feature", "geometry": {"type": "Point", "coordinates": [72.915, 19.043056]}, "properties": {"susceptibility_score": 0.6628, "provenance": "MODELLED"}}, {"type": "Feature", "geometry": {"type": "Point", "coordinates": [72.921111, 19.043056]}, "properties": {"susceptibility_score": 0.5884, "provenance": "MODELLED"}}, {"type": "Feature", "geometry": {"type": "Point", "coordinates": [72.927222, 19.043056]}, "properties": {"susceptibility_score": 0.5567, "provenance": "MODELLED"}}, {"type": "Feature", "geometry": {"type": "Point", "coordinates": [72.933333, 19.043056]}, "properties": {"susceptibility_score": 0.5653, "provenance": "MODELLED"}}, {"type": "Feature", "geometry": {"type": "Point", "coordinates": [72.939444, 19.043056]}, "properties": {"susceptibility_score": 0.4886, "provenance": "MODELLED"}}, {"type": "Feature", "geometry": {"type": "Point", "coordinates": [72.945556, 19.043056]}, "properties": {"susceptibility_score": 0.6656, "provenance": "MODELLED"}}, {"type": "Feature", "geometry": {"type": "Point", "coordinates": [72.951667, 19.043056]}, "properties": {"susceptibility_score": 0.5301, "provenance": "MODELLED"}}, {"type": "Feature", "geometry": {"type": "Point", "coordinates": [72.957778, 19.043056]}, "properties": {"susceptibility_score": 0.4232, "provenance": "MODELLED"}}, {"type": "Feature", "geometry": {"type": "Point", "coordinates": [72.963889, 19.043056]}, "properties": {"susceptibility_score": 0.4, "provenance": "MODELLED"}}, {"type": "Feature", "geometry": {"type": "Point", "coordinates": [72.97, 19.043056]}, "properties": {"susceptibility_score": 0.4, "provenance": "MODELLED"}}, {"type": "Feature", "geometry": {"type": "Point", "coordinates": [72.976111, 19.043056]}, "properties": {"susceptibility_score": 0.4, "provenance": "MODELLED"}}, {"type": "Feature", "geometry": {"type": "Point", "coordinates": [72.982222, 19.043056]}, "properties": {"susceptibility_score": 0.4, "provenance": "MODELLED"}}, {"type": "Feature", "geometry": {"type": "Point", "coordinates": [72.988333, 19.043056]}, "properties": {"susceptibility_score": 0.4, "provenance": "MODELLED"}}, {"type": "Feature", "geometry": {"type": "Point", "coordinates": [72.994444, 19.043056]}, "properties": {"susceptibility_score": 0.4725, "provenance": "MODELLED"}}, {"type": "Feature", "geometry": {"type": "Point", "coordinates": [73.000556, 19.043056]}, "properties": {"susceptibility_score": 0.5262, "provenance": "MODELLED"}}, {"type": "Feature", "geometry": {"type": "Point", "coordinates": [73.006667, 19.043056]}, "properties": {"susceptibility_score": 0.5423, "provenance": "MODELLED"}}, {"type": "Feature", "geometry": {"type": "Point", "coordinates": [73.012778, 19.043056]}, "properties": {"susceptibility_score": 0.7178, "provenance": "MODELLED"}}, {"type": "Feature", "geometry": {"type": "Point", "coordinates": [73.018889, 19.043056]}, "properties": {"susceptibility_score": 0.7455, "provenance": "MODELLED"}}, {"type": "Feature", "geometry": {"type": "Point", "coordinates": [73.025, 19.043056]}, "properties": {"susceptibility_score": 0.4937, "provenance": "MODELLED"}}, {"type": "Feature", "geometry": {"type": "Point", "coordinates": [73.031111, 19.043056]}, "properties": {"susceptibility_score": 0.6654, "provenance": "MODELLED"}}, {"type": "Feature", "geometry": {"type": "Point", "coordinates": [73.037222, 19.043056]}, "properties": {"susceptibility_score": 0.4473, "provenance": "MODELLED"}}, {"type": "Feature", "geometry": {"type": "Point", "coordinates": [73.043333, 19.043056]}, "properties": {"susceptibility_score": 0.5117, "provenance": "MODELLED"}}, {"type": "Feature", "geometry": {"type": "Point", "coordinates": [73.049722, 19.043056]}, "properties": {"susceptibility_score": 0.3964, "provenance": "MODELLED"}}, {"type": "Feature", "geometry": {"type": "Point", "coordinates": [72.75, 19.033889]}, "properties": {"susceptibility_score": 0.4, "provenance": "MODELLED"}}, {"type": "Feature", "geometry": {"type": "Point", "coordinates": [72.756111, 19.033889]}, "properties": {"susceptibility_score": 0.4, "provenance": "MODELLED"}}, {"type": "Feature", "geometry": {"type": "Point", "coordinates": [72.762222, 19.033889]}, "properties": {"susceptibility_score": 0.4, "provenance": "MODELLED"}}, {"type": "Feature", "geometry": {"type": "Point", "coordinates": [72.768333, 19.033889]}, "properties": {"susceptibility_score": 0.4, "provenance": "MODELLED"}}, {"type": "Feature", "geometry": {"type": "Point", "coordinates": [72.774444, 19.033889]}, "properties": {"susceptibility_score": 0.4, "provenance": "MODELLED"}}, {"type": "Feature", "geometry": {"type": "Point", "coordinates": [72.780556, 19.033889]}, "properties": {"susceptibility_score": 0.4, "provenance": "MODELLED"}}, {"type": "Feature", "geometry": {"type": "Point", "coordinates": [72.786667, 19.033889]}, "properties": {"susceptibility_score": 0.4, "provenance": "MODELLED"}}, {"type": "Feature", "geometry": {"type": "Point", "coordinates": [72.792778, 19.033889]}, "properties": {"susceptibility_score": 0.4, "provenance": "MODELLED"}}, {"type": "Feature", "geometry": {"type": "Point", "coordinates": [72.798889, 19.033889]}, "properties": {"susceptibility_score": 0.4, "provenance": "MODELLED"}}, {"type": "Feature", "geometry": {"type": "Point", "coordinates": [72.805, 19.033889]}, "properties": {"susceptibility_score": 0.4, "provenance": "MODELLED"}}, {"type": "Feature", "geometry": {"type": "Point", "coordinates": [72.811111, 19.033889]}, "properties": {"susceptibility_score": 0.4, "provenance": "MODELLED"}}, {"type": "Feature", "geometry": {"type": "Point", "coordinates": [72.817222, 19.033889]}, "properties": {"susceptibility_score": 0.4, "provenance": "MODELLED"}}, {"type": "Feature", "geometry": {"type": "Point", "coordinates": [72.823333, 19.033889]}, "properties": {"susceptibility_score": 0.4, "provenance": "MODELLED"}}, {"type": "Feature", "geometry": {"type": "Point", "coordinates": [72.829444, 19.033889]}, "properties": {"susceptibility_score": 0.4, "provenance": "MODELLED"}}, {"type": "Feature", "geometry": {"type": "Point", "coordinates": [72.835556, 19.033889]}, "properties": {"susceptibility_score": 0.4, "provenance": "MODELLED"}}, {"type": "Feature", "geometry": {"type": "Point", "coordinates": [72.841667, 19.033889]}, "properties": {"susceptibility_score": 0.6174, "provenance": "MODELLED"}}, {"type": "Feature", "geometry": {"type": "Point", "coordinates": [72.847778, 19.033889]}, "properties": {"susceptibility_score": 0.766, "provenance": "MODELLED"}}, {"type": "Feature", "geometry": {"type": "Point", "coordinates": [72.853889, 19.033889]}, "properties": {"susceptibility_score": 0.6037, "provenance": "MODELLED"}}, {"type": "Feature", "geometry": {"type": "Point", "coordinates": [72.86, 19.033889]}, "properties": {"susceptibility_score": 0.4179, "provenance": "MODELLED"}}, {"type": "Feature", "geometry": {"type": "Point", "coordinates": [72.866111, 19.033889]}, "properties": {"susceptibility_score": 0.7235, "provenance": "MODELLED"}}, {"type": "Feature", "geometry": {"type": "Point", "coordinates": [72.872222, 19.033889]}, "properties": {"susceptibility_score": 0.7543, "provenance": "MODELLED"}}, {"type": "Feature", "geometry": {"type": "Point", "coordinates": [72.878333, 19.033889]}, "properties": {"susceptibility_score": 0.7405, "provenance": "MODELLED"}}, {"type": "Feature", "geometry": {"type": "Point", "coordinates": [72.884444, 19.033889]}, "properties": {"susceptibility_score": 0.5554, "provenance": "MODELLED"}}, {"type": "Feature", "geometry": {"type": "Point", "coordinates": [72.890556, 19.033889]}, "properties": {"susceptibility_score": 0.4874, "provenance": "MODELLED"}}, {"type": "Feature", "geometry": {"type": "Point", "coordinates": [72.896667, 19.033889]}, "properties": {"susceptibility_score": 0.7491, "provenance": "MODELLED"}}, {"type": "Feature", "geometry": {"type": "Point", "coordinates": [72.902778, 19.033889]}, "properties": {"susceptibility_score": 0.6385, "provenance": "MODELLED"}}, {"type": "Feature", "geometry": {"type": "Point", "coordinates": [72.908889, 19.033889]}, "properties": {"susceptibility_score": 0.32, "provenance": "MODELLED"}}, {"type": "Feature", "geometry": {"type": "Point", "coordinates": [72.915, 19.033889]}, "properties": {"susceptibility_score": 0.3835, "provenance": "MODELLED"}}, {"type": "Feature", "geometry": {"type": "Point", "coordinates": [72.921111, 19.033889]}, "properties": {"susceptibility_score": 0.477, "provenance": "MODELLED"}}, {"type": "Feature", "geometry": {"type": "Point", "coordinates": [72.927222, 19.033889]}, "properties": {"susceptibility_score": 0.652, "provenance": "MODELLED"}}, {"type": "Feature", "geometry": {"type": "Point", "coordinates": [72.933333, 19.033889]}, "properties": {"susceptibility_score": 0.4058, "provenance": "MODELLED"}}, {"type": "Feature", "geometry": {"type": "Point", "coordinates": [72.939444, 19.033889]}, "properties": {"susceptibility_score": 0.317, "provenance": "MODELLED"}}, {"type": "Feature", "geometry": {"type": "Point", "coordinates": [72.945556, 19.033889]}, "properties": {"susceptibility_score": 0.4955, "provenance": "MODELLED"}}, {"type": "Feature", "geometry": {"type": "Point", "coordinates": [72.951667, 19.033889]}, "properties": {"susceptibility_score": 0.4878, "provenance": "MODELLED"}}, {"type": "Feature", "geometry": {"type": "Point", "coordinates": [72.957778, 19.033889]}, "properties": {"susceptibility_score": 0.4056, "provenance": "MODELLED"}}, {"type": "Feature", "geometry": {"type": "Point", "coordinates": [72.963889, 19.033889]}, "properties": {"susceptibility_score": 0.4, "provenance": "MODELLED"}}, {"type": "Feature", "geometry": {"type": "Point", "coordinates": [72.97, 19.033889]}, "properties": {"susceptibility_score": 0.4, "provenance": "MODELLED"}}, {"type": "Feature", "geometry": {"type": "Point", "coordinates": [72.976111, 19.033889]}, "properties": {"susceptibility_score": 0.4, "provenance": "MODELLED"}}, {"type": "Feature", "geometry": {"type": "Point", "coordinates": [72.982222, 19.033889]}, "properties": {"susceptibility_score": 0.4, "provenance": "MODELLED"}}, {"type": "Feature", "geometry": {"type": "Point", "coordinates": [72.988333, 19.033889]}, "properties": {"susceptibility_score": 0.4, "provenance": "MODELLED"}}, {"type": "Feature", "geometry": {"type": "Point", "coordinates": [72.994444, 19.033889]}, "properties": {"susceptibility_score": 0.4, "provenance": "MODELLED"}}, {"type": "Feature", "geometry": {"type": "Point", "coordinates": [73.000556, 19.033889]}, "properties": {"susceptibility_score": 0.461, "provenance": "MODELLED"}}, {"type": "Feature", "geometry": {"type": "Point", "coordinates": [73.006667, 19.033889]}, "properties": {"susceptibility_score": 0.5017, "provenance": "MODELLED"}}, {"type": "Feature", "geometry": {"type": "Point", "coordinates": [73.012778, 19.033889]}, "properties": {"susceptibility_score": 0.7503, "provenance": "MODELLED"}}, {"type": "Feature", "geometry": {"type": "Point", "coordinates": [73.018889, 19.033889]}, "properties": {"susceptibility_score": 0.671, "provenance": "MODELLED"}}, {"type": "Feature", "geometry": {"type": "Point", "coordinates": [73.025, 19.033889]}, "properties": {"susceptibility_score": 0.6242, "provenance": "MODELLED"}}, {"type": "Feature", "geometry": {"type": "Point", "coordinates": [73.031111, 19.033889]}, "properties": {"susceptibility_score": 0.4705, "provenance": "MODELLED"}}, {"type": "Feature", "geometry": {"type": "Point", "coordinates": [73.037222, 19.033889]}, "properties": {"susceptibility_score": 0.5043, "provenance": "MODELLED"}}, {"type": "Feature", "geometry": {"type": "Point", "coordinates": [73.043333, 19.033889]}, "properties": {"susceptibility_score": 0.6597, "provenance": "MODELLED"}}, {"type": "Feature", "geometry": {"type": "Point", "coordinates": [73.049722, 19.033889]}, "properties": {"susceptibility_score": 0.4547, "provenance": "MODELLED"}}, {"type": "Feature", "geometry": {"type": "Point", "coordinates": [72.75, 19.024722]}, "properties": {"susceptibility_score": 0.4, "provenance": "MODELLED"}}, {"type": "Feature", "geometry": {"type": "Point", "coordinates": [72.756111, 19.024722]}, "properties": {"susceptibility_score": 0.4, "provenance": "MODELLED"}}, {"type": "Feature", "geometry": {"type": "Point", "coordinates": [72.762222, 19.024722]}, "properties": {"susceptibility_score": 0.4, "provenance": "MODELLED"}}, {"type": "Feature", "geometry": {"type": "Point", "coordinates": [72.768333, 19.024722]}, "properties": {"susceptibility_score": 0.4, "provenance": "MODELLED"}}, {"type": "Feature", "geometry": {"type": "Point", "coordinates": [72.774444, 19.024722]}, "properties": {"susceptibility_score": 0.4, "provenance": "MODELLED"}}, {"type": "Feature", "geometry": {"type": "Point", "coordinates": [72.780556, 19.024722]}, "properties": {"susceptibility_score": 0.4, "provenance": "MODELLED"}}, {"type": "Feature", "geometry": {"type": "Point", "coordinates": [72.786667, 19.024722]}, "properties": {"susceptibility_score": 0.4, "provenance": "MODELLED"}}, {"type": "Feature", "geometry": {"type": "Point", "coordinates": [72.792778, 19.024722]}, "properties": {"susceptibility_score": 0.4, "provenance": "MODELLED"}}, {"type": "Feature", "geometry": {"type": "Point", "coordinates": [72.798889, 19.024722]}, "properties": {"susceptibility_score": 0.4, "provenance": "MODELLED"}}, {"type": "Feature", "geometry": {"type": "Point", "coordinates": [72.805, 19.024722]}, "properties": {"susceptibility_score": 0.4, "provenance": "MODELLED"}}, {"type": "Feature", "geometry": {"type": "Point", "coordinates": [72.811111, 19.024722]}, "properties": {"susceptibility_score": 0.4, "provenance": "MODELLED"}}, {"type": "Feature", "geometry": {"type": "Point", "coordinates": [72.817222, 19.024722]}, "properties": {"susceptibility_score": 0.4, "provenance": "MODELLED"}}, {"type": "Feature", "geometry": {"type": "Point", "coordinates": [72.823333, 19.024722]}, "properties": {"susceptibility_score": 0.4, "provenance": "MODELLED"}}, {"type": "Feature", "geometry": {"type": "Point", "coordinates": [72.829444, 19.024722]}, "properties": {"susceptibility_score": 0.4, "provenance": "MODELLED"}}, {"type": "Feature", "geometry": {"type": "Point", "coordinates": [72.835556, 19.024722]}, "properties": {"susceptibility_score": 0.6017, "provenance": "MODELLED"}}, {"type": "Feature", "geometry": {"type": "Point", "coordinates": [72.841667, 19.024722]}, "properties": {"susceptibility_score": 0.6986, "provenance": "MODELLED"}}, {"type": "Feature", "geometry": {"type": "Point", "coordinates": [72.847778, 19.024722]}, "properties": {"susceptibility_score": 0.7365, "provenance": "MODELLED"}}, {"type": "Feature", "geometry": {"type": "Point", "coordinates": [72.853889, 19.024722]}, "properties": {"susceptibility_score": 0.6333, "provenance": "MODELLED"}}, {"type": "Feature", "geometry": {"type": "Point", "coordinates": [72.86, 19.024722]}, "properties": {"susceptibility_score": 0.5956, "provenance": "MODELLED"}}, {"type": "Feature", "geometry": {"type": "Point", "coordinates": [72.866111, 19.024722]}, "properties": {"susceptibility_score": 0.5793, "provenance": "MODELLED"}}, {"type": "Feature", "geometry": {"type": "Point", "coordinates": [72.872222, 19.024722]}, "properties": {"susceptibility_score": 0.8209, "provenance": "MODELLED"}}, {"type": "Feature", "geometry": {"type": "Point", "coordinates": [72.878333, 19.024722]}, "properties": {"susceptibility_score": 0.7393, "provenance": "MODELLED"}}, {"type": "Feature", "geometry": {"type": "Point", "coordinates": [72.884444, 19.024722]}, "properties": {"susceptibility_score": 0.6101, "provenance": "MODELLED"}}, {"type": "Feature", "geometry": {"type": "Point", "coordinates": [72.890556, 19.024722]}, "properties": {"susceptibility_score": 0.8013, "provenance": "MODELLED"}}, {"type": "Feature", "geometry": {"type": "Point", "coordinates": [72.896667, 19.024722]}, "properties": {"susceptibility_score": 0.6835, "provenance": "MODELLED"}}, {"type": "Feature", "geometry": {"type": "Point", "coordinates": [72.902778, 19.024722]}, "properties": {"susceptibility_score": 0.4906, "provenance": "MODELLED"}}, {"type": "Feature", "geometry": {"type": "Point", "coordinates": [72.908889, 19.024722]}, "properties": {"susceptibility_score": 0.3082, "provenance": "MODELLED"}}, {"type": "Feature", "geometry": {"type": "Point", "coordinates": [72.915, 19.024722]}, "properties": {"susceptibility_score": 0.2495, "provenance": "MODELLED"}}, {"type": "Feature", "geometry": {"type": "Point", "coordinates": [72.921111, 19.024722]}, "properties": {"susceptibility_score": 0.4416, "provenance": "MODELLED"}}, {"type": "Feature", "geometry": {"type": "Point", "coordinates": [72.927222, 19.024722]}, "properties": {"susceptibility_score": 0.5711, "provenance": "MODELLED"}}, {"type": "Feature", "geometry": {"type": "Point", "coordinates": [72.933333, 19.024722]}, "properties": {"susceptibility_score": 0.5125, "provenance": "MODELLED"}}, {"type": "Feature", "geometry": {"type": "Point", "coordinates": [72.939444, 19.024722]}, "properties": {"susceptibility_score": 0.3984, "provenance": "MODELLED"}}, {"type": "Feature", "geometry": {"type": "Point", "coordinates": [72.945556, 19.024722]}, "properties": {"susceptibility_score": 0.5031, "provenance": "MODELLED"}}, {"type": "Feature", "geometry": {"type": "Point", "coordinates": [72.951667, 19.024722]}, "properties": {"susceptibility_score": 0.6099, "provenance": "MODELLED"}}, {"type": "Feature", "geometry": {"type": "Point", "coordinates": [72.957778, 19.024722]}, "properties": {"susceptibility_score": 0.4782, "provenance": "MODELLED"}}, {"type": "Feature", "geometry": {"type": "Point", "coordinates": [72.963889, 19.024722]}, "properties": {"susceptibility_score": 0.4, "provenance": "MODELLED"}}, {"type": "Feature", "geometry": {"type": "Point", "coordinates": [72.97, 19.024722]}, "properties": {"susceptibility_score": 0.4, "provenance": "MODELLED"}}, {"type": "Feature", "geometry": {"type": "Point", "coordinates": [72.976111, 19.024722]}, "properties": {"susceptibility_score": 0.4, "provenance": "MODELLED"}}, {"type": "Feature", "geometry": {"type": "Point", "coordinates": [72.982222, 19.024722]}, "properties": {"susceptibility_score": 0.4, "provenance": "MODELLED"}}, {"type": "Feature", "geometry": {"type": "Point", "coordinates": [72.988333, 19.024722]}, "properties": {"susceptibility_score": 0.4, "provenance": "MODELLED"}}, {"type": "Feature", "geometry": {"type": "Point", "coordinates": [72.994444, 19.024722]}, "properties": {"susceptibility_score": 0.4, "provenance": "MODELLED"}}, {"type": "Feature", "geometry": {"type": "Point", "coordinates": [73.000556, 19.024722]}, "properties": {"susceptibility_score": 0.486, "provenance": "MODELLED"}}, {"type": "Feature", "geometry": {"type": "Point", "coordinates": [73.006667, 19.024722]}, "properties": {"susceptibility_score": 0.5664, "provenance": "MODELLED"}}, {"type": "Feature", "geometry": {"type": "Point", "coordinates": [73.012778, 19.024722]}, "properties": {"susceptibility_score": 0.5731, "provenance": "MODELLED"}}, {"type": "Feature", "geometry": {"type": "Point", "coordinates": [73.018889, 19.024722]}, "properties": {"susceptibility_score": 0.7589, "provenance": "MODELLED"}}, {"type": "Feature", "geometry": {"type": "Point", "coordinates": [73.025, 19.024722]}, "properties": {"susceptibility_score": 0.6026, "provenance": "MODELLED"}}, {"type": "Feature", "geometry": {"type": "Point", "coordinates": [73.031111, 19.024722]}, "properties": {"susceptibility_score": 0.4404, "provenance": "MODELLED"}}, {"type": "Feature", "geometry": {"type": "Point", "coordinates": [73.037222, 19.024722]}, "properties": {"susceptibility_score": 0.7302, "provenance": "MODELLED"}}, {"type": "Feature", "geometry": {"type": "Point", "coordinates": [73.043333, 19.024722]}, "properties": {"susceptibility_score": 0.7319, "provenance": "MODELLED"}}, {"type": "Feature", "geometry": {"type": "Point", "coordinates": [73.049722, 19.024722]}, "properties": {"susceptibility_score": 0.5255, "provenance": "MODELLED"}}, {"type": "Feature", "geometry": {"type": "Point", "coordinates": [72.75, 19.015556]}, "properties": {"susceptibility_score": 0.4, "provenance": "MODELLED"}}, {"type": "Feature", "geometry": {"type": "Point", "coordinates": [72.756111, 19.015556]}, "properties": {"susceptibility_score": 0.4, "provenance": "MODELLED"}}, {"type": "Feature", "geometry": {"type": "Point", "coordinates": [72.762222, 19.015556]}, "properties": {"susceptibility_score": 0.4, "provenance": "MODELLED"}}, {"type": "Feature", "geometry": {"type": "Point", "coordinates": [72.768333, 19.015556]}, "properties": {"susceptibility_score": 0.4, "provenance": "MODELLED"}}, {"type": "Feature", "geometry": {"type": "Point", "coordinates": [72.774444, 19.015556]}, "properties": {"susceptibility_score": 0.4, "provenance": "MODELLED"}}, {"type": "Feature", "geometry": {"type": "Point", "coordinates": [72.780556, 19.015556]}, "properties": {"susceptibility_score": 0.4, "provenance": "MODELLED"}}, {"type": "Feature", "geometry": {"type": "Point", "coordinates": [72.786667, 19.015556]}, "properties": {"susceptibility_score": 0.4, "provenance": "MODELLED"}}, {"type": "Feature", "geometry": {"type": "Point", "coordinates": [72.792778, 19.015556]}, "properties": {"susceptibility_score": 0.4, "provenance": "MODELLED"}}, {"type": "Feature", "geometry": {"type": "Point", "coordinates": [72.798889, 19.015556]}, "properties": {"susceptibility_score": 0.4, "provenance": "MODELLED"}}, {"type": "Feature", "geometry": {"type": "Point", "coordinates": [72.805, 19.015556]}, "properties": {"susceptibility_score": 0.4, "provenance": "MODELLED"}}, {"type": "Feature", "geometry": {"type": "Point", "coordinates": [72.811111, 19.015556]}, "properties": {"susceptibility_score": 0.4, "provenance": "MODELLED"}}, {"type": "Feature", "geometry": {"type": "Point", "coordinates": [72.817222, 19.015556]}, "properties": {"susceptibility_score": 0.5884, "provenance": "MODELLED"}}, {"type": "Feature", "geometry": {"type": "Point", "coordinates": [72.823333, 19.015556]}, "properties": {"susceptibility_score": 0.5554, "provenance": "MODELLED"}}, {"type": "Feature", "geometry": {"type": "Point", "coordinates": [72.829444, 19.015556]}, "properties": {"susceptibility_score": 0.7012, "provenance": "MODELLED"}}, {"type": "Feature", "geometry": {"type": "Point", "coordinates": [72.835556, 19.015556]}, "properties": {"susceptibility_score": 0.711, "provenance": "MODELLED"}}, {"type": "Feature", "geometry": {"type": "Point", "coordinates": [72.841667, 19.015556]}, "properties": {"susceptibility_score": 0.7174, "provenance": "MODELLED"}}, {"type": "Feature", "geometry": {"type": "Point", "coordinates": [72.847778, 19.015556]}, "properties": {"susceptibility_score": 0.5359, "provenance": "MODELLED"}}, {"type": "Feature", "geometry": {"type": "Point", "coordinates": [72.853889, 19.015556]}, "properties": {"susceptibility_score": 0.6539, "provenance": "MODELLED"}}, {"type": "Feature", "geometry": {"type": "Point", "coordinates": [72.86, 19.015556]}, "properties": {"susceptibility_score": 0.4446, "provenance": "MODELLED"}}, {"type": "Feature", "geometry": {"type": "Point", "coordinates": [72.866111, 19.015556]}, "properties": {"susceptibility_score": 0.7275, "provenance": "MODELLED"}}, {"type": "Feature", "geometry": {"type": "Point", "coordinates": [72.872222, 19.015556]}, "properties": {"susceptibility_score": 0.7483, "provenance": "MODELLED"}}, {"type": "Feature", "geometry": {"type": "Point", "coordinates": [72.878333, 19.015556]}, "properties": {"susceptibility_score": 0.5162, "provenance": "MODELLED"}}, {"type": "Feature", "geometry": {"type": "Point", "coordinates": [72.884444, 19.015556]}, "properties": {"susceptibility_score": 0.58, "provenance": "MODELLED"}}, {"type": "Feature", "geometry": {"type": "Point", "coordinates": [72.890556, 19.015556]}, "properties": {"susceptibility_score": 0.507, "provenance": "MODELLED"}}, {"type": "Feature", "geometry": {"type": "Point", "coordinates": [72.896667, 19.015556]}, "properties": {"susceptibility_score": 0.6697, "provenance": "MODELLED"}}, {"type": "Feature", "geometry": {"type": "Point", "coordinates": [72.902778, 19.015556]}, "properties": {"susceptibility_score": 0.7422, "provenance": "MODELLED"}}, {"type": "Feature", "geometry": {"type": "Point", "coordinates": [72.908889, 19.015556]}, "properties": {"susceptibility_score": 0.523, "provenance": "MODELLED"}}, {"type": "Feature", "geometry": {"type": "Point", "coordinates": [72.915, 19.015556]}, "properties": {"susceptibility_score": 0.3334, "provenance": "MODELLED"}}, {"type": "Feature", "geometry": {"type": "Point", "coordinates": [72.921111, 19.015556]}, "properties": {"susceptibility_score": 0.6034, "provenance": "MODELLED"}}, {"type": "Feature", "geometry": {"type": "Point", "coordinates": [72.927222, 19.015556]}, "properties": {"susceptibility_score": 0.4766, "provenance": "MODELLED"}}, {"type": "Feature", "geometry": {"type": "Point", "coordinates": [72.933333, 19.015556]}, "properties": {"susceptibility_score": 0.4097, "provenance": "MODELLED"}}, {"type": "Feature", "geometry": {"type": "Point", "coordinates": [72.939444, 19.015556]}, "properties": {"susceptibility_score": 0.4217, "provenance": "MODELLED"}}, {"type": "Feature", "geometry": {"type": "Point", "coordinates": [72.945556, 19.015556]}, "properties": {"susceptibility_score": 0.4, "provenance": "MODELLED"}}, {"type": "Feature", "geometry": {"type": "Point", "coordinates": [72.951667, 19.015556]}, "properties": {"susceptibility_score": 0.4649, "provenance": "MODELLED"}}, {"type": "Feature", "geometry": {"type": "Point", "coordinates": [72.957778, 19.015556]}, "properties": {"susceptibility_score": 0.4367, "provenance": "MODELLED"}}, {"type": "Feature", "geometry": {"type": "Point", "coordinates": [72.963889, 19.015556]}, "properties": {"susceptibility_score": 0.4, "provenance": "MODELLED"}}, {"type": "Feature", "geometry": {"type": "Point", "coordinates": [72.97, 19.015556]}, "properties": {"susceptibility_score": 0.4, "provenance": "MODELLED"}}, {"type": "Feature", "geometry": {"type": "Point", "coordinates": [72.976111, 19.015556]}, "properties": {"susceptibility_score": 0.4, "provenance": "MODELLED"}}, {"type": "Feature", "geometry": {"type": "Point", "coordinates": [72.982222, 19.015556]}, "properties": {"susceptibility_score": 0.4, "provenance": "MODELLED"}}, {"type": "Feature", "geometry": {"type": "Point", "coordinates": [72.988333, 19.015556]}, "properties": {"susceptibility_score": 0.4, "provenance": "MODELLED"}}, {"type": "Feature", "geometry": {"type": "Point", "coordinates": [72.994444, 19.015556]}, "properties": {"susceptibility_score": 0.4, "provenance": "MODELLED"}}, {"type": "Feature", "geometry": {"type": "Point", "coordinates": [73.000556, 19.015556]}, "properties": {"susceptibility_score": 0.5633, "provenance": "MODELLED"}}, {"type": "Feature", "geometry": {"type": "Point", "coordinates": [73.006667, 19.015556]}, "properties": {"susceptibility_score": 0.599, "provenance": "MODELLED"}}, {"type": "Feature", "geometry": {"type": "Point", "coordinates": [73.012778, 19.015556]}, "properties": {"susceptibility_score": 0.7393, "provenance": "MODELLED"}}, {"type": "Feature", "geometry": {"type": "Point", "coordinates": [73.018889, 19.015556]}, "properties": {"susceptibility_score": 0.5812, "provenance": "MODELLED"}}, {"type": "Feature", "geometry": {"type": "Point", "coordinates": [73.025, 19.015556]}, "properties": {"susceptibility_score": 0.5817, "provenance": "MODELLED"}}, {"type": "Feature", "geometry": {"type": "Point", "coordinates": [73.031111, 19.015556]}, "properties": {"susceptibility_score": 0.5867, "provenance": "MODELLED"}}, {"type": "Feature", "geometry": {"type": "Point", "coordinates": [73.037222, 19.015556]}, "properties": {"susceptibility_score": 0.8042, "provenance": "MODELLED"}}, {"type": "Feature", "geometry": {"type": "Point", "coordinates": [73.043333, 19.015556]}, "properties": {"susceptibility_score": 0.6441, "provenance": "MODELLED"}}, {"type": "Feature", "geometry": {"type": "Point", "coordinates": [73.049722, 19.015556]}, "properties": {"susceptibility_score": 0.5567, "provenance": "MODELLED"}}, {"type": "Feature", "geometry": {"type": "Point", "coordinates": [72.75, 19.006389]}, "properties": {"susceptibility_score": 0.4, "provenance": "MODELLED"}}, {"type": "Feature", "geometry": {"type": "Point", "coordinates": [72.756111, 19.006389]}, "properties": {"susceptibility_score": 0.4, "provenance": "MODELLED"}}, {"type": "Feature", "geometry": {"type": "Point", "coordinates": [72.762222, 19.006389]}, "properties": {"susceptibility_score": 0.4, "provenance": "MODELLED"}}, {"type": "Feature", "geometry": {"type": "Point", "coordinates": [72.768333, 19.006389]}, "properties": {"susceptibility_score": 0.4, "provenance": "MODELLED"}}, {"type": "Feature", "geometry": {"type": "Point", "coordinates": [72.774444, 19.006389]}, "properties": {"susceptibility_score": 0.4, "provenance": "MODELLED"}}, {"type": "Feature", "geometry": {"type": "Point", "coordinates": [72.780556, 19.006389]}, "properties": {"susceptibility_score": 0.4, "provenance": "MODELLED"}}, {"type": "Feature", "geometry": {"type": "Point", "coordinates": [72.786667, 19.006389]}, "properties": {"susceptibility_score": 0.4, "provenance": "MODELLED"}}, {"type": "Feature", "geometry": {"type": "Point", "coordinates": [72.792778, 19.006389]}, "properties": {"susceptibility_score": 0.4, "provenance": "MODELLED"}}, {"type": "Feature", "geometry": {"type": "Point", "coordinates": [72.798889, 19.006389]}, "properties": {"susceptibility_score": 0.4, "provenance": "MODELLED"}}, {"type": "Feature", "geometry": {"type": "Point", "coordinates": [72.805, 19.006389]}, "properties": {"susceptibility_score": 0.4, "provenance": "MODELLED"}}, {"type": "Feature", "geometry": {"type": "Point", "coordinates": [72.811111, 19.006389]}, "properties": {"susceptibility_score": 0.4, "provenance": "MODELLED"}}, {"type": "Feature", "geometry": {"type": "Point", "coordinates": [72.817222, 19.006389]}, "properties": {"susceptibility_score": 0.4251, "provenance": "MODELLED"}}, {"type": "Feature", "geometry": {"type": "Point", "coordinates": [72.823333, 19.006389]}, "properties": {"susceptibility_score": 0.7446, "provenance": "MODELLED"}}, {"type": "Feature", "geometry": {"type": "Point", "coordinates": [72.829444, 19.006389]}, "properties": {"susceptibility_score": 0.6927, "provenance": "MODELLED"}}, {"type": "Feature", "geometry": {"type": "Point", "coordinates": [72.835556, 19.006389]}, "properties": {"susceptibility_score": 0.7909, "provenance": "MODELLED"}}, {"type": "Feature", "geometry": {"type": "Point", "coordinates": [72.841667, 19.006389]}, "properties": {"susceptibility_score": 0.4749, "provenance": "MODELLED"}}, {"type": "Feature", "geometry": {"type": "Point", "coordinates": [72.847778, 19.006389]}, "properties": {"susceptibility_score": 0.5106, "provenance": "MODELLED"}}, {"type": "Feature", "geometry": {"type": "Point", "coordinates": [72.853889, 19.006389]}, "properties": {"susceptibility_score": 0.5349, "provenance": "MODELLED"}}, {"type": "Feature", "geometry": {"type": "Point", "coordinates": [72.86, 19.006389]}, "properties": {"susceptibility_score": 0.7529, "provenance": "MODELLED"}}, {"type": "Feature", "geometry": {"type": "Point", "coordinates": [72.866111, 19.006389]}, "properties": {"susceptibility_score": 0.5913, "provenance": "MODELLED"}}, {"type": "Feature", "geometry": {"type": "Point", "coordinates": [72.872222, 19.006389]}, "properties": {"susceptibility_score": 0.4616, "provenance": "MODELLED"}}, {"type": "Feature", "geometry": {"type": "Point", "coordinates": [72.878333, 19.006389]}, "properties": {"susceptibility_score": 0.4637, "provenance": "MODELLED"}}, {"type": "Feature", "geometry": {"type": "Point", "coordinates": [72.884444, 19.006389]}, "properties": {"susceptibility_score": 0.5585, "provenance": "MODELLED"}}, {"type": "Feature", "geometry": {"type": "Point", "coordinates": [72.890556, 19.006389]}, "properties": {"susceptibility_score": 0.459, "provenance": "MODELLED"}}, {"type": "Feature", "geometry": {"type": "Point", "coordinates": [72.896667, 19.006389]}, "properties": {"susceptibility_score": 0.7871, "provenance": "MODELLED"}}, {"type": "Feature", "geometry": {"type": "Point", "coordinates": [72.902778, 19.006389]}, "properties": {"susceptibility_score": 0.5547, "provenance": "MODELLED"}}, {"type": "Feature", "geometry": {"type": "Point", "coordinates": [72.908889, 19.006389]}, "properties": {"susceptibility_score": 0.3778, "provenance": "MODELLED"}}, {"type": "Feature", "geometry": {"type": "Point", "coordinates": [72.915, 19.006389]}, "properties": {"susceptibility_score": 0.3201, "provenance": "MODELLED"}}, {"type": "Feature", "geometry": {"type": "Point", "coordinates": [72.921111, 19.006389]}, "properties": {"susceptibility_score": 0.3933, "provenance": "MODELLED"}}, {"type": "Feature", "geometry": {"type": "Point", "coordinates": [72.927222, 19.006389]}, "properties": {"susceptibility_score": 0.3926, "provenance": "MODELLED"}}, {"type": "Feature", "geometry": {"type": "Point", "coordinates": [72.933333, 19.006389]}, "properties": {"susceptibility_score": 0.4, "provenance": "MODELLED"}}, {"type": "Feature", "geometry": {"type": "Point", "coordinates": [72.939444, 19.006389]}, "properties": {"susceptibility_score": 0.4, "provenance": "MODELLED"}}, {"type": "Feature", "geometry": {"type": "Point", "coordinates": [72.945556, 19.006389]}, "properties": {"susceptibility_score": 0.4, "provenance": "MODELLED"}}, {"type": "Feature", "geometry": {"type": "Point", "coordinates": [72.951667, 19.006389]}, "properties": {"susceptibility_score": 0.4, "provenance": "MODELLED"}}, {"type": "Feature", "geometry": {"type": "Point", "coordinates": [72.957778, 19.006389]}, "properties": {"susceptibility_score": 0.4, "provenance": "MODELLED"}}, {"type": "Feature", "geometry": {"type": "Point", "coordinates": [72.963889, 19.006389]}, "properties": {"susceptibility_score": 0.4, "provenance": "MODELLED"}}, {"type": "Feature", "geometry": {"type": "Point", "coordinates": [72.97, 19.006389]}, "properties": {"susceptibility_score": 0.4, "provenance": "MODELLED"}}, {"type": "Feature", "geometry": {"type": "Point", "coordinates": [72.976111, 19.006389]}, "properties": {"susceptibility_score": 0.4, "provenance": "MODELLED"}}, {"type": "Feature", "geometry": {"type": "Point", "coordinates": [72.982222, 19.006389]}, "properties": {"susceptibility_score": 0.4, "provenance": "MODELLED"}}, {"type": "Feature", "geometry": {"type": "Point", "coordinates": [72.988333, 19.006389]}, "properties": {"susceptibility_score": 0.4, "provenance": "MODELLED"}}, {"type": "Feature", "geometry": {"type": "Point", "coordinates": [72.994444, 19.006389]}, "properties": {"susceptibility_score": 0.4, "provenance": "MODELLED"}}, {"type": "Feature", "geometry": {"type": "Point", "coordinates": [73.000556, 19.006389]}, "properties": {"susceptibility_score": 0.4749, "provenance": "MODELLED"}}, {"type": "Feature", "geometry": {"type": "Point", "coordinates": [73.006667, 19.006389]}, "properties": {"susceptibility_score": 0.5984, "provenance": "MODELLED"}}, {"type": "Feature", "geometry": {"type": "Point", "coordinates": [73.012778, 19.006389]}, "properties": {"susceptibility_score": 0.6097, "provenance": "MODELLED"}}, {"type": "Feature", "geometry": {"type": "Point", "coordinates": [73.018889, 19.006389]}, "properties": {"susceptibility_score": 0.7643, "provenance": "MODELLED"}}, {"type": "Feature", "geometry": {"type": "Point", "coordinates": [73.025, 19.006389]}, "properties": {"susceptibility_score": 0.6068, "provenance": "MODELLED"}}, {"type": "Feature", "geometry": {"type": "Point", "coordinates": [73.031111, 19.006389]}, "properties": {"susceptibility_score": 0.5478, "provenance": "MODELLED"}}, {"type": "Feature", "geometry": {"type": "Point", "coordinates": [73.037222, 19.006389]}, "properties": {"susceptibility_score": 0.6, "provenance": "MODELLED"}}, {"type": "Feature", "geometry": {"type": "Point", "coordinates": [73.043333, 19.006389]}, "properties": {"susceptibility_score": 0.6, "provenance": "MODELLED"}}, {"type": "Feature", "geometry": {"type": "Point", "coordinates": [73.049722, 19.006389]}, "properties": {"susceptibility_score": 0.5618, "provenance": "MODELLED"}}, {"type": "Feature", "geometry": {"type": "Point", "coordinates": [72.75, 18.997222]}, "properties": {"susceptibility_score": 0.4, "provenance": "MODELLED"}}, {"type": "Feature", "geometry": {"type": "Point", "coordinates": [72.756111, 18.997222]}, "properties": {"susceptibility_score": 0.4, "provenance": "MODELLED"}}, {"type": "Feature", "geometry": {"type": "Point", "coordinates": [72.762222, 18.997222]}, "properties": {"susceptibility_score": 0.4, "provenance": "MODELLED"}}, {"type": "Feature", "geometry": {"type": "Point", "coordinates": [72.768333, 18.997222]}, "properties": {"susceptibility_score": 0.4, "provenance": "MODELLED"}}, {"type": "Feature", "geometry": {"type": "Point", "coordinates": [72.774444, 18.997222]}, "properties": {"susceptibility_score": 0.4, "provenance": "MODELLED"}}, {"type": "Feature", "geometry": {"type": "Point", "coordinates": [72.780556, 18.997222]}, "properties": {"susceptibility_score": 0.4, "provenance": "MODELLED"}}, {"type": "Feature", "geometry": {"type": "Point", "coordinates": [72.786667, 18.997222]}, "properties": {"susceptibility_score": 0.4, "provenance": "MODELLED"}}, {"type": "Feature", "geometry": {"type": "Point", "coordinates": [72.792778, 18.997222]}, "properties": {"susceptibility_score": 0.4, "provenance": "MODELLED"}}, {"type": "Feature", "geometry": {"type": "Point", "coordinates": [72.798889, 18.997222]}, "properties": {"susceptibility_score": 0.4, "provenance": "MODELLED"}}, {"type": "Feature", "geometry": {"type": "Point", "coordinates": [72.805, 18.997222]}, "properties": {"susceptibility_score": 0.4353, "provenance": "MODELLED"}}, {"type": "Feature", "geometry": {"type": "Point", "coordinates": [72.811111, 18.997222]}, "properties": {"susceptibility_score": 0.5051, "provenance": "MODELLED"}}, {"type": "Feature", "geometry": {"type": "Point", "coordinates": [72.817222, 18.997222]}, "properties": {"susceptibility_score": 0.6716, "provenance": "MODELLED"}}, {"type": "Feature", "geometry": {"type": "Point", "coordinates": [72.823333, 18.997222]}, "properties": {"susceptibility_score": 0.4983, "provenance": "MODELLED"}}, {"type": "Feature", "geometry": {"type": "Point", "coordinates": [72.829444, 18.997222]}, "properties": {"susceptibility_score": 0.6784, "provenance": "MODELLED"}}, {"type": "Feature", "geometry": {"type": "Point", "coordinates": [72.835556, 18.997222]}, "properties": {"susceptibility_score": 0.5922, "provenance": "MODELLED"}}, {"type": "Feature", "geometry": {"type": "Point", "coordinates": [72.841667, 18.997222]}, "properties": {"susceptibility_score": 0.6209, "provenance": "MODELLED"}}, {"type": "Feature", "geometry": {"type": "Point", "coordinates": [72.847778, 18.997222]}, "properties": {"susceptibility_score": 0.5754, "provenance": "MODELLED"}}, {"type": "Feature", "geometry": {"type": "Point", "coordinates": [72.853889, 18.997222]}, "properties": {"susceptibility_score": 0.6314, "provenance": "MODELLED"}}, {"type": "Feature", "geometry": {"type": "Point", "coordinates": [72.86, 18.997222]}, "properties": {"susceptibility_score": 0.6186, "provenance": "MODELLED"}}, {"type": "Feature", "geometry": {"type": "Point", "coordinates": [72.866111, 18.997222]}, "properties": {"susceptibility_score": 0.4, "provenance": "MODELLED"}}, {"type": "Feature", "geometry": {"type": "Point", "coordinates": [72.872222, 18.997222]}, "properties": {"susceptibility_score": 0.4, "provenance": "MODELLED"}}, {"type": "Feature", "geometry": {"type": "Point", "coordinates": [72.878333, 18.997222]}, "properties": {"susceptibility_score": 0.4, "provenance": "MODELLED"}}, {"type": "Feature", "geometry": {"type": "Point", "coordinates": [72.884444, 18.997222]}, "properties": {"susceptibility_score": 0.4, "provenance": "MODELLED"}}, {"type": "Feature", "geometry": {"type": "Point", "coordinates": [72.890556, 18.997222]}, "properties": {"susceptibility_score": 0.4762, "provenance": "MODELLED"}}, {"type": "Feature", "geometry": {"type": "Point", "coordinates": [72.896667, 18.997222]}, "properties": {"susceptibility_score": 0.5445, "provenance": "MODELLED"}}, {"type": "Feature", "geometry": {"type": "Point", "coordinates": [72.902778, 18.997222]}, "properties": {"susceptibility_score": 0.5605, "provenance": "MODELLED"}}, {"type": "Feature", "geometry": {"type": "Point", "coordinates": [72.908889, 18.997222]}, "properties": {"susceptibility_score": 0.5455, "provenance": "MODELLED"}}, {"type": "Feature", "geometry": {"type": "Point", "coordinates": [72.915, 18.997222]}, "properties": {"susceptibility_score": 0.4, "provenance": "MODELLED"}}, {"type": "Feature", "geometry": {"type": "Point", "coordinates": [72.921111, 18.997222]}, "properties": {"susceptibility_score": 0.4, "provenance": "MODELLED"}}, {"type": "Feature", "geometry": {"type": "Point", "coordinates": [72.927222, 18.997222]}, "properties": {"susceptibility_score": 0.4, "provenance": "MODELLED"}}, {"type": "Feature", "geometry": {"type": "Point", "coordinates": [72.933333, 18.997222]}, "properties": {"susceptibility_score": 0.4, "provenance": "MODELLED"}}, {"type": "Feature", "geometry": {"type": "Point", "coordinates": [72.939444, 18.997222]}, "properties": {"susceptibility_score": 0.4, "provenance": "MODELLED"}}, {"type": "Feature", "geometry": {"type": "Point", "coordinates": [72.945556, 18.997222]}, "properties": {"susceptibility_score": 0.4, "provenance": "MODELLED"}}, {"type": "Feature", "geometry": {"type": "Point", "coordinates": [72.951667, 18.997222]}, "properties": {"susceptibility_score": 0.4, "provenance": "MODELLED"}}, {"type": "Feature", "geometry": {"type": "Point", "coordinates": [72.957778, 18.997222]}, "properties": {"susceptibility_score": 0.4, "provenance": "MODELLED"}}, {"type": "Feature", "geometry": {"type": "Point", "coordinates": [72.963889, 18.997222]}, "properties": {"susceptibility_score": 0.4, "provenance": "MODELLED"}}, {"type": "Feature", "geometry": {"type": "Point", "coordinates": [72.97, 18.997222]}, "properties": {"susceptibility_score": 0.4, "provenance": "MODELLED"}}, {"type": "Feature", "geometry": {"type": "Point", "coordinates": [72.976111, 18.997222]}, "properties": {"susceptibility_score": 0.4, "provenance": "MODELLED"}}, {"type": "Feature", "geometry": {"type": "Point", "coordinates": [72.982222, 18.997222]}, "properties": {"susceptibility_score": 0.4, "provenance": "MODELLED"}}, {"type": "Feature", "geometry": {"type": "Point", "coordinates": [72.988333, 18.997222]}, "properties": {"susceptibility_score": 0.4, "provenance": "MODELLED"}}, {"type": "Feature", "geometry": {"type": "Point", "coordinates": [72.994444, 18.997222]}, "properties": {"susceptibility_score": 0.4, "provenance": "MODELLED"}}, {"type": "Feature", "geometry": {"type": "Point", "coordinates": [73.000556, 18.997222]}, "properties": {"susceptibility_score": 0.4464, "provenance": "MODELLED"}}, {"type": "Feature", "geometry": {"type": "Point", "coordinates": [73.006667, 18.997222]}, "properties": {"susceptibility_score": 0.5417, "provenance": "MODELLED"}}, {"type": "Feature", "geometry": {"type": "Point", "coordinates": [73.012778, 18.997222]}, "properties": {"susceptibility_score": 0.5139, "provenance": "MODELLED"}}, {"type": "Feature", "geometry": {"type": "Point", "coordinates": [73.018889, 18.997222]}, "properties": {"susceptibility_score": 0.486, "provenance": "MODELLED"}}, {"type": "Feature", "geometry": {"type": "Point", "coordinates": [73.025, 18.997222]}, "properties": {"susceptibility_score": 0.481, "provenance": "MODELLED"}}, {"type": "Feature", "geometry": {"type": "Point", "coordinates": [73.031111, 18.997222]}, "properties": {"susceptibility_score": 0.4963, "provenance": "MODELLED"}}, {"type": "Feature", "geometry": {"type": "Point", "coordinates": [73.037222, 18.997222]}, "properties": {"susceptibility_score": 0.5987, "provenance": "MODELLED"}}, {"type": "Feature", "geometry": {"type": "Point", "coordinates": [73.043333, 18.997222]}, "properties": {"susceptibility_score": 0.5082, "provenance": "MODELLED"}}, {"type": "Feature", "geometry": {"type": "Point", "coordinates": [73.049722, 18.997222]}, "properties": {"susceptibility_score": 0.4638, "provenance": "MODELLED"}}, {"type": "Feature", "geometry": {"type": "Point", "coordinates": [72.75, 18.988056]}, "properties": {"susceptibility_score": 0.4, "provenance": "MODELLED"}}, {"type": "Feature", "geometry": {"type": "Point", "coordinates": [72.756111, 18.988056]}, "properties": {"susceptibility_score": 0.4, "provenance": "MODELLED"}}, {"type": "Feature", "geometry": {"type": "Point", "coordinates": [72.762222, 18.988056]}, "properties": {"susceptibility_score": 0.4, "provenance": "MODELLED"}}, {"type": "Feature", "geometry": {"type": "Point", "coordinates": [72.768333, 18.988056]}, "properties": {"susceptibility_score": 0.4, "provenance": "MODELLED"}}, {"type": "Feature", "geometry": {"type": "Point", "coordinates": [72.774444, 18.988056]}, "properties": {"susceptibility_score": 0.4, "provenance": "MODELLED"}}, {"type": "Feature", "geometry": {"type": "Point", "coordinates": [72.780556, 18.988056]}, "properties": {"susceptibility_score": 0.4, "provenance": "MODELLED"}}, {"type": "Feature", "geometry": {"type": "Point", "coordinates": [72.786667, 18.988056]}, "properties": {"susceptibility_score": 0.4, "provenance": "MODELLED"}}, {"type": "Feature", "geometry": {"type": "Point", "coordinates": [72.792778, 18.988056]}, "properties": {"susceptibility_score": 0.4, "provenance": "MODELLED"}}, {"type": "Feature", "geometry": {"type": "Point", "coordinates": [72.798889, 18.988056]}, "properties": {"susceptibility_score": 0.4, "provenance": "MODELLED"}}, {"type": "Feature", "geometry": {"type": "Point", "coordinates": [72.805, 18.988056]}, "properties": {"susceptibility_score": 0.4242, "provenance": "MODELLED"}}, {"type": "Feature", "geometry": {"type": "Point", "coordinates": [72.811111, 18.988056]}, "properties": {"susceptibility_score": 0.6343, "provenance": "MODELLED"}}, {"type": "Feature", "geometry": {"type": "Point", "coordinates": [72.817222, 18.988056]}, "properties": {"susceptibility_score": 0.5782, "provenance": "MODELLED"}}, {"type": "Feature", "geometry": {"type": "Point", "coordinates": [72.823333, 18.988056]}, "properties": {"susceptibility_score": 0.5781, "provenance": "MODELLED"}}, {"type": "Feature", "geometry": {"type": "Point", "coordinates": [72.829444, 18.988056]}, "properties": {"susceptibility_score": 0.5923, "provenance": "MODELLED"}}, {"type": "Feature", "geometry": {"type": "Point", "coordinates": [72.835556, 18.988056]}, "properties": {"susceptibility_score": 0.5831, "provenance": "MODELLED"}}, {"type": "Feature", "geometry": {"type": "Point", "coordinates": [72.841667, 18.988056]}, "properties": {"susceptibility_score": 0.5992, "provenance": "MODELLED"}}, {"type": "Feature", "geometry": {"type": "Point", "coordinates": [72.847778, 18.988056]}, "properties": {"susceptibility_score": 0.6082, "provenance": "MODELLED"}}, {"type": "Feature", "geometry": {"type": "Point", "coordinates": [72.853889, 18.988056]}, "properties": {"susceptibility_score": 0.5355, "provenance": "MODELLED"}}, {"type": "Feature", "geometry": {"type": "Point", "coordinates": [72.86, 18.988056]}, "properties": {"susceptibility_score": 0.4, "provenance": "MODELLED"}}, {"type": "Feature", "geometry": {"type": "Point", "coordinates": [72.866111, 18.988056]}, "properties": {"susceptibility_score": 0.4, "provenance": "MODELLED"}}, {"type": "Feature", "geometry": {"type": "Point", "coordinates": [72.872222, 18.988056]}, "properties": {"susceptibility_score": 0.4, "provenance": "MODELLED"}}, {"type": "Feature", "geometry": {"type": "Point", "coordinates": [72.878333, 18.988056]}, "properties": {"susceptibility_score": 0.4, "provenance": "MODELLED"}}, {"type": "Feature", "geometry": {"type": "Point", "coordinates": [72.884444, 18.988056]}, "properties": {"susceptibility_score": 0.4, "provenance": "MODELLED"}}, {"type": "Feature", "geometry": {"type": "Point", "coordinates": [72.890556, 18.988056]}, "properties": {"susceptibility_score": 0.4, "provenance": "MODELLED"}}, {"type": "Feature", "geometry": {"type": "Point", "coordinates": [72.896667, 18.988056]}, "properties": {"susceptibility_score": 0.4, "provenance": "MODELLED"}}, {"type": "Feature", "geometry": {"type": "Point", "coordinates": [72.902778, 18.988056]}, "properties": {"susceptibility_score": 0.4, "provenance": "MODELLED"}}, {"type": "Feature", "geometry": {"type": "Point", "coordinates": [72.908889, 18.988056]}, "properties": {"susceptibility_score": 0.4, "provenance": "MODELLED"}}, {"type": "Feature", "geometry": {"type": "Point", "coordinates": [72.915, 18.988056]}, "properties": {"susceptibility_score": 0.4, "provenance": "MODELLED"}}, {"type": "Feature", "geometry": {"type": "Point", "coordinates": [72.921111, 18.988056]}, "properties": {"susceptibility_score": 0.4, "provenance": "MODELLED"}}, {"type": "Feature", "geometry": {"type": "Point", "coordinates": [72.927222, 18.988056]}, "properties": {"susceptibility_score": 0.4, "provenance": "MODELLED"}}, {"type": "Feature", "geometry": {"type": "Point", "coordinates": [72.933333, 18.988056]}, "properties": {"susceptibility_score": 0.4, "provenance": "MODELLED"}}, {"type": "Feature", "geometry": {"type": "Point", "coordinates": [72.939444, 18.988056]}, "properties": {"susceptibility_score": 0.4, "provenance": "MODELLED"}}, {"type": "Feature", "geometry": {"type": "Point", "coordinates": [72.945556, 18.988056]}, "properties": {"susceptibility_score": 0.4, "provenance": "MODELLED"}}, {"type": "Feature", "geometry": {"type": "Point", "coordinates": [72.951667, 18.988056]}, "properties": {"susceptibility_score": 0.4, "provenance": "MODELLED"}}, {"type": "Feature", "geometry": {"type": "Point", "coordinates": [72.957778, 18.988056]}, "properties": {"susceptibility_score": 0.4, "provenance": "MODELLED"}}, {"type": "Feature", "geometry": {"type": "Point", "coordinates": [72.963889, 18.988056]}, "properties": {"susceptibility_score": 0.4, "provenance": "MODELLED"}}, {"type": "Feature", "geometry": {"type": "Point", "coordinates": [72.97, 18.988056]}, "properties": {"susceptibility_score": 0.4, "provenance": "MODELLED"}}, {"type": "Feature", "geometry": {"type": "Point", "coordinates": [72.976111, 18.988056]}, "properties": {"susceptibility_score": 0.4, "provenance": "MODELLED"}}, {"type": "Feature", "geometry": {"type": "Point", "coordinates": [72.982222, 18.988056]}, "properties": {"susceptibility_score": 0.4, "provenance": "MODELLED"}}, {"type": "Feature", "geometry": {"type": "Point", "coordinates": [72.988333, 18.988056]}, "properties": {"susceptibility_score": 0.4, "provenance": "MODELLED"}}, {"type": "Feature", "geometry": {"type": "Point", "coordinates": [72.994444, 18.988056]}, "properties": {"susceptibility_score": 0.4, "provenance": "MODELLED"}}, {"type": "Feature", "geometry": {"type": "Point", "coordinates": [73.000556, 18.988056]}, "properties": {"susceptibility_score": 0.4, "provenance": "MODELLED"}}, {"type": "Feature", "geometry": {"type": "Point", "coordinates": [73.006667, 18.988056]}, "properties": {"susceptibility_score": 0.4, "provenance": "MODELLED"}}, {"type": "Feature", "geometry": {"type": "Point", "coordinates": [73.012778, 18.988056]}, "properties": {"susceptibility_score": 0.4285, "provenance": "MODELLED"}}, {"type": "Feature", "geometry": {"type": "Point", "coordinates": [73.018889, 18.988056]}, "properties": {"susceptibility_score": 0.4357, "provenance": "MODELLED"}}, {"type": "Feature", "geometry": {"type": "Point", "coordinates": [73.025, 18.988056]}, "properties": {"susceptibility_score": 0.5336, "provenance": "MODELLED"}}, {"type": "Feature", "geometry": {"type": "Point", "coordinates": [73.031111, 18.988056]}, "properties": {"susceptibility_score": 0.5804, "provenance": "MODELLED"}}, {"type": "Feature", "geometry": {"type": "Point", "coordinates": [73.037222, 18.988056]}, "properties": {"susceptibility_score": 0.617, "provenance": "MODELLED"}}, {"type": "Feature", "geometry": {"type": "Point", "coordinates": [73.043333, 18.988056]}, "properties": {"susceptibility_score": 0.4776, "provenance": "MODELLED"}}, {"type": "Feature", "geometry": {"type": "Point", "coordinates": [73.049722, 18.988056]}, "properties": {"susceptibility_score": 0.4675, "provenance": "MODELLED"}}, {"type": "Feature", "geometry": {"type": "Point", "coordinates": [72.75, 18.978889]}, "properties": {"susceptibility_score": 0.4, "provenance": "MODELLED"}}, {"type": "Feature", "geometry": {"type": "Point", "coordinates": [72.756111, 18.978889]}, "properties": {"susceptibility_score": 0.4, "provenance": "MODELLED"}}, {"type": "Feature", "geometry": {"type": "Point", "coordinates": [72.762222, 18.978889]}, "properties": {"susceptibility_score": 0.4, "provenance": "MODELLED"}}, {"type": "Feature", "geometry": {"type": "Point", "coordinates": [72.768333, 18.978889]}, "properties": {"susceptibility_score": 0.4, "provenance": "MODELLED"}}, {"type": "Feature", "geometry": {"type": "Point", "coordinates": [72.774444, 18.978889]}, "properties": {"susceptibility_score": 0.4, "provenance": "MODELLED"}}, {"type": "Feature", "geometry": {"type": "Point", "coordinates": [72.780556, 18.978889]}, "properties": {"susceptibility_score": 0.4, "provenance": "MODELLED"}}, {"type": "Feature", "geometry": {"type": "Point", "coordinates": [72.786667, 18.978889]}, "properties": {"susceptibility_score": 0.4, "provenance": "MODELLED"}}, {"type": "Feature", "geometry": {"type": "Point", "coordinates": [72.792778, 18.978889]}, "properties": {"susceptibility_score": 0.4, "provenance": "MODELLED"}}, {"type": "Feature", "geometry": {"type": "Point", "coordinates": [72.798889, 18.978889]}, "properties": {"susceptibility_score": 0.4, "provenance": "MODELLED"}}, {"type": "Feature", "geometry": {"type": "Point", "coordinates": [72.805, 18.978889]}, "properties": {"susceptibility_score": 0.4, "provenance": "MODELLED"}}, {"type": "Feature", "geometry": {"type": "Point", "coordinates": [72.811111, 18.978889]}, "properties": {"susceptibility_score": 0.4992, "provenance": "MODELLED"}}, {"type": "Feature", "geometry": {"type": "Point", "coordinates": [72.817222, 18.978889]}, "properties": {"susceptibility_score": 0.5109, "provenance": "MODELLED"}}, {"type": "Feature", "geometry": {"type": "Point", "coordinates": [72.823333, 18.978889]}, "properties": {"susceptibility_score": 0.6262, "provenance": "MODELLED"}}, {"type": "Feature", "geometry": {"type": "Point", "coordinates": [72.829444, 18.978889]}, "properties": {"susceptibility_score": 0.6257, "provenance": "MODELLED"}}, {"type": "Feature", "geometry": {"type": "Point", "coordinates": [72.835556, 18.978889]}, "properties": {"susceptibility_score": 0.3977, "provenance": "MODELLED"}}, {"type": "Feature", "geometry": {"type": "Point", "coordinates": [72.841667, 18.978889]}, "properties": {"susceptibility_score": 0.5959, "provenance": "MODELLED"}}, {"type": "Feature", "geometry": {"type": "Point", "coordinates": [72.847778, 18.978889]}, "properties": {"susceptibility_score": 0.6434, "provenance": "MODELLED"}}, {"type": "Feature", "geometry": {"type": "Point", "coordinates": [72.853889, 18.978889]}, "properties": {"susceptibility_score": 0.4621, "provenance": "MODELLED"}}, {"type": "Feature", "geometry": {"type": "Point", "coordinates": [72.86, 18.978889]}, "properties": {"susceptibility_score": 0.4, "provenance": "MODELLED"}}, {"type": "Feature", "geometry": {"type": "Point", "coordinates": [72.866111, 18.978889]}, "properties": {"susceptibility_score": 0.4, "provenance": "MODELLED"}}, {"type": "Feature", "geometry": {"type": "Point", "coordinates": [72.872222, 18.978889]}, "properties": {"susceptibility_score": 0.4, "provenance": "MODELLED"}}, {"type": "Feature", "geometry": {"type": "Point", "coordinates": [72.878333, 18.978889]}, "properties": {"susceptibility_score": 0.4, "provenance": "MODELLED"}}, {"type": "Feature", "geometry": {"type": "Point", "coordinates": [72.884444, 18.978889]}, "properties": {"susceptibility_score": 0.4, "provenance": "MODELLED"}}, {"type": "Feature", "geometry": {"type": "Point", "coordinates": [72.890556, 18.978889]}, "properties": {"susceptibility_score": 0.4, "provenance": "MODELLED"}}, {"type": "Feature", "geometry": {"type": "Point", "coordinates": [72.896667, 18.978889]}, "properties": {"susceptibility_score": 0.4, "provenance": "MODELLED"}}, {"type": "Feature", "geometry": {"type": "Point", "coordinates": [72.902778, 18.978889]}, "properties": {"susceptibility_score": 0.4, "provenance": "MODELLED"}}, {"type": "Feature", "geometry": {"type": "Point", "coordinates": [72.908889, 18.978889]}, "properties": {"susceptibility_score": 0.4, "provenance": "MODELLED"}}, {"type": "Feature", "geometry": {"type": "Point", "coordinates": [72.915, 18.978889]}, "properties": {"susceptibility_score": 0.4, "provenance": "MODELLED"}}, {"type": "Feature", "geometry": {"type": "Point", "coordinates": [72.921111, 18.978889]}, "properties": {"susceptibility_score": 0.4, "provenance": "MODELLED"}}, {"type": "Feature", "geometry": {"type": "Point", "coordinates": [72.927222, 18.978889]}, "properties": {"susceptibility_score": 0.4, "provenance": "MODELLED"}}, {"type": "Feature", "geometry": {"type": "Point", "coordinates": [72.933333, 18.978889]}, "properties": {"susceptibility_score": 0.4, "provenance": "MODELLED"}}, {"type": "Feature", "geometry": {"type": "Point", "coordinates": [72.939444, 18.978889]}, "properties": {"susceptibility_score": 0.4, "provenance": "MODELLED"}}, {"type": "Feature", "geometry": {"type": "Point", "coordinates": [72.945556, 18.978889]}, "properties": {"susceptibility_score": 0.4, "provenance": "MODELLED"}}, {"type": "Feature", "geometry": {"type": "Point", "coordinates": [72.951667, 18.978889]}, "properties": {"susceptibility_score": 0.4, "provenance": "MODELLED"}}, {"type": "Feature", "geometry": {"type": "Point", "coordinates": [72.957778, 18.978889]}, "properties": {"susceptibility_score": 0.4, "provenance": "MODELLED"}}, {"type": "Feature", "geometry": {"type": "Point", "coordinates": [72.963889, 18.978889]}, "properties": {"susceptibility_score": 0.4, "provenance": "MODELLED"}}, {"type": "Feature", "geometry": {"type": "Point", "coordinates": [72.97, 18.978889]}, "properties": {"susceptibility_score": 0.4, "provenance": "MODELLED"}}, {"type": "Feature", "geometry": {"type": "Point", "coordinates": [72.976111, 18.978889]}, "properties": {"susceptibility_score": 0.4, "provenance": "MODELLED"}}, {"type": "Feature", "geometry": {"type": "Point", "coordinates": [72.982222, 18.978889]}, "properties": {"susceptibility_score": 0.4, "provenance": "MODELLED"}}, {"type": "Feature", "geometry": {"type": "Point", "coordinates": [72.988333, 18.978889]}, "properties": {"susceptibility_score": 0.4, "provenance": "MODELLED"}}, {"type": "Feature", "geometry": {"type": "Point", "coordinates": [72.994444, 18.978889]}, "properties": {"susceptibility_score": 0.4, "provenance": "MODELLED"}}, {"type": "Feature", "geometry": {"type": "Point", "coordinates": [73.000556, 18.978889]}, "properties": {"susceptibility_score": 0.4, "provenance": "MODELLED"}}, {"type": "Feature", "geometry": {"type": "Point", "coordinates": [73.006667, 18.978889]}, "properties": {"susceptibility_score": 0.4, "provenance": "MODELLED"}}, {"type": "Feature", "geometry": {"type": "Point", "coordinates": [73.012778, 18.978889]}, "properties": {"susceptibility_score": 0.5108, "provenance": "MODELLED"}}, {"type": "Feature", "geometry": {"type": "Point", "coordinates": [73.018889, 18.978889]}, "properties": {"susceptibility_score": 0.5918, "provenance": "MODELLED"}}, {"type": "Feature", "geometry": {"type": "Point", "coordinates": [73.025, 18.978889]}, "properties": {"susceptibility_score": 0.6297, "provenance": "MODELLED"}}, {"type": "Feature", "geometry": {"type": "Point", "coordinates": [73.031111, 18.978889]}, "properties": {"susceptibility_score": 0.6686, "provenance": "MODELLED"}}, {"type": "Feature", "geometry": {"type": "Point", "coordinates": [73.037222, 18.978889]}, "properties": {"susceptibility_score": 0.637, "provenance": "MODELLED"}}, {"type": "Feature", "geometry": {"type": "Point", "coordinates": [73.043333, 18.978889]}, "properties": {"susceptibility_score": 0.5966, "provenance": "MODELLED"}}, {"type": "Feature", "geometry": {"type": "Point", "coordinates": [73.049722, 18.978889]}, "properties": {"susceptibility_score": 0.5775, "provenance": "MODELLED"}}, {"type": "Feature", "geometry": {"type": "Point", "coordinates": [72.75, 18.969722]}, "properties": {"susceptibility_score": 0.4, "provenance": "MODELLED"}}, {"type": "Feature", "geometry": {"type": "Point", "coordinates": [72.756111, 18.969722]}, "properties": {"susceptibility_score": 0.4, "provenance": "MODELLED"}}, {"type": "Feature", "geometry": {"type": "Point", "coordinates": [72.762222, 18.969722]}, "properties": {"susceptibility_score": 0.4, "provenance": "MODELLED"}}, {"type": "Feature", "geometry": {"type": "Point", "coordinates": [72.768333, 18.969722]}, "properties": {"susceptibility_score": 0.4, "provenance": "MODELLED"}}, {"type": "Feature", "geometry": {"type": "Point", "coordinates": [72.774444, 18.969722]}, "properties": {"susceptibility_score": 0.4, "provenance": "MODELLED"}}, {"type": "Feature", "geometry": {"type": "Point", "coordinates": [72.780556, 18.969722]}, "properties": {"susceptibility_score": 0.4, "provenance": "MODELLED"}}, {"type": "Feature", "geometry": {"type": "Point", "coordinates": [72.786667, 18.969722]}, "properties": {"susceptibility_score": 0.4, "provenance": "MODELLED"}}, {"type": "Feature", "geometry": {"type": "Point", "coordinates": [72.792778, 18.969722]}, "properties": {"susceptibility_score": 0.4, "provenance": "MODELLED"}}, {"type": "Feature", "geometry": {"type": "Point", "coordinates": [72.798889, 18.969722]}, "properties": {"susceptibility_score": 0.4, "provenance": "MODELLED"}}, {"type": "Feature", "geometry": {"type": "Point", "coordinates": [72.805, 18.969722]}, "properties": {"susceptibility_score": 0.6014, "provenance": "MODELLED"}}, {"type": "Feature", "geometry": {"type": "Point", "coordinates": [72.811111, 18.969722]}, "properties": {"susceptibility_score": 0.4622, "provenance": "MODELLED"}}, {"type": "Feature", "geometry": {"type": "Point", "coordinates": [72.817222, 18.969722]}, "properties": {"susceptibility_score": 0.6529, "provenance": "MODELLED"}}, {"type": "Feature", "geometry": {"type": "Point", "coordinates": [72.823333, 18.969722]}, "properties": {"susceptibility_score": 0.5972, "provenance": "MODELLED"}}, {"type": "Feature", "geometry": {"type": "Point", "coordinates": [72.829444, 18.969722]}, "properties": {"susceptibility_score": 0.5751, "provenance": "MODELLED"}}, {"type": "Feature", "geometry": {"type": "Point", "coordinates": [72.835556, 18.969722]}, "properties": {"susceptibility_score": 0.5591, "provenance": "MODELLED"}}, {"type": "Feature", "geometry": {"type": "Point", "coordinates": [72.841667, 18.969722]}, "properties": {"susceptibility_score": 0.6629, "provenance": "MODELLED"}}, {"type": "Feature", "geometry": {"type": "Point", "coordinates": [72.847778, 18.969722]}, "properties": {"susceptibility_score": 0.7373, "provenance": "MODELLED"}}, {"type": "Feature", "geometry": {"type": "Point", "coordinates": [72.853889, 18.969722]}, "properties": {"susceptibility_score": 0.4215, "provenance": "MODELLED"}}, {"type": "Feature", "geometry": {"type": "Point", "coordinates": [72.86, 18.969722]}, "properties": {"susceptibility_score": 0.4, "provenance": "MODELLED"}}, {"type": "Feature", "geometry": {"type": "Point", "coordinates": [72.866111, 18.969722]}, "properties": {"susceptibility_score": 0.4, "provenance": "MODELLED"}}, {"type": "Feature", "geometry": {"type": "Point", "coordinates": [72.872222, 18.969722]}, "properties": {"susceptibility_score": 0.4, "provenance": "MODELLED"}}, {"type": "Feature", "geometry": {"type": "Point", "coordinates": [72.878333, 18.969722]}, "properties": {"susceptibility_score": 0.4, "provenance": "MODELLED"}}, {"type": "Feature", "geometry": {"type": "Point", "coordinates": [72.884444, 18.969722]}, "properties": {"susceptibility_score": 0.4, "provenance": "MODELLED"}}, {"type": "Feature", "geometry": {"type": "Point", "coordinates": [72.890556, 18.969722]}, "properties": {"susceptibility_score": 0.4, "provenance": "MODELLED"}}, {"type": "Feature", "geometry": {"type": "Point", "coordinates": [72.896667, 18.969722]}, "properties": {"susceptibility_score": 0.4, "provenance": "MODELLED"}}, {"type": "Feature", "geometry": {"type": "Point", "coordinates": [72.902778, 18.969722]}, "properties": {"susceptibility_score": 0.4, "provenance": "MODELLED"}}, {"type": "Feature", "geometry": {"type": "Point", "coordinates": [72.908889, 18.969722]}, "properties": {"susceptibility_score": 0.4, "provenance": "MODELLED"}}, {"type": "Feature", "geometry": {"type": "Point", "coordinates": [72.915, 18.969722]}, "properties": {"susceptibility_score": 0.4, "provenance": "MODELLED"}}, {"type": "Feature", "geometry": {"type": "Point", "coordinates": [72.921111, 18.969722]}, "properties": {"susceptibility_score": 0.4, "provenance": "MODELLED"}}, {"type": "Feature", "geometry": {"type": "Point", "coordinates": [72.927222, 18.969722]}, "properties": {"susceptibility_score": 0.4, "provenance": "MODELLED"}}, {"type": "Feature", "geometry": {"type": "Point", "coordinates": [72.933333, 18.969722]}, "properties": {"susceptibility_score": 0.4372, "provenance": "MODELLED"}}, {"type": "Feature", "geometry": {"type": "Point", "coordinates": [72.939444, 18.969722]}, "properties": {"susceptibility_score": 0.4836, "provenance": "MODELLED"}}, {"type": "Feature", "geometry": {"type": "Point", "coordinates": [72.945556, 18.969722]}, "properties": {"susceptibility_score": 0.461, "provenance": "MODELLED"}}, {"type": "Feature", "geometry": {"type": "Point", "coordinates": [72.951667, 18.969722]}, "properties": {"susceptibility_score": 0.469, "provenance": "MODELLED"}}, {"type": "Feature", "geometry": {"type": "Point", "coordinates": [72.957778, 18.969722]}, "properties": {"susceptibility_score": 0.6182, "provenance": "MODELLED"}}, {"type": "Feature", "geometry": {"type": "Point", "coordinates": [72.963889, 18.969722]}, "properties": {"susceptibility_score": 0.4115, "provenance": "MODELLED"}}, {"type": "Feature", "geometry": {"type": "Point", "coordinates": [72.97, 18.969722]}, "properties": {"susceptibility_score": 0.4, "provenance": "MODELLED"}}, {"type": "Feature", "geometry": {"type": "Point", "coordinates": [72.976111, 18.969722]}, "properties": {"susceptibility_score": 0.4, "provenance": "MODELLED"}}, {"type": "Feature", "geometry": {"type": "Point", "coordinates": [72.982222, 18.969722]}, "properties": {"susceptibility_score": 0.4, "provenance": "MODELLED"}}, {"type": "Feature", "geometry": {"type": "Point", "coordinates": [72.988333, 18.969722]}, "properties": {"susceptibility_score": 0.4, "provenance": "MODELLED"}}, {"type": "Feature", "geometry": {"type": "Point", "coordinates": [72.994444, 18.969722]}, "properties": {"susceptibility_score": 0.4, "provenance": "MODELLED"}}, {"type": "Feature", "geometry": {"type": "Point", "coordinates": [73.000556, 18.969722]}, "properties": {"susceptibility_score": 0.4843, "provenance": "MODELLED"}}, {"type": "Feature", "geometry": {"type": "Point", "coordinates": [73.006667, 18.969722]}, "properties": {"susceptibility_score": 0.5263, "provenance": "MODELLED"}}, {"type": "Feature", "geometry": {"type": "Point", "coordinates": [73.012778, 18.969722]}, "properties": {"susceptibility_score": 0.516, "provenance": "MODELLED"}}, {"type": "Feature", "geometry": {"type": "Point", "coordinates": [73.018889, 18.969722]}, "properties": {"susceptibility_score": 0.6726, "provenance": "MODELLED"}}, {"type": "Feature", "geometry": {"type": "Point", "coordinates": [73.025, 18.969722]}, "properties": {"susceptibility_score": 0.5097, "provenance": "MODELLED"}}, {"type": "Feature", "geometry": {"type": "Point", "coordinates": [73.031111, 18.969722]}, "properties": {"susceptibility_score": 0.5669, "provenance": "MODELLED"}}, {"type": "Feature", "geometry": {"type": "Point", "coordinates": [73.037222, 18.969722]}, "properties": {"susceptibility_score": 0.535, "provenance": "MODELLED"}}, {"type": "Feature", "geometry": {"type": "Point", "coordinates": [73.043333, 18.969722]}, "properties": {"susceptibility_score": 0.4357, "provenance": "MODELLED"}}, {"type": "Feature", "geometry": {"type": "Point", "coordinates": [73.049722, 18.969722]}, "properties": {"susceptibility_score": 0.3834, "provenance": "MODELLED"}}, {"type": "Feature", "geometry": {"type": "Point", "coordinates": [72.75, 18.960556]}, "properties": {"susceptibility_score": 0.4, "provenance": "MODELLED"}}, {"type": "Feature", "geometry": {"type": "Point", "coordinates": [72.756111, 18.960556]}, "properties": {"susceptibility_score": 0.4, "provenance": "MODELLED"}}, {"type": "Feature", "geometry": {"type": "Point", "coordinates": [72.762222, 18.960556]}, "properties": {"susceptibility_score": 0.4, "provenance": "MODELLED"}}, {"type": "Feature", "geometry": {"type": "Point", "coordinates": [72.768333, 18.960556]}, "properties": {"susceptibility_score": 0.4, "provenance": "MODELLED"}}, {"type": "Feature", "geometry": {"type": "Point", "coordinates": [72.774444, 18.960556]}, "properties": {"susceptibility_score": 0.4, "provenance": "MODELLED"}}, {"type": "Feature", "geometry": {"type": "Point", "coordinates": [72.780556, 18.960556]}, "properties": {"susceptibility_score": 0.4, "provenance": "MODELLED"}}, {"type": "Feature", "geometry": {"type": "Point", "coordinates": [72.786667, 18.960556]}, "properties": {"susceptibility_score": 0.4, "provenance": "MODELLED"}}, {"type": "Feature", "geometry": {"type": "Point", "coordinates": [72.792778, 18.960556]}, "properties": {"susceptibility_score": 0.4, "provenance": "MODELLED"}}, {"type": "Feature", "geometry": {"type": "Point", "coordinates": [72.798889, 18.960556]}, "properties": {"susceptibility_score": 0.4, "provenance": "MODELLED"}}, {"type": "Feature", "geometry": {"type": "Point", "coordinates": [72.805, 18.960556]}, "properties": {"susceptibility_score": 0.4296, "provenance": "MODELLED"}}, {"type": "Feature", "geometry": {"type": "Point", "coordinates": [72.811111, 18.960556]}, "properties": {"susceptibility_score": 0.7996, "provenance": "MODELLED"}}, {"type": "Feature", "geometry": {"type": "Point", "coordinates": [72.817222, 18.960556]}, "properties": {"susceptibility_score": 0.6312, "provenance": "MODELLED"}}, {"type": "Feature", "geometry": {"type": "Point", "coordinates": [72.823333, 18.960556]}, "properties": {"susceptibility_score": 0.5997, "provenance": "MODELLED"}}, {"type": "Feature", "geometry": {"type": "Point", "coordinates": [72.829444, 18.960556]}, "properties": {"susceptibility_score": 0.5809, "provenance": "MODELLED"}}, {"type": "Feature", "geometry": {"type": "Point", "coordinates": [72.835556, 18.960556]}, "properties": {"susceptibility_score": 0.5983, "provenance": "MODELLED"}}, {"type": "Feature", "geometry": {"type": "Point", "coordinates": [72.841667, 18.960556]}, "properties": {"susceptibility_score": 0.5791, "provenance": "MODELLED"}}, {"type": "Feature", "geometry": {"type": "Point", "coordinates": [72.847778, 18.960556]}, "properties": {"susceptibility_score": 0.5945, "provenance": "MODELLED"}}, {"type": "Feature", "geometry": {"type": "Point", "coordinates": [72.853889, 18.960556]}, "properties": {"susceptibility_score": 0.4, "provenance": "MODELLED"}}, {"type": "Feature", "geometry": {"type": "Point", "coordinates": [72.86, 18.960556]}, "properties": {"susceptibility_score": 0.4, "provenance": "MODELLED"}}, {"type": "Feature", "geometry": {"type": "Point", "coordinates": [72.866111, 18.960556]}, "properties": {"susceptibility_score": 0.4, "provenance": "MODELLED"}}, {"type": "Feature", "geometry": {"type": "Point", "coordinates": [72.872222, 18.960556]}, "properties": {"susceptibility_score": 0.4, "provenance": "MODELLED"}}, {"type": "Feature", "geometry": {"type": "Point", "coordinates": [72.878333, 18.960556]}, "properties": {"susceptibility_score": 0.4, "provenance": "MODELLED"}}, {"type": "Feature", "geometry": {"type": "Point", "coordinates": [72.884444, 18.960556]}, "properties": {"susceptibility_score": 0.4, "provenance": "MODELLED"}}, {"type": "Feature", "geometry": {"type": "Point", "coordinates": [72.890556, 18.960556]}, "properties": {"susceptibility_score": 0.4, "provenance": "MODELLED"}}, {"type": "Feature", "geometry": {"type": "Point", "coordinates": [72.896667, 18.960556]}, "properties": {"susceptibility_score": 0.4, "provenance": "MODELLED"}}, {"type": "Feature", "geometry": {"type": "Point", "coordinates": [72.902778, 18.960556]}, "properties": {"susceptibility_score": 0.414, "provenance": "MODELLED"}}, {"type": "Feature", "geometry": {"type": "Point", "coordinates": [72.908889, 18.960556]}, "properties": {"susceptibility_score": 0.4, "provenance": "MODELLED"}}, {"type": "Feature", "geometry": {"type": "Point", "coordinates": [72.915, 18.960556]}, "properties": {"susceptibility_score": 0.4, "provenance": "MODELLED"}}, {"type": "Feature", "geometry": {"type": "Point", "coordinates": [72.921111, 18.960556]}, "properties": {"susceptibility_score": 0.4, "provenance": "MODELLED"}}, {"type": "Feature", "geometry": {"type": "Point", "coordinates": [72.927222, 18.960556]}, "properties": {"susceptibility_score": 0.4111, "provenance": "MODELLED"}}, {"type": "Feature", "geometry": {"type": "Point", "coordinates": [72.933333, 18.960556]}, "properties": {"susceptibility_score": 0.5702, "provenance": "MODELLED"}}, {"type": "Feature", "geometry": {"type": "Point", "coordinates": [72.939444, 18.960556]}, "properties": {"susceptibility_score": 0.5196, "provenance": "MODELLED"}}, {"type": "Feature", "geometry": {"type": "Point", "coordinates": [72.945556, 18.960556]}, "properties": {"susceptibility_score": 0.4495, "provenance": "MODELLED"}}, {"type": "Feature", "geometry": {"type": "Point", "coordinates": [72.951667, 18.960556]}, "properties": {"susceptibility_score": 0.5615, "provenance": "MODELLED"}}, {"type": "Feature", "geometry": {"type": "Point", "coordinates": [72.957778, 18.960556]}, "properties": {"susceptibility_score": 0.5517, "provenance": "MODELLED"}}, {"type": "Feature", "geometry": {"type": "Point", "coordinates": [72.963889, 18.960556]}, "properties": {"susceptibility_score": 0.5757, "provenance": "MODELLED"}}, {"type": "Feature", "geometry": {"type": "Point", "coordinates": [72.97, 18.960556]}, "properties": {"susceptibility_score": 0.549, "provenance": "MODELLED"}}, {"type": "Feature", "geometry": {"type": "Point", "coordinates": [72.976111, 18.960556]}, "properties": {"susceptibility_score": 0.4865, "provenance": "MODELLED"}}, {"type": "Feature", "geometry": {"type": "Point", "coordinates": [72.982222, 18.960556]}, "properties": {"susceptibility_score": 0.4894, "provenance": "MODELLED"}}, {"type": "Feature", "geometry": {"type": "Point", "coordinates": [72.988333, 18.960556]}, "properties": {"susceptibility_score": 0.5057, "provenance": "MODELLED"}}, {"type": "Feature", "geometry": {"type": "Point", "coordinates": [72.994444, 18.960556]}, "properties": {"susceptibility_score": 0.496, "provenance": "MODELLED"}}, {"type": "Feature", "geometry": {"type": "Point", "coordinates": [73.000556, 18.960556]}, "properties": {"susceptibility_score": 0.6301, "provenance": "MODELLED"}}, {"type": "Feature", "geometry": {"type": "Point", "coordinates": [73.006667, 18.960556]}, "properties": {"susceptibility_score": 0.485, "provenance": "MODELLED"}}, {"type": "Feature", "geometry": {"type": "Point", "coordinates": [73.012778, 18.960556]}, "properties": {"susceptibility_score": 0.5404, "provenance": "MODELLED"}}, {"type": "Feature", "geometry": {"type": "Point", "coordinates": [73.018889, 18.960556]}, "properties": {"susceptibility_score": 0.625, "provenance": "MODELLED"}}, {"type": "Feature", "geometry": {"type": "Point", "coordinates": [73.025, 18.960556]}, "properties": {"susceptibility_score": 0.5484, "provenance": "MODELLED"}}, {"type": "Feature", "geometry": {"type": "Point", "coordinates": [73.031111, 18.960556]}, "properties": {"susceptibility_score": 0.6157, "provenance": "MODELLED"}}, {"type": "Feature", "geometry": {"type": "Point", "coordinates": [73.037222, 18.960556]}, "properties": {"susceptibility_score": 0.644, "provenance": "MODELLED"}}, {"type": "Feature", "geometry": {"type": "Point", "coordinates": [73.043333, 18.960556]}, "properties": {"susceptibility_score": 0.4437, "provenance": "MODELLED"}}, {"type": "Feature", "geometry": {"type": "Point", "coordinates": [73.049722, 18.960556]}, "properties": {"susceptibility_score": 0.5717, "provenance": "MODELLED"}}, {"type": "Feature", "geometry": {"type": "Point", "coordinates": [72.75, 18.951389]}, "properties": {"susceptibility_score": 0.4, "provenance": "MODELLED"}}, {"type": "Feature", "geometry": {"type": "Point", "coordinates": [72.756111, 18.951389]}, "properties": {"susceptibility_score": 0.4, "provenance": "MODELLED"}}, {"type": "Feature", "geometry": {"type": "Point", "coordinates": [72.762222, 18.951389]}, "properties": {"susceptibility_score": 0.4, "provenance": "MODELLED"}}, {"type": "Feature", "geometry": {"type": "Point", "coordinates": [72.768333, 18.951389]}, "properties": {"susceptibility_score": 0.4, "provenance": "MODELLED"}}, {"type": "Feature", "geometry": {"type": "Point", "coordinates": [72.774444, 18.951389]}, "properties": {"susceptibility_score": 0.4, "provenance": "MODELLED"}}, {"type": "Feature", "geometry": {"type": "Point", "coordinates": [72.780556, 18.951389]}, "properties": {"susceptibility_score": 0.4, "provenance": "MODELLED"}}, {"type": "Feature", "geometry": {"type": "Point", "coordinates": [72.786667, 18.951389]}, "properties": {"susceptibility_score": 0.402, "provenance": "MODELLED"}}, {"type": "Feature", "geometry": {"type": "Point", "coordinates": [72.792778, 18.951389]}, "properties": {"susceptibility_score": 0.4803, "provenance": "MODELLED"}}, {"type": "Feature", "geometry": {"type": "Point", "coordinates": [72.798889, 18.951389]}, "properties": {"susceptibility_score": 0.3924, "provenance": "MODELLED"}}, {"type": "Feature", "geometry": {"type": "Point", "coordinates": [72.805, 18.951389]}, "properties": {"susceptibility_score": 0.4, "provenance": "MODELLED"}}, {"type": "Feature", "geometry": {"type": "Point", "coordinates": [72.811111, 18.951389]}, "properties": {"susceptibility_score": 0.4, "provenance": "MODELLED"}}, {"type": "Feature", "geometry": {"type": "Point", "coordinates": [72.817222, 18.951389]}, "properties": {"susceptibility_score": 0.4586, "provenance": "MODELLED"}}, {"type": "Feature", "geometry": {"type": "Point", "coordinates": [72.823333, 18.951389]}, "properties": {"susceptibility_score": 0.5893, "provenance": "MODELLED"}}, {"type": "Feature", "geometry": {"type": "Point", "coordinates": [72.829444, 18.951389]}, "properties": {"susceptibility_score": 0.634, "provenance": "MODELLED"}}, {"type": "Feature", "geometry": {"type": "Point", "coordinates": [72.835556, 18.951389]}, "properties": {"susceptibility_score": 0.5722, "provenance": "MODELLED"}}, {"type": "Feature", "geometry": {"type": "Point", "coordinates": [72.841667, 18.951389]}, "properties": {"susceptibility_score": 0.5908, "provenance": "MODELLED"}}, {"type": "Feature", "geometry": {"type": "Point", "coordinates": [72.847778, 18.951389]}, "properties": {"susceptibility_score": 0.4, "provenance": "MODELLED"}}, {"type": "Feature", "geometry": {"type": "Point", "coordinates": [72.853889, 18.951389]}, "properties": {"susceptibility_score": 0.4, "provenance": "MODELLED"}}, {"type": "Feature", "geometry": {"type": "Point", "coordinates": [72.86, 18.951389]}, "properties": {"susceptibility_score": 0.4, "provenance": "MODELLED"}}, {"type": "Feature", "geometry": {"type": "Point", "coordinates": [72.866111, 18.951389]}, "properties": {"susceptibility_score": 0.4, "provenance": "MODELLED"}}, {"type": "Feature", "geometry": {"type": "Point", "coordinates": [72.872222, 18.951389]}, "properties": {"susceptibility_score": 0.4, "provenance": "MODELLED"}}, {"type": "Feature", "geometry": {"type": "Point", "coordinates": [72.878333, 18.951389]}, "properties": {"susceptibility_score": 0.4, "provenance": "MODELLED"}}, {"type": "Feature", "geometry": {"type": "Point", "coordinates": [72.884444, 18.951389]}, "properties": {"susceptibility_score": 0.4, "provenance": "MODELLED"}}, {"type": "Feature", "geometry": {"type": "Point", "coordinates": [72.890556, 18.951389]}, "properties": {"susceptibility_score": 0.4, "provenance": "MODELLED"}}, {"type": "Feature", "geometry": {"type": "Point", "coordinates": [72.896667, 18.951389]}, "properties": {"susceptibility_score": 0.4, "provenance": "MODELLED"}}, {"type": "Feature", "geometry": {"type": "Point", "coordinates": [72.902778, 18.951389]}, "properties": {"susceptibility_score": 0.4, "provenance": "MODELLED"}}, {"type": "Feature", "geometry": {"type": "Point", "coordinates": [72.908889, 18.951389]}, "properties": {"susceptibility_score": 0.4, "provenance": "MODELLED"}}, {"type": "Feature", "geometry": {"type": "Point", "coordinates": [72.915, 18.951389]}, "properties": {"susceptibility_score": 0.4, "provenance": "MODELLED"}}, {"type": "Feature", "geometry": {"type": "Point", "coordinates": [72.921111, 18.951389]}, "properties": {"susceptibility_score": 0.4, "provenance": "MODELLED"}}, {"type": "Feature", "geometry": {"type": "Point", "coordinates": [72.927222, 18.951389]}, "properties": {"susceptibility_score": 0.4, "provenance": "MODELLED"}}, {"type": "Feature", "geometry": {"type": "Point", "coordinates": [72.933333, 18.951389]}, "properties": {"susceptibility_score": 0.4, "provenance": "MODELLED"}}, {"type": "Feature", "geometry": {"type": "Point", "coordinates": [72.939444, 18.951389]}, "properties": {"susceptibility_score": 0.4144, "provenance": "MODELLED"}}, {"type": "Feature", "geometry": {"type": "Point", "coordinates": [72.945556, 18.951389]}, "properties": {"susceptibility_score": 0.5501, "provenance": "MODELLED"}}, {"type": "Feature", "geometry": {"type": "Point", "coordinates": [72.951667, 18.951389]}, "properties": {"susceptibility_score": 0.6345, "provenance": "MODELLED"}}, {"type": "Feature", "geometry": {"type": "Point", "coordinates": [72.957778, 18.951389]}, "properties": {"susceptibility_score": 0.5788, "provenance": "MODELLED"}}, {"type": "Feature", "geometry": {"type": "Point", "coordinates": [72.963889, 18.951389]}, "properties": {"susceptibility_score": 0.5538, "provenance": "MODELLED"}}, {"type": "Feature", "geometry": {"type": "Point", "coordinates": [72.97, 18.951389]}, "properties": {"susceptibility_score": 0.5876, "provenance": "MODELLED"}}, {"type": "Feature", "geometry": {"type": "Point", "coordinates": [72.976111, 18.951389]}, "properties": {"susceptibility_score": 0.5804, "provenance": "MODELLED"}}, {"type": "Feature", "geometry": {"type": "Point", "coordinates": [72.982222, 18.951389]}, "properties": {"susceptibility_score": 0.5143, "provenance": "MODELLED"}}, {"type": "Feature", "geometry": {"type": "Point", "coordinates": [72.988333, 18.951389]}, "properties": {"susceptibility_score": 0.5756, "provenance": "MODELLED"}}, {"type": "Feature", "geometry": {"type": "Point", "coordinates": [72.994444, 18.951389]}, "properties": {"susceptibility_score": 0.5913, "provenance": "MODELLED"}}, {"type": "Feature", "geometry": {"type": "Point", "coordinates": [73.000556, 18.951389]}, "properties": {"susceptibility_score": 0.6, "provenance": "MODELLED"}}, {"type": "Feature", "geometry": {"type": "Point", "coordinates": [73.006667, 18.951389]}, "properties": {"susceptibility_score": 0.4846, "provenance": "MODELLED"}}, {"type": "Feature", "geometry": {"type": "Point", "coordinates": [73.012778, 18.951389]}, "properties": {"susceptibility_score": 0.4278, "provenance": "MODELLED"}}, {"type": "Feature", "geometry": {"type": "Point", "coordinates": [73.018889, 18.951389]}, "properties": {"susceptibility_score": 0.4679, "provenance": "MODELLED"}}, {"type": "Feature", "geometry": {"type": "Point", "coordinates": [73.025, 18.951389]}, "properties": {"susceptibility_score": 0.4788, "provenance": "MODELLED"}}, {"type": "Feature", "geometry": {"type": "Point", "coordinates": [73.031111, 18.951389]}, "properties": {"susceptibility_score": 0.5618, "provenance": "MODELLED"}}, {"type": "Feature", "geometry": {"type": "Point", "coordinates": [73.037222, 18.951389]}, "properties": {"susceptibility_score": 0.4554, "provenance": "MODELLED"}}, {"type": "Feature", "geometry": {"type": "Point", "coordinates": [73.043333, 18.951389]}, "properties": {"susceptibility_score": 0.363, "provenance": "MODELLED"}}, {"type": "Feature", "geometry": {"type": "Point", "coordinates": [73.049722, 18.951389]}, "properties": {"susceptibility_score": 0.3345, "provenance": "MODELLED"}}, {"type": "Feature", "geometry": {"type": "Point", "coordinates": [72.75, 18.942222]}, "properties": {"susceptibility_score": 0.4, "provenance": "MODELLED"}}, {"type": "Feature", "geometry": {"type": "Point", "coordinates": [72.756111, 18.942222]}, "properties": {"susceptibility_score": 0.4, "provenance": "MODELLED"}}, {"type": "Feature", "geometry": {"type": "Point", "coordinates": [72.762222, 18.942222]}, "properties": {"susceptibility_score": 0.4, "provenance": "MODELLED"}}, {"type": "Feature", "geometry": {"type": "Point", "coordinates": [72.768333, 18.942222]}, "properties": {"susceptibility_score": 0.4, "provenance": "MODELLED"}}, {"type": "Feature", "geometry": {"type": "Point", "coordinates": [72.774444, 18.942222]}, "properties": {"susceptibility_score": 0.4, "provenance": "MODELLED"}}, {"type": "Feature", "geometry": {"type": "Point", "coordinates": [72.780556, 18.942222]}, "properties": {"susceptibility_score": 0.4, "provenance": "MODELLED"}}, {"type": "Feature", "geometry": {"type": "Point", "coordinates": [72.786667, 18.942222]}, "properties": {"susceptibility_score": 0.4335, "provenance": "MODELLED"}}, {"type": "Feature", "geometry": {"type": "Point", "coordinates": [72.792778, 18.942222]}, "properties": {"susceptibility_score": 0.5354, "provenance": "MODELLED"}}, {"type": "Feature", "geometry": {"type": "Point", "coordinates": [72.798889, 18.942222]}, "properties": {"susceptibility_score": 0.4672, "provenance": "MODELLED"}}, {"type": "Feature", "geometry": {"type": "Point", "coordinates": [72.805, 18.942222]}, "properties": {"susceptibility_score": 0.4, "provenance": "MODELLED"}}, {"type": "Feature", "geometry": {"type": "Point", "coordinates": [72.811111, 18.942222]}, "properties": {"susceptibility_score": 0.4, "provenance": "MODELLED"}}, {"type": "Feature", "geometry": {"type": "Point", "coordinates": [72.817222, 18.942222]}, "properties": {"susceptibility_score": 0.4, "provenance": "MODELLED"}}, {"type": "Feature", "geometry": {"type": "Point", "coordinates": [72.823333, 18.942222]}, "properties": {"susceptibility_score": 0.4663, "provenance": "MODELLED"}}, {"type": "Feature", "geometry": {"type": "Point", "coordinates": [72.829444, 18.942222]}, "properties": {"susceptibility_score": 0.5758, "provenance": "MODELLED"}}, {"type": "Feature", "geometry": {"type": "Point", "coordinates": [72.835556, 18.942222]}, "properties": {"susceptibility_score": 0.6015, "provenance": "MODELLED"}}, {"type": "Feature", "geometry": {"type": "Point", "coordinates": [72.841667, 18.942222]}, "properties": {"susceptibility_score": 0.523, "provenance": "MODELLED"}}, {"type": "Feature", "geometry": {"type": "Point", "coordinates": [72.847778, 18.942222]}, "properties": {"susceptibility_score": 0.4551, "provenance": "MODELLED"}}, {"type": "Feature", "geometry": {"type": "Point", "coordinates": [72.853889, 18.942222]}, "properties": {"susceptibility_score": 0.408, "provenance": "MODELLED"}}, {"type": "Feature", "geometry": {"type": "Point", "coordinates": [72.86, 18.942222]}, "properties": {"susceptibility_score": 0.4, "provenance": "MODELLED"}}, {"type": "Feature", "geometry": {"type": "Point", "coordinates": [72.866111, 18.942222]}, "properties": {"susceptibility_score": 0.4, "provenance": "MODELLED"}}, {"type": "Feature", "geometry": {"type": "Point", "coordinates": [72.872222, 18.942222]}, "properties": {"susceptibility_score": 0.4, "provenance": "MODELLED"}}, {"type": "Feature", "geometry": {"type": "Point", "coordinates": [72.878333, 18.942222]}, "properties": {"susceptibility_score": 0.4, "provenance": "MODELLED"}}, {"type": "Feature", "geometry": {"type": "Point", "coordinates": [72.884444, 18.942222]}, "properties": {"susceptibility_score": 0.4, "provenance": "MODELLED"}}, {"type": "Feature", "geometry": {"type": "Point", "coordinates": [72.890556, 18.942222]}, "properties": {"susceptibility_score": 0.4, "provenance": "MODELLED"}}, {"type": "Feature", "geometry": {"type": "Point", "coordinates": [72.896667, 18.942222]}, "properties": {"susceptibility_score": 0.4, "provenance": "MODELLED"}}, {"type": "Feature", "geometry": {"type": "Point", "coordinates": [72.902778, 18.942222]}, "properties": {"susceptibility_score": 0.4, "provenance": "MODELLED"}}, {"type": "Feature", "geometry": {"type": "Point", "coordinates": [72.908889, 18.942222]}, "properties": {"susceptibility_score": 0.4, "provenance": "MODELLED"}}, {"type": "Feature", "geometry": {"type": "Point", "coordinates": [72.915, 18.942222]}, "properties": {"susceptibility_score": 0.4, "provenance": "MODELLED"}}, {"type": "Feature", "geometry": {"type": "Point", "coordinates": [72.921111, 18.942222]}, "properties": {"susceptibility_score": 0.4, "provenance": "MODELLED"}}, {"type": "Feature", "geometry": {"type": "Point", "coordinates": [72.927222, 18.942222]}, "properties": {"susceptibility_score": 0.4, "provenance": "MODELLED"}}, {"type": "Feature", "geometry": {"type": "Point", "coordinates": [72.933333, 18.942222]}, "properties": {"susceptibility_score": 0.4, "provenance": "MODELLED"}}, {"type": "Feature", "geometry": {"type": "Point", "coordinates": [72.939444, 18.942222]}, "properties": {"susceptibility_score": 0.4, "provenance": "MODELLED"}}, {"type": "Feature", "geometry": {"type": "Point", "coordinates": [72.945556, 18.942222]}, "properties": {"susceptibility_score": 0.4277, "provenance": "MODELLED"}}, {"type": "Feature", "geometry": {"type": "Point", "coordinates": [72.951667, 18.942222]}, "properties": {"susceptibility_score": 0.7125, "provenance": "MODELLED"}}, {"type": "Feature", "geometry": {"type": "Point", "coordinates": [72.957778, 18.942222]}, "properties": {"susceptibility_score": 0.6329, "provenance": "MODELLED"}}, {"type": "Feature", "geometry": {"type": "Point", "coordinates": [72.963889, 18.942222]}, "properties": {"susceptibility_score": 0.4245, "provenance": "MODELLED"}}, {"type": "Feature", "geometry": {"type": "Point", "coordinates": [72.97, 18.942222]}, "properties": {"susceptibility_score": 0.4682, "provenance": "MODELLED"}}, {"type": "Feature", "geometry": {"type": "Point", "coordinates": [72.976111, 18.942222]}, "properties": {"susceptibility_score": 0.6063, "provenance": "MODELLED"}}, {"type": "Feature", "geometry": {"type": "Point", "coordinates": [72.982222, 18.942222]}, "properties": {"susceptibility_score": 0.5839, "provenance": "MODELLED"}}, {"type": "Feature", "geometry": {"type": "Point", "coordinates": [72.988333, 18.942222]}, "properties": {"susceptibility_score": 0.5826, "provenance": "MODELLED"}}, {"type": "Feature", "geometry": {"type": "Point", "coordinates": [72.994444, 18.942222]}, "properties": {"susceptibility_score": 0.5219, "provenance": "MODELLED"}}, {"type": "Feature", "geometry": {"type": "Point", "coordinates": [73.000556, 18.942222]}, "properties": {"susceptibility_score": 0.5928, "provenance": "MODELLED"}}, {"type": "Feature", "geometry": {"type": "Point", "coordinates": [73.006667, 18.942222]}, "properties": {"susceptibility_score": 0.5831, "provenance": "MODELLED"}}, {"type": "Feature", "geometry": {"type": "Point", "coordinates": [73.012778, 18.942222]}, "properties": {"susceptibility_score": 0.3491, "provenance": "MODELLED"}}, {"type": "Feature", "geometry": {"type": "Point", "coordinates": [73.018889, 18.942222]}, "properties": {"susceptibility_score": 0.3638, "provenance": "MODELLED"}}, {"type": "Feature", "geometry": {"type": "Point", "coordinates": [73.025, 18.942222]}, "properties": {"susceptibility_score": 0.4331, "provenance": "MODELLED"}}, {"type": "Feature", "geometry": {"type": "Point", "coordinates": [73.031111, 18.942222]}, "properties": {"susceptibility_score": 0.3939, "provenance": "MODELLED"}}, {"type": "Feature", "geometry": {"type": "Point", "coordinates": [73.037222, 18.942222]}, "properties": {"susceptibility_score": 0.3872, "provenance": "MODELLED"}}, {"type": "Feature", "geometry": {"type": "Point", "coordinates": [73.043333, 18.942222]}, "properties": {"susceptibility_score": 0.3552, "provenance": "MODELLED"}}, {"type": "Feature", "geometry": {"type": "Point", "coordinates": [73.049722, 18.942222]}, "properties": {"susceptibility_score": 0.3342, "provenance": "MODELLED"}}, {"type": "Feature", "geometry": {"type": "Point", "coordinates": [72.75, 18.933056]}, "properties": {"susceptibility_score": 0.4, "provenance": "MODELLED"}}, {"type": "Feature", "geometry": {"type": "Point", "coordinates": [72.756111, 18.933056]}, "properties": {"susceptibility_score": 0.4, "provenance": "MODELLED"}}, {"type": "Feature", "geometry": {"type": "Point", "coordinates": [72.762222, 18.933056]}, "properties": {"susceptibility_score": 0.4, "provenance": "MODELLED"}}, {"type": "Feature", "geometry": {"type": "Point", "coordinates": [72.768333, 18.933056]}, "properties": {"susceptibility_score": 0.4, "provenance": "MODELLED"}}, {"type": "Feature", "geometry": {"type": "Point", "coordinates": [72.774444, 18.933056]}, "properties": {"susceptibility_score": 0.4, "provenance": "MODELLED"}}, {"type": "Feature", "geometry": {"type": "Point", "coordinates": [72.780556, 18.933056]}, "properties": {"susceptibility_score": 0.4, "provenance": "MODELLED"}}, {"type": "Feature", "geometry": {"type": "Point", "coordinates": [72.786667, 18.933056]}, "properties": {"susceptibility_score": 0.4, "provenance": "MODELLED"}}, {"type": "Feature", "geometry": {"type": "Point", "coordinates": [72.792778, 18.933056]}, "properties": {"susceptibility_score": 0.4, "provenance": "MODELLED"}}, {"type": "Feature", "geometry": {"type": "Point", "coordinates": [72.798889, 18.933056]}, "properties": {"susceptibility_score": 0.4, "provenance": "MODELLED"}}, {"type": "Feature", "geometry": {"type": "Point", "coordinates": [72.805, 18.933056]}, "properties": {"susceptibility_score": 0.4, "provenance": "MODELLED"}}, {"type": "Feature", "geometry": {"type": "Point", "coordinates": [72.811111, 18.933056]}, "properties": {"susceptibility_score": 0.4, "provenance": "MODELLED"}}, {"type": "Feature", "geometry": {"type": "Point", "coordinates": [72.817222, 18.933056]}, "properties": {"susceptibility_score": 0.4, "provenance": "MODELLED"}}, {"type": "Feature", "geometry": {"type": "Point", "coordinates": [72.823333, 18.933056]}, "properties": {"susceptibility_score": 0.492, "provenance": "MODELLED"}}, {"type": "Feature", "geometry": {"type": "Point", "coordinates": [72.829444, 18.933056]}, "properties": {"susceptibility_score": 0.3824, "provenance": "MODELLED"}}, {"type": "Feature", "geometry": {"type": "Point", "coordinates": [72.835556, 18.933056]}, "properties": {"susceptibility_score": 0.6021, "provenance": "MODELLED"}}, {"type": "Feature", "geometry": {"type": "Point", "coordinates": [72.841667, 18.933056]}, "properties": {"susceptibility_score": 0.5726, "provenance": "MODELLED"}}, {"type": "Feature", "geometry": {"type": "Point", "coordinates": [72.847778, 18.933056]}, "properties": {"susceptibility_score": 0.4833, "provenance": "MODELLED"}}, {"type": "Feature", "geometry": {"type": "Point", "coordinates": [72.853889, 18.933056]}, "properties": {"susceptibility_score": 0.4, "provenance": "MODELLED"}}, {"type": "Feature", "geometry": {"type": "Point", "coordinates": [72.86, 18.933056]}, "properties": {"susceptibility_score": 0.4, "provenance": "MODELLED"}}, {"type": "Feature", "geometry": {"type": "Point", "coordinates": [72.866111, 18.933056]}, "properties": {"susceptibility_score": 0.4, "provenance": "MODELLED"}}, {"type": "Feature", "geometry": {"type": "Point", "coordinates": [72.872222, 18.933056]}, "properties": {"susceptibility_score": 0.4, "provenance": "MODELLED"}}, {"type": "Feature", "geometry": {"type": "Point", "coordinates": [72.878333, 18.933056]}, "properties": {"susceptibility_score": 0.4, "provenance": "MODELLED"}}, {"type": "Feature", "geometry": {"type": "Point", "coordinates": [72.884444, 18.933056]}, "properties": {"susceptibility_score": 0.4, "provenance": "MODELLED"}}, {"type": "Feature", "geometry": {"type": "Point", "coordinates": [72.890556, 18.933056]}, "properties": {"susceptibility_score": 0.4, "provenance": "MODELLED"}}, {"type": "Feature", "geometry": {"type": "Point", "coordinates": [72.896667, 18.933056]}, "properties": {"susceptibility_score": 0.4, "provenance": "MODELLED"}}, {"type": "Feature", "geometry": {"type": "Point", "coordinates": [72.902778, 18.933056]}, "properties": {"susceptibility_score": 0.4, "provenance": "MODELLED"}}, {"type": "Feature", "geometry": {"type": "Point", "coordinates": [72.908889, 18.933056]}, "properties": {"susceptibility_score": 0.4, "provenance": "MODELLED"}}, {"type": "Feature", "geometry": {"type": "Point", "coordinates": [72.915, 18.933056]}, "properties": {"susceptibility_score": 0.4, "provenance": "MODELLED"}}, {"type": "Feature", "geometry": {"type": "Point", "coordinates": [72.921111, 18.933056]}, "properties": {"susceptibility_score": 0.4, "provenance": "MODELLED"}}, {"type": "Feature", "geometry": {"type": "Point", "coordinates": [72.927222, 18.933056]}, "properties": {"susceptibility_score": 0.4, "provenance": "MODELLED"}}, {"type": "Feature", "geometry": {"type": "Point", "coordinates": [72.933333, 18.933056]}, "properties": {"susceptibility_score": 0.4, "provenance": "MODELLED"}}, {"type": "Feature", "geometry": {"type": "Point", "coordinates": [72.939444, 18.933056]}, "properties": {"susceptibility_score": 0.4, "provenance": "MODELLED"}}, {"type": "Feature", "geometry": {"type": "Point", "coordinates": [72.945556, 18.933056]}, "properties": {"susceptibility_score": 0.4, "provenance": "MODELLED"}}, {"type": "Feature", "geometry": {"type": "Point", "coordinates": [72.951667, 18.933056]}, "properties": {"susceptibility_score": 0.605, "provenance": "MODELLED"}}, {"type": "Feature", "geometry": {"type": "Point", "coordinates": [72.957778, 18.933056]}, "properties": {"susceptibility_score": 0.3569, "provenance": "MODELLED"}}, {"type": "Feature", "geometry": {"type": "Point", "coordinates": [72.963889, 18.933056]}, "properties": {"susceptibility_score": 0.3991, "provenance": "MODELLED"}}, {"type": "Feature", "geometry": {"type": "Point", "coordinates": [72.97, 18.933056]}, "properties": {"susceptibility_score": 0.397, "provenance": "MODELLED"}}, {"type": "Feature", "geometry": {"type": "Point", "coordinates": [72.976111, 18.933056]}, "properties": {"susceptibility_score": 0.4796, "provenance": "MODELLED"}}, {"type": "Feature", "geometry": {"type": "Point", "coordinates": [72.982222, 18.933056]}, "properties": {"susceptibility_score": 0.5659, "provenance": "MODELLED"}}, {"type": "Feature", "geometry": {"type": "Point", "coordinates": [72.988333, 18.933056]}, "properties": {"susceptibility_score": 0.5783, "provenance": "MODELLED"}}, {"type": "Feature", "geometry": {"type": "Point", "coordinates": [72.994444, 18.933056]}, "properties": {"susceptibility_score": 0.4932, "provenance": "MODELLED"}}, {"type": "Feature", "geometry": {"type": "Point", "coordinates": [73.000556, 18.933056]}, "properties": {"susceptibility_score": 0.6002, "provenance": "MODELLED"}}, {"type": "Feature", "geometry": {"type": "Point", "coordinates": [73.006667, 18.933056]}, "properties": {"susceptibility_score": 0.6008, "provenance": "MODELLED"}}, {"type": "Feature", "geometry": {"type": "Point", "coordinates": [73.012778, 18.933056]}, "properties": {"susceptibility_score": 0.4876, "provenance": "MODELLED"}}, {"type": "Feature", "geometry": {"type": "Point", "coordinates": [73.018889, 18.933056]}, "properties": {"susceptibility_score": 0.6534, "provenance": "MODELLED"}}, {"type": "Feature", "geometry": {"type": "Point", "coordinates": [73.025, 18.933056]}, "properties": {"susceptibility_score": 0.3905, "provenance": "MODELLED"}}, {"type": "Feature", "geometry": {"type": "Point", "coordinates": [73.031111, 18.933056]}, "properties": {"susceptibility_score": 0.5906, "provenance": "MODELLED"}}, {"type": "Feature", "geometry": {"type": "Point", "coordinates": [73.037222, 18.933056]}, "properties": {"susceptibility_score": 0.428, "provenance": "MODELLED"}}, {"type": "Feature", "geometry": {"type": "Point", "coordinates": [73.043333, 18.933056]}, "properties": {"susceptibility_score": 0.3923, "provenance": "MODELLED"}}, {"type": "Feature", "geometry": {"type": "Point", "coordinates": [73.049722, 18.933056]}, "properties": {"susceptibility_score": 0.3661, "provenance": "MODELLED"}}, {"type": "Feature", "geometry": {"type": "Point", "coordinates": [72.75, 18.923889]}, "properties": {"susceptibility_score": 0.4, "provenance": "MODELLED"}}, {"type": "Feature", "geometry": {"type": "Point", "coordinates": [72.756111, 18.923889]}, "properties": {"susceptibility_score": 0.4, "provenance": "MODELLED"}}, {"type": "Feature", "geometry": {"type": "Point", "coordinates": [72.762222, 18.923889]}, "properties": {"susceptibility_score": 0.4, "provenance": "MODELLED"}}, {"type": "Feature", "geometry": {"type": "Point", "coordinates": [72.768333, 18.923889]}, "properties": {"susceptibility_score": 0.4, "provenance": "MODELLED"}}, {"type": "Feature", "geometry": {"type": "Point", "coordinates": [72.774444, 18.923889]}, "properties": {"susceptibility_score": 0.4, "provenance": "MODELLED"}}, {"type": "Feature", "geometry": {"type": "Point", "coordinates": [72.780556, 18.923889]}, "properties": {"susceptibility_score": 0.4, "provenance": "MODELLED"}}, {"type": "Feature", "geometry": {"type": "Point", "coordinates": [72.786667, 18.923889]}, "properties": {"susceptibility_score": 0.4, "provenance": "MODELLED"}}, {"type": "Feature", "geometry": {"type": "Point", "coordinates": [72.792778, 18.923889]}, "properties": {"susceptibility_score": 0.4, "provenance": "MODELLED"}}, {"type": "Feature", "geometry": {"type": "Point", "coordinates": [72.798889, 18.923889]}, "properties": {"susceptibility_score": 0.4, "provenance": "MODELLED"}}, {"type": "Feature", "geometry": {"type": "Point", "coordinates": [72.805, 18.923889]}, "properties": {"susceptibility_score": 0.4, "provenance": "MODELLED"}}, {"type": "Feature", "geometry": {"type": "Point", "coordinates": [72.811111, 18.923889]}, "properties": {"susceptibility_score": 0.4, "provenance": "MODELLED"}}, {"type": "Feature", "geometry": {"type": "Point", "coordinates": [72.817222, 18.923889]}, "properties": {"susceptibility_score": 0.4, "provenance": "MODELLED"}}, {"type": "Feature", "geometry": {"type": "Point", "coordinates": [72.823333, 18.923889]}, "properties": {"susceptibility_score": 0.5963, "provenance": "MODELLED"}}, {"type": "Feature", "geometry": {"type": "Point", "coordinates": [72.829444, 18.923889]}, "properties": {"susceptibility_score": 0.3749, "provenance": "MODELLED"}}, {"type": "Feature", "geometry": {"type": "Point", "coordinates": [72.835556, 18.923889]}, "properties": {"susceptibility_score": 0.5204, "provenance": "MODELLED"}}, {"type": "Feature", "geometry": {"type": "Point", "coordinates": [72.841667, 18.923889]}, "properties": {"susceptibility_score": 0.4, "provenance": "MODELLED"}}, {"type": "Feature", "geometry": {"type": "Point", "coordinates": [72.847778, 18.923889]}, "properties": {"susceptibility_score": 0.4, "provenance": "MODELLED"}}, {"type": "Feature", "geometry": {"type": "Point", "coordinates": [72.853889, 18.923889]}, "properties": {"susceptibility_score": 0.4, "provenance": "MODELLED"}}, {"type": "Feature", "geometry": {"type": "Point", "coordinates": [72.86, 18.923889]}, "properties": {"susceptibility_score": 0.4, "provenance": "MODELLED"}}, {"type": "Feature", "geometry": {"type": "Point", "coordinates": [72.866111, 18.923889]}, "properties": {"susceptibility_score": 0.4, "provenance": "MODELLED"}}, {"type": "Feature", "geometry": {"type": "Point", "coordinates": [72.872222, 18.923889]}, "properties": {"susceptibility_score": 0.4, "provenance": "MODELLED"}}, {"type": "Feature", "geometry": {"type": "Point", "coordinates": [72.878333, 18.923889]}, "properties": {"susceptibility_score": 0.4, "provenance": "MODELLED"}}, {"type": "Feature", "geometry": {"type": "Point", "coordinates": [72.884444, 18.923889]}, "properties": {"susceptibility_score": 0.4, "provenance": "MODELLED"}}, {"type": "Feature", "geometry": {"type": "Point", "coordinates": [72.890556, 18.923889]}, "properties": {"susceptibility_score": 0.4, "provenance": "MODELLED"}}, {"type": "Feature", "geometry": {"type": "Point", "coordinates": [72.896667, 18.923889]}, "properties": {"susceptibility_score": 0.4, "provenance": "MODELLED"}}, {"type": "Feature", "geometry": {"type": "Point", "coordinates": [72.902778, 18.923889]}, "properties": {"susceptibility_score": 0.4, "provenance": "MODELLED"}}, {"type": "Feature", "geometry": {"type": "Point", "coordinates": [72.908889, 18.923889]}, "properties": {"susceptibility_score": 0.4, "provenance": "MODELLED"}}, {"type": "Feature", "geometry": {"type": "Point", "coordinates": [72.915, 18.923889]}, "properties": {"susceptibility_score": 0.4, "provenance": "MODELLED"}}, {"type": "Feature", "geometry": {"type": "Point", "coordinates": [72.921111, 18.923889]}, "properties": {"susceptibility_score": 0.4, "provenance": "MODELLED"}}, {"type": "Feature", "geometry": {"type": "Point", "coordinates": [72.927222, 18.923889]}, "properties": {"susceptibility_score": 0.4, "provenance": "MODELLED"}}, {"type": "Feature", "geometry": {"type": "Point", "coordinates": [72.933333, 18.923889]}, "properties": {"susceptibility_score": 0.4, "provenance": "MODELLED"}}, {"type": "Feature", "geometry": {"type": "Point", "coordinates": [72.939444, 18.923889]}, "properties": {"susceptibility_score": 0.4, "provenance": "MODELLED"}}, {"type": "Feature", "geometry": {"type": "Point", "coordinates": [72.945556, 18.923889]}, "properties": {"susceptibility_score": 0.4, "provenance": "MODELLED"}}, {"type": "Feature", "geometry": {"type": "Point", "coordinates": [72.951667, 18.923889]}, "properties": {"susceptibility_score": 0.4, "provenance": "MODELLED"}}, {"type": "Feature", "geometry": {"type": "Point", "coordinates": [72.957778, 18.923889]}, "properties": {"susceptibility_score": 0.4, "provenance": "MODELLED"}}, {"type": "Feature", "geometry": {"type": "Point", "coordinates": [72.963889, 18.923889]}, "properties": {"susceptibility_score": 0.3985, "provenance": "MODELLED"}}, {"type": "Feature", "geometry": {"type": "Point", "coordinates": [72.97, 18.923889]}, "properties": {"susceptibility_score": 0.4768, "provenance": "MODELLED"}}, {"type": "Feature", "geometry": {"type": "Point", "coordinates": [72.976111, 18.923889]}, "properties": {"susceptibility_score": 0.3979, "provenance": "MODELLED"}}, {"type": "Feature", "geometry": {"type": "Point", "coordinates": [72.982222, 18.923889]}, "properties": {"susceptibility_score": 0.4443, "provenance": "MODELLED"}}, {"type": "Feature", "geometry": {"type": "Point", "coordinates": [72.988333, 18.923889]}, "properties": {"susceptibility_score": 0.5754, "provenance": "MODELLED"}}, {"type": "Feature", "geometry": {"type": "Point", "coordinates": [72.994444, 18.923889]}, "properties": {"susceptibility_score": 0.5564, "provenance": "MODELLED"}}, {"type": "Feature", "geometry": {"type": "Point", "coordinates": [73.000556, 18.923889]}, "properties": {"susceptibility_score": 0.5809, "provenance": "MODELLED"}}, {"type": "Feature", "geometry": {"type": "Point", "coordinates": [73.006667, 18.923889]}, "properties": {"susceptibility_score": 0.5992, "provenance": "MODELLED"}}, {"type": "Feature", "geometry": {"type": "Point", "coordinates": [73.012778, 18.923889]}, "properties": {"susceptibility_score": 0.5737, "provenance": "MODELLED"}}, {"type": "Feature", "geometry": {"type": "Point", "coordinates": [73.018889, 18.923889]}, "properties": {"susceptibility_score": 0.5614, "provenance": "MODELLED"}}, {"type": "Feature", "geometry": {"type": "Point", "coordinates": [73.025, 18.923889]}, "properties": {"susceptibility_score": 0.4902, "provenance": "MODELLED"}}, {"type": "Feature", "geometry": {"type": "Point", "coordinates": [73.031111, 18.923889]}, "properties": {"susceptibility_score": 0.5724, "provenance": "MODELLED"}}, {"type": "Feature", "geometry": {"type": "Point", "coordinates": [73.037222, 18.923889]}, "properties": {"susceptibility_score": 0.4706, "provenance": "MODELLED"}}, {"type": "Feature", "geometry": {"type": "Point", "coordinates": [73.043333, 18.923889]}, "properties": {"susceptibility_score": 0.4445, "provenance": "MODELLED"}}, {"type": "Feature", "geometry": {"type": "Point", "coordinates": [73.049722, 18.923889]}, "properties": {"susceptibility_score": 0.3929, "provenance": "MODELLED"}}, {"type": "Feature", "geometry": {"type": "Point", "coordinates": [72.75, 18.914722]}, "properties": {"susceptibility_score": 0.4, "provenance": "MODELLED"}}, {"type": "Feature", "geometry": {"type": "Point", "coordinates": [72.756111, 18.914722]}, "properties": {"susceptibility_score": 0.4, "provenance": "MODELLED"}}, {"type": "Feature", "geometry": {"type": "Point", "coordinates": [72.762222, 18.914722]}, "properties": {"susceptibility_score": 0.4, "provenance": "MODELLED"}}, {"type": "Feature", "geometry": {"type": "Point", "coordinates": [72.768333, 18.914722]}, "properties": {"susceptibility_score": 0.4, "provenance": "MODELLED"}}, {"type": "Feature", "geometry": {"type": "Point", "coordinates": [72.774444, 18.914722]}, "properties": {"susceptibility_score": 0.4, "provenance": "MODELLED"}}, {"type": "Feature", "geometry": {"type": "Point", "coordinates": [72.780556, 18.914722]}, "properties": {"susceptibility_score": 0.4, "provenance": "MODELLED"}}, {"type": "Feature", "geometry": {"type": "Point", "coordinates": [72.786667, 18.914722]}, "properties": {"susceptibility_score": 0.4, "provenance": "MODELLED"}}, {"type": "Feature", "geometry": {"type": "Point", "coordinates": [72.792778, 18.914722]}, "properties": {"susceptibility_score": 0.4, "provenance": "MODELLED"}}, {"type": "Feature", "geometry": {"type": "Point", "coordinates": [72.798889, 18.914722]}, "properties": {"susceptibility_score": 0.4, "provenance": "MODELLED"}}, {"type": "Feature", "geometry": {"type": "Point", "coordinates": [72.805, 18.914722]}, "properties": {"susceptibility_score": 0.4, "provenance": "MODELLED"}}, {"type": "Feature", "geometry": {"type": "Point", "coordinates": [72.811111, 18.914722]}, "properties": {"susceptibility_score": 0.4, "provenance": "MODELLED"}}, {"type": "Feature", "geometry": {"type": "Point", "coordinates": [72.817222, 18.914722]}, "properties": {"susceptibility_score": 0.5411, "provenance": "MODELLED"}}, {"type": "Feature", "geometry": {"type": "Point", "coordinates": [72.823333, 18.914722]}, "properties": {"susceptibility_score": 0.6087, "provenance": "MODELLED"}}, {"type": "Feature", "geometry": {"type": "Point", "coordinates": [72.829444, 18.914722]}, "properties": {"susceptibility_score": 0.586, "provenance": "MODELLED"}}, {"type": "Feature", "geometry": {"type": "Point", "coordinates": [72.835556, 18.914722]}, "properties": {"susceptibility_score": 0.4, "provenance": "MODELLED"}}, {"type": "Feature", "geometry": {"type": "Point", "coordinates": [72.841667, 18.914722]}, "properties": {"susceptibility_score": 0.4, "provenance": "MODELLED"}}, {"type": "Feature", "geometry": {"type": "Point", "coordinates": [72.847778, 18.914722]}, "properties": {"susceptibility_score": 0.4, "provenance": "MODELLED"}}, {"type": "Feature", "geometry": {"type": "Point", "coordinates": [72.853889, 18.914722]}, "properties": {"susceptibility_score": 0.4, "provenance": "MODELLED"}}, {"type": "Feature", "geometry": {"type": "Point", "coordinates": [72.86, 18.914722]}, "properties": {"susceptibility_score": 0.4, "provenance": "MODELLED"}}, {"type": "Feature", "geometry": {"type": "Point", "coordinates": [72.866111, 18.914722]}, "properties": {"susceptibility_score": 0.4, "provenance": "MODELLED"}}, {"type": "Feature", "geometry": {"type": "Point", "coordinates": [72.872222, 18.914722]}, "properties": {"susceptibility_score": 0.4, "provenance": "MODELLED"}}, {"type": "Feature", "geometry": {"type": "Point", "coordinates": [72.878333, 18.914722]}, "properties": {"susceptibility_score": 0.4, "provenance": "MODELLED"}}, {"type": "Feature", "geometry": {"type": "Point", "coordinates": [72.884444, 18.914722]}, "properties": {"susceptibility_score": 0.4, "provenance": "MODELLED"}}, {"type": "Feature", "geometry": {"type": "Point", "coordinates": [72.890556, 18.914722]}, "properties": {"susceptibility_score": 0.4, "provenance": "MODELLED"}}, {"type": "Feature", "geometry": {"type": "Point", "coordinates": [72.896667, 18.914722]}, "properties": {"susceptibility_score": 0.4, "provenance": "MODELLED"}}, {"type": "Feature", "geometry": {"type": "Point", "coordinates": [72.902778, 18.914722]}, "properties": {"susceptibility_score": 0.4, "provenance": "MODELLED"}}, {"type": "Feature", "geometry": {"type": "Point", "coordinates": [72.908889, 18.914722]}, "properties": {"susceptibility_score": 0.4, "provenance": "MODELLED"}}, {"type": "Feature", "geometry": {"type": "Point", "coordinates": [72.915, 18.914722]}, "properties": {"susceptibility_score": 0.4, "provenance": "MODELLED"}}, {"type": "Feature", "geometry": {"type": "Point", "coordinates": [72.921111, 18.914722]}, "properties": {"susceptibility_score": 0.4, "provenance": "MODELLED"}}, {"type": "Feature", "geometry": {"type": "Point", "coordinates": [72.927222, 18.914722]}, "properties": {"susceptibility_score": 0.4, "provenance": "MODELLED"}}, {"type": "Feature", "geometry": {"type": "Point", "coordinates": [72.933333, 18.914722]}, "properties": {"susceptibility_score": 0.4, "provenance": "MODELLED"}}, {"type": "Feature", "geometry": {"type": "Point", "coordinates": [72.939444, 18.914722]}, "properties": {"susceptibility_score": 0.4, "provenance": "MODELLED"}}, {"type": "Feature", "geometry": {"type": "Point", "coordinates": [72.945556, 18.914722]}, "properties": {"susceptibility_score": 0.4, "provenance": "MODELLED"}}, {"type": "Feature", "geometry": {"type": "Point", "coordinates": [72.951667, 18.914722]}, "properties": {"susceptibility_score": 0.4163, "provenance": "MODELLED"}}, {"type": "Feature", "geometry": {"type": "Point", "coordinates": [72.957778, 18.914722]}, "properties": {"susceptibility_score": 0.47, "provenance": "MODELLED"}}, {"type": "Feature", "geometry": {"type": "Point", "coordinates": [72.963889, 18.914722]}, "properties": {"susceptibility_score": 0.4429, "provenance": "MODELLED"}}, {"type": "Feature", "geometry": {"type": "Point", "coordinates": [72.97, 18.914722]}, "properties": {"susceptibility_score": 0.4093, "provenance": "MODELLED"}}, {"type": "Feature", "geometry": {"type": "Point", "coordinates": [72.976111, 18.914722]}, "properties": {"susceptibility_score": 0.598, "provenance": "MODELLED"}}, {"type": "Feature", "geometry": {"type": "Point", "coordinates": [72.982222, 18.914722]}, "properties": {"susceptibility_score": 0.5853, "provenance": "MODELLED"}}, {"type": "Feature", "geometry": {"type": "Point", "coordinates": [72.988333, 18.914722]}, "properties": {"susceptibility_score": 0.654, "provenance": "MODELLED"}}, {"type": "Feature", "geometry": {"type": "Point", "coordinates": [72.994444, 18.914722]}, "properties": {"susceptibility_score": 0.7269, "provenance": "MODELLED"}}, {"type": "Feature", "geometry": {"type": "Point", "coordinates": [73.000556, 18.914722]}, "properties": {"susceptibility_score": 0.5586, "provenance": "MODELLED"}}, {"type": "Feature", "geometry": {"type": "Point", "coordinates": [73.006667, 18.914722]}, "properties": {"susceptibility_score": 0.5904, "provenance": "MODELLED"}}, {"type": "Feature", "geometry": {"type": "Point", "coordinates": [73.012778, 18.914722]}, "properties": {"susceptibility_score": 0.5847, "provenance": "MODELLED"}}, {"type": "Feature", "geometry": {"type": "Point", "coordinates": [73.018889, 18.914722]}, "properties": {"susceptibility_score": 0.503, "provenance": "MODELLED"}}, {"type": "Feature", "geometry": {"type": "Point", "coordinates": [73.025, 18.914722]}, "properties": {"susceptibility_score": 0.4976, "provenance": "MODELLED"}}, {"type": "Feature", "geometry": {"type": "Point", "coordinates": [73.031111, 18.914722]}, "properties": {"susceptibility_score": 0.6082, "provenance": "MODELLED"}}, {"type": "Feature", "geometry": {"type": "Point", "coordinates": [73.037222, 18.914722]}, "properties": {"susceptibility_score": 0.475, "provenance": "MODELLED"}}, {"type": "Feature", "geometry": {"type": "Point", "coordinates": [73.043333, 18.914722]}, "properties": {"susceptibility_score": 0.4509, "provenance": "MODELLED"}}, {"type": "Feature", "geometry": {"type": "Point", "coordinates": [73.049722, 18.914722]}, "properties": {"susceptibility_score": 0.5599, "provenance": "MODELLED"}}, {"type": "Feature", "geometry": {"type": "Point", "coordinates": [72.75, 18.905556]}, "properties": {"susceptibility_score": 0.4, "provenance": "MODELLED"}}, {"type": "Feature", "geometry": {"type": "Point", "coordinates": [72.756111, 18.905556]}, "properties": {"susceptibility_score": 0.4, "provenance": "MODELLED"}}, {"type": "Feature", "geometry": {"type": "Point", "coordinates": [72.762222, 18.905556]}, "properties": {"susceptibility_score": 0.4, "provenance": "MODELLED"}}, {"type": "Feature", "geometry": {"type": "Point", "coordinates": [72.768333, 18.905556]}, "properties": {"susceptibility_score": 0.4, "provenance": "MODELLED"}}, {"type": "Feature", "geometry": {"type": "Point", "coordinates": [72.774444, 18.905556]}, "properties": {"susceptibility_score": 0.4, "provenance": "MODELLED"}}, {"type": "Feature", "geometry": {"type": "Point", "coordinates": [72.780556, 18.905556]}, "properties": {"susceptibility_score": 0.4, "provenance": "MODELLED"}}, {"type": "Feature", "geometry": {"type": "Point", "coordinates": [72.786667, 18.905556]}, "properties": {"susceptibility_score": 0.4, "provenance": "MODELLED"}}, {"type": "Feature", "geometry": {"type": "Point", "coordinates": [72.792778, 18.905556]}, "properties": {"susceptibility_score": 0.4, "provenance": "MODELLED"}}, {"type": "Feature", "geometry": {"type": "Point", "coordinates": [72.798889, 18.905556]}, "properties": {"susceptibility_score": 0.4, "provenance": "MODELLED"}}, {"type": "Feature", "geometry": {"type": "Point", "coordinates": [72.805, 18.905556]}, "properties": {"susceptibility_score": 0.5906, "provenance": "MODELLED"}}, {"type": "Feature", "geometry": {"type": "Point", "coordinates": [72.811111, 18.905556]}, "properties": {"susceptibility_score": 0.6231, "provenance": "MODELLED"}}, {"type": "Feature", "geometry": {"type": "Point", "coordinates": [72.817222, 18.905556]}, "properties": {"susceptibility_score": 0.7884, "provenance": "MODELLED"}}, {"type": "Feature", "geometry": {"type": "Point", "coordinates": [72.823333, 18.905556]}, "properties": {"susceptibility_score": 0.4971, "provenance": "MODELLED"}}, {"type": "Feature", "geometry": {"type": "Point", "coordinates": [72.829444, 18.905556]}, "properties": {"susceptibility_score": 0.4, "provenance": "MODELLED"}}, {"type": "Feature", "geometry": {"type": "Point", "coordinates": [72.835556, 18.905556]}, "properties": {"susceptibility_score": 0.4, "provenance": "MODELLED"}}, {"type": "Feature", "geometry": {"type": "Point", "coordinates": [72.841667, 18.905556]}, "properties": {"susceptibility_score": 0.4, "provenance": "MODELLED"}}, {"type": "Feature", "geometry": {"type": "Point", "coordinates": [72.847778, 18.905556]}, "properties": {"susceptibility_score": 0.4, "provenance": "MODELLED"}}, {"type": "Feature", "geometry": {"type": "Point", "coordinates": [72.853889, 18.905556]}, "properties": {"susceptibility_score": 0.4, "provenance": "MODELLED"}}, {"type": "Feature", "geometry": {"type": "Point", "coordinates": [72.86, 18.905556]}, "properties": {"susceptibility_score": 0.4, "provenance": "MODELLED"}}, {"type": "Feature", "geometry": {"type": "Point", "coordinates": [72.866111, 18.905556]}, "properties": {"susceptibility_score": 0.4, "provenance": "MODELLED"}}, {"type": "Feature", "geometry": {"type": "Point", "coordinates": [72.872222, 18.905556]}, "properties": {"susceptibility_score": 0.4, "provenance": "MODELLED"}}, {"type": "Feature", "geometry": {"type": "Point", "coordinates": [72.878333, 18.905556]}, "properties": {"susceptibility_score": 0.4, "provenance": "MODELLED"}}, {"type": "Feature", "geometry": {"type": "Point", "coordinates": [72.884444, 18.905556]}, "properties": {"susceptibility_score": 0.4, "provenance": "MODELLED"}}, {"type": "Feature", "geometry": {"type": "Point", "coordinates": [72.890556, 18.905556]}, "properties": {"susceptibility_score": 0.4, "provenance": "MODELLED"}}, {"type": "Feature", "geometry": {"type": "Point", "coordinates": [72.896667, 18.905556]}, "properties": {"susceptibility_score": 0.4, "provenance": "MODELLED"}}, {"type": "Feature", "geometry": {"type": "Point", "coordinates": [72.902778, 18.905556]}, "properties": {"susceptibility_score": 0.4, "provenance": "MODELLED"}}, {"type": "Feature", "geometry": {"type": "Point", "coordinates": [72.908889, 18.905556]}, "properties": {"susceptibility_score": 0.4, "provenance": "MODELLED"}}, {"type": "Feature", "geometry": {"type": "Point", "coordinates": [72.915, 18.905556]}, "properties": {"susceptibility_score": 0.4, "provenance": "MODELLED"}}, {"type": "Feature", "geometry": {"type": "Point", "coordinates": [72.921111, 18.905556]}, "properties": {"susceptibility_score": 0.3311, "provenance": "MODELLED"}}, {"type": "Feature", "geometry": {"type": "Point", "coordinates": [72.927222, 18.905556]}, "properties": {"susceptibility_score": 0.2828, "provenance": "MODELLED"}}, {"type": "Feature", "geometry": {"type": "Point", "coordinates": [72.933333, 18.905556]}, "properties": {"susceptibility_score": 0.4, "provenance": "MODELLED"}}, {"type": "Feature", "geometry": {"type": "Point", "coordinates": [72.939444, 18.905556]}, "properties": {"susceptibility_score": 0.435, "provenance": "MODELLED"}}, {"type": "Feature", "geometry": {"type": "Point", "coordinates": [72.945556, 18.905556]}, "properties": {"susceptibility_score": 0.4203, "provenance": "MODELLED"}}, {"type": "Feature", "geometry": {"type": "Point", "coordinates": [72.951667, 18.905556]}, "properties": {"susceptibility_score": 0.4282, "provenance": "MODELLED"}}, {"type": "Feature", "geometry": {"type": "Point", "coordinates": [72.957778, 18.905556]}, "properties": {"susceptibility_score": 0.5892, "provenance": "MODELLED"}}, {"type": "Feature", "geometry": {"type": "Point", "coordinates": [72.963889, 18.905556]}, "properties": {"susceptibility_score": 0.548, "provenance": "MODELLED"}}, {"type": "Feature", "geometry": {"type": "Point", "coordinates": [72.97, 18.905556]}, "properties": {"susceptibility_score": 0.5917, "provenance": "MODELLED"}}, {"type": "Feature", "geometry": {"type": "Point", "coordinates": [72.976111, 18.905556]}, "properties": {"susceptibility_score": 0.4982, "provenance": "MODELLED"}}, {"type": "Feature", "geometry": {"type": "Point", "coordinates": [72.982222, 18.905556]}, "properties": {"susceptibility_score": 0.6837, "provenance": "MODELLED"}}, {"type": "Feature", "geometry": {"type": "Point", "coordinates": [72.988333, 18.905556]}, "properties": {"susceptibility_score": 0.5502, "provenance": "MODELLED"}}, {"type": "Feature", "geometry": {"type": "Point", "coordinates": [72.994444, 18.905556]}, "properties": {"susceptibility_score": 0.542, "provenance": "MODELLED"}}, {"type": "Feature", "geometry": {"type": "Point", "coordinates": [73.000556, 18.905556]}, "properties": {"susceptibility_score": 0.478, "provenance": "MODELLED"}}, {"type": "Feature", "geometry": {"type": "Point", "coordinates": [73.006667, 18.905556]}, "properties": {"susceptibility_score": 0.4369, "provenance": "MODELLED"}}, {"type": "Feature", "geometry": {"type": "Point", "coordinates": [73.012778, 18.905556]}, "properties": {"susceptibility_score": 0.6224, "provenance": "MODELLED"}}, {"type": "Feature", "geometry": {"type": "Point", "coordinates": [73.018889, 18.905556]}, "properties": {"susceptibility_score": 0.5875, "provenance": "MODELLED"}}, {"type": "Feature", "geometry": {"type": "Point", "coordinates": [73.025, 18.905556]}, "properties": {"susceptibility_score": 0.5844, "provenance": "MODELLED"}}, {"type": "Feature", "geometry": {"type": "Point", "coordinates": [73.031111, 18.905556]}, "properties": {"susceptibility_score": 0.5657, "provenance": "MODELLED"}}, {"type": "Feature", "geometry": {"type": "Point", "coordinates": [73.037222, 18.905556]}, "properties": {"susceptibility_score": 0.572, "provenance": "MODELLED"}}, {"type": "Feature", "geometry": {"type": "Point", "coordinates": [73.043333, 18.905556]}, "properties": {"susceptibility_score": 0.6696, "provenance": "MODELLED"}}, {"type": "Feature", "geometry": {"type": "Point", "coordinates": [73.049722, 18.905556]}, "properties": {"susceptibility_score": 0.4466, "provenance": "MODELLED"}}, {"type": "Feature", "geometry": {"type": "Point", "coordinates": [72.75, 18.896389]}, "properties": {"susceptibility_score": 0.4, "provenance": "MODELLED"}}, {"type": "Feature", "geometry": {"type": "Point", "coordinates": [72.756111, 18.896389]}, "properties": {"susceptibility_score": 0.4, "provenance": "MODELLED"}}, {"type": "Feature", "geometry": {"type": "Point", "coordinates": [72.762222, 18.896389]}, "properties": {"susceptibility_score": 0.4, "provenance": "MODELLED"}}, {"type": "Feature", "geometry": {"type": "Point", "coordinates": [72.768333, 18.896389]}, "properties": {"susceptibility_score": 0.4, "provenance": "MODELLED"}}, {"type": "Feature", "geometry": {"type": "Point", "coordinates": [72.774444, 18.896389]}, "properties": {"susceptibility_score": 0.4, "provenance": "MODELLED"}}, {"type": "Feature", "geometry": {"type": "Point", "coordinates": [72.780556, 18.896389]}, "properties": {"susceptibility_score": 0.4, "provenance": "MODELLED"}}, {"type": "Feature", "geometry": {"type": "Point", "coordinates": [72.786667, 18.896389]}, "properties": {"susceptibility_score": 0.4, "provenance": "MODELLED"}}, {"type": "Feature", "geometry": {"type": "Point", "coordinates": [72.792778, 18.896389]}, "properties": {"susceptibility_score": 0.4, "provenance": "MODELLED"}}, {"type": "Feature", "geometry": {"type": "Point", "coordinates": [72.798889, 18.896389]}, "properties": {"susceptibility_score": 0.4, "provenance": "MODELLED"}}, {"type": "Feature", "geometry": {"type": "Point", "coordinates": [72.805, 18.896389]}, "properties": {"susceptibility_score": 0.4, "provenance": "MODELLED"}}, {"type": "Feature", "geometry": {"type": "Point", "coordinates": [72.811111, 18.896389]}, "properties": {"susceptibility_score": 0.5696, "provenance": "MODELLED"}}, {"type": "Feature", "geometry": {"type": "Point", "coordinates": [72.817222, 18.896389]}, "properties": {"susceptibility_score": 0.4, "provenance": "MODELLED"}}, {"type": "Feature", "geometry": {"type": "Point", "coordinates": [72.823333, 18.896389]}, "properties": {"susceptibility_score": 0.4, "provenance": "MODELLED"}}, {"type": "Feature", "geometry": {"type": "Point", "coordinates": [72.829444, 18.896389]}, "properties": {"susceptibility_score": 0.4, "provenance": "MODELLED"}}, {"type": "Feature", "geometry": {"type": "Point", "coordinates": [72.835556, 18.896389]}, "properties": {"susceptibility_score": 0.4, "provenance": "MODELLED"}}, {"type": "Feature", "geometry": {"type": "Point", "coordinates": [72.841667, 18.896389]}, "properties": {"susceptibility_score": 0.4, "provenance": "MODELLED"}}, {"type": "Feature", "geometry": {"type": "Point", "coordinates": [72.847778, 18.896389]}, "properties": {"susceptibility_score": 0.4, "provenance": "MODELLED"}}, {"type": "Feature", "geometry": {"type": "Point", "coordinates": [72.853889, 18.896389]}, "properties": {"susceptibility_score": 0.4, "provenance": "MODELLED"}}, {"type": "Feature", "geometry": {"type": "Point", "coordinates": [72.86, 18.896389]}, "properties": {"susceptibility_score": 0.4, "provenance": "MODELLED"}}, {"type": "Feature", "geometry": {"type": "Point", "coordinates": [72.866111, 18.896389]}, "properties": {"susceptibility_score": 0.4, "provenance": "MODELLED"}}, {"type": "Feature", "geometry": {"type": "Point", "coordinates": [72.872222, 18.896389]}, "properties": {"susceptibility_score": 0.4, "provenance": "MODELLED"}}, {"type": "Feature", "geometry": {"type": "Point", "coordinates": [72.878333, 18.896389]}, "properties": {"susceptibility_score": 0.4, "provenance": "MODELLED"}}, {"type": "Feature", "geometry": {"type": "Point", "coordinates": [72.884444, 18.896389]}, "properties": {"susceptibility_score": 0.4, "provenance": "MODELLED"}}, {"type": "Feature", "geometry": {"type": "Point", "coordinates": [72.890556, 18.896389]}, "properties": {"susceptibility_score": 0.4, "provenance": "MODELLED"}}, {"type": "Feature", "geometry": {"type": "Point", "coordinates": [72.896667, 18.896389]}, "properties": {"susceptibility_score": 0.4, "provenance": "MODELLED"}}, {"type": "Feature", "geometry": {"type": "Point", "coordinates": [72.902778, 18.896389]}, "properties": {"susceptibility_score": 0.4, "provenance": "MODELLED"}}, {"type": "Feature", "geometry": {"type": "Point", "coordinates": [72.908889, 18.896389]}, "properties": {"susceptibility_score": 0.41, "provenance": "MODELLED"}}, {"type": "Feature", "geometry": {"type": "Point", "coordinates": [72.915, 18.896389]}, "properties": {"susceptibility_score": 0.4966, "provenance": "MODELLED"}}, {"type": "Feature", "geometry": {"type": "Point", "coordinates": [72.921111, 18.896389]}, "properties": {"susceptibility_score": 0.2394, "provenance": "MODELLED"}}, {"type": "Feature", "geometry": {"type": "Point", "coordinates": [72.927222, 18.896389]}, "properties": {"susceptibility_score": 0.2935, "provenance": "MODELLED"}}, {"type": "Feature", "geometry": {"type": "Point", "coordinates": [72.933333, 18.896389]}, "properties": {"susceptibility_score": 0.4383, "provenance": "MODELLED"}}, {"type": "Feature", "geometry": {"type": "Point", "coordinates": [72.939444, 18.896389]}, "properties": {"susceptibility_score": 0.5673, "provenance": "MODELLED"}}, {"type": "Feature", "geometry": {"type": "Point", "coordinates": [72.945556, 18.896389]}, "properties": {"susceptibility_score": 0.5539, "provenance": "MODELLED"}}, {"type": "Feature", "geometry": {"type": "Point", "coordinates": [72.951667, 18.896389]}, "properties": {"susceptibility_score": 0.5357, "provenance": "MODELLED"}}, {"type": "Feature", "geometry": {"type": "Point", "coordinates": [72.957778, 18.896389]}, "properties": {"susceptibility_score": 0.5187, "provenance": "MODELLED"}}, {"type": "Feature", "geometry": {"type": "Point", "coordinates": [72.963889, 18.896389]}, "properties": {"susceptibility_score": 0.5915, "provenance": "MODELLED"}}, {"type": "Feature", "geometry": {"type": "Point", "coordinates": [72.97, 18.896389]}, "properties": {"susceptibility_score": 0.4755, "provenance": "MODELLED"}}, {"type": "Feature", "geometry": {"type": "Point", "coordinates": [72.976111, 18.896389]}, "properties": {"susceptibility_score": 0.4146, "provenance": "MODELLED"}}, {"type": "Feature", "geometry": {"type": "Point", "coordinates": [72.982222, 18.896389]}, "properties": {"susceptibility_score": 0.5246, "provenance": "MODELLED"}}, {"type": "Feature", "geometry": {"type": "Point", "coordinates": [72.988333, 18.896389]}, "properties": {"susceptibility_score": 0.697, "provenance": "MODELLED"}}, {"type": "Feature", "geometry": {"type": "Point", "coordinates": [72.994444, 18.896389]}, "properties": {"susceptibility_score": 0.5688, "provenance": "MODELLED"}}, {"type": "Feature", "geometry": {"type": "Point", "coordinates": [73.000556, 18.896389]}, "properties": {"susceptibility_score": 0.4875, "provenance": "MODELLED"}}, {"type": "Feature", "geometry": {"type": "Point", "coordinates": [73.006667, 18.896389]}, "properties": {"susceptibility_score": 0.5759, "provenance": "MODELLED"}}, {"type": "Feature", "geometry": {"type": "Point", "coordinates": [73.012778, 18.896389]}, "properties": {"susceptibility_score": 0.5477, "provenance": "MODELLED"}}, {"type": "Feature", "geometry": {"type": "Point", "coordinates": [73.018889, 18.896389]}, "properties": {"susceptibility_score": 0.4932, "provenance": "MODELLED"}}, {"type": "Feature", "geometry": {"type": "Point", "coordinates": [73.025, 18.896389]}, "properties": {"susceptibility_score": 0.505, "provenance": "MODELLED"}}, {"type": "Feature", "geometry": {"type": "Point", "coordinates": [73.031111, 18.896389]}, "properties": {"susceptibility_score": 0.4664, "provenance": "MODELLED"}}, {"type": "Feature", "geometry": {"type": "Point", "coordinates": [73.037222, 18.896389]}, "properties": {"susceptibility_score": 0.4981, "provenance": "MODELLED"}}, {"type": "Feature", "geometry": {"type": "Point", "coordinates": [73.043333, 18.896389]}, "properties": {"susceptibility_score": 0.6902, "provenance": "MODELLED"}}, {"type": "Feature", "geometry": {"type": "Point", "coordinates": [73.049722, 18.896389]}, "properties": {"susceptibility_score": 0.5365, "provenance": "MODELLED"}}, {"type": "Feature", "geometry": {"type": "Point", "coordinates": [72.75, 18.887222]}, "properties": {"susceptibility_score": 0.4, "provenance": "MODELLED"}}, {"type": "Feature", "geometry": {"type": "Point", "coordinates": [72.756111, 18.887222]}, "properties": {"susceptibility_score": 0.4, "provenance": "MODELLED"}}, {"type": "Feature", "geometry": {"type": "Point", "coordinates": [72.762222, 18.887222]}, "properties": {"susceptibility_score": 0.4, "provenance": "MODELLED"}}, {"type": "Feature", "geometry": {"type": "Point", "coordinates": [72.768333, 18.887222]}, "properties": {"susceptibility_score": 0.4, "provenance": "MODELLED"}}, {"type": "Feature", "geometry": {"type": "Point", "coordinates": [72.774444, 18.887222]}, "properties": {"susceptibility_score": 0.4, "provenance": "MODELLED"}}, {"type": "Feature", "geometry": {"type": "Point", "coordinates": [72.780556, 18.887222]}, "properties": {"susceptibility_score": 0.4, "provenance": "MODELLED"}}, {"type": "Feature", "geometry": {"type": "Point", "coordinates": [72.786667, 18.887222]}, "properties": {"susceptibility_score": 0.4, "provenance": "MODELLED"}}, {"type": "Feature", "geometry": {"type": "Point", "coordinates": [72.792778, 18.887222]}, "properties": {"susceptibility_score": 0.4, "provenance": "MODELLED"}}, {"type": "Feature", "geometry": {"type": "Point", "coordinates": [72.798889, 18.887222]}, "properties": {"susceptibility_score": 0.4, "provenance": "MODELLED"}}, {"type": "Feature", "geometry": {"type": "Point", "coordinates": [72.805, 18.887222]}, "properties": {"susceptibility_score": 0.4, "provenance": "MODELLED"}}, {"type": "Feature", "geometry": {"type": "Point", "coordinates": [72.811111, 18.887222]}, "properties": {"susceptibility_score": 0.4, "provenance": "MODELLED"}}, {"type": "Feature", "geometry": {"type": "Point", "coordinates": [72.817222, 18.887222]}, "properties": {"susceptibility_score": 0.4, "provenance": "MODELLED"}}, {"type": "Feature", "geometry": {"type": "Point", "coordinates": [72.823333, 18.887222]}, "properties": {"susceptibility_score": 0.4, "provenance": "MODELLED"}}, {"type": "Feature", "geometry": {"type": "Point", "coordinates": [72.829444, 18.887222]}, "properties": {"susceptibility_score": 0.4, "provenance": "MODELLED"}}, {"type": "Feature", "geometry": {"type": "Point", "coordinates": [72.835556, 18.887222]}, "properties": {"susceptibility_score": 0.4, "provenance": "MODELLED"}}, {"type": "Feature", "geometry": {"type": "Point", "coordinates": [72.841667, 18.887222]}, "properties": {"susceptibility_score": 0.4, "provenance": "MODELLED"}}, {"type": "Feature", "geometry": {"type": "Point", "coordinates": [72.847778, 18.887222]}, "properties": {"susceptibility_score": 0.4, "provenance": "MODELLED"}}, {"type": "Feature", "geometry": {"type": "Point", "coordinates": [72.853889, 18.887222]}, "properties": {"susceptibility_score": 0.4, "provenance": "MODELLED"}}, {"type": "Feature", "geometry": {"type": "Point", "coordinates": [72.86, 18.887222]}, "properties": {"susceptibility_score": 0.4, "provenance": "MODELLED"}}, {"type": "Feature", "geometry": {"type": "Point", "coordinates": [72.866111, 18.887222]}, "properties": {"susceptibility_score": 0.4, "provenance": "MODELLED"}}, {"type": "Feature", "geometry": {"type": "Point", "coordinates": [72.872222, 18.887222]}, "properties": {"susceptibility_score": 0.4, "provenance": "MODELLED"}}, {"type": "Feature", "geometry": {"type": "Point", "coordinates": [72.878333, 18.887222]}, "properties": {"susceptibility_score": 0.4, "provenance": "MODELLED"}}, {"type": "Feature", "geometry": {"type": "Point", "coordinates": [72.884444, 18.887222]}, "properties": {"susceptibility_score": 0.4, "provenance": "MODELLED"}}, {"type": "Feature", "geometry": {"type": "Point", "coordinates": [72.890556, 18.887222]}, "properties": {"susceptibility_score": 0.4, "provenance": "MODELLED"}}, {"type": "Feature", "geometry": {"type": "Point", "coordinates": [72.896667, 18.887222]}, "properties": {"susceptibility_score": 0.4, "provenance": "MODELLED"}}, {"type": "Feature", "geometry": {"type": "Point", "coordinates": [72.902778, 18.887222]}, "properties": {"susceptibility_score": 0.4, "provenance": "MODELLED"}}, {"type": "Feature", "geometry": {"type": "Point", "coordinates": [72.908889, 18.887222]}, "properties": {"susceptibility_score": 0.3969, "provenance": "MODELLED"}}, {"type": "Feature", "geometry": {"type": "Point", "coordinates": [72.915, 18.887222]}, "properties": {"susceptibility_score": 0.3978, "provenance": "MODELLED"}}, {"type": "Feature", "geometry": {"type": "Point", "coordinates": [72.921111, 18.887222]}, "properties": {"susceptibility_score": 0.3808, "provenance": "MODELLED"}}, {"type": "Feature", "geometry": {"type": "Point", "coordinates": [72.927222, 18.887222]}, "properties": {"susceptibility_score": 0.3797, "provenance": "MODELLED"}}, {"type": "Feature", "geometry": {"type": "Point", "coordinates": [72.933333, 18.887222]}, "properties": {"susceptibility_score": 0.4848, "provenance": "MODELLED"}}, {"type": "Feature", "geometry": {"type": "Point", "coordinates": [72.939444, 18.887222]}, "properties": {"susceptibility_score": 0.587, "provenance": "MODELLED"}}, {"type": "Feature", "geometry": {"type": "Point", "coordinates": [72.945556, 18.887222]}, "properties": {"susceptibility_score": 0.5394, "provenance": "MODELLED"}}, {"type": "Feature", "geometry": {"type": "Point", "coordinates": [72.951667, 18.887222]}, "properties": {"susceptibility_score": 0.5975, "provenance": "MODELLED"}}, {"type": "Feature", "geometry": {"type": "Point", "coordinates": [72.957778, 18.887222]}, "properties": {"susceptibility_score": 0.7336, "provenance": "MODELLED"}}, {"type": "Feature", "geometry": {"type": "Point", "coordinates": [72.963889, 18.887222]}, "properties": {"susceptibility_score": 0.6611, "provenance": "MODELLED"}}, {"type": "Feature", "geometry": {"type": "Point", "coordinates": [72.97, 18.887222]}, "properties": {"susceptibility_score": 0.4481, "provenance": "MODELLED"}}, {"type": "Feature", "geometry": {"type": "Point", "coordinates": [72.976111, 18.887222]}, "properties": {"susceptibility_score": 0.4746, "provenance": "MODELLED"}}, {"type": "Feature", "geometry": {"type": "Point", "coordinates": [72.982222, 18.887222]}, "properties": {"susceptibility_score": 0.4936, "provenance": "MODELLED"}}, {"type": "Feature", "geometry": {"type": "Point", "coordinates": [72.988333, 18.887222]}, "properties": {"susceptibility_score": 0.7312, "provenance": "MODELLED"}}, {"type": "Feature", "geometry": {"type": "Point", "coordinates": [72.994444, 18.887222]}, "properties": {"susceptibility_score": 0.5776, "provenance": "MODELLED"}}, {"type": "Feature", "geometry": {"type": "Point", "coordinates": [73.000556, 18.887222]}, "properties": {"susceptibility_score": 0.5909, "provenance": "MODELLED"}}, {"type": "Feature", "geometry": {"type": "Point", "coordinates": [73.006667, 18.887222]}, "properties": {"susceptibility_score": 0.5841, "provenance": "MODELLED"}}, {"type": "Feature", "geometry": {"type": "Point", "coordinates": [73.012778, 18.887222]}, "properties": {"susceptibility_score": 0.5801, "provenance": "MODELLED"}}, {"type": "Feature", "geometry": {"type": "Point", "coordinates": [73.018889, 18.887222]}, "properties": {"susceptibility_score": 0.5481, "provenance": "MODELLED"}}, {"type": "Feature", "geometry": {"type": "Point", "coordinates": [73.025, 18.887222]}, "properties": {"susceptibility_score": 0.5119, "provenance": "MODELLED"}}, {"type": "Feature", "geometry": {"type": "Point", "coordinates": [73.031111, 18.887222]}, "properties": {"susceptibility_score": 0.5548, "provenance": "MODELLED"}}, {"type": "Feature", "geometry": {"type": "Point", "coordinates": [73.037222, 18.887222]}, "properties": {"susceptibility_score": 0.5804, "provenance": "MODELLED"}}, {"type": "Feature", "geometry": {"type": "Point", "coordinates": [73.043333, 18.887222]}, "properties": {"susceptibility_score": 0.5655, "provenance": "MODELLED"}}, {"type": "Feature", "geometry": {"type": "Point", "coordinates": [73.049722, 18.887222]}, "properties": {"susceptibility_score": 0.5167, "provenance": "MODELLED"}}, {"type": "Feature", "geometry": {"type": "Point", "coordinates": [72.75, 18.878056]}, "properties": {"susceptibility_score": 0.4, "provenance": "MODELLED"}}, {"type": "Feature", "geometry": {"type": "Point", "coordinates": [72.756111, 18.878056]}, "properties": {"susceptibility_score": 0.4, "provenance": "MODELLED"}}, {"type": "Feature", "geometry": {"type": "Point", "coordinates": [72.762222, 18.878056]}, "properties": {"susceptibility_score": 0.4, "provenance": "MODELLED"}}, {"type": "Feature", "geometry": {"type": "Point", "coordinates": [72.768333, 18.878056]}, "properties": {"susceptibility_score": 0.4, "provenance": "MODELLED"}}, {"type": "Feature", "geometry": {"type": "Point", "coordinates": [72.774444, 18.878056]}, "properties": {"susceptibility_score": 0.4, "provenance": "MODELLED"}}, {"type": "Feature", "geometry": {"type": "Point", "coordinates": [72.780556, 18.878056]}, "properties": {"susceptibility_score": 0.4, "provenance": "MODELLED"}}, {"type": "Feature", "geometry": {"type": "Point", "coordinates": [72.786667, 18.878056]}, "properties": {"susceptibility_score": 0.4, "provenance": "MODELLED"}}, {"type": "Feature", "geometry": {"type": "Point", "coordinates": [72.792778, 18.878056]}, "properties": {"susceptibility_score": 0.4, "provenance": "MODELLED"}}, {"type": "Feature", "geometry": {"type": "Point", "coordinates": [72.798889, 18.878056]}, "properties": {"susceptibility_score": 0.4, "provenance": "MODELLED"}}, {"type": "Feature", "geometry": {"type": "Point", "coordinates": [72.805, 18.878056]}, "properties": {"susceptibility_score": 0.4, "provenance": "MODELLED"}}, {"type": "Feature", "geometry": {"type": "Point", "coordinates": [72.811111, 18.878056]}, "properties": {"susceptibility_score": 0.4, "provenance": "MODELLED"}}, {"type": "Feature", "geometry": {"type": "Point", "coordinates": [72.817222, 18.878056]}, "properties": {"susceptibility_score": 0.4, "provenance": "MODELLED"}}, {"type": "Feature", "geometry": {"type": "Point", "coordinates": [72.823333, 18.878056]}, "properties": {"susceptibility_score": 0.4, "provenance": "MODELLED"}}, {"type": "Feature", "geometry": {"type": "Point", "coordinates": [72.829444, 18.878056]}, "properties": {"susceptibility_score": 0.4, "provenance": "MODELLED"}}, {"type": "Feature", "geometry": {"type": "Point", "coordinates": [72.835556, 18.878056]}, "properties": {"susceptibility_score": 0.4, "provenance": "MODELLED"}}, {"type": "Feature", "geometry": {"type": "Point", "coordinates": [72.841667, 18.878056]}, "properties": {"susceptibility_score": 0.4, "provenance": "MODELLED"}}, {"type": "Feature", "geometry": {"type": "Point", "coordinates": [72.847778, 18.878056]}, "properties": {"susceptibility_score": 0.4, "provenance": "MODELLED"}}, {"type": "Feature", "geometry": {"type": "Point", "coordinates": [72.853889, 18.878056]}, "properties": {"susceptibility_score": 0.4, "provenance": "MODELLED"}}, {"type": "Feature", "geometry": {"type": "Point", "coordinates": [72.86, 18.878056]}, "properties": {"susceptibility_score": 0.4, "provenance": "MODELLED"}}, {"type": "Feature", "geometry": {"type": "Point", "coordinates": [72.866111, 18.878056]}, "properties": {"susceptibility_score": 0.4, "provenance": "MODELLED"}}, {"type": "Feature", "geometry": {"type": "Point", "coordinates": [72.872222, 18.878056]}, "properties": {"susceptibility_score": 0.4, "provenance": "MODELLED"}}, {"type": "Feature", "geometry": {"type": "Point", "coordinates": [72.878333, 18.878056]}, "properties": {"susceptibility_score": 0.4, "provenance": "MODELLED"}}, {"type": "Feature", "geometry": {"type": "Point", "coordinates": [72.884444, 18.878056]}, "properties": {"susceptibility_score": 0.4, "provenance": "MODELLED"}}, {"type": "Feature", "geometry": {"type": "Point", "coordinates": [72.890556, 18.878056]}, "properties": {"susceptibility_score": 0.4, "provenance": "MODELLED"}}, {"type": "Feature", "geometry": {"type": "Point", "coordinates": [72.896667, 18.878056]}, "properties": {"susceptibility_score": 0.4, "provenance": "MODELLED"}}, {"type": "Feature", "geometry": {"type": "Point", "coordinates": [72.902778, 18.878056]}, "properties": {"susceptibility_score": 0.4, "provenance": "MODELLED"}}, {"type": "Feature", "geometry": {"type": "Point", "coordinates": [72.908889, 18.878056]}, "properties": {"susceptibility_score": 0.4, "provenance": "MODELLED"}}, {"type": "Feature", "geometry": {"type": "Point", "coordinates": [72.915, 18.878056]}, "properties": {"susceptibility_score": 0.3914, "provenance": "MODELLED"}}, {"type": "Feature", "geometry": {"type": "Point", "coordinates": [72.921111, 18.878056]}, "properties": {"susceptibility_score": 0.3966, "provenance": "MODELLED"}}, {"type": "Feature", "geometry": {"type": "Point", "coordinates": [72.927222, 18.878056]}, "properties": {"susceptibility_score": 0.3831, "provenance": "MODELLED"}}, {"type": "Feature", "geometry": {"type": "Point", "coordinates": [72.933333, 18.878056]}, "properties": {"susceptibility_score": 0.6199, "provenance": "MODELLED"}}, {"type": "Feature", "geometry": {"type": "Point", "coordinates": [72.939444, 18.878056]}, "properties": {"susceptibility_score": 0.7391, "provenance": "MODELLED"}}, {"type": "Feature", "geometry": {"type": "Point", "coordinates": [72.945556, 18.878056]}, "properties": {"susceptibility_score": 0.5168, "provenance": "MODELLED"}}, {"type": "Feature", "geometry": {"type": "Point", "coordinates": [72.951667, 18.878056]}, "properties": {"susceptibility_score": 0.5145, "provenance": "MODELLED"}}, {"type": "Feature", "geometry": {"type": "Point", "coordinates": [72.957778, 18.878056]}, "properties": {"susceptibility_score": 0.5657, "provenance": "MODELLED"}}, {"type": "Feature", "geometry": {"type": "Point", "coordinates": [72.963889, 18.878056]}, "properties": {"susceptibility_score": 0.616, "provenance": "MODELLED"}}, {"type": "Feature", "geometry": {"type": "Point", "coordinates": [72.97, 18.878056]}, "properties": {"susceptibility_score": 0.4905, "provenance": "MODELLED"}}, {"type": "Feature", "geometry": {"type": "Point", "coordinates": [72.976111, 18.878056]}, "properties": {"susceptibility_score": 0.5411, "provenance": "MODELLED"}}, {"type": "Feature", "geometry": {"type": "Point", "coordinates": [72.982222, 18.878056]}, "properties": {"susceptibility_score": 0.6966, "provenance": "MODELLED"}}, {"type": "Feature", "geometry": {"type": "Point", "coordinates": [72.988333, 18.878056]}, "properties": {"susceptibility_score": 0.5947, "provenance": "MODELLED"}}, {"type": "Feature", "geometry": {"type": "Point", "coordinates": [72.994444, 18.878056]}, "properties": {"susceptibility_score": 0.5094, "provenance": "MODELLED"}}, {"type": "Feature", "geometry": {"type": "Point", "coordinates": [73.000556, 18.878056]}, "properties": {"susceptibility_score": 0.6199, "provenance": "MODELLED"}}, {"type": "Feature", "geometry": {"type": "Point", "coordinates": [73.006667, 18.878056]}, "properties": {"susceptibility_score": 0.5294, "provenance": "MODELLED"}}, {"type": "Feature", "geometry": {"type": "Point", "coordinates": [73.012778, 18.878056]}, "properties": {"susceptibility_score": 0.505, "provenance": "MODELLED"}}, {"type": "Feature", "geometry": {"type": "Point", "coordinates": [73.018889, 18.878056]}, "properties": {"susceptibility_score": 0.4961, "provenance": "MODELLED"}}, {"type": "Feature", "geometry": {"type": "Point", "coordinates": [73.025, 18.878056]}, "properties": {"susceptibility_score": 0.5167, "provenance": "MODELLED"}}, {"type": "Feature", "geometry": {"type": "Point", "coordinates": [73.031111, 18.878056]}, "properties": {"susceptibility_score": 0.5275, "provenance": "MODELLED"}}, {"type": "Feature", "geometry": {"type": "Point", "coordinates": [73.037222, 18.878056]}, "properties": {"susceptibility_score": 0.5746, "provenance": "MODELLED"}}, {"type": "Feature", "geometry": {"type": "Point", "coordinates": [73.043333, 18.878056]}, "properties": {"susceptibility_score": 0.5846, "provenance": "MODELLED"}}, {"type": "Feature", "geometry": {"type": "Point", "coordinates": [73.049722, 18.878056]}, "properties": {"susceptibility_score": 0.5426, "provenance": "MODELLED"}}, {"type": "Feature", "geometry": {"type": "Point", "coordinates": [72.75, 18.868889]}, "properties": {"susceptibility_score": 0.4, "provenance": "MODELLED"}}, {"type": "Feature", "geometry": {"type": "Point", "coordinates": [72.756111, 18.868889]}, "properties": {"susceptibility_score": 0.4, "provenance": "MODELLED"}}, {"type": "Feature", "geometry": {"type": "Point", "coordinates": [72.762222, 18.868889]}, "properties": {"susceptibility_score": 0.4, "provenance": "MODELLED"}}, {"type": "Feature", "geometry": {"type": "Point", "coordinates": [72.768333, 18.868889]}, "properties": {"susceptibility_score": 0.4, "provenance": "MODELLED"}}, {"type": "Feature", "geometry": {"type": "Point", "coordinates": [72.774444, 18.868889]}, "properties": {"susceptibility_score": 0.4, "provenance": "MODELLED"}}, {"type": "Feature", "geometry": {"type": "Point", "coordinates": [72.780556, 18.868889]}, "properties": {"susceptibility_score": 0.4, "provenance": "MODELLED"}}, {"type": "Feature", "geometry": {"type": "Point", "coordinates": [72.786667, 18.868889]}, "properties": {"susceptibility_score": 0.4, "provenance": "MODELLED"}}, {"type": "Feature", "geometry": {"type": "Point", "coordinates": [72.792778, 18.868889]}, "properties": {"susceptibility_score": 0.4, "provenance": "MODELLED"}}, {"type": "Feature", "geometry": {"type": "Point", "coordinates": [72.798889, 18.868889]}, "properties": {"susceptibility_score": 0.4, "provenance": "MODELLED"}}, {"type": "Feature", "geometry": {"type": "Point", "coordinates": [72.805, 18.868889]}, "properties": {"susceptibility_score": 0.4, "provenance": "MODELLED"}}, {"type": "Feature", "geometry": {"type": "Point", "coordinates": [72.811111, 18.868889]}, "properties": {"susceptibility_score": 0.4, "provenance": "MODELLED"}}, {"type": "Feature", "geometry": {"type": "Point", "coordinates": [72.817222, 18.868889]}, "properties": {"susceptibility_score": 0.4, "provenance": "MODELLED"}}, {"type": "Feature", "geometry": {"type": "Point", "coordinates": [72.823333, 18.868889]}, "properties": {"susceptibility_score": 0.4, "provenance": "MODELLED"}}, {"type": "Feature", "geometry": {"type": "Point", "coordinates": [72.829444, 18.868889]}, "properties": {"susceptibility_score": 0.4, "provenance": "MODELLED"}}, {"type": "Feature", "geometry": {"type": "Point", "coordinates": [72.835556, 18.868889]}, "properties": {"susceptibility_score": 0.4, "provenance": "MODELLED"}}, {"type": "Feature", "geometry": {"type": "Point", "coordinates": [72.841667, 18.868889]}, "properties": {"susceptibility_score": 0.4, "provenance": "MODELLED"}}, {"type": "Feature", "geometry": {"type": "Point", "coordinates": [72.847778, 18.868889]}, "properties": {"susceptibility_score": 0.4, "provenance": "MODELLED"}}, {"type": "Feature", "geometry": {"type": "Point", "coordinates": [72.853889, 18.868889]}, "properties": {"susceptibility_score": 0.4, "provenance": "MODELLED"}}, {"type": "Feature", "geometry": {"type": "Point", "coordinates": [72.86, 18.868889]}, "properties": {"susceptibility_score": 0.4, "provenance": "MODELLED"}}, {"type": "Feature", "geometry": {"type": "Point", "coordinates": [72.866111, 18.868889]}, "properties": {"susceptibility_score": 0.4, "provenance": "MODELLED"}}, {"type": "Feature", "geometry": {"type": "Point", "coordinates": [72.872222, 18.868889]}, "properties": {"susceptibility_score": 0.4, "provenance": "MODELLED"}}, {"type": "Feature", "geometry": {"type": "Point", "coordinates": [72.878333, 18.868889]}, "properties": {"susceptibility_score": 0.4, "provenance": "MODELLED"}}, {"type": "Feature", "geometry": {"type": "Point", "coordinates": [72.884444, 18.868889]}, "properties": {"susceptibility_score": 0.4, "provenance": "MODELLED"}}, {"type": "Feature", "geometry": {"type": "Point", "coordinates": [72.890556, 18.868889]}, "properties": {"susceptibility_score": 0.4, "provenance": "MODELLED"}}, {"type": "Feature", "geometry": {"type": "Point", "coordinates": [72.896667, 18.868889]}, "properties": {"susceptibility_score": 0.4, "provenance": "MODELLED"}}, {"type": "Feature", "geometry": {"type": "Point", "coordinates": [72.902778, 18.868889]}, "properties": {"susceptibility_score": 0.4, "provenance": "MODELLED"}}, {"type": "Feature", "geometry": {"type": "Point", "coordinates": [72.908889, 18.868889]}, "properties": {"susceptibility_score": 0.4, "provenance": "MODELLED"}}, {"type": "Feature", "geometry": {"type": "Point", "coordinates": [72.915, 18.868889]}, "properties": {"susceptibility_score": 0.4, "provenance": "MODELLED"}}, {"type": "Feature", "geometry": {"type": "Point", "coordinates": [72.921111, 18.868889]}, "properties": {"susceptibility_score": 0.4014, "provenance": "MODELLED"}}, {"type": "Feature", "geometry": {"type": "Point", "coordinates": [72.927222, 18.868889]}, "properties": {"susceptibility_score": 0.493, "provenance": "MODELLED"}}, {"type": "Feature", "geometry": {"type": "Point", "coordinates": [72.933333, 18.868889]}, "properties": {"susceptibility_score": 0.3127, "provenance": "MODELLED"}}, {"type": "Feature", "geometry": {"type": "Point", "coordinates": [72.939444, 18.868889]}, "properties": {"susceptibility_score": 0.3028, "provenance": "MODELLED"}}, {"type": "Feature", "geometry": {"type": "Point", "coordinates": [72.945556, 18.868889]}, "properties": {"susceptibility_score": 0.4501, "provenance": "MODELLED"}}, {"type": "Feature", "geometry": {"type": "Point", "coordinates": [72.951667, 18.868889]}, "properties": {"susceptibility_score": 0.5129, "provenance": "MODELLED"}}, {"type": "Feature", "geometry": {"type": "Point", "coordinates": [72.957778, 18.868889]}, "properties": {"susceptibility_score": 0.6005, "provenance": "MODELLED"}}, {"type": "Feature", "geometry": {"type": "Point", "coordinates": [72.963889, 18.868889]}, "properties": {"susceptibility_score": 0.595, "provenance": "MODELLED"}}, {"type": "Feature", "geometry": {"type": "Point", "coordinates": [72.97, 18.868889]}, "properties": {"susceptibility_score": 0.5993, "provenance": "MODELLED"}}, {"type": "Feature", "geometry": {"type": "Point", "coordinates": [72.976111, 18.868889]}, "properties": {"susceptibility_score": 0.4626, "provenance": "MODELLED"}}, {"type": "Feature", "geometry": {"type": "Point", "coordinates": [72.982222, 18.868889]}, "properties": {"susceptibility_score": 0.4884, "provenance": "MODELLED"}}, {"type": "Feature", "geometry": {"type": "Point", "coordinates": [72.988333, 18.868889]}, "properties": {"susceptibility_score": 0.6099, "provenance": "MODELLED"}}, {"type": "Feature", "geometry": {"type": "Point", "coordinates": [72.994444, 18.868889]}, "properties": {"susceptibility_score": 0.6122, "provenance": "MODELLED"}}, {"type": "Feature", "geometry": {"type": "Point", "coordinates": [73.000556, 18.868889]}, "properties": {"susceptibility_score": 0.5378, "provenance": "MODELLED"}}, {"type": "Feature", "geometry": {"type": "Point", "coordinates": [73.006667, 18.868889]}, "properties": {"susceptibility_score": 0.5195, "provenance": "MODELLED"}}, {"type": "Feature", "geometry": {"type": "Point", "coordinates": [73.012778, 18.868889]}, "properties": {"susceptibility_score": 0.4267, "provenance": "MODELLED"}}, {"type": "Feature", "geometry": {"type": "Point", "coordinates": [73.018889, 18.868889]}, "properties": {"susceptibility_score": 0.5309, "provenance": "MODELLED"}}, {"type": "Feature", "geometry": {"type": "Point", "coordinates": [73.025, 18.868889]}, "properties": {"susceptibility_score": 0.5654, "provenance": "MODELLED"}}, {"type": "Feature", "geometry": {"type": "Point", "coordinates": [73.031111, 18.868889]}, "properties": {"susceptibility_score": 0.6072, "provenance": "MODELLED"}}, {"type": "Feature", "geometry": {"type": "Point", "coordinates": [73.037222, 18.868889]}, "properties": {"susceptibility_score": 0.6357, "provenance": "MODELLED"}}, {"type": "Feature", "geometry": {"type": "Point", "coordinates": [73.043333, 18.868889]}, "properties": {"susceptibility_score": 0.5629, "provenance": "MODELLED"}}, {"type": "Feature", "geometry": {"type": "Point", "coordinates": [73.049722, 18.868889]}, "properties": {"susceptibility_score": 0.5324, "provenance": "MODELLED"}}, {"type": "Feature", "geometry": {"type": "Point", "coordinates": [72.75, 18.859722]}, "properties": {"susceptibility_score": 0.4, "provenance": "MODELLED"}}, {"type": "Feature", "geometry": {"type": "Point", "coordinates": [72.756111, 18.859722]}, "properties": {"susceptibility_score": 0.4, "provenance": "MODELLED"}}, {"type": "Feature", "geometry": {"type": "Point", "coordinates": [72.762222, 18.859722]}, "properties": {"susceptibility_score": 0.4, "provenance": "MODELLED"}}, {"type": "Feature", "geometry": {"type": "Point", "coordinates": [72.768333, 18.859722]}, "properties": {"susceptibility_score": 0.4, "provenance": "MODELLED"}}, {"type": "Feature", "geometry": {"type": "Point", "coordinates": [72.774444, 18.859722]}, "properties": {"susceptibility_score": 0.4, "provenance": "MODELLED"}}, {"type": "Feature", "geometry": {"type": "Point", "coordinates": [72.780556, 18.859722]}, "properties": {"susceptibility_score": 0.4, "provenance": "MODELLED"}}, {"type": "Feature", "geometry": {"type": "Point", "coordinates": [72.786667, 18.859722]}, "properties": {"susceptibility_score": 0.4, "provenance": "MODELLED"}}, {"type": "Feature", "geometry": {"type": "Point", "coordinates": [72.792778, 18.859722]}, "properties": {"susceptibility_score": 0.4, "provenance": "MODELLED"}}, {"type": "Feature", "geometry": {"type": "Point", "coordinates": [72.798889, 18.859722]}, "properties": {"susceptibility_score": 0.4, "provenance": "MODELLED"}}, {"type": "Feature", "geometry": {"type": "Point", "coordinates": [72.805, 18.859722]}, "properties": {"susceptibility_score": 0.4, "provenance": "MODELLED"}}, {"type": "Feature", "geometry": {"type": "Point", "coordinates": [72.811111, 18.859722]}, "properties": {"susceptibility_score": 0.4, "provenance": "MODELLED"}}, {"type": "Feature", "geometry": {"type": "Point", "coordinates": [72.817222, 18.859722]}, "properties": {"susceptibility_score": 0.4, "provenance": "MODELLED"}}, {"type": "Feature", "geometry": {"type": "Point", "coordinates": [72.823333, 18.859722]}, "properties": {"susceptibility_score": 0.4, "provenance": "MODELLED"}}, {"type": "Feature", "geometry": {"type": "Point", "coordinates": [72.829444, 18.859722]}, "properties": {"susceptibility_score": 0.4, "provenance": "MODELLED"}}, {"type": "Feature", "geometry": {"type": "Point", "coordinates": [72.835556, 18.859722]}, "properties": {"susceptibility_score": 0.4, "provenance": "MODELLED"}}, {"type": "Feature", "geometry": {"type": "Point", "coordinates": [72.841667, 18.859722]}, "properties": {"susceptibility_score": 0.4, "provenance": "MODELLED"}}, {"type": "Feature", "geometry": {"type": "Point", "coordinates": [72.847778, 18.859722]}, "properties": {"susceptibility_score": 0.4, "provenance": "MODELLED"}}, {"type": "Feature", "geometry": {"type": "Point", "coordinates": [72.853889, 18.859722]}, "properties": {"susceptibility_score": 0.4, "provenance": "MODELLED"}}, {"type": "Feature", "geometry": {"type": "Point", "coordinates": [72.86, 18.859722]}, "properties": {"susceptibility_score": 0.4, "provenance": "MODELLED"}}, {"type": "Feature", "geometry": {"type": "Point", "coordinates": [72.866111, 18.859722]}, "properties": {"susceptibility_score": 0.4, "provenance": "MODELLED"}}, {"type": "Feature", "geometry": {"type": "Point", "coordinates": [72.872222, 18.859722]}, "properties": {"susceptibility_score": 0.4, "provenance": "MODELLED"}}, {"type": "Feature", "geometry": {"type": "Point", "coordinates": [72.878333, 18.859722]}, "properties": {"susceptibility_score": 0.4, "provenance": "MODELLED"}}, {"type": "Feature", "geometry": {"type": "Point", "coordinates": [72.884444, 18.859722]}, "properties": {"susceptibility_score": 0.4, "provenance": "MODELLED"}}, {"type": "Feature", "geometry": {"type": "Point", "coordinates": [72.890556, 18.859722]}, "properties": {"susceptibility_score": 0.4, "provenance": "MODELLED"}}, {"type": "Feature", "geometry": {"type": "Point", "coordinates": [72.896667, 18.859722]}, "properties": {"susceptibility_score": 0.4, "provenance": "MODELLED"}}, {"type": "Feature", "geometry": {"type": "Point", "coordinates": [72.902778, 18.859722]}, "properties": {"susceptibility_score": 0.4, "provenance": "MODELLED"}}, {"type": "Feature", "geometry": {"type": "Point", "coordinates": [72.908889, 18.859722]}, "properties": {"susceptibility_score": 0.4, "provenance": "MODELLED"}}, {"type": "Feature", "geometry": {"type": "Point", "coordinates": [72.915, 18.859722]}, "properties": {"susceptibility_score": 0.4, "provenance": "MODELLED"}}, {"type": "Feature", "geometry": {"type": "Point", "coordinates": [72.921111, 18.859722]}, "properties": {"susceptibility_score": 0.4, "provenance": "MODELLED"}}, {"type": "Feature", "geometry": {"type": "Point", "coordinates": [72.927222, 18.859722]}, "properties": {"susceptibility_score": 0.5273, "provenance": "MODELLED"}}, {"type": "Feature", "geometry": {"type": "Point", "coordinates": [72.933333, 18.859722]}, "properties": {"susceptibility_score": 0.2539, "provenance": "MODELLED"}}, {"type": "Feature", "geometry": {"type": "Point", "coordinates": [72.939444, 18.859722]}, "properties": {"susceptibility_score": 0.1985, "provenance": "MODELLED"}}, {"type": "Feature", "geometry": {"type": "Point", "coordinates": [72.945556, 18.859722]}, "properties": {"susceptibility_score": 0.4619, "provenance": "MODELLED"}}, {"type": "Feature", "geometry": {"type": "Point", "coordinates": [72.951667, 18.859722]}, "properties": {"susceptibility_score": 0.4804, "provenance": "MODELLED"}}, {"type": "Feature", "geometry": {"type": "Point", "coordinates": [72.957778, 18.859722]}, "properties": {"susceptibility_score": 0.5433, "provenance": "MODELLED"}}, {"type": "Feature", "geometry": {"type": "Point", "coordinates": [72.963889, 18.859722]}, "properties": {"susceptibility_score": 0.5865, "provenance": "MODELLED"}}, {"type": "Feature", "geometry": {"type": "Point", "coordinates": [72.97, 18.859722]}, "properties": {"susceptibility_score": 0.6243, "provenance": "MODELLED"}}, {"type": "Feature", "geometry": {"type": "Point", "coordinates": [72.976111, 18.859722]}, "properties": {"susceptibility_score": 0.47, "provenance": "MODELLED"}}, {"type": "Feature", "geometry": {"type": "Point", "coordinates": [72.982222, 18.859722]}, "properties": {"susceptibility_score": 0.4194, "provenance": "MODELLED"}}, {"type": "Feature", "geometry": {"type": "Point", "coordinates": [72.988333, 18.859722]}, "properties": {"susceptibility_score": 0.4738, "provenance": "MODELLED"}}, {"type": "Feature", "geometry": {"type": "Point", "coordinates": [72.994444, 18.859722]}, "properties": {"susceptibility_score": 0.407, "provenance": "MODELLED"}}, {"type": "Feature", "geometry": {"type": "Point", "coordinates": [73.000556, 18.859722]}, "properties": {"susceptibility_score": 0.4569, "provenance": "MODELLED"}}, {"type": "Feature", "geometry": {"type": "Point", "coordinates": [73.006667, 18.859722]}, "properties": {"susceptibility_score": 0.5813, "provenance": "MODELLED"}}, {"type": "Feature", "geometry": {"type": "Point", "coordinates": [73.012778, 18.859722]}, "properties": {"susceptibility_score": 0.4954, "provenance": "MODELLED"}}, {"type": "Feature", "geometry": {"type": "Point", "coordinates": [73.018889, 18.859722]}, "properties": {"susceptibility_score": 0.5981, "provenance": "MODELLED"}}, {"type": "Feature", "geometry": {"type": "Point", "coordinates": [73.025, 18.859722]}, "properties": {"susceptibility_score": 0.4072, "provenance": "MODELLED"}}, {"type": "Feature", "geometry": {"type": "Point", "coordinates": [73.031111, 18.859722]}, "properties": {"susceptibility_score": 0.5414, "provenance": "MODELLED"}}, {"type": "Feature", "geometry": {"type": "Point", "coordinates": [73.037222, 18.859722]}, "properties": {"susceptibility_score": 0.4863, "provenance": "MODELLED"}}, {"type": "Feature", "geometry": {"type": "Point", "coordinates": [73.043333, 18.859722]}, "properties": {"susceptibility_score": 0.4242, "provenance": "MODELLED"}}, {"type": "Feature", "geometry": {"type": "Point", "coordinates": [73.049722, 18.859722]}, "properties": {"susceptibility_score": 0.3306, "provenance": "MODELLED"}}, {"type": "Feature", "geometry": {"type": "Point", "coordinates": [72.75, 18.850278]}, "properties": {"susceptibility_score": 0.4, "provenance": "MODELLED"}}, {"type": "Feature", "geometry": {"type": "Point", "coordinates": [72.756111, 18.850278]}, "properties": {"susceptibility_score": 0.4, "provenance": "MODELLED"}}, {"type": "Feature", "geometry": {"type": "Point", "coordinates": [72.762222, 18.850278]}, "properties": {"susceptibility_score": 0.4, "provenance": "MODELLED"}}, {"type": "Feature", "geometry": {"type": "Point", "coordinates": [72.768333, 18.850278]}, "properties": {"susceptibility_score": 0.4, "provenance": "MODELLED"}}, {"type": "Feature", "geometry": {"type": "Point", "coordinates": [72.774444, 18.850278]}, "properties": {"susceptibility_score": 0.4, "provenance": "MODELLED"}}, {"type": "Feature", "geometry": {"type": "Point", "coordinates": [72.780556, 18.850278]}, "properties": {"susceptibility_score": 0.4, "provenance": "MODELLED"}}, {"type": "Feature", "geometry": {"type": "Point", "coordinates": [72.786667, 18.850278]}, "properties": {"susceptibility_score": 0.4, "provenance": "MODELLED"}}, {"type": "Feature", "geometry": {"type": "Point", "coordinates": [72.792778, 18.850278]}, "properties": {"susceptibility_score": 0.4, "provenance": "MODELLED"}}, {"type": "Feature", "geometry": {"type": "Point", "coordinates": [72.798889, 18.850278]}, "properties": {"susceptibility_score": 0.4, "provenance": "MODELLED"}}, {"type": "Feature", "geometry": {"type": "Point", "coordinates": [72.805, 18.850278]}, "properties": {"susceptibility_score": 0.4, "provenance": "MODELLED"}}, {"type": "Feature", "geometry": {"type": "Point", "coordinates": [72.811111, 18.850278]}, "properties": {"susceptibility_score": 0.4, "provenance": "MODELLED"}}, {"type": "Feature", "geometry": {"type": "Point", "coordinates": [72.817222, 18.850278]}, "properties": {"susceptibility_score": 0.4, "provenance": "MODELLED"}}, {"type": "Feature", "geometry": {"type": "Point", "coordinates": [72.823333, 18.850278]}, "properties": {"susceptibility_score": 0.4, "provenance": "MODELLED"}}, {"type": "Feature", "geometry": {"type": "Point", "coordinates": [72.829444, 18.850278]}, "properties": {"susceptibility_score": 0.4, "provenance": "MODELLED"}}, {"type": "Feature", "geometry": {"type": "Point", "coordinates": [72.835556, 18.850278]}, "properties": {"susceptibility_score": 0.4, "provenance": "MODELLED"}}, {"type": "Feature", "geometry": {"type": "Point", "coordinates": [72.841667, 18.850278]}, "properties": {"susceptibility_score": 0.4, "provenance": "MODELLED"}}, {"type": "Feature", "geometry": {"type": "Point", "coordinates": [72.847778, 18.850278]}, "properties": {"susceptibility_score": 0.4, "provenance": "MODELLED"}}, {"type": "Feature", "geometry": {"type": "Point", "coordinates": [72.853889, 18.850278]}, "properties": {"susceptibility_score": 0.4, "provenance": "MODELLED"}}, {"type": "Feature", "geometry": {"type": "Point", "coordinates": [72.86, 18.850278]}, "properties": {"susceptibility_score": 0.4, "provenance": "MODELLED"}}, {"type": "Feature", "geometry": {"type": "Point", "coordinates": [72.866111, 18.850278]}, "properties": {"susceptibility_score": 0.4, "provenance": "MODELLED"}}, {"type": "Feature", "geometry": {"type": "Point", "coordinates": [72.872222, 18.850278]}, "properties": {"susceptibility_score": 0.4, "provenance": "MODELLED"}}, {"type": "Feature", "geometry": {"type": "Point", "coordinates": [72.878333, 18.850278]}, "properties": {"susceptibility_score": 0.4, "provenance": "MODELLED"}}, {"type": "Feature", "geometry": {"type": "Point", "coordinates": [72.884444, 18.850278]}, "properties": {"susceptibility_score": 0.4, "provenance": "MODELLED"}}, {"type": "Feature", "geometry": {"type": "Point", "coordinates": [72.890556, 18.850278]}, "properties": {"susceptibility_score": 0.4, "provenance": "MODELLED"}}, {"type": "Feature", "geometry": {"type": "Point", "coordinates": [72.896667, 18.850278]}, "properties": {"susceptibility_score": 0.4, "provenance": "MODELLED"}}, {"type": "Feature", "geometry": {"type": "Point", "coordinates": [72.902778, 18.850278]}, "properties": {"susceptibility_score": 0.4, "provenance": "MODELLED"}}, {"type": "Feature", "geometry": {"type": "Point", "coordinates": [72.908889, 18.850278]}, "properties": {"susceptibility_score": 0.4, "provenance": "MODELLED"}}, {"type": "Feature", "geometry": {"type": "Point", "coordinates": [72.915, 18.850278]}, "properties": {"susceptibility_score": 0.4, "provenance": "MODELLED"}}, {"type": "Feature", "geometry": {"type": "Point", "coordinates": [72.921111, 18.850278]}, "properties": {"susceptibility_score": 0.4, "provenance": "MODELLED"}}, {"type": "Feature", "geometry": {"type": "Point", "coordinates": [72.927222, 18.850278]}, "properties": {"susceptibility_score": 0.4, "provenance": "MODELLED"}}, {"type": "Feature", "geometry": {"type": "Point", "coordinates": [72.933333, 18.850278]}, "properties": {"susceptibility_score": 0.2864, "provenance": "MODELLED"}}, {"type": "Feature", "geometry": {"type": "Point", "coordinates": [72.939444, 18.850278]}, "properties": {"susceptibility_score": 0.3544, "provenance": "MODELLED"}}, {"type": "Feature", "geometry": {"type": "Point", "coordinates": [72.945556, 18.850278]}, "properties": {"susceptibility_score": 0.4574, "provenance": "MODELLED"}}, {"type": "Feature", "geometry": {"type": "Point", "coordinates": [72.951667, 18.850278]}, "properties": {"susceptibility_score": 0.3914, "provenance": "MODELLED"}}, {"type": "Feature", "geometry": {"type": "Point", "coordinates": [72.957778, 18.850278]}, "properties": {"susceptibility_score": 0.5087, "provenance": "MODELLED"}}, {"type": "Feature", "geometry": {"type": "Point", "coordinates": [72.963889, 18.850278]}, "properties": {"susceptibility_score": 0.4976, "provenance": "MODELLED"}}, {"type": "Feature", "geometry": {"type": "Point", "coordinates": [72.97, 18.850278]}, "properties": {"susceptibility_score": 0.4254, "provenance": "MODELLED"}}, {"type": "Feature", "geometry": {"type": "Point", "coordinates": [72.976111, 18.850278]}, "properties": {"susceptibility_score": 0.4, "provenance": "MODELLED"}}, {"type": "Feature", "geometry": {"type": "Point", "coordinates": [72.982222, 18.850278]}, "properties": {"susceptibility_score": 0.3961, "provenance": "MODELLED"}}, {"type": "Feature", "geometry": {"type": "Point", "coordinates": [72.988333, 18.850278]}, "properties": {"susceptibility_score": 0.3979, "provenance": "MODELLED"}}, {"type": "Feature", "geometry": {"type": "Point", "coordinates": [72.994444, 18.850278]}, "properties": {"susceptibility_score": 0.398, "provenance": "MODELLED"}}, {"type": "Feature", "geometry": {"type": "Point", "coordinates": [73.000556, 18.850278]}, "properties": {"susceptibility_score": 0.3982, "provenance": "MODELLED"}}, {"type": "Feature", "geometry": {"type": "Point", "coordinates": [73.006667, 18.850278]}, "properties": {"susceptibility_score": 0.3961, "provenance": "MODELLED"}}, {"type": "Feature", "geometry": {"type": "Point", "coordinates": [73.012778, 18.850278]}, "properties": {"susceptibility_score": 0.4533, "provenance": "MODELLED"}}, {"type": "Feature", "geometry": {"type": "Point", "coordinates": [73.018889, 18.850278]}, "properties": {"susceptibility_score": 0.5137, "provenance": "MODELLED"}}, {"type": "Feature", "geometry": {"type": "Point", "coordinates": [73.025, 18.850278]}, "properties": {"susceptibility_score": 0.4967, "provenance": "MODELLED"}}, {"type": "Feature", "geometry": {"type": "Point", "coordinates": [73.031111, 18.850278]}, "properties": {"susceptibility_score": 0.2975, "provenance": "MODELLED"}}, {"type": "Feature", "geometry": {"type": "Point", "coordinates": [73.037222, 18.850278]}, "properties": {"susceptibility_score": 0.2979, "provenance": "MODELLED"}}, {"type": "Feature", "geometry": {"type": "Point", "coordinates": [73.043333, 18.850278]}, "properties": {"susceptibility_score": 0.3545, "provenance": "MODELLED"}}, {"type": "Feature", "geometry": {"type": "Point", "coordinates": [73.049722, 18.850278]}, "properties": {"susceptibility_score": 0.3094, "provenance": "MODELLED"}}]}