{"type": "FeatureCollection", "features": [{"type": "Feature", "geometry": {"type": "Point", "coordinates": [72.75, 19.3]}, "properties": {"elevation_m": 0.0, "provenance": "OBSERVED"}}, {"type": "Feature", "geometry": {"type": "Point", "coordinates": [72.756111, 19.3]}, "properties": {"elevation_m": 0.0, "provenance": "OBSERVED"}}, {"type": "Feature", "geometry": {"type": "Point", "coordinates": [72.762222, 19.3]}, "properties": {"elevation_m": 0.0, "provenance": "OBSERVED"}}, {"type": "Feature", "geometry": {"type": "Point", "coordinates": [72.768333, 19.3]}, "properties": {"elevation_m": 0.0, "provenance": "OBSERVED"}}, {"type": "Feature", "geometry": {"type": "Point", "coordinates": [72.774444, 19.3]}, "properties": {"elevation_m": 0.0, "provenance": "OBSERVED"}}, {"type": "Feature", "geometry": {"type": "Point", "coordinates": [72.780556, 19.3]}, "properties": {"elevation_m": 0.0, "provenance": "OBSERVED"}}, {"type": "Feature", "geometry": {"type": "Point", "coordinates": [72.786667, 19.3]}, "properties": {"elevation_m": 31.5, "provenance": "OBSERVED"}}, {"type": "Feature", "geometry": {"type": "Point", "coordinates": [72.792778, 19.3]}, "properties": {"elevation_m": 87.8, "provenance": "OBSERVED"}}, {"type": "Feature", "geometry": {"type": "Point", "coordinates": [72.798889, 19.3]}, "properties": {"elevation_m": 3.4, "provenance": "OBSERVED"}}, {"type": "Feature", "geometry": {"type": "Point", "coordinates": [72.805, 19.3]}, "properties": {"elevation_m": 3.0, "provenance": "OBSERVED"}}, {"type": "Feature", "geometry": {"type": "Point", "coordinates": [72.811111, 19.3]}, "properties": {"elevation_m": 3.2, "provenance": "OBSERVED"}}, {"type": "Feature", "geometry": {"type": "Point", "coordinates": [72.817222, 19.3]}, "properties": {"elevation_m": 2.5, "provenance": "OBSERVED"}}, {"type": "Feature", "geometry": {"type": "Point", "coordinates": [72.823333, 19.3]}, "properties": {"elevation_m": 2.3, "provenance": "OBSERVED"}}, {"type": "Feature", "geometry": {"type": "Point", "coordinates": [72.829444, 19.3]}, "properties": {"elevation_m": 2.1, "provenance": "OBSERVED"}}, {"type": "Feature", "geometry": {"type": "Point", "coordinates": [72.835556, 19.3]}, "properties": {"elevation_m": 4.1, "provenance": "OBSERVED"}}, {"type": "Feature", "geometry": {"type": "Point", "coordinates": [72.841667, 19.3]}, "properties": {"elevation_m": 1.5, "provenance": "OBSERVED"}}, {"type": "Feature", "geometry": {"type": "Point", "coordinates": [72.847778, 19.3]}, "properties": {"elevation_m": 11.6, "provenance": "OBSERVED"}}, {"type": "Feature", "geometry": {"type": "Point", "coordinates": [72.853889, 19.3]}, "properties": {"elevation_m": 5.1, "provenance": "OBSERVED"}}, {"type": "Feature", "geometry": {"type": "Point", "coordinates": [72.86, 19.3]}, "properties": {"elevation_m": 6.8, "provenance": "OBSERVED"}}, {"type": "Feature", "geometry": {"type": "Point", "coordinates": [72.866111, 19.3]}, "properties": {"elevation_m": 5.2, "provenance": "OBSERVED"}}, {"type": "Feature", "geometry": {"type": "Point", "coordinates": [72.872222, 19.3]}, "properties": {"elevation_m": 5.5, "provenance": "OBSERVED"}}, {"type": "Feature", "geometry": {"type": "Point", "coordinates": [72.878333, 19.3]}, "properties": {"elevation_m": 5.2, "provenance": "OBSERVED"}}, {"type": "Feature", "geometry": {"type": "Point", "coordinates": [72.884444, 19.3]}, "properties": {"elevation_m": 2.0, "provenance": "OBSERVED"}}, {"type": "Feature", "geometry": {"type": "Point", "coordinates": [72.890556, 19.3]}, "properties": {"elevation_m": 0.0, "provenance": "OBSERVED"}}, {"type": "Feature", "geometry": {"type": "Point", "coordinates": [72.896667, 19.3]}, "properties": {"elevation_m": 6.7, "provenance": "OBSERVED"}}, {"type": "Feature", "geometry": {"type": "Point", "coordinates": [72.902778, 19.3]}, "properties": {"elevation_m": 6.2, "provenance": "OBSERVED"}}, {"type": "Feature", "geometry": {"type": "Point", "coordinates": [72.908889, 19.3]}, "properties": {"elevation_m": 45.9, "provenance": "OBSERVED"}}, {"type": "Feature", "geometry": {"type": "Point", "coordinates": [72.915, 19.3]}, "properties": {"elevation_m": 170.5, "provenance": "OBSERVED"}}, {"type": "Feature", "geometry": {"type": "Point", "coordinates": [72.921111, 19.3]}, "properties": {"elevation_m": 169.9, "provenance": "OBSERVED"}}, {"type": "Feature", "geometry": {"type": "Point", "coordinates": [72.927222, 19.3]}, "properties": {"elevation_m": 15.6, "provenance": "OBSERVED"}}, {"type": "Feature", "geometry": {"type": "Point", "coordinates": [72.933333, 19.3]}, "properties": {"elevation_m": 98.3, "provenance": "OBSERVED"}}, {"type": "Feature", "geometry": {"type": "Point", "coordinates": [72.939444, 19.3]}, "properties": {"elevation_m": 3.8, "provenance": "OBSERVED"}}, {"type": "Feature", "geometry": {"type": "Point", "coordinates": [72.945556, 19.3]}, "properties": {"elevation_m": 0.0, "provenance": "OBSERVED"}}, {"type": "Feature", "geometry": {"type": "Point", "coordinates": [72.951667, 19.3]}, "properties": {"elevation_m": 0.0, "provenance": "OBSERVED"}}, {"type": "Feature", "geometry": {"type": "Point", "coordinates": [72.957778, 19.3]}, "properties": {"elevation_m": 0.0, "provenance": "OBSERVED"}}, {"type": "Feature", "geometry": {"type": "Point", "coordinates": [72.963889, 19.3]}, "properties": {"elevation_m": 0.0, "provenance": "OBSERVED"}}, {"type": "Feature", "geometry": {"type": "Point", "coordinates": [72.97, 19.3]}, "properties": {"elevation_m": 0.0, "provenance": "OBSERVED"}}, {"type": "Feature", "geometry": {"type": "Point", "coordinates": [72.976111, 19.3]}, "properties": {"elevation_m": 15.6, "provenance": "OBSERVED"}}, {"type": "Feature", "geometry": {"type": "Point", "coordinates": [72.982222, 19.3]}, "properties": {"elevation_m": 8.7, "provenance": "OBSERVED"}}, {"type": "Feature", "geometry": {"type": "Point", "coordinates": [72.988333, 19.3]}, "properties": {"elevation_m": 3.8, "provenance": "OBSERVED"}}, {"type": "Feature", "geometry": {"type": "Point", "coordinates": [72.994444, 19.3]}, "properties": {"elevation_m": 4.0, "provenance": "OBSERVED"}}, {"type": "Feature", "geometry": {"type": "Point", "coordinates": [73.000556, 19.3]}, "properties": {"elevation_m": 2.5, "provenance": "OBSERVED"}}, {"type": "Feature", "geometry": {"type": "Point", "coordinates": [73.006667, 19.3]}, "properties": {"elevation_m": 1.8, "provenance": "OBSERVED"}}, {"type": "Feature", "geometry": {"type": "Point", "coordinates": [73.012778, 19.3]}, "properties": {"elevation_m": 8.8, "provenance": "OBSERVED"}}, {"type": "Feature", "geometry": {"type": "Point", "coordinates": [73.018889, 19.3]}, "properties": {"elevation_m": 18.4, "provenance": "OBSERVED"}}, {"type": "Feature", "geometry": {"type": "Point", "coordinates": [73.025, 19.3]}, "properties": {"elevation_m": 19.3, "provenance": "OBSERVED"}}, {"type": "Feature", "geometry": {"type": "Point", "coordinates": [73.031111, 19.3]}, "properties": {"elevation_m": 8.7, "provenance": "OBSERVED"}}, {"type": "Feature", "geometry": {"type": "Point", "coordinates": [73.037222, 19.3]}, "properties": {"elevation_m": 17.8, "provenance": "OBSERVED"}}, {"type": "Feature", "geometry": {"type": "Point", "coordinates": [73.043333, 19.3]}, "properties": {"elevation_m": 7.2, "provenance": "OBSERVED"}}, {"type": "Feature", "geometry": {"type": "Point", "coordinates": [73.049722, 19.3]}, "properties": {"elevation_m": 8.7, "provenance": "OBSERVED"}}, {"type": "Feature", "geometry": {"type": "Point", "coordinates": [72.75, 19.290833]}, "properties": {"elevation_m": 0.0, "provenance": "OBSERVED"}}, {"type": "Feature", "geometry": {"type": "Point", "coordinates": [72.756111, 19.290833]}, "properties": {"elevation_m": 0.0, "provenance": "OBSERVED"}}, {"type": "Feature", "geometry": {"type": "Point", "coordinates": [72.762222, 19.290833]}, "properties": {"elevation_m": 0.0, "provenance": "OBSERVED"}}, {"type": "Feature", "geometry": {"type": "Point", "coordinates": [72.768333, 19.290833]}, "properties": {"elevation_m": 0.0, "provenance": "OBSERVED"}}, {"type": "Feature", "geometry": {"type": "Point", "coordinates": [72.774444, 19.290833]}, "properties": {"elevation_m": 0.0, "provenance": "OBSERVED"}}, {"type": "Feature", "geometry": {"type": "Point", "coordinates": [72.780556, 19.290833]}, "properties": {"elevation_m": 0.0, "provenance": "OBSERVED"}}, {"type": "Feature", "geometry": {"type": "Point", "coordinates": [72.786667, 19.290833]}, "properties": {"elevation_m": 9.3, "provenance": "OBSERVED"}}, {"type": "Feature", "geometry": {"type": "Point", "coordinates": [72.792778, 19.290833]}, "properties": {"elevation_m": 10.6, "provenance": "OBSERVED"}}, {"type": "Feature", "geometry": {"type": "Point", "coordinates": [72.798889, 19.290833]}, "properties": {"elevation_m": 13.6, "provenance": "OBSERVED"}}, {"type": "Feature", "geometry": {"type": "Point", "coordinates": [72.805, 19.290833]}, "properties": {"elevation_m": 4.4, "provenance": "OBSERVED"}}, {"type": "Feature", "geometry": {"type": "Point", "coordinates": [72.811111, 19.290833]}, "properties": {"elevation_m": 4.0, "provenance": "OBSERVED"}}, {"type": "Feature", "geometry": {"type": "Point", "coordinates": [72.817222, 19.290833]}, "properties": {"elevation_m": 3.1, "provenance": "OBSERVED"}}, {"type": "Feature", "geometry": {"type": "Point", "coordinates": [72.823333, 19.290833]}, "properties": {"elevation_m": 2.8, "provenance": "OBSERVED"}}, {"type": "Feature", "geometry": {"type": "Point", "coordinates": [72.829444, 19.290833]}, "properties": {"elevation_m": 2.8, "provenance": "OBSERVED"}}, {"type": "Feature", "geometry": {"type": "Point", "coordinates": [72.835556, 19.290833]}, "properties": {"elevation_m": 2.8, "provenance": "OBSERVED"}}, {"type": "Feature", "geometry": {"type": "Point", "coordinates": [72.841667, 19.290833]}, "properties": {"elevation_m": 2.9, "provenance": "OBSERVED"}}, {"type": "Feature", "geometry": {"type": "Point", "coordinates": [72.847778, 19.290833]}, "properties": {"elevation_m": 3.3, "provenance": "OBSERVED"}}, {"type": "Feature", "geometry": {"type": "Point", "coordinates": [72.853889, 19.290833]}, "properties": {"elevation_m": 3.3, "provenance": "OBSERVED"}}, {"type": "Feature", "geometry": {"type": "Point", "coordinates": [72.86, 19.290833]}, "properties": {"elevation_m": 6.3, "provenance": "OBSERVED"}}, {"type": "Feature", "geometry": {"type": "Point", "coordinates": [72.866111, 19.290833]}, "properties": {"elevation_m": 9.8, "provenance": "OBSERVED"}}, {"type": "Feature", "geometry": {"type": "Point", "coordinates": [72.872222, 19.290833]}, "properties": {"elevation_m": 7.4, "provenance": "OBSERVED"}}, {"type": "Feature", "geometry": {"type": "Point", "coordinates": [72.878333, 19.290833]}, "properties": {"elevation_m": 5.9, "provenance": "OBSERVED"}}, {"type": "Feature", "geometry": {"type": "Point", "coordinates": [72.884444, 19.290833]}, "properties": {"elevation_m": 3.4, "provenance": "OBSERVED"}}, {"type": "Feature", "geometry": {"type": "Point", "coordinates": [72.890556, 19.290833]}, "properties": {"elevation_m": 28.8, "provenance": "OBSERVED"}}, {"type": "Feature", "geometry": {"type": "Point", "coordinates": [72.896667, 19.290833]}, "properties": {"elevation_m": 0.0, "provenance": "OBSERVED"}}, {"type": "Feature", "geometry": {"type": "Point", "coordinates": [72.902778, 19.290833]}, "properties": {"elevation_m": 0.0, "provenance": "OBSERVED"}}, {"type": "Feature", "geometry": {"type": "Point", "coordinates": [72.908889, 19.290833]}, "properties": {"elevation_m": 5.5, "provenance": "OBSERVED"}}, {"type": "Feature", "geometry": {"type": "Point", "coordinates": [72.915, 19.290833]}, "properties": {"elevation_m": 25.1, "provenance": "OBSERVED"}}, {"type": "Feature", "geometry": {"type": "Point", "coordinates": [72.921111, 19.290833]}, "properties": {"elevation_m": 0.0, "provenance": "OBSERVED"}}, {"type": "Feature", "geometry": {"type": "Point", "coordinates": [72.927222, 19.290833]}, "properties": {"elevation_m": 0.0, "provenance": "OBSERVED"}}, {"type": "Feature", "geometry": {"type": "Point", "coordinates": [72.933333, 19.290833]}, "properties": {"elevation_m": 60.6, "provenance": "OBSERVED"}}, {"type": "Feature", "geometry": {"type": "Point", "coordinates": [72.939444, 19.290833]}, "properties": {"elevation_m": 0.0, "provenance": "OBSERVED"}}, {"type": "Feature", "geometry": {"type": "Point", "coordinates": [72.945556, 19.290833]}, "properties": {"elevation_m": 3.7, "provenance": "OBSERVED"}}, {"type": "Feature", "geometry": {"type": "Point", "coordinates": [72.951667, 19.290833]}, "properties": {"elevation_m": 5.9, "provenance": "OBSERVED"}}, {"type": "Feature", "geometry": {"type": "Point", "coordinates": [72.957778, 19.290833]}, "properties": {"elevation_m": 2.3, "provenance": "OBSERVED"}}, {"type": "Feature", "geometry": {"type": "Point", "coordinates": [72.963889, 19.290833]}, "properties": {"elevation_m": 2.3, "provenance": "OBSERVED"}}, {"type": "Feature", "geometry": {"type": "Point", "coordinates": [72.97, 19.290833]}, "properties": {"elevation_m": 2.3, "provenance": "OBSERVED"}}, {"type": "Feature", "geometry": {"type": "Point", "coordinates": [72.976111, 19.290833]}, "properties": {"elevation_m": 0.0, "provenance": "OBSERVED"}}, {"type": "Feature", "geometry": {"type": "Point", "coordinates": [72.982222, 19.290833]}, "properties": {"elevation_m": 0.0, "provenance": "OBSERVED"}}, {"type": "Feature", "geometry": {"type": "Point", "coordinates": [72.988333, 19.290833]}, "properties": {"elevation_m": 2.6, "provenance": "OBSERVED"}}, {"type": "Feature", "geometry": {"type": "Point", "coordinates": [72.994444, 19.290833]}, "properties": {"elevation_m": 4.7, "provenance": "OBSERVED"}}, {"type": "Feature", "geometry": {"type": "Point", "coordinates": [73.000556, 19.290833]}, "properties": {"elevation_m": 4.9, "provenance": "OBSERVED"}}, {"type": "Feature", "geometry": {"type": "Point", "coordinates": [73.006667, 19.290833]}, "properties": {"elevation_m": 3.2, "provenance": "OBSERVED"}}, {"type": "Feature", "geometry": {"type": "Point", "coordinates": [73.012778, 19.290833]}, "properties": {"elevation_m": 3.2, "provenance": "OBSERVED"}}, {"type": "Feature", "geometry": {"type": "Point", "coordinates": [73.018889, 19.290833]}, "properties": {"elevation_m": 9.6, "provenance": "OBSERVED"}}, {"type": "Feature", "geometry": {"type": "Point", "coordinates": [73.025, 19.290833]}, "properties": {"elevation_m": 16.1, "provenance": "OBSERVED"}}, {"type": "Feature", "geometry": {"type": "Point", "coordinates": [73.031111, 19.290833]}, "properties": {"elevation_m": 12.4, "provenance": "OBSERVED"}}, {"type": "Feature", "geometry": {"type": "Point", "coordinates": [73.037222, 19.290833]}, "properties": {"elevation_m": 8.5, "provenance": "OBSERVED"}}, {"type": "Feature", "geometry": {"type": "Point", "coordinates": [73.043333, 19.290833]}, "properties": {"elevation_m": 9.9, "provenance": "OBSERVED"}}, {"type": "Feature", "geometry": {"type": "Point", "coordinates": [73.049722, 19.290833]}, "properties": {"elevation_m": 14.6, "provenance": "OBSERVED"}}, {"type": "Feature", "geometry": {"type": "Point", "coordinates": [72.75, 19.281667]}, "properties": {"elevation_m": 0.0, "provenance": "OBSERVED"}}, {"type": "Feature", "geometry": {"type": "Point", "coordinates": [72.756111, 19.281667]}, "properties": {"elevation_m": 0.0, "provenance": "OBSERVED"}}, {"type": "Feature", "geometry": {"type": "Point", "coordinates": [72.762222, 19.281667]}, "properties": {"elevation_m": 0.0, "provenance": "OBSERVED"}}, {"type": "Feature", "geometry": {"type": "Point", "coordinates": [72.768333, 19.281667]}, "properties": {"elevation_m": 0.0, "provenance": "OBSERVED"}}, {"type": "Feature", "geometry": {"type": "Point", "coordinates": [72.774444, 19.281667]}, "properties": {"elevation_m": 0.0, "provenance": "OBSERVED"}}, {"type": "Feature", "geometry": {"type": "Point", "coordinates": [72.780556, 19.281667]}, "properties": {"elevation_m": 0.0, "provenance": "OBSERVED"}}, {"type": "Feature", "geometry": {"type": "Point", "coordinates": [72.786667, 19.281667]}, "properties": {"elevation_m": 8.6, "provenance": "OBSERVED"}}, {"type": "Feature", "geometry": {"type": "Point", "coordinates": [72.792778, 19.281667]}, "properties": {"elevation_m": 6.9, "provenance": "OBSERVED"}}, {"type": "Feature", "geometry": {"type": "Point", "coordinates": [72.798889, 19.281667]}, "properties": {"elevation_m": 19.9, "provenance": "OBSERVED"}}, {"type": "Feature", "geometry": {"type": "Point", "coordinates": [72.805, 19.281667]}, "properties": {"elevation_m": 33.2, "provenance": "OBSERVED"}}, {"type": "Feature", "geometry": {"type": "Point", "coordinates": [72.811111, 19.281667]}, "properties": {"elevation_m": 2.7, "provenance": "OBSERVED"}}, {"type": "Feature", "geometry": {"type": "Point", "coordinates": [72.817222, 19.281667]}, "properties": {"elevation_m": 2.8, "provenance": "OBSERVED"}}, {"type": "Feature", "geometry": {"type": "Point", "coordinates": [72.823333, 19.281667]}, "properties": {"elevation_m": 2.8, "provenance": "OBSERVED"}}, {"type": "Feature", "geometry": {"type": "Point", "coordinates": [72.829444, 19.281667]}, "properties": {"elevation_m": 2.8, "provenance": "OBSERVED"}}, {"type": "Feature", "geometry": {"type": "Point", "coordinates": [72.835556, 19.281667]}, "properties": {"elevation_m": 4.5, "provenance": "OBSERVED"}}, {"type": "Feature", "geometry": {"type": "Point", "coordinates": [72.841667, 19.281667]}, "properties": {"elevation_m": 3.3, "provenance": "OBSERVED"}}, {"type": "Feature", "geometry": {"type": "Point", "coordinates": [72.847778, 19.281667]}, "properties": {"elevation_m": 3.3, "provenance": "OBSERVED"}}, {"type": "Feature", "geometry": {"type": "Point", "coordinates": [72.853889, 19.281667]}, "properties": {"elevation_m": 3.3, "provenance": "OBSERVED"}}, {"type": "Feature", "geometry": {"type": "Point", "coordinates": [72.86, 19.281667]}, "properties": {"elevation_m": 6.0, "provenance": "OBSERVED"}}, {"type": "Feature", "geometry": {"type": "Point", "coordinates": [72.866111, 19.281667]}, "properties": {"elevation_m": 7.1, "provenance": "OBSERVED"}}, {"type": "Feature", "geometry": {"type": "Point", "coordinates": [72.872222, 19.281667]}, "properties": {"elevation_m": 7.0, "provenance": "OBSERVED"}}, {"type": "Feature", "geometry": {"type": "Point", "coordinates": [72.878333, 19.281667]}, "properties": {"elevation_m": 7.6, "provenance": "OBSERVED"}}, {"type": "Feature", "geometry": {"type": "Point", "coordinates": [72.884444, 19.281667]}, "properties": {"elevation_m": 4.5, "provenance": "OBSERVED"}}, {"type": "Feature", "geometry": {"type": "Point", "coordinates": [72.890556, 19.281667]}, "properties": {"elevation_m": 15.0, "provenance": "OBSERVED"}}, {"type": "Feature", "geometry": {"type": "Point", "coordinates": [72.896667, 19.281667]}, "properties": {"elevation_m": 122.2, "provenance": "OBSERVED"}}, {"type": "Feature", "geometry": {"type": "Point", "coordinates": [72.902778, 19.281667]}, "properties": {"elevation_m": 5.4, "provenance": "OBSERVED"}}, {"type": "Feature", "geometry": {"type": "Point", "coordinates": [72.908889, 19.281667]}, "properties": {"elevation_m": 4.9, "provenance": "OBSERVED"}}, {"type": "Feature", "geometry": {"type": "Point", "coordinates": [72.915, 19.281667]}, "properties": {"elevation_m": 76.1, "provenance": "OBSERVED"}}, {"type": "Feature", "geometry": {"type": "Point", "coordinates": [72.921111, 19.281667]}, "properties": {"elevation_m": 27.7, "provenance": "OBSERVED"}}, {"type": "Feature", "geometry": {"type": "Point", "coordinates": [72.927222, 19.281667]}, "properties": {"elevation_m": 34.4, "provenance": "OBSERVED"}}, {"type": "Feature", "geometry": {"type": "Point", "coordinates": [72.933333, 19.281667]}, "properties": {"elevation_m": 31.9, "provenance": "OBSERVED"}}, {"type": "Feature", "geometry": {"type": "Point", "coordinates": [72.939444, 19.281667]}, "properties": {"elevation_m": 89.7, "provenance": "OBSERVED"}}, {"type": "Feature", "geometry": {"type": "Point", "coordinates": [72.945556, 19.281667]}, "properties": {"elevation_m": 5.6, "provenance": "OBSERVED"}}, {"type": "Feature", "geometry": {"type": "Point", "coordinates": [72.951667, 19.281667]}, "properties": {"elevation_m": 9.8, "provenance": "OBSERVED"}}, {"type": "Feature", "geometry": {"type": "Point", "coordinates": [72.957778, 19.281667]}, "properties": {"elevation_m": 3.2, "provenance": "OBSERVED"}}, {"type": "Feature", "geometry": {"type": "Point", "coordinates": [72.963889, 19.281667]}, "properties": {"elevation_m": 2.3, "provenance": "OBSERVED"}}, {"type": "Feature", "geometry": {"type": "Point", "coordinates": [72.97, 19.281667]}, "properties": {"elevation_m": 10.8, "provenance": "OBSERVED"}}, {"type": "Feature", "geometry": {"type": "Point", "coordinates": [72.976111, 19.281667]}, "properties": {"elevation_m": 2.3, "provenance": "OBSERVED"}}, {"type": "Feature", "geometry": {"type": "Point", "coordinates": [72.982222, 19.281667]}, "properties": {"elevation_m": 3.2, "provenance": "OBSERVED"}}, {"type": "Feature", "geometry": {"type": "Point", "coordinates": [72.988333, 19.281667]}, "properties": {"elevation_m": 0.0, "provenance": "OBSERVED"}}, {"type": "Feature", "geometry": {"type": "Point", "coordinates": [72.994444, 19.281667]}, "properties": {"elevation_m": 2.6, "provenance": "OBSERVED"}}, {"type": "Feature", "geometry": {"type": "Point", "coordinates": [73.000556, 19.281667]}, "properties": {"elevation_m": 2.0, "provenance": "OBSERVED"}}, {"type": "Feature", "geometry": {"type": "Point", "coordinates": [73.006667, 19.281667]}, "properties": {"elevation_m": 3.6, "provenance": "OBSERVED"}}, {"type": "Feature", "geometry": {"type": "Point", "coordinates": [73.012778, 19.281667]}, "properties": {"elevation_m": 2.1, "provenance": "OBSERVED"}}, {"type": "Feature", "geometry": {"type": "Point", "coordinates": [73.018889, 19.281667]}, "properties": {"elevation_m": 2.1, "provenance": "OBSERVED"}}, {"type": "Feature", "geometry": {"type": "Point", "coordinates": [73.025, 19.281667]}, "properties": {"elevation_m": 9.0, "provenance": "OBSERVED"}}, {"type": "Feature", "geometry": {"type": "Point", "coordinates": [73.031111, 19.281667]}, "properties": {"elevation_m": 22.7, "provenance": "OBSERVED"}}, {"type": "Feature", "geometry": {"type": "Point", "coordinates": [73.037222, 19.281667]}, "properties": {"elevation_m": 16.8, "provenance": "OBSERVED"}}, {"type": "Feature", "geometry": {"type": "Point", "coordinates": [73.043333, 19.281667]}, "properties": {"elevation_m": 23.1, "provenance": "OBSERVED"}}, {"type": "Feature", "geometry": {"type": "Point", "coordinates": [73.049722, 19.281667]}, "properties": {"elevation_m": 15.6, "provenance": "OBSERVED"}}, {"type": "Feature", "geometry": {"type": "Point", "coordinates": [72.75, 19.2725]}, "properties": {"elevation_m": 0.0, "provenance": "OBSERVED"}}, {"type": "Feature", "geometry": {"type": "Point", "coordinates": [72.756111, 19.2725]}, "properties": {"elevation_m": 0.0, "provenance": "OBSERVED"}}, {"type": "Feature", "geometry": {"type": "Point", "coordinates": [72.762222, 19.2725]}, "properties": {"elevation_m": 0.0, "provenance": "OBSERVED"}}, {"type": "Feature", "geometry": {"type": "Point", "coordinates": [72.768333, 19.2725]}, "properties": {"elevation_m": 0.0, "provenance": "OBSERVED"}}, {"type": "Feature", "geometry": {"type": "Point", "coordinates": [72.774444, 19.2725]}, "properties": {"elevation_m": 0.0, "provenance": "OBSERVED"}}, {"type": "Feature", "geometry": {"type": "Point", "coordinates": [72.780556, 19.2725]}, "properties": {"elevation_m": 0.0, "provenance": "OBSERVED"}}, {"type": "Feature", "geometry": {"type": "Point", "coordinates": [72.786667, 19.2725]}, "properties": {"elevation_m": 13.3, "provenance": "OBSERVED"}}, {"type": "Feature", "geometry": {"type": "Point", "coordinates": [72.792778, 19.2725]}, "properties": {"elevation_m": 14.1, "provenance": "OBSERVED"}}, {"type": "Feature", "geometry": {"type": "Point", "coordinates": [72.798889, 19.2725]}, "properties": {"elevation_m": 12.8, "provenance": "OBSERVED"}}, {"type": "Feature", "geometry": {"type": "Point", "coordinates": [72.805, 19.2725]}, "properties": {"elevation_m": 24.3, "provenance": "OBSERVED"}}, {"type": "Feature", "geometry": {"type": "Point", "coordinates": [72.811111, 19.2725]}, "properties": {"elevation_m": 10.3, "provenance": "OBSERVED"}}, {"type": "Feature", "geometry": {"type": "Point", "coordinates": [72.817222, 19.2725]}, "properties": {"elevation_m": 3.1, "provenance": "OBSERVED"}}, {"type": "Feature", "geometry": {"type": "Point", "coordinates": [72.823333, 19.2725]}, "properties": {"elevation_m": 4.5, "provenance": "OBSERVED"}}, {"type": "Feature", "geometry": {"type": "Point", "coordinates": [72.829444, 19.2725]}, "properties": {"elevation_m": 2.8, "provenance": "OBSERVED"}}, {"type": "Feature", "geometry": {"type": "Point", "coordinates": [72.835556, 19.2725]}, "properties": {"elevation_m": 4.3, "provenance": "OBSERVED"}}, {"type": "Feature", "geometry": {"type": "Point", "coordinates": [72.841667, 19.2725]}, "properties": {"elevation_m": 3.3, "provenance": "OBSERVED"}}, {"type": "Feature", "geometry": {"type": "Point", "coordinates": [72.847778, 19.2725]}, "properties": {"elevation_m": 7.0, "provenance": "OBSERVED"}}, {"type": "Feature", "geometry": {"type": "Point", "coordinates": [72.853889, 19.2725]}, "properties": {"elevation_m": 5.6, "provenance": "OBSERVED"}}, {"type": "Feature", "geometry": {"type": "Point", "coordinates": [72.86, 19.2725]}, "properties": {"elevation_m": 6.9, "provenance": "OBSERVED"}}, {"type": "Feature", "geometry": {"type": "Point", "coordinates": [72.866111, 19.2725]}, "properties": {"elevation_m": 6.0, "provenance": "OBSERVED"}}, {"type": "Feature", "geometry": {"type": "Point", "coordinates": [72.872222, 19.2725]}, "properties": {"elevation_m": 11.1, "provenance": "OBSERVED"}}, {"type": "Feature", "geometry": {"type": "Point", "coordinates": [72.878333, 19.2725]}, "properties": {"elevation_m": 9.1, "provenance": "OBSERVED"}}, {"type": "Feature", "geometry": {"type": "Point", "coordinates": [72.884444, 19.2725]}, "properties": {"elevation_m": 26.0, "provenance": "OBSERVED"}}, {"type": "Feature", "geometry": {"type": "Point", "coordinates": [72.890556, 19.2725]}, "properties": {"elevation_m": 9.8, "provenance": "OBSERVED"}}, {"type": "Feature", "geometry": {"type": "Point", "coordinates": [72.896667, 19.2725]}, "properties": {"elevation_m": 17.5, "provenance": "OBSERVED"}}, {"type": "Feature", "geometry": {"type": "Point", "coordinates": [72.902778, 19.2725]}, "properties": {"elevation_m": 75.0, "provenance": "OBSERVED"}}, {"type": "Feature", "geometry": {"type": "Point", "coordinates": [72.908889, 19.2725]}, "properties": {"elevation_m": 46.0, "provenance": "OBSERVED"}}, {"type": "Feature", "geometry": {"type": "Point", "coordinates": [72.915, 19.2725]}, "properties": {"elevation_m": 5.7, "provenance": "OBSERVED"}}, {"type": "Feature", "geometry": {"type": "Point", "coordinates": [72.921111, 19.2725]}, "properties": {"elevation_m": 45.1, "provenance": "OBSERVED"}}, {"type": "Feature", "geometry": {"type": "Point", "coordinates": [72.927222, 19.2725]}, "properties": {"elevation_m": 91.3, "provenance": "OBSERVED"}}, {"type": "Feature", "geometry": {"type": "Point", "coordinates": [72.933333, 19.2725]}, "properties": {"elevation_m": 207.0, "provenance": "OBSERVED"}}, {"type": "Feature", "geometry": {"type": "Point", "coordinates": [72.939444, 19.2725]}, "properties": {"elevation_m": 162.6, "provenance": "OBSERVED"}}, {"type": "Feature", "geometry": {"type": "Point", "coordinates": [72.945556, 19.2725]}, "properties": {"elevation_m": 27.6, "provenance": "OBSERVED"}}, {"type": "Feature", "geometry": {"type": "Point", "coordinates": [72.951667, 19.2725]}, "properties": {"elevation_m": 36.9, "provenance": "OBSERVED"}}, {"type": "Feature", "geometry": {"type": "Point", "coordinates": [72.957778, 19.2725]}, "properties": {"elevation_m": 14.3, "provenance": "OBSERVED"}}, {"type": "Feature", "geometry": {"type": "Point", "coordinates": [72.963889, 19.2725]}, "properties": {"elevation_m": 10.1, "provenance": "OBSERVED"}}, {"type": "Feature", "geometry": {"type": "Point", "coordinates": [72.97, 19.2725]}, "properties": {"elevation_m": 8.1, "provenance": "OBSERVED"}}, {"type": "Feature", "geometry": {"type": "Point", "coordinates": [72.976111, 19.2725]}, "properties": {"elevation_m": 2.3, "provenance": "OBSERVED"}}, {"type": "Feature", "geometry": {"type": "Point", "coordinates": [72.982222, 19.2725]}, "properties": {"elevation_m": 2.3, "provenance": "OBSERVED"}}, {"type": "Feature", "geometry": {"type": "Point", "coordinates": [72.988333, 19.2725]}, "properties": {"elevation_m": 0.0, "provenance": "OBSERVED"}}, {"type": "Feature", "geometry": {"type": "Point", "coordinates": [72.994444, 19.2725]}, "properties": {"elevation_m": 2.1, "provenance": "OBSERVED"}}, {"type": "Feature", "geometry": {"type": "Point", "coordinates": [73.000556, 19.2725]}, "properties": {"elevation_m": 2.6, "provenance": "OBSERVED"}}, {"type": "Feature", "geometry": {"type": "Point", "coordinates": [73.006667, 19.2725]}, "properties": {"elevation_m": 3.2, "provenance": "OBSERVED"}}, {"type": "Feature", "geometry": {"type": "Point", "coordinates": [73.012778, 19.2725]}, "properties": {"elevation_m": 2.6, "provenance": "OBSERVED"}}, {"type": "Feature", "geometry": {"type": "Point", "coordinates": [73.018889, 19.2725]}, "properties": {"elevation_m": 2.1, "provenance": "OBSERVED"}}, {"type": "Feature", "geometry": {"type": "Point", "coordinates": [73.025, 19.2725]}, "properties": {"elevation_m": 3.8, "provenance": "OBSERVED"}}, {"type": "Feature", "geometry": {"type": "Point", "coordinates": [73.031111, 19.2725]}, "properties": {"elevation_m": 16.9, "provenance": "OBSERVED"}}, {"type": "Feature", "geometry": {"type": "Point", "coordinates": [73.037222, 19.2725]}, "properties": {"elevation_m": 18.5, "provenance": "OBSERVED"}}, {"type": "Feature", "geometry": {"type": "Point", "coordinates": [73.043333, 19.2725]}, "properties": {"elevation_m": 26.8, "provenance": "OBSERVED"}}, {"type": "Feature", "geometry": {"type": "Point", "coordinates": [73.049722, 19.2725]}, "properties": {"elevation_m": 15.4, "provenance": "OBSERVED"}}, {"type": "Feature", "geometry": {"type": "Point", "coordinates": [72.75, 19.263333]}, "properties": {"elevation_m": 0.0, "provenance": "OBSERVED"}}, {"type": "Feature", "geometry": {"type": "Point", "coordinates": [72.756111, 19.263333]}, "properties": {"elevation_m": 0.0, "provenance": "OBSERVED"}}, {"type": "Feature", "geometry": {"type": "Point", "coordinates": [72.762222, 19.263333]}, "properties": {"elevation_m": 0.0, "provenance": "OBSERVED"}}, {"type": "Feature", "geometry": {"type": "Point", "coordinates": [72.768333, 19.263333]}, "properties": {"elevation_m": 0.0, "provenance": "OBSERVED"}}, {"type": "Feature", "geometry": {"type": "Point", "coordinates": [72.774444, 19.263333]}, "properties": {"elevation_m": 0.0, "provenance": "OBSERVED"}}, {"type": "Feature", "geometry": {"type": "Point", "coordinates": [72.780556, 19.263333]}, "properties": {"elevation_m": 0.0, "provenance": "OBSERVED"}}, {"type": "Feature", "geometry": {"type": "Point", "coordinates": [72.786667, 19.263333]}, "properties": {"elevation_m": 22.5, "provenance": "OBSERVED"}}, {"type": "Feature", "geometry": {"type": "Point", "coordinates": [72.792778, 19.263333]}, "properties": {"elevation_m": 19.2, "provenance": "OBSERVED"}}, {"type": "Feature", "geometry": {"type": "Point", "coordinates": [72.798889, 19.263333]}, "properties": {"elevation_m": 14.7, "provenance": "OBSERVED"}}, {"type": "Feature", "geometry": {"type": "Point", "coordinates": [72.805, 19.263333]}, "properties": {"elevation_m": 41.0, "provenance": "OBSERVED"}}, {"type": "Feature", "geometry": {"type": "Point", "coordinates": [72.811111, 19.263333]}, "properties": {"elevation_m": 4.2, "provenance": "OBSERVED"}}, {"type": "Feature", "geometry": {"type": "Point", "coordinates": [72.817222, 19.263333]}, "properties": {"elevation_m": 4.1, "provenance": "OBSERVED"}}, {"type": "Feature", "geometry": {"type": "Point", "coordinates": [72.823333, 19.263333]}, "properties": {"elevation_m": 7.1, "provenance": "OBSERVED"}}, {"type": "Feature", "geometry": {"type": "Point", "coordinates": [72.829444, 19.263333]}, "properties": {"elevation_m": 6.7, "provenance": "OBSERVED"}}, {"type": "Feature", "geometry": {"type": "Point", "coordinates": [72.835556, 19.263333]}, "properties": {"elevation_m": 1.0, "provenance": "OBSERVED"}}, {"type": "Feature", "geometry": {"type": "Point", "coordinates": [72.841667, 19.263333]}, "properties": {"elevation_m": 6.5, "provenance": "OBSERVED"}}, {"type": "Feature", "geometry": {"type": "Point", "coordinates": [72.847778, 19.263333]}, "properties": {"elevation_m": 5.9, "provenance": "OBSERVED"}}, {"type": "Feature", "geometry": {"type": "Point", "coordinates": [72.853889, 19.263333]}, "properties": {"elevation_m": 2.7, "provenance": "OBSERVED"}}, {"type": "Feature", "geometry": {"type": "Point", "coordinates": [72.86, 19.263333]}, "properties": {"elevation_m": 9.0, "provenance": "OBSERVED"}}, {"type": "Feature", "geometry": {"type": "Point", "coordinates": [72.866111, 19.263333]}, "properties": {"elevation_m": 7.6, "provenance": "OBSERVED"}}, {"type": "Feature", "geometry": {"type": "Point", "coordinates": [72.872222, 19.263333]}, "properties": {"elevation_m": 11.9, "provenance": "OBSERVED"}}, {"type": "Feature", "geometry": {"type": "Point", "coordinates": [72.878333, 19.263333]}, "properties": {"elevation_m": 26.4, "provenance": "OBSERVED"}}, {"type": "Feature", "geometry": {"type": "Point", "coordinates": [72.884444, 19.263333]}, "properties": {"elevation_m": 49.0, "provenance": "OBSERVED"}}, {"type": "Feature", "geometry": {"type": "Point", "coordinates": [72.890556, 19.263333]}, "properties": {"elevation_m": 20.9, "provenance": "OBSERVED"}}, {"type": "Feature", "geometry": {"type": "Point", "coordinates": [72.896667, 19.263333]}, "properties": {"elevation_m": 25.8, "provenance": "OBSERVED"}}, {"type": "Feature", "geometry": {"type": "Point", "coordinates": [72.902778, 19.263333]}, "properties": {"elevation_m": 108.8, "provenance": "OBSERVED"}}, {"type": "Feature", "geometry": {"type": "Point", "coordinates": [72.908889, 19.263333]}, "properties": {"elevation_m": 129.2, "provenance": "OBSERVED"}}, {"type": "Feature", "geometry": {"type": "Point", "coordinates": [72.915, 19.263333]}, "properties": {"elevation_m": 111.8, "provenance": "OBSERVED"}}, {"type": "Feature", "geometry": {"type": "Point", "coordinates": [72.921111, 19.263333]}, "properties": {"elevation_m": 39.0, "provenance": "OBSERVED"}}, {"type": "Feature", "geometry": {"type": "Point", "coordinates": [72.927222, 19.263333]}, "properties": {"elevation_m": 158.0, "provenance": "OBSERVED"}}, {"type": "Feature", "geometry": {"type": "Point", "coordinates": [72.933333, 19.263333]}, "properties": {"elevation_m": 208.7, "provenance": "OBSERVED"}}, {"type": "Feature", "geometry": {"type": "Point", "coordinates": [72.939444, 19.263333]}, "properties": {"elevation_m": 251.6, "provenance": "OBSERVED"}}, {"type": "Feature", "geometry": {"type": "Point", "coordinates": [72.945556, 19.263333]}, "properties": {"elevation_m": 150.1, "provenance": "OBSERVED"}}, {"type": "Feature", "geometry": {"type": "Point", "coordinates": [72.951667, 19.263333]}, "properties": {"elevation_m": 51.9, "provenance": "OBSERVED"}}, {"type": "Feature", "geometry": {"type": "Point", "coordinates": [72.957778, 19.263333]}, "properties": {"elevation_m": 28.2, "provenance": "OBSERVED"}}, {"type": "Feature", "geometry": {"type": "Point", "coordinates": [72.963889, 19.263333]}, "properties": {"elevation_m": 17.6, "provenance": "OBSERVED"}}, {"type": "Feature", "geometry": {"type": "Point", "coordinates": [72.97, 19.263333]}, "properties": {"elevation_m": 14.8, "provenance": "OBSERVED"}}, {"type": "Feature", "geometry": {"type": "Point", "coordinates": [72.976111, 19.263333]}, "properties": {"elevation_m": 7.5, "provenance": "OBSERVED"}}, {"type": "Feature", "geometry": {"type": "Point", "coordinates": [72.982222, 19.263333]}, "properties": {"elevation_m": 3.5, "provenance": "OBSERVED"}}, {"type": "Feature", "geometry": {"type": "Point", "coordinates": [72.988333, 19.263333]}, "properties": {"elevation_m": 2.6, "provenance": "OBSERVED"}}, {"type": "Feature", "geometry": {"type": "Point", "coordinates": [72.994444, 19.263333]}, "properties": {"elevation_m": 0.0, "provenance": "OBSERVED"}}, {"type": "Feature", "geometry": {"type": "Point", "coordinates": [73.000556, 19.263333]}, "properties": {"elevation_m": 3.6, "provenance": "OBSERVED"}}, {"type": "Feature", "geometry": {"type": "Point", "coordinates": [73.006667, 19.263333]}, "properties": {"elevation_m": 2.1, "provenance": "OBSERVED"}}, {"type": "Feature", "geometry": {"type": "Point", "coordinates": [73.012778, 19.263333]}, "properties": {"elevation_m": 3.4, "provenance": "OBSERVED"}}, {"type": "Feature", "geometry": {"type": "Point", "coordinates": [73.018889, 19.263333]}, "properties": {"elevation_m": 2.1, "provenance": "OBSERVED"}}, {"type": "Feature", "geometry": {"type": "Point", "coordinates": [73.025, 19.263333]}, "properties": {"elevation_m": 11.0, "provenance": "OBSERVED"}}, {"type": "Feature", "geometry": {"type": "Point", "coordinates": [73.031111, 19.263333]}, "properties": {"elevation_m": 20.6, "provenance": "OBSERVED"}}, {"type": "Feature", "geometry": {"type": "Point", "coordinates": [73.037222, 19.263333]}, "properties": {"elevation_m": 11.0, "provenance": "OBSERVED"}}, {"type": "Feature", "geometry": {"type": "Point", "coordinates": [73.043333, 19.263333]}, "properties": {"elevation_m": 15.1, "provenance": "OBSERVED"}}, {"type": "Feature", "geometry": {"type": "Point", "coordinates": [73.049722, 19.263333]}, "properties": {"elevation_m": 11.6, "provenance": "OBSERVED"}}, {"type": "Feature", "geometry": {"type": "Point", "coordinates": [72.75, 19.254167]}, "properties": {"elevation_m": 0.0, "provenance": "OBSERVED"}}, {"type": "Feature", "geometry": {"type": "Point", "coordinates": [72.756111, 19.254167]}, "properties": {"elevation_m": 0.0, "provenance": "OBSERVED"}}, {"type": "Feature", "geometry": {"type": "Point", "coordinates": [72.762222, 19.254167]}, "properties": {"elevation_m": 0.0, "provenance": "OBSERVED"}}, {"type": "Feature", "geometry": {"type": "Point", "coordinates": [72.768333, 19.254167]}, "properties": {"elevation_m": 0.0, "provenance": "OBSERVED"}}, {"type": "Feature", "geometry": {"type": "Point", "coordinates": [72.774444, 19.254167]}, "properties": {"elevation_m": 0.0, "provenance": "OBSERVED"}}, {"type": "Feature", "geometry": {"type": "Point", "coordinates": [72.780556, 19.254167]}, "properties": {"elevation_m": 0.0, "provenance": "OBSERVED"}}, {"type": "Feature", "geometry": {"type": "Point", "coordinates": [72.786667, 19.254167]}, "properties": {"elevation_m": 40.3, "provenance": "OBSERVED"}}, {"type": "Feature", "geometry": {"type": "Point", "coordinates": [72.792778, 19.254167]}, "properties": {"elevation_m": 22.9, "provenance": "OBSERVED"}}, {"type": "Feature", "geometry": {"type": "Point", "coordinates": [72.798889, 19.254167]}, "properties": {"elevation_m": 69.4, "provenance": "OBSERVED"}}, {"type": "Feature", "geometry": {"type": "Point", "coordinates": [72.805, 19.254167]}, "properties": {"elevation_m": 10.4, "provenance": "OBSERVED"}}, {"type": "Feature", "geometry": {"type": "Point", "coordinates": [72.811111, 19.254167]}, "properties": {"elevation_m": 5.8, "provenance": "OBSERVED"}}, {"type": "Feature", "geometry": {"type": "Point", "coordinates": [72.817222, 19.254167]}, "properties": {"elevation_m": 4.7, "provenance": "OBSERVED"}}, {"type": "Feature", "geometry": {"type": "Point", "coordinates": [72.823333, 19.254167]}, "properties": {"elevation_m": 6.0, "provenance": "OBSERVED"}}, {"type": "Feature", "geometry": {"type": "Point", "coordinates": [72.829444, 19.254167]}, "properties": {"elevation_m": 5.9, "provenance": "OBSERVED"}}, {"type": "Feature", "geometry": {"type": "Point", "coordinates": [72.835556, 19.254167]}, "properties": {"elevation_m": 5.5, "provenance": "OBSERVED"}}, {"type": "Feature", "geometry": {"type": "Point", "coordinates": [72.841667, 19.254167]}, "properties": {"elevation_m": 4.9, "provenance": "OBSERVED"}}, {"type": "Feature", "geometry": {"type": "Point", "coordinates": [72.847778, 19.254167]}, "properties": {"elevation_m": 5.2, "provenance": "OBSERVED"}}, {"type": "Feature", "geometry": {"type": "Point", "coordinates": [72.853889, 19.254167]}, "properties": {"elevation_m": 16.4, "provenance": "OBSERVED"}}, {"type": "Feature", "geometry": {"type": "Point", "coordinates": [72.86, 19.254167]}, "properties": {"elevation_m": 10.8, "provenance": "OBSERVED"}}, {"type": "Feature", "geometry": {"type": "Point", "coordinates": [72.866111, 19.254167]}, "properties": {"elevation_m": 8.7, "provenance": "OBSERVED"}}, {"type": "Feature", "geometry": {"type": "Point", "coordinates": [72.872222, 19.254167]}, "properties": {"elevation_m": 14.9, "provenance": "OBSERVED"}}, {"type": "Feature", "geometry": {"type": "Point", "coordinates": [72.878333, 19.254167]}, "properties": {"elevation_m": 58.0, "provenance": "OBSERVED"}}, {"type": "Feature", "geometry": {"type": "Point", "coordinates": [72.884444, 19.254167]}, "properties": {"elevation_m": 148.4, "provenance": "OBSERVED"}}, {"type": "Feature", "geometry": {"type": "Point", "coordinates": [72.890556, 19.254167]}, "properties": {"elevation_m": 191.6, "provenance": "OBSERVED"}}, {"type": "Feature", "geometry": {"type": "Point", "coordinates": [72.896667, 19.254167]}, "properties": {"elevation_m": 153.9, "provenance": "OBSERVED"}}, {"type": "Feature", "geometry": {"type": "Point", "coordinates": [72.902778, 19.254167]}, "properties": {"elevation_m": 103.5, "provenance": "OBSERVED"}}, {"type": "Feature", "geometry": {"type": "Point", "coordinates": [72.908889, 19.254167]}, "properties": {"elevation_m": 206.3, "provenance": "OBSERVED"}}, {"type": "Feature", "geometry": {"type": "Point", "coordinates": [72.915, 19.254167]}, "properties": {"elevation_m": 92.4, "provenance": "OBSERVED"}}, {"type": "Feature", "geometry": {"type": "Point", "coordinates": [72.921111, 19.254167]}, "properties": {"elevation_m": 119.4, "provenance": "OBSERVED"}}, {"type": "Feature", "geometry": {"type": "Point", "coordinates": [72.927222, 19.254167]}, "properties": {"elevation_m": 212.4, "provenance": "OBSERVED"}}, {"type": "Feature", "geometry": {"type": "Point", "coordinates": [72.933333, 19.254167]}, "properties": {"elevation_m": 293.7, "provenance": "OBSERVED"}}, {"type": "Feature", "geometry": {"type": "Point", "coordinates": [72.939444, 19.254167]}, "properties": {"elevation_m": 265.9, "provenance": "OBSERVED"}}, {"type": "Feature", "geometry": {"type": "Point", "coordinates": [72.945556, 19.254167]}, "properties": {"elevation_m": 200.7, "provenance": "OBSERVED"}}, {"type": "Feature", "geometry": {"type": "Point", "coordinates": [72.951667, 19.254167]}, "properties": {"elevation_m": 82.1, "provenance": "OBSERVED"}}, {"type": "Feature", "geometry": {"type": "Point", "coordinates": [72.957778, 19.254167]}, "properties": {"elevation_m": 36.0, "provenance": "OBSERVED"}}, {"type": "Feature", "geometry": {"type": "Point", "coordinates": [72.963889, 19.254167]}, "properties": {"elevation_m": 129.0, "provenance": "OBSERVED"}}, {"type": "Feature", "geometry": {"type": "Point", "coordinates": [72.97, 19.254167]}, "properties": {"elevation_m": 27.7, "provenance": "OBSERVED"}}, {"type": "Feature", "geometry": {"type": "Point", "coordinates": [72.976111, 19.254167]}, "properties": {"elevation_m": 24.7, "provenance": "OBSERVED"}}, {"type": "Feature", "geometry": {"type": "Point", "coordinates": [72.982222, 19.254167]}, "properties": {"elevation_m": 6.1, "provenance": "OBSERVED"}}, {"type": "Feature", "geometry": {"type": "Point", "coordinates": [72.988333, 19.254167]}, "properties": {"elevation_m": 3.0, "provenance": "OBSERVED"}}, {"type": "Feature", "geometry": {"type": "Point", "coordinates": [72.994444, 19.254167]}, "properties": {"elevation_m": 4.1, "provenance": "OBSERVED"}}, {"type": "Feature", "geometry": {"type": "Point", "coordinates": [73.000556, 19.254167]}, "properties": {"elevation_m": 0.0, "provenance": "OBSERVED"}}, {"type": "Feature", "geometry": {"type": "Point", "coordinates": [73.006667, 19.254167]}, "properties": {"elevation_m": 2.1, "provenance": "OBSERVED"}}, {"type": "Feature", "geometry": {"type": "Point", "coordinates": [73.012778, 19.254167]}, "properties": {"elevation_m": 9.6, "provenance": "OBSERVED"}}, {"type": "Feature", "geometry": {"type": "Point", "coordinates": [73.018889, 19.254167]}, "properties": {"elevation_m": 2.6, "provenance": "OBSERVED"}}, {"type": "Feature", "geometry": {"type": "Point", "coordinates": [73.025, 19.254167]}, "properties": {"elevation_m": 7.5, "provenance": "OBSERVED"}}, {"type": "Feature", "geometry": {"type": "Point", "coordinates": [73.031111, 19.254167]}, "properties": {"elevation_m": 5.9, "provenance": "OBSERVED"}}, {"type": "Feature", "geometry": {"type": "Point", "coordinates": [73.037222, 19.254167]}, "properties": {"elevation_m": 11.9, "provenance": "OBSERVED"}}, {"type": "Feature", "geometry": {"type": "Point", "coordinates": [73.043333, 19.254167]}, "properties": {"elevation_m": 15.8, "provenance": "OBSERVED"}}, {"type": "Feature", "geometry": {"type": "Point", "coordinates": [73.049722, 19.254167]}, "properties": {"elevation_m": 20.8, "provenance": "OBSERVED"}}, {"type": "Feature", "geometry": {"type": "Point", "coordinates": [72.75, 19.245]}, "properties": {"elevation_m": 0.0, "provenance": "OBSERVED"}}, {"type": "Feature", "geometry": {"type": "Point", "coordinates": [72.756111, 19.245]}, "properties": {"elevation_m": 0.0, "provenance": "OBSERVED"}}, {"type": "Feature", "geometry": {"type": "Point", "coordinates": [72.762222, 19.245]}, "properties": {"elevation_m": 0.0, "provenance": "OBSERVED"}}, {"type": "Feature", "geometry": {"type": "Point", "coordinates": [72.768333, 19.245]}, "properties": {"elevation_m": 0.0, "provenance": "OBSERVED"}}, {"type": "Feature", "geometry": {"type": "Point", "coordinates": [72.774444, 19.245]}, "properties": {"elevation_m": 0.0, "provenance": "OBSERVED"}}, {"type": "Feature", "geometry": {"type": "Point", "coordinates": [72.780556, 19.245]}, "properties": {"elevation_m": 0.0, "provenance": "OBSERVED"}}, {"type": "Feature", "geometry": {"type": "Point", "coordinates": [72.786667, 19.245]}, "properties": {"elevation_m": 7.0, "provenance": "OBSERVED"}}, {"type": "Feature", "geometry": {"type": "Point", "coordinates": [72.792778, 19.245]}, "properties": {"elevation_m": 9.8, "provenance": "OBSERVED"}}, {"type": "Feature", "geometry": {"type": "Point", "coordinates": [72.798889, 19.245]}, "properties": {"elevation_m": 12.0, "provenance": "OBSERVED"}}, {"type": "Feature", "geometry": {"type": "Point", "coordinates": [72.805, 19.245]}, "properties": {"elevation_m": 4.8, "provenance": "OBSERVED"}}, {"type": "Feature", "geometry": {"type": "Point", "coordinates": [72.811111, 19.245]}, "properties": {"elevation_m": 4.1, "provenance": "OBSERVED"}}, {"type": "Feature", "geometry": {"type": "Point", "coordinates": [72.817222, 19.245]}, "properties": {"elevation_m": 3.5, "provenance": "OBSERVED"}}, {"type": "Feature", "geometry": {"type": "Point", "coordinates": [72.823333, 19.245]}, "properties": {"elevation_m": 0.0, "provenance": "OBSERVED"}}, {"type": "Feature", "geometry": {"type": "Point", "coordinates": [72.829444, 19.245]}, "properties": {"elevation_m": 5.3, "provenance": "OBSERVED"}}, {"type": "Feature", "geometry": {"type": "Point", "coordinates": [72.835556, 19.245]}, "properties": {"elevation_m": 5.3, "provenance": "OBSERVED"}}, {"type": "Feature", "geometry": {"type": "Point", "coordinates": [72.841667, 19.245]}, "properties": {"elevation_m": 5.3, "provenance": "OBSERVED"}}, {"type": "Feature", "geometry": {"type": "Point", "coordinates": [72.847778, 19.245]}, "properties": {"elevation_m": 20.2, "provenance": "OBSERVED"}}, {"type": "Feature", "geometry": {"type": "Point", "coordinates": [72.853889, 19.245]}, "properties": {"elevation_m": 17.1, "provenance": "OBSERVED"}}, {"type": "Feature", "geometry": {"type": "Point", "coordinates": [72.86, 19.245]}, "properties": {"elevation_m": 17.3, "provenance": "OBSERVED"}}, {"type": "Feature", "geometry": {"type": "Point", "coordinates": [72.866111, 19.245]}, "properties": {"elevation_m": 16.3, "provenance": "OBSERVED"}}, {"type": "Feature", "geometry": {"type": "Point", "coordinates": [72.872222, 19.245]}, "properties": {"elevation_m": 18.1, "provenance": "OBSERVED"}}, {"type": "Feature", "geometry": {"type": "Point", "coordinates": [72.878333, 19.245]}, "properties": {"elevation_m": 60.8, "provenance": "OBSERVED"}}, {"type": "Feature", "geometry": {"type": "Point", "coordinates": [72.884444, 19.245]}, "properties": {"elevation_m": 164.7, "provenance": "OBSERVED"}}, {"type": "Feature", "geometry": {"type": "Point", "coordinates": [72.890556, 19.245]}, "properties": {"elevation_m": 177.5, "provenance": "OBSERVED"}}, {"type": "Feature", "geometry": {"type": "Point", "coordinates": [72.896667, 19.245]}, "properties": {"elevation_m": 159.1, "provenance": "OBSERVED"}}, {"type": "Feature", "geometry": {"type": "Point", "coordinates": [72.902778, 19.245]}, "properties": {"elevation_m": 236.5, "provenance": "OBSERVED"}}, {"type": "Feature", "geometry": {"type": "Point", "coordinates": [72.908889, 19.245]}, "properties": {"elevation_m": 205.4, "provenance": "OBSERVED"}}, {"type": "Feature", "geometry": {"type": "Point", "coordinates": [72.915, 19.245]}, "properties": {"elevation_m": 124.4, "provenance": "OBSERVED"}}, {"type": "Feature", "geometry": {"type": "Point", "coordinates": [72.921111, 19.245]}, "properties": {"elevation_m": 107.4, "provenance": "OBSERVED"}}, {"type": "Feature", "geometry": {"type": "Point", "coordinates": [72.927222, 19.245]}, "properties": {"elevation_m": 83.9, "provenance": "OBSERVED"}}, {"type": "Feature", "geometry": {"type": "Point", "coordinates": [72.933333, 19.245]}, "properties": {"elevation_m": 97.1, "provenance": "OBSERVED"}}, {"type": "Feature", "geometry": {"type": "Point", "coordinates": [72.939444, 19.245]}, "properties": {"elevation_m": 112.0, "provenance": "OBSERVED"}}, {"type": "Feature", "geometry": {"type": "Point", "coordinates": [72.945556, 19.245]}, "properties": {"elevation_m": 133.0, "provenance": "OBSERVED"}}, {"type": "Feature", "geometry": {"type": "Point", "coordinates": [72.951667, 19.245]}, "properties": {"elevation_m": 127.3, "provenance": "OBSERVED"}}, {"type": "Feature", "geometry": {"type": "Point", "coordinates": [72.957778, 19.245]}, "properties": {"elevation_m": 108.5, "provenance": "OBSERVED"}}, {"type": "Feature", "geometry": {"type": "Point", "coordinates": [72.963889, 19.245]}, "properties": {"elevation_m": 108.3, "provenance": "OBSERVED"}}, {"type": "Feature", "geometry": {"type": "Point", "coordinates": [72.97, 19.245]}, "properties": {"elevation_m": 52.0, "provenance": "OBSERVED"}}, {"type": "Feature", "geometry": {"type": "Point", "coordinates": [72.976111, 19.245]}, "properties": {"elevation_m": 17.3, "provenance": "OBSERVED"}}, {"type": "Feature", "geometry": {"type": "Point", "coordinates": [72.982222, 19.245]}, "properties": {"elevation_m": 20.0, "provenance": "OBSERVED"}}, {"type": "Feature", "geometry": {"type": "Point", "coordinates": [72.988333, 19.245]}, "properties": {"elevation_m": 35.1, "provenance": "OBSERVED"}}, {"type": "Feature", "geometry": {"type": "Point", "coordinates": [72.994444, 19.245]}, "properties": {"elevation_m": 4.5, "provenance": "OBSERVED"}}, {"type": "Feature", "geometry": {"type": "Point", "coordinates": [73.000556, 19.245]}, "properties": {"elevation_m": 0.0, "provenance": "OBSERVED"}}, {"type": "Feature", "geometry": {"type": "Point", "coordinates": [73.006667, 19.245]}, "properties": {"elevation_m": 6.0, "provenance": "OBSERVED"}}, {"type": "Feature", "geometry": {"type": "Point", "coordinates": [73.012778, 19.245]}, "properties": {"elevation_m": 8.4, "provenance": "OBSERVED"}}, {"type": "Feature", "geometry": {"type": "Point", "coordinates": [73.018889, 19.245]}, "properties": {"elevation_m": 6.1, "provenance": "OBSERVED"}}, {"type": "Feature", "geometry": {"type": "Point", "coordinates": [73.025, 19.245]}, "properties": {"elevation_m": 4.7, "provenance": "OBSERVED"}}, {"type": "Feature", "geometry": {"type": "Point", "coordinates": [73.031111, 19.245]}, "properties": {"elevation_m": 3.9, "provenance": "OBSERVED"}}, {"type": "Feature", "geometry": {"type": "Point", "coordinates": [73.037222, 19.245]}, "properties": {"elevation_m": 5.4, "provenance": "OBSERVED"}}, {"type": "Feature", "geometry": {"type": "Point", "coordinates": [73.043333, 19.245]}, "properties": {"elevation_m": 7.9, "provenance": "OBSERVED"}}, {"type": "Feature", "geometry": {"type": "Point", "coordinates": [73.049722, 19.245]}, "properties": {"elevation_m": 13.0, "provenance": "OBSERVED"}}, {"type": "Feature", "geometry": {"type": "Point", "coordinates": [72.75, 19.235833]}, "properties": {"elevation_m": 0.0, "provenance": "OBSERVED"}}, {"type": "Feature", "geometry": {"type": "Point", "coordinates": [72.756111, 19.235833]}, "properties": {"elevation_m": 0.0, "provenance": "OBSERVED"}}, {"type": "Feature", "geometry": {"type": "Point", "coordinates": [72.762222, 19.235833]}, "properties": {"elevation_m": 0.0, "provenance": "OBSERVED"}}, {"type": "Feature", "geometry": {"type": "Point", "coordinates": [72.768333, 19.235833]}, "properties": {"elevation_m": 0.0, "provenance": "OBSERVED"}}, {"type": "Feature", "geometry": {"type": "Point", "coordinates": [72.774444, 19.235833]}, "properties": {"elevation_m": 0.0, "provenance": "OBSERVED"}}, {"type": "Feature", "geometry": {"type": "Point", "coordinates": [72.780556, 19.235833]}, "properties": {"elevation_m": 13.1, "provenance": "OBSERVED"}}, {"type": "Feature", "geometry": {"type": "Point", "coordinates": [72.786667, 19.235833]}, "properties": {"elevation_m": 11.6, "provenance": "OBSERVED"}}, {"type": "Feature", "geometry": {"type": "Point", "coordinates": [72.792778, 19.235833]}, "properties": {"elevation_m": 2.5, "provenance": "OBSERVED"}}, {"type": "Feature", "geometry": {"type": "Point", "coordinates": [72.798889, 19.235833]}, "properties": {"elevation_m": 2.8, "provenance": "OBSERVED"}}, {"type": "Feature", "geometry": {"type": "Point", "coordinates": [72.805, 19.235833]}, "properties": {"elevation_m": 3.9, "provenance": "OBSERVED"}}, {"type": "Feature", "geometry": {"type": "Point", "coordinates": [72.811111, 19.235833]}, "properties": {"elevation_m": 3.9, "provenance": "OBSERVED"}}, {"type": "Feature", "geometry": {"type": "Point", "coordinates": [72.817222, 19.235833]}, "properties": {"elevation_m": 4.0, "provenance": "OBSERVED"}}, {"type": "Feature", "geometry": {"type": "Point", "coordinates": [72.823333, 19.235833]}, "properties": {"elevation_m": 0.0, "provenance": "OBSERVED"}}, {"type": "Feature", "geometry": {"type": "Point", "coordinates": [72.829444, 19.235833]}, "properties": {"elevation_m": 5.3, "provenance": "OBSERVED"}}, {"type": "Feature", "geometry": {"type": "Point", "coordinates": [72.835556, 19.235833]}, "properties": {"elevation_m": 5.3, "provenance": "OBSERVED"}}, {"type": "Feature", "geometry": {"type": "Point", "coordinates": [72.841667, 19.235833]}, "properties": {"elevation_m": 15.1, "provenance": "OBSERVED"}}, {"type": "Feature", "geometry": {"type": "Point", "coordinates": [72.847778, 19.235833]}, "properties": {"elevation_m": 13.8, "provenance": "OBSERVED"}}, {"type": "Feature", "geometry": {"type": "Point", "coordinates": [72.853889, 19.235833]}, "properties": {"elevation_m": 20.9, "provenance": "OBSERVED"}}, {"type": "Feature", "geometry": {"type": "Point", "coordinates": [72.86, 19.235833]}, "properties": {"elevation_m": 20.4, "provenance": "OBSERVED"}}, {"type": "Feature", "geometry": {"type": "Point", "coordinates": [72.866111, 19.235833]}, "properties": {"elevation_m": 27.9, "provenance": "OBSERVED"}}, {"type": "Feature", "geometry": {"type": "Point", "coordinates": [72.872222, 19.235833]}, "properties": {"elevation_m": 70.8, "provenance": "OBSERVED"}}, {"type": "Feature", "geometry": {"type": "Point", "coordinates": [72.878333, 19.235833]}, "properties": {"elevation_m": 40.6, "provenance": "OBSERVED"}}, {"type": "Feature", "geometry": {"type": "Point", "coordinates": [72.884444, 19.235833]}, "properties": {"elevation_m": 64.9, "provenance": "OBSERVED"}}, {"type": "Feature", "geometry": {"type": "Point", "coordinates": [72.890556, 19.235833]}, "properties": {"elevation_m": 134.2, "provenance": "OBSERVED"}}, {"type": "Feature", "geometry": {"type": "Point", "coordinates": [72.896667, 19.235833]}, "properties": {"elevation_m": 175.6, "provenance": "OBSERVED"}}, {"type": "Feature", "geometry": {"type": "Point", "coordinates": [72.902778, 19.235833]}, "properties": {"elevation_m": 246.7, "provenance": "OBSERVED"}}, {"type": "Feature", "geometry": {"type": "Point", "coordinates": [72.908889, 19.235833]}, "properties": {"elevation_m": 323.7, "provenance": "OBSERVED"}}, {"type": "Feature", "geometry": {"type": "Point", "coordinates": [72.915, 19.235833]}, "properties": {"elevation_m": 262.1, "provenance": "OBSERVED"}}, {"type": "Feature", "geometry": {"type": "Point", "coordinates": [72.921111, 19.235833]}, "properties": {"elevation_m": 254.7, "provenance": "OBSERVED"}}, {"type": "Feature", "geometry": {"type": "Point", "coordinates": [72.927222, 19.235833]}, "properties": {"elevation_m": 110.7, "provenance": "OBSERVED"}}, {"type": "Feature", "geometry": {"type": "Point", "coordinates": [72.933333, 19.235833]}, "properties": {"elevation_m": 122.8, "provenance": "OBSERVED"}}, {"type": "Feature", "geometry": {"type": "Point", "coordinates": [72.939444, 19.235833]}, "properties": {"elevation_m": 110.4, "provenance": "OBSERVED"}}, {"type": "Feature", "geometry": {"type": "Point", "coordinates": [72.945556, 19.235833]}, "properties": {"elevation_m": 114.7, "provenance": "OBSERVED"}}, {"type": "Feature", "geometry": {"type": "Point", "coordinates": [72.951667, 19.235833]}, "properties": {"elevation_m": 132.8, "provenance": "OBSERVED"}}, {"type": "Feature", "geometry": {"type": "Point", "coordinates": [72.957778, 19.235833]}, "properties": {"elevation_m": 252.9, "provenance": "OBSERVED"}}, {"type": "Feature", "geometry": {"type": "Point", "coordinates": [72.963889, 19.235833]}, "properties": {"elevation_m": 67.8, "provenance": "OBSERVED"}}, {"type": "Feature", "geometry": {"type": "Point", "coordinates": [72.97, 19.235833]}, "properties": {"elevation_m": 41.9, "provenance": "OBSERVED"}}, {"type": "Feature", "geometry": {"type": "Point", "coordinates": [72.976111, 19.235833]}, "properties": {"elevation_m": 28.5, "provenance": "OBSERVED"}}, {"type": "Feature", "geometry": {"type": "Point", "coordinates": [72.982222, 19.235833]}, "properties": {"elevation_m": 20.2, "provenance": "OBSERVED"}}, {"type": "Feature", "geometry": {"type": "Point", "coordinates": [72.988333, 19.235833]}, "properties": {"elevation_m": 25.6, "provenance": "OBSERVED"}}, {"type": "Feature", "geometry": {"type": "Point", "coordinates": [72.994444, 19.235833]}, "properties": {"elevation_m": 4.6, "provenance": "OBSERVED"}}, {"type": "Feature", "geometry": {"type": "Point", "coordinates": [73.000556, 19.235833]}, "properties": {"elevation_m": 0.0, "provenance": "OBSERVED"}}, {"type": "Feature", "geometry": {"type": "Point", "coordinates": [73.006667, 19.235833]}, "properties": {"elevation_m": 4.7, "provenance": "OBSERVED"}}, {"type": "Feature", "geometry": {"type": "Point", "coordinates": [73.012778, 19.235833]}, "properties": {"elevation_m": 7.3, "provenance": "OBSERVED"}}, {"type": "Feature", "geometry": {"type": "Point", "coordinates": [73.018889, 19.235833]}, "properties": {"elevation_m": 3.0, "provenance": "OBSERVED"}}, {"type": "Feature", "geometry": {"type": "Point", "coordinates": [73.025, 19.235833]}, "properties": {"elevation_m": 3.0, "provenance": "OBSERVED"}}, {"type": "Feature", "geometry": {"type": "Point", "coordinates": [73.031111, 19.235833]}, "properties": {"elevation_m": 3.0, "provenance": "OBSERVED"}}, {"type": "Feature", "geometry": {"type": "Point", "coordinates": [73.037222, 19.235833]}, "properties": {"elevation_m": 2.1, "provenance": "OBSERVED"}}, {"type": "Feature", "geometry": {"type": "Point", "coordinates": [73.043333, 19.235833]}, "properties": {"elevation_m": 4.4, "provenance": "OBSERVED"}}, {"type": "Feature", "geometry": {"type": "Point", "coordinates": [73.049722, 19.235833]}, "properties": {"elevation_m": 9.3, "provenance": "OBSERVED"}}, {"type": "Feature", "geometry": {"type": "Point", "coordinates": [72.75, 19.226667]}, "properties": {"elevation_m": 0.0, "provenance": "OBSERVED"}}, {"type": "Feature", "geometry": {"type": "Point", "coordinates": [72.756111, 19.226667]}, "properties": {"elevation_m": 0.0, "provenance": "OBSERVED"}}, {"type": "Feature", "geometry": {"type": "Point", "coordinates": [72.762222, 19.226667]}, "properties": {"elevation_m": 0.0, "provenance": "OBSERVED"}}, {"type": "Feature", "geometry": {"type": "Point", "coordinates": [72.768333, 19.226667]}, "properties": {"elevation_m": 0.0, "provenance": "OBSERVED"}}, {"type": "Feature", "geometry": {"type": "Point", "coordinates": [72.774444, 19.226667]}, "properties": {"elevation_m": 0.0, "provenance": "OBSERVED"}}, {"type": "Feature", "geometry": {"type": "Point", "coordinates": [72.780556, 19.226667]}, "properties": {"elevation_m": 18.3, "provenance": "OBSERVED"}}, {"type": "Feature", "geometry": {"type": "Point", "coordinates": [72.786667, 19.226667]}, "properties": {"elevation_m": 2.3, "provenance": "OBSERVED"}}, {"type": "Feature", "geometry": {"type": "Point", "coordinates": [72.792778, 19.226667]}, "properties": {"elevation_m": 2.3, "provenance": "OBSERVED"}}, {"type": "Feature", "geometry": {"type": "Point", "coordinates": [72.798889, 19.226667]}, "properties": {"elevation_m": 2.7, "provenance": "OBSERVED"}}, {"type": "Feature", "geometry": {"type": "Point", "coordinates": [72.805, 19.226667]}, "properties": {"elevation_m": 6.0, "provenance": "OBSERVED"}}, {"type": "Feature", "geometry": {"type": "Point", "coordinates": [72.811111, 19.226667]}, "properties": {"elevation_m": 0.0, "provenance": "OBSERVED"}}, {"type": "Feature", "geometry": {"type": "Point", "coordinates": [72.817222, 19.226667]}, "properties": {"elevation_m": 0.2, "provenance": "OBSERVED"}}, {"type": "Feature", "geometry": {"type": "Point", "coordinates": [72.823333, 19.226667]}, "properties": {"elevation_m": 7.2, "provenance": "OBSERVED"}}, {"type": "Feature", "geometry": {"type": "Point", "coordinates": [72.829444, 19.226667]}, "properties": {"elevation_m": 7.3, "provenance": "OBSERVED"}}, {"type": "Feature", "geometry": {"type": "Point", "coordinates": [72.835556, 19.226667]}, "properties": {"elevation_m": 7.6, "provenance": "OBSERVED"}}, {"type": "Feature", "geometry": {"type": "Point", "coordinates": [72.841667, 19.226667]}, "properties": {"elevation_m": 10.9, "provenance": "OBSERVED"}}, {"type": "Feature", "geometry": {"type": "Point", "coordinates": [72.847778, 19.226667]}, "properties": {"elevation_m": 16.3, "provenance": "OBSERVED"}}, {"type": "Feature", "geometry": {"type": "Point", "coordinates": [72.853889, 19.226667]}, "properties": {"elevation_m": 19.3, "provenance": "OBSERVED"}}, {"type": "Feature", "geometry": {"type": "Point", "coordinates": [72.86, 19.226667]}, "properties": {"elevation_m": 24.5, "provenance": "OBSERVED"}}, {"type": "Feature", "geometry": {"type": "Point", "coordinates": [72.866111, 19.226667]}, "properties": {"elevation_m": 36.3, "provenance": "OBSERVED"}}, {"type": "Feature", "geometry": {"type": "Point", "coordinates": [72.872222, 19.226667]}, "properties": {"elevation_m": 65.9, "provenance": "OBSERVED"}}, {"type": "Feature", "geometry": {"type": "Point", "coordinates": [72.878333, 19.226667]}, "properties": {"elevation_m": 30.5, "provenance": "OBSERVED"}}, {"type": "Feature", "geometry": {"type": "Point", "coordinates": [72.884444, 19.226667]}, "properties": {"elevation_m": 55.2, "provenance": "OBSERVED"}}, {"type": "Feature", "geometry": {"type": "Point", "coordinates": [72.890556, 19.226667]}, "properties": {"elevation_m": 52.4, "provenance": "OBSERVED"}}, {"type": "Feature", "geometry": {"type": "Point", "coordinates": [72.896667, 19.226667]}, "properties": {"elevation_m": 82.0, "provenance": "OBSERVED"}}, {"type": "Feature", "geometry": {"type": "Point", "coordinates": [72.902778, 19.226667]}, "properties": {"elevation_m": 79.8, "provenance": "OBSERVED"}}, {"type": "Feature", "geometry": {"type": "Point", "coordinates": [72.908889, 19.226667]}, "properties": {"elevation_m": 201.2, "provenance": "OBSERVED"}}, {"type": "Feature", "geometry": {"type": "Point", "coordinates": [72.915, 19.226667]}, "properties": {"elevation_m": 373.8, "provenance": "OBSERVED"}}, {"type": "Feature", "geometry": {"type": "Point", "coordinates": [72.921111, 19.226667]}, "properties": {"elevation_m": 280.5, "provenance": "OBSERVED"}}, {"type": "Feature", "geometry": {"type": "Point", "coordinates": [72.927222, 19.226667]}, "properties": {"elevation_m": 200.5, "provenance": "OBSERVED"}}, {"type": "Feature", "geometry": {"type": "Point", "coordinates": [72.933333, 19.226667]}, "properties": {"elevation_m": 206.5, "provenance": "OBSERVED"}}, {"type": "Feature", "geometry": {"type": "Point", "coordinates": [72.939444, 19.226667]}, "properties": {"elevation_m": 163.6, "provenance": "OBSERVED"}}, {"type": "Feature", "geometry": {"type": "Point", "coordinates": [72.945556, 19.226667]}, "properties": {"elevation_m": 144.0, "provenance": "OBSERVED"}}, {"type": "Feature", "geometry": {"type": "Point", "coordinates": [72.951667, 19.226667]}, "properties": {"elevation_m": 170.3, "provenance": "OBSERVED"}}, {"type": "Feature", "geometry": {"type": "Point", "coordinates": [72.957778, 19.226667]}, "properties": {"elevation_m": 70.6, "provenance": "OBSERVED"}}, {"type": "Feature", "geometry": {"type": "Point", "coordinates": [72.963889, 19.226667]}, "properties": {"elevation_m": 46.8, "provenance": "OBSERVED"}}, {"type": "Feature", "geometry": {"type": "Point", "coordinates": [72.97, 19.226667]}, "properties": {"elevation_m": 34.6, "provenance": "OBSERVED"}}, {"type": "Feature", "geometry": {"type": "Point", "coordinates": [72.976111, 19.226667]}, "properties": {"elevation_m": 25.8, "provenance": "OBSERVED"}}, {"type": "Feature", "geometry": {"type": "Point", "coordinates": [72.982222, 19.226667]}, "properties": {"elevation_m": 23.9, "provenance": "OBSERVED"}}, {"type": "Feature", "geometry": {"type": "Point", "coordinates": [72.988333, 19.226667]}, "properties": {"elevation_m": 13.9, "provenance": "OBSERVED"}}, {"type": "Feature", "geometry": {"type": "Point", "coordinates": [72.994444, 19.226667]}, "properties": {"elevation_m": 3.6, "provenance": "OBSERVED"}}, {"type": "Feature", "geometry": {"type": "Point", "coordinates": [73.000556, 19.226667]}, "properties": {"elevation_m": 4.1, "provenance": "OBSERVED"}}, {"type": "Feature", "geometry": {"type": "Point", "coordinates": [73.006667, 19.226667]}, "properties": {"elevation_m": 0.0, "provenance": "OBSERVED"}}, {"type": "Feature", "geometry": {"type": "Point", "coordinates": [73.012778, 19.226667]}, "properties": {"elevation_m": 3.3, "provenance": "OBSERVED"}}, {"type": "Feature", "geometry": {"type": "Point", "coordinates": [73.018889, 19.226667]}, "properties": {"elevation_m": 3.0, "provenance": "OBSERVED"}}, {"type": "Feature", "geometry": {"type": "Point", "coordinates": [73.025, 19.226667]}, "properties": {"elevation_m": 2.4, "provenance": "OBSERVED"}}, {"type": "Feature", "geometry": {"type": "Point", "coordinates": [73.031111, 19.226667]}, "properties": {"elevation_m": 2.7, "provenance": "OBSERVED"}}, {"type": "Feature", "geometry": {"type": "Point", "coordinates": [73.037222, 19.226667]}, "properties": {"elevation_m": 2.1, "provenance": "OBSERVED"}}, {"type": "Feature", "geometry": {"type": "Point", "coordinates": [73.043333, 19.226667]}, "properties": {"elevation_m": 6.9, "provenance": "OBSERVED"}}, {"type": "Feature", "geometry": {"type": "Point", "coordinates": [73.049722, 19.226667]}, "properties": {"elevation_m": 5.0, "provenance": "OBSERVED"}}, {"type": "Feature", "geometry": {"type": "Point", "coordinates": [72.75, 19.2175]}, "properties": {"elevation_m": 0.0, "provenance": "OBSERVED"}}, {"type": "Feature", "geometry": {"type": "Point", "coordinates": [72.756111, 19.2175]}, "properties": {"elevation_m": 0.0, "provenance": "OBSERVED"}}, {"type": "Feature", "geometry": {"type": "Point", "coordinates": [72.762222, 19.2175]}, "properties": {"elevation_m": 0.0, "provenance": "OBSERVED"}}, {"type": "Feature", "geometry": {"type": "Point", "coordinates": [72.768333, 19.2175]}, "properties": {"elevation_m": 0.0, "provenance": "OBSERVED"}}, {"type": "Feature", "geometry": {"type": "Point", "coordinates": [72.774444, 19.2175]}, "properties": {"elevation_m": 0.0, "provenance": "OBSERVED"}}, {"type": "Feature", "geometry": {"type": "Point", "coordinates": [72.780556, 19.2175]}, "properties": {"elevation_m": 1.5, "provenance": "OBSERVED"}}, {"type": "Feature", "geometry": {"type": "Point", "coordinates": [72.786667, 19.2175]}, "properties": {"elevation_m": 10.3, "provenance": "OBSERVED"}}, {"type": "Feature", "geometry": {"type": "Point", "coordinates": [72.792778, 19.2175]}, "properties": {"elevation_m": 10.5, "provenance": "OBSERVED"}}, {"type": "Feature", "geometry": {"type": "Point", "coordinates": [72.798889, 19.2175]}, "properties": {"elevation_m": 2.1, "provenance": "OBSERVED"}}, {"type": "Feature", "geometry": {"type": "Point", "coordinates": [72.805, 19.2175]}, "properties": {"elevation_m": 0.0, "provenance": "OBSERVED"}}, {"type": "Feature", "geometry": {"type": "Point", "coordinates": [72.811111, 19.2175]}, "properties": {"elevation_m": 6.1, "provenance": "OBSERVED"}}, {"type": "Feature", "geometry": {"type": "Point", "coordinates": [72.817222, 19.2175]}, "properties": {"elevation_m": 4.6, "provenance": "OBSERVED"}}, {"type": "Feature", "geometry": {"type": "Point", "coordinates": [72.823333, 19.2175]}, "properties": {"elevation_m": 7.2, "provenance": "OBSERVED"}}, {"type": "Feature", "geometry": {"type": "Point", "coordinates": [72.829444, 19.2175]}, "properties": {"elevation_m": 7.6, "provenance": "OBSERVED"}}, {"type": "Feature", "geometry": {"type": "Point", "coordinates": [72.835556, 19.2175]}, "properties": {"elevation_m": 6.1, "provenance": "OBSERVED"}}, {"type": "Feature", "geometry": {"type": "Point", "coordinates": [72.841667, 19.2175]}, "properties": {"elevation_m": 7.7, "provenance": "OBSERVED"}}, {"type": "Feature", "geometry": {"type": "Point", "coordinates": [72.847778, 19.2175]}, "properties": {"elevation_m": 16.2, "provenance": "OBSERVED"}}, {"type": "Feature", "geometry": {"type": "Point", "coordinates": [72.853889, 19.2175]}, "properties": {"elevation_m": 16.4, "provenance": "OBSERVED"}}, {"type": "Feature", "geometry": {"type": "Point", "coordinates": [72.86, 19.2175]}, "properties": {"elevation_m": 17.4, "provenance": "OBSERVED"}}, {"type": "Feature", "geometry": {"type": "Point", "coordinates": [72.866111, 19.2175]}, "properties": {"elevation_m": 22.4, "provenance": "OBSERVED"}}, {"type": "Feature", "geometry": {"type": "Point", "coordinates": [72.872222, 19.2175]}, "properties": {"elevation_m": 29.5, "provenance": "OBSERVED"}}, {"type": "Feature", "geometry": {"type": "Point", "coordinates": [72.878333, 19.2175]}, "properties": {"elevation_m": 30.9, "provenance": "OBSERVED"}}, {"type": "Feature", "geometry": {"type": "Point", "coordinates": [72.884444, 19.2175]}, "properties": {"elevation_m": 81.1, "provenance": "OBSERVED"}}, {"type": "Feature", "geometry": {"type": "Point", "coordinates": [72.890556, 19.2175]}, "properties": {"elevation_m": 71.1, "provenance": "OBSERVED"}}, {"type": "Feature", "geometry": {"type": "Point", "coordinates": [72.896667, 19.2175]}, "properties": {"elevation_m": 140.4, "provenance": "OBSERVED"}}, {"type": "Feature", "geometry": {"type": "Point", "coordinates": [72.902778, 19.2175]}, "properties": {"elevation_m": 185.5, "provenance": "OBSERVED"}}, {"type": "Feature", "geometry": {"type": "Point", "coordinates": [72.908889, 19.2175]}, "properties": {"elevation_m": 289.7, "provenance": "OBSERVED"}}, {"type": "Feature", "geometry": {"type": "Point", "coordinates": [72.915, 19.2175]}, "properties": {"elevation_m": 314.7, "provenance": "OBSERVED"}}, {"type": "Feature", "geometry": {"type": "Point", "coordinates": [72.921111, 19.2175]}, "properties": {"elevation_m": 464.2, "provenance": "OBSERVED"}}, {"type": "Feature", "geometry": {"type": "Point", "coordinates": [72.927222, 19.2175]}, "properties": {"elevation_m": 230.6, "provenance": "OBSERVED"}}, {"type": "Feature", "geometry": {"type": "Point", "coordinates": [72.933333, 19.2175]}, "properties": {"elevation_m": 158.7, "provenance": "OBSERVED"}}, {"type": "Feature", "geometry": {"type": "Point", "coordinates": [72.939444, 19.2175]}, "properties": {"elevation_m": 230.2, "provenance": "OBSERVED"}}, {"type": "Feature", "geometry": {"type": "Point", "coordinates": [72.945556, 19.2175]}, "properties": {"elevation_m": 186.6, "provenance": "OBSERVED"}}, {"type": "Feature", "geometry": {"type": "Point", "coordinates": [72.951667, 19.2175]}, "properties": {"elevation_m": 49.8, "provenance": "OBSERVED"}}, {"type": "Feature", "geometry": {"type": "Point", "coordinates": [72.957778, 19.2175]}, "properties": {"elevation_m": 35.5, "provenance": "OBSERVED"}}, {"type": "Feature", "geometry": {"type": "Point", "coordinates": [72.963889, 19.2175]}, "properties": {"elevation_m": 28.3, "provenance": "OBSERVED"}}, {"type": "Feature", "geometry": {"type": "Point", "coordinates": [72.97, 19.2175]}, "properties": {"elevation_m": 26.8, "provenance": "OBSERVED"}}, {"type": "Feature", "geometry": {"type": "Point", "coordinates": [72.976111, 19.2175]}, "properties": {"elevation_m": 13.7, "provenance": "OBSERVED"}}, {"type": "Feature", "geometry": {"type": "Point", "coordinates": [72.982222, 19.2175]}, "properties": {"elevation_m": 7.3, "provenance": "OBSERVED"}}, {"type": "Feature", "geometry": {"type": "Point", "coordinates": [72.988333, 19.2175]}, "properties": {"elevation_m": 13.0, "provenance": "OBSERVED"}}, {"type": "Feature", "geometry": {"type": "Point", "coordinates": [72.994444, 19.2175]}, "properties": {"elevation_m": 4.5, "provenance": "OBSERVED"}}, {"type": "Feature", "geometry": {"type": "Point", "coordinates": [73.000556, 19.2175]}, "properties": {"elevation_m": 7.0, "provenance": "OBSERVED"}}, {"type": "Feature", "geometry": {"type": "Point", "coordinates": [73.006667, 19.2175]}, "properties": {"elevation_m": 3.1, "provenance": "OBSERVED"}}, {"type": "Feature", "geometry": {"type": "Point", "coordinates": [73.012778, 19.2175]}, "properties": {"elevation_m": 0.0, "provenance": "OBSERVED"}}, {"type": "Feature", "geometry": {"type": "Point", "coordinates": [73.018889, 19.2175]}, "properties": {"elevation_m": 2.2, "provenance": "OBSERVED"}}, {"type": "Feature", "geometry": {"type": "Point", "coordinates": [73.025, 19.2175]}, "properties": {"elevation_m": 2.5, "provenance": "OBSERVED"}}, {"type": "Feature", "geometry": {"type": "Point", "coordinates": [73.031111, 19.2175]}, "properties": {"elevation_m": 2.1, "provenance": "OBSERVED"}}, {"type": "Feature", "geometry": {"type": "Point", "coordinates": [73.037222, 19.2175]}, "properties": {"elevation_m": 3.2, "provenance": "OBSERVED"}}, {"type": "Feature", "geometry": {"type": "Point", "coordinates": [73.043333, 19.2175]}, "properties": {"elevation_m": 7.2, "provenance": "OBSERVED"}}, {"type": "Feature", "geometry": {"type": "Point", "coordinates": [73.049722, 19.2175]}, "properties": {"elevation_m": 11.4, "provenance": "OBSERVED"}}, {"type": "Feature", "geometry": {"type": "Point", "coordinates": [72.75, 19.208333]}, "properties": {"elevation_m": 0.0, "provenance": "OBSERVED"}}, {"type": "Feature", "geometry": {"type": "Point", "coordinates": [72.756111, 19.208333]}, "properties": {"elevation_m": 0.0, "provenance": "OBSERVED"}}, {"type": "Feature", "geometry": {"type": "Point", "coordinates": [72.762222, 19.208333]}, "properties": {"elevation_m": 0.0, "provenance": "OBSERVED"}}, {"type": "Feature", "geometry": {"type": "Point", "coordinates": [72.768333, 19.208333]}, "properties": {"elevation_m": 0.0, "provenance": "OBSERVED"}}, {"type": "Feature", "geometry": {"type": "Point", "coordinates": [72.774444, 19.208333]}, "properties": {"elevation_m": 0.0, "provenance": "OBSERVED"}}, {"type": "Feature", "geometry": {"type": "Point", "coordinates": [72.780556, 19.208333]}, "properties": {"elevation_m": 4.3, "provenance": "OBSERVED"}}, {"type": "Feature", "geometry": {"type": "Point", "coordinates": [72.786667, 19.208333]}, "properties": {"elevation_m": 3.0, "provenance": "OBSERVED"}}, {"type": "Feature", "geometry": {"type": "Point", "coordinates": [72.792778, 19.208333]}, "properties": {"elevation_m": 3.0, "provenance": "OBSERVED"}}, {"type": "Feature", "geometry": {"type": "Point", "coordinates": [72.798889, 19.208333]}, "properties": {"elevation_m": 0.0, "provenance": "OBSERVED"}}, {"type": "Feature", "geometry": {"type": "Point", "coordinates": [72.805, 19.208333]}, "properties": {"elevation_m": 2.9, "provenance": "OBSERVED"}}, {"type": "Feature", "geometry": {"type": "Point", "coordinates": [72.811111, 19.208333]}, "properties": {"elevation_m": 2.4, "provenance": "OBSERVED"}}, {"type": "Feature", "geometry": {"type": "Point", "coordinates": [72.817222, 19.208333]}, "properties": {"elevation_m": 9.5, "provenance": "OBSERVED"}}, {"type": "Feature", "geometry": {"type": "Point", "coordinates": [72.823333, 19.208333]}, "properties": {"elevation_m": 12.8, "provenance": "OBSERVED"}}, {"type": "Feature", "geometry": {"type": "Point", "coordinates": [72.829444, 19.208333]}, "properties": {"elevation_m": 11.4, "provenance": "OBSERVED"}}, {"type": "Feature", "geometry": {"type": "Point", "coordinates": [72.835556, 19.208333]}, "properties": {"elevation_m": 11.5, "provenance": "OBSERVED"}}, {"type": "Feature", "geometry": {"type": "Point", "coordinates": [72.841667, 19.208333]}, "properties": {"elevation_m": 10.0, "provenance": "OBSERVED"}}, {"type": "Feature", "geometry": {"type": "Point", "coordinates": [72.847778, 19.208333]}, "properties": {"elevation_m": 13.8, "provenance": "OBSERVED"}}, {"type": "Feature", "geometry": {"type": "Point", "coordinates": [72.853889, 19.208333]}, "properties": {"elevation_m": 14.3, "provenance": "OBSERVED"}}, {"type": "Feature", "geometry": {"type": "Point", "coordinates": [72.86, 19.208333]}, "properties": {"elevation_m": 21.8, "provenance": "OBSERVED"}}, {"type": "Feature", "geometry": {"type": "Point", "coordinates": [72.866111, 19.208333]}, "properties": {"elevation_m": 27.3, "provenance": "OBSERVED"}}, {"type": "Feature", "geometry": {"type": "Point", "coordinates": [72.872222, 19.208333]}, "properties": {"elevation_m": 23.9, "provenance": "OBSERVED"}}, {"type": "Feature", "geometry": {"type": "Point", "coordinates": [72.878333, 19.208333]}, "properties": {"elevation_m": 33.9, "provenance": "OBSERVED"}}, {"type": "Feature", "geometry": {"type": "Point", "coordinates": [72.884444, 19.208333]}, "properties": {"elevation_m": 106.2, "provenance": "OBSERVED"}}, {"type": "Feature", "geometry": {"type": "Point", "coordinates": [72.890556, 19.208333]}, "properties": {"elevation_m": 80.0, "provenance": "OBSERVED"}}, {"type": "Feature", "geometry": {"type": "Point", "coordinates": [72.896667, 19.208333]}, "properties": {"elevation_m": 58.3, "provenance": "OBSERVED"}}, {"type": "Feature", "geometry": {"type": "Point", "coordinates": [72.902778, 19.208333]}, "properties": {"elevation_m": 88.4, "provenance": "OBSERVED"}}, {"type": "Feature", "geometry": {"type": "Point", "coordinates": [72.908889, 19.208333]}, "properties": {"elevation_m": 187.4, "provenance": "OBSERVED"}}, {"type": "Feature", "geometry": {"type": "Point", "coordinates": [72.915, 19.208333]}, "properties": {"elevation_m": 323.2, "provenance": "OBSERVED"}}, {"type": "Feature", "geometry": {"type": "Point", "coordinates": [72.921111, 19.208333]}, "properties": {"elevation_m": 252.6, "provenance": "OBSERVED"}}, {"type": "Feature", "geometry": {"type": "Point", "coordinates": [72.927222, 19.208333]}, "properties": {"elevation_m": 191.0, "provenance": "OBSERVED"}}, {"type": "Feature", "geometry": {"type": "Point", "coordinates": [72.933333, 19.208333]}, "properties": {"elevation_m": 249.1, "provenance": "OBSERVED"}}, {"type": "Feature", "geometry": {"type": "Point", "coordinates": [72.939444, 19.208333]}, "properties": {"elevation_m": 274.9, "provenance": "OBSERVED"}}, {"type": "Feature", "geometry": {"type": "Point", "coordinates": [72.945556, 19.208333]}, "properties": {"elevation_m": 81.5, "provenance": "OBSERVED"}}, {"type": "Feature", "geometry": {"type": "Point", "coordinates": [72.951667, 19.208333]}, "properties": {"elevation_m": 45.4, "provenance": "OBSERVED"}}, {"type": "Feature", "geometry": {"type": "Point", "coordinates": [72.957778, 19.208333]}, "properties": {"elevation_m": 35.4, "provenance": "OBSERVED"}}, {"type": "Feature", "geometry": {"type": "Point", "coordinates": [72.963889, 19.208333]}, "properties": {"elevation_m": 28.1, "provenance": "OBSERVED"}}, {"type": "Feature", "geometry": {"type": "Point", "coordinates": [72.97, 19.208333]}, "properties": {"elevation_m": 16.4, "provenance": "OBSERVED"}}, {"type": "Feature", "geometry": {"type": "Point", "coordinates": [72.976111, 19.208333]}, "properties": {"elevation_m": 11.2, "provenance": "OBSERVED"}}, {"type": "Feature", "geometry": {"type": "Point", "coordinates": [72.982222, 19.208333]}, "properties": {"elevation_m": 8.4, "provenance": "OBSERVED"}}, {"type": "Feature", "geometry": {"type": "Point", "coordinates": [72.988333, 19.208333]}, "properties": {"elevation_m": 4.4, "provenance": "OBSERVED"}}, {"type": "Feature", "geometry": {"type": "Point", "coordinates": [72.994444, 19.208333]}, "properties": {"elevation_m": 0.0, "provenance": "OBSERVED"}}, {"type": "Feature", "geometry": {"type": "Point", "coordinates": [73.000556, 19.208333]}, "properties": {"elevation_m": 8.9, "provenance": "OBSERVED"}}, {"type": "Feature", "geometry": {"type": "Point", "coordinates": [73.006667, 19.208333]}, "properties": {"elevation_m": 6.3, "provenance": "OBSERVED"}}, {"type": "Feature", "geometry": {"type": "Point", "coordinates": [73.012778, 19.208333]}, "properties": {"elevation_m": 12.0, "provenance": "OBSERVED"}}, {"type": "Feature", "geometry": {"type": "Point", "coordinates": [73.018889, 19.208333]}, "properties": {"elevation_m": 0.0, "provenance": "OBSERVED"}}, {"type": "Feature", "geometry": {"type": "Point", "coordinates": [73.025, 19.208333]}, "properties": {"elevation_m": 0.0, "provenance": "OBSERVED"}}, {"type": "Feature", "geometry": {"type": "Point", "coordinates": [73.031111, 19.208333]}, "properties": {"elevation_m": 2.1, "provenance": "OBSERVED"}}, {"type": "Feature", "geometry": {"type": "Point", "coordinates": [73.037222, 19.208333]}, "properties": {"elevation_m": 9.7, "provenance": "OBSERVED"}}, {"type": "Feature", "geometry": {"type": "Point", "coordinates": [73.043333, 19.208333]}, "properties": {"elevation_m": 3.5, "provenance": "OBSERVED"}}, {"type": "Feature", "geometry": {"type": "Point", "coordinates": [73.049722, 19.208333]}, "properties": {"elevation_m": 3.6, "provenance": "OBSERVED"}}, {"type": "Feature", "geometry": {"type": "Point", "coordinates": [72.75, 19.199167]}, "properties": {"elevation_m": 0.0, "provenance": "OBSERVED"}}, {"type": "Feature", "geometry": {"type": "Point", "coordinates": [72.756111, 19.199167]}, "properties": {"elevation_m": 0.0, "provenance": "OBSERVED"}}, {"type": "Feature", "geometry": {"type": "Point", "coordinates": [72.762222, 19.199167]}, "properties": {"elevation_m": 0.0, "provenance": "OBSERVED"}}, {"type": "Feature", "geometry": {"type": "Point", "coordinates": [72.768333, 19.199167]}, "properties": {"elevation_m": 0.0, "provenance": "OBSERVED"}}, {"type": "Feature", "geometry": {"type": "Point", "coordinates": [72.774444, 19.199167]}, "properties": {"elevation_m": 0.0, "provenance": "OBSERVED"}}, {"type": "Feature", "geometry": {"type": "Point", "coordinates": [72.780556, 19.199167]}, "properties": {"elevation_m": 0.0, "provenance": "OBSERVED"}}, {"type": "Feature", "geometry": {"type": "Point", "coordinates": [72.786667, 19.199167]}, "properties": {"elevation_m": 6.7, "provenance": "OBSERVED"}}, {"type": "Feature", "geometry": {"type": "Point", "coordinates": [72.792778, 19.199167]}, "properties": {"elevation_m": 0.0, "provenance": "OBSERVED"}}, {"type": "Feature", "geometry": {"type": "Point", "coordinates": [72.798889, 19.199167]}, "properties": {"elevation_m": 6.2, "provenance": "OBSERVED"}}, {"type": "Feature", "geometry": {"type": "Point", "coordinates": [72.805, 19.199167]}, "properties": {"elevation_m": 2.3, "provenance": "OBSERVED"}}, {"type": "Feature", "geometry": {"type": "Point", "coordinates": [72.811111, 19.199167]}, "properties": {"elevation_m": 11.4, "provenance": "OBSERVED"}}, {"type": "Feature", "geometry": {"type": "Point", "coordinates": [72.817222, 19.199167]}, "properties": {"elevation_m": 14.5, "provenance": "OBSERVED"}}, {"type": "Feature", "geometry": {"type": "Point", "coordinates": [72.823333, 19.199167]}, "properties": {"elevation_m": 4.8, "provenance": "OBSERVED"}}, {"type": "Feature", "geometry": {"type": "Point", "coordinates": [72.829444, 19.199167]}, "properties": {"elevation_m": 6.0, "provenance": "OBSERVED"}}, {"type": "Feature", "geometry": {"type": "Point", "coordinates": [72.835556, 19.199167]}, "properties": {"elevation_m": 8.0, "provenance": "OBSERVED"}}, {"type": "Feature", "geometry": {"type": "Point", "coordinates": [72.841667, 19.199167]}, "properties": {"elevation_m": 13.8, "provenance": "OBSERVED"}}, {"type": "Feature", "geometry": {"type": "Point", "coordinates": [72.847778, 19.199167]}, "properties": {"elevation_m": 23.6, "provenance": "OBSERVED"}}, {"type": "Feature", "geometry": {"type": "Point", "coordinates": [72.853889, 19.199167]}, "properties": {"elevation_m": 18.6, "provenance": "OBSERVED"}}, {"type": "Feature", "geometry": {"type": "Point", "coordinates": [72.86, 19.199167]}, "properties": {"elevation_m": 25.4, "provenance": "OBSERVED"}}, {"type": "Feature", "geometry": {"type": "Point", "coordinates": [72.866111, 19.199167]}, "properties": {"elevation_m": 21.7, "provenance": "OBSERVED"}}, {"type": "Feature", "geometry": {"type": "Point", "coordinates": [72.872222, 19.199167]}, "properties": {"elevation_m": 27.5, "provenance": "OBSERVED"}}, {"type": "Feature", "geometry": {"type": "Point", "coordinates": [72.878333, 19.199167]}, "properties": {"elevation_m": 42.3, "provenance": "OBSERVED"}}, {"type": "Feature", "geometry": {"type": "Point", "coordinates": [72.884444, 19.199167]}, "properties": {"elevation_m": 88.5, "provenance": "OBSERVED"}}, {"type": "Feature", "geometry": {"type": "Point", "coordinates": [72.890556, 19.199167]}, "properties": {"elevation_m": 184.0, "provenance": "OBSERVED"}}, {"type": "Feature", "geometry": {"type": "Point", "coordinates": [72.896667, 19.199167]}, "properties": {"elevation_m": 88.6, "provenance": "OBSERVED"}}, {"type": "Feature", "geometry": {"type": "Point", "coordinates": [72.902778, 19.199167]}, "properties": {"elevation_m": 71.5, "provenance": "OBSERVED"}}, {"type": "Feature", "geometry": {"type": "Point", "coordinates": [72.908889, 19.199167]}, "properties": {"elevation_m": 103.8, "provenance": "OBSERVED"}}, {"type": "Feature", "geometry": {"type": "Point", "coordinates": [72.915, 19.199167]}, "properties": {"elevation_m": 160.6, "provenance": "OBSERVED"}}, {"type": "Feature", "geometry": {"type": "Point", "coordinates": [72.921111, 19.199167]}, "properties": {"elevation_m": 121.1, "provenance": "OBSERVED"}}, {"type": "Feature", "geometry": {"type": "Point", "coordinates": [72.927222, 19.199167]}, "properties": {"elevation_m": 136.1, "provenance": "OBSERVED"}}, {"type": "Feature", "geometry": {"type": "Point", "coordinates": [72.933333, 19.199167]}, "properties": {"elevation_m": 223.1, "provenance": "OBSERVED"}}, {"type": "Feature", "geometry": {"type": "Point", "coordinates": [72.939444, 19.199167]}, "properties": {"elevation_m": 123.8, "provenance": "OBSERVED"}}, {"type": "Feature", "geometry": {"type": "Point", "coordinates": [72.945556, 19.199167]}, "properties": {"elevation_m": 54.1, "provenance": "OBSERVED"}}, {"type": "Feature", "geometry": {"type": "Point", "coordinates": [72.951667, 19.199167]}, "properties": {"elevation_m": 45.1, "provenance": "OBSERVED"}}, {"type": "Feature", "geometry": {"type": "Point", "coordinates": [72.957778, 19.199167]}, "properties": {"elevation_m": 30.2, "provenance": "OBSERVED"}}, {"type": "Feature", "geometry": {"type": "Point", "coordinates": [72.963889, 19.199167]}, "properties": {"elevation_m": 22.9, "provenance": "OBSERVED"}}, {"type": "Feature", "geometry": {"type": "Point", "coordinates": [72.97, 19.199167]}, "properties": {"elevation_m": 13.0, "provenance": "OBSERVED"}}, {"type": "Feature", "geometry": {"type": "Point", "coordinates": [72.976111, 19.199167]}, "properties": {"elevation_m": 19.0, "provenance": "OBSERVED"}}, {"type": "Feature", "geometry": {"type": "Point", "coordinates": [72.982222, 19.199167]}, "properties": {"elevation_m": 13.4, "provenance": "OBSERVED"}}, {"type": "Feature", "geometry": {"type": "Point", "coordinates": [72.988333, 19.199167]}, "properties": {"elevation_m": 5.1, "provenance": "OBSERVED"}}, {"type": "Feature", "geometry": {"type": "Point", "coordinates": [72.994444, 19.199167]}, "properties": {"elevation_m": 6.0, "provenance": "OBSERVED"}}, {"type": "Feature", "geometry": {"type": "Point", "coordinates": [73.000556, 19.199167]}, "properties": {"elevation_m": 7.9, "provenance": "OBSERVED"}}, {"type": "Feature", "geometry": {"type": "Point", "coordinates": [73.006667, 19.199167]}, "properties": {"elevation_m": 13.1, "provenance": "OBSERVED"}}, {"type": "Feature", "geometry": {"type": "Point", "coordinates": [73.012778, 19.199167]}, "properties": {"elevation_m": 152.5, "provenance": "OBSERVED"}}, {"type": "Feature", "geometry": {"type": "Point", "coordinates": [73.018889, 19.199167]}, "properties": {"elevation_m": 76.6, "provenance": "OBSERVED"}}, {"type": "Feature", "geometry": {"type": "Point", "coordinates": [73.025, 19.199167]}, "properties": {"elevation_m": 0.0, "provenance": "OBSERVED"}}, {"type": "Feature", "geometry": {"type": "Point", "coordinates": [73.031111, 19.199167]}, "properties": {"elevation_m": 0.0, "provenance": "OBSERVED"}}, {"type": "Feature", "geometry": {"type": "Point", "coordinates": [73.037222, 19.199167]}, "properties": {"elevation_m": 0.0, "provenance": "OBSERVED"}}, {"type": "Feature", "geometry": {"type": "Point", "coordinates": [73.043333, 19.199167]}, "properties": {"elevation_m": 0.0, "provenance": "OBSERVED"}}, {"type": "Feature", "geometry": {"type": "Point", "coordinates": [73.049722, 19.199167]}, "properties": {"elevation_m": 7.2, "provenance": "OBSERVED"}}, {"type": "Feature", "geometry": {"type": "Point", "coordinates": [72.75, 19.19]}, "properties": {"elevation_m": 0.0, "provenance": "OBSERVED"}}, {"type": "Feature", "geometry": {"type": "Point", "coordinates": [72.756111, 19.19]}, "properties": {"elevation_m": 0.0, "provenance": "OBSERVED"}}, {"type": "Feature", "geometry": {"type": "Point", "coordinates": [72.762222, 19.19]}, "properties": {"elevation_m": 0.0, "provenance": "OBSERVED"}}, {"type": "Feature", "geometry": {"type": "Point", "coordinates": [72.768333, 19.19]}, "properties": {"elevation_m": 0.0, "provenance": "OBSERVED"}}, {"type": "Feature", "geometry": {"type": "Point", "coordinates": [72.774444, 19.19]}, "properties": {"elevation_m": 0.0, "provenance": "OBSERVED"}}, {"type": "Feature", "geometry": {"type": "Point", "coordinates": [72.780556, 19.19]}, "properties": {"elevation_m": 0.0, "provenance": "OBSERVED"}}, {"type": "Feature", "geometry": {"type": "Point", "coordinates": [72.786667, 19.19]}, "properties": {"elevation_m": 0.0, "provenance": "OBSERVED"}}, {"type": "Feature", "geometry": {"type": "Point", "coordinates": [72.792778, 19.19]}, "properties": {"elevation_m": 0.0, "provenance": "OBSERVED"}}, {"type": "Feature", "geometry": {"type": "Point", "coordinates": [72.798889, 19.19]}, "properties": {"elevation_m": 4.8, "provenance": "OBSERVED"}}, {"type": "Feature", "geometry": {"type": "Point", "coordinates": [72.805, 19.19]}, "properties": {"elevation_m": 8.3, "provenance": "OBSERVED"}}, {"type": "Feature", "geometry": {"type": "Point", "coordinates": [72.811111, 19.19]}, "properties": {"elevation_m": 15.5, "provenance": "OBSERVED"}}, {"type": "Feature", "geometry": {"type": "Point", "coordinates": [72.817222, 19.19]}, "properties": {"elevation_m": 10.5, "provenance": "OBSERVED"}}, {"type": "Feature", "geometry": {"type": "Point", "coordinates": [72.823333, 19.19]}, "properties": {"elevation_m": 7.6, "provenance": "OBSERVED"}}, {"type": "Feature", "geometry": {"type": "Point", "coordinates": [72.829444, 19.19]}, "properties": {"elevation_m": 1.5, "provenance": "OBSERVED"}}, {"type": "Feature", "geometry": {"type": "Point", "coordinates": [72.835556, 19.19]}, "properties": {"elevation_m": 6.9, "provenance": "OBSERVED"}}, {"type": "Feature", "geometry": {"type": "Point", "coordinates": [72.841667, 19.19]}, "properties": {"elevation_m": 14.5, "provenance": "OBSERVED"}}, {"type": "Feature", "geometry": {"type": "Point", "coordinates": [72.847778, 19.19]}, "properties": {"elevation_m": 16.2, "provenance": "OBSERVED"}}, {"type": "Feature", "geometry": {"type": "Point", "coordinates": [72.853889, 19.19]}, "properties": {"elevation_m": 19.8, "provenance": "OBSERVED"}}, {"type": "Feature", "geometry": {"type": "Point", "coordinates": [72.86, 19.19]}, "properties": {"elevation_m": 25.1, "provenance": "OBSERVED"}}, {"type": "Feature", "geometry": {"type": "Point", "coordinates": [72.866111, 19.19]}, "properties": {"elevation_m": 24.7, "provenance": "OBSERVED"}}, {"type": "Feature", "geometry": {"type": "Point", "coordinates": [72.872222, 19.19]}, "properties": {"elevation_m": 36.9, "provenance": "OBSERVED"}}, {"type": "Feature", "geometry": {"type": "Point", "coordinates": [72.878333, 19.19]}, "properties": {"elevation_m": 68.0, "provenance": "OBSERVED"}}, {"type": "Feature", "geometry": {"type": "Point", "coordinates": [72.884444, 19.19]}, "properties": {"elevation_m": 133.2, "provenance": "OBSERVED"}}, {"type": "Feature", "geometry": {"type": "Point", "coordinates": [72.890556, 19.19]}, "properties": {"elevation_m": 200.6, "provenance": "OBSERVED"}}, {"type": "Feature", "geometry": {"type": "Point", "coordinates": [72.896667, 19.19]}, "properties": {"elevation_m": 267.8, "provenance": "OBSERVED"}}, {"type": "Feature", "geometry": {"type": "Point", "coordinates": [72.902778, 19.19]}, "properties": {"elevation_m": 196.3, "provenance": "OBSERVED"}}, {"type": "Feature", "geometry": {"type": "Point", "coordinates": [72.908889, 19.19]}, "properties": {"elevation_m": 165.3, "provenance": "OBSERVED"}}, {"type": "Feature", "geometry": {"type": "Point", "coordinates": [72.915, 19.19]}, "properties": {"elevation_m": 112.0, "provenance": "OBSERVED"}}, {"type": "Feature", "geometry": {"type": "Point", "coordinates": [72.921111, 19.19]}, "properties": {"elevation_m": 112.0, "provenance": "OBSERVED"}}, {"type": "Feature", "geometry": {"type": "Point", "coordinates": [72.927222, 19.19]}, "properties": {"elevation_m": 135.2, "provenance": "OBSERVED"}}, {"type": "Feature", "geometry": {"type": "Point", "coordinates": [72.933333, 19.19]}, "properties": {"elevation_m": 222.3, "provenance": "OBSERVED"}}, {"type": "Feature", "geometry": {"type": "Point", "coordinates": [72.939444, 19.19]}, "properties": {"elevation_m": 82.2, "provenance": "OBSERVED"}}, {"type": "Feature", "geometry": {"type": "Point", "coordinates": [72.945556, 19.19]}, "properties": {"elevation_m": 40.9, "provenance": "OBSERVED"}}, {"type": "Feature", "geometry": {"type": "Point", "coordinates": [72.951667, 19.19]}, "properties": {"elevation_m": 34.3, "provenance": "OBSERVED"}}, {"type": "Feature", "geometry": {"type": "Point", "coordinates": [72.957778, 19.19]}, "properties": {"elevation_m": 18.9, "provenance": "OBSERVED"}}, {"type": "Feature", "geometry": {"type": "Point", "coordinates": [72.963889, 19.19]}, "properties": {"elevation_m": 18.4, "provenance": "OBSERVED"}}, {"type": "Feature", "geometry": {"type": "Point", "coordinates": [72.97, 19.19]}, "properties": {"elevation_m": 22.6, "provenance": "OBSERVED"}}, {"type": "Feature", "geometry": {"type": "Point", "coordinates": [72.976111, 19.19]}, "properties": {"elevation_m": 13.7, "provenance": "OBSERVED"}}, {"type": "Feature", "geometry": {"type": "Point", "coordinates": [72.982222, 19.19]}, "properties": {"elevation_m": 3.1, "provenance": "OBSERVED"}}, {"type": "Feature", "geometry": {"type": "Point", "coordinates": [72.988333, 19.19]}, "properties": {"elevation_m": 7.4, "provenance": "OBSERVED"}}, {"type": "Feature", "geometry": {"type": "Point", "coordinates": [72.994444, 19.19]}, "properties": {"elevation_m": 7.1, "provenance": "OBSERVED"}}, {"type": "Feature", "geometry": {"type": "Point", "coordinates": [73.000556, 19.19]}, "properties": {"elevation_m": 14.5, "provenance": "OBSERVED"}}, {"type": "Feature", "geometry": {"type": "Point", "coordinates": [73.006667, 19.19]}, "properties": {"elevation_m": 23.4, "provenance": "OBSERVED"}}, {"type": "Feature", "geometry": {"type": "Point", "coordinates": [73.012778, 19.19]}, "properties": {"elevation_m": 236.7, "provenance": "OBSERVED"}}, {"type": "Feature", "geometry": {"type": "Point", "coordinates": [73.018889, 19.19]}, "properties": {"elevation_m": 114.0, "provenance": "OBSERVED"}}, {"type": "Feature", "geometry": {"type": "Point", "coordinates": [73.025, 19.19]}, "properties": {"elevation_m": 4.9, "provenance": "OBSERVED"}}, {"type": "Feature", "geometry": {"type": "Point", "coordinates": [73.031111, 19.19]}, "properties": {"elevation_m": 3.5, "provenance": "OBSERVED"}}, {"type": "Feature", "geometry": {"type": "Point", "coordinates": [73.037222, 19.19]}, "properties": {"elevation_m": 4.8, "provenance": "OBSERVED"}}, {"type": "Feature", "geometry": {"type": "Point", "coordinates": [73.043333, 19.19]}, "properties": {"elevation_m": 8.0, "provenance": "OBSERVED"}}, {"type": "Feature", "geometry": {"type": "Point", "coordinates": [73.049722, 19.19]}, "properties": {"elevation_m": 3.2, "provenance": "OBSERVED"}}, {"type": "Feature", "geometry": {"type": "Point", "coordinates": [72.75, 19.180833]}, "properties": {"elevation_m": 0.0, "provenance": "OBSERVED"}}, {"type": "Feature", "geometry": {"type": "Point", "coordinates": [72.756111, 19.180833]}, "properties": {"elevation_m": 0.0, "provenance": "OBSERVED"}}, {"type": "Feature", "geometry": {"type": "Point", "coordinates": [72.762222, 19.180833]}, "properties": {"elevation_m": 0.0, "provenance": "OBSERVED"}}, {"type": "Feature", "geometry": {"type": "Point", "coordinates": [72.768333, 19.180833]}, "properties": {"elevation_m": 0.0, "provenance": "OBSERVED"}}, {"type": "Feature", "geometry": {"type": "Point", "coordinates": [72.774444, 19.180833]}, "properties": {"elevation_m": 0.0, "provenance": "OBSERVED"}}, {"type": "Feature", "geometry": {"type": "Point", "coordinates": [72.780556, 19.180833]}, "properties": {"elevation_m": 0.0, "provenance": "OBSERVED"}}, {"type": "Feature", "geometry": {"type": "Point", "coordinates": [72.786667, 19.180833]}, "properties": {"elevation_m": 0.0, "provenance": "OBSERVED"}}, {"type": "Feature", "geometry": {"type": "Point", "coordinates": [72.792778, 19.180833]}, "properties": {"elevation_m": 0.0, "provenance": "OBSERVED"}}, {"type": "Feature", "geometry": {"type": "Point", "coordinates": [72.798889, 19.180833]}, "properties": {"elevation_m": 2.8, "provenance": "OBSERVED"}}, {"type": "Feature", "geometry": {"type": "Point", "coordinates": [72.805, 19.180833]}, "properties": {"elevation_m": 8.6, "provenance": "OBSERVED"}}, {"type": "Feature", "geometry": {"type": "Point", "coordinates": [72.811111, 19.180833]}, "properties": {"elevation_m": 7.5, "provenance": "OBSERVED"}}, {"type": "Feature", "geometry": {"type": "Point", "coordinates": [72.817222, 19.180833]}, "properties": {"elevation_m": 10.8, "provenance": "OBSERVED"}}, {"type": "Feature", "geometry": {"type": "Point", "coordinates": [72.823333, 19.180833]}, "properties": {"elevation_m": 4.6, "provenance": "OBSERVED"}}, {"type": "Feature", "geometry": {"type": "Point", "coordinates": [72.829444, 19.180833]}, "properties": {"elevation_m": 1.0, "provenance": "OBSERVED"}}, {"type": "Feature", "geometry": {"type": "Point", "coordinates": [72.835556, 19.180833]}, "properties": {"elevation_m": 8.0, "provenance": "OBSERVED"}}, {"type": "Feature", "geometry": {"type": "Point", "coordinates": [72.841667, 19.180833]}, "properties": {"elevation_m": 11.9, "provenance": "OBSERVED"}}, {"type": "Feature", "geometry": {"type": "Point", "coordinates": [72.847778, 19.180833]}, "properties": {"elevation_m": 16.3, "provenance": "OBSERVED"}}, {"type": "Feature", "geometry": {"type": "Point", "coordinates": [72.853889, 19.180833]}, "properties": {"elevation_m": 30.9, "provenance": "OBSERVED"}}, {"type": "Feature", "geometry": {"type": "Point", "coordinates": [72.86, 19.180833]}, "properties": {"elevation_m": 52.8, "provenance": "OBSERVED"}}, {"type": "Feature", "geometry": {"type": "Point", "coordinates": [72.866111, 19.180833]}, "properties": {"elevation_m": 34.1, "provenance": "OBSERVED"}}, {"type": "Feature", "geometry": {"type": "Point", "coordinates": [72.872222, 19.180833]}, "properties": {"elevation_m": 54.4, "provenance": "OBSERVED"}}, {"type": "Feature", "geometry": {"type": "Point", "coordinates": [72.878333, 19.180833]}, "properties": {"elevation_m": 104.3, "provenance": "OBSERVED"}}, {"type": "Feature", "geometry": {"type": "Point", "coordinates": [72.884444, 19.180833]}, "properties": {"elevation_m": 161.8, "provenance": "OBSERVED"}}, {"type": "Feature", "geometry": {"type": "Point", "coordinates": [72.890556, 19.180833]}, "properties": {"elevation_m": 238.8, "provenance": "OBSERVED"}}, {"type": "Feature", "geometry": {"type": "Point", "coordinates": [72.896667, 19.180833]}, "properties": {"elevation_m": 302.1, "provenance": "OBSERVED"}}, {"type": "Feature", "geometry": {"type": "Point", "coordinates": [72.902778, 19.180833]}, "properties": {"elevation_m": 320.0, "provenance": "OBSERVED"}}, {"type": "Feature", "geometry": {"type": "Point", "coordinates": [72.908889, 19.180833]}, "properties": {"elevation_m": 169.6, "provenance": "OBSERVED"}}, {"type": "Feature", "geometry": {"type": "Point", "coordinates": [72.915, 19.180833]}, "properties": {"elevation_m": 130.2, "provenance": "OBSERVED"}}, {"type": "Feature", "geometry": {"type": "Point", "coordinates": [72.921111, 19.180833]}, "properties": {"elevation_m": 107.2, "provenance": "OBSERVED"}}, {"type": "Feature", "geometry": {"type": "Point", "coordinates": [72.927222, 19.180833]}, "properties": {"elevation_m": 130.6, "provenance": "OBSERVED"}}, {"type": "Feature", "geometry": {"type": "Point", "coordinates": [72.933333, 19.180833]}, "properties": {"elevation_m": 220.1, "provenance": "OBSERVED"}}, {"type": "Feature", "geometry": {"type": "Point", "coordinates": [72.939444, 19.180833]}, "properties": {"elevation_m": 62.7, "provenance": "OBSERVED"}}, {"type": "Feature", "geometry": {"type": "Point", "coordinates": [72.945556, 19.180833]}, "properties": {"elevation_m": 33.1, "provenance": "OBSERVED"}}, {"type": "Feature", "geometry": {"type": "Point", "coordinates": [72.951667, 19.180833]}, "properties": {"elevation_m": 20.1, "provenance": "OBSERVED"}}, {"type": "Feature", "geometry": {"type": "Point", "coordinates": [72.957778, 19.180833]}, "properties": {"elevation_m": 12.1, "provenance": "OBSERVED"}}, {"type": "Feature", "geometry": {"type": "Point", "coordinates": [72.963889, 19.180833]}, "properties": {"elevation_m": 9.9, "provenance": "OBSERVED"}}, {"type": "Feature", "geometry": {"type": "Point", "coordinates": [72.97, 19.180833]}, "properties": {"elevation_m": 17.2, "provenance": "OBSERVED"}}, {"type": "Feature", "geometry": {"type": "Point", "coordinates": [72.976111, 19.180833]}, "properties": {"elevation_m": 6.9, "provenance": "OBSERVED"}}, {"type": "Feature", "geometry": {"type": "Point", "coordinates": [72.982222, 19.180833]}, "properties": {"elevation_m": 5.0, "provenance": "OBSERVED"}}, {"type": "Feature", "geometry": {"type": "Point", "coordinates": [72.988333, 19.180833]}, "properties": {"elevation_m": 3.9, "provenance": "OBSERVED"}}, {"type": "Feature", "geometry": {"type": "Point", "coordinates": [72.994444, 19.180833]}, "properties": {"elevation_m": 8.3, "provenance": "OBSERVED"}}, {"type": "Feature", "geometry": {"type": "Point", "coordinates": [73.000556, 19.180833]}, "properties": {"elevation_m": 12.2, "provenance": "OBSERVED"}}, {"type": "Feature", "geometry": {"type": "Point", "coordinates": [73.006667, 19.180833]}, "properties": {"elevation_m": 79.8, "provenance": "OBSERVED"}}, {"type": "Feature", "geometry": {"type": "Point", "coordinates": [73.012778, 19.180833]}, "properties": {"elevation_m": 131.5, "provenance": "OBSERVED"}}, {"type": "Feature", "geometry": {"type": "Point", "coordinates": [73.018889, 19.180833]}, "properties": {"elevation_m": 90.9, "provenance": "OBSERVED"}}, {"type": "Feature", "geometry": {"type": "Point", "coordinates": [73.025, 19.180833]}, "properties": {"elevation_m": 1.5, "provenance": "OBSERVED"}}, {"type": "Feature", "geometry": {"type": "Point", "coordinates": [73.031111, 19.180833]}, "properties": {"elevation_m": 2.3, "provenance": "OBSERVED"}}, {"type": "Feature", "geometry": {"type": "Point", "coordinates": [73.037222, 19.180833]}, "properties": {"elevation_m": 2.1, "provenance": "OBSERVED"}}, {"type": "Feature", "geometry": {"type": "Point", "coordinates": [73.043333, 19.180833]}, "properties": {"elevation_m": 3.9, "provenance": "OBSERVED"}}, {"type": "Feature", "geometry": {"type": "Point", "coordinates": [73.049722, 19.180833]}, "properties": {"elevation_m": 2.6, "provenance": "OBSERVED"}}, {"type": "Feature", "geometry": {"type": "Point", "coordinates": [72.75, 19.171667]}, "properties": {"elevation_m": 0.0, "provenance": "OBSERVED"}}, {"type": "Feature", "geometry": {"type": "Point", "coordinates": [72.756111, 19.171667]}, "properties": {"elevation_m": 0.0, "provenance": "OBSERVED"}}, {"type": "Feature", "geometry": {"type": "Point", "coordinates": [72.762222, 19.171667]}, "properties": {"elevation_m": 0.0, "provenance": "OBSERVED"}}, {"type": "Feature", "geometry": {"type": "Point", "coordinates": [72.768333, 19.171667]}, "properties": {"elevation_m": 0.0, "provenance": "OBSERVED"}}, {"type": "Feature", "geometry": {"type": "Point", "coordinates": [72.774444, 19.171667]}, "properties": {"elevation_m": 0.0, "provenance": "OBSERVED"}}, {"type": "Feature", "geometry": {"type": "Point", "coordinates": [72.780556, 19.171667]}, "properties": {"elevation_m": 0.0, "provenance": "OBSERVED"}}, {"type": "Feature", "geometry": {"type": "Point", "coordinates": [72.786667, 19.171667]}, "properties": {"elevation_m": 0.0, "provenance": "OBSERVED"}}, {"type": "Feature", "geometry": {"type": "Point", "coordinates": [72.792778, 19.171667]}, "properties": {"elevation_m": 0.6, "provenance": "OBSERVED"}}, {"type": "Feature", "geometry": {"type": "Point", "coordinates": [72.798889, 19.171667]}, "properties": {"elevation_m": 3.6, "provenance": "OBSERVED"}}, {"type": "Feature", "geometry": {"type": "Point", "coordinates": [72.805, 19.171667]}, "properties": {"elevation_m": 3.8, "provenance": "OBSERVED"}}, {"type": "Feature", "geometry": {"type": "Point", "coordinates": [72.811111, 19.171667]}, "properties": {"elevation_m": 3.3, "provenance": "OBSERVED"}}, {"type": "Feature", "geometry": {"type": "Point", "coordinates": [72.817222, 19.171667]}, "properties": {"elevation_m": 3.3, "provenance": "OBSERVED"}}, {"type": "Feature", "geometry": {"type": "Point", "coordinates": [72.823333, 19.171667]}, "properties": {"elevation_m": 0.0, "provenance": "OBSERVED"}}, {"type": "Feature", "geometry": {"type": "Point", "coordinates": [72.829444, 19.171667]}, "properties": {"elevation_m": 0.5, "provenance": "OBSERVED"}}, {"type": "Feature", "geometry": {"type": "Point", "coordinates": [72.835556, 19.171667]}, "properties": {"elevation_m": 5.2, "provenance": "OBSERVED"}}, {"type": "Feature", "geometry": {"type": "Point", "coordinates": [72.841667, 19.171667]}, "properties": {"elevation_m": 7.9, "provenance": "OBSERVED"}}, {"type": "Feature", "geometry": {"type": "Point", "coordinates": [72.847778, 19.171667]}, "properties": {"elevation_m": 13.1, "provenance": "OBSERVED"}}, {"type": "Feature", "geometry": {"type": "Point", "coordinates": [72.853889, 19.171667]}, "properties": {"elevation_m": 22.6, "provenance": "OBSERVED"}}, {"type": "Feature", "geometry": {"type": "Point", "coordinates": [72.86, 19.171667]}, "properties": {"elevation_m": 35.9, "provenance": "OBSERVED"}}, {"type": "Feature", "geometry": {"type": "Point", "coordinates": [72.866111, 19.171667]}, "properties": {"elevation_m": 37.3, "provenance": "OBSERVED"}}, {"type": "Feature", "geometry": {"type": "Point", "coordinates": [72.872222, 19.171667]}, "properties": {"elevation_m": 38.2, "provenance": "OBSERVED"}}, {"type": "Feature", "geometry": {"type": "Point", "coordinates": [72.878333, 19.171667]}, "properties": {"elevation_m": 61.1, "provenance": "OBSERVED"}}, {"type": "Feature", "geometry": {"type": "Point", "coordinates": [72.884444, 19.171667]}, "properties": {"elevation_m": 136.5, "provenance": "OBSERVED"}}, {"type": "Feature", "geometry": {"type": "Point", "coordinates": [72.890556, 19.171667]}, "properties": {"elevation_m": 234.2, "provenance": "OBSERVED"}}, {"type": "Feature", "geometry": {"type": "Point", "coordinates": [72.896667, 19.171667]}, "properties": {"elevation_m": 242.5, "provenance": "OBSERVED"}}, {"type": "Feature", "geometry": {"type": "Point", "coordinates": [72.902778, 19.171667]}, "properties": {"elevation_m": 214.4, "provenance": "OBSERVED"}}, {"type": "Feature", "geometry": {"type": "Point", "coordinates": [72.908889, 19.171667]}, "properties": {"elevation_m": 70.1, "provenance": "OBSERVED"}}, {"type": "Feature", "geometry": {"type": "Point", "coordinates": [72.915, 19.171667]}, "properties": {"elevation_m": 66.7, "provenance": "OBSERVED"}}, {"type": "Feature", "geometry": {"type": "Point", "coordinates": [72.921111, 19.171667]}, "properties": {"elevation_m": 81.4, "provenance": "OBSERVED"}}, {"type": "Feature", "geometry": {"type": "Point", "coordinates": [72.927222, 19.171667]}, "properties": {"elevation_m": 118.9, "provenance": "OBSERVED"}}, {"type": "Feature", "geometry": {"type": "Point", "coordinates": [72.933333, 19.171667]}, "properties": {"elevation_m": 40.8, "provenance": "OBSERVED"}}, {"type": "Feature", "geometry": {"type": "Point", "coordinates": [72.939444, 19.171667]}, "properties": {"elevation_m": 25.4, "provenance": "OBSERVED"}}, {"type": "Feature", "geometry": {"type": "Point", "coordinates": [72.945556, 19.171667]}, "properties": {"elevation_m": 15.6, "provenance": "OBSERVED"}}, {"type": "Feature", "geometry": {"type": "Point", "coordinates": [72.951667, 19.171667]}, "properties": {"elevation_m": 24.5, "provenance": "OBSERVED"}}, {"type": "Feature", "geometry": {"type": "Point", "coordinates": [72.957778, 19.171667]}, "properties": {"elevation_m": 16.0, "provenance": "OBSERVED"}}, {"type": "Feature", "geometry": {"type": "Point", "coordinates": [72.963889, 19.171667]}, "properties": {"elevation_m": 14.9, "provenance": "OBSERVED"}}, {"type": "Feature", "geometry": {"type": "Point", "coordinates": [72.97, 19.171667]}, "properties": {"elevation_m": 6.4, "provenance": "OBSERVED"}}, {"type": "Feature", "geometry": {"type": "Point", "coordinates": [72.976111, 19.171667]}, "properties": {"elevation_m": 27.1, "provenance": "OBSERVED"}}, {"type": "Feature", "geometry": {"type": "Point", "coordinates": [72.982222, 19.171667]}, "properties": {"elevation_m": 0.0, "provenance": "OBSERVED"}}, {"type": "Feature", "geometry": {"type": "Point", "coordinates": [72.988333, 19.171667]}, "properties": {"elevation_m": 4.2, "provenance": "OBSERVED"}}, {"type": "Feature", "geometry": {"type": "Point", "coordinates": [72.994444, 19.171667]}, "properties": {"elevation_m": 5.0, "provenance": "OBSERVED"}}, {"type": "Feature", "geometry": {"type": "Point", "coordinates": [73.000556, 19.171667]}, "properties": {"elevation_m": 10.1, "provenance": "OBSERVED"}}, {"type": "Feature", "geometry": {"type": "Point", "coordinates": [73.006667, 19.171667]}, "properties": {"elevation_m": 24.2, "provenance": "OBSERVED"}}, {"type": "Feature", "geometry": {"type": "Point", "coordinates": [73.012778, 19.171667]}, "properties": {"elevation_m": 194.6, "provenance": "OBSERVED"}}, {"type": "Feature", "geometry": {"type": "Point", "coordinates": [73.018889, 19.171667]}, "properties": {"elevation_m": 23.9, "provenance": "OBSERVED"}}, {"type": "Feature", "geometry": {"type": "Point", "coordinates": [73.025, 19.171667]}, "properties": {"elevation_m": 11.1, "provenance": "OBSERVED"}}, {"type": "Feature", "geometry": {"type": "Point", "coordinates": [73.031111, 19.171667]}, "properties": {"elevation_m": 2.6, "provenance": "OBSERVED"}}, {"type": "Feature", "geometry": {"type": "Point", "coordinates": [73.037222, 19.171667]}, "properties": {"elevation_m": 2.4, "provenance": "OBSERVED"}}, {"type": "Feature", "geometry": {"type": "Point", "coordinates": [73.043333, 19.171667]}, "properties": {"elevation_m": 3.0, "provenance": "OBSERVED"}}, {"type": "Feature", "geometry": {"type": "Point", "coordinates": [73.049722, 19.171667]}, "properties": {"elevation_m": 2.5, "provenance": "OBSERVED"}}, {"type": "Feature", "geometry": {"type": "Point", "coordinates": [72.75, 19.1625]}, "properties": {"elevation_m": 0.0, "provenance": "OBSERVED"}}, {"type": "Feature", "geometry": {"type": "Point", "coordinates": [72.756111, 19.1625]}, "properties": {"elevation_m": 0.0, "provenance": "OBSERVED"}}, {"type": "Feature", "geometry": {"type": "Point", "coordinates": [72.762222, 19.1625]}, "properties": {"elevation_m": 0.0, "provenance": "OBSERVED"}}, {"type": "Feature", "geometry": {"type": "Point", "coordinates": [72.768333, 19.1625]}, "properties": {"elevation_m": 0.0, "provenance": "OBSERVED"}}, {"type": "Feature", "geometry": {"type": "Point", "coordinates": [72.774444, 19.1625]}, "properties": {"elevation_m": 0.0, "provenance": "OBSERVED"}}, {"type": "Feature", "geometry": {"type": "Point", "coordinates": [72.780556, 19.1625]}, "properties": {"elevation_m": 0.0, "provenance": "OBSERVED"}}, {"type": "Feature", "geometry": {"type": "Point", "coordinates": [72.786667, 19.1625]}, "properties": {"elevation_m": 8.5, "provenance": "OBSERVED"}}, {"type": "Feature", "geometry": {"type": "Point", "coordinates": [72.792778, 19.1625]}, "properties": {"elevation_m": 3.2, "provenance": "OBSERVED"}}, {"type": "Feature", "geometry": {"type": "Point", "coordinates": [72.798889, 19.1625]}, "properties": {"elevation_m": 4.1, "provenance": "OBSERVED"}}, {"type": "Feature", "geometry": {"type": "Point", "coordinates": [72.805, 19.1625]}, "properties": {"elevation_m": 4.5, "provenance": "OBSERVED"}}, {"type": "Feature", "geometry": {"type": "Point", "coordinates": [72.811111, 19.1625]}, "properties": {"elevation_m": 3.3, "provenance": "OBSERVED"}}, {"type": "Feature", "geometry": {"type": "Point", "coordinates": [72.817222, 19.1625]}, "properties": {"elevation_m": 0.0, "provenance": "OBSERVED"}}, {"type": "Feature", "geometry": {"type": "Point", "coordinates": [72.823333, 19.1625]}, "properties": {"elevation_m": 2.9, "provenance": "OBSERVED"}}, {"type": "Feature", "geometry": {"type": "Point", "coordinates": [72.829444, 19.1625]}, "properties": {"elevation_m": 7.0, "provenance": "OBSERVED"}}, {"type": "Feature", "geometry": {"type": "Point", "coordinates": [72.835556, 19.1625]}, "properties": {"elevation_m": 11.8, "provenance": "OBSERVED"}}, {"type": "Feature", "geometry": {"type": "Point", "coordinates": [72.841667, 19.1625]}, "properties": {"elevation_m": 17.0, "provenance": "OBSERVED"}}, {"type": "Feature", "geometry": {"type": "Point", "coordinates": [72.847778, 19.1625]}, "properties": {"elevation_m": 20.9, "provenance": "OBSERVED"}}, {"type": "Feature", "geometry": {"type": "Point", "coordinates": [72.853889, 19.1625]}, "properties": {"elevation_m": 22.0, "provenance": "OBSERVED"}}, {"type": "Feature", "geometry": {"type": "Point", "coordinates": [72.86, 19.1625]}, "properties": {"elevation_m": 14.5, "provenance": "OBSERVED"}}, {"type": "Feature", "geometry": {"type": "Point", "coordinates": [72.866111, 19.1625]}, "properties": {"elevation_m": 19.7, "provenance": "OBSERVED"}}, {"type": "Feature", "geometry": {"type": "Point", "coordinates": [72.872222, 19.1625]}, "properties": {"elevation_m": 51.4, "provenance": "OBSERVED"}}, {"type": "Feature", "geometry": {"type": "Point", "coordinates": [72.878333, 19.1625]}, "properties": {"elevation_m": 55.8, "provenance": "OBSERVED"}}, {"type": "Feature", "geometry": {"type": "Point", "coordinates": [72.884444, 19.1625]}, "properties": {"elevation_m": 66.6, "provenance": "OBSERVED"}}, {"type": "Feature", "geometry": {"type": "Point", "coordinates": [72.890556, 19.1625]}, "properties": {"elevation_m": 76.6, "provenance": "OBSERVED"}}, {"type": "Feature", "geometry": {"type": "Point", "coordinates": [72.896667, 19.1625]}, "properties": {"elevation_m": 124.0, "provenance": "OBSERVED"}}, {"type": "Feature", "geometry": {"type": "Point", "coordinates": [72.902778, 19.1625]}, "properties": {"elevation_m": 73.4, "provenance": "OBSERVED"}}, {"type": "Feature", "geometry": {"type": "Point", "coordinates": [72.908889, 19.1625]}, "properties": {"elevation_m": 52.5, "provenance": "OBSERVED"}}, {"type": "Feature", "geometry": {"type": "Point", "coordinates": [72.915, 19.1625]}, "properties": {"elevation_m": 52.5, "provenance": "OBSERVED"}}, {"type": "Feature", "geometry": {"type": "Point", "coordinates": [72.921111, 19.1625]}, "properties": {"elevation_m": 63.9, "provenance": "OBSERVED"}}, {"type": "Feature", "geometry": {"type": "Point", "coordinates": [72.927222, 19.1625]}, "properties": {"elevation_m": 79.5, "provenance": "OBSERVED"}}, {"type": "Feature", "geometry": {"type": "Point", "coordinates": [72.933333, 19.1625]}, "properties": {"elevation_m": 24.5, "provenance": "OBSERVED"}}, {"type": "Feature", "geometry": {"type": "Point", "coordinates": [72.939444, 19.1625]}, "properties": {"elevation_m": 17.0, "provenance": "OBSERVED"}}, {"type": "Feature", "geometry": {"type": "Point", "coordinates": [72.945556, 19.1625]}, "properties": {"elevation_m": 15.3, "provenance": "OBSERVED"}}, {"type": "Feature", "geometry": {"type": "Point", "coordinates": [72.951667, 19.1625]}, "properties": {"elevation_m": 9.6, "provenance": "OBSERVED"}}, {"type": "Feature", "geometry": {"type": "Point", "coordinates": [72.957778, 19.1625]}, "properties": {"elevation_m": 9.4, "provenance": "OBSERVED"}}, {"type": "Feature", "geometry": {"type": "Point", "coordinates": [72.963889, 19.1625]}, "properties": {"elevation_m": 3.5, "provenance": "OBSERVED"}}, {"type": "Feature", "geometry": {"type": "Point", "coordinates": [72.97, 19.1625]}, "properties": {"elevation_m": 4.1, "provenance": "OBSERVED"}}, {"type": "Feature", "geometry": {"type": "Point", "coordinates": [72.976111, 19.1625]}, "properties": {"elevation_m": 3.5, "provenance": "OBSERVED"}}, {"type": "Feature", "geometry": {"type": "Point", "coordinates": [72.982222, 19.1625]}, "properties": {"elevation_m": 0.0, "provenance": "OBSERVED"}}, {"type": "Feature", "geometry": {"type": "Point", "coordinates": [72.988333, 19.1625]}, "properties": {"elevation_m": 3.9, "provenance": "OBSERVED"}}, {"type": "Feature", "geometry": {"type": "Point", "coordinates": [72.994444, 19.1625]}, "properties": {"elevation_m": 8.4, "provenance": "OBSERVED"}}, {"type": "Feature", "geometry": {"type": "Point", "coordinates": [73.000556, 19.1625]}, "properties": {"elevation_m": 9.1, "provenance": "OBSERVED"}}, {"type": "Feature", "geometry": {"type": "Point", "coordinates": [73.006667, 19.1625]}, "properties": {"elevation_m": 39.2, "provenance": "OBSERVED"}}, {"type": "Feature", "geometry": {"type": "Point", "coordinates": [73.012778, 19.1625]}, "properties": {"elevation_m": 151.7, "provenance": "OBSERVED"}}, {"type": "Feature", "geometry": {"type": "Point", "coordinates": [73.018889, 19.1625]}, "properties": {"elevation_m": 92.7, "provenance": "OBSERVED"}}, {"type": "Feature", "geometry": {"type": "Point", "coordinates": [73.025, 19.1625]}, "properties": {"elevation_m": 11.2, "provenance": "OBSERVED"}}, {"type": "Feature", "geometry": {"type": "Point", "coordinates": [73.031111, 19.1625]}, "properties": {"elevation_m": 6.5, "provenance": "OBSERVED"}}, {"type": "Feature", "geometry": {"type": "Point", "coordinates": [73.037222, 19.1625]}, "properties": {"elevation_m": 2.6, "provenance": "OBSERVED"}}, {"type": "Feature", "geometry": {"type": "Point", "coordinates": [73.043333, 19.1625]}, "properties": {"elevation_m": 9.3, "provenance": "OBSERVED"}}, {"type": "Feature", "geometry": {"type": "Point", "coordinates": [73.049722, 19.1625]}, "properties": {"elevation_m": 2.8, "provenance": "OBSERVED"}}, {"type": "Feature", "geometry": {"type": "Point", "coordinates": [72.75, 19.153333]}, "properties": {"elevation_m": 0.0, "provenance": "OBSERVED"}}, {"type": "Feature", "geometry": {"type": "Point", "coordinates": [72.756111, 19.153333]}, "properties": {"elevation_m": 0.0, "provenance": "OBSERVED"}}, {"type": "Feature", "geometry": {"type": "Point", "coordinates": [72.762222, 19.153333]}, "properties": {"elevation_m": 0.0, "provenance": "OBSERVED"}}, {"type": "Feature", "geometry": {"type": "Point", "coordinates": [72.768333, 19.153333]}, "properties": {"elevation_m": 0.0, "provenance": "OBSERVED"}}, {"type": "Feature", "geometry": {"type": "Point", "coordinates": [72.774444, 19.153333]}, "properties": {"elevation_m": 0.0, "provenance": "OBSERVED"}}, {"type": "Feature", "geometry": {"type": "Point", "coordinates": [72.780556, 19.153333]}, "properties": {"elevation_m": 1.0, "provenance": "OBSERVED"}}, {"type": "Feature", "geometry": {"type": "Point", "coordinates": [72.786667, 19.153333]}, "properties": {"elevation_m": 0.0, "provenance": "OBSERVED"}}, {"type": "Feature", "geometry": {"type": "Point", "coordinates": [72.792778, 19.153333]}, "properties": {"elevation_m": 2.4, "provenance": "OBSERVED"}}, {"type": "Feature", "geometry": {"type": "Point", "coordinates": [72.798889, 19.153333]}, "properties": {"elevation_m": 2.8, "provenance": "OBSERVED"}}, {"type": "Feature", "geometry": {"type": "Point", "coordinates": [72.805, 19.153333]}, "properties": {"elevation_m": 7.3, "provenance": "OBSERVED"}}, {"type": "Feature", "geometry": {"type": "Point", "coordinates": [72.811111, 19.153333]}, "properties": {"elevation_m": 4.3, "provenance": "OBSERVED"}}, {"type": "Feature", "geometry": {"type": "Point", "coordinates": [72.817222, 19.153333]}, "properties": {"elevation_m": 4.9, "provenance": "OBSERVED"}}, {"type": "Feature", "geometry": {"type": "Point", "coordinates": [72.823333, 19.153333]}, "properties": {"elevation_m": 2.5, "provenance": "OBSERVED"}}, {"type": "Feature", "geometry": {"type": "Point", "coordinates": [72.829444, 19.153333]}, "properties": {"elevation_m": 7.8, "provenance": "OBSERVED"}}, {"type": "Feature", "geometry": {"type": "Point", "coordinates": [72.835556, 19.153333]}, "properties": {"elevation_m": 4.8, "provenance": "OBSERVED"}}, {"type": "Feature", "geometry": {"type": "Point", "coordinates": [72.841667, 19.153333]}, "properties": {"elevation_m": 7.5, "provenance": "OBSERVED"}}, {"type": "Feature", "geometry": {"type": "Point", "coordinates": [72.847778, 19.153333]}, "properties": {"elevation_m": 9.7, "provenance": "OBSERVED"}}, {"type": "Feature", "geometry": {"type": "Point", "coordinates": [72.853889, 19.153333]}, "properties": {"elevation_m": 16.8, "provenance": "OBSERVED"}}, {"type": "Feature", "geometry": {"type": "Point", "coordinates": [72.86, 19.153333]}, "properties": {"elevation_m": 16.9, "provenance": "OBSERVED"}}, {"type": "Feature", "geometry": {"type": "Point", "coordinates": [72.866111, 19.153333]}, "properties": {"elevation_m": 46.0, "provenance": "OBSERVED"}}, {"type": "Feature", "geometry": {"type": "Point", "coordinates": [72.872222, 19.153333]}, "properties": {"elevation_m": 68.4, "provenance": "OBSERVED"}}, {"type": "Feature", "geometry": {"type": "Point", "coordinates": [72.878333, 19.153333]}, "properties": {"elevation_m": 63.5, "provenance": "OBSERVED"}}, {"type": "Feature", "geometry": {"type": "Point", "coordinates": [72.884444, 19.153333]}, "properties": {"elevation_m": 90.3, "provenance": "OBSERVED"}}, {"type": "Feature", "geometry": {"type": "Point", "coordinates": [72.890556, 19.153333]}, "properties": {"elevation_m": 124.1, "provenance": "OBSERVED"}}, {"type": "Feature", "geometry": {"type": "Point", "coordinates": [72.896667, 19.153333]}, "properties": {"elevation_m": 75.0, "provenance": "OBSERVED"}}, {"type": "Feature", "geometry": {"type": "Point", "coordinates": [72.902778, 19.153333]}, "properties": {"elevation_m": 53.0, "provenance": "OBSERVED"}}, {"type": "Feature", "geometry": {"type": "Point", "coordinates": [72.908889, 19.153333]}, "properties": {"elevation_m": 52.5, "provenance": "OBSERVED"}}, {"type": "Feature", "geometry": {"type": "Point", "coordinates": [72.915, 19.153333]}, "properties": {"elevation_m": 52.5, "provenance": "OBSERVED"}}, {"type": "Feature", "geometry": {"type": "Point", "coordinates": [72.921111, 19.153333]}, "properties": {"elevation_m": 52.5, "provenance": "OBSERVED"}}, {"type": "Feature", "geometry": {"type": "Point", "coordinates": [72.927222, 19.153333]}, "properties": {"elevation_m": 74.9, "provenance": "OBSERVED"}}, {"type": "Feature", "geometry": {"type": "Point", "coordinates": [72.933333, 19.153333]}, "properties": {"elevation_m": 16.6, "provenance": "OBSERVED"}}, {"type": "Feature", "geometry": {"type": "Point", "coordinates": [72.939444, 19.153333]}, "properties": {"elevation_m": 8.8, "provenance": "OBSERVED"}}, {"type": "Feature", "geometry": {"type": "Point", "coordinates": [72.945556, 19.153333]}, "properties": {"elevation_m": 8.8, "provenance": "OBSERVED"}}, {"type": "Feature", "geometry": {"type": "Point", "coordinates": [72.951667, 19.153333]}, "properties": {"elevation_m": 4.3, "provenance": "OBSERVED"}}, {"type": "Feature", "geometry": {"type": "Point", "coordinates": [72.957778, 19.153333]}, "properties": {"elevation_m": 4.2, "provenance": "OBSERVED"}}, {"type": "Feature", "geometry": {"type": "Point", "coordinates": [72.963889, 19.153333]}, "properties": {"elevation_m": 4.2, "provenance": "OBSERVED"}}, {"type": "Feature", "geometry": {"type": "Point", "coordinates": [72.97, 19.153333]}, "properties": {"elevation_m": 3.5, "provenance": "OBSERVED"}}, {"type": "Feature", "geometry": {"type": "Point", "coordinates": [72.976111, 19.153333]}, "properties": {"elevation_m": 5.5, "provenance": "OBSERVED"}}, {"type": "Feature", "geometry": {"type": "Point", "coordinates": [72.982222, 19.153333]}, "properties": {"elevation_m": 0.0, "provenance": "OBSERVED"}}, {"type": "Feature", "geometry": {"type": "Point", "coordinates": [72.988333, 19.153333]}, "properties": {"elevation_m": 8.0, "provenance": "OBSERVED"}}, {"type": "Feature", "geometry": {"type": "Point", "coordinates": [72.994444, 19.153333]}, "properties": {"elevation_m": 7.2, "provenance": "OBSERVED"}}, {"type": "Feature", "geometry": {"type": "Point", "coordinates": [73.000556, 19.153333]}, "properties": {"elevation_m": 9.3, "provenance": "OBSERVED"}}, {"type": "Feature", "geometry": {"type": "Point", "coordinates": [73.006667, 19.153333]}, "properties": {"elevation_m": 41.1, "provenance": "OBSERVED"}}, {"type": "Feature", "geometry": {"type": "Point", "coordinates": [73.012778, 19.153333]}, "properties": {"elevation_m": 61.5, "provenance": "OBSERVED"}}, {"type": "Feature", "geometry": {"type": "Point", "coordinates": [73.018889, 19.153333]}, "properties": {"elevation_m": 102.3, "provenance": "OBSERVED"}}, {"type": "Feature", "geometry": {"type": "Point", "coordinates": [73.025, 19.153333]}, "properties": {"elevation_m": 104.5, "provenance": "OBSERVED"}}, {"type": "Feature", "geometry": {"type": "Point", "coordinates": [73.031111, 19.153333]}, "properties": {"elevation_m": 19.7, "provenance": "OBSERVED"}}, {"type": "Feature", "geometry": {"type": "Point", "coordinates": [73.037222, 19.153333]}, "properties": {"elevation_m": 6.2, "provenance": "OBSERVED"}}, {"type": "Feature", "geometry": {"type": "Point", "coordinates": [73.043333, 19.153333]}, "properties": {"elevation_m": 7.1, "provenance": "OBSERVED"}}, {"type": "Feature", "geometry": {"type": "Point", "coordinates": [73.049722, 19.153333]}, "properties": {"elevation_m": 6.3, "provenance": "OBSERVED"}}, {"type": "Feature", "geometry": {"type": "Point", "coordinates": [72.75, 19.144167]}, "properties": {"elevation_m": 0.0, "provenance": "OBSERVED"}}, {"type": "Feature", "geometry": {"type": "Point", "coordinates": [72.756111, 19.144167]}, "properties": {"elevation_m": 0.0, "provenance": "OBSERVED"}}, {"type": "Feature", "geometry": {"type": "Point", "coordinates": [72.762222, 19.144167]}, "properties": {"elevation_m": 0.0, "provenance": "OBSERVED"}}, {"type": "Feature", "geometry": {"type": "Point", "coordinates": [72.768333, 19.144167]}, "properties": {"elevation_m": 0.0, "provenance": "OBSERVED"}}, {"type": "Feature", "geometry": {"type": "Point", "coordinates": [72.774444, 19.144167]}, "properties": {"elevation_m": 0.0, "provenance": "OBSERVED"}}, {"type": "Feature", "geometry": {"type": "Point", "coordinates": [72.780556, 19.144167]}, "properties": {"elevation_m": 0.0, "provenance": "OBSERVED"}}, {"type": "Feature", "geometry": {"type": "Point", "coordinates": [72.786667, 19.144167]}, "properties": {"elevation_m": 0.0, "provenance": "OBSERVED"}}, {"type": "Feature", "geometry": {"type": "Point", "coordinates": [72.792778, 19.144167]}, "properties": {"elevation_m": 14.2, "provenance": "OBSERVED"}}, {"type": "Feature", "geometry": {"type": "Point", "coordinates": [72.798889, 19.144167]}, "properties": {"elevation_m": 8.1, "provenance": "OBSERVED"}}, {"type": "Feature", "geometry": {"type": "Point", "coordinates": [72.805, 19.144167]}, "properties": {"elevation_m": 9.3, "provenance": "OBSERVED"}}, {"type": "Feature", "geometry": {"type": "Point", "coordinates": [72.811111, 19.144167]}, "properties": {"elevation_m": 8.5, "provenance": "OBSERVED"}}, {"type": "Feature", "geometry": {"type": "Point", "coordinates": [72.817222, 19.144167]}, "properties": {"elevation_m": 6.6, "provenance": "OBSERVED"}}, {"type": "Feature", "geometry": {"type": "Point", "coordinates": [72.823333, 19.144167]}, "properties": {"elevation_m": 14.9, "provenance": "OBSERVED"}}, {"type": "Feature", "geometry": {"type": "Point", "coordinates": [72.829444, 19.144167]}, "properties": {"elevation_m": 7.9, "provenance": "OBSERVED"}}, {"type": "Feature", "geometry": {"type": "Point", "coordinates": [72.835556, 19.144167]}, "properties": {"elevation_m": 14.5, "provenance": "OBSERVED"}}, {"type": "Feature", "geometry": {"type": "Point", "coordinates": [72.841667, 19.144167]}, "properties": {"elevation_m": 9.2, "provenance": "OBSERVED"}}, {"type": "Feature", "geometry": {"type": "Point", "coordinates": [72.847778, 19.144167]}, "properties": {"elevation_m": 9.5, "provenance": "OBSERVED"}}, {"type": "Feature", "geometry": {"type": "Point", "coordinates": [72.853889, 19.144167]}, "properties": {"elevation_m": 16.6, "provenance": "OBSERVED"}}, {"type": "Feature", "geometry": {"type": "Point", "coordinates": [72.86, 19.144167]}, "properties": {"elevation_m": 24.3, "provenance": "OBSERVED"}}, {"type": "Feature", "geometry": {"type": "Point", "coordinates": [72.866111, 19.144167]}, "properties": {"elevation_m": 54.3, "provenance": "OBSERVED"}}, {"type": "Feature", "geometry": {"type": "Point", "coordinates": [72.872222, 19.144167]}, "properties": {"elevation_m": 52.0, "provenance": "OBSERVED"}}, {"type": "Feature", "geometry": {"type": "Point", "coordinates": [72.878333, 19.144167]}, "properties": {"elevation_m": 62.2, "provenance": "OBSERVED"}}, {"type": "Feature", "geometry": {"type": "Point", "coordinates": [72.884444, 19.144167]}, "properties": {"elevation_m": 52.4, "provenance": "OBSERVED"}}, {"type": "Feature", "geometry": {"type": "Point", "coordinates": [72.890556, 19.144167]}, "properties": {"elevation_m": 44.8, "provenance": "OBSERVED"}}, {"type": "Feature", "geometry": {"type": "Point", "coordinates": [72.896667, 19.144167]}, "properties": {"elevation_m": 36.7, "provenance": "OBSERVED"}}, {"type": "Feature", "geometry": {"type": "Point", "coordinates": [72.902778, 19.144167]}, "properties": {"elevation_m": 52.5, "provenance": "OBSERVED"}}, {"type": "Feature", "geometry": {"type": "Point", "coordinates": [72.908889, 19.144167]}, "properties": {"elevation_m": 52.5, "provenance": "OBSERVED"}}, {"type": "Feature", "geometry": {"type": "Point", "coordinates": [72.915, 19.144167]}, "properties": {"elevation_m": 59.9, "provenance": "OBSERVED"}}, {"type": "Feature", "geometry": {"type": "Point", "coordinates": [72.921111, 19.144167]}, "properties": {"elevation_m": 73.7, "provenance": "OBSERVED"}}, {"type": "Feature", "geometry": {"type": "Point", "coordinates": [72.927222, 19.144167]}, "properties": {"elevation_m": 26.1, "provenance": "OBSERVED"}}, {"type": "Feature", "geometry": {"type": "Point", "coordinates": [72.933333, 19.144167]}, "properties": {"elevation_m": 14.8, "provenance": "OBSERVED"}}, {"type": "Feature", "geometry": {"type": "Point", "coordinates": [72.939444, 19.144167]}, "properties": {"elevation_m": 4.3, "provenance": "OBSERVED"}}, {"type": "Feature", "geometry": {"type": "Point", "coordinates": [72.945556, 19.144167]}, "properties": {"elevation_m": 4.3, "provenance": "OBSERVED"}}, {"type": "Feature", "geometry": {"type": "Point", "coordinates": [72.951667, 19.144167]}, "properties": {"elevation_m": 4.1, "provenance": "OBSERVED"}}, {"type": "Feature", "geometry": {"type": "Point", "coordinates": [72.957778, 19.144167]}, "properties": {"elevation_m": 2.3, "provenance": "OBSERVED"}}, {"type": "Feature", "geometry": {"type": "Point", "coordinates": [72.963889, 19.144167]}, "properties": {"elevation_m": 4.2, "provenance": "OBSERVED"}}, {"type": "Feature", "geometry": {"type": "Point", "coordinates": [72.97, 19.144167]}, "properties": {"elevation_m": 4.2, "provenance": "OBSERVED"}}, {"type": "Feature", "geometry": {"type": "Point", "coordinates": [72.976111, 19.144167]}, "properties": {"elevation_m": 6.5, "provenance": "OBSERVED"}}, {"type": "Feature", "geometry": {"type": "Point", "coordinates": [72.982222, 19.144167]}, "properties": {"elevation_m": 6.5, "provenance": "OBSERVED"}}, {"type": "Feature", "geometry": {"type": "Point", "coordinates": [72.988333, 19.144167]}, "properties": {"elevation_m": 4.9, "provenance": "OBSERVED"}}, {"type": "Feature", "geometry": {"type": "Point", "coordinates": [72.994444, 19.144167]}, "properties": {"elevation_m": 7.0, "provenance": "OBSERVED"}}, {"type": "Feature", "geometry": {"type": "Point", "coordinates": [73.000556, 19.144167]}, "properties": {"elevation_m": 12.4, "provenance": "OBSERVED"}}, {"type": "Feature", "geometry": {"type": "Point", "coordinates": [73.006667, 19.144167]}, "properties": {"elevation_m": 20.7, "provenance": "OBSERVED"}}, {"type": "Feature", "geometry": {"type": "Point", "coordinates": [73.012778, 19.144167]}, "properties": {"elevation_m": 31.2, "provenance": "OBSERVED"}}, {"type": "Feature", "geometry": {"type": "Point", "coordinates": [73.018889, 19.144167]}, "properties": {"elevation_m": 88.4, "provenance": "OBSERVED"}}, {"type": "Feature", "geometry": {"type": "Point", "coordinates": [73.025, 19.144167]}, "properties": {"elevation_m": 138.8, "provenance": "OBSERVED"}}, {"type": "Feature", "geometry": {"type": "Point", "coordinates": [73.031111, 19.144167]}, "properties": {"elevation_m": 48.4, "provenance": "OBSERVED"}}, {"type": "Feature", "geometry": {"type": "Point", "coordinates": [73.037222, 19.144167]}, "properties": {"elevation_m": 20.8, "provenance": "OBSERVED"}}, {"type": "Feature", "geometry": {"type": "Point", "coordinates": [73.043333, 19.144167]}, "properties": {"elevation_m": 23.0, "provenance": "OBSERVED"}}, {"type": "Feature", "geometry": {"type": "Point", "coordinates": [73.049722, 19.144167]}, "properties": {"elevation_m": 13.4, "provenance": "OBSERVED"}}, {"type": "Feature", "geometry": {"type": "Point", "coordinates": [72.75, 19.135]}, "properties": {"elevation_m": 0.0, "provenance": "OBSERVED"}}, {"type": "Feature", "geometry": {"type": "Point", "coordinates": [72.756111, 19.135]}, "properties": {"elevation_m": 0.0, "provenance": "OBSERVED"}}, {"type": "Feature", "geometry": {"type": "Point", "coordinates": [72.762222, 19.135]}, "properties": {"elevation_m": 0.0, "provenance": "OBSERVED"}}, {"type": "Feature", "geometry": {"type": "Point", "coordinates": [72.768333, 19.135]}, "properties": {"elevation_m": 0.0, "provenance": "OBSERVED"}}, {"type": "Feature", "geometry": {"type": "Point", "coordinates": [72.774444, 19.135]}, "properties": {"elevation_m": 0.0, "provenance": "OBSERVED"}}, {"type": "Feature", "geometry": {"type": "Point", "coordinates": [72.780556, 19.135]}, "properties": {"elevation_m": 0.0, "provenance": "OBSERVED"}}, {"type": "Feature", "geometry": {"type": "Point", "coordinates": [72.786667, 19.135]}, "properties": {"elevation_m": 0.0, "provenance": "OBSERVED"}}, {"type": "Feature", "geometry": {"type": "Point", "coordinates": [72.792778, 19.135]}, "properties": {"elevation_m": 31.3, "provenance": "OBSERVED"}}, {"type": "Feature", "geometry": {"type": "Point", "coordinates": [72.798889, 19.135]}, "properties": {"elevation_m": 0.0, "provenance": "OBSERVED"}}, {"type": "Feature", "geometry": {"type": "Point", "coordinates": [72.805, 19.135]}, "properties": {"elevation_m": 0.0, "provenance": "OBSERVED"}}, {"type": "Feature", "geometry": {"type": "Point", "coordinates": [72.811111, 19.135]}, "properties": {"elevation_m": 12.7, "provenance": "OBSERVED"}}, {"type": "Feature", "geometry": {"type": "Point", "coordinates": [72.817222, 19.135]}, "properties": {"elevation_m": 9.8, "provenance": "OBSERVED"}}, {"type": "Feature", "geometry": {"type": "Point", "coordinates": [72.823333, 19.135]}, "properties": {"elevation_m": 13.2, "provenance": "OBSERVED"}}, {"type": "Feature", "geometry": {"type": "Point", "coordinates": [72.829444, 19.135]}, "properties": {"elevation_m": 7.9, "provenance": "OBSERVED"}}, {"type": "Feature", "geometry": {"type": "Point", "coordinates": [72.835556, 19.135]}, "properties": {"elevation_m": 8.2, "provenance": "OBSERVED"}}, {"type": "Feature", "geometry": {"type": "Point", "coordinates": [72.841667, 19.135]}, "properties": {"elevation_m": 16.3, "provenance": "OBSERVED"}}, {"type": "Feature", "geometry": {"type": "Point", "coordinates": [72.847778, 19.135]}, "properties": {"elevation_m": 17.7, "provenance": "OBSERVED"}}, {"type": "Feature", "geometry": {"type": "Point", "coordinates": [72.853889, 19.135]}, "properties": {"elevation_m": 34.0, "provenance": "OBSERVED"}}, {"type": "Feature", "geometry": {"type": "Point", "coordinates": [72.86, 19.135]}, "properties": {"elevation_m": 27.6, "provenance": "OBSERVED"}}, {"type": "Feature", "geometry": {"type": "Point", "coordinates": [72.866111, 19.135]}, "properties": {"elevation_m": 43.9, "provenance": "OBSERVED"}}, {"type": "Feature", "geometry": {"type": "Point", "coordinates": [72.872222, 19.135]}, "properties": {"elevation_m": 53.4, "provenance": "OBSERVED"}}, {"type": "Feature", "geometry": {"type": "Point", "coordinates": [72.878333, 19.135]}, "properties": {"elevation_m": 54.8, "provenance": "OBSERVED"}}, {"type": "Feature", "geometry": {"type": "Point", "coordinates": [72.884444, 19.135]}, "properties": {"elevation_m": 25.4, "provenance": "OBSERVED"}}, {"type": "Feature", "geometry": {"type": "Point", "coordinates": [72.890556, 19.135]}, "properties": {"elevation_m": 49.2, "provenance": "OBSERVED"}}, {"type": "Feature", "geometry": {"type": "Point", "coordinates": [72.896667, 19.135]}, "properties": {"elevation_m": 32.7, "provenance": "OBSERVED"}}, {"type": "Feature", "geometry": {"type": "Point", "coordinates": [72.902778, 19.135]}, "properties": {"elevation_m": 37.0, "provenance": "OBSERVED"}}, {"type": "Feature", "geometry": {"type": "Point", "coordinates": [72.908889, 19.135]}, "properties": {"elevation_m": 51.2, "provenance": "OBSERVED"}}, {"type": "Feature", "geometry": {"type": "Point", "coordinates": [72.915, 19.135]}, "properties": {"elevation_m": 50.0, "provenance": "OBSERVED"}}, {"type": "Feature", "geometry": {"type": "Point", "coordinates": [72.921111, 19.135]}, "properties": {"elevation_m": 60.8, "provenance": "OBSERVED"}}, {"type": "Feature", "geometry": {"type": "Point", "coordinates": [72.927222, 19.135]}, "properties": {"elevation_m": 11.4, "provenance": "OBSERVED"}}, {"type": "Feature", "geometry": {"type": "Point", "coordinates": [72.933333, 19.135]}, "properties": {"elevation_m": 14.7, "provenance": "OBSERVED"}}, {"type": "Feature", "geometry": {"type": "Point", "coordinates": [72.939444, 19.135]}, "properties": {"elevation_m": 7.9, "provenance": "OBSERVED"}}, {"type": "Feature", "geometry": {"type": "Point", "coordinates": [72.945556, 19.135]}, "properties": {"elevation_m": 4.3, "provenance": "OBSERVED"}}, {"type": "Feature", "geometry": {"type": "Point", "coordinates": [72.951667, 19.135]}, "properties": {"elevation_m": 4.7, "provenance": "OBSERVED"}}, {"type": "Feature", "geometry": {"type": "Point", "coordinates": [72.957778, 19.135]}, "properties": {"elevation_m": 6.9, "provenance": "OBSERVED"}}, {"type": "Feature", "geometry": {"type": "Point", "coordinates": [72.963889, 19.135]}, "properties": {"elevation_m": 5.0, "provenance": "OBSERVED"}}, {"type": "Feature", "geometry": {"type": "Point", "coordinates": [72.97, 19.135]}, "properties": {"elevation_m": 7.6, "provenance": "OBSERVED"}}, {"type": "Feature", "geometry": {"type": "Point", "coordinates": [72.976111, 19.135]}, "properties": {"elevation_m": 0.0, "provenance": "OBSERVED"}}, {"type": "Feature", "geometry": {"type": "Point", "coordinates": [72.982222, 19.135]}, "properties": {"elevation_m": 0.0, "provenance": "OBSERVED"}}, {"type": "Feature", "geometry": {"type": "Point", "coordinates": [72.988333, 19.135]}, "properties": {"elevation_m": 3.7, "provenance": "OBSERVED"}}, {"type": "Feature", "geometry": {"type": "Point", "coordinates": [72.994444, 19.135]}, "properties": {"elevation_m": 2.8, "provenance": "OBSERVED"}}, {"type": "Feature", "geometry": {"type": "Point", "coordinates": [73.000556, 19.135]}, "properties": {"elevation_m": 9.8, "provenance": "OBSERVED"}}, {"type": "Feature", "geometry": {"type": "Point", "coordinates": [73.006667, 19.135]}, "properties": {"elevation_m": 11.2, "provenance": "OBSERVED"}}, {"type": "Feature", "geometry": {"type": "Point", "coordinates": [73.012778, 19.135]}, "properties": {"elevation_m": 16.9, "provenance": "OBSERVED"}}, {"type": "Feature", "geometry": {"type": "Point", "coordinates": [73.018889, 19.135]}, "properties": {"elevation_m": 33.2, "provenance": "OBSERVED"}}, {"type": "Feature", "geometry": {"type": "Point", "coordinates": [73.025, 19.135]}, "properties": {"elevation_m": 93.5, "provenance": "OBSERVED"}}, {"type": "Feature", "geometry": {"type": "Point", "coordinates": [73.031111, 19.135]}, "properties": {"elevation_m": 237.0, "provenance": "OBSERVED"}}, {"type": "Feature", "geometry": {"type": "Point", "coordinates": [73.037222, 19.135]}, "properties": {"elevation_m": 66.5, "provenance": "OBSERVED"}}, {"type": "Feature", "geometry": {"type": "Point", "coordinates": [73.043333, 19.135]}, "properties": {"elevation_m": 327.1, "provenance": "OBSERVED"}}, {"type": "Feature", "geometry": {"type": "Point", "coordinates": [73.049722, 19.135]}, "properties": {"elevation_m": 32.0, "provenance": "OBSERVED"}}, {"type": "Feature", "geometry": {"type": "Point", "coordinates": [72.75, 19.125833]}, "properties": {"elevation_m": 0.0, "provenance": "OBSERVED"}}, {"type": "Feature", "geometry": {"type": "Point", "coordinates": [72.756111, 19.125833]}, "properties": {"elevation_m": 0.0, "provenance": "OBSERVED"}}, {"type": "Feature", "geometry": {"type": "Point", "coordinates": [72.762222, 19.125833]}, "properties": {"elevation_m": 0.0, "provenance": "OBSERVED"}}, {"type": "Feature", "geometry": {"type": "Point", "coordinates": [72.768333, 19.125833]}, "properties": {"elevation_m": 0.0, "provenance": "OBSERVED"}}, {"type": "Feature", "geometry": {"type": "Point", "coordinates": [72.774444, 19.125833]}, "properties": {"elevation_m": 0.0, "provenance": "OBSERVED"}}, {"type": "Feature", "geometry": {"type": "Point", "coordinates": [72.780556, 19.125833]}, "properties": {"elevation_m": 0.0, "provenance": "OBSERVED"}}, {"type": "Feature", "geometry": {"type": "Point", "coordinates": [72.786667, 19.125833]}, "properties": {"elevation_m": 0.0, "provenance": "OBSERVED"}}, {"type": "Feature", "geometry": {"type": "Point", "coordinates": [72.792778, 19.125833]}, "properties": {"elevation_m": 0.0, "provenance": "OBSERVED"}}, {"type": "Feature", "geometry": {"type": "Point", "coordinates": [72.798889, 19.125833]}, "properties": {"elevation_m": 0.0, "provenance": "OBSERVED"}}, {"type": "Feature", "geometry": {"type": "Point", "coordinates": [72.805, 19.125833]}, "properties": {"elevation_m": 0.0, "provenance": "OBSERVED"}}, {"type": "Feature", "geometry": {"type": "Point", "coordinates": [72.811111, 19.125833]}, "properties": {"elevation_m": 0.0, "provenance": "OBSERVED"}}, {"type": "Feature", "geometry": {"type": "Point", "coordinates": [72.817222, 19.125833]}, "properties": {"elevation_m": 4.4, "provenance": "OBSERVED"}}, {"type": "Feature", "geometry": {"type": "Point", "coordinates": [72.823333, 19.125833]}, "properties": {"elevation_m": 9.2, "provenance": "OBSERVED"}}, {"type": "Feature", "geometry": {"type": "Point", "coordinates": [72.829444, 19.125833]}, "properties": {"elevation_m": 8.6, "provenance": "OBSERVED"}}, {"type": "Feature", "geometry": {"type": "Point", "coordinates": [72.835556, 19.125833]}, "properties": {"elevation_m": 13.7, "provenance": "OBSERVED"}}, {"type": "Feature", "geometry": {"type": "Point", "coordinates": [72.841667, 19.125833]}, "properties": {"elevation_m": 14.7, "provenance": "OBSERVED"}}, {"type": "Feature", "geometry": {"type": "Point", "coordinates": [72.847778, 19.125833]}, "properties": {"elevation_m": 14.3, "provenance": "OBSERVED"}}, {"type": "Feature", "geometry": {"type": "Point", "coordinates": [72.853889, 19.125833]}, "properties": {"elevation_m": 19.1, "provenance": "OBSERVED"}}, {"type": "Feature", "geometry": {"type": "Point", "coordinates": [72.86, 19.125833]}, "properties": {"elevation_m": 29.9, "provenance": "OBSERVED"}}, {"type": "Feature", "geometry": {"type": "Point", "coordinates": [72.866111, 19.125833]}, "properties": {"elevation_m": 46.9, "provenance": "OBSERVED"}}, {"type": "Feature", "geometry": {"type": "Point", "coordinates": [72.872222, 19.125833]}, "properties": {"elevation_m": 39.2, "provenance": "OBSERVED"}}, {"type": "Feature", "geometry": {"type": "Point", "coordinates": [72.878333, 19.125833]}, "properties": {"elevation_m": 30.2, "provenance": "OBSERVED"}}, {"type": "Feature", "geometry": {"type": "Point", "coordinates": [72.884444, 19.125833]}, "properties": {"elevation_m": 29.6, "provenance": "OBSERVED"}}, {"type": "Feature", "geometry": {"type": "Point", "coordinates": [72.890556, 19.125833]}, "properties": {"elevation_m": 26.3, "provenance": "OBSERVED"}}, {"type": "Feature", "geometry": {"type": "Point", "coordinates": [72.896667, 19.125833]}, "properties": {"elevation_m": 37.0, "provenance": "OBSERVED"}}, {"type": "Feature", "geometry": {"type": "Point", "coordinates": [72.902778, 19.125833]}, "properties": {"elevation_m": 37.0, "provenance": "OBSERVED"}}, {"type": "Feature", "geometry": {"type": "Point", "coordinates": [72.908889, 19.125833]}, "properties": {"elevation_m": 48.2, "provenance": "OBSERVED"}}, {"type": "Feature", "geometry": {"type": "Point", "coordinates": [72.915, 19.125833]}, "properties": {"elevation_m": 52.0, "provenance": "OBSERVED"}}, {"type": "Feature", "geometry": {"type": "Point", "coordinates": [72.921111, 19.125833]}, "properties": {"elevation_m": 34.3, "provenance": "OBSERVED"}}, {"type": "Feature", "geometry": {"type": "Point", "coordinates": [72.927222, 19.125833]}, "properties": {"elevation_m": 6.5, "provenance": "OBSERVED"}}, {"type": "Feature", "geometry": {"type": "Point", "coordinates": [72.933333, 19.125833]}, "properties": {"elevation_m": 4.3, "provenance": "OBSERVED"}}, {"type": "Feature", "geometry": {"type": "Point", "coordinates": [72.939444, 19.125833]}, "properties": {"elevation_m": 4.8, "provenance": "OBSERVED"}}, {"type": "Feature", "geometry": {"type": "Point", "coordinates": [72.945556, 19.125833]}, "properties": {"elevation_m": 13.3, "provenance": "OBSERVED"}}, {"type": "Feature", "geometry": {"type": "Point", "coordinates": [72.951667, 19.125833]}, "properties": {"elevation_m": 4.0, "provenance": "OBSERVED"}}, {"type": "Feature", "geometry": {"type": "Point", "coordinates": [72.957778, 19.125833]}, "properties": {"elevation_m": 4.0, "provenance": "OBSERVED"}}, {"type": "Feature", "geometry": {"type": "Point", "coordinates": [72.963889, 19.125833]}, "properties": {"elevation_m": 7.4, "provenance": "OBSERVED"}}, {"type": "Feature", "geometry": {"type": "Point", "coordinates": [72.97, 19.125833]}, "properties": {"elevation_m": 0.0, "provenance": "OBSERVED"}}, {"type": "Feature", "geometry": {"type": "Point", "coordinates": [72.976111, 19.125833]}, "properties": {"elevation_m": 0.0, "provenance": "OBSERVED"}}, {"type": "Feature", "geometry": {"type": "Point", "coordinates": [72.982222, 19.125833]}, "properties": {"elevation_m": 4.7, "provenance": "OBSERVED"}}, {"type": "Feature", "geometry": {"type": "Point", "coordinates": [72.988333, 19.125833]}, "properties": {"elevation_m": 3.3, "provenance": "OBSERVED"}}, {"type": "Feature", "geometry": {"type": "Point", "coordinates": [72.994444, 19.125833]}, "properties": {"elevation_m": 11.9, "provenance": "OBSERVED"}}, {"type": "Feature", "geometry": {"type": "Point", "coordinates": [73.000556, 19.125833]}, "properties": {"elevation_m": 10.4, "provenance": "OBSERVED"}}, {"type": "Feature", "geometry": {"type": "Point", "coordinates": [73.006667, 19.125833]}, "properties": {"elevation_m": 23.0, "provenance": "OBSERVED"}}, {"type": "Feature", "geometry": {"type": "Point", "coordinates": [73.012778, 19.125833]}, "properties": {"elevation_m": 16.6, "provenance": "OBSERVED"}}, {"type": "Feature", "geometry": {"type": "Point", "coordinates": [73.018889, 19.125833]}, "properties": {"elevation_m": 37.4, "provenance": "OBSERVED"}}, {"type": "Feature", "geometry": {"type": "Point", "coordinates": [73.025, 19.125833]}, "properties": {"elevation_m": 167.2, "provenance": "OBSERVED"}}, {"type": "Feature", "geometry": {"type": "Point", "coordinates": [73.031111, 19.125833]}, "properties": {"elevation_m": 71.7, "provenance": "OBSERVED"}}, {"type": "Feature", "geometry": {"type": "Point", "coordinates": [73.037222, 19.125833]}, "properties": {"elevation_m": 80.6, "provenance": "OBSERVED"}}, {"type": "Feature", "geometry": {"type": "Point", "coordinates": [73.043333, 19.125833]}, "properties": {"elevation_m": 162.6, "provenance": "OBSERVED"}}, {"type": "Feature", "geometry": {"type": "Point", "coordinates": [73.049722, 19.125833]}, "properties": {"elevation_m": 37.2, "provenance": "OBSERVED"}}, {"type": "Feature", "geometry": {"type": "Point", "coordinates": [72.75, 19.116667]}, "properties": {"elevation_m": 0.0, "provenance": "OBSERVED"}}, {"type": "Feature", "geometry": {"type": "Point", "coordinates": [72.756111, 19.116667]}, "properties": {"elevation_m": 0.0, "provenance": "OBSERVED"}}, {"type": "Feature", "geometry": {"type": "Point", "coordinates": [72.762222, 19.116667]}, "properties": {"elevation_m": 0.0, "provenance": "OBSERVED"}}, {"type": "Feature", "geometry": {"type": "Point", "coordinates": [72.768333, 19.116667]}, "properties": {"elevation_m": 0.0, "provenance": "OBSERVED"}}, {"type": "Feature", "geometry": {"type": "Point", "coordinates": [72.774444, 19.116667]}, "properties": {"elevation_m": 0.0, "provenance": "OBSERVED"}}, {"type": "Feature", "geometry": {"type": "Point", "coordinates": [72.780556, 19.116667]}, "properties": {"elevation_m": 0.0, "provenance": "OBSERVED"}}, {"type": "Feature", "geometry": {"type": "Point", "coordinates": [72.786667, 19.116667]}, "properties": {"elevation_m": 0.0, "provenance": "OBSERVED"}}, {"type": "Feature", "geometry": {"type": "Point", "coordinates": [72.792778, 19.116667]}, "properties": {"elevation_m": 0.0, "provenance": "OBSERVED"}}, {"type": "Feature", "geometry": {"type": "Point", "coordinates": [72.798889, 19.116667]}, "properties": {"elevation_m": 0.0, "provenance": "OBSERVED"}}, {"type": "Feature", "geometry": {"type": "Point", "coordinates": [72.805, 19.116667]}, "properties": {"elevation_m": 0.0, "provenance": "OBSERVED"}}, {"type": "Feature", "geometry": {"type": "Point", "coordinates": [72.811111, 19.116667]}, "properties": {"elevation_m": 0.0, "provenance": "OBSERVED"}}, {"type": "Feature", "geometry": {"type": "Point", "coordinates": [72.817222, 19.116667]}, "properties": {"elevation_m": 0.0, "provenance": "OBSERVED"}}, {"type": "Feature", "geometry": {"type": "Point", "coordinates": [72.823333, 19.116667]}, "properties": {"elevation_m": 11.3, "provenance": "OBSERVED"}}, {"type": "Feature", "geometry": {"type": "Point", "coordinates": [72.829444, 19.116667]}, "properties": {"elevation_m": 9.7, "provenance": "OBSERVED"}}, {"type": "Feature", "geometry": {"type": "Point", "coordinates": [72.835556, 19.116667]}, "properties": {"elevation_m": 6.4, "provenance": "OBSERVED"}}, {"type": "Feature", "geometry": {"type": "Point", "coordinates": [72.841667, 19.116667]}, "properties": {"elevation_m": 19.5, "provenance": "OBSERVED"}}, {"type": "Feature", "geometry": {"type": "Point", "coordinates": [72.847778, 19.116667]}, "properties": {"elevation_m": 18.9, "provenance": "OBSERVED"}}, {"type": "Feature", "geometry": {"type": "Point", "coordinates": [72.853889, 19.116667]}, "properties": {"elevation_m": 21.0, "provenance": "OBSERVED"}}, {"type": "Feature", "geometry": {"type": "Point", "coordinates": [72.86, 19.116667]}, "properties": {"elevation_m": 41.7, "provenance": "OBSERVED"}}, {"type": "Feature", "geometry": {"type": "Point", "coordinates": [72.866111, 19.116667]}, "properties": {"elevation_m": 28.3, "provenance": "OBSERVED"}}, {"type": "Feature", "geometry": {"type": "Point", "coordinates": [72.872222, 19.116667]}, "properties": {"elevation_m": 24.3, "provenance": "OBSERVED"}}, {"type": "Feature", "geometry": {"type": "Point", "coordinates": [72.878333, 19.116667]}, "properties": {"elevation_m": 24.9, "provenance": "OBSERVED"}}, {"type": "Feature", "geometry": {"type": "Point", "coordinates": [72.884444, 19.116667]}, "properties": {"elevation_m": 17.6, "provenance": "OBSERVED"}}, {"type": "Feature", "geometry": {"type": "Point", "coordinates": [72.890556, 19.116667]}, "properties": {"elevation_m": 27.2, "provenance": "OBSERVED"}}, {"type": "Feature", "geometry": {"type": "Point", "coordinates": [72.896667, 19.116667]}, "properties": {"elevation_m": 32.7, "provenance": "OBSERVED"}}, {"type": "Feature", "geometry": {"type": "Point", "coordinates": [72.902778, 19.116667]}, "properties": {"elevation_m": 42.0, "provenance": "OBSERVED"}}, {"type": "Feature", "geometry": {"type": "Point", "coordinates": [72.908889, 19.116667]}, "properties": {"elevation_m": 53.4, "provenance": "OBSERVED"}}, {"type": "Feature", "geometry": {"type": "Point", "coordinates": [72.915, 19.116667]}, "properties": {"elevation_m": 79.4, "provenance": "OBSERVED"}}, {"type": "Feature", "geometry": {"type": "Point", "coordinates": [72.921111, 19.116667]}, "properties": {"elevation_m": 154.0, "provenance": "OBSERVED"}}, {"type": "Feature", "geometry": {"type": "Point", "coordinates": [72.927222, 19.116667]}, "properties": {"elevation_m": 16.9, "provenance": "OBSERVED"}}, {"type": "Feature", "geometry": {"type": "Point", "coordinates": [72.933333, 19.116667]}, "properties": {"elevation_m": 6.8, "provenance": "OBSERVED"}}, {"type": "Feature", "geometry": {"type": "Point", "coordinates": [72.939444, 19.116667]}, "properties": {"elevation_m": 10.4, "provenance": "OBSERVED"}}, {"type": "Feature", "geometry": {"type": "Point", "coordinates": [72.945556, 19.116667]}, "properties": {"elevation_m": 3.5, "provenance": "OBSERVED"}}, {"type": "Feature", "geometry": {"type": "Point", "coordinates": [72.951667, 19.116667]}, "properties": {"elevation_m": 4.5, "provenance": "OBSERVED"}}, {"type": "Feature", "geometry": {"type": "Point", "coordinates": [72.957778, 19.116667]}, "properties": {"elevation_m": 8.4, "provenance": "OBSERVED"}}, {"type": "Feature", "geometry": {"type": "Point", "coordinates": [72.963889, 19.116667]}, "properties": {"elevation_m": 2.3, "provenance": "OBSERVED"}}, {"type": "Feature", "geometry": {"type": "Point", "coordinates": [72.97, 19.116667]}, "properties": {"elevation_m": 0.0, "provenance": "OBSERVED"}}, {"type": "Feature", "geometry": {"type": "Point", "coordinates": [72.976111, 19.116667]}, "properties": {"elevation_m": 0.0, "provenance": "OBSERVED"}}, {"type": "Feature", "geometry": {"type": "Point", "coordinates": [72.982222, 19.116667]}, "properties": {"elevation_m": 3.8, "provenance": "OBSERVED"}}, {"type": "Feature", "geometry": {"type": "Point", "coordinates": [72.988333, 19.116667]}, "properties": {"elevation_m": 3.1, "provenance": "OBSERVED"}}, {"type": "Feature", "geometry": {"type": "Point", "coordinates": [72.994444, 19.116667]}, "properties": {"elevation_m": 5.0, "provenance": "OBSERVED"}}, {"type": "Feature", "geometry": {"type": "Point", "coordinates": [73.000556, 19.116667]}, "properties": {"elevation_m": 4.8, "provenance": "OBSERVED"}}, {"type": "Feature", "geometry": {"type": "Point", "coordinates": [73.006667, 19.116667]}, "properties": {"elevation_m": 10.2, "provenance": "OBSERVED"}}, {"type": "Feature", "geometry": {"type": "Point", "coordinates": [73.012778, 19.116667]}, "properties": {"elevation_m": 14.8, "provenance": "OBSERVED"}}, {"type": "Feature", "geometry": {"type": "Point", "coordinates": [73.018889, 19.116667]}, "properties": {"elevation_m": 38.0, "provenance": "OBSERVED"}}, {"type": "Feature", "geometry": {"type": "Point", "coordinates": [73.025, 19.116667]}, "properties": {"elevation_m": 31.0, "provenance": "OBSERVED"}}, {"type": "Feature", "geometry": {"type": "Point", "coordinates": [73.031111, 19.116667]}, "properties": {"elevation_m": 34.4, "provenance": "OBSERVED"}}, {"type": "Feature", "geometry": {"type": "Point", "coordinates": [73.037222, 19.116667]}, "properties": {"elevation_m": 59.5, "provenance": "OBSERVED"}}, {"type": "Feature", "geometry": {"type": "Point", "coordinates": [73.043333, 19.116667]}, "properties": {"elevation_m": 58.4, "provenance": "OBSERVED"}}, {"type": "Feature", "geometry": {"type": "Point", "coordinates": [73.049722, 19.116667]}, "properties": {"elevation_m": 173.0, "provenance": "OBSERVED"}}, {"type": "Feature", "geometry": {"type": "Point", "coordinates": [72.75, 19.1075]}, "properties": {"elevation_m": 0.0, "provenance": "OBSERVED"}}, {"type": "Feature", "geometry": {"type": "Point", "coordinates": [72.756111, 19.1075]}, "properties": {"elevation_m": 0.0, "provenance": "OBSERVED"}}, {"type": "Feature", "geometry": {"type": "Point", "coordinates": [72.762222, 19.1075]}, "properties": {"elevation_m": 0.0, "provenance": "OBSERVED"}}, {"type": "Feature", "geometry": {"type": "Point", "coordinates": [72.768333, 19.1075]}, "properties": {"elevation_m": 0.0, "provenance": "OBSERVED"}}, {"type": "Feature", "geometry": {"type": "Point", "coordinates": [72.774444, 19.1075]}, "properties": {"elevation_m": 0.0, "provenance": "OBSERVED"}}, {"type": "Feature", "geometry": {"type": "Point", "coordinates": [72.780556, 19.1075]}, "properties": {"elevation_m": 0.0, "provenance": "OBSERVED"}}, {"type": "Feature", "geometry": {"type": "Point", "coordinates": [72.786667, 19.1075]}, "properties": {"elevation_m": 0.0, "provenance": "OBSERVED"}}, {"type": "Feature", "geometry": {"type": "Point", "coordinates": [72.792778, 19.1075]}, "properties": {"elevation_m": 0.0, "provenance": "OBSERVED"}}, {"type": "Feature", "geometry": {"type": "Point", "coordinates": [72.798889, 19.1075]}, "properties": {"elevation_m": 0.0, "provenance": "OBSERVED"}}, {"type": "Feature", "geometry": {"type": "Point", "coordinates": [72.805, 19.1075]}, "properties": {"elevation_m": 0.0, "provenance": "OBSERVED"}}, {"type": "Feature", "geometry": {"type": "Point", "coordinates": [72.811111, 19.1075]}, "properties": {"elevation_m": 0.0, "provenance": "OBSERVED"}}, {"type": "Feature", "geometry": {"type": "Point", "coordinates": [72.817222, 19.1075]}, "properties": {"elevation_m": 0.0, "provenance": "OBSERVED"}}, {"type": "Feature", "geometry": {"type": "Point", "coordinates": [72.823333, 19.1075]}, "properties": {"elevation_m": 0.0, "provenance": "OBSERVED"}}, {"type": "Feature", "geometry": {"type": "Point", "coordinates": [72.829444, 19.1075]}, "properties": {"elevation_m": 9.1, "provenance": "OBSERVED"}}, {"type": "Feature", "geometry": {"type": "Point", "coordinates": [72.835556, 19.1075]}, "properties": {"elevation_m": 15.7, "provenance": "OBSERVED"}}, {"type": "Feature", "geometry": {"type": "Point", "coordinates": [72.841667, 19.1075]}, "properties": {"elevation_m": 19.6, "provenance": "OBSERVED"}}, {"type": "Feature", "geometry": {"type": "Point", "coordinates": [72.847778, 19.1075]}, "properties": {"elevation_m": 18.7, "provenance": "OBSERVED"}}, {"type": "Feature", "geometry": {"type": "Point", "coordinates": [72.853889, 19.1075]}, "properties": {"elevation_m": 21.4, "provenance": "OBSERVED"}}, {"type": "Feature", "geometry": {"type": "Point", "coordinates": [72.86, 19.1075]}, "properties": {"elevation_m": 28.0, "provenance": "OBSERVED"}}, {"type": "Feature", "geometry": {"type": "Point", "coordinates": [72.866111, 19.1075]}, "properties": {"elevation_m": 22.9, "provenance": "OBSERVED"}}, {"type": "Feature", "geometry": {"type": "Point", "coordinates": [72.872222, 19.1075]}, "properties": {"elevation_m": 13.3, "provenance": "OBSERVED"}}, {"type": "Feature", "geometry": {"type": "Point", "coordinates": [72.878333, 19.1075]}, "properties": {"elevation_m": 15.0, "provenance": "OBSERVED"}}, {"type": "Feature", "geometry": {"type": "Point", "coordinates": [72.884444, 19.1075]}, "properties": {"elevation_m": 16.5, "provenance": "OBSERVED"}}, {"type": "Feature", "geometry": {"type": "Point", "coordinates": [72.890556, 19.1075]}, "properties": {"elevation_m": 18.5, "provenance": "OBSERVED"}}, {"type": "Feature", "geometry": {"type": "Point", "coordinates": [72.896667, 19.1075]}, "properties": {"elevation_m": 20.4, "provenance": "OBSERVED"}}, {"type": "Feature", "geometry": {"type": "Point", "coordinates": [72.902778, 19.1075]}, "properties": {"elevation_m": 40.8, "provenance": "OBSERVED"}}, {"type": "Feature", "geometry": {"type": "Point", "coordinates": [72.908889, 19.1075]}, "properties": {"elevation_m": 202.0, "provenance": "OBSERVED"}}, {"type": "Feature", "geometry": {"type": "Point", "coordinates": [72.915, 19.1075]}, "properties": {"elevation_m": 52.2, "provenance": "OBSERVED"}}, {"type": "Feature", "geometry": {"type": "Point", "coordinates": [72.921111, 19.1075]}, "properties": {"elevation_m": 40.6, "provenance": "OBSERVED"}}, {"type": "Feature", "geometry": {"type": "Point", "coordinates": [72.927222, 19.1075]}, "properties": {"elevation_m": 18.9, "provenance": "OBSERVED"}}, {"type": "Feature", "geometry": {"type": "Point", "coordinates": [72.933333, 19.1075]}, "properties": {"elevation_m": 7.4, "provenance": "OBSERVED"}}, {"type": "Feature", "geometry": {"type": "Point", "coordinates": [72.939444, 19.1075]}, "properties": {"elevation_m": 4.7, "provenance": "OBSERVED"}}, {"type": "Feature", "geometry": {"type": "Point", "coordinates": [72.945556, 19.1075]}, "properties": {"elevation_m": 4.7, "provenance": "OBSERVED"}}, {"type": "Feature", "geometry": {"type": "Point", "coordinates": [72.951667, 19.1075]}, "properties": {"elevation_m": 0.0, "provenance": "OBSERVED"}}, {"type": "Feature", "geometry": {"type": "Point", "coordinates": [72.957778, 19.1075]}, "properties": {"elevation_m": 7.2, "provenance": "OBSERVED"}}, {"type": "Feature", "geometry": {"type": "Point", "coordinates": [72.963889, 19.1075]}, "properties": {"elevation_m": 0.0, "provenance": "OBSERVED"}}, {"type": "Feature", "geometry": {"type": "Point", "coordinates": [72.97, 19.1075]}, "properties": {"elevation_m": 0.0, "provenance": "OBSERVED"}}, {"type": "Feature", "geometry": {"type": "Point", "coordinates": [72.976111, 19.1075]}, "properties": {"elevation_m": 0.0, "provenance": "OBSERVED"}}, {"type": "Feature", "geometry": {"type": "Point", "coordinates": [72.982222, 19.1075]}, "properties": {"elevation_m": 4.3, "provenance": "OBSERVED"}}, {"type": "Feature", "geometry": {"type": "Point", "coordinates": [72.988333, 19.1075]}, "properties": {"elevation_m": 4.3, "provenance": "OBSERVED"}}, {"type": "Feature", "geometry": {"type": "Point", "coordinates": [72.994444, 19.1075]}, "properties": {"elevation_m": 3.7, "provenance": "OBSERVED"}}, {"type": "Feature", "geometry": {"type": "Point", "coordinates": [73.000556, 19.1075]}, "properties": {"elevation_m": 15.2, "provenance": "OBSERVED"}}, {"type": "Feature", "geometry": {"type": "Point", "coordinates": [73.006667, 19.1075]}, "properties": {"elevation_m": 10.2, "provenance": "OBSERVED"}}, {"type": "Feature", "geometry": {"type": "Point", "coordinates": [73.012778, 19.1075]}, "properties": {"elevation_m": 18.2, "provenance": "OBSERVED"}}, {"type": "Feature", "geometry": {"type": "Point", "coordinates": [73.018889, 19.1075]}, "properties": {"elevation_m": 27.7, "provenance": "OBSERVED"}}, {"type": "Feature", "geometry": {"type": "Point", "coordinates": [73.025, 19.1075]}, "properties": {"elevation_m": 22.7, "provenance": "OBSERVED"}}, {"type": "Feature", "geometry": {"type": "Point", "coordinates": [73.031111, 19.1075]}, "properties": {"elevation_m": 27.5, "provenance": "OBSERVED"}}, {"type": "Feature", "geometry": {"type": "Point", "coordinates": [73.037222, 19.1075]}, "properties": {"elevation_m": 29.7, "provenance": "OBSERVED"}}, {"type": "Feature", "geometry": {"type": "Point", "coordinates": [73.043333, 19.1075]}, "properties": {"elevation_m": 46.4, "provenance": "OBSERVED"}}, {"type": "Feature", "geometry": {"type": "Point", "coordinates": [73.049722, 19.1075]}, "properties": {"elevation_m": 173.9, "provenance": "OBSERVED"}}, {"type": "Feature", "geometry": {"type": "Point", "coordinates": [72.75, 19.098333]}, "properties": {"elevation_m": 0.0, "provenance": "OBSERVED"}}, {"type": "Feature", "geometry": {"type": "Point", "coordinates": [72.756111, 19.098333]}, "properties": {"elevation_m": 0.0, "provenance": "OBSERVED"}}, {"type": "Feature", "geometry": {"type": "Point", "coordinates": [72.762222, 19.098333]}, "properties": {"elevation_m": 0.0, "provenance": "OBSERVED"}}, {"type": "Feature", "geometry": {"type": "Point", "coordinates": [72.768333, 19.098333]}, "properties": {"elevation_m": 0.0, "provenance": "OBSERVED"}}, {"type": "Feature", "geometry": {"type": "Point", "coordinates": [72.774444, 19.098333]}, "properties": {"elevation_m": 0.0, "provenance": "OBSERVED"}}, {"type": "Feature", "geometry": {"type": "Point", "coordinates": [72.780556, 19.098333]}, "properties": {"elevation_m": 0.0, "provenance": "OBSERVED"}}, {"type": "Feature", "geometry": {"type": "Point", "coordinates": [72.786667, 19.098333]}, "properties": {"elevation_m": 0.0, "provenance": "OBSERVED"}}, {"type": "Feature", "geometry": {"type": "Point", "coordinates": [72.792778, 19.098333]}, "properties": {"elevation_m": 0.0, "provenance": "OBSERVED"}}, {"type": "Feature", "geometry": {"type": "Point", "coordinates": [72.798889, 19.098333]}, "properties": {"elevation_m": 0.0, "provenance": "OBSERVED"}}, {"type": "Feature", "geometry": {"type": "Point", "coordinates": [72.805, 19.098333]}, "properties": {"elevation_m": 0.0, "provenance": "OBSERVED"}}, {"type": "Feature", "geometry": {"type": "Point", "coordinates": [72.811111, 19.098333]}, "properties": {"elevation_m": 0.0, "provenance": "OBSERVED"}}, {"type": "Feature", "geometry": {"type": "Point", "coordinates": [72.817222, 19.098333]}, "properties": {"elevation_m": 0.0, "provenance": "OBSERVED"}}, {"type": "Feature", "geometry": {"type": "Point", "coordinates": [72.823333, 19.098333]}, "properties": {"elevation_m": 0.0, "provenance": "OBSERVED"}}, {"type": "Feature", "geometry": {"type": "Point", "coordinates": [72.829444, 19.098333]}, "properties": {"elevation_m": 5.2, "provenance": "OBSERVED"}}, {"type": "Feature", "geometry": {"type": "Point", "coordinates": [72.835556, 19.098333]}, "properties": {"elevation_m": 5.2, "provenance": "OBSERVED"}}, {"type": "Feature", "geometry": {"type": "Point", "coordinates": [72.841667, 19.098333]}, "properties": {"elevation_m": 11.1, "provenance": "OBSERVED"}}, {"type": "Feature", "geometry": {"type": "Point", "coordinates": [72.847778, 19.098333]}, "properties": {"elevation_m": 17.9, "provenance": "OBSERVED"}}, {"type": "Feature", "geometry": {"type": "Point", "coordinates": [72.853889, 19.098333]}, "properties": {"elevation_m": 12.8, "provenance": "OBSERVED"}}, {"type": "Feature", "geometry": {"type": "Point", "coordinates": [72.86, 19.098333]}, "properties": {"elevation_m": 11.5, "provenance": "OBSERVED"}}, {"type": "Feature", "geometry": {"type": "Point", "coordinates": [72.866111, 19.098333]}, "properties": {"elevation_m": 12.1, "provenance": "OBSERVED"}}, {"type": "Feature", "geometry": {"type": "Point", "coordinates": [72.872222, 19.098333]}, "properties": {"elevation_m": 12.2, "provenance": "OBSERVED"}}, {"type": "Feature", "geometry": {"type": "Point", "coordinates": [72.878333, 19.098333]}, "properties": {"elevation_m": 6.5, "provenance": "OBSERVED"}}, {"type": "Feature", "geometry": {"type": "Point", "coordinates": [72.884444, 19.098333]}, "properties": {"elevation_m": 17.3, "provenance": "OBSERVED"}}, {"type": "Feature", "geometry": {"type": "Point", "coordinates": [72.890556, 19.098333]}, "properties": {"elevation_m": 19.5, "provenance": "OBSERVED"}}, {"type": "Feature", "geometry": {"type": "Point", "coordinates": [72.896667, 19.098333]}, "properties": {"elevation_m": 23.9, "provenance": "OBSERVED"}}, {"type": "Feature", "geometry": {"type": "Point", "coordinates": [72.902778, 19.098333]}, "properties": {"elevation_m": 41.5, "provenance": "OBSERVED"}}, {"type": "Feature", "geometry": {"type": "Point", "coordinates": [72.908889, 19.098333]}, "properties": {"elevation_m": 29.8, "provenance": "OBSERVED"}}, {"type": "Feature", "geometry": {"type": "Point", "coordinates": [72.915, 19.098333]}, "properties": {"elevation_m": 22.0, "provenance": "OBSERVED"}}, {"type": "Feature", "geometry": {"type": "Point", "coordinates": [72.921111, 19.098333]}, "properties": {"elevation_m": 13.8, "provenance": "OBSERVED"}}, {"type": "Feature", "geometry": {"type": "Point", "coordinates": [72.927222, 19.098333]}, "properties": {"elevation_m": 5.2, "provenance": "OBSERVED"}}, {"type": "Feature", "geometry": {"type": "Point", "coordinates": [72.933333, 19.098333]}, "properties": {"elevation_m": 6.7, "provenance": "OBSERVED"}}, {"type": "Feature", "geometry": {"type": "Point", "coordinates": [72.939444, 19.098333]}, "properties": {"elevation_m": 5.9, "provenance": "OBSERVED"}}, {"type": "Feature", "geometry": {"type": "Point", "coordinates": [72.945556, 19.098333]}, "properties": {"elevation_m": 5.9, "provenance": "OBSERVED"}}, {"type": "Feature", "geometry": {"type": "Point", "coordinates": [72.951667, 19.098333]}, "properties": {"elevation_m": 6.0, "provenance": "OBSERVED"}}, {"type": "Feature", "geometry": {"type": "Point", "coordinates": [72.957778, 19.098333]}, "properties": {"elevation_m": 5.0, "provenance": "OBSERVED"}}, {"type": "Feature", "geometry": {"type": "Point", "coordinates": [72.963889, 19.098333]}, "properties": {"elevation_m": 0.0, "provenance": "OBSERVED"}}, {"type": "Feature", "geometry": {"type": "Point", "coordinates": [72.97, 19.098333]}, "properties": {"elevation_m": 0.0, "provenance": "OBSERVED"}}, {"type": "Feature", "geometry": {"type": "Point", "coordinates": [72.976111, 19.098333]}, "properties": {"elevation_m": 0.0, "provenance": "OBSERVED"}}, {"type": "Feature", "geometry": {"type": "Point", "coordinates": [72.982222, 19.098333]}, "properties": {"elevation_m": 0.0, "provenance": "OBSERVED"}}, {"type": "Feature", "geometry": {"type": "Point", "coordinates": [72.988333, 19.098333]}, "properties": {"elevation_m": 3.1, "provenance": "OBSERVED"}}, {"type": "Feature", "geometry": {"type": "Point", "coordinates": [72.994444, 19.098333]}, "properties": {"elevation_m": 4.4, "provenance": "OBSERVED"}}, {"type": "Feature", "geometry": {"type": "Point", "coordinates": [73.000556, 19.098333]}, "properties": {"elevation_m": 7.0, "provenance": "OBSERVED"}}, {"type": "Feature", "geometry": {"type": "Point", "coordinates": [73.006667, 19.098333]}, "properties": {"elevation_m": 8.6, "provenance": "OBSERVED"}}, {"type": "Feature", "geometry": {"type": "Point", "coordinates": [73.012778, 19.098333]}, "properties": {"elevation_m": 15.4, "provenance": "OBSERVED"}}, {"type": "Feature", "geometry": {"type": "Point", "coordinates": [73.018889, 19.098333]}, "properties": {"elevation_m": 14.3, "provenance": "OBSERVED"}}, {"type": "Feature", "geometry": {"type": "Point", "coordinates": [73.025, 19.098333]}, "properties": {"elevation_m": 16.9, "provenance": "OBSERVED"}}, {"type": "Feature", "geometry": {"type": "Point", "coordinates": [73.031111, 19.098333]}, "properties": {"elevation_m": 21.0, "provenance": "OBSERVED"}}, {"type": "Feature", "geometry": {"type": "Point", "coordinates": [73.037222, 19.098333]}, "properties": {"elevation_m": 105.3, "provenance": "OBSERVED"}}, {"type": "Feature", "geometry": {"type": "Point", "coordinates": [73.043333, 19.098333]}, "properties": {"elevation_m": 139.6, "provenance": "OBSERVED"}}, {"type": "Feature", "geometry": {"type": "Point", "coordinates": [73.049722, 19.098333]}, "properties": {"elevation_m": 153.2, "provenance": "OBSERVED"}}, {"type": "Feature", "geometry": {"type": "Point", "coordinates": [72.75, 19.089167]}, "properties": {"elevation_m": 0.0, "provenance": "OBSERVED"}}, {"type": "Feature", "geometry": {"type": "Point", "coordinates": [72.756111, 19.089167]}, "properties": {"elevation_m": 0.0, "provenance": "OBSERVED"}}, {"type": "Feature", "geometry": {"type": "Point", "coordinates": [72.762222, 19.089167]}, "properties": {"elevation_m": 0.0, "provenance": "OBSERVED"}}, {"type": "Feature", "geometry": {"type": "Point", "coordinates": [72.768333, 19.089167]}, "properties": {"elevation_m": 0.0, "provenance": "OBSERVED"}}, {"type": "Feature", "geometry": {"type": "Point", "coordinates": [72.774444, 19.089167]}, "properties": {"elevation_m": 0.0, "provenance": "OBSERVED"}}, {"type": "Feature", "geometry": {"type": "Point", "coordinates": [72.780556, 19.089167]}, "properties": {"elevation_m": 0.0, "provenance": "OBSERVED"}}, {"type": "Feature", "geometry": {"type": "Point", "coordinates": [72.786667, 19.089167]}, "properties": {"elevation_m": 0.0, "provenance": "OBSERVED"}}, {"type": "Feature", "geometry": {"type": "Point", "coordinates": [72.792778, 19.089167]}, "properties": {"elevation_m": 0.0, "provenance": "OBSERVED"}}, {"type": "Feature", "geometry": {"type": "Point", "coordinates": [72.798889, 19.089167]}, "properties": {"elevation_m": 0.0, "provenance": "OBSERVED"}}, {"type": "Feature", "geometry": {"type": "Point", "coordinates": [72.805, 19.089167]}, "properties": {"elevation_m": 0.0, "provenance": "OBSERVED"}}, {"type": "Feature", "geometry": {"type": "Point", "coordinates": [72.811111, 19.089167]}, "properties": {"elevation_m": 0.0, "provenance": "OBSERVED"}}, {"type": "Feature", "geometry": {"type": "Point", "coordinates": [72.817222, 19.089167]}, "properties": {"elevation_m": 0.0, "provenance": "OBSERVED"}}, {"type": "Feature", "geometry": {"type": "Point", "coordinates": [72.823333, 19.089167]}, "properties": {"elevation_m": 0.0, "provenance": "OBSERVED"}}, {"type": "Feature", "geometry": {"type": "Point", "coordinates": [72.829444, 19.089167]}, "properties": {"elevation_m": 7.1, "provenance": "OBSERVED"}}, {"type": "Feature", "geometry": {"type": "Point", "coordinates": [72.835556, 19.089167]}, "properties": {"elevation_m": 5.2, "provenance": "OBSERVED"}}, {"type": "Feature", "geometry": {"type": "Point", "coordinates": [72.841667, 19.089167]}, "properties": {"elevation_m": 11.0, "provenance": "OBSERVED"}}, {"type": "Feature", "geometry": {"type": "Point", "coordinates": [72.847778, 19.089167]}, "properties": {"elevation_m": 6.0, "provenance": "OBSERVED"}}, {"type": "Feature", "geometry": {"type": "Point", "coordinates": [72.853889, 19.089167]}, "properties": {"elevation_m": 6.0, "provenance": "OBSERVED"}}, {"type": "Feature", "geometry": {"type": "Point", "coordinates": [72.86, 19.089167]}, "properties": {"elevation_m": 6.1, "provenance": "OBSERVED"}}, {"type": "Feature", "geometry": {"type": "Point", "coordinates": [72.866111, 19.089167]}, "properties": {"elevation_m": 6.3, "provenance": "OBSERVED"}}, {"type": "Feature", "geometry": {"type": "Point", "coordinates": [72.872222, 19.089167]}, "properties": {"elevation_m": 6.1, "provenance": "OBSERVED"}}, {"type": "Feature", "geometry": {"type": "Point", "coordinates": [72.878333, 19.089167]}, "properties": {"elevation_m": 7.0, "provenance": "OBSERVED"}}, {"type": "Feature", "geometry": {"type": "Point", "coordinates": [72.884444, 19.089167]}, "properties": {"elevation_m": 10.7, "provenance": "OBSERVED"}}, {"type": "Feature", "geometry": {"type": "Point", "coordinates": [72.890556, 19.089167]}, "properties": {"elevation_m": 27.9, "provenance": "OBSERVED"}}, {"type": "Feature", "geometry": {"type": "Point", "coordinates": [72.896667, 19.089167]}, "properties": {"elevation_m": 17.6, "provenance": "OBSERVED"}}, {"type": "Feature", "geometry": {"type": "Point", "coordinates": [72.902778, 19.089167]}, "properties": {"elevation_m": 22.1, "provenance": "OBSERVED"}}, {"type": "Feature", "geometry": {"type": "Point", "coordinates": [72.908889, 19.089167]}, "properties": {"elevation_m": 17.7, "provenance": "OBSERVED"}}, {"type": "Feature", "geometry": {"type": "Point", "coordinates": [72.915, 19.089167]}, "properties": {"elevation_m": 11.9, "provenance": "OBSERVED"}}, {"type": "Feature", "geometry": {"type": "Point", "coordinates": [72.921111, 19.089167]}, "properties": {"elevation_m": 5.1, "provenance": "OBSERVED"}}, {"type": "Feature", "geometry": {"type": "Point", "coordinates": [72.927222, 19.089167]}, "properties": {"elevation_m": 6.0, "provenance": "OBSERVED"}}, {"type": "Feature", "geometry": {"type": "Point", "coordinates": [72.933333, 19.089167]}, "properties": {"elevation_m": 5.0, "provenance": "OBSERVED"}}, {"type": "Feature", "geometry": {"type": "Point", "coordinates": [72.939444, 19.089167]}, "properties": {"elevation_m": 5.0, "provenance": "OBSERVED"}}, {"type": "Feature", "geometry": {"type": "Point", "coordinates": [72.945556, 19.089167]}, "properties": {"elevation_m": 5.0, "provenance": "OBSERVED"}}, {"type": "Feature", "geometry": {"type": "Point", "coordinates": [72.951667, 19.089167]}, "properties": {"elevation_m": 6.8, "provenance": "OBSERVED"}}, {"type": "Feature", "geometry": {"type": "Point", "coordinates": [72.957778, 19.089167]}, "properties": {"elevation_m": 0.0, "provenance": "OBSERVED"}}, {"type": "Feature", "geometry": {"type": "Point", "coordinates": [72.963889, 19.089167]}, "properties": {"elevation_m": 0.0, "provenance": "OBSERVED"}}, {"type": "Feature", "geometry": {"type": "Point", "coordinates": [72.97, 19.089167]}, "properties": {"elevation_m": 0.0, "provenance": "OBSERVED"}}, {"type": "Feature", "geometry": {"type": "Point", "coordinates": [72.976111, 19.089167]}, "properties": {"elevation_m": 0.0, "provenance": "OBSERVED"}}, {"type": "Feature", "geometry": {"type": "Point", "coordinates": [72.982222, 19.089167]}, "properties": {"elevation_m": 0.0, "provenance": "OBSERVED"}}, {"type": "Feature", "geometry": {"type": "Point", "coordinates": [72.988333, 19.089167]}, "properties": {"elevation_m": 4.4, "provenance": "OBSERVED"}}, {"type": "Feature", "geometry": {"type": "Point", "coordinates": [72.994444, 19.089167]}, "properties": {"elevation_m": 4.8, "provenance": "OBSERVED"}}, {"type": "Feature", "geometry": {"type": "Point", "coordinates": [73.000556, 19.089167]}, "properties": {"elevation_m": 5.9, "provenance": "OBSERVED"}}, {"type": "Feature", "geometry": {"type": "Point", "coordinates": [73.006667, 19.089167]}, "properties": {"elevation_m": 11.9, "provenance": "OBSERVED"}}, {"type": "Feature", "geometry": {"type": "Point", "coordinates": [73.012778, 19.089167]}, "properties": {"elevation_m": 6.9, "provenance": "OBSERVED"}}, {"type": "Feature", "geometry": {"type": "Point", "coordinates": [73.018889, 19.089167]}, "properties": {"elevation_m": 13.3, "provenance": "OBSERVED"}}, {"type": "Feature", "geometry": {"type": "Point", "coordinates": [73.025, 19.089167]}, "properties": {"elevation_m": 12.2, "provenance": "OBSERVED"}}, {"type": "Feature", "geometry": {"type": "Point", "coordinates": [73.031111, 19.089167]}, "properties": {"elevation_m": 22.1, "provenance": "OBSERVED"}}, {"type": "Feature", "geometry": {"type": "Point", "coordinates": [73.037222, 19.089167]}, "properties": {"elevation_m": 72.5, "provenance": "OBSERVED"}}, {"type": "Feature", "geometry": {"type": "Point", "coordinates": [73.043333, 19.089167]}, "properties": {"elevation_m": 229.8, "provenance": "OBSERVED"}}, {"type": "Feature", "geometry": {"type": "Point", "coordinates": [73.049722, 19.089167]}, "properties": {"elevation_m": 273.9, "provenance": "OBSERVED"}}, {"type": "Feature", "geometry": {"type": "Point", "coordinates": [72.75, 19.08]}, "properties": {"elevation_m": 0.0, "provenance": "OBSERVED"}}, {"type": "Feature", "geometry": {"type": "Point", "coordinates": [72.756111, 19.08]}, "properties": {"elevation_m": 0.0, "provenance": "OBSERVED"}}, {"type": "Feature", "geometry": {"type": "Point", "coordinates": [72.762222, 19.08]}, "properties": {"elevation_m": 0.0, "provenance": "OBSERVED"}}, {"type": "Feature", "geometry": {"type": "Point", "coordinates": [72.768333, 19.08]}, "properties": {"elevation_m": 0.0, "provenance": "OBSERVED"}}, {"type": "Feature", "geometry": {"type": "Point", "coordinates": [72.774444, 19.08]}, "properties": {"elevation_m": 0.0, "provenance": "OBSERVED"}}, {"type": "Feature", "geometry": {"type": "Point", "coordinates": [72.780556, 19.08]}, "properties": {"elevation_m": 0.0, "provenance": "OBSERVED"}}, {"type": "Feature", "geometry": {"type": "Point", "coordinates": [72.786667, 19.08]}, "properties": {"elevation_m": 0.0, "provenance": "OBSERVED"}}, {"type": "Feature", "geometry": {"type": "Point", "coordinates": [72.792778, 19.08]}, "properties": {"elevation_m": 0.0, "provenance": "OBSERVED"}}, {"type": "Feature", "geometry": {"type": "Point", "coordinates": [72.798889, 19.08]}, "properties": {"elevation_m": 0.0, "provenance": "OBSERVED"}}, {"type": "Feature", "geometry": {"type": "Point", "coordinates": [72.805, 19.08]}, "properties": {"elevation_m": 0.0, "provenance": "OBSERVED"}}, {"type": "Feature", "geometry": {"type": "Point", "coordinates": [72.811111, 19.08]}, "properties": {"elevation_m": 0.0, "provenance": "OBSERVED"}}, {"type": "Feature", "geometry": {"type": "Point", "coordinates": [72.817222, 19.08]}, "properties": {"elevation_m": 0.0, "provenance": "OBSERVED"}}, {"type": "Feature", "geometry": {"type": "Point", "coordinates": [72.823333, 19.08]}, "properties": {"elevation_m": 0.0, "provenance": "OBSERVED"}}, {"type": "Feature", "geometry": {"type": "Point", "coordinates": [72.829444, 19.08]}, "properties": {"elevation_m": 6.8, "provenance": "OBSERVED"}}, {"type": "Feature", "geometry": {"type": "Point", "coordinates": [72.835556, 19.08]}, "properties": {"elevation_m": 15.9, "provenance": "OBSERVED"}}, {"type": "Feature", "geometry": {"type": "Point", "coordinates": [72.841667, 19.08]}, "properties": {"elevation_m": 9.4, "provenance": "OBSERVED"}}, {"type": "Feature", "geometry": {"type": "Point", "coordinates": [72.847778, 19.08]}, "properties": {"elevation_m": 8.7, "provenance": "OBSERVED"}}, {"type": "Feature", "geometry": {"type": "Point", "coordinates": [72.853889, 19.08]}, "properties": {"elevation_m": 13.0, "provenance": "OBSERVED"}}, {"type": "Feature", "geometry": {"type": "Point", "coordinates": [72.86, 19.08]}, "properties": {"elevation_m": 22.6, "provenance": "OBSERVED"}}, {"type": "Feature", "geometry": {"type": "Point", "coordinates": [72.866111, 19.08]}, "properties": {"elevation_m": 9.9, "provenance": "OBSERVED"}}, {"type": "Feature", "geometry": {"type": "Point", "coordinates": [72.872222, 19.08]}, "properties": {"elevation_m": 9.2, "provenance": "OBSERVED"}}, {"type": "Feature", "geometry": {"type": "Point", "coordinates": [72.878333, 19.08]}, "properties": {"elevation_m": 5.8, "provenance": "OBSERVED"}}, {"type": "Feature", "geometry": {"type": "Point", "coordinates": [72.884444, 19.08]}, "properties": {"elevation_m": 12.1, "provenance": "OBSERVED"}}, {"type": "Feature", "geometry": {"type": "Point", "coordinates": [72.890556, 19.08]}, "properties": {"elevation_m": 11.4, "provenance": "OBSERVED"}}, {"type": "Feature", "geometry": {"type": "Point", "coordinates": [72.896667, 19.08]}, "properties": {"elevation_m": 9.2, "provenance": "OBSERVED"}}, {"type": "Feature", "geometry": {"type": "Point", "coordinates": [72.902778, 19.08]}, "properties": {"elevation_m": 14.7, "provenance": "OBSERVED"}}, {"type": "Feature", "geometry": {"type": "Point", "coordinates": [72.908889, 19.08]}, "properties": {"elevation_m": 15.2, "provenance": "OBSERVED"}}, {"type": "Feature", "geometry": {"type": "Point", "coordinates": [72.915, 19.08]}, "properties": {"elevation_m": 9.8, "provenance": "OBSERVED"}}, {"type": "Feature", "geometry": {"type": "Point", "coordinates": [72.921111, 19.08]}, "properties": {"elevation_m": 6.0, "provenance": "OBSERVED"}}, {"type": "Feature", "geometry": {"type": "Point", "coordinates": [72.927222, 19.08]}, "properties": {"elevation_m": 9.8, "provenance": "OBSERVED"}}, {"type": "Feature", "geometry": {"type": "Point", "coordinates": [72.933333, 19.08]}, "properties": {"elevation_m": 4.1, "provenance": "OBSERVED"}}, {"type": "Feature", "geometry": {"type": "Point", "coordinates": [72.939444, 19.08]}, "properties": {"elevation_m": 3.4, "provenance": "OBSERVED"}}, {"type": "Feature", "geometry": {"type": "Point", "coordinates": [72.945556, 19.08]}, "properties": {"elevation_m": 4.5, "provenance": "OBSERVED"}}, {"type": "Feature", "geometry": {"type": "Point", "coordinates": [72.951667, 19.08]}, "properties": {"elevation_m": 5.0, "provenance": "OBSERVED"}}, {"type": "Feature", "geometry": {"type": "Point", "coordinates": [72.957778, 19.08]}, "properties": {"elevation_m": 0.0, "provenance": "OBSERVED"}}, {"type": "Feature", "geometry": {"type": "Point", "coordinates": [72.963889, 19.08]}, "properties": {"elevation_m": 0.0, "provenance": "OBSERVED"}}, {"type": "Feature", "geometry": {"type": "Point", "coordinates": [72.97, 19.08]}, "properties": {"elevation_m": 0.0, "provenance": "OBSERVED"}}, {"type": "Feature", "geometry": {"type": "Point", "coordinates": [72.976111, 19.08]}, "properties": {"elevation_m": 0.0, "provenance": "OBSERVED"}}, {"type": "Feature", "geometry": {"type": "Point", "coordinates": [72.982222, 19.08]}, "properties": {"elevation_m": 0.0, "provenance": "OBSERVED"}}, {"type": "Feature", "geometry": {"type": "Point", "coordinates": [72.988333, 19.08]}, "properties": {"elevation_m": 4.8, "provenance": "OBSERVED"}}, {"type": "Feature", "geometry": {"type": "Point", "coordinates": [72.994444, 19.08]}, "properties": {"elevation_m": 7.5, "provenance": "OBSERVED"}}, {"type": "Feature", "geometry": {"type": "Point", "coordinates": [73.000556, 19.08]}, "properties": {"elevation_m": 7.6, "provenance": "OBSERVED"}}, {"type": "Feature", "geometry": {"type": "Point", "coordinates": [73.006667, 19.08]}, "properties": {"elevation_m": 6.6, "provenance": "OBSERVED"}}, {"type": "Feature", "geometry": {"type": "Point", "coordinates": [73.012778, 19.08]}, "properties": {"elevation_m": 5.5, "provenance": "OBSERVED"}}, {"type": "Feature", "geometry": {"type": "Point", "coordinates": [73.018889, 19.08]}, "properties": {"elevation_m": 11.2, "provenance": "OBSERVED"}}, {"type": "Feature", "geometry": {"type": "Point", "coordinates": [73.025, 19.08]}, "properties": {"elevation_m": 18.2, "provenance": "OBSERVED"}}, {"type": "Feature", "geometry": {"type": "Point", "coordinates": [73.031111, 19.08]}, "properties": {"elevation_m": 35.8, "provenance": "OBSERVED"}}, {"type": "Feature", "geometry": {"type": "Point", "coordinates": [73.037222, 19.08]}, "properties": {"elevation_m": 178.4, "provenance": "OBSERVED"}}, {"type": "Feature", "geometry": {"type": "Point", "coordinates": [73.043333, 19.08]}, "properties": {"elevation_m": 341.5, "provenance": "OBSERVED"}}, {"type": "Feature", "geometry": {"type": "Point", "coordinates": [73.049722, 19.08]}, "properties": {"elevation_m": 268.9, "provenance": "OBSERVED"}}, {"type": "Feature", "geometry": {"type": "Point", "coordinates": [72.75, 19.070556]}, "properties": {"elevation_m": 0.0, "provenance": "OBSERVED"}}, {"type": "Feature", "geometry": {"type": "Point", "coordinates": [72.756111, 19.070556]}, "properties": {"elevation_m": 0.0, "provenance": "OBSERVED"}}, {"type": "Feature", "geometry": {"type": "Point", "coordinates": [72.762222, 19.070556]}, "properties": {"elevation_m": 0.0, "provenance": "OBSERVED"}}, {"type": "Feature", "geometry": {"type": "Point", "coordinates": [72.768333, 19.070556]}, "properties": {"elevation_m": 0.0, "provenance": "OBSERVED"}}, {"type": "Feature", "geometry": {"type": "Point", "coordinates": [72.774444, 19.070556]}, "properties": {"elevation_m": 0.0, "provenance": "OBSERVED"}}, {"type": "Feature", "geometry": {"type": "Point", "coordinates": [72.780556, 19.070556]}, "properties": {"elevation_m": 0.0, "provenance": "OBSERVED"}}, {"type": "Feature", "geometry": {"type": "Point", "coordinates": [72.786667, 19.070556]}, "properties": {"elevation_m": 0.0, "provenance": "OBSERVED"}}, {"type": "Feature", "geometry": {"type": "Point", "coordinates": [72.792778, 19.070556]}, "properties": {"elevation_m": 0.0, "provenance": "OBSERVED"}}, {"type": "Feature", "geometry": {"type": "Point", "coordinates": [72.798889, 19.070556]}, "properties": {"elevation_m": 0.0, "provenance": "OBSERVED"}}, {"type": "Feature", "geometry": {"type": "Point", "coordinates": [72.805, 19.070556]}, "properties": {"elevation_m": 0.0, "provenance": "OBSERVED"}}, {"type": "Feature", "geometry": {"type": "Point", "coordinates": [72.811111, 19.070556]}, "properties": {"elevation_m": 0.0, "provenance": "OBSERVED"}}, {"type": "Feature", "geometry": {"type": "Point", "coordinates": [72.817222, 19.070556]}, "properties": {"elevation_m": 0.0, "provenance": "OBSERVED"}}, {"type": "Feature", "geometry": {"type": "Point", "coordinates": [72.823333, 19.070556]}, "properties": {"elevation_m": 8.6, "provenance": "OBSERVED"}}, {"type": "Feature", "geometry": {"type": "Point", "coordinates": [72.829444, 19.070556]}, "properties": {"elevation_m": 15.1, "provenance": "OBSERVED"}}, {"type": "Feature", "geometry": {"type": "Point", "coordinates": [72.835556, 19.070556]}, "properties": {"elevation_m": 18.4, "provenance": "OBSERVED"}}, {"type": "Feature", "geometry": {"type": "Point", "coordinates": [72.841667, 19.070556]}, "properties": {"elevation_m": 8.0, "provenance": "OBSERVED"}}, {"type": "Feature", "geometry": {"type": "Point", "coordinates": [72.847778, 19.070556]}, "properties": {"elevation_m": 7.8, "provenance": "OBSERVED"}}, {"type": "Feature", "geometry": {"type": "Point", "coordinates": [72.853889, 19.070556]}, "properties": {"elevation_m": 2.3, "provenance": "OBSERVED"}}, {"type": "Feature", "geometry": {"type": "Point", "coordinates": [72.86, 19.070556]}, "properties": {"elevation_m": 7.8, "provenance": "OBSERVED"}}, {"type": "Feature", "geometry": {"type": "Point", "coordinates": [72.866111, 19.070556]}, "properties": {"elevation_m": 5.4, "provenance": "OBSERVED"}}, {"type": "Feature", "geometry": {"type": "Point", "coordinates": [72.872222, 19.070556]}, "properties": {"elevation_m": 6.8, "provenance": "OBSERVED"}}, {"type": "Feature", "geometry": {"type": "Point", "coordinates": [72.878333, 19.070556]}, "properties": {"elevation_m": 10.0, "provenance": "OBSERVED"}}, {"type": "Feature", "geometry": {"type": "Point", "coordinates": [72.884444, 19.070556]}, "properties": {"elevation_m": 8.5, "provenance": "OBSERVED"}}, {"type": "Feature", "geometry": {"type": "Point", "coordinates": [72.890556, 19.070556]}, "properties": {"elevation_m": 6.6, "provenance": "OBSERVED"}}, {"type": "Feature", "geometry": {"type": "Point", "coordinates": [72.896667, 19.070556]}, "properties": {"elevation_m": 11.3, "provenance": "OBSERVED"}}, {"type": "Feature", "geometry": {"type": "Point", "coordinates": [72.902778, 19.070556]}, "properties": {"elevation_m": 8.4, "provenance": "OBSERVED"}}, {"type": "Feature", "geometry": {"type": "Point", "coordinates": [72.908889, 19.070556]}, "properties": {"elevation_m": 5.1, "provenance": "OBSERVED"}}, {"type": "Feature", "geometry": {"type": "Point", "coordinates": [72.915, 19.070556]}, "properties": {"elevation_m": 5.9, "provenance": "OBSERVED"}}, {"type": "Feature", "geometry": {"type": "Point", "coordinates": [72.921111, 19.070556]}, "properties": {"elevation_m": 6.1, "provenance": "OBSERVED"}}, {"type": "Feature", "geometry": {"type": "Point", "coordinates": [72.927222, 19.070556]}, "properties": {"elevation_m": 32.0, "provenance": "OBSERVED"}}, {"type": "Feature", "geometry": {"type": "Point", "coordinates": [72.933333, 19.070556]}, "properties": {"elevation_m": 6.1, "provenance": "OBSERVED"}}, {"type": "Feature", "geometry": {"type": "Point", "coordinates": [72.939444, 19.070556]}, "properties": {"elevation_m": 3.3, "provenance": "OBSERVED"}}, {"type": "Feature", "geometry": {"type": "Point", "coordinates": [72.945556, 19.070556]}, "properties": {"elevation_m": 3.3, "provenance": "OBSERVED"}}, {"type": "Feature", "geometry": {"type": "Point", "coordinates": [72.951667, 19.070556]}, "properties": {"elevation_m": 4.1, "provenance": "OBSERVED"}}, {"type": "Feature", "geometry": {"type": "Point", "coordinates": [72.957778, 19.070556]}, "properties": {"elevation_m": 5.9, "provenance": "OBSERVED"}}, {"type": "Feature", "geometry": {"type": "Point", "coordinates": [72.963889, 19.070556]}, "properties": {"elevation_m": 0.0, "provenance": "OBSERVED"}}, {"type": "Feature", "geometry": {"type": "Point", "coordinates": [72.97, 19.070556]}, "properties": {"elevation_m": 0.0, "provenance": "OBSERVED"}}, {"type": "Feature", "geometry": {"type": "Point", "coordinates": [72.976111, 19.070556]}, "properties": {"elevation_m": 0.0, "provenance": "OBSERVED"}}, {"type": "Feature", "geometry": {"type": "Point", "coordinates": [72.982222, 19.070556]}, "properties": {"elevation_m": 0.0, "provenance": "OBSERVED"}}, {"type": "Feature", "geometry": {"type": "Point", "coordinates": [72.988333, 19.070556]}, "properties": {"elevation_m": 5.1, "provenance": "OBSERVED"}}, {"type": "Feature", "geometry": {"type": "Point", "coordinates": [72.994444, 19.070556]}, "properties": {"elevation_m": 6.3, "provenance": "OBSERVED"}}, {"type": "Feature", "geometry": {"type": "Point", "coordinates": [73.000556, 19.070556]}, "properties": {"elevation_m": 9.9, "provenance": "OBSERVED"}}, {"type": "Feature", "geometry": {"type": "Point", "coordinates": [73.006667, 19.070556]}, "properties": {"elevation_m": 5.5, "provenance": "OBSERVED"}}, {"type": "Feature", "geometry": {"type": "Point", "coordinates": [73.012778, 19.070556]}, "properties": {"elevation_m": 10.2, "provenance": "OBSERVED"}}, {"type": "Feature", "geometry": {"type": "Point", "coordinates": [73.018889, 19.070556]}, "properties": {"elevation_m": 10.7, "provenance": "OBSERVED"}}, {"type": "Feature", "geometry": {"type": "Point", "coordinates": [73.025, 19.070556]}, "properties": {"elevation_m": 25.1, "provenance": "OBSERVED"}}, {"type": "Feature", "geometry": {"type": "Point", "coordinates": [73.031111, 19.070556]}, "properties": {"elevation_m": 30.9, "provenance": "OBSERVED"}}, {"type": "Feature", "geometry": {"type": "Point", "coordinates": [73.037222, 19.070556]}, "properties": {"elevation_m": 164.5, "provenance": "OBSERVED"}}, {"type": "Feature", "geometry": {"type": "Point", "coordinates": [73.043333, 19.070556]}, "properties": {"elevation_m": 299.6, "provenance": "OBSERVED"}}, {"type": "Feature", "geometry": {"type": "Point", "coordinates": [73.049722, 19.070556]}, "properties": {"elevation_m": 250.1, "provenance": "OBSERVED"}}, {"type": "Feature", "geometry": {"type": "Point", "coordinates": [72.75, 19.061389]}, "properties": {"elevation_m": 0.0, "provenance": "OBSERVED"}}, {"type": "Feature", "geometry": {"type": "Point", "coordinates": [72.756111, 19.061389]}, "properties": {"elevation_m": 0.0, "provenance": "OBSERVED"}}, {"type": "Feature", "geometry": {"type": "Point", "coordinates": [72.762222, 19.061389]}, "properties": {"elevation_m": 0.0, "provenance": "OBSERVED"}}, {"type": "Feature", "geometry": {"type": "Point", "coordinates": [72.768333, 19.061389]}, "properties": {"elevation_m": 0.0, "provenance": "OBSERVED"}}, {"type": "Feature", "geometry": {"type": "Point", "coordinates": [72.774444, 19.061389]}, "properties": {"elevation_m": 0.0, "provenance": "OBSERVED"}}, {"type": "Feature", "geometry": {"type": "Point", "coordinates": [72.780556, 19.061389]}, "properties": {"elevation_m": 0.0, "provenance": "OBSERVED"}}, {"type": "Feature", "geometry": {"type": "Point", "coordinates": [72.786667, 19.061389]}, "properties": {"elevation_m": 0.0, "provenance": "OBSERVED"}}, {"type": "Feature", "geometry": {"type": "Point", "coordinates": [72.792778, 19.061389]}, "properties": {"elevation_m": 0.0, "provenance": "OBSERVED"}}, {"type": "Feature", "geometry": {"type": "Point", "coordinates": [72.798889, 19.061389]}, "properties": {"elevation_m": 0.0, "provenance": "OBSERVED"}}, {"type": "Feature", "geometry": {"type": "Point", "coordinates": [72.805, 19.061389]}, "properties": {"elevation_m": 0.0, "provenance": "OBSERVED"}}, {"type": "Feature", "geometry": {"type": "Point", "coordinates": [72.811111, 19.061389]}, "properties": {"elevation_m": 0.0, "provenance": "OBSERVED"}}, {"type": "Feature", "geometry": {"type": "Point", "coordinates": [72.817222, 19.061389]}, "properties": {"elevation_m": 0.0, "provenance": "OBSERVED"}}, {"type": "Feature", "geometry": {"type": "Point", "coordinates": [72.823333, 19.061389]}, "properties": {"elevation_m": 17.2, "provenance": "OBSERVED"}}, {"type": "Feature", "geometry": {"type": "Point", "coordinates": [72.829444, 19.061389]}, "properties": {"elevation_m": 21.2, "provenance": "OBSERVED"}}, {"type": "Feature", "geometry": {"type": "Point", "coordinates": [72.835556, 19.061389]}, "properties": {"elevation_m": 12.8, "provenance": "OBSERVED"}}, {"type": "Feature", "geometry": {"type": "Point", "coordinates": [72.841667, 19.061389]}, "properties": {"elevation_m": 6.5, "provenance": "OBSERVED"}}, {"type": "Feature", "geometry": {"type": "Point", "coordinates": [72.847778, 19.061389]}, "properties": {"elevation_m": 9.3, "provenance": "OBSERVED"}}, {"type": "Feature", "geometry": {"type": "Point", "coordinates": [72.853889, 19.061389]}, "properties": {"elevation_m": 3.9, "provenance": "OBSERVED"}}, {"type": "Feature", "geometry": {"type": "Point", "coordinates": [72.86, 19.061389]}, "properties": {"elevation_m": 5.9, "provenance": "OBSERVED"}}, {"type": "Feature", "geometry": {"type": "Point", "coordinates": [72.866111, 19.061389]}, "properties": {"elevation_m": 4.7, "provenance": "OBSERVED"}}, {"type": "Feature", "geometry": {"type": "Point", "coordinates": [72.872222, 19.061389]}, "properties": {"elevation_m": 6.0, "provenance": "OBSERVED"}}, {"type": "Feature", "geometry": {"type": "Point", "coordinates": [72.878333, 19.061389]}, "properties": {"elevation_m": 10.8, "provenance": "OBSERVED"}}, {"type": "Feature", "geometry": {"type": "Point", "coordinates": [72.884444, 19.061389]}, "properties": {"elevation_m": 7.9, "provenance": "OBSERVED"}}, {"type": "Feature", "geometry": {"type": "Point", "coordinates": [72.890556, 19.061389]}, "properties": {"elevation_m": 11.0, "provenance": "OBSERVED"}}, {"type": "Feature", "geometry": {"type": "Point", "coordinates": [72.896667, 19.061389]}, "properties": {"elevation_m": 11.3, "provenance": "OBSERVED"}}, {"type": "Feature", "geometry": {"type": "Point", "coordinates": [72.902778, 19.061389]}, "properties": {"elevation_m": 8.6, "provenance": "OBSERVED"}}, {"type": "Feature", "geometry": {"type": "Point", "coordinates": [72.908889, 19.061389]}, "properties": {"elevation_m": 12.8, "provenance": "OBSERVED"}}, {"type": "Feature", "geometry": {"type": "Point", "coordinates": [72.915, 19.061389]}, "properties": {"elevation_m": 5.6, "provenance": "OBSERVED"}}, {"type": "Feature", "geometry": {"type": "Point", "coordinates": [72.921111, 19.061389]}, "properties": {"elevation_m": 10.7, "provenance": "OBSERVED"}}, {"type": "Feature", "geometry": {"type": "Point", "coordinates": [72.927222, 19.061389]}, "properties": {"elevation_m": 11.6, "provenance": "OBSERVED"}}, {"type": "Feature", "geometry": {"type": "Point", "coordinates": [72.933333, 19.061389]}, "properties": {"elevation_m": 8.3, "provenance": "OBSERVED"}}, {"type": "Feature", "geometry": {"type": "Point", "coordinates": [72.939444, 19.061389]}, "properties": {"elevation_m": 6.5, "provenance": "OBSERVED"}}, {"type": "Feature", "geometry": {"type": "Point", "coordinates": [72.945556, 19.061389]}, "properties": {"elevation_m": 4.0, "provenance": "OBSERVED"}}, {"type": "Feature", "geometry": {"type": "Point", "coordinates": [72.951667, 19.061389]}, "properties": {"elevation_m": 4.2, "provenance": "OBSERVED"}}, {"type": "Feature", "geometry": {"type": "Point", "coordinates": [72.957778, 19.061389]}, "properties": {"elevation_m": 3.6, "provenance": "OBSERVED"}}, {"type": "Feature", "geometry": {"type": "Point", "coordinates": [72.963889, 19.061389]}, "properties": {"elevation_m": 0.0, "provenance": "OBSERVED"}}, {"type": "Feature", "geometry": {"type": "Point", "coordinates": [72.97, 19.061389]}, "properties": {"elevation_m": 0.0, "provenance": "OBSERVED"}}, {"type": "Feature", "geometry": {"type": "Point", "coordinates": [72.976111, 19.061389]}, "properties": {"elevation_m": 0.0, "provenance": "OBSERVED"}}, {"type": "Feature", "geometry": {"type": "Point", "coordinates": [72.982222, 19.061389]}, "properties": {"elevation_m": 0.0, "provenance": "OBSERVED"}}, {"type": "Feature", "geometry": {"type": "Point", "coordinates": [72.988333, 19.061389]}, "properties": {"elevation_m": 6.1, "provenance": "OBSERVED"}}, {"type": "Feature", "geometry": {"type": "Point", "coordinates": [72.994444, 19.061389]}, "properties": {"elevation_m": 5.7, "provenance": "OBSERVED"}}, {"type": "Feature", "geometry": {"type": "Point", "coordinates": [73.000556, 19.061389]}, "properties": {"elevation_m": 4.7, "provenance": "OBSERVED"}}, {"type": "Feature", "geometry": {"type": "Point", "coordinates": [73.006667, 19.061389]}, "properties": {"elevation_m": 5.8, "provenance": "OBSERVED"}}, {"type": "Feature", "geometry": {"type": "Point", "coordinates": [73.012778, 19.061389]}, "properties": {"elevation_m": 11.3, "provenance": "OBSERVED"}}, {"type": "Feature", "geometry": {"type": "Point", "coordinates": [73.018889, 19.061389]}, "properties": {"elevation_m": 7.6, "provenance": "OBSERVED"}}, {"type": "Feature", "geometry": {"type": "Point", "coordinates": [73.025, 19.061389]}, "properties": {"elevation_m": 15.1, "provenance": "OBSERVED"}}, {"type": "Feature", "geometry": {"type": "Point", "coordinates": [73.031111, 19.061389]}, "properties": {"elevation_m": 24.2, "provenance": "OBSERVED"}}, {"type": "Feature", "geometry": {"type": "Point", "coordinates": [73.037222, 19.061389]}, "properties": {"elevation_m": 167.1, "provenance": "OBSERVED"}}, {"type": "Feature", "geometry": {"type": "Point", "coordinates": [73.043333, 19.061389]}, "properties": {"elevation_m": 248.5, "provenance": "OBSERVED"}}, {"type": "Feature", "geometry": {"type": "Point", "coordinates": [73.049722, 19.061389]}, "properties": {"elevation_m": 183.4, "provenance": "OBSERVED"}}, {"type": "Feature", "geometry": {"type": "Point", "coordinates": [72.75, 19.052222]}, "properties": {"elevation_m": 0.0, "provenance": "OBSERVED"}}, {"type": "Feature", "geometry": {"type": "Point", "coordinates": [72.756111, 19.052222]}, "properties": {"elevation_m": 0.0, "provenance": "OBSERVED"}}, {"type": "Feature", "geometry": {"type": "Point", "coordinates": [72.762222, 19.052222]}, "properties": {"elevation_m": 0.0, "provenance": "OBSERVED"}}, {"type": "Feature", "geometry": {"type": "Point", "coordinates": [72.768333, 19.052222]}, "properties": {"elevation_m": 0.0, "provenance": "OBSERVED"}}, {"type": "Feature", "geometry": {"type": "Point", "coordinates": [72.774444, 19.052222]}, "properties": {"elevation_m": 0.0, "provenance": "OBSERVED"}}, {"type": "Feature", "geometry": {"type": "Point", "coordinates": [72.780556, 19.052222]}, "properties": {"elevation_m": 0.0, "provenance": "OBSERVED"}}, {"type": "Feature", "geometry": {"type": "Point", "coordinates": [72.786667, 19.052222]}, "properties": {"elevation_m": 0.0, "provenance": "OBSERVED"}}, {"type": "Feature", "geometry": {"type": "Point", "coordinates": [72.792778, 19.052222]}, "properties": {"elevation_m": 0.0, "provenance": "OBSERVED"}}, {"type": "Feature", "geometry": {"type": "Point", "coordinates": [72.798889, 19.052222]}, "properties": {"elevation_m": 0.0, "provenance": "OBSERVED"}}, {"type": "Feature", "geometry": {"type": "Point", "coordinates": [72.805, 19.052222]}, "properties": {"elevation_m": 0.0, "provenance": "OBSERVED"}}, {"type": "Feature", "geometry": {"type": "Point", "coordinates": [72.811111, 19.052222]}, "properties": {"elevation_m": 0.0, "provenance": "OBSERVED"}}, {"type": "Feature", "geometry": {"type": "Point", "coordinates": [72.817222, 19.052222]}, "properties": {"elevation_m": 0.0, "provenance": "OBSERVED"}}, {"type": "Feature", "geometry": {"type": "Point", "coordinates": [72.823333, 19.052222]}, "properties": {"elevation_m": 12.7, "provenance": "OBSERVED"}}, {"type": "Feature", "geometry": {"type": "Point", "coordinates": [72.829444, 19.052222]}, "properties": {"elevation_m": 10.7, "provenance": "OBSERVED"}}, {"type": "Feature", "geometry": {"type": "Point", "coordinates": [72.835556, 19.052222]}, "properties": {"elevation_m": 6.5, "provenance": "OBSERVED"}}, {"type": "Feature", "geometry": {"type": "Point", "coordinates": [72.841667, 19.052222]}, "properties": {"elevation_m": 5.2, "provenance": "OBSERVED"}}, {"type": "Feature", "geometry": {"type": "Point", "coordinates": [72.847778, 19.052222]}, "properties": {"elevation_m": 6.3, "provenance": "OBSERVED"}}, {"type": "Feature", "geometry": {"type": "Point", "coordinates": [72.853889, 19.052222]}, "properties": {"elevation_m": 6.6, "provenance": "OBSERVED"}}, {"type": "Feature", "geometry": {"type": "Point", "coordinates": [72.86, 19.052222]}, "properties": {"elevation_m": 11.8, "provenance": "OBSERVED"}}, {"type": "Feature", "geometry": {"type": "Point", "coordinates": [72.866111, 19.052222]}, "properties": {"elevation_m": 8.0, "provenance": "OBSERVED"}}, {"type": "Feature", "geometry": {"type": "Point", "coordinates": [72.872222, 19.052222]}, "properties": {"elevation_m": 12.1, "provenance": "OBSERVED"}}, {"type": "Feature", "geometry": {"type": "Point", "coordinates": [72.878333, 19.052222]}, "properties": {"elevation_m": 6.2, "provenance": "OBSERVED"}}, {"type": "Feature", "geometry": {"type": "Point", "coordinates": [72.884444, 19.052222]}, "properties": {"elevation_m": 7.3, "provenance": "OBSERVED"}}, {"type": "Feature", "geometry": {"type": "Point", "coordinates": [72.890556, 19.052222]}, "properties": {"elevation_m": 12.0, "provenance": "OBSERVED"}}, {"type": "Feature", "geometry": {"type": "Point", "coordinates": [72.896667, 19.052222]}, "properties": {"elevation_m": 15.6, "provenance": "OBSERVED"}}, {"type": "Feature", "geometry": {"type": "Point", "coordinates": [72.902778, 19.052222]}, "properties": {"elevation_m": 14.8, "provenance": "OBSERVED"}}, {"type": "Feature", "geometry": {"type": "Point", "coordinates": [72.908889, 19.052222]}, "properties": {"elevation_m": 14.1, "provenance": "OBSERVED"}}, {"type": "Feature", "geometry": {"type": "Point", "coordinates": [72.915, 19.052222]}, "properties": {"elevation_m": 13.0, "provenance": "OBSERVED"}}, {"type": "Feature", "geometry": {"type": "Point", "coordinates": [72.921111, 19.052222]}, "properties": {"elevation_m": 8.3, "provenance": "OBSERVED"}}, {"type": "Feature", "geometry": {"type": "Point", "coordinates": [72.927222, 19.052222]}, "properties": {"elevation_m": 11.8, "provenance": "OBSERVED"}}, {"type": "Feature", "geometry": {"type": "Point", "coordinates": [72.933333, 19.052222]}, "properties": {"elevation_m": 7.2, "provenance": "OBSERVED"}}, {"type": "Feature", "geometry": {"type": "Point", "coordinates": [72.939444, 19.052222]}, "properties": {"elevation_m": 4.3, "provenance": "OBSERVED"}}, {"type": "Feature", "geometry": {"type": "Point", "coordinates": [72.945556, 19.052222]}, "properties": {"elevation_m": 4.5, "provenance": "OBSERVED"}}, {"type": "Feature", "geometry": {"type": "Point", "coordinates": [72.951667, 19.052222]}, "properties": {"elevation_m": 3.8, "provenance": "OBSERVED"}}, {"type": "Feature", "geometry": {"type": "Point", "coordinates": [72.957778, 19.052222]}, "properties": {"elevation_m": 3.8, "provenance": "OBSERVED"}}, {"type": "Feature", "geometry": {"type": "Point", "coordinates": [72.963889, 19.052222]}, "properties": {"elevation_m": 0.0, "provenance": "OBSERVED"}}, {"type": "Feature", "geometry": {"type": "Point", "coordinates": [72.97, 19.052222]}, "properties": {"elevation_m": 0.0, "provenance": "OBSERVED"}}, {"type": "Feature", "geometry": {"type": "Point", "coordinates": [72.976111, 19.052222]}, "properties": {"elevation_m": 0.0, "provenance": "OBSERVED"}}, {"type": "Feature", "geometry": {"type": "Point", "coordinates": [72.982222, 19.052222]}, "properties": {"elevation_m": 0.0, "provenance": "OBSERVED"}}, {"type": "Feature", "geometry": {"type": "Point", "coordinates": [72.988333, 19.052222]}, "properties": {"elevation_m": 0.0, "provenance": "OBSERVED"}}, {"type": "Feature", "geometry": {"type": "Point", "coordinates": [72.994444, 19.052222]}, "properties": {"elevation_m": 0.0, "provenance": "OBSERVED"}}, {"type": "Feature", "geometry": {"type": "Point", "coordinates": [73.000556, 19.052222]}, "properties": {"elevation_m": 6.9, "provenance": "OBSERVED"}}, {"type": "Feature", "geometry": {"type": "Point", "coordinates": [73.006667, 19.052222]}, "properties": {"elevation_m": 4.7, "provenance": "OBSERVED"}}, {"type": "Feature", "geometry": {"type": "Point", "coordinates": [73.012778, 19.052222]}, "properties": {"elevation_m": 4.7, "provenance": "OBSERVED"}}, {"type": "Feature", "geometry": {"type": "Point", "coordinates": [73.018889, 19.052222]}, "properties": {"elevation_m": 10.2, "provenance": "OBSERVED"}}, {"type": "Feature", "geometry": {"type": "Point", "coordinates": [73.025, 19.052222]}, "properties": {"elevation_m": 8.4, "provenance": "OBSERVED"}}, {"type": "Feature", "geometry": {"type": "Point", "coordinates": [73.031111, 19.052222]}, "properties": {"elevation_m": 28.6, "provenance": "OBSERVED"}}, {"type": "Feature", "geometry": {"type": "Point", "coordinates": [73.037222, 19.052222]}, "properties": {"elevation_m": 133.4, "provenance": "OBSERVED"}}, {"type": "Feature", "geometry": {"type": "Point", "coordinates": [73.043333, 19.052222]}, "properties": {"elevation_m": 244.1, "provenance": "OBSERVED"}}, {"type": "Feature", "geometry": {"type": "Point", "coordinates": [73.049722, 19.052222]}, "properties": {"elevation_m": 172.9, "provenance": "OBSERVED"}}, {"type": "Feature", "geometry": {"type": "Point", "coordinates": [72.75, 19.043056]}, "properties": {"elevation_m": 0.0, "provenance": "OBSERVED"}}, {"type": "Feature", "geometry": {"type": "Point", "coordinates": [72.756111, 19.043056]}, "properties": {"elevation_m": 0.0, "provenance": "OBSERVED"}}, {"type": "Feature", "geometry": {"type": "Point", "coordinates": [72.762222, 19.043056]}, "properties": {"elevation_m": 0.0, "provenance": "OBSERVED"}}, {"type": "Feature", "geometry": {"type": "Point", "coordinates": [72.768333, 19.043056]}, "properties": {"elevation_m": 0.0, "provenance": "OBSERVED"}}, {"type": "Feature", "geometry": {"type": "Point", "coordinates": [72.774444, 19.043056]}, "properties": {"elevation_m": 0.0, "provenance": "OBSERVED"}}, {"type": "Feature", "geometry": {"type": "Point", "coordinates": [72.780556, 19.043056]}, "properties": {"elevation_m": 0.0, "provenance": "OBSERVED"}}, {"type": "Feature", "geometry": {"type": "Point", "coordinates": [72.786667, 19.043056]}, "properties": {"elevation_m": 0.0, "provenance": "OBSERVED"}}, {"type": "Feature", "geometry": {"type": "Point", "coordinates": [72.792778, 19.043056]}, "properties": {"elevation_m": 0.0, "provenance": "OBSERVED"}}, {"type": "Feature", "geometry": {"type": "Point", "coordinates": [72.798889, 19.043056]}, "properties": {"elevation_m": 0.0, "provenance": "OBSERVED"}}, {"type": "Feature", "geometry": {"type": "Point", "coordinates": [72.805, 19.043056]}, "properties": {"elevation_m": 0.0, "provenance": "OBSERVED"}}, {"type": "Feature", "geometry": {"type": "Point", "coordinates": [72.811111, 19.043056]}, "properties": {"elevation_m": 0.0, "provenance": "OBSERVED"}}, {"type": "Feature", "geometry": {"type": "Point", "coordinates": [72.817222, 19.043056]}, "properties": {"elevation_m": 1.2, "provenance": "OBSERVED"}}, {"type": "Feature", "geometry": {"type": "Point", "coordinates": [72.823333, 19.043056]}, "properties": {"elevation_m": 9.6, "provenance": "OBSERVED"}}, {"type": "Feature", "geometry": {"type": "Point", "coordinates": [72.829444, 19.043056]}, "properties": {"elevation_m": 0.0, "provenance": "OBSERVED"}}, {"type": "Feature", "geometry": {"type": "Point", "coordinates": [72.835556, 19.043056]}, "properties": {"elevation_m": 0.0, "provenance": "OBSERVED"}}, {"type": "Feature", "geometry": {"type": "Point", "coordinates": [72.841667, 19.043056]}, "properties": {"elevation_m": 12.5, "provenance": "OBSERVED"}}, {"type": "Feature", "geometry": {"type": "Point", "coordinates": [72.847778, 19.043056]}, "properties": {"elevation_m": 9.1, "provenance": "OBSERVED"}}, {"type": "Feature", "geometry": {"type": "Point", "coordinates": [72.853889, 19.043056]}, "properties": {"elevation_m": 8.4, "provenance": "OBSERVED"}}, {"type": "Feature", "geometry": {"type": "Point", "coordinates": [72.86, 19.043056]}, "properties": {"elevation_m": 8.5, "provenance": "OBSERVED"}}, {"type": "Feature", "geometry": {"type": "Point", "coordinates": [72.866111, 19.043056]}, "properties": {"elevation_m": 11.9, "provenance": "OBSERVED"}}, {"type": "Feature", "geometry": {"type": "Point", "coordinates": [72.872222, 19.043056]}, "properties": {"elevation_m": 12.0, "provenance": "OBSERVED"}}, {"type": "Feature", "geometry": {"type": "Point", "coordinates": [72.878333, 19.043056]}, "properties": {"elevation_m": 4.3, "provenance": "OBSERVED"}}, {"type": "Feature", "geometry": {"type": "Point", "coordinates": [72.884444, 19.043056]}, "properties": {"elevation_m": 9.4, "provenance": "OBSERVED"}}, {"type": "Feature", "geometry": {"type": "Point", "coordinates": [72.890556, 19.043056]}, "properties": {"elevation_m": 5.8, "provenance": "OBSERVED"}}, {"type": "Feature", "geometry": {"type": "Point", "coordinates": [72.896667, 19.043056]}, "properties": {"elevation_m": 16.5, "provenance": "OBSERVED"}}, {"type": "Feature", "geometry": {"type": "Point", "coordinates": [72.902778, 19.043056]}, "properties": {"elevation_m": 29.2, "provenance": "OBSERVED"}}, {"type": "Feature", "geometry": {"type": "Point", "coordinates": [72.908889, 19.043056]}, "properties": {"elevation_m": 30.6, "provenance": "OBSERVED"}}, {"type": "Feature", "geometry": {"type": "Point", "coordinates": [72.915, 19.043056]}, "properties": {"elevation_m": 29.6, "provenance": "OBSERVED"}}, {"type": "Feature", "geometry": {"type": "Point", "coordinates": [72.921111, 19.043056]}, "properties": {"elevation_m": 14.8, "provenance": "OBSERVED"}}, {"type": "Feature", "geometry": {"type": "Point", "coordinates": [72.927222, 19.043056]}, "properties": {"elevation_m": 16.6, "provenance": "OBSERVED"}}, {"type": "Feature", "geometry": {"type": "Point", "coordinates": [72.933333, 19.043056]}, "properties": {"elevation_m": 13.3, "provenance": "OBSERVED"}}, {"type": "Feature", "geometry": {"type": "Point", "coordinates": [72.939444, 19.043056]}, "properties": {"elevation_m": 13.7, "provenance": "OBSERVED"}}, {"type": "Feature", "geometry": {"type": "Point", "coordinates": [72.945556, 19.043056]}, "properties": {"elevation_m": 3.8, "provenance": "OBSERVED"}}, {"type": "Feature", "geometry": {"type": "Point", "coordinates": [72.951667, 19.043056]}, "properties": {"elevation_m": 3.8, "provenance": "OBSERVED"}}, {"type": "Feature", "geometry": {"type": "Point", "coordinates": [72.957778, 19.043056]}, "properties": {"elevation_m": 4.0, "provenance": "OBSERVED"}}, {"type": "Feature", "geometry": {"type": "Point", "coordinates": [72.963889, 19.043056]}, "properties": {"elevation_m": 0.0, "provenance": "OBSERVED"}}, {"type": "Feature", "geometry": {"type": "Point", "coordinates": [72.97, 19.043056]}, "properties": {"elevation_m": 0.0, "provenance": "OBSERVED"}}, {"type": "Feature", "geometry": {"type": "Point", "coordinates": [72.976111, 19.043056]}, "properties": {"elevation_m": 0.0, "provenance": "OBSERVED"}}, {"type": "Feature", "geometry": {"type": "Point", "coordinates": [72.982222, 19.043056]}, "properties": {"elevation_m": 0.0, "provenance": "OBSERVED"}}, {"type": "Feature", "geometry": {"type": "Point", "coordinates": [72.988333, 19.043056]}, "properties": {"elevation_m": 0.0, "provenance": "OBSERVED"}}, {"type": "Feature", "geometry": {"type": "Point", "coordinates": [72.994444, 19.043056]}, "properties": {"elevation_m": 0.0, "provenance": "OBSERVED"}}, {"type": "Feature", "geometry": {"type": "Point", "coordinates": [73.000556, 19.043056]}, "properties": {"elevation_m": 5.0, "provenance": "OBSERVED"}}, {"type": "Feature", "geometry": {"type": "Point", "coordinates": [73.006667, 19.043056]}, "properties": {"elevation_m": 5.0, "provenance": "OBSERVED"}}, {"type": "Feature", "geometry": {"type": "Point", "coordinates": [73.012778, 19.043056]}, "properties": {"elevation_m": 12.3, "provenance": "OBSERVED"}}, {"type": "Feature", "geometry": {"type": "Point", "coordinates": [73.018889, 19.043056]}, "properties": {"elevation_m": 9.9, "provenance": "OBSERVED"}}, {"type": "Feature", "geometry": {"type": "Point", "coordinates": [73.025, 19.043056]}, "properties": {"elevation_m": 12.3, "provenance": "OBSERVED"}}, {"type": "Feature", "geometry": {"type": "Point", "coordinates": [73.031111, 19.043056]}, "properties": {"elevation_m": 22.9, "provenance": "OBSERVED"}}, {"type": "Feature", "geometry": {"type": "Point", "coordinates": [73.037222, 19.043056]}, "properties": {"elevation_m": 188.0, "provenance": "OBSERVED"}}, {"type": "Feature", "geometry": {"type": "Point", "coordinates": [73.043333, 19.043056]}, "properties": {"elevation_m": 81.9, "provenance": "OBSERVED"}}, {"type": "Feature", "geometry": {"type": "Point", "coordinates": [73.049722, 19.043056]}, "properties": {"elevation_m": 212.7, "provenance": "OBSERVED"}}, {"type": "Feature", "geometry": {"type": "Point", "coordinates": [72.75, 19.033889]}, "properties": {"elevation_m": 0.0, "provenance": "OBSERVED"}}, {"type": "Feature", "geometry": {"type": "Point", "coordinates": [72.756111, 19.033889]}, "properties": {"elevation_m": 0.0, "provenance": "OBSERVED"}}, {"type": "Feature", "geometry": {"type": "Point", "coordinates": [72.762222, 19.033889]}, "properties": {"elevation_m": 0.0, "provenance": "OBSERVED"}}, {"type": "Feature", "geometry": {"type": "Point", "coordinates": [72.768333, 19.033889]}, "properties": {"elevation_m": 0.0, "provenance": "OBSERVED"}}, {"type": "Feature", "geometry": {"type": "Point", "coordinates": [72.774444, 19.033889]}, "properties": {"elevation_m": 0.0, "provenance": "OBSERVED"}}, {"type": "Feature", "geometry": {"type": "Point", "coordinates": [72.780556, 19.033889]}, "properties": {"elevation_m": 0.0, "provenance": "OBSERVED"}}, {"type": "Feature", "geometry": {"type": "Point", "coordinates": [72.786667, 19.033889]}, "properties": {"elevation_m": 0.0, "provenance": "OBSERVED"}}, {"type": "Feature", "geometry": {"type": "Point", "coordinates": [72.792778, 19.033889]}, "properties": {"elevation_m": 0.0, "provenance": "OBSERVED"}}, {"type": "Feature", "geometry": {"type": "Point", "coordinates": [72.798889, 19.033889]}, "properties": {"elevation_m": 0.0, "provenance": "OBSERVED"}}, {"type": "Feature", "geometry": {"type": "Point", "coordinates": [72.805, 19.033889]}, "properties": {"elevation_m": 0.0, "provenance": "OBSERVED"}}, {"type": "Feature", "geometry": {"type": "Point", "coordinates": [72.811111, 19.033889]}, "properties": {"elevation_m": 0.0, "provenance": "OBSERVED"}}, {"type": "Feature", "geometry": {"type": "Point", "coordinates": [72.817222, 19.033889]}, "properties": {"elevation_m": 0.0, "provenance": "OBSERVED"}}, {"type": "Feature", "geometry": {"type": "Point", "coordinates": [72.823333, 19.033889]}, "properties": {"elevation_m": 0.0, "provenance": "OBSERVED"}}, {"type": "Feature", "geometry": {"type": "Point", "coordinates": [72.829444, 19.033889]}, "properties": {"elevation_m": 0.0, "provenance": "OBSERVED"}}, {"type": "Feature", "geometry": {"type": "Point", "coordinates": [72.835556, 19.033889]}, "properties": {"elevation_m": 0.0, "provenance": "OBSERVED"}}, {"type": "Feature", "geometry": {"type": "Point", "coordinates": [72.841667, 19.033889]}, "properties": {"elevation_m": 13.2, "provenance": "OBSERVED"}}, {"type": "Feature", "geometry": {"type": "Point", "coordinates": [72.847778, 19.033889]}, "properties": {"elevation_m": 7.3, "provenance": "OBSERVED"}}, {"type": "Feature", "geometry": {"type": "Point", "coordinates": [72.853889, 19.033889]}, "properties": {"elevation_m": 9.0, "provenance": "OBSERVED"}}, {"type": "Feature", "geometry": {"type": "Point", "coordinates": [72.86, 19.033889]}, "properties": {"elevation_m": 13.2, "provenance": "OBSERVED"}}, {"type": "Feature", "geometry": {"type": "Point", "coordinates": [72.866111, 19.033889]}, "properties": {"elevation_m": 8.6, "provenance": "OBSERVED"}}, {"type": "Feature", "geometry": {"type": "Point", "coordinates": [72.872222, 19.033889]}, "properties": {"elevation_m": 11.5, "provenance": "OBSERVED"}}, {"type": "Feature", "geometry": {"type": "Point", "coordinates": [72.878333, 19.033889]}, "properties": {"elevation_m": 5.0, "provenance": "OBSERVED"}}, {"type": "Feature", "geometry": {"type": "Point", "coordinates": [72.884444, 19.033889]}, "properties": {"elevation_m": 4.0, "provenance": "OBSERVED"}}, {"type": "Feature", "geometry": {"type": "Point", "coordinates": [72.890556, 19.033889]}, "properties": {"elevation_m": 10.4, "provenance": "OBSERVED"}}, {"type": "Feature", "geometry": {"type": "Point", "coordinates": [72.896667, 19.033889]}, "properties": {"elevation_m": 16.9, "provenance": "OBSERVED"}}, {"type": "Feature", "geometry": {"type": "Point", "coordinates": [72.902778, 19.033889]}, "properties": {"elevation_m": 35.0, "provenance": "OBSERVED"}}, {"type": "Feature", "geometry": {"type": "Point", "coordinates": [72.908889, 19.033889]}, "properties": {"elevation_m": 97.9, "provenance": "OBSERVED"}}, {"type": "Feature", "geometry": {"type": "Point", "coordinates": [72.915, 19.033889]}, "properties": {"elevation_m": 204.7, "provenance": "OBSERVED"}}, {"type": "Feature", "geometry": {"type": "Point", "coordinates": [72.921111, 19.033889]}, "properties": {"elevation_m": 58.8, "provenance": "OBSERVED"}}, {"type": "Feature", "geometry": {"type": "Point", "coordinates": [72.927222, 19.033889]}, "properties": {"elevation_m": 22.1, "provenance": "OBSERVED"}}, {"type": "Feature", "geometry": {"type": "Point", "coordinates": [72.933333, 19.033889]}, "properties": {"elevation_m": 100.8, "provenance": "OBSERVED"}}, {"type": "Feature", "geometry": {"type": "Point", "coordinates": [72.939444, 19.033889]}, "properties": {"elevation_m": 85.6, "provenance": "OBSERVED"}}, {"type": "Feature", "geometry": {"type": "Point", "coordinates": [72.945556, 19.033889]}, "properties": {"elevation_m": 14.0, "provenance": "OBSERVED"}}, {"type": "Feature", "geometry": {"type": "Point", "coordinates": [72.951667, 19.033889]}, "properties": {"elevation_m": 4.1, "provenance": "OBSERVED"}}, {"type": "Feature", "geometry": {"type": "Point", "coordinates": [72.957778, 19.033889]}, "properties": {"elevation_m": 0.0, "provenance": "OBSERVED"}}, {"type": "Feature", "geometry": {"type": "Point", "coordinates": [72.963889, 19.033889]}, "properties": {"elevation_m": 0.0, "provenance": "OBSERVED"}}, {"type": "Feature", "geometry": {"type": "Point", "coordinates": [72.97, 19.033889]}, "properties": {"elevation_m": 0.0, "provenance": "OBSERVED"}}, {"type": "Feature", "geometry": {"type": "Point", "coordinates": [72.976111, 19.033889]}, "properties": {"elevation_m": 0.0, "provenance": "OBSERVED"}}, {"type": "Feature", "geometry": {"type": "Point", "coordinates": [72.982222, 19.033889]}, "properties": {"elevation_m": 0.0, "provenance": "OBSERVED"}}, {"type": "Feature", "geometry": {"type": "Point", "coordinates": [72.988333, 19.033889]}, "properties": {"elevation_m": 0.0, "provenance": "OBSERVED"}}, {"type": "Feature", "geometry": {"type": "Point", "coordinates": [72.994444, 19.033889]}, "properties": {"elevation_m": 0.0, "provenance": "OBSERVED"}}, {"type": "Feature", "geometry": {"type": "Point", "coordinates": [73.000556, 19.033889]}, "properties": {"elevation_m": 0.0, "provenance": "OBSERVED"}}, {"type": "Feature", "geometry": {"type": "Point", "coordinates": [73.006667, 19.033889]}, "properties": {"elevation_m": 5.0, "provenance": "OBSERVED"}}, {"type": "Feature", "geometry": {"type": "Point", "coordinates": [73.012778, 19.033889]}, "properties": {"elevation_m": 16.9, "provenance": "OBSERVED"}}, {"type": "Feature", "geometry": {"type": "Point", "coordinates": [73.018889, 19.033889]}, "properties": {"elevation_m": 14.0, "provenance": "OBSERVED"}}, {"type": "Feature", "geometry": {"type": "Point", "coordinates": [73.025, 19.033889]}, "properties": {"elevation_m": 9.7, "provenance": "OBSERVED"}}, {"type": "Feature", "geometry": {"type": "Point", "coordinates": [73.031111, 19.033889]}, "properties": {"elevation_m": 31.4, "provenance": "OBSERVED"}}, {"type": "Feature", "geometry": {"type": "Point", "coordinates": [73.037222, 19.033889]}, "properties": {"elevation_m": 64.5, "provenance": "OBSERVED"}}, {"type": "Feature", "geometry": {"type": "Point", "coordinates": [73.043333, 19.033889]}, "properties": {"elevation_m": 16.7, "provenance": "OBSERVED"}}, {"type": "Feature", "geometry": {"type": "Point", "coordinates": [73.049722, 19.033889]}, "properties": {"elevation_m": 160.7, "provenance": "OBSERVED"}}, {"type": "Feature", "geometry": {"type": "Point", "coordinates": [72.75, 19.024722]}, "properties": {"elevation_m": 0.0, "provenance": "OBSERVED"}}, {"type": "Feature", "geometry": {"type": "Point", "coordinates": [72.756111, 19.024722]}, "properties": {"elevation_m": 0.0, "provenance": "OBSERVED"}}, {"type": "Feature", "geometry": {"type": "Point", "coordinates": [72.762222, 19.024722]}, "properties": {"elevation_m": 0.0, "provenance": "OBSERVED"}}, {"type": "Feature", "geometry": {"type": "Point", "coordinates": [72.768333, 19.024722]}, "properties": {"elevation_m": 0.0, "provenance": "OBSERVED"}}, {"type": "Feature", "geometry": {"type": "Point", "coordinates": [72.774444, 19.024722]}, "properties": {"elevation_m": 0.0, "provenance": "OBSERVED"}}, {"type": "Feature", "geometry": {"type": "Point", "coordinates": [72.780556, 19.024722]}, "properties": {"elevation_m": 0.0, "provenance": "OBSERVED"}}, {"type": "Feature", "geometry": {"type": "Point", "coordinates": [72.786667, 19.024722]}, "properties": {"elevation_m": 0.0, "provenance": "OBSERVED"}}, {"type": "Feature", "geometry": {"type": "Point", "coordinates": [72.792778, 19.024722]}, "properties": {"elevation_m": 0.0, "provenance": "OBSERVED"}}, {"type": "Feature", "geometry": {"type": "Point", "coordinates": [72.798889, 19.024722]}, "properties": {"elevation_m": 0.0, "provenance": "OBSERVED"}}, {"type": "Feature", "geometry": {"type": "Point", "coordinates": [72.805, 19.024722]}, "properties": {"elevation_m": 0.0, "provenance": "OBSERVED"}}, {"type": "Feature", "geometry": {"type": "Point", "coordinates": [72.811111, 19.024722]}, "properties": {"elevation_m": 0.0, "provenance": "OBSERVED"}}, {"type": "Feature", "geometry": {"type": "Point", "coordinates": [72.817222, 19.024722]}, "properties": {"elevation_m": 0.0, "provenance": "OBSERVED"}}, {"type": "Feature", "geometry": {"type": "Point", "coordinates": [72.823333, 19.024722]}, "properties": {"elevation_m": 0.0, "provenance": "OBSERVED"}}, {"type": "Feature", "geometry": {"type": "Point", "coordinates": [72.829444, 19.024722]}, "properties": {"elevation_m": 0.0, "provenance": "OBSERVED"}}, {"type": "Feature", "geometry": {"type": "Point", "coordinates": [72.835556, 19.024722]}, "properties": {"elevation_m": 12.9, "provenance": "OBSERVED"}}, {"type": "Feature", "geometry": {"type": "Point", "coordinates": [72.841667, 19.024722]}, "properties": {"elevation_m": 11.8, "provenance": "OBSERVED"}}, {"type": "Feature", "geometry": {"type": "Point", "coordinates": [72.847778, 19.024722]}, "properties": {"elevation_m": 6.8, "provenance": "OBSERVED"}}, {"type": "Feature", "geometry": {"type": "Point", "coordinates": [72.853889, 19.024722]}, "properties": {"elevation_m": 16.9, "provenance": "OBSERVED"}}, {"type": "Feature", "geometry": {"type": "Point", "coordinates": [72.86, 19.024722]}, "properties": {"elevation_m": 9.7, "provenance": "OBSERVED"}}, {"type": "Feature", "geometry": {"type": "Point", "coordinates": [72.866111, 19.024722]}, "properties": {"elevation_m": 13.2, "provenance": "OBSERVED"}}, {"type": "Feature", "geometry": {"type": "Point", "coordinates": [72.872222, 19.024722]}, "properties": {"elevation_m": 6.8, "provenance": "OBSERVED"}}, {"type": "Feature", "geometry": {"type": "Point", "coordinates": [72.878333, 19.024722]}, "properties": {"elevation_m": 5.7, "provenance": "OBSERVED"}}, {"type": "Feature", "geometry": {"type": "Point", "coordinates": [72.884444, 19.024722]}, "properties": {"elevation_m": 3.6, "provenance": "OBSERVED"}}, {"type": "Feature", "geometry": {"type": "Point", "coordinates": [72.890556, 19.024722]}, "properties": {"elevation_m": 5.5, "provenance": "OBSERVED"}}, {"type": "Feature", "geometry": {"type": "Point", "coordinates": [72.896667, 19.024722]}, "properties": {"elevation_m": 9.9, "provenance": "OBSERVED"}}, {"type": "Feature", "geometry": {"type": "Point", "coordinates": [72.902778, 19.024722]}, "properties": {"elevation_m": 25.9, "provenance": "OBSERVED"}}, {"type": "Feature", "geometry": {"type": "Point", "coordinates": [72.908889, 19.024722]}, "properties": {"elevation_m": 63.8, "provenance": "OBSERVED"}}, {"type": "Feature", "geometry": {"type": "Point", "coordinates": [72.915, 19.024722]}, "properties": {"elevation_m": 211.3, "provenance": "OBSERVED"}}, {"type": "Feature", "geometry": {"type": "Point", "coordinates": [72.921111, 19.024722]}, "properties": {"elevation_m": 164.9, "provenance": "OBSERVED"}}, {"type": "Feature", "geometry": {"type": "Point", "coordinates": [72.927222, 19.024722]}, "properties": {"elevation_m": 18.9, "provenance": "OBSERVED"}}, {"type": "Feature", "geometry": {"type": "Point", "coordinates": [72.933333, 19.024722]}, "properties": {"elevation_m": 3.8, "provenance": "OBSERVED"}}, {"type": "Feature", "geometry": {"type": "Point", "coordinates": [72.939444, 19.024722]}, "properties": {"elevation_m": 3.8, "provenance": "OBSERVED"}}, {"type": "Feature", "geometry": {"type": "Point", "coordinates": [72.945556, 19.024722]}, "properties": {"elevation_m": 4.7, "provenance": "OBSERVED"}}, {"type": "Feature", "geometry": {"type": "Point", "coordinates": [72.951667, 19.024722]}, "properties": {"elevation_m": 4.1, "provenance": "OBSERVED"}}, {"type": "Feature", "geometry": {"type": "Point", "coordinates": [72.957778, 19.024722]}, "properties": {"elevation_m": 0.0, "provenance": "OBSERVED"}}, {"type": "Feature", "geometry": {"type": "Point", "coordinates": [72.963889, 19.024722]}, "properties": {"elevation_m": 0.0, "provenance": "OBSERVED"}}, {"type": "Feature", "geometry": {"type": "Point", "coordinates": [72.97, 19.024722]}, "properties": {"elevation_m": 0.0, "provenance": "OBSERVED"}}, {"type": "Feature", "geometry": {"type": "Point", "coordinates": [72.976111, 19.024722]}, "properties": {"elevation_m": 0.0, "provenance": "OBSERVED"}}, {"type": "Feature", "geometry": {"type": "Point", "coordinates": [72.982222, 19.024722]}, "properties": {"elevation_m": 0.0, "provenance": "OBSERVED"}}, {"type": "Feature", "geometry": {"type": "Point", "coordinates": [72.988333, 19.024722]}, "properties": {"elevation_m": 0.0, "provenance": "OBSERVED"}}, {"type": "Feature", "geometry": {"type": "Point", "coordinates": [72.994444, 19.024722]}, "properties": {"elevation_m": 0.0, "provenance": "OBSERVED"}}, {"type": "Feature", "geometry": {"type": "Point", "coordinates": [73.000556, 19.024722]}, "properties": {"elevation_m": 0.0, "provenance": "OBSERVED"}}, {"type": "Feature", "geometry": {"type": "Point", "coordinates": [73.006667, 19.024722]}, "properties": {"elevation_m": 7.9, "provenance": "OBSERVED"}}, {"type": "Feature", "geometry": {"type": "Point", "coordinates": [73.012778, 19.024722]}, "properties": {"elevation_m": 5.2, "provenance": "OBSERVED"}}, {"type": "Feature", "geometry": {"type": "Point", "coordinates": [73.018889, 19.024722]}, "properties": {"elevation_m": 13.6, "provenance": "OBSERVED"}}, {"type": "Feature", "geometry": {"type": "Point", "coordinates": [73.025, 19.024722]}, "properties": {"elevation_m": 5.4, "provenance": "OBSERVED"}}, {"type": "Feature", "geometry": {"type": "Point", "coordinates": [73.031111, 19.024722]}, "properties": {"elevation_m": 75.8, "provenance": "OBSERVED"}}, {"type": "Feature", "geometry": {"type": "Point", "coordinates": [73.037222, 19.024722]}, "properties": {"elevation_m": 8.3, "provenance": "OBSERVED"}}, {"type": "Feature", "geometry": {"type": "Point", "coordinates": [73.043333, 19.024722]}, "properties": {"elevation_m": 8.6, "provenance": "OBSERVED"}}, {"type": "Feature", "geometry": {"type": "Point", "coordinates": [73.049722, 19.024722]}, "properties": {"elevation_m": 10.7, "provenance": "OBSERVED"}}, {"type": "Feature", "geometry": {"type": "Point", "coordinates": [72.75, 19.015556]}, "properties": {"elevation_m": 0.0, "provenance": "OBSERVED"}}, {"type": "Feature", "geometry": {"type": "Point", "coordinates": [72.756111, 19.015556]}, "properties": {"elevation_m": 0.0, "provenance": "OBSERVED"}}, {"type": "Feature", "geometry": {"type": "Point", "coordinates": [72.762222, 19.015556]}, "properties": {"elevation_m": 0.0, "provenance": "OBSERVED"}}, {"type": "Feature", "geometry": {"type": "Point", "coordinates": [72.768333, 19.015556]}, "properties": {"elevation_m": 0.0, "provenance": "OBSERVED"}}, {"type": "Feature", "geometry": {"type": "Point", "coordinates": [72.774444, 19.015556]}, "properties": {"elevation_m": 0.0, "provenance": "OBSERVED"}}, {"type": "Feature", "geometry": {"type": "Point", "coordinates": [72.780556, 19.015556]}, "properties": {"elevation_m": 0.0, "provenance": "OBSERVED"}}, {"type": "Feature", "geometry": {"type": "Point", "coordinates": [72.786667, 19.015556]}, "properties": {"elevation_m": 0.0, "provenance": "OBSERVED"}}, {"type": "Feature", "geometry": {"type": "Point", "coordinates": [72.792778, 19.015556]}, "properties": {"elevation_m": 0.0, "provenance": "OBSERVED"}}, {"type": "Feature", "geometry": {"type": "Point", "coordinates": [72.798889, 19.015556]}, "properties": {"elevation_m": 0.0, "provenance": "OBSERVED"}}, {"type": "Feature", "geometry": {"type": "Point", "coordinates": [72.805, 19.015556]}, "properties": {"elevation_m": 0.0, "provenance": "OBSERVED"}}, {"type": "Feature", "geometry": {"type": "Point", "coordinates": [72.811111, 19.015556]}, "properties": {"elevation_m": 0.0, "provenance": "OBSERVED"}}, {"type": "Feature", "geometry": {"type": "Point", "coordinates": [72.817222, 19.015556]}, "properties": {"elevation_m": 10.1, "provenance": "OBSERVED"}}, {"type": "Feature", "geometry": {"type": "Point", "coordinates": [72.823333, 19.015556]}, "properties": {"elevation_m": 11.7, "provenance": "OBSERVED"}}, {"type": "Feature", "geometry": {"type": "Point", "coordinates": [72.829444, 19.015556]}, "properties": {"elevation_m": 11.4, "provenance": "OBSERVED"}}, {"type": "Feature", "geometry": {"type": "Point", "coordinates": [72.835556, 19.015556]}, "properties": {"elevation_m": 14.3, "provenance": "OBSERVED"}}, {"type": "Feature", "geometry": {"type": "Point", "coordinates": [72.841667, 19.015556]}, "properties": {"elevation_m": 7.1, "provenance": "OBSERVED"}}, {"type": "Feature", "geometry": {"type": "Point", "coordinates": [72.847778, 19.015556]}, "properties": {"elevation_m": 11.3, "provenance": "OBSERVED"}}, {"type": "Feature", "geometry": {"type": "Point", "coordinates": [72.853889, 19.015556]}, "properties": {"elevation_m": 11.0, "provenance": "OBSERVED"}}, {"type": "Feature", "geometry": {"type": "Point", "coordinates": [72.86, 19.015556]}, "properties": {"elevation_m": 6.9, "provenance": "OBSERVED"}}, {"type": "Feature", "geometry": {"type": "Point", "coordinates": [72.866111, 19.015556]}, "properties": {"elevation_m": 7.1, "provenance": "OBSERVED"}}, {"type": "Feature", "geometry": {"type": "Point", "coordinates": [72.872222, 19.015556]}, "properties": {"elevation_m": 7.0, "provenance": "OBSERVED"}}, {"type": "Feature", "geometry": {"type": "Point", "coordinates": [72.878333, 19.015556]}, "properties": {"elevation_m": 1.5, "provenance": "OBSERVED"}}, {"type": "Feature", "geometry": {"type": "Point", "coordinates": [72.884444, 19.015556]}, "properties": {"elevation_m": 4.7, "provenance": "OBSERVED"}}, {"type": "Feature", "geometry": {"type": "Point", "coordinates": [72.890556, 19.015556]}, "properties": {"elevation_m": 8.2, "provenance": "OBSERVED"}}, {"type": "Feature", "geometry": {"type": "Point", "coordinates": [72.896667, 19.015556]}, "properties": {"elevation_m": 10.7, "provenance": "OBSERVED"}}, {"type": "Feature", "geometry": {"type": "Point", "coordinates": [72.902778, 19.015556]}, "properties": {"elevation_m": 15.3, "provenance": "OBSERVED"}}, {"type": "Feature", "geometry": {"type": "Point", "coordinates": [72.908889, 19.015556]}, "properties": {"elevation_m": 49.3, "provenance": "OBSERVED"}}, {"type": "Feature", "geometry": {"type": "Point", "coordinates": [72.915, 19.015556]}, "properties": {"elevation_m": 194.4, "provenance": "OBSERVED"}}, {"type": "Feature", "geometry": {"type": "Point", "coordinates": [72.921111, 19.015556]}, "properties": {"elevation_m": 20.9, "provenance": "OBSERVED"}}, {"type": "Feature", "geometry": {"type": "Point", "coordinates": [72.927222, 19.015556]}, "properties": {"elevation_m": 6.8, "provenance": "OBSERVED"}}, {"type": "Feature", "geometry": {"type": "Point", "coordinates": [72.933333, 19.015556]}, "properties": {"elevation_m": 5.5, "provenance": "OBSERVED"}}, {"type": "Feature", "geometry": {"type": "Point", "coordinates": [72.939444, 19.015556]}, "properties": {"elevation_m": 6.0, "provenance": "OBSERVED"}}, {"type": "Feature", "geometry": {"type": "Point", "coordinates": [72.945556, 19.015556]}, "properties": {"elevation_m": 0.0, "provenance": "OBSERVED"}}, {"type": "Feature", "geometry": {"type": "Point", "coordinates": [72.951667, 19.015556]}, "properties": {"elevation_m": 0.0, "provenance": "OBSERVED"}}, {"type": "Feature", "geometry": {"type": "Point", "coordinates": [72.957778, 19.015556]}, "properties": {"elevation_m": 0.0, "provenance": "OBSERVED"}}, {"type": "Feature", "geometry": {"type": "Point", "coordinates": [72.963889, 19.015556]}, "properties": {"elevation_m": 0.0, "provenance": "OBSERVED"}}, {"type": "Feature", "geometry": {"type": "Point", "coordinates": [72.97, 19.015556]}, "properties": {"elevation_m": 0.0, "provenance": "OBSERVED"}}, {"type": "Feature", "geometry": {"type": "Point", "coordinates": [72.976111, 19.015556]}, "properties": {"elevation_m": 0.0, "provenance": "OBSERVED"}}, {"type": "Feature", "geometry": {"type": "Point", "coordinates": [72.982222, 19.015556]}, "properties": {"elevation_m": 0.0, "provenance": "OBSERVED"}}, {"type": "Feature", "geometry": {"type": "Point", "coordinates": [72.988333, 19.015556]}, "properties": {"elevation_m": 0.0, "provenance": "OBSERVED"}}, {"type": "Feature", "geometry": {"type": "Point", "coordinates": [72.994444, 19.015556]}, "properties": {"elevation_m": 0.0, "provenance": "OBSERVED"}}, {"type": "Feature", "geometry": {"type": "Point", "coordinates": [73.000556, 19.015556]}, "properties": {"elevation_m": 1.3, "provenance": "OBSERVED"}}, {"type": "Feature", "geometry": {"type": "Point", "coordinates": [73.006667, 19.015556]}, "properties": {"elevation_m": 2.6, "provenance": "OBSERVED"}}, {"type": "Feature", "geometry": {"type": "Point", "coordinates": [73.012778, 19.015556]}, "properties": {"elevation_m": 6.9, "provenance": "OBSERVED"}}, {"type": "Feature", "geometry": {"type": "Point", "coordinates": [73.018889, 19.015556]}, "properties": {"elevation_m": 4.8, "provenance": "OBSERVED"}}, {"type": "Feature", "geometry": {"type": "Point", "coordinates": [73.025, 19.015556]}, "properties": {"elevation_m": 4.8, "provenance": "OBSERVED"}}, {"type": "Feature", "geometry": {"type": "Point", "coordinates": [73.031111, 19.015556]}, "properties": {"elevation_m": 13.9, "provenance": "OBSERVED"}}, {"type": "Feature", "geometry": {"type": "Point", "coordinates": [73.037222, 19.015556]}, "properties": {"elevation_m": 5.7, "provenance": "OBSERVED"}}, {"type": "Feature", "geometry": {"type": "Point", "coordinates": [73.043333, 19.015556]}, "properties": {"elevation_m": 5.0, "provenance": "OBSERVED"}}, {"type": "Feature", "geometry": {"type": "Point", "coordinates": [73.049722, 19.015556]}, "properties": {"elevation_m": 0.0, "provenance": "OBSERVED"}}, {"type": "Feature", "geometry": {"type": "Point", "coordinates": [72.75, 19.006389]}, "properties": {"elevation_m": 0.0, "provenance": "OBSERVED"}}, {"type": "Feature", "geometry": {"type": "Point", "coordinates": [72.756111, 19.006389]}, "properties": {"elevation_m": 0.0, "provenance": "OBSERVED"}}, {"type": "Feature", "geometry": {"type": "Point", "coordinates": [72.762222, 19.006389]}, "properties": {"elevation_m": 0.0, "provenance": "OBSERVED"}}, {"type": "Feature", "geometry": {"type": "Point", "coordinates": [72.768333, 19.006389]}, "properties": {"elevation_m": 0.0, "provenance": "OBSERVED"}}, {"type": "Feature", "geometry": {"type": "Point", "coordinates": [72.774444, 19.006389]}, "properties": {"elevation_m": 0.0, "provenance": "OBSERVED"}}, {"type": "Feature", "geometry": {"type": "Point", "coordinates": [72.780556, 19.006389]}, "properties": {"elevation_m": 0.0, "provenance": "OBSERVED"}}, {"type": "Feature", "geometry": {"type": "Point", "coordinates": [72.786667, 19.006389]}, "properties": {"elevation_m": 0.0, "provenance": "OBSERVED"}}, {"type": "Feature", "geometry": {"type": "Point", "coordinates": [72.792778, 19.006389]}, "properties": {"elevation_m": 0.0, "provenance": "OBSERVED"}}, {"type": "Feature", "geometry": {"type": "Point", "coordinates": [72.798889, 19.006389]}, "properties": {"elevation_m": 0.0, "provenance": "OBSERVED"}}, {"type": "Feature", "geometry": {"type": "Point", "coordinates": [72.805, 19.006389]}, "properties": {"elevation_m": 0.0, "provenance": "OBSERVED"}}, {"type": "Feature", "geometry": {"type": "Point", "coordinates": [72.811111, 19.006389]}, "properties": {"elevation_m": 0.0, "provenance": "OBSERVED"}}, {"type": "Feature", "geometry": {"type": "Point", "coordinates": [72.817222, 19.006389]}, "properties": {"elevation_m": 22.7, "provenance": "OBSERVED"}}, {"type": "Feature", "geometry": {"type": "Point", "coordinates": [72.823333, 19.006389]}, "properties": {"elevation_m": 7.1, "provenance": "OBSERVED"}}, {"type": "Feature", "geometry": {"type": "Point", "coordinates": [72.829444, 19.006389]}, "properties": {"elevation_m": 12.6, "provenance": "OBSERVED"}}, {"type": "Feature", "geometry": {"type": "Point", "coordinates": [72.835556, 19.006389]}, "properties": {"elevation_m": 7.1, "provenance": "OBSERVED"}}, {"type": "Feature", "geometry": {"type": "Point", "coordinates": [72.841667, 19.006389]}, "properties": {"elevation_m": 16.3, "provenance": "OBSERVED"}}, {"type": "Feature", "geometry": {"type": "Point", "coordinates": [72.847778, 19.006389]}, "properties": {"elevation_m": 17.4, "provenance": "OBSERVED"}}, {"type": "Feature", "geometry": {"type": "Point", "coordinates": [72.853889, 19.006389]}, "properties": {"elevation_m": 8.5, "provenance": "OBSERVED"}}, {"type": "Feature", "geometry": {"type": "Point", "coordinates": [72.86, 19.006389]}, "properties": {"elevation_m": 7.0, "provenance": "OBSERVED"}}, {"type": "Feature", "geometry": {"type": "Point", "coordinates": [72.866111, 19.006389]}, "properties": {"elevation_m": 5.9, "provenance": "OBSERVED"}}, {"type": "Feature", "geometry": {"type": "Point", "coordinates": [72.872222, 19.006389]}, "properties": {"elevation_m": 0.0, "provenance": "OBSERVED"}}, {"type": "Feature", "geometry": {"type": "Point", "coordinates": [72.878333, 19.006389]}, "properties": {"elevation_m": 6.3, "provenance": "OBSERVED"}}, {"type": "Feature", "geometry": {"type": "Point", "coordinates": [72.884444, 19.006389]}, "properties": {"elevation_m": 4.2, "provenance": "OBSERVED"}}, {"type": "Feature", "geometry": {"type": "Point", "coordinates": [72.890556, 19.006389]}, "properties": {"elevation_m": 7.8, "provenance": "OBSERVED"}}, {"type": "Feature", "geometry": {"type": "Point", "coordinates": [72.896667, 19.006389]}, "properties": {"elevation_m": 5.0, "provenance": "OBSERVED"}}, {"type": "Feature", "geometry": {"type": "Point", "coordinates": [72.902778, 19.006389]}, "properties": {"elevation_m": 9.0, "provenance": "OBSERVED"}}, {"type": "Feature", "geometry": {"type": "Point", "coordinates": [72.908889, 19.006389]}, "properties": {"elevation_m": 61.4, "provenance": "OBSERVED"}}, {"type": "Feature", "geometry": {"type": "Point", "coordinates": [72.915, 19.006389]}, "properties": {"elevation_m": 51.1, "provenance": "OBSERVED"}}, {"type": "Feature", "geometry": {"type": "Point", "coordinates": [72.921111, 19.006389]}, "properties": {"elevation_m": 5.9, "provenance": "OBSERVED"}}, {"type": "Feature", "geometry": {"type": "Point", "coordinates": [72.927222, 19.006389]}, "properties": {"elevation_m": 0.0, "provenance": "OBSERVED"}}, {"type": "Feature", "geometry": {"type": "Point", "coordinates": [72.933333, 19.006389]}, "properties": {"elevation_m": 0.0, "provenance": "OBSERVED"}}, {"type": "Feature", "geometry": {"type": "Point", "coordinates": [72.939444, 19.006389]}, "properties": {"elevation_m": 0.0, "provenance": "OBSERVED"}}, {"type": "Feature", "geometry": {"type": "Point", "coordinates": [72.945556, 19.006389]}, "properties": {"elevation_m": 0.0, "provenance": "OBSERVED"}}, {"type": "Feature", "geometry": {"type": "Point", "coordinates": [72.951667, 19.006389]}, "properties": {"elevation_m": 0.0, "provenance": "OBSERVED"}}, {"type": "Feature", "geometry": {"type": "Point", "coordinates": [72.957778, 19.006389]}, "properties": {"elevation_m": 0.0, "provenance": "OBSERVED"}}, {"type": "Feature", "geometry": {"type": "Point", "coordinates": [72.963889, 19.006389]}, "properties": {"elevation_m": 0.0, "provenance": "OBSERVED"}}, {"type": "Feature", "geometry": {"type": "Point", "coordinates": [72.97, 19.006389]}, "properties": {"elevation_m": 0.0, "provenance": "OBSERVED"}}, {"type": "Feature", "geometry": {"type": "Point", "coordinates": [72.976111, 19.006389]}, "properties": {"elevation_m": 0.0, "provenance": "OBSERVED"}}, {"type": "Feature", "geometry": {"type": "Point", "coordinates": [72.982222, 19.006389]}, "properties": {"elevation_m": 0.0, "provenance": "OBSERVED"}}, {"type": "Feature", "geometry": {"type": "Point", "coordinates": [72.988333, 19.006389]}, "properties": {"elevation_m": 0.0, "provenance": "OBSERVED"}}, {"type": "Feature", "geometry": {"type": "Point", "coordinates": [72.994444, 19.006389]}, "properties": {"elevation_m": 0.0, "provenance": "OBSERVED"}}, {"type": "Feature", "geometry": {"type": "Point", "coordinates": [73.000556, 19.006389]}, "properties": {"elevation_m": 0.0, "provenance": "OBSERVED"}}, {"type": "Feature", "geometry": {"type": "Point", "coordinates": [73.006667, 19.006389]}, "properties": {"elevation_m": 2.6, "provenance": "OBSERVED"}}, {"type": "Feature", "geometry": {"type": "Point", "coordinates": [73.012778, 19.006389]}, "properties": {"elevation_m": 2.6, "provenance": "OBSERVED"}}, {"type": "Feature", "geometry": {"type": "Point", "coordinates": [73.018889, 19.006389]}, "properties": {"elevation_m": 5.7, "provenance": "OBSERVED"}}, {"type": "Feature", "geometry": {"type": "Point", "coordinates": [73.025, 19.006389]}, "properties": {"elevation_m": 2.8, "provenance": "OBSERVED"}}, {"type": "Feature", "geometry": {"type": "Point", "coordinates": [73.031111, 19.006389]}, "properties": {"elevation_m": 5.6, "provenance": "OBSERVED"}}, {"type": "Feature", "geometry": {"type": "Point", "coordinates": [73.037222, 19.006389]}, "properties": {"elevation_m": 0.0, "provenance": "OBSERVED"}}, {"type": "Feature", "geometry": {"type": "Point", "coordinates": [73.043333, 19.006389]}, "properties": {"elevation_m": 0.0, "provenance": "OBSERVED"}}, {"type": "Feature", "geometry": {"type": "Point", "coordinates": [73.049722, 19.006389]}, "properties": {"elevation_m": 2.6, "provenance": "OBSERVED"}}, {"type": "Feature", "geometry": {"type": "Point", "coordinates": [72.75, 18.997222]}, "properties": {"elevation_m": 0.0, "provenance": "OBSERVED"}}, {"type": "Feature", "geometry": {"type": "Point", "coordinates": [72.756111, 18.997222]}, "properties": {"elevation_m": 0.0, "provenance": "OBSERVED"}}, {"type": "Feature", "geometry": {"type": "Point", "coordinates": [72.762222, 18.997222]}, "properties": {"elevation_m": 0.0, "provenance": "OBSERVED"}}, {"type": "Feature", "geometry": {"type": "Point", "coordinates": [72.768333, 18.997222]}, "properties": {"elevation_m": 0.0, "provenance": "OBSERVED"}}, {"type": "Feature", "geometry": {"type": "Point", "coordinates": [72.774444, 18.997222]}, "properties": {"elevation_m": 0.0, "provenance": "OBSERVED"}}, {"type": "Feature", "geometry": {"type": "Point", "coordinates": [72.780556, 18.997222]}, "properties": {"elevation_m": 0.0, "provenance": "OBSERVED"}}, {"type": "Feature", "geometry": {"type": "Point", "coordinates": [72.786667, 18.997222]}, "properties": {"elevation_m": 0.0, "provenance": "OBSERVED"}}, {"type": "Feature", "geometry": {"type": "Point", "coordinates": [72.792778, 18.997222]}, "properties": {"elevation_m": 0.0, "provenance": "OBSERVED"}}, {"type": "Feature", "geometry": {"type": "Point", "coordinates": [72.798889, 18.997222]}, "properties": {"elevation_m": 0.0, "provenance": "OBSERVED"}}, {"type": "Feature", "geometry": {"type": "Point", "coordinates": [72.805, 18.997222]}, "properties": {"elevation_m": 0.0, "provenance": "OBSERVED"}}, {"type": "Feature", "geometry": {"type": "Point", "coordinates": [72.811111, 18.997222]}, "properties": {"elevation_m": 0.0, "provenance": "OBSERVED"}}, {"type": "Feature", "geometry": {"type": "Point", "coordinates": [72.817222, 18.997222]}, "properties": {"elevation_m": 11.5, "provenance": "OBSERVED"}}, {"type": "Feature", "geometry": {"type": "Point", "coordinates": [72.823333, 18.997222]}, "properties": {"elevation_m": 7.4, "provenance": "OBSERVED"}}, {"type": "Feature", "geometry": {"type": "Point", "coordinates": [72.829444, 18.997222]}, "properties": {"elevation_m": 12.9, "provenance": "OBSERVED"}}, {"type": "Feature", "geometry": {"type": "Point", "coordinates": [72.835556, 18.997222]}, "properties": {"elevation_m": 10.7, "provenance": "OBSERVED"}}, {"type": "Feature", "geometry": {"type": "Point", "coordinates": [72.841667, 18.997222]}, "properties": {"elevation_m": 24.8, "provenance": "OBSERVED"}}, {"type": "Feature", "geometry": {"type": "Point", "coordinates": [72.847778, 18.997222]}, "properties": {"elevation_m": 20.2, "provenance": "OBSERVED"}}, {"type": "Feature", "geometry": {"type": "Point", "coordinates": [72.853889, 18.997222]}, "properties": {"elevation_m": 6.0, "provenance": "OBSERVED"}}, {"type": "Feature", "geometry": {"type": "Point", "coordinates": [72.86, 18.997222]}, "properties": {"elevation_m": 5.0, "provenance": "OBSERVED"}}, {"type": "Feature", "geometry": {"type": "Point", "coordinates": [72.866111, 18.997222]}, "properties": {"elevation_m": 0.0, "provenance": "OBSERVED"}}, {"type": "Feature", "geometry": {"type": "Point", "coordinates": [72.872222, 18.997222]}, "properties": {"elevation_m": 0.0, "provenance": "OBSERVED"}}, {"type": "Feature", "geometry": {"type": "Point", "coordinates": [72.878333, 18.997222]}, "properties": {"elevation_m": 0.0, "provenance": "OBSERVED"}}, {"type": "Feature", "geometry": {"type": "Point", "coordinates": [72.884444, 18.997222]}, "properties": {"elevation_m": 0.0, "provenance": "OBSERVED"}}, {"type": "Feature", "geometry": {"type": "Point", "coordinates": [72.890556, 18.997222]}, "properties": {"elevation_m": 1.5, "provenance": "OBSERVED"}}, {"type": "Feature", "geometry": {"type": "Point", "coordinates": [72.896667, 18.997222]}, "properties": {"elevation_m": 5.4, "provenance": "OBSERVED"}}, {"type": "Feature", "geometry": {"type": "Point", "coordinates": [72.902778, 18.997222]}, "properties": {"elevation_m": 2.9, "provenance": "OBSERVED"}}, {"type": "Feature", "geometry": {"type": "Point", "coordinates": [72.908889, 18.997222]}, "properties": {"elevation_m": 0.9, "provenance": "OBSERVED"}}, {"type": "Feature", "geometry": {"type": "Point", "coordinates": [72.915, 18.997222]}, "properties": {"elevation_m": 0.0, "provenance": "OBSERVED"}}, {"type": "Feature", "geometry": {"type": "Point", "coordinates": [72.921111, 18.997222]}, "properties": {"elevation_m": 0.0, "provenance": "OBSERVED"}}, {"type": "Feature", "geometry": {"type": "Point", "coordinates": [72.927222, 18.997222]}, "properties": {"elevation_m": 0.0, "provenance": "OBSERVED"}}, {"type": "Feature", "geometry": {"type": "Point", "coordinates": [72.933333, 18.997222]}, "properties": {"elevation_m": 0.0, "provenance": "OBSERVED"}}, {"type": "Feature", "geometry": {"type": "Point", "coordinates": [72.939444, 18.997222]}, "properties": {"elevation_m": 0.0, "provenance": "OBSERVED"}}, {"type": "Feature", "geometry": {"type": "Point", "coordinates": [72.945556, 18.997222]}, "properties": {"elevation_m": 0.0, "provenance": "OBSERVED"}}, {"type": "Feature", "geometry": {"type": "Point", "coordinates": [72.951667, 18.997222]}, "properties": {"elevation_m": 0.0, "provenance": "OBSERVED"}}, {"type": "Feature", "geometry": {"type": "Point", "coordinates": [72.957778, 18.997222]}, "properties": {"elevation_m": 0.0, "provenance": "OBSERVED"}}, {"type": "Feature", "geometry": {"type": "Point", "coordinates": [72.963889, 18.997222]}, "properties": {"elevation_m": 0.0, "provenance": "OBSERVED"}}, {"type": "Feature", "geometry": {"type": "Point", "coordinates": [72.97, 18.997222]}, "properties": {"elevation_m": 0.0, "provenance": "OBSERVED"}}, {"type": "Feature", "geometry": {"type": "Point", "coordinates": [72.976111, 18.997222]}, "properties": {"elevation_m": 0.0, "provenance": "OBSERVED"}}, {"type": "Feature", "geometry": {"type": "Point", "coordinates": [72.982222, 18.997222]}, "properties": {"elevation_m": 0.0, "provenance": "OBSERVED"}}, {"type": "Feature", "geometry": {"type": "Point", "coordinates": [72.988333, 18.997222]}, "properties": {"elevation_m": 0.0, "provenance": "OBSERVED"}}, {"type": "Feature", "geometry": {"type": "Point", "coordinates": [72.994444, 18.997222]}, "properties": {"elevation_m": 0.0, "provenance": "OBSERVED"}}, {"type": "Feature", "geometry": {"type": "Point", "coordinates": [73.000556, 18.997222]}, "properties": {"elevation_m": 0.0, "provenance": "OBSERVED"}}, {"type": "Feature", "geometry": {"type": "Point", "coordinates": [73.006667, 18.997222]}, "properties": {"elevation_m": 0.0, "provenance": "OBSERVED"}}, {"type": "Feature", "geometry": {"type": "Point", "coordinates": [73.012778, 18.997222]}, "properties": {"elevation_m": 0.0, "provenance": "OBSERVED"}}, {"type": "Feature", "geometry": {"type": "Point", "coordinates": [73.018889, 18.997222]}, "properties": {"elevation_m": 0.0, "provenance": "OBSERVED"}}, {"type": "Feature", "geometry": {"type": "Point", "coordinates": [73.025, 18.997222]}, "properties": {"elevation_m": 0.0, "provenance": "OBSERVED"}}, {"type": "Feature", "geometry": {"type": "Point", "coordinates": [73.031111, 18.997222]}, "properties": {"elevation_m": 0.0, "provenance": "OBSERVED"}}, {"type": "Feature", "geometry": {"type": "Point", "coordinates": [73.037222, 18.997222]}, "properties": {"elevation_m": 3.2, "provenance": "OBSERVED"}}, {"type": "Feature", "geometry": {"type": "Point", "coordinates": [73.043333, 18.997222]}, "properties": {"elevation_m": 15.2, "provenance": "OBSERVED"}}, {"type": "Feature", "geometry": {"type": "Point", "coordinates": [73.049722, 18.997222]}, "properties": {"elevation_m": 15.2, "provenance": "OBSERVED"}}, {"type": "Feature", "geometry": {"type": "Point", "coordinates": [72.75, 18.988056]}, "properties": {"elevation_m": 0.0, "provenance": "OBSERVED"}}, {"type": "Feature", "geometry": {"type": "Point", "coordinates": [72.756111, 18.988056]}, "properties": {"elevation_m": 0.0, "provenance": "OBSERVED"}}, {"type": "Feature", "geometry": {"type": "Point", "coordinates": [72.762222, 18.988056]}, "properties": {"elevation_m": 0.0, "provenance": "OBSERVED"}}, {"type": "Feature", "geometry": {"type": "Point", "coordinates": [72.768333, 18.988056]}, "properties": {"elevation_m": 0.0, "provenance": "OBSERVED"}}, {"type": "Feature", "geometry": {"type": "Point", "coordinates": [72.774444, 18.988056]}, "properties": {"elevation_m": 0.0, "provenance": "OBSERVED"}}, {"type": "Feature", "geometry": {"type": "Point", "coordinates": [72.780556, 18.988056]}, "properties": {"elevation_m": 0.0, "provenance": "OBSERVED"}}, {"type": "Feature", "geometry": {"type": "Point", "coordinates": [72.786667, 18.988056]}, "properties": {"elevation_m": 0.0, "provenance": "OBSERVED"}}, {"type": "Feature", "geometry": {"type": "Point", "coordinates": [72.792778, 18.988056]}, "properties": {"elevation_m": 0.0, "provenance": "OBSERVED"}}, {"type": "Feature", "geometry": {"type": "Point", "coordinates": [72.798889, 18.988056]}, "properties": {"elevation_m": 0.0, "provenance": "OBSERVED"}}, {"type": "Feature", "geometry": {"type": "Point", "coordinates": [72.805, 18.988056]}, "properties": {"elevation_m": 0.0, "provenance": "OBSERVED"}}, {"type": "Feature", "geometry": {"type": "Point", "coordinates": [72.811111, 18.988056]}, "properties": {"elevation_m": 10.1, "provenance": "OBSERVED"}}, {"type": "Feature", "geometry": {"type": "Point", "coordinates": [72.817222, 18.988056]}, "properties": {"elevation_m": 6.4, "provenance": "OBSERVED"}}, {"type": "Feature", "geometry": {"type": "Point", "coordinates": [72.823333, 18.988056]}, "properties": {"elevation_m": 11.3, "provenance": "OBSERVED"}}, {"type": "Feature", "geometry": {"type": "Point", "coordinates": [72.829444, 18.988056]}, "properties": {"elevation_m": 6.4, "provenance": "OBSERVED"}}, {"type": "Feature", "geometry": {"type": "Point", "coordinates": [72.835556, 18.988056]}, "properties": {"elevation_m": 9.3, "provenance": "OBSERVED"}}, {"type": "Feature", "geometry": {"type": "Point", "coordinates": [72.841667, 18.988056]}, "properties": {"elevation_m": 11.0, "provenance": "OBSERVED"}}, {"type": "Feature", "geometry": {"type": "Point", "coordinates": [72.847778, 18.988056]}, "properties": {"elevation_m": 7.7, "provenance": "OBSERVED"}}, {"type": "Feature", "geometry": {"type": "Point", "coordinates": [72.853889, 18.988056]}, "properties": {"elevation_m": 6.0, "provenance": "OBSERVED"}}, {"type": "Feature", "geometry": {"type": "Point", "coordinates": [72.86, 18.988056]}, "properties": {"elevation_m": 0.0, "provenance": "OBSERVED"}}, {"type": "Feature", "geometry": {"type": "Point", "coordinates": [72.866111, 18.988056]}, "properties": {"elevation_m": 0.0, "provenance": "OBSERVED"}}, {"type": "Feature", "geometry": {"type": "Point", "coordinates": [72.872222, 18.988056]}, "properties": {"elevation_m": 0.0, "provenance": "OBSERVED"}}, {"type": "Feature", "geometry": {"type": "Point", "coordinates": [72.878333, 18.988056]}, "properties": {"elevation_m": 0.0, "provenance": "OBSERVED"}}, {"type": "Feature", "geometry": {"type": "Point", "coordinates": [72.884444, 18.988056]}, "properties": {"elevation_m": 0.0, "provenance": "OBSERVED"}}, {"type": "Feature", "geometry": {"type": "Point", "coordinates": [72.890556, 18.988056]}, "properties": {"elevation_m": 0.0, "provenance": "OBSERVED"}}, {"type": "Feature", "geometry": {"type": "Point", "coordinates": [72.896667, 18.988056]}, "properties": {"elevation_m": 0.0, "provenance": "OBSERVED"}}, {"type": "Feature", "geometry": {"type": "Point", "coordinates": [72.902778, 18.988056]}, "properties": {"elevation_m": 0.0, "provenance": "OBSERVED"}}, {"type": "Feature", "geometry": {"type": "Point", "coordinates": [72.908889, 18.988056]}, "properties": {"elevation_m": 0.0, "provenance": "OBSERVED"}}, {"type": "Feature", "geometry": {"type": "Point", "coordinates": [72.915, 18.988056]}, "properties": {"elevation_m": 0.0, "provenance": "OBSERVED"}}, {"type": "Feature", "geometry": {"type": "Point", "coordinates": [72.921111, 18.988056]}, "properties": {"elevation_m": 0.0, "provenance": "OBSERVED"}}, {"type": "Feature", "geometry": {"type": "Point", "coordinates": [72.927222, 18.988056]}, "properties": {"elevation_m": 0.0, "provenance": "OBSERVED"}}, {"type": "Feature", "geometry": {"type": "Point", "coordinates": [72.933333, 18.988056]}, "properties": {"elevation_m": 0.0, "provenance": "OBSERVED"}}, {"type": "Feature", "geometry": {"type": "Point", "coordinates": [72.939444, 18.988056]}, "properties": {"elevation_m": 0.0, "provenance": "OBSERVED"}}, {"type": "Feature", "geometry": {"type": "Point", "coordinates": [72.945556, 18.988056]}, "properties": {"elevation_m": 0.0, "provenance": "OBSERVED"}}, {"type": "Feature", "geometry": {"type": "Point", "coordinates": [72.951667, 18.988056]}, "properties": {"elevation_m": 0.0, "provenance": "OBSERVED"}}, {"type": "Feature", "geometry": {"type": "Point", "coordinates": [72.957778, 18.988056]}, "properties": {"elevation_m": 0.0, "provenance": "OBSERVED"}}, {"type": "Feature", "geometry": {"type": "Point", "coordinates": [72.963889, 18.988056]}, "properties": {"elevation_m": 0.0, "provenance": "OBSERVED"}}, {"type": "Feature", "geometry": {"type": "Point", "coordinates": [72.97, 18.988056]}, "properties": {"elevation_m": 0.0, "provenance": "OBSERVED"}}, {"type": "Feature", "geometry": {"type": "Point", "coordinates": [72.976111, 18.988056]}, "properties": {"elevation_m": 0.0, "provenance": "OBSERVED"}}, {"type": "Feature", "geometry": {"type": "Point", "coordinates": [72.982222, 18.988056]}, "properties": {"elevation_m": 0.0, "provenance": "OBSERVED"}}, {"type": "Feature", "geometry": {"type": "Point", "coordinates": [72.988333, 18.988056]}, "properties": {"elevation_m": 0.0, "provenance": "OBSERVED"}}, {"type": "Feature", "geometry": {"type": "Point", "coordinates": [72.994444, 18.988056]}, "properties": {"elevation_m": 0.0, "provenance": "OBSERVED"}}, {"type": "Feature", "geometry": {"type": "Point", "coordinates": [73.000556, 18.988056]}, "properties": {"elevation_m": 0.0, "provenance": "OBSERVED"}}, {"type": "Feature", "geometry": {"type": "Point", "coordinates": [73.006667, 18.988056]}, "properties": {"elevation_m": 0.0, "provenance": "OBSERVED"}}, {"type": "Feature", "geometry": {"type": "Point", "coordinates": [73.012778, 18.988056]}, "properties": {"elevation_m": 0.0, "provenance": "OBSERVED"}}, {"type": "Feature", "geometry": {"type": "Point", "coordinates": [73.018889, 18.988056]}, "properties": {"elevation_m": 0.0, "provenance": "OBSERVED"}}, {"type": "Feature", "geometry": {"type": "Point", "coordinates": [73.025, 18.988056]}, "properties": {"elevation_m": 1.9, "provenance": "OBSERVED"}}, {"type": "Feature", "geometry": {"type": "Point", "coordinates": [73.031111, 18.988056]}, "properties": {"elevation_m": 7.1, "provenance": "OBSERVED"}}, {"type": "Feature", "geometry": {"type": "Point", "coordinates": [73.037222, 18.988056]}, "properties": {"elevation_m": 3.5, "provenance": "OBSERVED"}}, {"type": "Feature", "geometry": {"type": "Point", "coordinates": [73.043333, 18.988056]}, "properties": {"elevation_m": 27.7, "provenance": "OBSERVED"}}, {"type": "Feature", "geometry": {"type": "Point", "coordinates": [73.049722, 18.988056]}, "properties": {"elevation_m": 34.8, "provenance": "OBSERVED"}}, {"type": "Feature", "geometry": {"type": "Point", "coordinates": [72.75, 18.978889]}, "properties": {"elevation_m": 0.0, "provenance": "OBSERVED"}}, {"type": "Feature", "geometry": {"type": "Point", "coordinates": [72.756111, 18.978889]}, "properties": {"elevation_m": 0.0, "provenance": "OBSERVED"}}, {"type": "Feature", "geometry": {"type": "Point", "coordinates": [72.762222, 18.978889]}, "properties": {"elevation_m": 0.0, "provenance": "OBSERVED"}}, {"type": "Feature", "geometry": {"type": "Point", "coordinates": [72.768333, 18.978889]}, "properties": {"elevation_m": 0.0, "provenance": "OBSERVED"}}, {"type": "Feature", "geometry": {"type": "Point", "coordinates": [72.774444, 18.978889]}, "properties": {"elevation_m": 0.0, "provenance": "OBSERVED"}}, {"type": "Feature", "geometry": {"type": "Point", "coordinates": [72.780556, 18.978889]}, "properties": {"elevation_m": 0.0, "provenance": "OBSERVED"}}, {"type": "Feature", "geometry": {"type": "Point", "coordinates": [72.786667, 18.978889]}, "properties": {"elevation_m": 0.0, "provenance": "OBSERVED"}}, {"type": "Feature", "geometry": {"type": "Point", "coordinates": [72.792778, 18.978889]}, "properties": {"elevation_m": 0.0, "provenance": "OBSERVED"}}, {"type": "Feature", "geometry": {"type": "Point", "coordinates": [72.798889, 18.978889]}, "properties": {"elevation_m": 0.0, "provenance": "OBSERVED"}}, {"type": "Feature", "geometry": {"type": "Point", "coordinates": [72.805, 18.978889]}, "properties": {"elevation_m": 0.0, "provenance": "OBSERVED"}}, {"type": "Feature", "geometry": {"type": "Point", "coordinates": [72.811111, 18.978889]}, "properties": {"elevation_m": 0.0, "provenance": "OBSERVED"}}, {"type": "Feature", "geometry": {"type": "Point", "coordinates": [72.817222, 18.978889]}, "properties": {"elevation_m": 11.0, "provenance": "OBSERVED"}}, {"type": "Feature", "geometry": {"type": "Point", "coordinates": [72.823333, 18.978889]}, "properties": {"elevation_m": 10.2, "provenance": "OBSERVED"}}, {"type": "Feature", "geometry": {"type": "Point", "coordinates": [72.829444, 18.978889]}, "properties": {"elevation_m": 6.6, "provenance": "OBSERVED"}}, {"type": "Feature", "geometry": {"type": "Point", "coordinates": [72.835556, 18.978889]}, "properties": {"elevation_m": 11.5, "provenance": "OBSERVED"}}, {"type": "Feature", "geometry": {"type": "Point", "coordinates": [72.841667, 18.978889]}, "properties": {"elevation_m": 14.0, "provenance": "OBSERVED"}}, {"type": "Feature", "geometry": {"type": "Point", "coordinates": [72.847778, 18.978889]}, "properties": {"elevation_m": 6.0, "provenance": "OBSERVED"}}, {"type": "Feature", "geometry": {"type": "Point", "coordinates": [72.853889, 18.978889]}, "properties": {"elevation_m": 0.0, "provenance": "OBSERVED"}}, {"type": "Feature", "geometry": {"type": "Point", "coordinates": [72.86, 18.978889]}, "properties": {"elevation_m": 0.0, "provenance": "OBSERVED"}}, {"type": "Feature", "geometry": {"type": "Point", "coordinates": [72.866111, 18.978889]}, "properties": {"elevation_m": 0.0, "provenance": "OBSERVED"}}, {"type": "Feature", "geometry": {"type": "Point", "coordinates": [72.872222, 18.978889]}, "properties": {"elevation_m": 0.0, "provenance": "OBSERVED"}}, {"type": "Feature", "geometry": {"type": "Point", "coordinates": [72.878333, 18.978889]}, "properties": {"elevation_m": 0.0, "provenance": "OBSERVED"}}, {"type": "Feature", "geometry": {"type": "Point", "coordinates": [72.884444, 18.978889]}, "properties": {"elevation_m": 0.0, "provenance": "OBSERVED"}}, {"type": "Feature", "geometry": {"type": "Point", "coordinates": [72.890556, 18.978889]}, "properties": {"elevation_m": 0.0, "provenance": "OBSERVED"}}, {"type": "Feature", "geometry": {"type": "Point", "coordinates": [72.896667, 18.978889]}, "properties": {"elevation_m": 0.0, "provenance": "OBSERVED"}}, {"type": "Feature", "geometry": {"type": "Point", "coordinates": [72.902778, 18.978889]}, "properties": {"elevation_m": 0.0, "provenance": "OBSERVED"}}, {"type": "Feature", "geometry": {"type": "Point", "coordinates": [72.908889, 18.978889]}, "properties": {"elevation_m": 0.0, "provenance": "OBSERVED"}}, {"type": "Feature", "geometry": {"type": "Point", "coordinates": [72.915, 18.978889]}, "properties": {"elevation_m": 0.0, "provenance": "OBSERVED"}}, {"type": "Feature", "geometry": {"type": "Point", "coordinates": [72.921111, 18.978889]}, "properties": {"elevation_m": 0.0, "provenance": "OBSERVED"}}, {"type": "Feature", "geometry": {"type": "Point", "coordinates": [72.927222, 18.978889]}, "properties": {"elevation_m": 0.0, "provenance": "OBSERVED"}}, {"type": "Feature", "geometry": {"type": "Point", "coordinates": [72.933333, 18.978889]}, "properties": {"elevation_m": 0.0, "provenance": "OBSERVED"}}, {"type": "Feature", "geometry": {"type": "Point", "coordinates": [72.939444, 18.978889]}, "properties": {"elevation_m": 0.0, "provenance": "OBSERVED"}}, {"type": "Feature", "geometry": {"type": "Point", "coordinates": [72.945556, 18.978889]}, "properties": {"elevation_m": 0.0, "provenance": "OBSERVED"}}, {"type": "Feature", "geometry": {"type": "Point", "coordinates": [72.951667, 18.978889]}, "properties": {"elevation_m": 0.0, "provenance": "OBSERVED"}}, {"type": "Feature", "geometry": {"type": "Point", "coordinates": [72.957778, 18.978889]}, "properties": {"elevation_m": 0.0, "provenance": "OBSERVED"}}, {"type": "Feature", "geometry": {"type": "Point", "coordinates": [72.963889, 18.978889]}, "properties": {"elevation_m": 0.0, "provenance": "OBSERVED"}}, {"type": "Feature", "geometry": {"type": "Point", "coordinates": [72.97, 18.978889]}, "properties": {"elevation_m": 0.0, "provenance": "OBSERVED"}}, {"type": "Feature", "geometry": {"type": "Point", "coordinates": [72.976111, 18.978889]}, "properties": {"elevation_m": 0.0, "provenance": "OBSERVED"}}, {"type": "Feature", "geometry": {"type": "Point", "coordinates": [72.982222, 18.978889]}, "properties": {"elevation_m": 0.0, "provenance": "OBSERVED"}}, {"type": "Feature", "geometry": {"type": "Point", "coordinates": [72.988333, 18.978889]}, "properties": {"elevation_m": 0.0, "provenance": "OBSERVED"}}, {"type": "Feature", "geometry": {"type": "Point", "coordinates": [72.994444, 18.978889]}, "properties": {"elevation_m": 0.0, "provenance": "OBSERVED"}}, {"type": "Feature", "geometry": {"type": "Point", "coordinates": [73.000556, 18.978889]}, "properties": {"elevation_m": 0.0, "provenance": "OBSERVED"}}, {"type": "Feature", "geometry": {"type": "Point", "coordinates": [73.006667, 18.978889]}, "properties": {"elevation_m": 0.0, "provenance": "OBSERVED"}}, {"type": "Feature", "geometry": {"type": "Point", "coordinates": [73.012778, 18.978889]}, "properties": {"elevation_m": 0.0, "provenance": "OBSERVED"}}, {"type": "Feature", "geometry": {"type": "Point", "coordinates": [73.018889, 18.978889]}, "properties": {"elevation_m": 2.7, "provenance": "OBSERVED"}}, {"type": "Feature", "geometry": {"type": "Point", "coordinates": [73.025, 18.978889]}, "properties": {"elevation_m": 6.8, "provenance": "OBSERVED"}}, {"type": "Feature", "geometry": {"type": "Point", "coordinates": [73.031111, 18.978889]}, "properties": {"elevation_m": 4.5, "provenance": "OBSERVED"}}, {"type": "Feature", "geometry": {"type": "Point", "coordinates": [73.037222, 18.978889]}, "properties": {"elevation_m": 3.2, "provenance": "OBSERVED"}}, {"type": "Feature", "geometry": {"type": "Point", "coordinates": [73.043333, 18.978889]}, "properties": {"elevation_m": 3.0, "provenance": "OBSERVED"}}, {"type": "Feature", "geometry": {"type": "Point", "coordinates": [73.049722, 18.978889]}, "properties": {"elevation_m": 11.8, "provenance": "OBSERVED"}}, {"type": "Feature", "geometry": {"type": "Point", "coordinates": [72.75, 18.969722]}, "properties": {"elevation_m": 0.0, "provenance": "OBSERVED"}}, {"type": "Feature", "geometry": {"type": "Point", "coordinates": [72.756111, 18.969722]}, "properties": {"elevation_m": 0.0, "provenance": "OBSERVED"}}, {"type": "Feature", "geometry": {"type": "Point", "coordinates": [72.762222, 18.969722]}, "properties": {"elevation_m": 0.0, "provenance": "OBSERVED"}}, {"type": "Feature", "geometry": {"type": "Point", "coordinates": [72.768333, 18.969722]}, "properties": {"elevation_m": 0.0, "provenance": "OBSERVED"}}, {"type": "Feature", "geometry": {"type": "Point", "coordinates": [72.774444, 18.969722]}, "properties": {"elevation_m": 0.0, "provenance": "OBSERVED"}}, {"type": "Feature", "geometry": {"type": "Point", "coordinates": [72.780556, 18.969722]}, "properties": {"elevation_m": 0.0, "provenance": "OBSERVED"}}, {"type": "Feature", "geometry": {"type": "Point", "coordinates": [72.786667, 18.969722]}, "properties": {"elevation_m": 0.0, "provenance": "OBSERVED"}}, {"type": "Feature", "geometry": {"type": "Point", "coordinates": [72.792778, 18.969722]}, "properties": {"elevation_m": 0.0, "provenance": "OBSERVED"}}, {"type": "Feature", "geometry": {"type": "Point", "coordinates": [72.798889, 18.969722]}, "properties": {"elevation_m": 0.0, "provenance": "OBSERVED"}}, {"type": "Feature", "geometry": {"type": "Point", "coordinates": [72.805, 18.969722]}, "properties": {"elevation_m": 11.4, "provenance": "OBSERVED"}}, {"type": "Feature", "geometry": {"type": "Point", "coordinates": [72.811111, 18.969722]}, "properties": {"elevation_m": 53.1, "provenance": "OBSERVED"}}, {"type": "Feature", "geometry": {"type": "Point", "coordinates": [72.817222, 18.969722]}, "properties": {"elevation_m": 11.5, "provenance": "OBSERVED"}}, {"type": "Feature", "geometry": {"type": "Point", "coordinates": [72.823333, 18.969722]}, "properties": {"elevation_m": 14.8, "provenance": "OBSERVED"}}, {"type": "Feature", "geometry": {"type": "Point", "coordinates": [72.829444, 18.969722]}, "properties": {"elevation_m": 14.2, "provenance": "OBSERVED"}}, {"type": "Feature", "geometry": {"type": "Point", "coordinates": [72.835556, 18.969722]}, "properties": {"elevation_m": 14.5, "provenance": "OBSERVED"}}, {"type": "Feature", "geometry": {"type": "Point", "coordinates": [72.841667, 18.969722]}, "properties": {"elevation_m": 23.6, "provenance": "OBSERVED"}}, {"type": "Feature", "geometry": {"type": "Point", "coordinates": [72.847778, 18.969722]}, "properties": {"elevation_m": 5.1, "provenance": "OBSERVED"}}, {"type": "Feature", "geometry": {"type": "Point", "coordinates": [72.853889, 18.969722]}, "properties": {"elevation_m": 0.0, "provenance": "OBSERVED"}}, {"type": "Feature", "geometry": {"type": "Point", "coordinates": [72.86, 18.969722]}, "properties": {"elevation_m": 0.0, "provenance": "OBSERVED"}}, {"type": "Feature", "geometry": {"type": "Point", "coordinates": [72.866111, 18.969722]}, "properties": {"elevation_m": 0.0, "provenance": "OBSERVED"}}, {"type": "Feature", "geometry": {"type": "Point", "coordinates": [72.872222, 18.969722]}, "properties": {"elevation_m": 0.0, "provenance": "OBSERVED"}}, {"type": "Feature", "geometry": {"type": "Point", "coordinates": [72.878333, 18.969722]}, "properties": {"elevation_m": 0.0, "provenance": "OBSERVED"}}, {"type": "Feature", "geometry": {"type": "Point", "coordinates": [72.884444, 18.969722]}, "properties": {"elevation_m": 0.0, "provenance": "OBSERVED"}}, {"type": "Feature", "geometry": {"type": "Point", "coordinates": [72.890556, 18.969722]}, "properties": {"elevation_m": 0.0, "provenance": "OBSERVED"}}, {"type": "Feature", "geometry": {"type": "Point", "coordinates": [72.896667, 18.969722]}, "properties": {"elevation_m": 0.0, "provenance": "OBSERVED"}}, {"type": "Feature", "geometry": {"type": "Point", "coordinates": [72.902778, 18.969722]}, "properties": {"elevation_m": 0.0, "provenance": "OBSERVED"}}, {"type": "Feature", "geometry": {"type": "Point", "coordinates": [72.908889, 18.969722]}, "properties": {"elevation_m": 0.0, "provenance": "OBSERVED"}}, {"type": "Feature", "geometry": {"type": "Point", "coordinates": [72.915, 18.969722]}, "properties": {"elevation_m": 0.0, "provenance": "OBSERVED"}}, {"type": "Feature", "geometry": {"type": "Point", "coordinates": [72.921111, 18.969722]}, "properties": {"elevation_m": 0.0, "provenance": "OBSERVED"}}, {"type": "Feature", "geometry": {"type": "Point", "coordinates": [72.927222, 18.969722]}, "properties": {"elevation_m": 0.0, "provenance": "OBSERVED"}}, {"type": "Feature", "geometry": {"type": "Point", "coordinates": [72.933333, 18.969722]}, "properties": {"elevation_m": 1.6, "provenance": "OBSERVED"}}, {"type": "Feature", "geometry": {"type": "Point", "coordinates": [72.939444, 18.969722]}, "properties": {"elevation_m": 20.3, "provenance": "OBSERVED"}}, {"type": "Feature", "geometry": {"type": "Point", "coordinates": [72.945556, 18.969722]}, "properties": {"elevation_m": 0.0, "provenance": "OBSERVED"}}, {"type": "Feature", "geometry": {"type": "Point", "coordinates": [72.951667, 18.969722]}, "properties": {"elevation_m": 0.0, "provenance": "OBSERVED"}}, {"type": "Feature", "geometry": {"type": "Point", "coordinates": [72.957778, 18.969722]}, "properties": {"elevation_m": 18.9, "provenance": "OBSERVED"}}, {"type": "Feature", "geometry": {"type": "Point", "coordinates": [72.963889, 18.969722]}, "properties": {"elevation_m": 0.0, "provenance": "OBSERVED"}}, {"type": "Feature", "geometry": {"type": "Point", "coordinates": [72.97, 18.969722]}, "properties": {"elevation_m": 0.0, "provenance": "OBSERVED"}}, {"type": "Feature", "geometry": {"type": "Point", "coordinates": [72.976111, 18.969722]}, "properties": {"elevation_m": 0.0, "provenance": "OBSERVED"}}, {"type": "Feature", "geometry": {"type": "Point", "coordinates": [72.982222, 18.969722]}, "properties": {"elevation_m": 0.0, "provenance": "OBSERVED"}}, {"type": "Feature", "geometry": {"type": "Point", "coordinates": [72.988333, 18.969722]}, "properties": {"elevation_m": 0.0, "provenance": "OBSERVED"}}, {"type": "Feature", "geometry": {"type": "Point", "coordinates": [72.994444, 18.969722]}, "properties": {"elevation_m": 0.0, "provenance": "OBSERVED"}}, {"type": "Feature", "geometry": {"type": "Point", "coordinates": [73.000556, 18.969722]}, "properties": {"elevation_m": 2.5, "provenance": "OBSERVED"}}, {"type": "Feature", "geometry": {"type": "Point", "coordinates": [73.006667, 18.969722]}, "properties": {"elevation_m": 2.1, "provenance": "OBSERVED"}}, {"type": "Feature", "geometry": {"type": "Point", "coordinates": [73.012778, 18.969722]}, "properties": {"elevation_m": 4.9, "provenance": "OBSERVED"}}, {"type": "Feature", "geometry": {"type": "Point", "coordinates": [73.018889, 18.969722]}, "properties": {"elevation_m": 5.2, "provenance": "OBSERVED"}}, {"type": "Feature", "geometry": {"type": "Point", "coordinates": [73.025, 18.969722]}, "properties": {"elevation_m": 26.7, "provenance": "OBSERVED"}}, {"type": "Feature", "geometry": {"type": "Point", "coordinates": [73.031111, 18.969722]}, "properties": {"elevation_m": 5.7, "provenance": "OBSERVED"}}, {"type": "Feature", "geometry": {"type": "Point", "coordinates": [73.037222, 18.969722]}, "properties": {"elevation_m": 28.9, "provenance": "OBSERVED"}}, {"type": "Feature", "geometry": {"type": "Point", "coordinates": [73.043333, 18.969722]}, "properties": {"elevation_m": 7.1, "provenance": "OBSERVED"}}, {"type": "Feature", "geometry": {"type": "Point", "coordinates": [73.049722, 18.969722]}, "properties": {"elevation_m": 15.5, "provenance": "OBSERVED"}}, {"type": "Feature", "geometry": {"type": "Point", "coordinates": [72.75, 18.960556]}, "properties": {"elevation_m": 0.0, "provenance": "OBSERVED"}}, {"type": "Feature", "geometry": {"type": "Point", "coordinates": [72.756111, 18.960556]}, "properties": {"elevation_m": 0.0, "provenance": "OBSERVED"}}, {"type": "Feature", "geometry": {"type": "Point", "coordinates": [72.762222, 18.960556]}, "properties": {"elevation_m": 0.0, "provenance": "OBSERVED"}}, {"type": "Feature", "geometry": {"type": "Point", "coordinates": [72.768333, 18.960556]}, "properties": {"elevation_m": 0.0, "provenance": "OBSERVED"}}, {"type": "Feature", "geometry": {"type": "Point", "coordinates": [72.774444, 18.960556]}, "properties": {"elevation_m": 0.0, "provenance": "OBSERVED"}}, {"type": "Feature", "geometry": {"type": "Point", "coordinates": [72.780556, 18.960556]}, "properties": {"elevation_m": 0.0, "provenance": "OBSERVED"}}, {"type": "Feature", "geometry": {"type": "Point", "coordinates": [72.786667, 18.960556]}, "properties": {"elevation_m": 0.0, "provenance": "OBSERVED"}}, {"type": "Feature", "geometry": {"type": "Point", "coordinates": [72.792778, 18.960556]}, "properties": {"elevation_m": 0.0, "provenance": "OBSERVED"}}, {"type": "Feature", "geometry": {"type": "Point", "coordinates": [72.798889, 18.960556]}, "properties": {"elevation_m": 0.0, "provenance": "OBSERVED"}}, {"type": "Feature", "geometry": {"type": "Point", "coordinates": [72.805, 18.960556]}, "properties": {"elevation_m": 53.6, "provenance": "OBSERVED"}}, {"type": "Feature", "geometry": {"type": "Point", "coordinates": [72.811111, 18.960556]}, "properties": {"elevation_m": 16.6, "provenance": "OBSERVED"}}, {"type": "Feature", "geometry": {"type": "Point", "coordinates": [72.817222, 18.960556]}, "properties": {"elevation_m": 10.8, "provenance": "OBSERVED"}}, {"type": "Feature", "geometry": {"type": "Point", "coordinates": [72.823333, 18.960556]}, "properties": {"elevation_m": 10.1, "provenance": "OBSERVED"}}, {"type": "Feature", "geometry": {"type": "Point", "coordinates": [72.829444, 18.960556]}, "properties": {"elevation_m": 11.0, "provenance": "OBSERVED"}}, {"type": "Feature", "geometry": {"type": "Point", "coordinates": [72.835556, 18.960556]}, "properties": {"elevation_m": 15.2, "provenance": "OBSERVED"}}, {"type": "Feature", "geometry": {"type": "Point", "coordinates": [72.841667, 18.960556]}, "properties": {"elevation_m": 5.4, "provenance": "OBSERVED"}}, {"type": "Feature", "geometry": {"type": "Point", "coordinates": [72.847778, 18.960556]}, "properties": {"elevation_m": 5.7, "provenance": "OBSERVED"}}, {"type": "Feature", "geometry": {"type": "Point", "coordinates": [72.853889, 18.960556]}, "properties": {"elevation_m": 0.0, "provenance": "OBSERVED"}}, {"type": "Feature", "geometry": {"type": "Point", "coordinates": [72.86, 18.960556]}, "properties": {"elevation_m": 0.0, "provenance": "OBSERVED"}}, {"type": "Feature", "geometry": {"type": "Point", "coordinates": [72.866111, 18.960556]}, "properties": {"elevation_m": 0.0, "provenance": "OBSERVED"}}, {"type": "Feature", "geometry": {"type": "Point", "coordinates": [72.872222, 18.960556]}, "properties": {"elevation_m": 0.0, "provenance": "OBSERVED"}}, {"type": "Feature", "geometry": {"type": "Point", "coordinates": [72.878333, 18.960556]}, "properties": {"elevation_m": 0.0, "provenance": "OBSERVED"}}, {"type": "Feature", "geometry": {"type": "Point", "coordinates": [72.884444, 18.960556]}, "properties": {"elevation_m": 0.0, "provenance": "OBSERVED"}}, {"type": "Feature", "geometry": {"type": "Point", "coordinates": [72.890556, 18.960556]}, "properties": {"elevation_m": 0.0, "provenance": "OBSERVED"}}, {"type": "Feature", "geometry": {"type": "Point", "coordinates": [72.896667, 18.960556]}, "properties": {"elevation_m": 0.0, "provenance": "OBSERVED"}}, {"type": "Feature", "geometry": {"type": "Point", "coordinates": [72.902778, 18.960556]}, "properties": {"elevation_m": 10.8, "provenance": "OBSERVED"}}, {"type": "Feature", "geometry": {"type": "Point", "coordinates": [72.908889, 18.960556]}, "properties": {"elevation_m": 0.0, "provenance": "OBSERVED"}}, {"type": "Feature", "geometry": {"type": "Point", "coordinates": [72.915, 18.960556]}, "properties": {"elevation_m": 0.0, "provenance": "OBSERVED"}}, {"type": "Feature", "geometry": {"type": "Point", "coordinates": [72.921111, 18.960556]}, "properties": {"elevation_m": 0.0, "provenance": "OBSERVED"}}, {"type": "Feature", "geometry": {"type": "Point", "coordinates": [72.927222, 18.960556]}, "properties": {"elevation_m": 65.3, "provenance": "OBSERVED"}}, {"type": "Feature", "geometry": {"type": "Point", "coordinates": [72.933333, 18.960556]}, "properties": {"elevation_m": 37.8, "provenance": "OBSERVED"}}, {"type": "Feature", "geometry": {"type": "Point", "coordinates": [72.939444, 18.960556]}, "properties": {"elevation_m": 0.0, "provenance": "OBSERVED"}}, {"type": "Feature", "geometry": {"type": "Point", "coordinates": [72.945556, 18.960556]}, "properties": {"elevation_m": 0.0, "provenance": "OBSERVED"}}, {"type": "Feature", "geometry": {"type": "Point", "coordinates": [72.951667, 18.960556]}, "properties": {"elevation_m": 2.8, "provenance": "OBSERVED"}}, {"type": "Feature", "geometry": {"type": "Point", "coordinates": [72.957778, 18.960556]}, "properties": {"elevation_m": 0.0, "provenance": "OBSERVED"}}, {"type": "Feature", "geometry": {"type": "Point", "coordinates": [72.963889, 18.960556]}, "properties": {"elevation_m": 4.8, "provenance": "OBSERVED"}}, {"type": "Feature", "geometry": {"type": "Point", "coordinates": [72.97, 18.960556]}, "properties": {"elevation_m": 2.2, "provenance": "OBSERVED"}}, {"type": "Feature", "geometry": {"type": "Point", "coordinates": [72.976111, 18.960556]}, "properties": {"elevation_m": 1.6, "provenance": "OBSERVED"}}, {"type": "Feature", "geometry": {"type": "Point", "coordinates": [72.982222, 18.960556]}, "properties": {"elevation_m": 2.1, "provenance": "OBSERVED"}}, {"type": "Feature", "geometry": {"type": "Point", "coordinates": [72.988333, 18.960556]}, "properties": {"elevation_m": 2.5, "provenance": "OBSERVED"}}, {"type": "Feature", "geometry": {"type": "Point", "coordinates": [72.994444, 18.960556]}, "properties": {"elevation_m": 2.4, "provenance": "OBSERVED"}}, {"type": "Feature", "geometry": {"type": "Point", "coordinates": [73.000556, 18.960556]}, "properties": {"elevation_m": 1.7, "provenance": "OBSERVED"}}, {"type": "Feature", "geometry": {"type": "Point", "coordinates": [73.006667, 18.960556]}, "properties": {"elevation_m": 2.1, "provenance": "OBSERVED"}}, {"type": "Feature", "geometry": {"type": "Point", "coordinates": [73.012778, 18.960556]}, "properties": {"elevation_m": 7.1, "provenance": "OBSERVED"}}, {"type": "Feature", "geometry": {"type": "Point", "coordinates": [73.018889, 18.960556]}, "properties": {"elevation_m": 5.5, "provenance": "OBSERVED"}}, {"type": "Feature", "geometry": {"type": "Point", "coordinates": [73.025, 18.960556]}, "properties": {"elevation_m": 23.1, "provenance": "OBSERVED"}}, {"type": "Feature", "geometry": {"type": "Point", "coordinates": [73.031111, 18.960556]}, "properties": {"elevation_m": 12.0, "provenance": "OBSERVED"}}, {"type": "Feature", "geometry": {"type": "Point", "coordinates": [73.037222, 18.960556]}, "properties": {"elevation_m": 30.3, "provenance": "OBSERVED"}}, {"type": "Feature", "geometry": {"type": "Point", "coordinates": [73.043333, 18.960556]}, "properties": {"elevation_m": 31.8, "provenance": "OBSERVED"}}, {"type": "Feature", "geometry": {"type": "Point", "coordinates": [73.049722, 18.960556]}, "properties": {"elevation_m": 24.6, "provenance": "OBSERVED"}}, {"type": "Feature", "geometry": {"type": "Point", "coordinates": [72.75, 18.951389]}, "properties": {"elevation_m": 0.0, "provenance": "OBSERVED"}}, {"type": "Feature", "geometry": {"type": "Point", "coordinates": [72.756111, 18.951389]}, "properties": {"elevation_m": 0.0, "provenance": "OBSERVED"}}, {"type": "Feature", "geometry": {"type": "Point", "coordinates": [72.762222, 18.951389]}, "properties": {"elevation_m": 0.0, "provenance": "OBSERVED"}}, {"type": "Feature", "geometry": {"type": "Point", "coordinates": [72.768333, 18.951389]}, "properties": {"elevation_m": 0.0, "provenance": "OBSERVED"}}, {"type": "Feature", "geometry": {"type": "Point", "coordinates": [72.774444, 18.951389]}, "properties": {"elevation_m": 0.0, "provenance": "OBSERVED"}}, {"type": "Feature", "geometry": {"type": "Point", "coordinates": [72.780556, 18.951389]}, "properties": {"elevation_m": 0.0, "provenance": "OBSERVED"}}, {"type": "Feature", "geometry": {"type": "Point", "coordinates": [72.786667, 18.951389]}, "properties": {"elevation_m": 0.0, "provenance": "OBSERVED"}}, {"type": "Feature", "geometry": {"type": "Point", "coordinates": [72.792778, 18.951389]}, "properties": {"elevation_m": 2.4, "provenance": "OBSERVED"}}, {"type": "Feature", "geometry": {"type": "Point", "coordinates": [72.798889, 18.951389]}, "properties": {"elevation_m": 49.6, "provenance": "OBSERVED"}}, {"type": "Feature", "geometry": {"type": "Point", "coordinates": [72.805, 18.951389]}, "properties": {"elevation_m": 0.0, "provenance": "OBSERVED"}}, {"type": "Feature", "geometry": {"type": "Point", "coordinates": [72.811111, 18.951389]}, "properties": {"elevation_m": 0.0, "provenance": "OBSERVED"}}, {"type": "Feature", "geometry": {"type": "Point", "coordinates": [72.817222, 18.951389]}, "properties": {"elevation_m": 4.3, "provenance": "OBSERVED"}}, {"type": "Feature", "geometry": {"type": "Point", "coordinates": [72.823333, 18.951389]}, "properties": {"elevation_m": 13.4, "provenance": "OBSERVED"}}, {"type": "Feature", "geometry": {"type": "Point", "coordinates": [72.829444, 18.951389]}, "properties": {"elevation_m": 16.0, "provenance": "OBSERVED"}}, {"type": "Feature", "geometry": {"type": "Point", "coordinates": [72.835556, 18.951389]}, "properties": {"elevation_m": 21.5, "provenance": "OBSERVED"}}, {"type": "Feature", "geometry": {"type": "Point", "coordinates": [72.841667, 18.951389]}, "properties": {"elevation_m": 5.7, "provenance": "OBSERVED"}}, {"type": "Feature", "geometry": {"type": "Point", "coordinates": [72.847778, 18.951389]}, "properties": {"elevation_m": 0.0, "provenance": "OBSERVED"}}, {"type": "Feature", "geometry": {"type": "Point", "coordinates": [72.853889, 18.951389]}, "properties": {"elevation_m": 0.0, "provenance": "OBSERVED"}}, {"type": "Feature", "geometry": {"type": "Point", "coordinates": [72.86, 18.951389]}, "properties": {"elevation_m": 0.0, "provenance": "OBSERVED"}}, {"type": "Feature", "geometry": {"type": "Point", "coordinates": [72.866111, 18.951389]}, "properties": {"elevation_m": 0.0, "provenance": "OBSERVED"}}, {"type": "Feature", "geometry": {"type": "Point", "coordinates": [72.872222, 18.951389]}, "properties": {"elevation_m": 0.0, "provenance": "OBSERVED"}}, {"type": "Feature", "geometry": {"type": "Point", "coordinates": [72.878333, 18.951389]}, "properties": {"elevation_m": 0.0, "provenance": "OBSERVED"}}, {"type": "Feature", "geometry": {"type": "Point", "coordinates": [72.884444, 18.951389]}, "properties": {"elevation_m": 0.0, "provenance": "OBSERVED"}}, {"type": "Feature", "geometry": {"type": "Point", "coordinates": [72.890556, 18.951389]}, "properties": {"elevation_m": 0.0, "provenance": "OBSERVED"}}, {"type": "Feature", "geometry": {"type": "Point", "coordinates": [72.896667, 18.951389]}, "properties": {"elevation_m": 0.0, "provenance": "OBSERVED"}}, {"type": "Feature", "geometry": {"type": "Point", "coordinates": [72.902778, 18.951389]}, "properties": {"elevation_m": 0.0, "provenance": "OBSERVED"}}, {"type": "Feature", "geometry": {"type": "Point", "coordinates": [72.908889, 18.951389]}, "properties": {"elevation_m": 0.0, "provenance": "OBSERVED"}}, {"type": "Feature", "geometry": {"type": "Point", "coordinates": [72.915, 18.951389]}, "properties": {"elevation_m": 0.0, "provenance": "OBSERVED"}}, {"type": "Feature", "geometry": {"type": "Point", "coordinates": [72.921111, 18.951389]}, "properties": {"elevation_m": 0.0, "provenance": "OBSERVED"}}, {"type": "Feature", "geometry": {"type": "Point", "coordinates": [72.927222, 18.951389]}, "properties": {"elevation_m": 0.0, "provenance": "OBSERVED"}}, {"type": "Feature", "geometry": {"type": "Point", "coordinates": [72.933333, 18.951389]}, "properties": {"elevation_m": 0.0, "provenance": "OBSERVED"}}, {"type": "Feature", "geometry": {"type": "Point", "coordinates": [72.939444, 18.951389]}, "properties": {"elevation_m": 0.0, "provenance": "OBSERVED"}}, {"type": "Feature", "geometry": {"type": "Point", "coordinates": [72.945556, 18.951389]}, "properties": {"elevation_m": 0.0, "provenance": "OBSERVED"}}, {"type": "Feature", "geometry": {"type": "Point", "coordinates": [72.951667, 18.951389]}, "properties": {"elevation_m": 4.8, "provenance": "OBSERVED"}}, {"type": "Feature", "geometry": {"type": "Point", "coordinates": [72.957778, 18.951389]}, "properties": {"elevation_m": 5.6, "provenance": "OBSERVED"}}, {"type": "Feature", "geometry": {"type": "Point", "coordinates": [72.963889, 18.951389]}, "properties": {"elevation_m": 4.4, "provenance": "OBSERVED"}}, {"type": "Feature", "geometry": {"type": "Point", "coordinates": [72.97, 18.951389]}, "properties": {"elevation_m": 0.0, "provenance": "OBSERVED"}}, {"type": "Feature", "geometry": {"type": "Point", "coordinates": [72.976111, 18.951389]}, "properties": {"elevation_m": 0.0, "provenance": "OBSERVED"}}, {"type": "Feature", "geometry": {"type": "Point", "coordinates": [72.982222, 18.951389]}, "properties": {"elevation_m": 2.0, "provenance": "OBSERVED"}}, {"type": "Feature", "geometry": {"type": "Point", "coordinates": [72.988333, 18.951389]}, "properties": {"elevation_m": 2.5, "provenance": "OBSERVED"}}, {"type": "Feature", "geometry": {"type": "Point", "coordinates": [72.994444, 18.951389]}, "properties": {"elevation_m": 0.0, "provenance": "OBSERVED"}}, {"type": "Feature", "geometry": {"type": "Point", "coordinates": [73.000556, 18.951389]}, "properties": {"elevation_m": 0.0, "provenance": "OBSERVED"}}, {"type": "Feature", "geometry": {"type": "Point", "coordinates": [73.006667, 18.951389]}, "properties": {"elevation_m": 4.6, "provenance": "OBSERVED"}}, {"type": "Feature", "geometry": {"type": "Point", "coordinates": [73.012778, 18.951389]}, "properties": {"elevation_m": 17.2, "provenance": "OBSERVED"}}, {"type": "Feature", "geometry": {"type": "Point", "coordinates": [73.018889, 18.951389]}, "properties": {"elevation_m": 23.0, "provenance": "OBSERVED"}}, {"type": "Feature", "geometry": {"type": "Point", "coordinates": [73.025, 18.951389]}, "properties": {"elevation_m": 17.1, "provenance": "OBSERVED"}}, {"type": "Feature", "geometry": {"type": "Point", "coordinates": [73.031111, 18.951389]}, "properties": {"elevation_m": 18.3, "provenance": "OBSERVED"}}, {"type": "Feature", "geometry": {"type": "Point", "coordinates": [73.037222, 18.951389]}, "properties": {"elevation_m": 48.0, "provenance": "OBSERVED"}}, {"type": "Feature", "geometry": {"type": "Point", "coordinates": [73.043333, 18.951389]}, "properties": {"elevation_m": 60.1, "provenance": "OBSERVED"}}, {"type": "Feature", "geometry": {"type": "Point", "coordinates": [73.049722, 18.951389]}, "properties": {"elevation_m": 94.1, "provenance": "OBSERVED"}}, {"type": "Feature", "geometry": {"type": "Point", "coordinates": [72.75, 18.942222]}, "properties": {"elevation_m": 0.0, "provenance": "OBSERVED"}}, {"type": "Feature", "geometry": {"type": "Point", "coordinates": [72.756111, 18.942222]}, "properties": {"elevation_m": 0.0, "provenance": "OBSERVED"}}, {"type": "Feature", "geometry": {"type": "Point", "coordinates": [72.762222, 18.942222]}, "properties": {"elevation_m": 0.0, "provenance": "OBSERVED"}}, {"type": "Feature", "geometry": {"type": "Point", "coordinates": [72.768333, 18.942222]}, "properties": {"elevation_m": 0.0, "provenance": "OBSERVED"}}, {"type": "Feature", "geometry": {"type": "Point", "coordinates": [72.774444, 18.942222]}, "properties": {"elevation_m": 0.0, "provenance": "OBSERVED"}}, {"type": "Feature", "geometry": {"type": "Point", "coordinates": [72.780556, 18.942222]}, "properties": {"elevation_m": 0.0, "provenance": "OBSERVED"}}, {"type": "Feature", "geometry": {"type": "Point", "coordinates": [72.786667, 18.942222]}, "properties": {"elevation_m": 0.0, "provenance": "OBSERVED"}}, {"type": "Feature", "geometry": {"type": "Point", "coordinates": [72.792778, 18.942222]}, "properties": {"elevation_m": 0.0, "provenance": "OBSERVED"}}, {"type": "Feature", "geometry": {"type": "Point", "coordinates": [72.798889, 18.942222]}, "properties": {"elevation_m": 0.0, "provenance": "OBSERVED"}}, {"type": "Feature", "geometry": {"type": "Point", "coordinates": [72.805, 18.942222]}, "properties": {"elevation_m": 0.0, "provenance": "OBSERVED"}}, {"type": "Feature", "geometry": {"type": "Point", "coordinates": [72.811111, 18.942222]}, "properties": {"elevation_m": 0.0, "provenance": "OBSERVED"}}, {"type": "Feature", "geometry": {"type": "Point", "coordinates": [72.817222, 18.942222]}, "properties": {"elevation_m": 0.0, "provenance": "OBSERVED"}}, {"type": "Feature", "geometry": {"type": "Point", "coordinates": [72.823333, 18.942222]}, "properties": {"elevation_m": 1.6, "provenance": "OBSERVED"}}, {"type": "Feature", "geometry": {"type": "Point", "coordinates": [72.829444, 18.942222]}, "properties": {"elevation_m": 10.2, "provenance": "OBSERVED"}}, {"type": "Feature", "geometry": {"type": "Point", "coordinates": [72.835556, 18.942222]}, "properties": {"elevation_m": 16.5, "provenance": "OBSERVED"}}, {"type": "Feature", "geometry": {"type": "Point", "coordinates": [72.841667, 18.942222]}, "properties": {"elevation_m": 0.3, "provenance": "OBSERVED"}}, {"type": "Feature", "geometry": {"type": "Point", "coordinates": [72.847778, 18.942222]}, "properties": {"elevation_m": 0.0, "provenance": "OBSERVED"}}, {"type": "Feature", "geometry": {"type": "Point", "coordinates": [72.853889, 18.942222]}, "properties": {"elevation_m": 0.0, "provenance": "OBSERVED"}}, {"type": "Feature", "geometry": {"type": "Point", "coordinates": [72.86, 18.942222]}, "properties": {"elevation_m": 0.0, "provenance": "OBSERVED"}}, {"type": "Feature", "geometry": {"type": "Point", "coordinates": [72.866111, 18.942222]}, "properties": {"elevation_m": 0.0, "provenance": "OBSERVED"}}, {"type": "Feature", "geometry": {"type": "Point", "coordinates": [72.872222, 18.942222]}, "properties": {"elevation_m": 0.0, "provenance": "OBSERVED"}}, {"type": "Feature", "geometry": {"type": "Point", "coordinates": [72.878333, 18.942222]}, "properties": {"elevation_m": 0.0, "provenance": "OBSERVED"}}, {"type": "Feature", "geometry": {"type": "Point", "coordinates": [72.884444, 18.942222]}, "properties": {"elevation_m": 0.0, "provenance": "OBSERVED"}}, {"type": "Feature", "geometry": {"type": "Point", "coordinates": [72.890556, 18.942222]}, "properties": {"elevation_m": 0.0, "provenance": "OBSERVED"}}, {"type": "Feature", "geometry": {"type": "Point", "coordinates": [72.896667, 18.942222]}, "properties": {"elevation_m": 0.0, "provenance": "OBSERVED"}}, {"type": "Feature", "geometry": {"type": "Point", "coordinates": [72.902778, 18.942222]}, "properties": {"elevation_m": 0.0, "provenance": "OBSERVED"}}, {"type": "Feature", "geometry": {"type": "Point", "coordinates": [72.908889, 18.942222]}, "properties": {"elevation_m": 0.0, "provenance": "OBSERVED"}}, {"type": "Feature", "geometry": {"type": "Point", "coordinates": [72.915, 18.942222]}, "properties": {"elevation_m": 0.0, "provenance": "OBSERVED"}}, {"type": "Feature", "geometry": {"type": "Point", "coordinates": [72.921111, 18.942222]}, "properties": {"elevation_m": 0.0, "provenance": "OBSERVED"}}, {"type": "Feature", "geometry": {"type": "Point", "coordinates": [72.927222, 18.942222]}, "properties": {"elevation_m": 0.0, "provenance": "OBSERVED"}}, {"type": "Feature", "geometry": {"type": "Point", "coordinates": [72.933333, 18.942222]}, "properties": {"elevation_m": 0.0, "provenance": "OBSERVED"}}, {"type": "Feature", "geometry": {"type": "Point", "coordinates": [72.939444, 18.942222]}, "properties": {"elevation_m": 0.0, "provenance": "OBSERVED"}}, {"type": "Feature", "geometry": {"type": "Point", "coordinates": [72.945556, 18.942222]}, "properties": {"elevation_m": 7.5, "provenance": "OBSERVED"}}, {"type": "Feature", "geometry": {"type": "Point", "coordinates": [72.951667, 18.942222]}, "properties": {"elevation_m": 5.8, "provenance": "OBSERVED"}}, {"type": "Feature", "geometry": {"type": "Point", "coordinates": [72.957778, 18.942222]}, "properties": {"elevation_m": 10.2, "provenance": "OBSERVED"}}, {"type": "Feature", "geometry": {"type": "Point", "coordinates": [72.963889, 18.942222]}, "properties": {"elevation_m": 37.1, "provenance": "OBSERVED"}}, {"type": "Feature", "geometry": {"type": "Point", "coordinates": [72.97, 18.942222]}, "properties": {"elevation_m": 1.9, "provenance": "OBSERVED"}}, {"type": "Feature", "geometry": {"type": "Point", "coordinates": [72.976111, 18.942222]}, "properties": {"elevation_m": 2.0, "provenance": "OBSERVED"}}, {"type": "Feature", "geometry": {"type": "Point", "coordinates": [72.982222, 18.942222]}, "properties": {"elevation_m": 2.5, "provenance": "OBSERVED"}}, {"type": "Feature", "geometry": {"type": "Point", "coordinates": [72.988333, 18.942222]}, "properties": {"elevation_m": 2.2, "provenance": "OBSERVED"}}, {"type": "Feature", "geometry": {"type": "Point", "coordinates": [72.994444, 18.942222]}, "properties": {"elevation_m": 2.0, "provenance": "OBSERVED"}}, {"type": "Feature", "geometry": {"type": "Point", "coordinates": [73.000556, 18.942222]}, "properties": {"elevation_m": 1.8, "provenance": "OBSERVED"}}, {"type": "Feature", "geometry": {"type": "Point", "coordinates": [73.006667, 18.942222]}, "properties": {"elevation_m": 4.4, "provenance": "OBSERVED"}}, {"type": "Feature", "geometry": {"type": "Point", "coordinates": [73.012778, 18.942222]}, "properties": {"elevation_m": 88.9, "provenance": "OBSERVED"}}, {"type": "Feature", "geometry": {"type": "Point", "coordinates": [73.018889, 18.942222]}, "properties": {"elevation_m": 25.2, "provenance": "OBSERVED"}}, {"type": "Feature", "geometry": {"type": "Point", "coordinates": [73.025, 18.942222]}, "properties": {"elevation_m": 7.5, "provenance": "OBSERVED"}}, {"type": "Feature", "geometry": {"type": "Point", "coordinates": [73.031111, 18.942222]}, "properties": {"elevation_m": 10.8, "provenance": "OBSERVED"}}, {"type": "Feature", "geometry": {"type": "Point", "coordinates": [73.037222, 18.942222]}, "properties": {"elevation_m": 62.3, "provenance": "OBSERVED"}}, {"type": "Feature", "geometry": {"type": "Point", "coordinates": [73.043333, 18.942222]}, "properties": {"elevation_m": 63.1, "provenance": "OBSERVED"}}, {"type": "Feature", "geometry": {"type": "Point", "coordinates": [73.049722, 18.942222]}, "properties": {"elevation_m": 47.9, "provenance": "OBSERVED"}}, {"type": "Feature", "geometry": {"type": "Point", "coordinates": [72.75, 18.933056]}, "properties": {"elevation_m": 0.0, "provenance": "OBSERVED"}}, {"type": "Feature", "geometry": {"type": "Point", "coordinates": [72.756111, 18.933056]}, "properties": {"elevation_m": 0.0, "provenance": "OBSERVED"}}, {"type": "Feature", "geometry": {"type": "Point", "coordinates": [72.762222, 18.933056]}, "properties": {"elevation_m": 0.0, "provenance": "OBSERVED"}}, {"type": "Feature", "geometry": {"type": "Point", "coordinates": [72.768333, 18.933056]}, "properties": {"elevation_m": 0.0, "provenance": "OBSERVED"}}, {"type": "Feature", "geometry": {"type": "Point", "coordinates": [72.774444, 18.933056]}, "properties": {"elevation_m": 0.0, "provenance": "OBSERVED"}}, {"type": "Feature", "geometry": {"type": "Point", "coordinates": [72.780556, 18.933056]}, "properties": {"elevation_m": 0.0, "provenance": "OBSERVED"}}, {"type": "Feature", "geometry": {"type": "Point", "coordinates": [72.786667, 18.933056]}, "properties": {"elevation_m": 0.0, "provenance": "OBSERVED"}}, {"type": "Feature", "geometry": {"type": "Point", "coordinates": [72.792778, 18.933056]}, "properties": {"elevation_m": 0.0, "provenance": "OBSERVED"}}, {"type": "Feature", "geometry": {"type": "Point", "coordinates": [72.798889, 18.933056]}, "properties": {"elevation_m": 0.0, "provenance": "OBSERVED"}}, {"type": "Feature", "geometry": {"type": "Point", "coordinates": [72.805, 18.933056]}, "properties": {"elevation_m": 0.0, "provenance": "OBSERVED"}}, {"type": "Feature", "geometry": {"type": "Point", "coordinates": [72.811111, 18.933056]}, "properties": {"elevation_m": 0.0, "provenance": "OBSERVED"}}, {"type": "Feature", "geometry": {"type": "Point", "coordinates": [72.817222, 18.933056]}, "properties": {"elevation_m": 0.0, "provenance": "OBSERVED"}}, {"type": "Feature", "geometry": {"type": "Point", "coordinates": [72.823333, 18.933056]}, "properties": {"elevation_m": 3.9, "provenance": "OBSERVED"}}, {"type": "Feature", "geometry": {"type": "Point", "coordinates": [72.829444, 18.933056]}, "properties": {"elevation_m": 13.4, "provenance": "OBSERVED"}}, {"type": "Feature", "geometry": {"type": "Point", "coordinates": [72.835556, 18.933056]}, "properties": {"elevation_m": 23.5, "provenance": "OBSERVED"}}, {"type": "Feature", "geometry": {"type": "Point", "coordinates": [72.841667, 18.933056]}, "properties": {"elevation_m": 0.0, "provenance": "OBSERVED"}}, {"type": "Feature", "geometry": {"type": "Point", "coordinates": [72.847778, 18.933056]}, "properties": {"elevation_m": 0.0, "provenance": "OBSERVED"}}, {"type": "Feature", "geometry": {"type": "Point", "coordinates": [72.853889, 18.933056]}, "properties": {"elevation_m": 0.0, "provenance": "OBSERVED"}}, {"type": "Feature", "geometry": {"type": "Point", "coordinates": [72.86, 18.933056]}, "properties": {"elevation_m": 0.0, "provenance": "OBSERVED"}}, {"type": "Feature", "geometry": {"type": "Point", "coordinates": [72.866111, 18.933056]}, "properties": {"elevation_m": 0.0, "provenance": "OBSERVED"}}, {"type": "Feature", "geometry": {"type": "Point", "coordinates": [72.872222, 18.933056]}, "properties": {"elevation_m": 0.0, "provenance": "OBSERVED"}}, {"type": "Feature", "geometry": {"type": "Point", "coordinates": [72.878333, 18.933056]}, "properties": {"elevation_m": 0.0, "provenance": "OBSERVED"}}, {"type": "Feature", "geometry": {"type": "Point", "coordinates": [72.884444, 18.933056]}, "properties": {"elevation_m": 0.0, "provenance": "OBSERVED"}}, {"type": "Feature", "geometry": {"type": "Point", "coordinates": [72.890556, 18.933056]}, "properties": {"elevation_m": 0.0, "provenance": "OBSERVED"}}, {"type": "Feature", "geometry": {"type": "Point", "coordinates": [72.896667, 18.933056]}, "properties": {"elevation_m": 0.0, "provenance": "OBSERVED"}}, {"type": "Feature", "geometry": {"type": "Point", "coordinates": [72.902778, 18.933056]}, "properties": {"elevation_m": 0.0, "provenance": "OBSERVED"}}, {"type": "Feature", "geometry": {"type": "Point", "coordinates": [72.908889, 18.933056]}, "properties": {"elevation_m": 0.0, "provenance": "OBSERVED"}}, {"type": "Feature", "geometry": {"type": "Point", "coordinates": [72.915, 18.933056]}, "properties": {"elevation_m": 0.0, "provenance": "OBSERVED"}}, {"type": "Feature", "geometry": {"type": "Point", "coordinates": [72.921111, 18.933056]}, "properties": {"elevation_m": 0.0, "provenance": "OBSERVED"}}, {"type": "Feature", "geometry": {"type": "Point", "coordinates": [72.927222, 18.933056]}, "properties": {"elevation_m": 0.0, "provenance": "OBSERVED"}}, {"type": "Feature", "geometry": {"type": "Point", "coordinates": [72.933333, 18.933056]}, "properties": {"elevation_m": 0.0, "provenance": "OBSERVED"}}, {"type": "Feature", "geometry": {"type": "Point", "coordinates": [72.939444, 18.933056]}, "properties": {"elevation_m": 0.0, "provenance": "OBSERVED"}}, {"type": "Feature", "geometry": {"type": "Point", "coordinates": [72.945556, 18.933056]}, "properties": {"elevation_m": 0.0, "provenance": "OBSERVED"}}, {"type": "Feature", "geometry": {"type": "Point", "coordinates": [72.951667, 18.933056]}, "properties": {"elevation_m": 5.9, "provenance": "OBSERVED"}}, {"type": "Feature", "geometry": {"type": "Point", "coordinates": [72.957778, 18.933056]}, "properties": {"elevation_m": 30.3, "provenance": "OBSERVED"}}, {"type": "Feature", "geometry": {"type": "Point", "coordinates": [72.963889, 18.933056]}, "properties": {"elevation_m": 2.3, "provenance": "OBSERVED"}}, {"type": "Feature", "geometry": {"type": "Point", "coordinates": [72.97, 18.933056]}, "properties": {"elevation_m": 2.4, "provenance": "OBSERVED"}}, {"type": "Feature", "geometry": {"type": "Point", "coordinates": [72.976111, 18.933056]}, "properties": {"elevation_m": 1.9, "provenance": "OBSERVED"}}, {"type": "Feature", "geometry": {"type": "Point", "coordinates": [72.982222, 18.933056]}, "properties": {"elevation_m": 2.1, "provenance": "OBSERVED"}}, {"type": "Feature", "geometry": {"type": "Point", "coordinates": [72.988333, 18.933056]}, "properties": {"elevation_m": 2.4, "provenance": "OBSERVED"}}, {"type": "Feature", "geometry": {"type": "Point", "coordinates": [72.994444, 18.933056]}, "properties": {"elevation_m": 1.8, "provenance": "OBSERVED"}}, {"type": "Feature", "geometry": {"type": "Point", "coordinates": [73.000556, 18.933056]}, "properties": {"elevation_m": 1.9, "provenance": "OBSERVED"}}, {"type": "Feature", "geometry": {"type": "Point", "coordinates": [73.006667, 18.933056]}, "properties": {"elevation_m": 25.2, "provenance": "OBSERVED"}}, {"type": "Feature", "geometry": {"type": "Point", "coordinates": [73.012778, 18.933056]}, "properties": {"elevation_m": 15.6, "provenance": "OBSERVED"}}, {"type": "Feature", "geometry": {"type": "Point", "coordinates": [73.018889, 18.933056]}, "properties": {"elevation_m": 7.7, "provenance": "OBSERVED"}}, {"type": "Feature", "geometry": {"type": "Point", "coordinates": [73.025, 18.933056]}, "properties": {"elevation_m": 14.0, "provenance": "OBSERVED"}}, {"type": "Feature", "geometry": {"type": "Point", "coordinates": [73.031111, 18.933056]}, "properties": {"elevation_m": 7.9, "provenance": "OBSERVED"}}, {"type": "Feature", "geometry": {"type": "Point", "coordinates": [73.037222, 18.933056]}, "properties": {"elevation_m": 15.0, "provenance": "OBSERVED"}}, {"type": "Feature", "geometry": {"type": "Point", "coordinates": [73.043333, 18.933056]}, "properties": {"elevation_m": 6.2, "provenance": "OBSERVED"}}, {"type": "Feature", "geometry": {"type": "Point", "coordinates": [73.049722, 18.933056]}, "properties": {"elevation_m": 29.9, "provenance": "OBSERVED"}}, {"type": "Feature", "geometry": {"type": "Point", "coordinates": [72.75, 18.923889]}, "properties": {"elevation_m": 0.0, "provenance": "OBSERVED"}}, {"type": "Feature", "geometry": {"type": "Point", "coordinates": [72.756111, 18.923889]}, "properties": {"elevation_m": 0.0, "provenance": "OBSERVED"}}, {"type": "Feature", "geometry": {"type": "Point", "coordinates": [72.762222, 18.923889]}, "properties": {"elevation_m": 0.0, "provenance": "OBSERVED"}}, {"type": "Feature", "geometry": {"type": "Point", "coordinates": [72.768333, 18.923889]}, "properties": {"elevation_m": 0.0, "provenance": "OBSERVED"}}, {"type": "Feature", "geometry": {"type": "Point", "coordinates": [72.774444, 18.923889]}, "properties": {"elevation_m": 0.0, "provenance": "OBSERVED"}}, {"type": "Feature", "geometry": {"type": "Point", "coordinates": [72.780556, 18.923889]}, "properties": {"elevation_m": 0.0, "provenance": "OBSERVED"}}, {"type": "Feature", "geometry": {"type": "Point", "coordinates": [72.786667, 18.923889]}, "properties": {"elevation_m": 0.0, "provenance": "OBSERVED"}}, {"type": "Feature", "geometry": {"type": "Point", "coordinates": [72.792778, 18.923889]}, "properties": {"elevation_m": 0.0, "provenance": "OBSERVED"}}, {"type": "Feature", "geometry": {"type": "Point", "coordinates": [72.798889, 18.923889]}, "properties": {"elevation_m": 0.0, "provenance": "OBSERVED"}}, {"type": "Feature", "geometry": {"type": "Point", "coordinates": [72.805, 18.923889]}, "properties": {"elevation_m": 0.0, "provenance": "OBSERVED"}}, {"type": "Feature", "geometry": {"type": "Point", "coordinates": [72.811111, 18.923889]}, "properties": {"elevation_m": 0.0, "provenance": "OBSERVED"}}, {"type": "Feature", "geometry": {"type": "Point", "coordinates": [72.817222, 18.923889]}, "properties": {"elevation_m": 0.0, "provenance": "OBSERVED"}}, {"type": "Feature", "geometry": {"type": "Point", "coordinates": [72.823333, 18.923889]}, "properties": {"elevation_m": 10.6, "provenance": "OBSERVED"}}, {"type": "Feature", "geometry": {"type": "Point", "coordinates": [72.829444, 18.923889]}, "properties": {"elevation_m": 16.2, "provenance": "OBSERVED"}}, {"type": "Feature", "geometry": {"type": "Point", "coordinates": [72.835556, 18.923889]}, "properties": {"elevation_m": 6.9, "provenance": "OBSERVED"}}, {"type": "Feature", "geometry": {"type": "Point", "coordinates": [72.841667, 18.923889]}, "properties": {"elevation_m": 0.0, "provenance": "OBSERVED"}}, {"type": "Feature", "geometry": {"type": "Point", "coordinates": [72.847778, 18.923889]}, "properties": {"elevation_m": 0.0, "provenance": "OBSERVED"}}, {"type": "Feature", "geometry": {"type": "Point", "coordinates": [72.853889, 18.923889]}, "properties": {"elevation_m": 0.0, "provenance": "OBSERVED"}}, {"type": "Feature", "geometry": {"type": "Point", "coordinates": [72.86, 18.923889]}, "properties": {"elevation_m": 0.0, "provenance": "OBSERVED"}}, {"type": "Feature", "geometry": {"type": "Point", "coordinates": [72.866111, 18.923889]}, "properties": {"elevation_m": 0.0, "provenance": "OBSERVED"}}, {"type": "Feature", "geometry": {"type": "Point", "coordinates": [72.872222, 18.923889]}, "properties": {"elevation_m": 0.0, "provenance": "OBSERVED"}}, {"type": "Feature", "geometry": {"type": "Point", "coordinates": [72.878333, 18.923889]}, "properties": {"elevation_m": 0.0, "provenance": "OBSERVED"}}, {"type": "Feature", "geometry": {"type": "Point", "coordinates": [72.884444, 18.923889]}, "properties": {"elevation_m": 0.0, "provenance": "OBSERVED"}}, {"type": "Feature", "geometry": {"type": "Point", "coordinates": [72.890556, 18.923889]}, "properties": {"elevation_m": 0.0, "provenance": "OBSERVED"}}, {"type": "Feature", "geometry": {"type": "Point", "coordinates": [72.896667, 18.923889]}, "properties": {"elevation_m": 0.0, "provenance": "OBSERVED"}}, {"type": "Feature", "geometry": {"type": "Point", "coordinates": [72.902778, 18.923889]}, "properties": {"elevation_m": 0.0, "provenance": "OBSERVED"}}, {"type": "Feature", "geometry": {"type": "Point", "coordinates": [72.908889, 18.923889]}, "properties": {"elevation_m": 0.0, "provenance": "OBSERVED"}}, {"type": "Feature", "geometry": {"type": "Point", "coordinates": [72.915, 18.923889]}, "properties": {"elevation_m": 0.0, "provenance": "OBSERVED"}}, {"type": "Feature", "geometry": {"type": "Point", "coordinates": [72.921111, 18.923889]}, "properties": {"elevation_m": 0.0, "provenance": "OBSERVED"}}, {"type": "Feature", "geometry": {"type": "Point", "coordinates": [72.927222, 18.923889]}, "properties": {"elevation_m": 0.0, "provenance": "OBSERVED"}}, {"type": "Feature", "geometry": {"type": "Point", "coordinates": [72.933333, 18.923889]}, "properties": {"elevation_m": 0.0, "provenance": "OBSERVED"}}, {"type": "Feature", "geometry": {"type": "Point", "coordinates": [72.939444, 18.923889]}, "properties": {"elevation_m": 0.0, "provenance": "OBSERVED"}}, {"type": "Feature", "geometry": {"type": "Point", "coordinates": [72.945556, 18.923889]}, "properties": {"elevation_m": 0.0, "provenance": "OBSERVED"}}, {"type": "Feature", "geometry": {"type": "Point", "coordinates": [72.951667, 18.923889]}, "properties": {"elevation_m": 0.0, "provenance": "OBSERVED"}}, {"type": "Feature", "geometry": {"type": "Point", "coordinates": [72.957778, 18.923889]}, "properties": {"elevation_m": 0.0, "provenance": "OBSERVED"}}, {"type": "Feature", "geometry": {"type": "Point", "coordinates": [72.963889, 18.923889]}, "properties": {"elevation_m": 3.7, "provenance": "OBSERVED"}}, {"type": "Feature", "geometry": {"type": "Point", "coordinates": [72.97, 18.923889]}, "properties": {"elevation_m": 4.2, "provenance": "OBSERVED"}}, {"type": "Feature", "geometry": {"type": "Point", "coordinates": [72.976111, 18.923889]}, "properties": {"elevation_m": 2.8, "provenance": "OBSERVED"}}, {"type": "Feature", "geometry": {"type": "Point", "coordinates": [72.982222, 18.923889]}, "properties": {"elevation_m": 1.8, "provenance": "OBSERVED"}}, {"type": "Feature", "geometry": {"type": "Point", "coordinates": [72.988333, 18.923889]}, "properties": {"elevation_m": 1.8, "provenance": "OBSERVED"}}, {"type": "Feature", "geometry": {"type": "Point", "coordinates": [72.994444, 18.923889]}, "properties": {"elevation_m": 2.0, "provenance": "OBSERVED"}}, {"type": "Feature", "geometry": {"type": "Point", "coordinates": [73.000556, 18.923889]}, "properties": {"elevation_m": 1.8, "provenance": "OBSERVED"}}, {"type": "Feature", "geometry": {"type": "Point", "coordinates": [73.006667, 18.923889]}, "properties": {"elevation_m": 2.1, "provenance": "OBSERVED"}}, {"type": "Feature", "geometry": {"type": "Point", "coordinates": [73.012778, 18.923889]}, "properties": {"elevation_m": 2.0, "provenance": "OBSERVED"}}, {"type": "Feature", "geometry": {"type": "Point", "coordinates": [73.018889, 18.923889]}, "properties": {"elevation_m": 2.3, "provenance": "OBSERVED"}}, {"type": "Feature", "geometry": {"type": "Point", "coordinates": [73.025, 18.923889]}, "properties": {"elevation_m": 3.1, "provenance": "OBSERVED"}}, {"type": "Feature", "geometry": {"type": "Point", "coordinates": [73.031111, 18.923889]}, "properties": {"elevation_m": 3.6, "provenance": "OBSERVED"}}, {"type": "Feature", "geometry": {"type": "Point", "coordinates": [73.037222, 18.923889]}, "properties": {"elevation_m": 1.8, "provenance": "OBSERVED"}}, {"type": "Feature", "geometry": {"type": "Point", "coordinates": [73.043333, 18.923889]}, "properties": {"elevation_m": 3.6, "provenance": "OBSERVED"}}, {"type": "Feature", "geometry": {"type": "Point", "coordinates": [73.049722, 18.923889]}, "properties": {"elevation_m": 9.8, "provenance": "OBSERVED"}}, {"type": "Feature", "geometry": {"type": "Point", "coordinates": [72.75, 18.914722]}, "properties": {"elevation_m": 0.0, "provenance": "OBSERVED"}}, {"type": "Feature", "geometry": {"type": "Point", "coordinates": [72.756111, 18.914722]}, "properties": {"elevation_m": 0.0, "provenance": "OBSERVED"}}, {"type": "Feature", "geometry": {"type": "Point", "coordinates": [72.762222, 18.914722]}, "properties": {"elevation_m": 0.0, "provenance": "OBSERVED"}}, {"type": "Feature", "geometry": {"type": "Point", "coordinates": [72.768333, 18.914722]}, "properties": {"elevation_m": 0.0, "provenance": "OBSERVED"}}, {"type": "Feature", "geometry": {"type": "Point", "coordinates": [72.774444, 18.914722]}, "properties": {"elevation_m": 0.0, "provenance": "OBSERVED"}}, {"type": "Feature", "geometry": {"type": "Point", "coordinates": [72.780556, 18.914722]}, "properties": {"elevation_m": 0.0, "provenance": "OBSERVED"}}, {"type": "Feature", "geometry": {"type": "Point", "coordinates": [72.786667, 18.914722]}, "properties": {"elevation_m": 0.0, "provenance": "OBSERVED"}}, {"type": "Feature", "geometry": {"type": "Point", "coordinates": [72.792778, 18.914722]}, "properties": {"elevation_m": 0.0, "provenance": "OBSERVED"}}, {"type": "Feature", "geometry": {"type": "Point", "coordinates": [72.798889, 18.914722]}, "properties": {"elevation_m": 0.0, "provenance": "OBSERVED"}}, {"type": "Feature", "geometry": {"type": "Point", "coordinates": [72.805, 18.914722]}, "properties": {"elevation_m": 0.0, "provenance": "OBSERVED"}}, {"type": "Feature", "geometry": {"type": "Point", "coordinates": [72.811111, 18.914722]}, "properties": {"elevation_m": 0.0, "provenance": "OBSERVED"}}, {"type": "Feature", "geometry": {"type": "Point", "coordinates": [72.817222, 18.914722]}, "properties": {"elevation_m": 7.2, "provenance": "OBSERVED"}}, {"type": "Feature", "geometry": {"type": "Point", "coordinates": [72.823333, 18.914722]}, "properties": {"elevation_m": 18.9, "provenance": "OBSERVED"}}, {"type": "Feature", "geometry": {"type": "Point", "coordinates": [72.829444, 18.914722]}, "properties": {"elevation_m": 0.0, "provenance": "OBSERVED"}}, {"type": "Feature", "geometry": {"type": "Point", "coordinates": [72.835556, 18.914722]}, "properties": {"elevation_m": 0.0, "provenance": "OBSERVED"}}, {"type": "Feature", "geometry": {"type": "Point", "coordinates": [72.841667, 18.914722]}, "properties": {"elevation_m": 0.0, "provenance": "OBSERVED"}}, {"type": "Feature", "geometry": {"type": "Point", "coordinates": [72.847778, 18.914722]}, "properties": {"elevation_m": 0.0, "provenance": "OBSERVED"}}, {"type": "Feature", "geometry": {"type": "Point", "coordinates": [72.853889, 18.914722]}, "properties": {"elevation_m": 0.0, "provenance": "OBSERVED"}}, {"type": "Feature", "geometry": {"type": "Point", "coordinates": [72.86, 18.914722]}, "properties": {"elevation_m": 0.0, "provenance": "OBSERVED"}}, {"type": "Feature", "geometry": {"type": "Point", "coordinates": [72.866111, 18.914722]}, "properties": {"elevation_m": 0.0, "provenance": "OBSERVED"}}, {"type": "Feature", "geometry": {"type": "Point", "coordinates": [72.872222, 18.914722]}, "properties": {"elevation_m": 0.0, "provenance": "OBSERVED"}}, {"type": "Feature", "geometry": {"type": "Point", "coordinates": [72.878333, 18.914722]}, "properties": {"elevation_m": 0.0, "provenance": "OBSERVED"}}, {"type": "Feature", "geometry": {"type": "Point", "coordinates": [72.884444, 18.914722]}, "properties": {"elevation_m": 0.0, "provenance": "OBSERVED"}}, {"type": "Feature", "geometry": {"type": "Point", "coordinates": [72.890556, 18.914722]}, "properties": {"elevation_m": 0.0, "provenance": "OBSERVED"}}, {"type": "Feature", "geometry": {"type": "Point", "coordinates": [72.896667, 18.914722]}, "properties": {"elevation_m": 0.0, "provenance": "OBSERVED"}}, {"type": "Feature", "geometry": {"type": "Point", "coordinates": [72.902778, 18.914722]}, "properties": {"elevation_m": 0.0, "provenance": "OBSERVED"}}, {"type": "Feature", "geometry": {"type": "Point", "coordinates": [72.908889, 18.914722]}, "properties": {"elevation_m": 0.0, "provenance": "OBSERVED"}}, {"type": "Feature", "geometry": {"type": "Point", "coordinates": [72.915, 18.914722]}, "properties": {"elevation_m": 0.0, "provenance": "OBSERVED"}}, {"type": "Feature", "geometry": {"type": "Point", "coordinates": [72.921111, 18.914722]}, "properties": {"elevation_m": 0.0, "provenance": "OBSERVED"}}, {"type": "Feature", "geometry": {"type": "Point", "coordinates": [72.927222, 18.914722]}, "properties": {"elevation_m": 0.0, "provenance": "OBSERVED"}}, {"type": "Feature", "geometry": {"type": "Point", "coordinates": [72.933333, 18.914722]}, "properties": {"elevation_m": 0.0, "provenance": "OBSERVED"}}, {"type": "Feature", "geometry": {"type": "Point", "coordinates": [72.939444, 18.914722]}, "properties": {"elevation_m": 0.0, "provenance": "OBSERVED"}}, {"type": "Feature", "geometry": {"type": "Point", "coordinates": [72.945556, 18.914722]}, "properties": {"elevation_m": 0.0, "provenance": "OBSERVED"}}, {"type": "Feature", "geometry": {"type": "Point", "coordinates": [72.951667, 18.914722]}, "properties": {"elevation_m": 0.0, "provenance": "OBSERVED"}}, {"type": "Feature", "geometry": {"type": "Point", "coordinates": [72.957778, 18.914722]}, "properties": {"elevation_m": 0.0, "provenance": "OBSERVED"}}, {"type": "Feature", "geometry": {"type": "Point", "coordinates": [72.963889, 18.914722]}, "properties": {"elevation_m": 3.3, "provenance": "OBSERVED"}}, {"type": "Feature", "geometry": {"type": "Point", "coordinates": [72.97, 18.914722]}, "properties": {"elevation_m": 2.3, "provenance": "OBSERVED"}}, {"type": "Feature", "geometry": {"type": "Point", "coordinates": [72.976111, 18.914722]}, "properties": {"elevation_m": 3.5, "provenance": "OBSERVED"}}, {"type": "Feature", "geometry": {"type": "Point", "coordinates": [72.982222, 18.914722]}, "properties": {"elevation_m": 2.2, "provenance": "OBSERVED"}}, {"type": "Feature", "geometry": {"type": "Point", "coordinates": [72.988333, 18.914722]}, "properties": {"elevation_m": 2.1, "provenance": "OBSERVED"}}, {"type": "Feature", "geometry": {"type": "Point", "coordinates": [72.994444, 18.914722]}, "properties": {"elevation_m": 3.5, "provenance": "OBSERVED"}}, {"type": "Feature", "geometry": {"type": "Point", "coordinates": [73.000556, 18.914722]}, "properties": {"elevation_m": 2.4, "provenance": "OBSERVED"}}, {"type": "Feature", "geometry": {"type": "Point", "coordinates": [73.006667, 18.914722]}, "properties": {"elevation_m": 2.1, "provenance": "OBSERVED"}}, {"type": "Feature", "geometry": {"type": "Point", "coordinates": [73.012778, 18.914722]}, "properties": {"elevation_m": 2.3, "provenance": "OBSERVED"}}, {"type": "Feature", "geometry": {"type": "Point", "coordinates": [73.018889, 18.914722]}, "properties": {"elevation_m": 2.3, "provenance": "OBSERVED"}}, {"type": "Feature", "geometry": {"type": "Point", "coordinates": [73.025, 18.914722]}, "properties": {"elevation_m": 2.3, "provenance": "OBSERVED"}}, {"type": "Feature", "geometry": {"type": "Point", "coordinates": [73.031111, 18.914722]}, "properties": {"elevation_m": 1.5, "provenance": "OBSERVED"}}, {"type": "Feature", "geometry": {"type": "Point", "coordinates": [73.037222, 18.914722]}, "properties": {"elevation_m": 1.8, "provenance": "OBSERVED"}}, {"type": "Feature", "geometry": {"type": "Point", "coordinates": [73.043333, 18.914722]}, "properties": {"elevation_m": 2.0, "provenance": "OBSERVED"}}, {"type": "Feature", "geometry": {"type": "Point", "coordinates": [73.049722, 18.914722]}, "properties": {"elevation_m": 11.5, "provenance": "OBSERVED"}}, {"type": "Feature", "geometry": {"type": "Point", "coordinates": [72.75, 18.905556]}, "properties": {"elevation_m": 0.0, "provenance": "OBSERVED"}}, {"type": "Feature", "geometry": {"type": "Point", "coordinates": [72.756111, 18.905556]}, "properties": {"elevation_m": 0.0, "provenance": "OBSERVED"}}, {"type": "Feature", "geometry": {"type": "Point", "coordinates": [72.762222, 18.905556]}, "properties": {"elevation_m": 0.0, "provenance": "OBSERVED"}}, {"type": "Feature", "geometry": {"type": "Point", "coordinates": [72.768333, 18.905556]}, "properties": {"elevation_m": 0.0, "provenance": "OBSERVED"}}, {"type": "Feature", "geometry": {"type": "Point", "coordinates": [72.774444, 18.905556]}, "properties": {"elevation_m": 0.0, "provenance": "OBSERVED"}}, {"type": "Feature", "geometry": {"type": "Point", "coordinates": [72.780556, 18.905556]}, "properties": {"elevation_m": 0.0, "provenance": "OBSERVED"}}, {"type": "Feature", "geometry": {"type": "Point", "coordinates": [72.786667, 18.905556]}, "properties": {"elevation_m": 0.0, "provenance": "OBSERVED"}}, {"type": "Feature", "geometry": {"type": "Point", "coordinates": [72.792778, 18.905556]}, "properties": {"elevation_m": 0.0, "provenance": "OBSERVED"}}, {"type": "Feature", "geometry": {"type": "Point", "coordinates": [72.798889, 18.905556]}, "properties": {"elevation_m": 0.0, "provenance": "OBSERVED"}}, {"type": "Feature", "geometry": {"type": "Point", "coordinates": [72.805, 18.905556]}, "properties": {"elevation_m": 13.1, "provenance": "OBSERVED"}}, {"type": "Feature", "geometry": {"type": "Point", "coordinates": [72.811111, 18.905556]}, "properties": {"elevation_m": 10.7, "provenance": "OBSERVED"}}, {"type": "Feature", "geometry": {"type": "Point", "coordinates": [72.817222, 18.905556]}, "properties": {"elevation_m": 4.8, "provenance": "OBSERVED"}}, {"type": "Feature", "geometry": {"type": "Point", "coordinates": [72.823333, 18.905556]}, "properties": {"elevation_m": 0.0, "provenance": "OBSERVED"}}, {"type": "Feature", "geometry": {"type": "Point", "coordinates": [72.829444, 18.905556]}, "properties": {"elevation_m": 0.0, "provenance": "OBSERVED"}}, {"type": "Feature", "geometry": {"type": "Point", "coordinates": [72.835556, 18.905556]}, "properties": {"elevation_m": 0.0, "provenance": "OBSERVED"}}, {"type": "Feature", "geometry": {"type": "Point", "coordinates": [72.841667, 18.905556]}, "properties": {"elevation_m": 0.0, "provenance": "OBSERVED"}}, {"type": "Feature", "geometry": {"type": "Point", "coordinates": [72.847778, 18.905556]}, "properties": {"elevation_m": 0.0, "provenance": "OBSERVED"}}, {"type": "Feature", "geometry": {"type": "Point", "coordinates": [72.853889, 18.905556]}, "properties": {"elevation_m": 0.0, "provenance": "OBSERVED"}}, {"type": "Feature", "geometry": {"type": "Point", "coordinates": [72.86, 18.905556]}, "properties": {"elevation_m": 0.0, "provenance": "OBSERVED"}}, {"type": "Feature", "geometry": {"type": "Point", "coordinates": [72.866111, 18.905556]}, "properties": {"elevation_m": 0.0, "provenance": "OBSERVED"}}, {"type": "Feature", "geometry": {"type": "Point", "coordinates": [72.872222, 18.905556]}, "properties": {"elevation_m": 0.0, "provenance": "OBSERVED"}}, {"type": "Feature", "geometry": {"type": "Point", "coordinates": [72.878333, 18.905556]}, "properties": {"elevation_m": 0.0, "provenance": "OBSERVED"}}, {"type": "Feature", "geometry": {"type": "Point", "coordinates": [72.884444, 18.905556]}, "properties": {"elevation_m": 0.0, "provenance": "OBSERVED"}}, {"type": "Feature", "geometry": {"type": "Point", "coordinates": [72.890556, 18.905556]}, "properties": {"elevation_m": 0.0, "provenance": "OBSERVED"}}, {"type": "Feature", "geometry": {"type": "Point", "coordinates": [72.896667, 18.905556]}, "properties": {"elevation_m": 0.0, "provenance": "OBSERVED"}}, {"type": "Feature", "geometry": {"type": "Point", "coordinates": [72.902778, 18.905556]}, "properties": {"elevation_m": 0.0, "provenance": "OBSERVED"}}, {"type": "Feature", "geometry": {"type": "Point", "coordinates": [72.908889, 18.905556]}, "properties": {"elevation_m": 0.0, "provenance": "OBSERVED"}}, {"type": "Feature", "geometry": {"type": "Point", "coordinates": [72.915, 18.905556]}, "properties": {"elevation_m": 0.0, "provenance": "OBSERVED"}}, {"type": "Feature", "geometry": {"type": "Point", "coordinates": [72.921111, 18.905556]}, "properties": {"elevation_m": 84.6, "provenance": "OBSERVED"}}, {"type": "Feature", "geometry": {"type": "Point", "coordinates": [72.927222, 18.905556]}, "properties": {"elevation_m": 113.2, "provenance": "OBSERVED"}}, {"type": "Feature", "geometry": {"type": "Point", "coordinates": [72.933333, 18.905556]}, "properties": {"elevation_m": 0.0, "provenance": "OBSERVED"}}, {"type": "Feature", "geometry": {"type": "Point", "coordinates": [72.939444, 18.905556]}, "properties": {"elevation_m": 0.0, "provenance": "OBSERVED"}}, {"type": "Feature", "geometry": {"type": "Point", "coordinates": [72.945556, 18.905556]}, "properties": {"elevation_m": 1.6, "provenance": "OBSERVED"}}, {"type": "Feature", "geometry": {"type": "Point", "coordinates": [72.951667, 18.905556]}, "properties": {"elevation_m": 17.1, "provenance": "OBSERVED"}}, {"type": "Feature", "geometry": {"type": "Point", "coordinates": [72.957778, 18.905556]}, "properties": {"elevation_m": 2.5, "provenance": "OBSERVED"}}, {"type": "Feature", "geometry": {"type": "Point", "coordinates": [72.963889, 18.905556]}, "properties": {"elevation_m": 2.3, "provenance": "OBSERVED"}}, {"type": "Feature", "geometry": {"type": "Point", "coordinates": [72.97, 18.905556]}, "properties": {"elevation_m": 3.1, "provenance": "OBSERVED"}}, {"type": "Feature", "geometry": {"type": "Point", "coordinates": [72.976111, 18.905556]}, "properties": {"elevation_m": 10.6, "provenance": "OBSERVED"}}, {"type": "Feature", "geometry": {"type": "Point", "coordinates": [72.982222, 18.905556]}, "properties": {"elevation_m": 3.7, "provenance": "OBSERVED"}}, {"type": "Feature", "geometry": {"type": "Point", "coordinates": [72.988333, 18.905556]}, "properties": {"elevation_m": 3.6, "provenance": "OBSERVED"}}, {"type": "Feature", "geometry": {"type": "Point", "coordinates": [72.994444, 18.905556]}, "properties": {"elevation_m": 2.3, "provenance": "OBSERVED"}}, {"type": "Feature", "geometry": {"type": "Point", "coordinates": [73.000556, 18.905556]}, "properties": {"elevation_m": 3.2, "provenance": "OBSERVED"}}, {"type": "Feature", "geometry": {"type": "Point", "coordinates": [73.006667, 18.905556]}, "properties": {"elevation_m": 2.3, "provenance": "OBSERVED"}}, {"type": "Feature", "geometry": {"type": "Point", "coordinates": [73.012778, 18.905556]}, "properties": {"elevation_m": 6.0, "provenance": "OBSERVED"}}, {"type": "Feature", "geometry": {"type": "Point", "coordinates": [73.018889, 18.905556]}, "properties": {"elevation_m": 2.7, "provenance": "OBSERVED"}}, {"type": "Feature", "geometry": {"type": "Point", "coordinates": [73.025, 18.905556]}, "properties": {"elevation_m": 2.5, "provenance": "OBSERVED"}}, {"type": "Feature", "geometry": {"type": "Point", "coordinates": [73.031111, 18.905556]}, "properties": {"elevation_m": 1.7, "provenance": "OBSERVED"}}, {"type": "Feature", "geometry": {"type": "Point", "coordinates": [73.037222, 18.905556]}, "properties": {"elevation_m": 3.0, "provenance": "OBSERVED"}}, {"type": "Feature", "geometry": {"type": "Point", "coordinates": [73.043333, 18.905556]}, "properties": {"elevation_m": 13.0, "provenance": "OBSERVED"}}, {"type": "Feature", "geometry": {"type": "Point", "coordinates": [73.049722, 18.905556]}, "properties": {"elevation_m": 8.4, "provenance": "OBSERVED"}}, {"type": "Feature", "geometry": {"type": "Point", "coordinates": [72.75, 18.896389]}, "properties": {"elevation_m": 0.0, "provenance": "OBSERVED"}}, {"type": "Feature", "geometry": {"type": "Point", "coordinates": [72.756111, 18.896389]}, "properties": {"elevation_m": 0.0, "provenance": "OBSERVED"}}, {"type": "Feature", "geometry": {"type": "Point", "coordinates": [72.762222, 18.896389]}, "properties": {"elevation_m": 0.0, "provenance": "OBSERVED"}}, {"type": "Feature", "geometry": {"type": "Point", "coordinates": [72.768333, 18.896389]}, "properties": {"elevation_m": 0.0, "provenance": "OBSERVED"}}, {"type": "Feature", "geometry": {"type": "Point", "coordinates": [72.774444, 18.896389]}, "properties": {"elevation_m": 0.0, "provenance": "OBSERVED"}}, {"type": "Feature", "geometry": {"type": "Point", "coordinates": [72.780556, 18.896389]}, "properties": {"elevation_m": 0.0, "provenance": "OBSERVED"}}, {"type": "Feature", "geometry": {"type": "Point", "coordinates": [72.786667, 18.896389]}, "properties": {"elevation_m": 0.0, "provenance": "OBSERVED"}}, {"type": "Feature", "geometry": {"type": "Point", "coordinates": [72.792778, 18.896389]}, "properties": {"elevation_m": 0.0, "provenance": "OBSERVED"}}, {"type": "Feature", "geometry": {"type": "Point", "coordinates": [72.798889, 18.896389]}, "properties": {"elevation_m": 0.0, "provenance": "OBSERVED"}}, {"type": "Feature", "geometry": {"type": "Point", "coordinates": [72.805, 18.896389]}, "properties": {"elevation_m": 0.0, "provenance": "OBSERVED"}}, {"type": "Feature", "geometry": {"type": "Point", "coordinates": [72.811111, 18.896389]}, "properties": {"elevation_m": 18.4, "provenance": "OBSERVED"}}, {"type": "Feature", "geometry": {"type": "Point", "coordinates": [72.817222, 18.896389]}, "properties": {"elevation_m": 0.0, "provenance": "OBSERVED"}}, {"type": "Feature", "geometry": {"type": "Point", "coordinates": [72.823333, 18.896389]}, "properties": {"elevation_m": 0.0, "provenance": "OBSERVED"}}, {"type": "Feature", "geometry": {"type": "Point", "coordinates": [72.829444, 18.896389]}, "properties": {"elevation_m": 0.0, "provenance": "OBSERVED"}}, {"type": "Feature", "geometry": {"type": "Point", "coordinates": [72.835556, 18.896389]}, "properties": {"elevation_m": 0.0, "provenance": "OBSERVED"}}, {"type": "Feature", "geometry": {"type": "Point", "coordinates": [72.841667, 18.896389]}, "properties": {"elevation_m": 0.0, "provenance": "OBSERVED"}}, {"type": "Feature", "geometry": {"type": "Point", "coordinates": [72.847778, 18.896389]}, "properties": {"elevation_m": 0.0, "provenance": "OBSERVED"}}, {"type": "Feature", "geometry": {"type": "Point", "coordinates": [72.853889, 18.896389]}, "properties": {"elevation_m": 0.0, "provenance": "OBSERVED"}}, {"type": "Feature", "geometry": {"type": "Point", "coordinates": [72.86, 18.896389]}, "properties": {"elevation_m": 0.0, "provenance": "OBSERVED"}}, {"type": "Feature", "geometry": {"type": "Point", "coordinates": [72.866111, 18.896389]}, "properties": {"elevation_m": 0.0, "provenance": "OBSERVED"}}, {"type": "Feature", "geometry": {"type": "Point", "coordinates": [72.872222, 18.896389]}, "properties": {"elevation_m": 0.0, "provenance": "OBSERVED"}}, {"type": "Feature", "geometry": {"type": "Point", "coordinates": [72.878333, 18.896389]}, "properties": {"elevation_m": 0.0, "provenance": "OBSERVED"}}, {"type": "Feature", "geometry": {"type": "Point", "coordinates": [72.884444, 18.896389]}, "properties": {"elevation_m": 0.0, "provenance": "OBSERVED"}}, {"type": "Feature", "geometry": {"type": "Point", "coordinates": [72.890556, 18.896389]}, "properties": {"elevation_m": 0.0, "provenance": "OBSERVED"}}, {"type": "Feature", "geometry": {"type": "Point", "coordinates": [72.896667, 18.896389]}, "properties": {"elevation_m": 0.0, "provenance": "OBSERVED"}}, {"type": "Feature", "geometry": {"type": "Point", "coordinates": [72.902778, 18.896389]}, "properties": {"elevation_m": 0.0, "provenance": "OBSERVED"}}, {"type": "Feature", "geometry": {"type": "Point", "coordinates": [72.908889, 18.896389]}, "properties": {"elevation_m": 4.0, "provenance": "OBSERVED"}}, {"type": "Feature", "geometry": {"type": "Point", "coordinates": [72.915, 18.896389]}, "properties": {"elevation_m": 27.6, "provenance": "OBSERVED"}}, {"type": "Feature", "geometry": {"type": "Point", "coordinates": [72.921111, 18.896389]}, "properties": {"elevation_m": 128.8, "provenance": "OBSERVED"}}, {"type": "Feature", "geometry": {"type": "Point", "coordinates": [72.927222, 18.896389]}, "properties": {"elevation_m": 75.0, "provenance": "OBSERVED"}}, {"type": "Feature", "geometry": {"type": "Point", "coordinates": [72.933333, 18.896389]}, "properties": {"elevation_m": 2.3, "provenance": "OBSERVED"}}, {"type": "Feature", "geometry": {"type": "Point", "coordinates": [72.939444, 18.896389]}, "properties": {"elevation_m": 2.4, "provenance": "OBSERVED"}}, {"type": "Feature", "geometry": {"type": "Point", "coordinates": [72.945556, 18.896389]}, "properties": {"elevation_m": 2.3, "provenance": "OBSERVED"}}, {"type": "Feature", "geometry": {"type": "Point", "coordinates": [72.951667, 18.896389]}, "properties": {"elevation_m": 1.6, "provenance": "OBSERVED"}}, {"type": "Feature", "geometry": {"type": "Point", "coordinates": [72.957778, 18.896389]}, "properties": {"elevation_m": 9.9, "provenance": "OBSERVED"}}, {"type": "Feature", "geometry": {"type": "Point", "coordinates": [72.963889, 18.896389]}, "properties": {"elevation_m": 2.5, "provenance": "OBSERVED"}}, {"type": "Feature", "geometry": {"type": "Point", "coordinates": [72.97, 18.896389]}, "properties": {"elevation_m": 2.9, "provenance": "OBSERVED"}}, {"type": "Feature", "geometry": {"type": "Point", "coordinates": [72.976111, 18.896389]}, "properties": {"elevation_m": 9.2, "provenance": "OBSERVED"}}, {"type": "Feature", "geometry": {"type": "Point", "coordinates": [72.982222, 18.896389]}, "properties": {"elevation_m": 3.8, "provenance": "OBSERVED"}}, {"type": "Feature", "geometry": {"type": "Point", "coordinates": [72.988333, 18.896389]}, "properties": {"elevation_m": 2.8, "provenance": "OBSERVED"}}, {"type": "Feature", "geometry": {"type": "Point", "coordinates": [72.994444, 18.896389]}, "properties": {"elevation_m": 2.9, "provenance": "OBSERVED"}}, {"type": "Feature", "geometry": {"type": "Point", "coordinates": [73.000556, 18.896389]}, "properties": {"elevation_m": 4.0, "provenance": "OBSERVED"}}, {"type": "Feature", "geometry": {"type": "Point", "coordinates": [73.006667, 18.896389]}, "properties": {"elevation_m": 3.0, "provenance": "OBSERVED"}}, {"type": "Feature", "geometry": {"type": "Point", "coordinates": [73.012778, 18.896389]}, "properties": {"elevation_m": 1.6, "provenance": "OBSERVED"}}, {"type": "Feature", "geometry": {"type": "Point", "coordinates": [73.018889, 18.896389]}, "properties": {"elevation_m": 1.8, "provenance": "OBSERVED"}}, {"type": "Feature", "geometry": {"type": "Point", "coordinates": [73.025, 18.896389]}, "properties": {"elevation_m": 1.4, "provenance": "OBSERVED"}}, {"type": "Feature", "geometry": {"type": "Point", "coordinates": [73.031111, 18.896389]}, "properties": {"elevation_m": 1.5, "provenance": "OBSERVED"}}, {"type": "Feature", "geometry": {"type": "Point", "coordinates": [73.037222, 18.896389]}, "properties": {"elevation_m": 1.9, "provenance": "OBSERVED"}}, {"type": "Feature", "geometry": {"type": "Point", "coordinates": [73.043333, 18.896389]}, "properties": {"elevation_m": 8.3, "provenance": "OBSERVED"}}, {"type": "Feature", "geometry": {"type": "Point", "coordinates": [73.049722, 18.896389]}, "properties": {"elevation_m": 11.9, "provenance": "OBSERVED"}}, {"type": "Feature", "geometry": {"type": "Point", "coordinates": [72.75, 18.887222]}, "properties": {"elevation_m": 0.0, "provenance": "OBSERVED"}}, {"type": "Feature", "geometry": {"type": "Point", "coordinates": [72.756111, 18.887222]}, "properties": {"elevation_m": 0.0, "provenance": "OBSERVED"}}, {"type": "Feature", "geometry": {"type": "Point", "coordinates": [72.762222, 18.887222]}, "properties": {"elevation_m": 0.0, "provenance": "OBSERVED"}}, {"type": "Feature", "geometry": {"type": "Point", "coordinates": [72.768333, 18.887222]}, "properties": {"elevation_m": 0.0, "provenance": "OBSERVED"}}, {"type": "Feature", "geometry": {"type": "Point", "coordinates": [72.774444, 18.887222]}, "properties": {"elevation_m": 0.0, "provenance": "OBSERVED"}}, {"type": "Feature", "geometry": {"type": "Point", "coordinates": [72.780556, 18.887222]}, "properties": {"elevation_m": 0.0, "provenance": "OBSERVED"}}, {"type": "Feature", "geometry": {"type": "Point", "coordinates": [72.786667, 18.887222]}, "properties": {"elevation_m": 0.0, "provenance": "OBSERVED"}}, {"type": "Feature", "geometry": {"type": "Point", "coordinates": [72.792778, 18.887222]}, "properties": {"elevation_m": 0.0, "provenance": "OBSERVED"}}, {"type": "Feature", "geometry": {"type": "Point", "coordinates": [72.798889, 18.887222]}, "properties": {"elevation_m": 0.0, "provenance": "OBSERVED"}}, {"type": "Feature", "geometry": {"type": "Point", "coordinates": [72.805, 18.887222]}, "properties": {"elevation_m": 0.0, "provenance": "OBSERVED"}}, {"type": "Feature", "geometry": {"type": "Point", "coordinates": [72.811111, 18.887222]}, "properties": {"elevation_m": 0.0, "provenance": "OBSERVED"}}, {"type": "Feature", "geometry": {"type": "Point", "coordinates": [72.817222, 18.887222]}, "properties": {"elevation_m": 0.0, "provenance": "OBSERVED"}}, {"type": "Feature", "geometry": {"type": "Point", "coordinates": [72.823333, 18.887222]}, "properties": {"elevation_m": 0.0, "provenance": "OBSERVED"}}, {"type": "Feature", "geometry": {"type": "Point", "coordinates": [72.829444, 18.887222]}, "properties": {"elevation_m": 0.0, "provenance": "OBSERVED"}}, {"type": "Feature", "geometry": {"type": "Point", "coordinates": [72.835556, 18.887222]}, "properties": {"elevation_m": 0.0, "provenance": "OBSERVED"}}, {"type": "Feature", "geometry": {"type": "Point", "coordinates": [72.841667, 18.887222]}, "properties": {"elevation_m": 0.0, "provenance": "OBSERVED"}}, {"type": "Feature", "geometry": {"type": "Point", "coordinates": [72.847778, 18.887222]}, "properties": {"elevation_m": 0.0, "provenance": "OBSERVED"}}, {"type": "Feature", "geometry": {"type": "Point", "coordinates": [72.853889, 18.887222]}, "properties": {"elevation_m": 0.0, "provenance": "OBSERVED"}}, {"type": "Feature", "geometry": {"type": "Point", "coordinates": [72.86, 18.887222]}, "properties": {"elevation_m": 0.0, "provenance": "OBSERVED"}}, {"type": "Feature", "geometry": {"type": "Point", "coordinates": [72.866111, 18.887222]}, "properties": {"elevation_m": 0.0, "provenance": "OBSERVED"}}, {"type": "Feature", "geometry": {"type": "Point", "coordinates": [72.872222, 18.887222]}, "properties": {"elevation_m": 0.0, "provenance": "OBSERVED"}}, {"type": "Feature", "geometry": {"type": "Point", "coordinates": [72.878333, 18.887222]}, "properties": {"elevation_m": 0.0, "provenance": "OBSERVED"}}, {"type": "Feature", "geometry": {"type": "Point", "coordinates": [72.884444, 18.887222]}, "properties": {"elevation_m": 0.0, "provenance": "OBSERVED"}}, {"type": "Feature", "geometry": {"type": "Point", "coordinates": [72.890556, 18.887222]}, "properties": {"elevation_m": 0.0, "provenance": "OBSERVED"}}, {"type": "Feature", "geometry": {"type": "Point", "coordinates": [72.896667, 18.887222]}, "properties": {"elevation_m": 0.0, "provenance": "OBSERVED"}}, {"type": "Feature", "geometry": {"type": "Point", "coordinates": [72.902778, 18.887222]}, "properties": {"elevation_m": 0.0, "provenance": "OBSERVED"}}, {"type": "Feature", "geometry": {"type": "Point", "coordinates": [72.908889, 18.887222]}, "properties": {"elevation_m": 11.0, "provenance": "OBSERVED"}}, {"type": "Feature", "geometry": {"type": "Point", "coordinates": [72.915, 18.887222]}, "properties": {"elevation_m": 14.0, "provenance": "OBSERVED"}}, {"type": "Feature", "geometry": {"type": "Point", "coordinates": [72.921111, 18.887222]}, "properties": {"elevation_m": 19.9, "provenance": "OBSERVED"}}, {"type": "Feature", "geometry": {"type": "Point", "coordinates": [72.927222, 18.887222]}, "properties": {"elevation_m": 20.9, "provenance": "OBSERVED"}}, {"type": "Feature", "geometry": {"type": "Point", "coordinates": [72.933333, 18.887222]}, "properties": {"elevation_m": 29.0, "provenance": "OBSERVED"}}, {"type": "Feature", "geometry": {"type": "Point", "coordinates": [72.939444, 18.887222]}, "properties": {"elevation_m": 2.0, "provenance": "OBSERVED"}}, {"type": "Feature", "geometry": {"type": "Point", "coordinates": [72.945556, 18.887222]}, "properties": {"elevation_m": 2.9, "provenance": "OBSERVED"}}, {"type": "Feature", "geometry": {"type": "Point", "coordinates": [72.951667, 18.887222]}, "properties": {"elevation_m": 2.3, "provenance": "OBSERVED"}}, {"type": "Feature", "geometry": {"type": "Point", "coordinates": [72.957778, 18.887222]}, "properties": {"elevation_m": 4.3, "provenance": "OBSERVED"}}, {"type": "Feature", "geometry": {"type": "Point", "coordinates": [72.963889, 18.887222]}, "properties": {"elevation_m": 6.6, "provenance": "OBSERVED"}}, {"type": "Feature", "geometry": {"type": "Point", "coordinates": [72.97, 18.887222]}, "properties": {"elevation_m": 3.4, "provenance": "OBSERVED"}}, {"type": "Feature", "geometry": {"type": "Point", "coordinates": [72.976111, 18.887222]}, "properties": {"elevation_m": 5.0, "provenance": "OBSERVED"}}, {"type": "Feature", "geometry": {"type": "Point", "coordinates": [72.982222, 18.887222]}, "properties": {"elevation_m": 2.5, "provenance": "OBSERVED"}}, {"type": "Feature", "geometry": {"type": "Point", "coordinates": [72.988333, 18.887222]}, "properties": {"elevation_m": 3.5, "provenance": "OBSERVED"}}, {"type": "Feature", "geometry": {"type": "Point", "coordinates": [72.994444, 18.887222]}, "properties": {"elevation_m": 3.1, "provenance": "OBSERVED"}}, {"type": "Feature", "geometry": {"type": "Point", "coordinates": [73.000556, 18.887222]}, "properties": {"elevation_m": 2.4, "provenance": "OBSERVED"}}, {"type": "Feature", "geometry": {"type": "Point", "coordinates": [73.006667, 18.887222]}, "properties": {"elevation_m": 2.8, "provenance": "OBSERVED"}}, {"type": "Feature", "geometry": {"type": "Point", "coordinates": [73.012778, 18.887222]}, "properties": {"elevation_m": 1.5, "provenance": "OBSERVED"}}, {"type": "Feature", "geometry": {"type": "Point", "coordinates": [73.018889, 18.887222]}, "properties": {"elevation_m": 2.3, "provenance": "OBSERVED"}}, {"type": "Feature", "geometry": {"type": "Point", "coordinates": [73.025, 18.887222]}, "properties": {"elevation_m": 1.4, "provenance": "OBSERVED"}}, {"type": "Feature", "geometry": {"type": "Point", "coordinates": [73.031111, 18.887222]}, "properties": {"elevation_m": 2.2, "provenance": "OBSERVED"}}, {"type": "Feature", "geometry": {"type": "Point", "coordinates": [73.037222, 18.887222]}, "properties": {"elevation_m": 1.9, "provenance": "OBSERVED"}}, {"type": "Feature", "geometry": {"type": "Point", "coordinates": [73.043333, 18.887222]}, "properties": {"elevation_m": 2.1, "provenance": "OBSERVED"}}, {"type": "Feature", "geometry": {"type": "Point", "coordinates": [73.049722, 18.887222]}, "properties": {"elevation_m": 19.0, "provenance": "OBSERVED"}}, {"type": "Feature", "geometry": {"type": "Point", "coordinates": [72.75, 18.878056]}, "properties": {"elevation_m": 0.0, "provenance": "OBSERVED"}}, {"type": "Feature", "geometry": {"type": "Point", "coordinates": [72.756111, 18.878056]}, "properties": {"elevation_m": 0.0, "provenance": "OBSERVED"}}, {"type": "Feature", "geometry": {"type": "Point", "coordinates": [72.762222, 18.878056]}, "properties": {"elevation_m": 0.0, "provenance": "OBSERVED"}}, {"type": "Feature", "geometry": {"type": "Point", "coordinates": [72.768333, 18.878056]}, "properties": {"elevation_m": 0.0, "provenance": "OBSERVED"}}, {"type": "Feature", "geometry": {"type": "Point", "coordinates": [72.774444, 18.878056]}, "properties": {"elevation_m": 0.0, "provenance": "OBSERVED"}}, {"type": "Feature", "geometry": {"type": "Point", "coordinates": [72.780556, 18.878056]}, "properties": {"elevation_m": 0.0, "provenance": "OBSERVED"}}, {"type": "Feature", "geometry": {"type": "Point", "coordinates": [72.786667, 18.878056]}, "properties": {"elevation_m": 0.0, "provenance": "OBSERVED"}}, {"type": "Feature", "geometry": {"type": "Point", "coordinates": [72.792778, 18.878056]}, "properties": {"elevation_m": 0.0, "provenance": "OBSERVED"}}, {"type": "Feature", "geometry": {"type": "Point", "coordinates": [72.798889, 18.878056]}, "properties": {"elevation_m": 0.0, "provenance": "OBSERVED"}}, {"type": "Feature", "geometry": {"type": "Point", "coordinates": [72.805, 18.878056]}, "properties": {"elevation_m": 0.0, "provenance": "OBSERVED"}}, {"type": "Feature", "geometry": {"type": "Point", "coordinates": [72.811111, 18.878056]}, "properties": {"elevation_m": 0.0, "provenance": "OBSERVED"}}, {"type": "Feature", "geometry": {"type": "Point", "coordinates": [72.817222, 18.878056]}, "properties": {"elevation_m": 0.0, "provenance": "OBSERVED"}}, {"type": "Feature", "geometry": {"type": "Point", "coordinates": [72.823333, 18.878056]}, "properties": {"elevation_m": 0.0, "provenance": "OBSERVED"}}, {"type": "Feature", "geometry": {"type": "Point", "coordinates": [72.829444, 18.878056]}, "properties": {"elevation_m": 0.0, "provenance": "OBSERVED"}}, {"type": "Feature", "geometry": {"type": "Point", "coordinates": [72.835556, 18.878056]}, "properties": {"elevation_m": 0.0, "provenance": "OBSERVED"}}, {"type": "Feature", "geometry": {"type": "Point", "coordinates": [72.841667, 18.878056]}, "properties": {"elevation_m": 0.0, "provenance": "OBSERVED"}}, {"type": "Feature", "geometry": {"type": "Point", "coordinates": [72.847778, 18.878056]}, "properties": {"elevation_m": 0.0, "provenance": "OBSERVED"}}, {"type": "Feature", "geometry": {"type": "Point", "coordinates": [72.853889, 18.878056]}, "properties": {"elevation_m": 0.0, "provenance": "OBSERVED"}}, {"type": "Feature", "geometry": {"type": "Point", "coordinates": [72.86, 18.878056]}, "properties": {"elevation_m": 0.0, "provenance": "OBSERVED"}}, {"type": "Feature", "geometry": {"type": "Point", "coordinates": [72.866111, 18.878056]}, "properties": {"elevation_m": 0.0, "provenance": "OBSERVED"}}, {"type": "Feature", "geometry": {"type": "Point", "coordinates": [72.872222, 18.878056]}, "properties": {"elevation_m": 0.0, "provenance": "OBSERVED"}}, {"type": "Feature", "geometry": {"type": "Point", "coordinates": [72.878333, 18.878056]}, "properties": {"elevation_m": 0.0, "provenance": "OBSERVED"}}, {"type": "Feature", "geometry": {"type": "Point", "coordinates": [72.884444, 18.878056]}, "properties": {"elevation_m": 0.0, "provenance": "OBSERVED"}}, {"type": "Feature", "geometry": {"type": "Point", "coordinates": [72.890556, 18.878056]}, "properties": {"elevation_m": 0.0, "provenance": "OBSERVED"}}, {"type": "Feature", "geometry": {"type": "Point", "coordinates": [72.896667, 18.878056]}, "properties": {"elevation_m": 0.0, "provenance": "OBSERVED"}}, {"type": "Feature", "geometry": {"type": "Point", "coordinates": [72.902778, 18.878056]}, "properties": {"elevation_m": 0.0, "provenance": "OBSERVED"}}, {"type": "Feature", "geometry": {"type": "Point", "coordinates": [72.908889, 18.878056]}, "properties": {"elevation_m": 0.0, "provenance": "OBSERVED"}}, {"type": "Feature", "geometry": {"type": "Point", "coordinates": [72.915, 18.878056]}, "properties": {"elevation_m": 0.0, "provenance": "OBSERVED"}}, {"type": "Feature", "geometry": {"type": "Point", "coordinates": [72.921111, 18.878056]}, "properties": {"elevation_m": 5.5, "provenance": "OBSERVED"}}, {"type": "Feature", "geometry": {"type": "Point", "coordinates": [72.927222, 18.878056]}, "properties": {"elevation_m": 8.5, "provenance": "OBSERVED"}}, {"type": "Feature", "geometry": {"type": "Point", "coordinates": [72.933333, 18.878056]}, "properties": {"elevation_m": 15.3, "provenance": "OBSERVED"}}, {"type": "Feature", "geometry": {"type": "Point", "coordinates": [72.939444, 18.878056]}, "properties": {"elevation_m": 14.5, "provenance": "OBSERVED"}}, {"type": "Feature", "geometry": {"type": "Point", "coordinates": [72.945556, 18.878056]}, "properties": {"elevation_m": 2.9, "provenance": "OBSERVED"}}, {"type": "Feature", "geometry": {"type": "Point", "coordinates": [72.951667, 18.878056]}, "properties": {"elevation_m": 2.6, "provenance": "OBSERVED"}}, {"type": "Feature", "geometry": {"type": "Point", "coordinates": [72.957778, 18.878056]}, "properties": {"elevation_m": 2.3, "provenance": "OBSERVED"}}, {"type": "Feature", "geometry": {"type": "Point", "coordinates": [72.963889, 18.878056]}, "properties": {"elevation_m": 3.0, "provenance": "OBSERVED"}}, {"type": "Feature", "geometry": {"type": "Point", "coordinates": [72.97, 18.878056]}, "properties": {"elevation_m": 3.1, "provenance": "OBSERVED"}}, {"type": "Feature", "geometry": {"type": "Point", "coordinates": [72.976111, 18.878056]}, "properties": {"elevation_m": 3.0, "provenance": "OBSERVED"}}, {"type": "Feature", "geometry": {"type": "Point", "coordinates": [72.982222, 18.878056]}, "properties": {"elevation_m": 4.1, "provenance": "OBSERVED"}}, {"type": "Feature", "geometry": {"type": "Point", "coordinates": [72.988333, 18.878056]}, "properties": {"elevation_m": 2.4, "provenance": "OBSERVED"}}, {"type": "Feature", "geometry": {"type": "Point", "coordinates": [72.994444, 18.878056]}, "properties": {"elevation_m": 2.7, "provenance": "OBSERVED"}}, {"type": "Feature", "geometry": {"type": "Point", "coordinates": [73.000556, 18.878056]}, "properties": {"elevation_m": 0.0, "provenance": "OBSERVED"}}, {"type": "Feature", "geometry": {"type": "Point", "coordinates": [73.006667, 18.878056]}, "properties": {"elevation_m": 1.6, "provenance": "OBSERVED"}}, {"type": "Feature", "geometry": {"type": "Point", "coordinates": [73.012778, 18.878056]}, "properties": {"elevation_m": 1.5, "provenance": "OBSERVED"}}, {"type": "Feature", "geometry": {"type": "Point", "coordinates": [73.018889, 18.878056]}, "properties": {"elevation_m": 1.5, "provenance": "OBSERVED"}}, {"type": "Feature", "geometry": {"type": "Point", "coordinates": [73.025, 18.878056]}, "properties": {"elevation_m": 1.4, "provenance": "OBSERVED"}}, {"type": "Feature", "geometry": {"type": "Point", "coordinates": [73.031111, 18.878056]}, "properties": {"elevation_m": 17.3, "provenance": "OBSERVED"}}, {"type": "Feature", "geometry": {"type": "Point", "coordinates": [73.037222, 18.878056]}, "properties": {"elevation_m": 1.9, "provenance": "OBSERVED"}}, {"type": "Feature", "geometry": {"type": "Point", "coordinates": [73.043333, 18.878056]}, "properties": {"elevation_m": 2.6, "provenance": "OBSERVED"}}, {"type": "Feature", "geometry": {"type": "Point", "coordinates": [73.049722, 18.878056]}, "properties": {"elevation_m": 4.9, "provenance": "OBSERVED"}}, {"type": "Feature", "geometry": {"type": "Point", "coordinates": [72.75, 18.868889]}, "properties": {"elevation_m": 0.0, "provenance": "OBSERVED"}}, {"type": "Feature", "geometry": {"type": "Point", "coordinates": [72.756111, 18.868889]}, "properties": {"elevation_m": 0.0, "provenance": "OBSERVED"}}, {"type": "Feature", "geometry": {"type": "Point", "coordinates": [72.762222, 18.868889]}, "properties": {"elevation_m": 0.0, "provenance": "OBSERVED"}}, {"type": "Feature", "geometry": {"type": "Point", "coordinates": [72.768333, 18.868889]}, "properties": {"elevation_m": 0.0, "provenance": "OBSERVED"}}, {"type": "Feature", "geometry": {"type": "Point", "coordinates": [72.774444, 18.868889]}, "properties": {"elevation_m": 0.0, "provenance": "OBSERVED"}}, {"type": "Feature", "geometry": {"type": "Point", "coordinates": [72.780556, 18.868889]}, "properties": {"elevation_m": 0.0, "provenance": "OBSERVED"}}, {"type": "Feature", "geometry": {"type": "Point", "coordinates": [72.786667, 18.868889]}, "properties": {"elevation_m": 0.0, "provenance": "OBSERVED"}}, {"type": "Feature", "geometry": {"type": "Point", "coordinates": [72.792778, 18.868889]}, "properties": {"elevation_m": 0.0, "provenance": "OBSERVED"}}, {"type": "Feature", "geometry": {"type": "Point", "coordinates": [72.798889, 18.868889]}, "properties": {"elevation_m": 0.0, "provenance": "OBSERVED"}}, {"type": "Feature", "geometry": {"type": "Point", "coordinates": [72.805, 18.868889]}, "properties": {"elevation_m": 0.0, "provenance": "OBSERVED"}}, {"type": "Feature", "geometry": {"type": "Point", "coordinates": [72.811111, 18.868889]}, "properties": {"elevation_m": 0.0, "provenance": "OBSERVED"}}, {"type": "Feature", "geometry": {"type": "Point", "coordinates": [72.817222, 18.868889]}, "properties": {"elevation_m": 0.0, "provenance": "OBSERVED"}}, {"type": "Feature", "geometry": {"type": "Point", "coordinates": [72.823333, 18.868889]}, "properties": {"elevation_m": 0.0, "provenance": "OBSERVED"}}, {"type": "Feature", "geometry": {"type": "Point", "coordinates": [72.829444, 18.868889]}, "properties": {"elevation_m": 0.0, "provenance": "OBSERVED"}}, {"type": "Feature", "geometry": {"type": "Point", "coordinates": [72.835556, 18.868889]}, "properties": {"elevation_m": 0.0, "provenance": "OBSERVED"}}, {"type": "Feature", "geometry": {"type": "Point", "coordinates": [72.841667, 18.868889]}, "properties": {"elevation_m": 0.0, "provenance": "OBSERVED"}}, {"type": "Feature", "geometry": {"type": "Point", "coordinates": [72.847778, 18.868889]}, "properties": {"elevation_m": 0.0, "provenance": "OBSERVED"}}, {"type": "Feature", "geometry": {"type": "Point", "coordinates": [72.853889, 18.868889]}, "properties": {"elevation_m": 0.0, "provenance": "OBSERVED"}}, {"type": "Feature", "geometry": {"type": "Point", "coordinates": [72.86, 18.868889]}, "properties": {"elevation_m": 0.0, "provenance": "OBSERVED"}}, {"type": "Feature", "geometry": {"type": "Point", "coordinates": [72.866111, 18.868889]}, "properties": {"elevation_m": 0.0, "provenance": "OBSERVED"}}, {"type": "Feature", "geometry": {"type": "Point", "coordinates": [72.872222, 18.868889]}, "properties": {"elevation_m": 0.0, "provenance": "OBSERVED"}}, {"type": "Feature", "geometry": {"type": "Point", "coordinates": [72.878333, 18.868889]}, "properties": {"elevation_m": 0.0, "provenance": "OBSERVED"}}, {"type": "Feature", "geometry": {"type": "Point", "coordinates": [72.884444, 18.868889]}, "properties": {"elevation_m": 0.0, "provenance": "OBSERVED"}}, {"type": "Feature", "geometry": {"type": "Point", "coordinates": [72.890556, 18.868889]}, "properties": {"elevation_m": 0.0, "provenance": "OBSERVED"}}, {"type": "Feature", "geometry": {"type": "Point", "coordinates": [72.896667, 18.868889]}, "properties": {"elevation_m": 0.0, "provenance": "OBSERVED"}}, {"type": "Feature", "geometry": {"type": "Point", "coordinates": [72.902778, 18.868889]}, "properties": {"elevation_m": 0.0, "provenance": "OBSERVED"}}, {"type": "Feature", "geometry": {"type": "Point", "coordinates": [72.908889, 18.868889]}, "properties": {"elevation_m": 0.0, "provenance": "OBSERVED"}}, {"type": "Feature", "geometry": {"type": "Point", "coordinates": [72.915, 18.868889]}, "properties": {"elevation_m": 0.0, "provenance": "OBSERVED"}}, {"type": "Feature", "geometry": {"type": "Point", "coordinates": [72.921111, 18.868889]}, "properties": {"elevation_m": 0.0, "provenance": "OBSERVED"}}, {"type": "Feature", "geometry": {"type": "Point", "coordinates": [72.927222, 18.868889]}, "properties": {"elevation_m": 17.1, "provenance": "OBSERVED"}}, {"type": "Feature", "geometry": {"type": "Point", "coordinates": [72.933333, 18.868889]}, "properties": {"elevation_m": 86.5, "provenance": "OBSERVED"}}, {"type": "Feature", "geometry": {"type": "Point", "coordinates": [72.939444, 18.868889]}, "properties": {"elevation_m": 88.0, "provenance": "OBSERVED"}}, {"type": "Feature", "geometry": {"type": "Point", "coordinates": [72.945556, 18.868889]}, "properties": {"elevation_m": 14.4, "provenance": "OBSERVED"}}, {"type": "Feature", "geometry": {"type": "Point", "coordinates": [72.951667, 18.868889]}, "properties": {"elevation_m": 7.9, "provenance": "OBSERVED"}}, {"type": "Feature", "geometry": {"type": "Point", "coordinates": [72.957778, 18.868889]}, "properties": {"elevation_m": 1.6, "provenance": "OBSERVED"}}, {"type": "Feature", "geometry": {"type": "Point", "coordinates": [72.963889, 18.868889]}, "properties": {"elevation_m": 2.4, "provenance": "OBSERVED"}}, {"type": "Feature", "geometry": {"type": "Point", "coordinates": [72.97, 18.868889]}, "properties": {"elevation_m": 2.7, "provenance": "OBSERVED"}}, {"type": "Feature", "geometry": {"type": "Point", "coordinates": [72.976111, 18.868889]}, "properties": {"elevation_m": 5.6, "provenance": "OBSERVED"}}, {"type": "Feature", "geometry": {"type": "Point", "coordinates": [72.982222, 18.868889]}, "properties": {"elevation_m": 2.4, "provenance": "OBSERVED"}}, {"type": "Feature", "geometry": {"type": "Point", "coordinates": [72.988333, 18.868889]}, "properties": {"elevation_m": 0.0, "provenance": "OBSERVED"}}, {"type": "Feature", "geometry": {"type": "Point", "coordinates": [72.994444, 18.868889]}, "properties": {"elevation_m": 4.7, "provenance": "OBSERVED"}}, {"type": "Feature", "geometry": {"type": "Point", "coordinates": [73.000556, 18.868889]}, "properties": {"elevation_m": 2.0, "provenance": "OBSERVED"}}, {"type": "Feature", "geometry": {"type": "Point", "coordinates": [73.006667, 18.868889]}, "properties": {"elevation_m": 1.6, "provenance": "OBSERVED"}}, {"type": "Feature", "geometry": {"type": "Point", "coordinates": [73.012778, 18.868889]}, "properties": {"elevation_m": 1.4, "provenance": "OBSERVED"}}, {"type": "Feature", "geometry": {"type": "Point", "coordinates": [73.018889, 18.868889]}, "properties": {"elevation_m": 1.8, "provenance": "OBSERVED"}}, {"type": "Feature", "geometry": {"type": "Point", "coordinates": [73.025, 18.868889]}, "properties": {"elevation_m": 1.8, "provenance": "OBSERVED"}}, {"type": "Feature", "geometry": {"type": "Point", "coordinates": [73.031111, 18.868889]}, "properties": {"elevation_m": 1.4, "provenance": "OBSERVED"}}, {"type": "Feature", "geometry": {"type": "Point", "coordinates": [73.037222, 18.868889]}, "properties": {"elevation_m": 4.2, "provenance": "OBSERVED"}}, {"type": "Feature", "geometry": {"type": "Point", "coordinates": [73.043333, 18.868889]}, "properties": {"elevation_m": 3.2, "provenance": "OBSERVED"}}, {"type": "Feature", "geometry": {"type": "Point", "coordinates": [73.049722, 18.868889]}, "properties": {"elevation_m": 5.8, "provenance": "OBSERVED"}}, {"type": "Feature", "geometry": {"type": "Point", "coordinates": [72.75, 18.859722]}, "properties": {"elevation_m": 0.0, "provenance": "OBSERVED"}}, {"type": "Feature", "geometry": {"type": "Point", "coordinates": [72.756111, 18.859722]}, "properties": {"elevation_m": 0.0, "provenance": "OBSERVED"}}, {"type": "Feature", "geometry": {"type": "Point", "coordinates": [72.762222, 18.859722]}, "properties": {"elevation_m": 0.0, "provenance": "OBSERVED"}}, {"type": "Feature", "geometry": {"type": "Point", "coordinates": [72.768333, 18.859722]}, "properties": {"elevation_m": 0.0, "provenance": "OBSERVED"}}, {"type": "Feature", "geometry": {"type": "Point", "coordinates": [72.774444, 18.859722]}, "properties": {"elevation_m": 0.0, "provenance": "OBSERVED"}}, {"type": "Feature", "geometry": {"type": "Point", "coordinates": [72.780556, 18.859722]}, "properties": {"elevation_m": 0.0, "provenance": "OBSERVED"}}, {"type": "Feature", "geometry": {"type": "Point", "coordinates": [72.786667, 18.859722]}, "properties": {"elevation_m": 0.0, "provenance": "OBSERVED"}}, {"type": "Feature", "geometry": {"type": "Point", "coordinates": [72.792778, 18.859722]}, "properties": {"elevation_m": 0.0, "provenance": "OBSERVED"}}, {"type": "Feature", "geometry": {"type": "Point", "coordinates": [72.798889, 18.859722]}, "properties": {"elevation_m": 0.0, "provenance": "OBSERVED"}}, {"type": "Feature", "geometry": {"type": "Point", "coordinates": [72.805, 18.859722]}, "properties": {"elevation_m": 0.0, "provenance": "OBSERVED"}}, {"type": "Feature", "geometry": {"type": "Point", "coordinates": [72.811111, 18.859722]}, "properties": {"elevation_m": 0.0, "provenance": "OBSERVED"}}, {"type": "Feature", "geometry": {"type": "Point", "coordinates": [72.817222, 18.859722]}, "properties": {"elevation_m": 0.0, "provenance": "OBSERVED"}}, {"type": "Feature", "geometry": {"type": "Point", "coordinates": [72.823333, 18.859722]}, "properties": {"elevation_m": 0.0, "provenance": "OBSERVED"}}, {"type": "Feature", "geometry": {"type": "Point", "coordinates": [72.829444, 18.859722]}, "properties": {"elevation_m": 0.0, "provenance": "OBSERVED"}}, {"type": "Feature", "geometry": {"type": "Point", "coordinates": [72.835556, 18.859722]}, "properties": {"elevation_m": 0.0, "provenance": "OBSERVED"}}, {"type": "Feature", "geometry": {"type": "Point", "coordinates": [72.841667, 18.859722]}, "properties": {"elevation_m": 0.0, "provenance": "OBSERVED"}}, {"type": "Feature", "geometry": {"type": "Point", "coordinates": [72.847778, 18.859722]}, "properties": {"elevation_m": 0.0, "provenance": "OBSERVED"}}, {"type": "Feature", "geometry": {"type": "Point", "coordinates": [72.853889, 18.859722]}, "properties": {"elevation_m": 0.0, "provenance": "OBSERVED"}}, {"type": "Feature", "geometry": {"type": "Point", "coordinates": [72.86, 18.859722]}, "properties": {"elevation_m": 0.0, "provenance": "OBSERVED"}}, {"type": "Feature", "geometry": {"type": "Point", "coordinates": [72.866111, 18.859722]}, "properties": {"elevation_m": 0.0, "provenance": "OBSERVED"}}, {"type": "Feature", "geometry": {"type": "Point", "coordinates": [72.872222, 18.859722]}, "properties": {"elevation_m": 0.0, "provenance": "OBSERVED"}}, {"type": "Feature", "geometry": {"type": "Point", "coordinates": [72.878333, 18.859722]}, "properties": {"elevation_m": 0.0, "provenance": "OBSERVED"}}, {"type": "Feature", "geometry": {"type": "Point", "coordinates": [72.884444, 18.859722]}, "properties": {"elevation_m": 0.0, "provenance": "OBSERVED"}}, {"type": "Feature", "geometry": {"type": "Point", "coordinates": [72.890556, 18.859722]}, "properties": {"elevation_m": 0.0, "provenance": "OBSERVED"}}, {"type": "Feature", "geometry": {"type": "Point", "coordinates": [72.896667, 18.859722]}, "properties": {"elevation_m": 0.0, "provenance": "OBSERVED"}}, {"type": "Feature", "geometry": {"type": "Point", "coordinates": [72.902778, 18.859722]}, "properties": {"elevation_m": 0.0, "provenance": "OBSERVED"}}, {"type": "Feature", "geometry": {"type": "Point", "coordinates": [72.908889, 18.859722]}, "properties": {"elevation_m": 0.0, "provenance": "OBSERVED"}}, {"type": "Feature", "geometry": {"type": "Point", "coordinates": [72.915, 18.859722]}, "properties": {"elevation_m": 0.0, "provenance": "OBSERVED"}}, {"type": "Feature", "geometry": {"type": "Point", "coordinates": [72.921111, 18.859722]}, "properties": {"elevation_m": 0.0, "provenance": "OBSERVED"}}, {"type": "Feature", "geometry": {"type": "Point", "coordinates": [72.927222, 18.859722]}, "properties": {"elevation_m": 18.8, "provenance": "OBSERVED"}}, {"type": "Feature", "geometry": {"type": "Point", "coordinates": [72.933333, 18.859722]}, "properties": {"elevation_m": 132.8, "provenance": "OBSERVED"}}, {"type": "Feature", "geometry": {"type": "Point", "coordinates": [72.939444, 18.859722]}, "properties": {"elevation_m": 201.5, "provenance": "OBSERVED"}}, {"type": "Feature", "geometry": {"type": "Point", "coordinates": [72.945556, 18.859722]}, "properties": {"elevation_m": 26.2, "provenance": "OBSERVED"}}, {"type": "Feature", "geometry": {"type": "Point", "coordinates": [72.951667, 18.859722]}, "properties": {"elevation_m": 14.3, "provenance": "OBSERVED"}}, {"type": "Feature", "geometry": {"type": "Point", "coordinates": [72.957778, 18.859722]}, "properties": {"elevation_m": 1.7, "provenance": "OBSERVED"}}, {"type": "Feature", "geometry": {"type": "Point", "coordinates": [72.963889, 18.859722]}, "properties": {"elevation_m": 1.7, "provenance": "OBSERVED"}}, {"type": "Feature", "geometry": {"type": "Point", "coordinates": [72.97, 18.859722]}, "properties": {"elevation_m": 0.0, "provenance": "OBSERVED"}}, {"type": "Feature", "geometry": {"type": "Point", "coordinates": [72.976111, 18.859722]}, "properties": {"elevation_m": 0.0, "provenance": "OBSERVED"}}, {"type": "Feature", "geometry": {"type": "Point", "coordinates": [72.982222, 18.859722]}, "properties": {"elevation_m": 0.0, "provenance": "OBSERVED"}}, {"type": "Feature", "geometry": {"type": "Point", "coordinates": [72.988333, 18.859722]}, "properties": {"elevation_m": 1.4, "provenance": "OBSERVED"}}, {"type": "Feature", "geometry": {"type": "Point", "coordinates": [72.994444, 18.859722]}, "properties": {"elevation_m": 1.4, "provenance": "OBSERVED"}}, {"type": "Feature", "geometry": {"type": "Point", "coordinates": [73.000556, 18.859722]}, "properties": {"elevation_m": 1.4, "provenance": "OBSERVED"}}, {"type": "Feature", "geometry": {"type": "Point", "coordinates": [73.006667, 18.859722]}, "properties": {"elevation_m": 2.5, "provenance": "OBSERVED"}}, {"type": "Feature", "geometry": {"type": "Point", "coordinates": [73.012778, 18.859722]}, "properties": {"elevation_m": 1.7, "provenance": "OBSERVED"}}, {"type": "Feature", "geometry": {"type": "Point", "coordinates": [73.018889, 18.859722]}, "properties": {"elevation_m": 4.1, "provenance": "OBSERVED"}}, {"type": "Feature", "geometry": {"type": "Point", "coordinates": [73.025, 18.859722]}, "properties": {"elevation_m": 70.5, "provenance": "OBSERVED"}}, {"type": "Feature", "geometry": {"type": "Point", "coordinates": [73.031111, 18.859722]}, "properties": {"elevation_m": 15.2, "provenance": "OBSERVED"}}, {"type": "Feature", "geometry": {"type": "Point", "coordinates": [73.037222, 18.859722]}, "properties": {"elevation_m": 19.4, "provenance": "OBSERVED"}}, {"type": "Feature", "geometry": {"type": "Point", "coordinates": [73.043333, 18.859722]}, "properties": {"elevation_m": 10.4, "provenance": "OBSERVED"}}, {"type": "Feature", "geometry": {"type": "Point", "coordinates": [73.049722, 18.859722]}, "properties": {"elevation_m": 58.7, "provenance": "OBSERVED"}}, {"type": "Feature", "geometry": {"type": "Point", "coordinates": [72.75, 18.850278]}, "properties": {"elevation_m": 0.0, "provenance": "OBSERVED"}}, {"type": "Feature", "geometry": {"type": "Point", "coordinates": [72.756111, 18.850278]}, "properties": {"elevation_m": 0.0, "provenance": "OBSERVED"}}, {"type": "Feature", "geometry": {"type": "Point", "coordinates": [72.762222, 18.850278]}, "properties": {"elevation_m": 0.0, "provenance": "OBSERVED"}}, {"type": "Feature", "geometry": {"type": "Point", "coordinates": [72.768333, 18.850278]}, "properties": {"elevation_m": 0.0, "provenance": "OBSERVED"}}, {"type": "Feature", "geometry": {"type": "Point", "coordinates": [72.774444, 18.850278]}, "properties": {"elevation_m": 0.0, "provenance": "OBSERVED"}}, {"type": "Feature", "geometry": {"type": "Point", "coordinates": [72.780556, 18.850278]}, "properties": {"elevation_m": 0.0, "provenance": "OBSERVED"}}, {"type": "Feature", "geometry": {"type": "Point", "coordinates": [72.786667, 18.850278]}, "properties": {"elevation_m": 0.0, "provenance": "OBSERVED"}}, {"type": "Feature", "geometry": {"type": "Point", "coordinates": [72.792778, 18.850278]}, "properties": {"elevation_m": 0.0, "provenance": "OBSERVED"}}, {"type": "Feature", "geometry": {"type": "Point", "coordinates": [72.798889, 18.850278]}, "properties": {"elevation_m": 0.0, "provenance": "OBSERVED"}}, {"type": "Feature", "geometry": {"type": "Point", "coordinates": [72.805, 18.850278]}, "properties": {"elevation_m": 0.0, "provenance": "OBSERVED"}}, {"type": "Feature", "geometry": {"type": "Point", "coordinates": [72.811111, 18.850278]}, "properties": {"elevation_m": 0.0, "provenance": "OBSERVED"}}, {"type": "Feature", "geometry": {"type": "Point", "coordinates": [72.817222, 18.850278]}, "properties": {"elevation_m": 0.0, "provenance": "OBSERVED"}}, {"type": "Feature", "geometry": {"type": "Point", "coordinates": [72.823333, 18.850278]}, "properties": {"elevation_m": 0.0, "provenance": "OBSERVED"}}, {"type": "Feature", "geometry": {"type": "Point", "coordinates": [72.829444, 18.850278]}, "properties": {"elevation_m": 0.0, "provenance": "OBSERVED"}}, {"type": "Feature", "geometry": {"type": "Point", "coordinates": [72.835556, 18.850278]}, "properties": {"elevation_m": 0.0, "provenance": "OBSERVED"}}, {"type": "Feature", "geometry": {"type": "Point", "coordinates": [72.841667, 18.850278]}, "properties": {"elevation_m": 0.0, "provenance": "OBSERVED"}}, {"type": "Feature", "geometry": {"type": "Point", "coordinates": [72.847778, 18.850278]}, "properties": {"elevation_m": 0.0, "provenance": "OBSERVED"}}, {"type": "Feature", "geometry": {"type": "Point", "coordinates": [72.853889, 18.850278]}, "properties": {"elevation_m": 0.0, "provenance": "OBSERVED"}}, {"type": "Feature", "geometry": {"type": "Point", "coordinates": [72.86, 18.850278]}, "properties": {"elevation_m": 0.0, "provenance": "OBSERVED"}}, {"type": "Feature", "geometry": {"type": "Point", "coordinates": [72.866111, 18.850278]}, "properties": {"elevation_m": 0.0, "provenance": "OBSERVED"}}, {"type": "Feature", "geometry": {"type": "Point", "coordinates": [72.872222, 18.850278]}, "properties": {"elevation_m": 0.0, "provenance": "OBSERVED"}}, {"type": "Feature", "geometry": {"type": "Point", "coordinates": [72.878333, 18.850278]}, "properties": {"elevation_m": 0.0, "provenance": "OBSERVED"}}, {"type": "Feature", "geometry": {"type": "Point", "coordinates": [72.884444, 18.850278]}, "properties": {"elevation_m": 0.0, "provenance": "OBSERVED"}}, {"type": "Feature", "geometry": {"type": "Point", "coordinates": [72.890556, 18.850278]}, "properties": {"elevation_m": 0.0, "provenance": "OBSERVED"}}, {"type": "Feature", "geometry": {"type": "Point", "coordinates": [72.896667, 18.850278]}, "properties": {"elevation_m": 0.0, "provenance": "OBSERVED"}}, {"type": "Feature", "geometry": {"type": "Point", "coordinates": [72.902778, 18.850278]}, "properties": {"elevation_m": 0.0, "provenance": "OBSERVED"}}, {"type": "Feature", "geometry": {"type": "Point", "coordinates": [72.908889, 18.850278]}, "properties": {"elevation_m": 0.0, "provenance": "OBSERVED"}}, {"type": "Feature", "geometry": {"type": "Point", "coordinates": [72.915, 18.850278]}, "properties": {"elevation_m": 0.0, "provenance": "OBSERVED"}}, {"type": "Feature", "geometry": {"type": "Point", "coordinates": [72.921111, 18.850278]}, "properties": {"elevation_m": 0.0, "provenance": "OBSERVED"}}, {"type": "Feature", "geometry": {"type": "Point", "coordinates": [72.927222, 18.850278]}, "properties": {"elevation_m": 0.0, "provenance": "OBSERVED"}}, {"type": "Feature", "geometry": {"type": "Point", "coordinates": [72.933333, 18.850278]}, "properties": {"elevation_m": 51.1, "provenance": "OBSERVED"}}, {"type": "Feature", "geometry": {"type": "Point", "coordinates": [72.939444, 18.850278]}, "properties": {"elevation_m": 37.5, "provenance": "OBSERVED"}}, {"type": "Feature", "geometry": {"type": "Point", "coordinates": [72.945556, 18.850278]}, "properties": {"elevation_m": 34.1, "provenance": "OBSERVED"}}, {"type": "Feature", "geometry": {"type": "Point", "coordinates": [72.951667, 18.850278]}, "properties": {"elevation_m": 9.3, "provenance": "OBSERVED"}}, {"type": "Feature", "geometry": {"type": "Point", "coordinates": [72.957778, 18.850278]}, "properties": {"elevation_m": 0.0, "provenance": "OBSERVED"}}, {"type": "Feature", "geometry": {"type": "Point", "coordinates": [72.963889, 18.850278]}, "properties": {"elevation_m": 0.0, "provenance": "OBSERVED"}}, {"type": "Feature", "geometry": {"type": "Point", "coordinates": [72.97, 18.850278]}, "properties": {"elevation_m": 0.0, "provenance": "OBSERVED"}}, {"type": "Feature", "geometry": {"type": "Point", "coordinates": [72.976111, 18.850278]}, "properties": {"elevation_m": 0.0, "provenance": "OBSERVED"}}, {"type": "Feature", "geometry": {"type": "Point", "coordinates": [72.982222, 18.850278]}, "properties": {"elevation_m": 3.8, "provenance": "OBSERVED"}}, {"type": "Feature", "geometry": {"type": "Point", "coordinates": [72.988333, 18.850278]}, "properties": {"elevation_m": 2.2, "provenance": "OBSERVED"}}, {"type": "Feature", "geometry": {"type": "Point", "coordinates": [72.994444, 18.850278]}, "properties": {"elevation_m": 2.3, "provenance": "OBSERVED"}}, {"type": "Feature", "geometry": {"type": "Point", "coordinates": [73.000556, 18.850278]}, "properties": {"elevation_m": 1.7, "provenance": "OBSERVED"}}, {"type": "Feature", "geometry": {"type": "Point", "coordinates": [73.006667, 18.850278]}, "properties": {"elevation_m": 2.1, "provenance": "OBSERVED"}}, {"type": "Feature", "geometry": {"type": "Point", "coordinates": [73.012778, 18.850278]}, "properties": {"elevation_m": 2.2, "provenance": "OBSERVED"}}, {"type": "Feature", "geometry": {"type": "Point", "coordinates": [73.018889, 18.850278]}, "properties": {"elevation_m": 14.8, "provenance": "OBSERVED"}}, {"type": "Feature", "geometry": {"type": "Point", "coordinates": [73.025, 18.850278]}, "properties": {"elevation_m": 21.3, "provenance": "OBSERVED"}}, {"type": "Feature", "geometry": {"type": "Point", "coordinates": [73.031111, 18.850278]}, "properties": {"elevation_m": 103.1, "provenance": "OBSERVED"}}, {"type": "Feature", "geometry": {"type": "Point", "coordinates": [73.037222, 18.850278]}, "properties": {"elevation_m": 79.2, "provenance": "OBSERVED"}}, {"type": "Feature", "geometry": {"type": "Point", "coordinates": [73.043333, 18.850278]}, "properties": {"elevation_m": 70.9, "provenance": "OBSERVED"}}, {"type": "Feature", "geometry": {"type": "Point", "coordinates": [73.049722, 18.850278]}, "properties": {"elevation_m": 62.3, "provenance": "OBSERVED"}}]}