{"type": "FeatureCollection", "features": [{"type": "Feature", "geometry": {"type": "Point", "coordinates": [72.75, 19.3]}, "properties": {"slope_degrees": 0.0, "provenance": "INFERRED"}}, {"type": "Feature", "geometry": {"type": "Point", "coordinates": [72.756111, 19.3]}, "properties": {"slope_degrees": 0.0, "provenance": "INFERRED"}}, {"type": "Feature", "geometry": {"type": "Point", "coordinates": [72.762222, 19.3]}, "properties": {"slope_degrees": 0.0, "provenance": "INFERRED"}}, {"type": "Feature", "geometry": {"type": "Point", "coordinates": [72.768333, 19.3]}, "properties": {"slope_degrees": 0.0, "provenance": "INFERRED"}}, {"type": "Feature", "geometry": {"type": "Point", "coordinates": [72.774444, 19.3]}, "properties": {"slope_degrees": 0.0, "provenance": "INFERRED"}}, {"type": "Feature", "geometry": {"type": "Point", "coordinates": [72.780556, 19.3]}, "properties": {"slope_degrees": 0.0, "provenance": "INFERRED"}}, {"type": "Feature", "geometry": {"type": "Point", "coordinates": [72.786667, 19.3]}, "properties": {"slope_degrees": 10.9, "provenance": "INFERRED"}}, {"type": "Feature", "geometry": {"type": "Point", "coordinates": [72.792778, 19.3]}, "properties": {"slope_degrees": 6.11, "provenance": "INFERRED"}}, {"type": "Feature", "geometry": {"type": "Point", "coordinates": [72.798889, 19.3]}, "properties": {"slope_degrees": 1.98, "provenance": "INFERRED"}}, {"type": "Feature", "geometry": {"type": "Point", "coordinates": [72.805, 19.3]}, "properties": {"slope_degrees": 0.47, "provenance": "INFERRED"}}, {"type": "Feature", "geometry": {"type": "Point", "coordinates": [72.811111, 19.3]}, "properties": {"slope_degrees": 0.16, "provenance": "INFERRED"}}, {"type": "Feature", "geometry": {"type": "Point", "coordinates": [72.817222, 19.3]}, "properties": {"slope_degrees": 0.99, "provenance": "INFERRED"}}, {"type": "Feature", "geometry": {"type": "Point", "coordinates": [72.823333, 19.3]}, "properties": {"slope_degrees": 0.75, "provenance": "INFERRED"}}, {"type": "Feature", "geometry": {"type": "Point", "coordinates": [72.829444, 19.3]}, "properties": {"slope_degrees": 3.88, "provenance": "INFERRED"}}, {"type": "Feature", "geometry": {"type": "Point", "coordinates": [72.835556, 19.3]}, "properties": {"slope_degrees": 0.8, "provenance": "INFERRED"}}, {"type": "Feature", "geometry": {"type": "Point", "coordinates": [72.841667, 19.3]}, "properties": {"slope_degrees": 1.07, "provenance": "INFERRED"}}, {"type": "Feature", "geometry": {"type": "Point", "coordinates": [72.847778, 19.3]}, "properties": {"slope_degrees": 3.06, "provenance": "INFERRED"}}, {"type": "Feature", "geometry": {"type": "Point", "coordinates": [72.853889, 19.3]}, "properties": {"slope_degrees": 1.38, "provenance": "INFERRED"}}, {"type": "Feature", "geometry": {"type": "Point", "coordinates": [72.86, 19.3]}, "properties": {"slope_degrees": 3.54, "provenance": "INFERRED"}}, {"type": "Feature", "geometry": {"type": "Point", "coordinates": [72.866111, 19.3]}, "properties": {"slope_degrees": 1.0, "provenance": "INFERRED"}}, {"type": "Feature", "geometry": {"type": "Point", "coordinates": [72.872222, 19.3]}, "properties": {"slope_degrees": 0.64, "provenance": "INFERRED"}}, {"type": "Feature", "geometry": {"type": "Point", "coordinates": [72.878333, 19.3]}, "properties": {"slope_degrees": 1.33, "provenance": "INFERRED"}}, {"type": "Feature", "geometry": {"type": "Point", "coordinates": [72.884444, 19.3]}, "properties": {"slope_degrees": 1.04, "provenance": "INFERRED"}}, {"type": "Feature", "geometry": {"type": "Point", "coordinates": [72.890556, 19.3]}, "properties": {"slope_degrees": 0.0, "provenance": "INFERRED"}}, {"type": "Feature", "geometry": {"type": "Point", "coordinates": [72.896667, 19.3]}, "properties": {"slope_degrees": 2.44, "provenance": "INFERRED"}}, {"type": "Feature", "geometry": {"type": "Point", "coordinates": [72.902778, 19.3]}, "properties": {"slope_degrees": 0.96, "provenance": "INFERRED"}}, {"type": "Feature", "geometry": {"type": "Point", "coordinates": [72.908889, 19.3]}, "properties": {"slope_degrees": 10.28, "provenance": "INFERRED"}}, {"type": "Feature", "geometry": {"type": "Point", "coordinates": [72.915, 19.3]}, "properties": {"slope_degrees": 22.38, "provenance": "INFERRED"}}, {"type": "Feature", "geometry": {"type": "Point", "coordinates": [72.921111, 19.3]}, "properties": {"slope_degrees": 14.31, "provenance": "INFERRED"}}, {"type": "Feature", "geometry": {"type": "Point", "coordinates": [72.927222, 19.3]}, "properties": {"slope_degrees": 9.98, "provenance": "INFERRED"}}, {"type": "Feature", "geometry": {"type": "Point", "coordinates": [72.933333, 19.3]}, "properties": {"slope_degrees": 13.09, "provenance": "INFERRED"}}, {"type": "Feature", "geometry": {"type": "Point", "coordinates": [72.939444, 19.3]}, "properties": {"slope_degrees": 2.24, "provenance": "INFERRED"}}, {"type": "Feature", "geometry": {"type": "Point", "coordinates": [72.945556, 19.3]}, "properties": {"slope_degrees": 0.0, "provenance": "INFERRED"}}, {"type": "Feature", "geometry": {"type": "Point", "coordinates": [72.951667, 19.3]}, "properties": {"slope_degrees": 0.0, "provenance": "INFERRED"}}, {"type": "Feature", "geometry": {"type": "Point", "coordinates": [72.957778, 19.3]}, "properties": {"slope_degrees": 0.0, "provenance": "INFERRED"}}, {"type": "Feature", "geometry": {"type": "Point", "coordinates": [72.963889, 19.3]}, "properties": {"slope_degrees": 0.0, "provenance": "INFERRED"}}, {"type": "Feature", "geometry": {"type": "Point", "coordinates": [72.97, 19.3]}, "properties": {"slope_degrees": 0.0, "provenance": "INFERRED"}}, {"type": "Feature", "geometry": {"type": "Point", "coordinates": [72.976111, 19.3]}, "properties": {"slope_degrees": 14.89, "provenance": "INFERRED"}}, {"type": "Feature", "geometry": {"type": "Point", "coordinates": [72.982222, 19.3]}, "properties": {"slope_degrees": 4.42, "provenance": "INFERRED"}}, {"type": "Feature", "geometry": {"type": "Point", "coordinates": [72.988333, 19.3]}, "properties": {"slope_degrees": 4.01, "provenance": "INFERRED"}}, {"type": "Feature", "geometry": {"type": "Point", "coordinates": [72.994444, 19.3]}, "properties": {"slope_degrees": 2.04, "provenance": "INFERRED"}}, {"type": "Feature", "geometry": {"type": "Point", "coordinates": [73.000556, 19.3]}, "properties": {"slope_degrees": 0.89, "provenance": "INFERRED"}}, {"type": "Feature", "geometry": {"type": "Point", "coordinates": [73.006667, 19.3]}, "properties": {"slope_degrees": 0.28, "provenance": "INFERRED"}}, {"type": "Feature", "geometry": {"type": "Point", "coordinates": [73.012778, 19.3]}, "properties": {"slope_degrees": 4.2, "provenance": "INFERRED"}}, {"type": "Feature", "geometry": {"type": "Point", "coordinates": [73.018889, 19.3]}, "properties": {"slope_degrees": 2.56, "provenance": "INFERRED"}}, {"type": "Feature", "geometry": {"type": "Point", "coordinates": [73.025, 19.3]}, "properties": {"slope_degrees": 1.47, "provenance": "INFERRED"}}, {"type": "Feature", "geometry": {"type": "Point", "coordinates": [73.031111, 19.3]}, "properties": {"slope_degrees": 1.44, "provenance": "INFERRED"}}, {"type": "Feature", "geometry": {"type": "Point", "coordinates": [73.037222, 19.3]}, "properties": {"slope_degrees": 11.83, "provenance": "INFERRED"}}, {"type": "Feature", "geometry": {"type": "Point", "coordinates": [73.043333, 19.3]}, "properties": {"slope_degrees": 2.8, "provenance": "INFERRED"}}, {"type": "Feature", "geometry": {"type": "Point", "coordinates": [73.049722, 19.3]}, "properties": {"slope_degrees": 4.79, "provenance": "INFERRED"}}, {"type": "Feature", "geometry": {"type": "Point", "coordinates": [72.75, 19.290833]}, "properties": {"slope_degrees": 0.0, "provenance": "INFERRED"}}, {"type": "Feature", "geometry": {"type": "Point", "coordinates": [72.756111, 19.290833]}, "properties": {"slope_degrees": 0.0, "provenance": "INFERRED"}}, {"type": "Feature", "geometry": {"type": "Point", "coordinates": [72.762222, 19.290833]}, "properties": {"slope_degrees": 0.0, "provenance": "INFERRED"}}, {"type": "Feature", "geometry": {"type": "Point", "coordinates": [72.768333, 19.290833]}, "properties": {"slope_degrees": 0.0, "provenance": "INFERRED"}}, {"type": "Feature", "geometry": {"type": "Point", "coordinates": [72.774444, 19.290833]}, "properties": {"slope_degrees": 0.0, "provenance": "INFERRED"}}, {"type": "Feature", "geometry": {"type": "Point", "coordinates": [72.780556, 19.290833]}, "properties": {"slope_degrees": 0.0, "provenance": "INFERRED"}}, {"type": "Feature", "geometry": {"type": "Point", "coordinates": [72.786667, 19.290833]}, "properties": {"slope_degrees": 3.28, "provenance": "INFERRED"}}, {"type": "Feature", "geometry": {"type": "Point", "coordinates": [72.792778, 19.290833]}, "properties": {"slope_degrees": 3.9, "provenance": "INFERRED"}}, {"type": "Feature", "geometry": {"type": "Point", "coordinates": [72.798889, 19.290833]}, "properties": {"slope_degrees": 16.36, "provenance": "INFERRED"}}, {"type": "Feature", "geometry": {"type": "Point", "coordinates": [72.805, 19.290833]}, "properties": {"slope_degrees": 10.63, "provenance": "INFERRED"}}, {"type": "Feature", "geometry": {"type": "Point", "coordinates": [72.811111, 19.290833]}, "properties": {"slope_degrees": 1.95, "provenance": "INFERRED"}}, {"type": "Feature", "geometry": {"type": "Point", "coordinates": [72.817222, 19.290833]}, "properties": {"slope_degrees": 0.6, "provenance": "INFERRED"}}, {"type": "Feature", "geometry": {"type": "Point", "coordinates": [72.823333, 19.290833]}, "properties": {"slope_degrees": 0.0, "provenance": "INFERRED"}}, {"type": "Feature", "geometry": {"type": "Point", "coordinates": [72.829444, 19.290833]}, "properties": {"slope_degrees": 0.0, "provenance": "INFERRED"}}, {"type": "Feature", "geometry": {"type": "Point", "coordinates": [72.835556, 19.290833]}, "properties": {"slope_degrees": 1.48, "provenance": "INFERRED"}}, {"type": "Feature", "geometry": {"type": "Point", "coordinates": [72.841667, 19.290833]}, "properties": {"slope_degrees": 0.27, "provenance": "INFERRED"}}, {"type": "Feature", "geometry": {"type": "Point", "coordinates": [72.847778, 19.290833]}, "properties": {"slope_degrees": 0.39, "provenance": "INFERRED"}}, {"type": "Feature", "geometry": {"type": "Point", "coordinates": [72.853889, 19.290833]}, "properties": {"slope_degrees": 0.62, "provenance": "INFERRED"}}, {"type": "Feature", "geometry": {"type": "Point", "coordinates": [72.86, 19.290833]}, "properties": {"slope_degrees": 0.0, "provenance": "INFERRED"}}, {"type": "Feature", "geometry": {"type": "Point", "coordinates": [72.866111, 19.290833]}, "properties": {"slope_degrees": 4.9, "provenance": "INFERRED"}}, {"type": "Feature", "geometry": {"type": "Point", "coordinates": [72.872222, 19.290833]}, "properties": {"slope_degrees": 6.54, "provenance": "INFERRED"}}, {"type": "Feature", "geometry": {"type": "Point", "coordinates": [72.878333, 19.290833]}, "properties": {"slope_degrees": 4.92, "provenance": "INFERRED"}}, {"type": "Feature", "geometry": {"type": "Point", "coordinates": [72.884444, 19.290833]}, "properties": {"slope_degrees": 0.78, "provenance": "INFERRED"}}, {"type": "Feature", "geometry": {"type": "Point", "coordinates": [72.890556, 19.290833]}, "properties": {"slope_degrees": 18.45, "provenance": "INFERRED"}}, {"type": "Feature", "geometry": {"type": "Point", "coordinates": [72.896667, 19.290833]}, "properties": {"slope_degrees": 0.0, "provenance": "INFERRED"}}, {"type": "Feature", "geometry": {"type": "Point", "coordinates": [72.902778, 19.290833]}, "properties": {"slope_degrees": 0.0, "provenance": "INFERRED"}}, {"type": "Feature", "geometry": {"type": "Point", "coordinates": [72.908889, 19.290833]}, "properties": {"slope_degrees": 0.89, "provenance": "INFERRED"}}, {"type": "Feature", "geometry": {"type": "Point", "coordinates": [72.915, 19.290833]}, "properties": {"slope_degrees": 15.99, "provenance": "INFERRED"}}, {"type": "Feature", "geometry": {"type": "Point", "coordinates": [72.921111, 19.290833]}, "properties": {"slope_degrees": 0.0, "provenance": "INFERRED"}}, {"type": "Feature", "geometry": {"type": "Point", "coordinates": [72.927222, 19.290833]}, "properties": {"slope_degrees": 0.0, "provenance": "INFERRED"}}, {"type": "Feature", "geometry": {"type": "Point", "coordinates": [72.933333, 19.290833]}, "properties": {"slope_degrees": 8.85, "provenance": "INFERRED"}}, {"type": "Feature", "geometry": {"type": "Point", "coordinates": [72.939444, 19.290833]}, "properties": {"slope_degrees": 0.0, "provenance": "INFERRED"}}, {"type": "Feature", "geometry": {"type": "Point", "coordinates": [72.945556, 19.290833]}, "properties": {"slope_degrees": 1.58, "provenance": "INFERRED"}}, {"type": "Feature", "geometry": {"type": "Point", "coordinates": [72.951667, 19.290833]}, "properties": {"slope_degrees": 1.76, "provenance": "INFERRED"}}, {"type": "Feature", "geometry": {"type": "Point", "coordinates": [72.957778, 19.290833]}, "properties": {"slope_degrees": 0.0, "provenance": "INFERRED"}}, {"type": "Feature", "geometry": {"type": "Point", "coordinates": [72.963889, 19.290833]}, "properties": {"slope_degrees": 0.0, "provenance": "INFERRED"}}, {"type": "Feature", "geometry": {"type": "Point", "coordinates": [72.97, 19.290833]}, "properties": {"slope_degrees": 1.03, "provenance": "INFERRED"}}, {"type": "Feature", "geometry": {"type": "Point", "coordinates": [72.976111, 19.290833]}, "properties": {"slope_degrees": 0.0, "provenance": "INFERRED"}}, {"type": "Feature", "geometry": {"type": "Point", "coordinates": [72.982222, 19.290833]}, "properties": {"slope_degrees": 0.0, "provenance": "INFERRED"}}, {"type": "Feature", "geometry": {"type": "Point", "coordinates": [72.988333, 19.290833]}, "properties": {"slope_degrees": 0.0, "provenance": "INFERRED"}}, {"type": "Feature", "geometry": {"type": "Point", "coordinates": [72.994444, 19.290833]}, "properties": {"slope_degrees": 2.51, "provenance": "INFERRED"}}, {"type": "Feature", "geometry": {"type": "Point", "coordinates": [73.000556, 19.290833]}, "properties": {"slope_degrees": 0.48, "provenance": "INFERRED"}}, {"type": "Feature", "geometry": {"type": "Point", "coordinates": [73.006667, 19.290833]}, "properties": {"slope_degrees": 1.42, "provenance": "INFERRED"}}, {"type": "Feature", "geometry": {"type": "Point", "coordinates": [73.012778, 19.290833]}, "properties": {"slope_degrees": 0.93, "provenance": "INFERRED"}}, {"type": "Feature", "geometry": {"type": "Point", "coordinates": [73.018889, 19.290833]}, "properties": {"slope_degrees": 2.69, "provenance": "INFERRED"}}, {"type": "Feature", "geometry": {"type": "Point", "coordinates": [73.025, 19.290833]}, "properties": {"slope_degrees": 5.03, "provenance": "INFERRED"}}, {"type": "Feature", "geometry": {"type": "Point", "coordinates": [73.031111, 19.290833]}, "properties": {"slope_degrees": 1.28, "provenance": "INFERRED"}}, {"type": "Feature", "geometry": {"type": "Point", "coordinates": [73.037222, 19.290833]}, "properties": {"slope_degrees": 1.93, "provenance": "INFERRED"}}, {"type": "Feature", "geometry": {"type": "Point", "coordinates": [73.043333, 19.290833]}, "properties": {"slope_degrees": 1.62, "provenance": "INFERRED"}}, {"type": "Feature", "geometry": {"type": "Point", "coordinates": [73.049722, 19.290833]}, "properties": {"slope_degrees": 0.83, "provenance": "INFERRED"}}, {"type": "Feature", "geometry": {"type": "Point", "coordinates": [72.75, 19.281667]}, "properties": {"slope_degrees": 0.0, "provenance": "INFERRED"}}, {"type": "Feature", "geometry": {"type": "Point", "coordinates": [72.756111, 19.281667]}, "properties": {"slope_degrees": 0.0, "provenance": "INFERRED"}}, {"type": "Feature", "geometry": {"type": "Point", "coordinates": [72.762222, 19.281667]}, "properties": {"slope_degrees": 0.0, "provenance": "INFERRED"}}, {"type": "Feature", "geometry": {"type": "Point", "coordinates": [72.768333, 19.281667]}, "properties": {"slope_degrees": 0.0, "provenance": "INFERRED"}}, {"type": "Feature", "geometry": {"type": "Point", "coordinates": [72.774444, 19.281667]}, "properties": {"slope_degrees": 0.0, "provenance": "INFERRED"}}, {"type": "Feature", "geometry": {"type": "Point", "coordinates": [72.780556, 19.281667]}, "properties": {"slope_degrees": 0.0, "provenance": "INFERRED"}}, {"type": "Feature", "geometry": {"type": "Point", "coordinates": [72.786667, 19.281667]}, "properties": {"slope_degrees": 1.12, "provenance": "INFERRED"}}, {"type": "Feature", "geometry": {"type": "Point", "coordinates": [72.792778, 19.281667]}, "properties": {"slope_degrees": 0.0, "provenance": "INFERRED"}}, {"type": "Feature", "geometry": {"type": "Point", "coordinates": [72.798889, 19.281667]}, "properties": {"slope_degrees": 7.49, "provenance": "INFERRED"}}, {"type": "Feature", "geometry": {"type": "Point", "coordinates": [72.805, 19.281667]}, "properties": {"slope_degrees": 7.44, "provenance": "INFERRED"}}, {"type": "Feature", "geometry": {"type": "Point", "coordinates": [72.811111, 19.281667]}, "properties": {"slope_degrees": 0.0, "provenance": "INFERRED"}}, {"type": "Feature", "geometry": {"type": "Point", "coordinates": [72.817222, 19.281667]}, "properties": {"slope_degrees": 0.0, "provenance": "INFERRED"}}, {"type": "Feature", "geometry": {"type": "Point", "coordinates": [72.823333, 19.281667]}, "properties": {"slope_degrees": 0.0, "provenance": "INFERRED"}}, {"type": "Feature", "geometry": {"type": "Point", "coordinates": [72.829444, 19.281667]}, "properties": {"slope_degrees": 0.0, "provenance": "INFERRED"}}, {"type": "Feature", "geometry": {"type": "Point", "coordinates": [72.835556, 19.281667]}, "properties": {"slope_degrees": 2.76, "provenance": "INFERRED"}}, {"type": "Feature", "geometry": {"type": "Point", "coordinates": [72.841667, 19.281667]}, "properties": {"slope_degrees": 0.0, "provenance": "INFERRED"}}, {"type": "Feature", "geometry": {"type": "Point", "coordinates": [72.847778, 19.281667]}, "properties": {"slope_degrees": 0.0, "provenance": "INFERRED"}}, {"type": "Feature", "geometry": {"type": "Point", "coordinates": [72.853889, 19.281667]}, "properties": {"slope_degrees": 0.0, "provenance": "INFERRED"}}, {"type": "Feature", "geometry": {"type": "Point", "coordinates": [72.86, 19.281667]}, "properties": {"slope_degrees": 2.34, "provenance": "INFERRED"}}, {"type": "Feature", "geometry": {"type": "Point", "coordinates": [72.866111, 19.281667]}, "properties": {"slope_degrees": 2.44, "provenance": "INFERRED"}}, {"type": "Feature", "geometry": {"type": "Point", "coordinates": [72.872222, 19.281667]}, "properties": {"slope_degrees": 2.58, "provenance": "INFERRED"}}, {"type": "Feature", "geometry": {"type": "Point", "coordinates": [72.878333, 19.281667]}, "properties": {"slope_degrees": 3.04, "provenance": "INFERRED"}}, {"type": "Feature", "geometry": {"type": "Point", "coordinates": [72.884444, 19.281667]}, "properties": {"slope_degrees": 0.2, "provenance": "INFERRED"}}, {"type": "Feature", "geometry": {"type": "Point", "coordinates": [72.890556, 19.281667]}, "properties": {"slope_degrees": 7.94, "provenance": "INFERRED"}}, {"type": "Feature", "geometry": {"type": "Point", "coordinates": [72.896667, 19.281667]}, "properties": {"slope_degrees": 30.41, "provenance": "INFERRED"}}, {"type": "Feature", "geometry": {"type": "Point", "coordinates": [72.902778, 19.281667]}, "properties": {"slope_degrees": 0.42, "provenance": "INFERRED"}}, {"type": "Feature", "geometry": {"type": "Point", "coordinates": [72.908889, 19.281667]}, "properties": {"slope_degrees": 0.7, "provenance": "INFERRED"}}, {"type": "Feature", "geometry": {"type": "Point", "coordinates": [72.915, 19.281667]}, "properties": {"slope_degrees": 26.23, "provenance": "INFERRED"}}, {"type": "Feature", "geometry": {"type": "Point", "coordinates": [72.921111, 19.281667]}, "properties": {"slope_degrees": 2.32, "provenance": "INFERRED"}}, {"type": "Feature", "geometry": {"type": "Point", "coordinates": [72.927222, 19.281667]}, "properties": {"slope_degrees": 8.13, "provenance": "INFERRED"}}, {"type": "Feature", "geometry": {"type": "Point", "coordinates": [72.933333, 19.281667]}, "properties": {"slope_degrees": 17.63, "provenance": "INFERRED"}}, {"type": "Feature", "geometry": {"type": "Point", "coordinates": [72.939444, 19.281667]}, "properties": {"slope_degrees": 19.5, "provenance": "INFERRED"}}, {"type": "Feature", "geometry": {"type": "Point", "coordinates": [72.945556, 19.281667]}, "properties": {"slope_degrees": 1.04, "provenance": "INFERRED"}}, {"type": "Feature", "geometry": {"type": "Point", "coordinates": [72.951667, 19.281667]}, "properties": {"slope_degrees": 2.36, "provenance": "INFERRED"}}, {"type": "Feature", "geometry": {"type": "Point", "coordinates": [72.957778, 19.281667]}, "properties": {"slope_degrees": 1.19, "provenance": "INFERRED"}}, {"type": "Feature", "geometry": {"type": "Point", "coordinates": [72.963889, 19.281667]}, "properties": {"slope_degrees": 0.0, "provenance": "INFERRED"}}, {"type": "Feature", "geometry": {"type": "Point", "coordinates": [72.97, 19.281667]}, "properties": {"slope_degrees": 6.48, "provenance": "INFERRED"}}, {"type": "Feature", "geometry": {"type": "Point", "coordinates": [72.976111, 19.281667]}, "properties": {"slope_degrees": 0.0, "provenance": "INFERRED"}}, {"type": "Feature", "geometry": {"type": "Point", "coordinates": [72.982222, 19.281667]}, "properties": {"slope_degrees": 1.17, "provenance": "INFERRED"}}, {"type": "Feature", "geometry": {"type": "Point", "coordinates": [72.988333, 19.281667]}, "properties": {"slope_degrees": 0.0, "provenance": "INFERRED"}}, {"type": "Feature", "geometry": {"type": "Point", "coordinates": [72.994444, 19.281667]}, "properties": {"slope_degrees": 0.0, "provenance": "INFERRED"}}, {"type": "Feature", "geometry": {"type": "Point", "coordinates": [73.000556, 19.281667]}, "properties": {"slope_degrees": 0.0, "provenance": "INFERRED"}}, {"type": "Feature", "geometry": {"type": "Point", "coordinates": [73.006667, 19.281667]}, "properties": {"slope_degrees": 0.98, "provenance": "INFERRED"}}, {"type": "Feature", "geometry": {"type": "Point", "coordinates": [73.012778, 19.281667]}, "properties": {"slope_degrees": 0.01, "provenance": "INFERRED"}}, {"type": "Feature", "geometry": {"type": "Point", "coordinates": [73.018889, 19.281667]}, "properties": {"slope_degrees": 0.0, "provenance": "INFERRED"}}, {"type": "Feature", "geometry": {"type": "Point", "coordinates": [73.025, 19.281667]}, "properties": {"slope_degrees": 3.11, "provenance": "INFERRED"}}, {"type": "Feature", "geometry": {"type": "Point", "coordinates": [73.031111, 19.281667]}, "properties": {"slope_degrees": 4.88, "provenance": "INFERRED"}}, {"type": "Feature", "geometry": {"type": "Point", "coordinates": [73.037222, 19.281667]}, "properties": {"slope_degrees": 2.77, "provenance": "INFERRED"}}, {"type": "Feature", "geometry": {"type": "Point", "coordinates": [73.043333, 19.281667]}, "properties": {"slope_degrees": 1.42, "provenance": "INFERRED"}}, {"type": "Feature", "geometry": {"type": "Point", "coordinates": [73.049722, 19.281667]}, "properties": {"slope_degrees": 3.53, "provenance": "INFERRED"}}, {"type": "Feature", "geometry": {"type": "Point", "coordinates": [72.75, 19.2725]}, "properties": {"slope_degrees": 0.0, "provenance": "INFERRED"}}, {"type": "Feature", "geometry": {"type": "Point", "coordinates": [72.756111, 19.2725]}, "properties": {"slope_degrees": 0.0, "provenance": "INFERRED"}}, {"type": "Feature", "geometry": {"type": "Point", "coordinates": [72.762222, 19.2725]}, "properties": {"slope_degrees": 0.0, "provenance": "INFERRED"}}, {"type": "Feature", "geometry": {"type": "Point", "coordinates": [72.768333, 19.2725]}, "properties": {"slope_degrees": 0.0, "provenance": "INFERRED"}}, {"type": "Feature", "geometry": {"type": "Point", "coordinates": [72.774444, 19.2725]}, "properties": {"slope_degrees": 0.0, "provenance": "INFERRED"}}, {"type": "Feature", "geometry": {"type": "Point", "coordinates": [72.780556, 19.2725]}, "properties": {"slope_degrees": 1.88, "provenance": "INFERRED"}}, {"type": "Feature", "geometry": {"type": "Point", "coordinates": [72.786667, 19.2725]}, "properties": {"slope_degrees": 2.77, "provenance": "INFERRED"}}, {"type": "Feature", "geometry": {"type": "Point", "coordinates": [72.792778, 19.2725]}, "properties": {"slope_degrees": 9.07, "provenance": "INFERRED"}}, {"type": "Feature", "geometry": {"type": "Point", "coordinates": [72.798889, 19.2725]}, "properties": {"slope_degrees": 5.1, "provenance": "INFERRED"}}, {"type": "Feature", "geometry": {"type": "Point", "coordinates": [72.805, 19.2725]}, "properties": {"slope_degrees": 12.3, "provenance": "INFERRED"}}, {"type": "Feature", "geometry": {"type": "Point", "coordinates": [72.811111, 19.2725]}, "properties": {"slope_degrees": 8.69, "provenance": "INFERRED"}}, {"type": "Feature", "geometry": {"type": "Point", "coordinates": [72.817222, 19.2725]}, "properties": {"slope_degrees": 1.54, "provenance": "INFERRED"}}, {"type": "Feature", "geometry": {"type": "Point", "coordinates": [72.823333, 19.2725]}, "properties": {"slope_degrees": 2.4, "provenance": "INFERRED"}}, {"type": "Feature", "geometry": {"type": "Point", "coordinates": [72.829444, 19.2725]}, "properties": {"slope_degrees": 0.0, "provenance": "INFERRED"}}, {"type": "Feature", "geometry": {"type": "Point", "coordinates": [72.835556, 19.2725]}, "properties": {"slope_degrees": 1.56, "provenance": "INFERRED"}}, {"type": "Feature", "geometry": {"type": "Point", "coordinates": [72.841667, 19.2725]}, "properties": {"slope_degrees": 0.0, "provenance": "INFERRED"}}, {"type": "Feature", "geometry": {"type": "Point", "coordinates": [72.847778, 19.2725]}, "properties": {"slope_degrees": 0.93, "provenance": "INFERRED"}}, {"type": "Feature", "geometry": {"type": "Point", "coordinates": [72.853889, 19.2725]}, "properties": {"slope_degrees": 0.45, "provenance": "INFERRED"}}, {"type": "Feature", "geometry": {"type": "Point", "coordinates": [72.86, 19.2725]}, "properties": {"slope_degrees": 2.25, "provenance": "INFERRED"}}, {"type": "Feature", "geometry": {"type": "Point", "coordinates": [72.866111, 19.2725]}, "properties": {"slope_degrees": 4.29, "provenance": "INFERRED"}}, {"type": "Feature", "geometry": {"type": "Point", "coordinates": [72.872222, 19.2725]}, "properties": {"slope_degrees": 0.52, "provenance": "INFERRED"}}, {"type": "Feature", "geometry": {"type": "Point", "coordinates": [72.878333, 19.2725]}, "properties": {"slope_degrees": 1.07, "provenance": "INFERRED"}}, {"type": "Feature", "geometry": {"type": "Point", "coordinates": [72.884444, 19.2725]}, "properties": {"slope_degrees": 5.71, "provenance": "INFERRED"}}, {"type": "Feature", "geometry": {"type": "Point", "coordinates": [72.890556, 19.2725]}, "properties": {"slope_degrees": 2.08, "provenance": "INFERRED"}}, {"type": "Feature", "geometry": {"type": "Point", "coordinates": [72.896667, 19.2725]}, "properties": {"slope_degrees": 0.8, "provenance": "INFERRED"}}, {"type": "Feature", "geometry": {"type": "Point", "coordinates": [72.902778, 19.2725]}, "properties": {"slope_degrees": 13.1, "provenance": "INFERRED"}}, {"type": "Feature", "geometry": {"type": "Point", "coordinates": [72.908889, 19.2725]}, "properties": {"slope_degrees": 3.04, "provenance": "INFERRED"}}, {"type": "Feature", "geometry": {"type": "Point", "coordinates": [72.915, 19.2725]}, "properties": {"slope_degrees": 3.79, "provenance": "INFERRED"}}, {"type": "Feature", "geometry": {"type": "Point", "coordinates": [72.921111, 19.2725]}, "properties": {"slope_degrees": 9.4, "provenance": "INFERRED"}}, {"type": "Feature", "geometry": {"type": "Point", "coordinates": [72.927222, 19.2725]}, "properties": {"slope_degrees": 22.45, "provenance": "INFERRED"}}, {"type": "Feature", "geometry": {"type": "Point", "coordinates": [72.933333, 19.2725]}, "properties": {"slope_degrees": 12.26, "provenance": "INFERRED"}}, {"type": "Feature", "geometry": {"type": "Point", "coordinates": [72.939444, 19.2725]}, "properties": {"slope_degrees": 16.16, "provenance": "INFERRED"}}, {"type": "Feature", "geometry": {"type": "Point", "coordinates": [72.945556, 19.2725]}, "properties": {"slope_degrees": 1.51, "provenance": "INFERRED"}}, {"type": "Feature", "geometry": {"type": "Point", "coordinates": [72.951667, 19.2725]}, "properties": {"slope_degrees": 1.37, "provenance": "INFERRED"}}, {"type": "Feature", "geometry": {"type": "Point", "coordinates": [72.957778, 19.2725]}, "properties": {"slope_degrees": 2.29, "provenance": "INFERRED"}}, {"type": "Feature", "geometry": {"type": "Point", "coordinates": [72.963889, 19.2725]}, "properties": {"slope_degrees": 1.61, "provenance": "INFERRED"}}, {"type": "Feature", "geometry": {"type": "Point", "coordinates": [72.97, 19.2725]}, "properties": {"slope_degrees": 3.48, "provenance": "INFERRED"}}, {"type": "Feature", "geometry": {"type": "Point", "coordinates": [72.976111, 19.2725]}, "properties": {"slope_degrees": 0.0, "provenance": "INFERRED"}}, {"type": "Feature", "geometry": {"type": "Point", "coordinates": [72.982222, 19.2725]}, "properties": {"slope_degrees": 0.0, "provenance": "INFERRED"}}, {"type": "Feature", "geometry": {"type": "Point", "coordinates": [72.988333, 19.2725]}, "properties": {"slope_degrees": 3.73, "provenance": "INFERRED"}}, {"type": "Feature", "geometry": {"type": "Point", "coordinates": [72.994444, 19.2725]}, "properties": {"slope_degrees": 2.98, "provenance": "INFERRED"}}, {"type": "Feature", "geometry": {"type": "Point", "coordinates": [73.000556, 19.2725]}, "properties": {"slope_degrees": 0.34, "provenance": "INFERRED"}}, {"type": "Feature", "geometry": {"type": "Point", "coordinates": [73.006667, 19.2725]}, "properties": {"slope_degrees": 1.44, "provenance": "INFERRED"}}, {"type": "Feature", "geometry": {"type": "Point", "coordinates": [73.012778, 19.2725]}, "properties": {"slope_degrees": 0.26, "provenance": "INFERRED"}}, {"type": "Feature", "geometry": {"type": "Point", "coordinates": [73.018889, 19.2725]}, "properties": {"slope_degrees": 0.0, "provenance": "INFERRED"}}, {"type": "Feature", "geometry": {"type": "Point", "coordinates": [73.025, 19.2725]}, "properties": {"slope_degrees": 1.93, "provenance": "INFERRED"}}, {"type": "Feature", "geometry": {"type": "Point", "coordinates": [73.031111, 19.2725]}, "properties": {"slope_degrees": 1.17, "provenance": "INFERRED"}}, {"type": "Feature", "geometry": {"type": "Point", "coordinates": [73.037222, 19.2725]}, "properties": {"slope_degrees": 0.0, "provenance": "INFERRED"}}, {"type": "Feature", "geometry": {"type": "Point", "coordinates": [73.043333, 19.2725]}, "properties": {"slope_degrees": 3.05, "provenance": "INFERRED"}}, {"type": "Feature", "geometry": {"type": "Point", "coordinates": [73.049722, 19.2725]}, "properties": {"slope_degrees": 2.04, "provenance": "INFERRED"}}, {"type": "Feature", "geometry": {"type": "Point", "coordinates": [72.75, 19.263333]}, "properties": {"slope_degrees": 0.0, "provenance": "INFERRED"}}, {"type": "Feature", "geometry": {"type": "Point", "coordinates": [72.756111, 19.263333]}, "properties": {"slope_degrees": 0.0, "provenance": "INFERRED"}}, {"type": "Feature", "geometry": {"type": "Point", "coordinates": [72.762222, 19.263333]}, "properties": {"slope_degrees": 0.0, "provenance": "INFERRED"}}, {"type": "Feature", "geometry": {"type": "Point", "coordinates": [72.768333, 19.263333]}, "properties": {"slope_degrees": 0.0, "provenance": "INFERRED"}}, {"type": "Feature", "geometry": {"type": "Point", "coordinates": [72.774444, 19.263333]}, "properties": {"slope_degrees": 0.0, "provenance": "INFERRED"}}, {"type": "Feature", "geometry": {"type": "Point", "coordinates": [72.780556, 19.263333]}, "properties": {"slope_degrees": 0.0, "provenance": "INFERRED"}}, {"type": "Feature", "geometry": {"type": "Point", "coordinates": [72.786667, 19.263333]}, "properties": {"slope_degrees": 3.03, "provenance": "INFERRED"}}, {"type": "Feature", "geometry": {"type": "Point", "coordinates": [72.792778, 19.263333]}, "properties": {"slope_degrees": 0.0, "provenance": "INFERRED"}}, {"type": "Feature", "geometry": {"type": "Point", "coordinates": [72.798889, 19.263333]}, "properties": {"slope_degrees": 5.94, "provenance": "INFERRED"}}, {"type": "Feature", "geometry": {"type": "Point", "coordinates": [72.805, 19.263333]}, "properties": {"slope_degrees": 6.0, "provenance": "INFERRED"}}, {"type": "Feature", "geometry": {"type": "Point", "coordinates": [72.811111, 19.263333]}, "properties": {"slope_degrees": 1.6, "provenance": "INFERRED"}}, {"type": "Feature", "geometry": {"type": "Point", "coordinates": [72.817222, 19.263333]}, "properties": {"slope_degrees": 0.44, "provenance": "INFERRED"}}, {"type": "Feature", "geometry": {"type": "Point", "coordinates": [72.823333, 19.263333]}, "properties": {"slope_degrees": 1.24, "provenance": "INFERRED"}}, {"type": "Feature", "geometry": {"type": "Point", "coordinates": [72.829444, 19.263333]}, "properties": {"slope_degrees": 0.77, "provenance": "INFERRED"}}, {"type": "Feature", "geometry": {"type": "Point", "coordinates": [72.835556, 19.263333]}, "properties": {"slope_degrees": 0.0, "provenance": "INFERRED"}}, {"type": "Feature", "geometry": {"type": "Point", "coordinates": [72.841667, 19.263333]}, "properties": {"slope_degrees": 2.29, "provenance": "INFERRED"}}, {"type": "Feature", "geometry": {"type": "Point", "coordinates": [72.847778, 19.263333]}, "properties": {"slope_degrees": 0.0, "provenance": "INFERRED"}}, {"type": "Feature", "geometry": {"type": "Point", "coordinates": [72.853889, 19.263333]}, "properties": {"slope_degrees": 7.32, "provenance": "INFERRED"}}, {"type": "Feature", "geometry": {"type": "Point", "coordinates": [72.86, 19.263333]}, "properties": {"slope_degrees": 1.55, "provenance": "INFERRED"}}, {"type": "Feature", "geometry": {"type": "Point", "coordinates": [72.866111, 19.263333]}, "properties": {"slope_degrees": 2.31, "provenance": "INFERRED"}}, {"type": "Feature", "geometry": {"type": "Point", "coordinates": [72.872222, 19.263333]}, "properties": {"slope_degrees": 3.31, "provenance": "INFERRED"}}, {"type": "Feature", "geometry": {"type": "Point", "coordinates": [72.878333, 19.263333]}, "properties": {"slope_degrees": 8.64, "provenance": "INFERRED"}}, {"type": "Feature", "geometry": {"type": "Point", "coordinates": [72.884444, 19.263333]}, "properties": {"slope_degrees": 9.7, "provenance": "INFERRED"}}, {"type": "Feature", "geometry": {"type": "Point", "coordinates": [72.890556, 19.263333]}, "properties": {"slope_degrees": 3.41, "provenance": "INFERRED"}}, {"type": "Feature", "geometry": {"type": "Point", "coordinates": [72.896667, 19.263333]}, "properties": {"slope_degrees": 2.17, "provenance": "INFERRED"}}, {"type": "Feature", "geometry": {"type": "Point", "coordinates": [72.902778, 19.263333]}, "properties": {"slope_degrees": 16.71, "provenance": "INFERRED"}}, {"type": "Feature", "geometry": {"type": "Point", "coordinates": [72.908889, 19.263333]}, "properties": {"slope_degrees": 19.15, "provenance": "INFERRED"}}, {"type": "Feature", "geometry": {"type": "Point", "coordinates": [72.915, 19.263333]}, "properties": {"slope_degrees": 17.6, "provenance": "INFERRED"}}, {"type": "Feature", "geometry": {"type": "Point", "coordinates": [72.921111, 19.263333]}, "properties": {"slope_degrees": 15.44, "provenance": "INFERRED"}}, {"type": "Feature", "geometry": {"type": "Point", "coordinates": [72.927222, 19.263333]}, "properties": {"slope_degrees": 17.31, "provenance": "INFERRED"}}, {"type": "Feature", "geometry": {"type": "Point", "coordinates": [72.933333, 19.263333]}, "properties": {"slope_degrees": 20.52, "provenance": "INFERRED"}}, {"type": "Feature", "geometry": {"type": "Point", "coordinates": [72.939444, 19.263333]}, "properties": {"slope_degrees": 36.99, "provenance": "INFERRED"}}, {"type": "Feature", "geometry": {"type": "Point", "coordinates": [72.945556, 19.263333]}, "properties": {"slope_degrees": 22.74, "provenance": "INFERRED"}}, {"type": "Feature", "geometry": {"type": "Point", "coordinates": [72.951667, 19.263333]}, "properties": {"slope_degrees": 11.84, "provenance": "INFERRED"}}, {"type": "Feature", "geometry": {"type": "Point", "coordinates": [72.957778, 19.263333]}, "properties": {"slope_degrees": 1.66, "provenance": "INFERRED"}}, {"type": "Feature", "geometry": {"type": "Point", "coordinates": [72.963889, 19.263333]}, "properties": {"slope_degrees": 0.0, "provenance": "INFERRED"}}, {"type": "Feature", "geometry": {"type": "Point", "coordinates": [72.97, 19.263333]}, "properties": {"slope_degrees": 5.46, "provenance": "INFERRED"}}, {"type": "Feature", "geometry": {"type": "Point", "coordinates": [72.976111, 19.263333]}, "properties": {"slope_degrees": 1.4, "provenance": "INFERRED"}}, {"type": "Feature", "geometry": {"type": "Point", "coordinates": [72.982222, 19.263333]}, "properties": {"slope_degrees": 1.16, "provenance": "INFERRED"}}, {"type": "Feature", "geometry": {"type": "Point", "coordinates": [72.988333, 19.263333]}, "properties": {"slope_degrees": 0.0, "provenance": "INFERRED"}}, {"type": "Feature", "geometry": {"type": "Point", "coordinates": [72.994444, 19.263333]}, "properties": {"slope_degrees": 0.0, "provenance": "INFERRED"}}, {"type": "Feature", "geometry": {"type": "Point", "coordinates": [73.000556, 19.263333]}, "properties": {"slope_degrees": 0.58, "provenance": "INFERRED"}}, {"type": "Feature", "geometry": {"type": "Point", "coordinates": [73.006667, 19.263333]}, "properties": {"slope_degrees": 0.0, "provenance": "INFERRED"}}, {"type": "Feature", "geometry": {"type": "Point", "coordinates": [73.012778, 19.263333]}, "properties": {"slope_degrees": 0.39, "provenance": "INFERRED"}}, {"type": "Feature", "geometry": {"type": "Point", "coordinates": [73.018889, 19.263333]}, "properties": {"slope_degrees": 0.0, "provenance": "INFERRED"}}, {"type": "Feature", "geometry": {"type": "Point", "coordinates": [73.025, 19.263333]}, "properties": {"slope_degrees": 4.63, "provenance": "INFERRED"}}, {"type": "Feature", "geometry": {"type": "Point", "coordinates": [73.031111, 19.263333]}, "properties": {"slope_degrees": 2.95, "provenance": "INFERRED"}}, {"type": "Feature", "geometry": {"type": "Point", "coordinates": [73.037222, 19.263333]}, "properties": {"slope_degrees": 0.61, "provenance": "INFERRED"}}, {"type": "Feature", "geometry": {"type": "Point", "coordinates": [73.043333, 19.263333]}, "properties": {"slope_degrees": 2.37, "provenance": "INFERRED"}}, {"type": "Feature", "geometry": {"type": "Point", "coordinates": [73.049722, 19.263333]}, "properties": {"slope_degrees": 0.83, "provenance": "INFERRED"}}, {"type": "Feature", "geometry": {"type": "Point", "coordinates": [72.75, 19.254167]}, "properties": {"slope_degrees": 0.0, "provenance": "INFERRED"}}, {"type": "Feature", "geometry": {"type": "Point", "coordinates": [72.756111, 19.254167]}, "properties": {"slope_degrees": 0.0, "provenance": "INFERRED"}}, {"type": "Feature", "geometry": {"type": "Point", "coordinates": [72.762222, 19.254167]}, "properties": {"slope_degrees": 0.0, "provenance": "INFERRED"}}, {"type": "Feature", "geometry": {"type": "Point", "coordinates": [72.768333, 19.254167]}, "properties": {"slope_degrees": 0.0, "provenance": "INFERRED"}}, {"type": "Feature", "geometry": {"type": "Point", "coordinates": [72.774444, 19.254167]}, "properties": {"slope_degrees": 0.0, "provenance": "INFERRED"}}, {"type": "Feature", "geometry": {"type": "Point", "coordinates": [72.780556, 19.254167]}, "properties": {"slope_degrees": 0.0, "provenance": "INFERRED"}}, {"type": "Feature", "geometry": {"type": "Point", "coordinates": [72.786667, 19.254167]}, "properties": {"slope_degrees": 5.7, "provenance": "INFERRED"}}, {"type": "Feature", "geometry": {"type": "Point", "coordinates": [72.792778, 19.254167]}, "properties": {"slope_degrees": 2.51, "provenance": "INFERRED"}}, {"type": "Feature", "geometry": {"type": "Point", "coordinates": [72.798889, 19.254167]}, "properties": {"slope_degrees": 4.88, "provenance": "INFERRED"}}, {"type": "Feature", "geometry": {"type": "Point", "coordinates": [72.805, 19.254167]}, "properties": {"slope_degrees": 4.43, "provenance": "INFERRED"}}, {"type": "Feature", "geometry": {"type": "Point", "coordinates": [72.811111, 19.254167]}, "properties": {"slope_degrees": 2.34, "provenance": "INFERRED"}}, {"type": "Feature", "geometry": {"type": "Point", "coordinates": [72.817222, 19.254167]}, "properties": {"slope_degrees": 0.0, "provenance": "INFERRED"}}, {"type": "Feature", "geometry": {"type": "Point", "coordinates": [72.823333, 19.254167]}, "properties": {"slope_degrees": 2.17, "provenance": "INFERRED"}}, {"type": "Feature", "geometry": {"type": "Point", "coordinates": [72.829444, 19.254167]}, "properties": {"slope_degrees": 0.5, "provenance": "INFERRED"}}, {"type": "Feature", "geometry": {"type": "Point", "coordinates": [72.835556, 19.254167]}, "properties": {"slope_degrees": 0.0, "provenance": "INFERRED"}}, {"type": "Feature", "geometry": {"type": "Point", "coordinates": [72.841667, 19.254167]}, "properties": {"slope_degrees": 0.0, "provenance": "INFERRED"}}, {"type": "Feature", "geometry": {"type": "Point", "coordinates": [72.847778, 19.254167]}, "properties": {"slope_degrees": 1.21, "provenance": "INFERRED"}}, {"type": "Feature", "geometry": {"type": "Point", "coordinates": [72.853889, 19.254167]}, "properties": {"slope_degrees": 4.44, "provenance": "INFERRED"}}, {"type": "Feature", "geometry": {"type": "Point", "coordinates": [72.86, 19.254167]}, "properties": {"slope_degrees": 1.59, "provenance": "INFERRED"}}, {"type": "Feature", "geometry": {"type": "Point", "coordinates": [72.866111, 19.254167]}, "properties": {"slope_degrees": 1.19, "provenance": "INFERRED"}}, {"type": "Feature", "geometry": {"type": "Point", "coordinates": [72.872222, 19.254167]}, "properties": {"slope_degrees": 1.05, "provenance": "INFERRED"}}, {"type": "Feature", "geometry": {"type": "Point", "coordinates": [72.878333, 19.254167]}, "properties": {"slope_degrees": 11.44, "provenance": "INFERRED"}}, {"type": "Feature", "geometry": {"type": "Point", "coordinates": [72.884444, 19.254167]}, "properties": {"slope_degrees": 19.2, "provenance": "INFERRED"}}, {"type": "Feature", "geometry": {"type": "Point", "coordinates": [72.890556, 19.254167]}, "properties": {"slope_degrees": 15.56, "provenance": "INFERRED"}}, {"type": "Feature", "geometry": {"type": "Point", "coordinates": [72.896667, 19.254167]}, "properties": {"slope_degrees": 26.02, "provenance": "INFERRED"}}, {"type": "Feature", "geometry": {"type": "Point", "coordinates": [72.902778, 19.254167]}, "properties": {"slope_degrees": 6.82, "provenance": "INFERRED"}}, {"type": "Feature", "geometry": {"type": "Point", "coordinates": [72.908889, 19.254167]}, "properties": {"slope_degrees": 18.84, "provenance": "INFERRED"}}, {"type": "Feature", "geometry": {"type": "Point", "coordinates": [72.915, 19.254167]}, "properties": {"slope_degrees": 12.9, "provenance": "INFERRED"}}, {"type": "Feature", "geometry": {"type": "Point", "coordinates": [72.921111, 19.254167]}, "properties": {"slope_degrees": 13.02, "provenance": "INFERRED"}}, {"type": "Feature", "geometry": {"type": "Point", "coordinates": [72.927222, 19.254167]}, "properties": {"slope_degrees": 17.24, "provenance": "INFERRED"}}, {"type": "Feature", "geometry": {"type": "Point", "coordinates": [72.933333, 19.254167]}, "properties": {"slope_degrees": 13.83, "provenance": "INFERRED"}}, {"type": "Feature", "geometry": {"type": "Point", "coordinates": [72.939444, 19.254167]}, "properties": {"slope_degrees": 12.37, "provenance": "INFERRED"}}, {"type": "Feature", "geometry": {"type": "Point", "coordinates": [72.945556, 19.254167]}, "properties": {"slope_degrees": 21.32, "provenance": "INFERRED"}}, {"type": "Feature", "geometry": {"type": "Point", "coordinates": [72.951667, 19.254167]}, "properties": {"slope_degrees": 7.82, "provenance": "INFERRED"}}, {"type": "Feature", "geometry": {"type": "Point", "coordinates": [72.957778, 19.254167]}, "properties": {"slope_degrees": 6.92, "provenance": "INFERRED"}}, {"type": "Feature", "geometry": {"type": "Point", "coordinates": [72.963889, 19.254167]}, "properties": {"slope_degrees": 18.1, "provenance": "INFERRED"}}, {"type": "Feature", "geometry": {"type": "Point", "coordinates": [72.97, 19.254167]}, "properties": {"slope_degrees": 1.16, "provenance": "INFERRED"}}, {"type": "Feature", "geometry": {"type": "Point", "coordinates": [72.976111, 19.254167]}, "properties": {"slope_degrees": 3.95, "provenance": "INFERRED"}}, {"type": "Feature", "geometry": {"type": "Point", "coordinates": [72.982222, 19.254167]}, "properties": {"slope_degrees": 5.87, "provenance": "INFERRED"}}, {"type": "Feature", "geometry": {"type": "Point", "coordinates": [72.988333, 19.254167]}, "properties": {"slope_degrees": 0.0, "provenance": "INFERRED"}}, {"type": "Feature", "geometry": {"type": "Point", "coordinates": [72.994444, 19.254167]}, "properties": {"slope_degrees": 2.01, "provenance": "INFERRED"}}, {"type": "Feature", "geometry": {"type": "Point", "coordinates": [73.000556, 19.254167]}, "properties": {"slope_degrees": 0.0, "provenance": "INFERRED"}}, {"type": "Feature", "geometry": {"type": "Point", "coordinates": [73.006667, 19.254167]}, "properties": {"slope_degrees": 0.0, "provenance": "INFERRED"}}, {"type": "Feature", "geometry": {"type": "Point", "coordinates": [73.012778, 19.254167]}, "properties": {"slope_degrees": 4.95, "provenance": "INFERRED"}}, {"type": "Feature", "geometry": {"type": "Point", "coordinates": [73.018889, 19.254167]}, "properties": {"slope_degrees": 0.29, "provenance": "INFERRED"}}, {"type": "Feature", "geometry": {"type": "Point", "coordinates": [73.025, 19.254167]}, "properties": {"slope_degrees": 3.09, "provenance": "INFERRED"}}, {"type": "Feature", "geometry": {"type": "Point", "coordinates": [73.031111, 19.254167]}, "properties": {"slope_degrees": 1.52, "provenance": "INFERRED"}}, {"type": "Feature", "geometry": {"type": "Point", "coordinates": [73.037222, 19.254167]}, "properties": {"slope_degrees": 0.84, "provenance": "INFERRED"}}, {"type": "Feature", "geometry": {"type": "Point", "coordinates": [73.043333, 19.254167]}, "properties": {"slope_degrees": 1.91, "provenance": "INFERRED"}}, {"type": "Feature", "geometry": {"type": "Point", "coordinates": [73.049722, 19.254167]}, "properties": {"slope_degrees": 7.82, "provenance": "INFERRED"}}, {"type": "Feature", "geometry": {"type": "Point", "coordinates": [72.75, 19.245]}, "properties": {"slope_degrees": 0.0, "provenance": "INFERRED"}}, {"type": "Feature", "geometry": {"type": "Point", "coordinates": [72.756111, 19.245]}, "properties": {"slope_degrees": 0.0, "provenance": "INFERRED"}}, {"type": "Feature", "geometry": {"type": "Point", "coordinates": [72.762222, 19.245]}, "properties": {"slope_degrees": 0.0, "provenance": "INFERRED"}}, {"type": "Feature", "geometry": {"type": "Point", "coordinates": [72.768333, 19.245]}, "properties": {"slope_degrees": 0.0, "provenance": "INFERRED"}}, {"type": "Feature", "geometry": {"type": "Point", "coordinates": [72.774444, 19.245]}, "properties": {"slope_degrees": 0.0, "provenance": "INFERRED"}}, {"type": "Feature", "geometry": {"type": "Point", "coordinates": [72.780556, 19.245]}, "properties": {"slope_degrees": 0.0, "provenance": "INFERRED"}}, {"type": "Feature", "geometry": {"type": "Point", "coordinates": [72.786667, 19.245]}, "properties": {"slope_degrees": 1.72, "provenance": "INFERRED"}}, {"type": "Feature", "geometry": {"type": "Point", "coordinates": [72.792778, 19.245]}, "properties": {"slope_degrees": 3.92, "provenance": "INFERRED"}}, {"type": "Feature", "geometry": {"type": "Point", "coordinates": [72.798889, 19.245]}, "properties": {"slope_degrees": 1.75, "provenance": "INFERRED"}}, {"type": "Feature", "geometry": {"type": "Point", "coordinates": [72.805, 19.245]}, "properties": {"slope_degrees": 0.55, "provenance": "INFERRED"}}, {"type": "Feature", "geometry": {"type": "Point", "coordinates": [72.811111, 19.245]}, "properties": {"slope_degrees": 0.87, "provenance": "INFERRED"}}, {"type": "Feature", "geometry": {"type": "Point", "coordinates": [72.817222, 19.245]}, "properties": {"slope_degrees": 3.93, "provenance": "INFERRED"}}, {"type": "Feature", "geometry": {"type": "Point", "coordinates": [72.823333, 19.245]}, "properties": {"slope_degrees": 0.0, "provenance": "INFERRED"}}, {"type": "Feature", "geometry": {"type": "Point", "coordinates": [72.829444, 19.245]}, "properties": {"slope_degrees": 0.1, "provenance": "INFERRED"}}, {"type": "Feature", "geometry": {"type": "Point", "coordinates": [72.835556, 19.245]}, "properties": {"slope_degrees": 0.0, "provenance": "INFERRED"}}, {"type": "Feature", "geometry": {"type": "Point", "coordinates": [72.841667, 19.245]}, "properties": {"slope_degrees": 0.0, "provenance": "INFERRED"}}, {"type": "Feature", "geometry": {"type": "Point", "coordinates": [72.847778, 19.245]}, "properties": {"slope_degrees": 4.67, "provenance": "INFERRED"}}, {"type": "Feature", "geometry": {"type": "Point", "coordinates": [72.853889, 19.245]}, "properties": {"slope_degrees": 4.93, "provenance": "INFERRED"}}, {"type": "Feature", "geometry": {"type": "Point", "coordinates": [72.86, 19.245]}, "properties": {"slope_degrees": 3.65, "provenance": "INFERRED"}}, {"type": "Feature", "geometry": {"type": "Point", "coordinates": [72.866111, 19.245]}, "properties": {"slope_degrees": 4.02, "provenance": "INFERRED"}}, {"type": "Feature", "geometry": {"type": "Point", "coordinates": [72.872222, 19.245]}, "properties": {"slope_degrees": 1.45, "provenance": "INFERRED"}}, {"type": "Feature", "geometry": {"type": "Point", "coordinates": [72.878333, 19.245]}, "properties": {"slope_degrees": 9.5, "provenance": "INFERRED"}}, {"type": "Feature", "geometry": {"type": "Point", "coordinates": [72.884444, 19.245]}, "properties": {"slope_degrees": 8.46, "provenance": "INFERRED"}}, {"type": "Feature", "geometry": {"type": "Point", "coordinates": [72.890556, 19.245]}, "properties": {"slope_degrees": 13.77, "provenance": "INFERRED"}}, {"type": "Feature", "geometry": {"type": "Point", "coordinates": [72.896667, 19.245]}, "properties": {"slope_degrees": 26.51, "provenance": "INFERRED"}}, {"type": "Feature", "geometry": {"type": "Point", "coordinates": [72.902778, 19.245]}, "properties": {"slope_degrees": 11.59, "provenance": "INFERRED"}}, {"type": "Feature", "geometry": {"type": "Point", "coordinates": [72.908889, 19.245]}, "properties": {"slope_degrees": 15.19, "provenance": "INFERRED"}}, {"type": "Feature", "geometry": {"type": "Point", "coordinates": [72.915, 19.245]}, "properties": {"slope_degrees": 3.69, "provenance": "INFERRED"}}, {"type": "Feature", "geometry": {"type": "Point", "coordinates": [72.921111, 19.245]}, "properties": {"slope_degrees": 17.82, "provenance": "INFERRED"}}, {"type": "Feature", "geometry": {"type": "Point", "coordinates": [72.927222, 19.245]}, "properties": {"slope_degrees": 16.81, "provenance": "INFERRED"}}, {"type": "Feature", "geometry": {"type": "Point", "coordinates": [72.933333, 19.245]}, "properties": {"slope_degrees": 12.67, "provenance": "INFERRED"}}, {"type": "Feature", "geometry": {"type": "Point", "coordinates": [72.939444, 19.245]}, "properties": {"slope_degrees": 4.68, "provenance": "INFERRED"}}, {"type": "Feature", "geometry": {"type": "Point", "coordinates": [72.945556, 19.245]}, "properties": {"slope_degrees": 7.53, "provenance": "INFERRED"}}, {"type": "Feature", "geometry": {"type": "Point", "coordinates": [72.951667, 19.245]}, "properties": {"slope_degrees": 4.84, "provenance": "INFERRED"}}, {"type": "Feature", "geometry": {"type": "Point", "coordinates": [72.957778, 19.245]}, "properties": {"slope_degrees": 16.8, "provenance": "INFERRED"}}, {"type": "Feature", "geometry": {"type": "Point", "coordinates": [72.963889, 19.245]}, "properties": {"slope_degrees": 22.13, "provenance": "INFERRED"}}, {"type": "Feature", "geometry": {"type": "Point", "coordinates": [72.97, 19.245]}, "properties": {"slope_degrees": 17.25, "provenance": "INFERRED"}}, {"type": "Feature", "geometry": {"type": "Point", "coordinates": [72.976111, 19.245]}, "properties": {"slope_degrees": 1.73, "provenance": "INFERRED"}}, {"type": "Feature", "geometry": {"type": "Point", "coordinates": [72.982222, 19.245]}, "properties": {"slope_degrees": 2.48, "provenance": "INFERRED"}}, {"type": "Feature", "geometry": {"type": "Point", "coordinates": [72.988333, 19.245]}, "properties": {"slope_degrees": 3.4, "provenance": "INFERRED"}}, {"type": "Feature", "geometry": {"type": "Point", "coordinates": [72.994444, 19.245]}, "properties": {"slope_degrees": 0.47, "provenance": "INFERRED"}}, {"type": "Feature", "geometry": {"type": "Point", "coordinates": [73.000556, 19.245]}, "properties": {"slope_degrees": 0.0, "provenance": "INFERRED"}}, {"type": "Feature", "geometry": {"type": "Point", "coordinates": [73.006667, 19.245]}, "properties": {"slope_degrees": 4.15, "provenance": "INFERRED"}}, {"type": "Feature", "geometry": {"type": "Point", "coordinates": [73.012778, 19.245]}, "properties": {"slope_degrees": 1.08, "provenance": "INFERRED"}}, {"type": "Feature", "geometry": {"type": "Point", "coordinates": [73.018889, 19.245]}, "properties": {"slope_degrees": 0.82, "provenance": "INFERRED"}}, {"type": "Feature", "geometry": {"type": "Point", "coordinates": [73.025, 19.245]}, "properties": {"slope_degrees": 1.4, "provenance": "INFERRED"}}, {"type": "Feature", "geometry": {"type": "Point", "coordinates": [73.031111, 19.245]}, "properties": {"slope_degrees": 0.68, "provenance": "INFERRED"}}, {"type": "Feature", "geometry": {"type": "Point", "coordinates": [73.037222, 19.245]}, "properties": {"slope_degrees": 0.03, "provenance": "INFERRED"}}, {"type": "Feature", "geometry": {"type": "Point", "coordinates": [73.043333, 19.245]}, "properties": {"slope_degrees": 4.13, "provenance": "INFERRED"}}, {"type": "Feature", "geometry": {"type": "Point", "coordinates": [73.049722, 19.245]}, "properties": {"slope_degrees": 0.0, "provenance": "INFERRED"}}, {"type": "Feature", "geometry": {"type": "Point", "coordinates": [72.75, 19.235833]}, "properties": {"slope_degrees": 0.0, "provenance": "INFERRED"}}, {"type": "Feature", "geometry": {"type": "Point", "coordinates": [72.756111, 19.235833]}, "properties": {"slope_degrees": 0.0, "provenance": "INFERRED"}}, {"type": "Feature", "geometry": {"type": "Point", "coordinates": [72.762222, 19.235833]}, "properties": {"slope_degrees": 0.0, "provenance": "INFERRED"}}, {"type": "Feature", "geometry": {"type": "Point", "coordinates": [72.768333, 19.235833]}, "properties": {"slope_degrees": 0.0, "provenance": "INFERRED"}}, {"type": "Feature", "geometry": {"type": "Point", "coordinates": [72.774444, 19.235833]}, "properties": {"slope_degrees": 0.0, "provenance": "INFERRED"}}, {"type": "Feature", "geometry": {"type": "Point", "coordinates": [72.780556, 19.235833]}, "properties": {"slope_degrees": 4.76, "provenance": "INFERRED"}}, {"type": "Feature", "geometry": {"type": "Point", "coordinates": [72.786667, 19.235833]}, "properties": {"slope_degrees": 6.93, "provenance": "INFERRED"}}, {"type": "Feature", "geometry": {"type": "Point", "coordinates": [72.792778, 19.235833]}, "properties": {"slope_degrees": 0.55, "provenance": "INFERRED"}}, {"type": "Feature", "geometry": {"type": "Point", "coordinates": [72.798889, 19.235833]}, "properties": {"slope_degrees": 0.39, "provenance": "INFERRED"}}, {"type": "Feature", "geometry": {"type": "Point", "coordinates": [72.805, 19.235833]}, "properties": {"slope_degrees": 0.0, "provenance": "INFERRED"}}, {"type": "Feature", "geometry": {"type": "Point", "coordinates": [72.811111, 19.235833]}, "properties": {"slope_degrees": 0.21, "provenance": "INFERRED"}}, {"type": "Feature", "geometry": {"type": "Point", "coordinates": [72.817222, 19.235833]}, "properties": {"slope_degrees": 0.0, "provenance": "INFERRED"}}, {"type": "Feature", "geometry": {"type": "Point", "coordinates": [72.823333, 19.235833]}, "properties": {"slope_degrees": 1.1, "provenance": "INFERRED"}}, {"type": "Feature", "geometry": {"type": "Point", "coordinates": [72.829444, 19.235833]}, "properties": {"slope_degrees": 0.0, "provenance": "INFERRED"}}, {"type": "Feature", "geometry": {"type": "Point", "coordinates": [72.835556, 19.235833]}, "properties": {"slope_degrees": 0.0, "provenance": "INFERRED"}}, {"type": "Feature", "geometry": {"type": "Point", "coordinates": [72.841667, 19.235833]}, "properties": {"slope_degrees": 3.46, "provenance": "INFERRED"}}, {"type": "Feature", "geometry": {"type": "Point", "coordinates": [72.847778, 19.235833]}, "properties": {"slope_degrees": 3.08, "provenance": "INFERRED"}}, {"type": "Feature", "geometry": {"type": "Point", "coordinates": [72.853889, 19.235833]}, "properties": {"slope_degrees": 4.71, "provenance": "INFERRED"}}, {"type": "Feature", "geometry": {"type": "Point", "coordinates": [72.86, 19.235833]}, "properties": {"slope_degrees": 0.17, "provenance": "INFERRED"}}, {"type": "Feature", "geometry": {"type": "Point", "coordinates": [72.866111, 19.235833]}, "properties": {"slope_degrees": 3.4, "provenance": "INFERRED"}}, {"type": "Feature", "geometry": {"type": "Point", "coordinates": [72.872222, 19.235833]}, "properties": {"slope_degrees": 3.08, "provenance": "INFERRED"}}, {"type": "Feature", "geometry": {"type": "Point", "coordinates": [72.878333, 19.235833]}, "properties": {"slope_degrees": 4.31, "provenance": "INFERRED"}}, {"type": "Feature", "geometry": {"type": "Point", "coordinates": [72.884444, 19.235833]}, "properties": {"slope_degrees": 6.61, "provenance": "INFERRED"}}, {"type": "Feature", "geometry": {"type": "Point", "coordinates": [72.890556, 19.235833]}, "properties": {"slope_degrees": 21.09, "provenance": "INFERRED"}}, {"type": "Feature", "geometry": {"type": "Point", "coordinates": [72.896667, 19.235833]}, "properties": {"slope_degrees": 12.6, "provenance": "INFERRED"}}, {"type": "Feature", "geometry": {"type": "Point", "coordinates": [72.902778, 19.235833]}, "properties": {"slope_degrees": 8.7, "provenance": "INFERRED"}}, {"type": "Feature", "geometry": {"type": "Point", "coordinates": [72.908889, 19.235833]}, "properties": {"slope_degrees": 18.5, "provenance": "INFERRED"}}, {"type": "Feature", "geometry": {"type": "Point", "coordinates": [72.915, 19.235833]}, "properties": {"slope_degrees": 14.93, "provenance": "INFERRED"}}, {"type": "Feature", "geometry": {"type": "Point", "coordinates": [72.921111, 19.235833]}, "properties": {"slope_degrees": 18.06, "provenance": "INFERRED"}}, {"type": "Feature", "geometry": {"type": "Point", "coordinates": [72.927222, 19.235833]}, "properties": {"slope_degrees": 12.0, "provenance": "INFERRED"}}, {"type": "Feature", "geometry": {"type": "Point", "coordinates": [72.933333, 19.235833]}, "properties": {"slope_degrees": 13.15, "provenance": "INFERRED"}}, {"type": "Feature", "geometry": {"type": "Point", "coordinates": [72.939444, 19.235833]}, "properties": {"slope_degrees": 8.64, "provenance": "INFERRED"}}, {"type": "Feature", "geometry": {"type": "Point", "coordinates": [72.945556, 19.235833]}, "properties": {"slope_degrees": 5.98, "provenance": "INFERRED"}}, {"type": "Feature", "geometry": {"type": "Point", "coordinates": [72.951667, 19.235833]}, "properties": {"slope_degrees": 4.42, "provenance": "INFERRED"}}, {"type": "Feature", "geometry": {"type": "Point", "coordinates": [72.957778, 19.235833]}, "properties": {"slope_degrees": 12.41, "provenance": "INFERRED"}}, {"type": "Feature", "geometry": {"type": "Point", "coordinates": [72.963889, 19.235833]}, "properties": {"slope_degrees": 2.0, "provenance": "INFERRED"}}, {"type": "Feature", "geometry": {"type": "Point", "coordinates": [72.97, 19.235833]}, "properties": {"slope_degrees": 5.82, "provenance": "INFERRED"}}, {"type": "Feature", "geometry": {"type": "Point", "coordinates": [72.976111, 19.235833]}, "properties": {"slope_degrees": 1.21, "provenance": "INFERRED"}}, {"type": "Feature", "geometry": {"type": "Point", "coordinates": [72.982222, 19.235833]}, "properties": {"slope_degrees": 0.94, "provenance": "INFERRED"}}, {"type": "Feature", "geometry": {"type": "Point", "coordinates": [72.988333, 19.235833]}, "properties": {"slope_degrees": 6.33, "provenance": "INFERRED"}}, {"type": "Feature", "geometry": {"type": "Point", "coordinates": [72.994444, 19.235833]}, "properties": {"slope_degrees": 0.46, "provenance": "INFERRED"}}, {"type": "Feature", "geometry": {"type": "Point", "coordinates": [73.000556, 19.235833]}, "properties": {"slope_degrees": 0.0, "provenance": "INFERRED"}}, {"type": "Feature", "geometry": {"type": "Point", "coordinates": [73.006667, 19.235833]}, "properties": {"slope_degrees": 3.36, "provenance": "INFERRED"}}, {"type": "Feature", "geometry": {"type": "Point", "coordinates": [73.012778, 19.235833]}, "properties": {"slope_degrees": 3.95, "provenance": "INFERRED"}}, {"type": "Feature", "geometry": {"type": "Point", "coordinates": [73.018889, 19.235833]}, "properties": {"slope_degrees": 0.07, "provenance": "INFERRED"}}, {"type": "Feature", "geometry": {"type": "Point", "coordinates": [73.025, 19.235833]}, "properties": {"slope_degrees": 0.0, "provenance": "INFERRED"}}, {"type": "Feature", "geometry": {"type": "Point", "coordinates": [73.031111, 19.235833]}, "properties": {"slope_degrees": 0.8, "provenance": "INFERRED"}}, {"type": "Feature", "geometry": {"type": "Point", "coordinates": [73.037222, 19.235833]}, "properties": {"slope_degrees": 0.28, "provenance": "INFERRED"}}, {"type": "Feature", "geometry": {"type": "Point", "coordinates": [73.043333, 19.235833]}, "properties": {"slope_degrees": 1.77, "provenance": "INFERRED"}}, {"type": "Feature", "geometry": {"type": "Point", "coordinates": [73.049722, 19.235833]}, "properties": {"slope_degrees": 1.75, "provenance": "INFERRED"}}, {"type": "Feature", "geometry": {"type": "Point", "coordinates": [72.75, 19.226667]}, "properties": {"slope_degrees": 0.0, "provenance": "INFERRED"}}, {"type": "Feature", "geometry": {"type": "Point", "coordinates": [72.756111, 19.226667]}, "properties": {"slope_degrees": 0.0, "provenance": "INFERRED"}}, {"type": "Feature", "geometry": {"type": "Point", "coordinates": [72.762222, 19.226667]}, "properties": {"slope_degrees": 0.0, "provenance": "INFERRED"}}, {"type": "Feature", "geometry": {"type": "Point", "coordinates": [72.768333, 19.226667]}, "properties": {"slope_degrees": 0.0, "provenance": "INFERRED"}}, {"type": "Feature", "geometry": {"type": "Point", "coordinates": [72.774444, 19.226667]}, "properties": {"slope_degrees": 0.0, "provenance": "INFERRED"}}, {"type": "Feature", "geometry": {"type": "Point", "coordinates": [72.780556, 19.226667]}, "properties": {"slope_degrees": 7.01, "provenance": "INFERRED"}}, {"type": "Feature", "geometry": {"type": "Point", "coordinates": [72.786667, 19.226667]}, "properties": {"slope_degrees": 0.42, "provenance": "INFERRED"}}, {"type": "Feature", "geometry": {"type": "Point", "coordinates": [72.792778, 19.226667]}, "properties": {"slope_degrees": 0.03, "provenance": "INFERRED"}}, {"type": "Feature", "geometry": {"type": "Point", "coordinates": [72.798889, 19.226667]}, "properties": {"slope_degrees": 0.0, "provenance": "INFERRED"}}, {"type": "Feature", "geometry": {"type": "Point", "coordinates": [72.805, 19.226667]}, "properties": {"slope_degrees": 6.53, "provenance": "INFERRED"}}, {"type": "Feature", "geometry": {"type": "Point", "coordinates": [72.811111, 19.226667]}, "properties": {"slope_degrees": 0.0, "provenance": "INFERRED"}}, {"type": "Feature", "geometry": {"type": "Point", "coordinates": [72.817222, 19.226667]}, "properties": {"slope_degrees": 3.1, "provenance": "INFERRED"}}, {"type": "Feature", "geometry": {"type": "Point", "coordinates": [72.823333, 19.226667]}, "properties": {"slope_degrees": 0.9, "provenance": "INFERRED"}}, {"type": "Feature", "geometry": {"type": "Point", "coordinates": [72.829444, 19.226667]}, "properties": {"slope_degrees": 0.24, "provenance": "INFERRED"}}, {"type": "Feature", "geometry": {"type": "Point", "coordinates": [72.835556, 19.226667]}, "properties": {"slope_degrees": 4.84, "provenance": "INFERRED"}}, {"type": "Feature", "geometry": {"type": "Point", "coordinates": [72.841667, 19.226667]}, "properties": {"slope_degrees": 1.63, "provenance": "INFERRED"}}, {"type": "Feature", "geometry": {"type": "Point", "coordinates": [72.847778, 19.226667]}, "properties": {"slope_degrees": 2.7, "provenance": "INFERRED"}}, {"type": "Feature", "geometry": {"type": "Point", "coordinates": [72.853889, 19.226667]}, "properties": {"slope_degrees": 4.06, "provenance": "INFERRED"}}, {"type": "Feature", "geometry": {"type": "Point", "coordinates": [72.86, 19.226667]}, "properties": {"slope_degrees": 2.43, "provenance": "INFERRED"}}, {"type": "Feature", "geometry": {"type": "Point", "coordinates": [72.866111, 19.226667]}, "properties": {"slope_degrees": 9.89, "provenance": "INFERRED"}}, {"type": "Feature", "geometry": {"type": "Point", "coordinates": [72.872222, 19.226667]}, "properties": {"slope_degrees": 27.04, "provenance": "INFERRED"}}, {"type": "Feature", "geometry": {"type": "Point", "coordinates": [72.878333, 19.226667]}, "properties": {"slope_degrees": 0.82, "provenance": "INFERRED"}}, {"type": "Feature", "geometry": {"type": "Point", "coordinates": [72.884444, 19.226667]}, "properties": {"slope_degrees": 5.09, "provenance": "INFERRED"}}, {"type": "Feature", "geometry": {"type": "Point", "coordinates": [72.890556, 19.226667]}, "properties": {"slope_degrees": 3.02, "provenance": "INFERRED"}}, {"type": "Feature", "geometry": {"type": "Point", "coordinates": [72.896667, 19.226667]}, "properties": {"slope_degrees": 20.14, "provenance": "INFERRED"}}, {"type": "Feature", "geometry": {"type": "Point", "coordinates": [72.902778, 19.226667]}, "properties": {"slope_degrees": 8.31, "provenance": "INFERRED"}}, {"type": "Feature", "geometry": {"type": "Point", "coordinates": [72.908889, 19.226667]}, "properties": {"slope_degrees": 11.79, "provenance": "INFERRED"}}, {"type": "Feature", "geometry": {"type": "Point", "coordinates": [72.915, 19.226667]}, "properties": {"slope_degrees": 20.06, "provenance": "INFERRED"}}, {"type": "Feature", "geometry": {"type": "Point", "coordinates": [72.921111, 19.226667]}, "properties": {"slope_degrees": 11.37, "provenance": "INFERRED"}}, {"type": "Feature", "geometry": {"type": "Point", "coordinates": [72.927222, 19.226667]}, "properties": {"slope_degrees": 20.79, "provenance": "INFERRED"}}, {"type": "Feature", "geometry": {"type": "Point", "coordinates": [72.933333, 19.226667]}, "properties": {"slope_degrees": 14.73, "provenance": "INFERRED"}}, {"type": "Feature", "geometry": {"type": "Point", "coordinates": [72.939444, 19.226667]}, "properties": {"slope_degrees": 3.75, "provenance": "INFERRED"}}, {"type": "Feature", "geometry": {"type": "Point", "coordinates": [72.945556, 19.226667]}, "properties": {"slope_degrees": 7.64, "provenance": "INFERRED"}}, {"type": "Feature", "geometry": {"type": "Point", "coordinates": [72.951667, 19.226667]}, "properties": {"slope_degrees": 9.27, "provenance": "INFERRED"}}, {"type": "Feature", "geometry": {"type": "Point", "coordinates": [72.957778, 19.226667]}, "properties": {"slope_degrees": 13.42, "provenance": "INFERRED"}}, {"type": "Feature", "geometry": {"type": "Point", "coordinates": [72.963889, 19.226667]}, "properties": {"slope_degrees": 4.9, "provenance": "INFERRED"}}, {"type": "Feature", "geometry": {"type": "Point", "coordinates": [72.97, 19.226667]}, "properties": {"slope_degrees": 3.01, "provenance": "INFERRED"}}, {"type": "Feature", "geometry": {"type": "Point", "coordinates": [72.976111, 19.226667]}, "properties": {"slope_degrees": 2.35, "provenance": "INFERRED"}}, {"type": "Feature", "geometry": {"type": "Point", "coordinates": [72.982222, 19.226667]}, "properties": {"slope_degrees": 2.32, "provenance": "INFERRED"}}, {"type": "Feature", "geometry": {"type": "Point", "coordinates": [72.988333, 19.226667]}, "properties": {"slope_degrees": 4.67, "provenance": "INFERRED"}}, {"type": "Feature", "geometry": {"type": "Point", "coordinates": [72.994444, 19.226667]}, "properties": {"slope_degrees": 0.03, "provenance": "INFERRED"}}, {"type": "Feature", "geometry": {"type": "Point", "coordinates": [73.000556, 19.226667]}, "properties": {"slope_degrees": 1.34, "provenance": "INFERRED"}}, {"type": "Feature", "geometry": {"type": "Point", "coordinates": [73.006667, 19.226667]}, "properties": {"slope_degrees": 0.0, "provenance": "INFERRED"}}, {"type": "Feature", "geometry": {"type": "Point", "coordinates": [73.012778, 19.226667]}, "properties": {"slope_degrees": 0.0, "provenance": "INFERRED"}}, {"type": "Feature", "geometry": {"type": "Point", "coordinates": [73.018889, 19.226667]}, "properties": {"slope_degrees": 0.0, "provenance": "INFERRED"}}, {"type": "Feature", "geometry": {"type": "Point", "coordinates": [73.025, 19.226667]}, "properties": {"slope_degrees": 0.08, "provenance": "INFERRED"}}, {"type": "Feature", "geometry": {"type": "Point", "coordinates": [73.031111, 19.226667]}, "properties": {"slope_degrees": 0.32, "provenance": "INFERRED"}}, {"type": "Feature", "geometry": {"type": "Point", "coordinates": [73.037222, 19.226667]}, "properties": {"slope_degrees": 0.0, "provenance": "INFERRED"}}, {"type": "Feature", "geometry": {"type": "Point", "coordinates": [73.043333, 19.226667]}, "properties": {"slope_degrees": 0.75, "provenance": "INFERRED"}}, {"type": "Feature", "geometry": {"type": "Point", "coordinates": [73.049722, 19.226667]}, "properties": {"slope_degrees": 1.96, "provenance": "INFERRED"}}, {"type": "Feature", "geometry": {"type": "Point", "coordinates": [72.75, 19.2175]}, "properties": {"slope_degrees": 0.0, "provenance": "INFERRED"}}, {"type": "Feature", "geometry": {"type": "Point", "coordinates": [72.756111, 19.2175]}, "properties": {"slope_degrees": 0.0, "provenance": "INFERRED"}}, {"type": "Feature", "geometry": {"type": "Point", "coordinates": [72.762222, 19.2175]}, "properties": {"slope_degrees": 0.0, "provenance": "INFERRED"}}, {"type": "Feature", "geometry": {"type": "Point", "coordinates": [72.768333, 19.2175]}, "properties": {"slope_degrees": 0.0, "provenance": "INFERRED"}}, {"type": "Feature", "geometry": {"type": "Point", "coordinates": [72.774444, 19.2175]}, "properties": {"slope_degrees": 0.0, "provenance": "INFERRED"}}, {"type": "Feature", "geometry": {"type": "Point", "coordinates": [72.780556, 19.2175]}, "properties": {"slope_degrees": 2.3, "provenance": "INFERRED"}}, {"type": "Feature", "geometry": {"type": "Point", "coordinates": [72.786667, 19.2175]}, "properties": {"slope_degrees": 1.44, "provenance": "INFERRED"}}, {"type": "Feature", "geometry": {"type": "Point", "coordinates": [72.792778, 19.2175]}, "properties": {"slope_degrees": 5.19, "provenance": "INFERRED"}}, {"type": "Feature", "geometry": {"type": "Point", "coordinates": [72.798889, 19.2175]}, "properties": {"slope_degrees": 0.08, "provenance": "INFERRED"}}, {"type": "Feature", "geometry": {"type": "Point", "coordinates": [72.805, 19.2175]}, "properties": {"slope_degrees": 0.0, "provenance": "INFERRED"}}, {"type": "Feature", "geometry": {"type": "Point", "coordinates": [72.811111, 19.2175]}, "properties": {"slope_degrees": 6.8, "provenance": "INFERRED"}}, {"type": "Feature", "geometry": {"type": "Point", "coordinates": [72.817222, 19.2175]}, "properties": {"slope_degrees": 0.1, "provenance": "INFERRED"}}, {"type": "Feature", "geometry": {"type": "Point", "coordinates": [72.823333, 19.2175]}, "properties": {"slope_degrees": 1.26, "provenance": "INFERRED"}}, {"type": "Feature", "geometry": {"type": "Point", "coordinates": [72.829444, 19.2175]}, "properties": {"slope_degrees": 0.45, "provenance": "INFERRED"}}, {"type": "Feature", "geometry": {"type": "Point", "coordinates": [72.835556, 19.2175]}, "properties": {"slope_degrees": 0.24, "provenance": "INFERRED"}}, {"type": "Feature", "geometry": {"type": "Point", "coordinates": [72.841667, 19.2175]}, "properties": {"slope_degrees": 3.0, "provenance": "INFERRED"}}, {"type": "Feature", "geometry": {"type": "Point", "coordinates": [72.847778, 19.2175]}, "properties": {"slope_degrees": 3.44, "provenance": "INFERRED"}}, {"type": "Feature", "geometry": {"type": "Point", "coordinates": [72.853889, 19.2175]}, "properties": {"slope_degrees": 4.08, "provenance": "INFERRED"}}, {"type": "Feature", "geometry": {"type": "Point", "coordinates": [72.86, 19.2175]}, "properties": {"slope_degrees": 1.32, "provenance": "INFERRED"}}, {"type": "Feature", "geometry": {"type": "Point", "coordinates": [72.866111, 19.2175]}, "properties": {"slope_degrees": 3.54, "provenance": "INFERRED"}}, {"type": "Feature", "geometry": {"type": "Point", "coordinates": [72.872222, 19.2175]}, "properties": {"slope_degrees": 5.38, "provenance": "INFERRED"}}, {"type": "Feature", "geometry": {"type": "Point", "coordinates": [72.878333, 19.2175]}, "properties": {"slope_degrees": 3.93, "provenance": "INFERRED"}}, {"type": "Feature", "geometry": {"type": "Point", "coordinates": [72.884444, 19.2175]}, "properties": {"slope_degrees": 2.92, "provenance": "INFERRED"}}, {"type": "Feature", "geometry": {"type": "Point", "coordinates": [72.890556, 19.2175]}, "properties": {"slope_degrees": 10.54, "provenance": "INFERRED"}}, {"type": "Feature", "geometry": {"type": "Point", "coordinates": [72.896667, 19.2175]}, "properties": {"slope_degrees": 16.36, "provenance": "INFERRED"}}, {"type": "Feature", "geometry": {"type": "Point", "coordinates": [72.902778, 19.2175]}, "properties": {"slope_degrees": 22.7, "provenance": "INFERRED"}}, {"type": "Feature", "geometry": {"type": "Point", "coordinates": [72.908889, 19.2175]}, "properties": {"slope_degrees": 13.91, "provenance": "INFERRED"}}, {"type": "Feature", "geometry": {"type": "Point", "coordinates": [72.915, 19.2175]}, "properties": {"slope_degrees": 23.76, "provenance": "INFERRED"}}, {"type": "Feature", "geometry": {"type": "Point", "coordinates": [72.921111, 19.2175]}, "properties": {"slope_degrees": 10.25, "provenance": "INFERRED"}}, {"type": "Feature", "geometry": {"type": "Point", "coordinates": [72.927222, 19.2175]}, "properties": {"slope_degrees": 19.3, "provenance": "INFERRED"}}, {"type": "Feature", "geometry": {"type": "Point", "coordinates": [72.933333, 19.2175]}, "properties": {"slope_degrees": 8.72, "provenance": "INFERRED"}}, {"type": "Feature", "geometry": {"type": "Point", "coordinates": [72.939444, 19.2175]}, "properties": {"slope_degrees": 16.83, "provenance": "INFERRED"}}, {"type": "Feature", "geometry": {"type": "Point", "coordinates": [72.945556, 19.2175]}, "properties": {"slope_degrees": 22.45, "provenance": "INFERRED"}}, {"type": "Feature", "geometry": {"type": "Point", "coordinates": [72.951667, 19.2175]}, "properties": {"slope_degrees": 4.78, "provenance": "INFERRED"}}, {"type": "Feature", "geometry": {"type": "Point", "coordinates": [72.957778, 19.2175]}, "properties": {"slope_degrees": 1.91, "provenance": "INFERRED"}}, {"type": "Feature", "geometry": {"type": "Point", "coordinates": [72.963889, 19.2175]}, "properties": {"slope_degrees": 0.91, "provenance": "INFERRED"}}, {"type": "Feature", "geometry": {"type": "Point", "coordinates": [72.97, 19.2175]}, "properties": {"slope_degrees": 3.53, "provenance": "INFERRED"}}, {"type": "Feature", "geometry": {"type": "Point", "coordinates": [72.976111, 19.2175]}, "properties": {"slope_degrees": 2.57, "provenance": "INFERRED"}}, {"type": "Feature", "geometry": {"type": "Point", "coordinates": [72.982222, 19.2175]}, "properties": {"slope_degrees": 0.97, "provenance": "INFERRED"}}, {"type": "Feature", "geometry": {"type": "Point", "coordinates": [72.988333, 19.2175]}, "properties": {"slope_degrees": 4.38, "provenance": "INFERRED"}}, {"type": "Feature", "geometry": {"type": "Point", "coordinates": [72.994444, 19.2175]}, "properties": {"slope_degrees": 0.0, "provenance": "INFERRED"}}, {"type": "Feature", "geometry": {"type": "Point", "coordinates": [73.000556, 19.2175]}, "properties": {"slope_degrees": 1.69, "provenance": "INFERRED"}}, {"type": "Feature", "geometry": {"type": "Point", "coordinates": [73.006667, 19.2175]}, "properties": {"slope_degrees": 0.0, "provenance": "INFERRED"}}, {"type": "Feature", "geometry": {"type": "Point", "coordinates": [73.012778, 19.2175]}, "properties": {"slope_degrees": 0.0, "provenance": "INFERRED"}}, {"type": "Feature", "geometry": {"type": "Point", "coordinates": [73.018889, 19.2175]}, "properties": {"slope_degrees": 4.32, "provenance": "INFERRED"}}, {"type": "Feature", "geometry": {"type": "Point", "coordinates": [73.025, 19.2175]}, "properties": {"slope_degrees": 0.32, "provenance": "INFERRED"}}, {"type": "Feature", "geometry": {"type": "Point", "coordinates": [73.031111, 19.2175]}, "properties": {"slope_degrees": 0.0, "provenance": "INFERRED"}}, {"type": "Feature", "geometry": {"type": "Point", "coordinates": [73.037222, 19.2175]}, "properties": {"slope_degrees": 0.52, "provenance": "INFERRED"}}, {"type": "Feature", "geometry": {"type": "Point", "coordinates": [73.043333, 19.2175]}, "properties": {"slope_degrees": 1.69, "provenance": "INFERRED"}}, {"type": "Feature", "geometry": {"type": "Point", "coordinates": [73.049722, 19.2175]}, "properties": {"slope_degrees": 2.45, "provenance": "INFERRED"}}, {"type": "Feature", "geometry": {"type": "Point", "coordinates": [72.75, 19.208333]}, "properties": {"slope_degrees": 0.0, "provenance": "INFERRED"}}, {"type": "Feature", "geometry": {"type": "Point", "coordinates": [72.756111, 19.208333]}, "properties": {"slope_degrees": 0.0, "provenance": "INFERRED"}}, {"type": "Feature", "geometry": {"type": "Point", "coordinates": [72.762222, 19.208333]}, "properties": {"slope_degrees": 0.0, "provenance": "INFERRED"}}, {"type": "Feature", "geometry": {"type": "Point", "coordinates": [72.768333, 19.208333]}, "properties": {"slope_degrees": 0.0, "provenance": "INFERRED"}}, {"type": "Feature", "geometry": {"type": "Point", "coordinates": [72.774444, 19.208333]}, "properties": {"slope_degrees": 0.0, "provenance": "INFERRED"}}, {"type": "Feature", "geometry": {"type": "Point", "coordinates": [72.780556, 19.208333]}, "properties": {"slope_degrees": 10.32, "provenance": "INFERRED"}}, {"type": "Feature", "geometry": {"type": "Point", "coordinates": [72.786667, 19.208333]}, "properties": {"slope_degrees": 1.69, "provenance": "INFERRED"}}, {"type": "Feature", "geometry": {"type": "Point", "coordinates": [72.792778, 19.208333]}, "properties": {"slope_degrees": 1.16, "provenance": "INFERRED"}}, {"type": "Feature", "geometry": {"type": "Point", "coordinates": [72.798889, 19.208333]}, "properties": {"slope_degrees": 0.0, "provenance": "INFERRED"}}, {"type": "Feature", "geometry": {"type": "Point", "coordinates": [72.805, 19.208333]}, "properties": {"slope_degrees": 2.46, "provenance": "INFERRED"}}, {"type": "Feature", "geometry": {"type": "Point", "coordinates": [72.811111, 19.208333]}, "properties": {"slope_degrees": 0.66, "provenance": "INFERRED"}}, {"type": "Feature", "geometry": {"type": "Point", "coordinates": [72.817222, 19.208333]}, "properties": {"slope_degrees": 0.63, "provenance": "INFERRED"}}, {"type": "Feature", "geometry": {"type": "Point", "coordinates": [72.823333, 19.208333]}, "properties": {"slope_degrees": 0.98, "provenance": "INFERRED"}}, {"type": "Feature", "geometry": {"type": "Point", "coordinates": [72.829444, 19.208333]}, "properties": {"slope_degrees": 4.21, "provenance": "INFERRED"}}, {"type": "Feature", "geometry": {"type": "Point", "coordinates": [72.835556, 19.208333]}, "properties": {"slope_degrees": 3.73, "provenance": "INFERRED"}}, {"type": "Feature", "geometry": {"type": "Point", "coordinates": [72.841667, 19.208333]}, "properties": {"slope_degrees": 6.21, "provenance": "INFERRED"}}, {"type": "Feature", "geometry": {"type": "Point", "coordinates": [72.847778, 19.208333]}, "properties": {"slope_degrees": 7.41, "provenance": "INFERRED"}}, {"type": "Feature", "geometry": {"type": "Point", "coordinates": [72.853889, 19.208333]}, "properties": {"slope_degrees": 2.12, "provenance": "INFERRED"}}, {"type": "Feature", "geometry": {"type": "Point", "coordinates": [72.86, 19.208333]}, "properties": {"slope_degrees": 3.94, "provenance": "INFERRED"}}, {"type": "Feature", "geometry": {"type": "Point", "coordinates": [72.866111, 19.208333]}, "properties": {"slope_degrees": 9.12, "provenance": "INFERRED"}}, {"type": "Feature", "geometry": {"type": "Point", "coordinates": [72.872222, 19.208333]}, "properties": {"slope_degrees": 3.16, "provenance": "INFERRED"}}, {"type": "Feature", "geometry": {"type": "Point", "coordinates": [72.878333, 19.208333]}, "properties": {"slope_degrees": 4.53, "provenance": "INFERRED"}}, {"type": "Feature", "geometry": {"type": "Point", "coordinates": [72.884444, 19.208333]}, "properties": {"slope_degrees": 5.98, "provenance": "INFERRED"}}, {"type": "Feature", "geometry": {"type": "Point", "coordinates": [72.890556, 19.208333]}, "properties": {"slope_degrees": 11.7, "provenance": "INFERRED"}}, {"type": "Feature", "geometry": {"type": "Point", "coordinates": [72.896667, 19.208333]}, "properties": {"slope_degrees": 2.99, "provenance": "INFERRED"}}, {"type": "Feature", "geometry": {"type": "Point", "coordinates": [72.902778, 19.208333]}, "properties": {"slope_degrees": 17.96, "provenance": "INFERRED"}}, {"type": "Feature", "geometry": {"type": "Point", "coordinates": [72.908889, 19.208333]}, "properties": {"slope_degrees": 16.84, "provenance": "INFERRED"}}, {"type": "Feature", "geometry": {"type": "Point", "coordinates": [72.915, 19.208333]}, "properties": {"slope_degrees": 4.79, "provenance": "INFERRED"}}, {"type": "Feature", "geometry": {"type": "Point", "coordinates": [72.921111, 19.208333]}, "properties": {"slope_degrees": 30.73, "provenance": "INFERRED"}}, {"type": "Feature", "geometry": {"type": "Point", "coordinates": [72.927222, 19.208333]}, "properties": {"slope_degrees": 17.97, "provenance": "INFERRED"}}, {"type": "Feature", "geometry": {"type": "Point", "coordinates": [72.933333, 19.208333]}, "properties": {"slope_degrees": 21.38, "provenance": "INFERRED"}}, {"type": "Feature", "geometry": {"type": "Point", "coordinates": [72.939444, 19.208333]}, "properties": {"slope_degrees": 29.51, "provenance": "INFERRED"}}, {"type": "Feature", "geometry": {"type": "Point", "coordinates": [72.945556, 19.208333]}, "properties": {"slope_degrees": 5.74, "provenance": "INFERRED"}}, {"type": "Feature", "geometry": {"type": "Point", "coordinates": [72.951667, 19.208333]}, "properties": {"slope_degrees": 4.59, "provenance": "INFERRED"}}, {"type": "Feature", "geometry": {"type": "Point", "coordinates": [72.957778, 19.208333]}, "properties": {"slope_degrees": 2.29, "provenance": "INFERRED"}}, {"type": "Feature", "geometry": {"type": "Point", "coordinates": [72.963889, 19.208333]}, "properties": {"slope_degrees": 1.35, "provenance": "INFERRED"}}, {"type": "Feature", "geometry": {"type": "Point", "coordinates": [72.97, 19.208333]}, "properties": {"slope_degrees": 0.02, "provenance": "INFERRED"}}, {"type": "Feature", "geometry": {"type": "Point", "coordinates": [72.976111, 19.208333]}, "properties": {"slope_degrees": 2.09, "provenance": "INFERRED"}}, {"type": "Feature", "geometry": {"type": "Point", "coordinates": [72.982222, 19.208333]}, "properties": {"slope_degrees": 0.27, "provenance": "INFERRED"}}, {"type": "Feature", "geometry": {"type": "Point", "coordinates": [72.988333, 19.208333]}, "properties": {"slope_degrees": 0.0, "provenance": "INFERRED"}}, {"type": "Feature", "geometry": {"type": "Point", "coordinates": [72.994444, 19.208333]}, "properties": {"slope_degrees": 3.76, "provenance": "INFERRED"}}, {"type": "Feature", "geometry": {"type": "Point", "coordinates": [73.000556, 19.208333]}, "properties": {"slope_degrees": 2.49, "provenance": "INFERRED"}}, {"type": "Feature", "geometry": {"type": "Point", "coordinates": [73.006667, 19.208333]}, "properties": {"slope_degrees": 6.36, "provenance": "INFERRED"}}, {"type": "Feature", "geometry": {"type": "Point", "coordinates": [73.012778, 19.208333]}, "properties": {"slope_degrees": 2.65, "provenance": "INFERRED"}}, {"type": "Feature", "geometry": {"type": "Point", "coordinates": [73.018889, 19.208333]}, "properties": {"slope_degrees": 1.17, "provenance": "INFERRED"}}, {"type": "Feature", "geometry": {"type": "Point", "coordinates": [73.025, 19.208333]}, "properties": {"slope_degrees": 0.0, "provenance": "INFERRED"}}, {"type": "Feature", "geometry": {"type": "Point", "coordinates": [73.031111, 19.208333]}, "properties": {"slope_degrees": 0.0, "provenance": "INFERRED"}}, {"type": "Feature", "geometry": {"type": "Point", "coordinates": [73.037222, 19.208333]}, "properties": {"slope_degrees": 0.73, "provenance": "INFERRED"}}, {"type": "Feature", "geometry": {"type": "Point", "coordinates": [73.043333, 19.208333]}, "properties": {"slope_degrees": 0.24, "provenance": "INFERRED"}}, {"type": "Feature", "geometry": {"type": "Point", "coordinates": [73.049722, 19.208333]}, "properties": {"slope_degrees": 1.02, "provenance": "INFERRED"}}, {"type": "Feature", "geometry": {"type": "Point", "coordinates": [72.75, 19.199167]}, "properties": {"slope_degrees": 0.0, "provenance": "INFERRED"}}, {"type": "Feature", "geometry": {"type": "Point", "coordinates": [72.756111, 19.199167]}, "properties": {"slope_degrees": 0.0, "provenance": "INFERRED"}}, {"type": "Feature", "geometry": {"type": "Point", "coordinates": [72.762222, 19.199167]}, "properties": {"slope_degrees": 0.0, "provenance": "INFERRED"}}, {"type": "Feature", "geometry": {"type": "Point", "coordinates": [72.768333, 19.199167]}, "properties": {"slope_degrees": 0.0, "provenance": "INFERRED"}}, {"type": "Feature", "geometry": {"type": "Point", "coordinates": [72.774444, 19.199167]}, "properties": {"slope_degrees": 0.0, "provenance": "INFERRED"}}, {"type": "Feature", "geometry": {"type": "Point", "coordinates": [72.780556, 19.199167]}, "properties": {"slope_degrees": 0.0, "provenance": "INFERRED"}}, {"type": "Feature", "geometry": {"type": "Point", "coordinates": [72.786667, 19.199167]}, "properties": {"slope_degrees": 3.47, "provenance": "INFERRED"}}, {"type": "Feature", "geometry": {"type": "Point", "coordinates": [72.792778, 19.199167]}, "properties": {"slope_degrees": 0.22, "provenance": "INFERRED"}}, {"type": "Feature", "geometry": {"type": "Point", "coordinates": [72.798889, 19.199167]}, "properties": {"slope_degrees": 5.34, "provenance": "INFERRED"}}, {"type": "Feature", "geometry": {"type": "Point", "coordinates": [72.805, 19.199167]}, "properties": {"slope_degrees": 0.11, "provenance": "INFERRED"}}, {"type": "Feature", "geometry": {"type": "Point", "coordinates": [72.811111, 19.199167]}, "properties": {"slope_degrees": 0.41, "provenance": "INFERRED"}}, {"type": "Feature", "geometry": {"type": "Point", "coordinates": [72.817222, 19.199167]}, "properties": {"slope_degrees": 2.06, "provenance": "INFERRED"}}, {"type": "Feature", "geometry": {"type": "Point", "coordinates": [72.823333, 19.199167]}, "properties": {"slope_degrees": 2.42, "provenance": "INFERRED"}}, {"type": "Feature", "geometry": {"type": "Point", "coordinates": [72.829444, 19.199167]}, "properties": {"slope_degrees": 3.39, "provenance": "INFERRED"}}, {"type": "Feature", "geometry": {"type": "Point", "coordinates": [72.835556, 19.199167]}, "properties": {"slope_degrees": 1.16, "provenance": "INFERRED"}}, {"type": "Feature", "geometry": {"type": "Point", "coordinates": [72.841667, 19.199167]}, "properties": {"slope_degrees": 6.73, "provenance": "INFERRED"}}, {"type": "Feature", "geometry": {"type": "Point", "coordinates": [72.847778, 19.199167]}, "properties": {"slope_degrees": 6.35, "provenance": "INFERRED"}}, {"type": "Feature", "geometry": {"type": "Point", "coordinates": [72.853889, 19.199167]}, "properties": {"slope_degrees": 5.01, "provenance": "INFERRED"}}, {"type": "Feature", "geometry": {"type": "Point", "coordinates": [72.86, 19.199167]}, "properties": {"slope_degrees": 2.78, "provenance": "INFERRED"}}, {"type": "Feature", "geometry": {"type": "Point", "coordinates": [72.866111, 19.199167]}, "properties": {"slope_degrees": 1.45, "provenance": "INFERRED"}}, {"type": "Feature", "geometry": {"type": "Point", "coordinates": [72.872222, 19.199167]}, "properties": {"slope_degrees": 6.86, "provenance": "INFERRED"}}, {"type": "Feature", "geometry": {"type": "Point", "coordinates": [72.878333, 19.199167]}, "properties": {"slope_degrees": 2.21, "provenance": "INFERRED"}}, {"type": "Feature", "geometry": {"type": "Point", "coordinates": [72.884444, 19.199167]}, "properties": {"slope_degrees": 12.89, "provenance": "INFERRED"}}, {"type": "Feature", "geometry": {"type": "Point", "coordinates": [72.890556, 19.199167]}, "properties": {"slope_degrees": 7.3, "provenance": "INFERRED"}}, {"type": "Feature", "geometry": {"type": "Point", "coordinates": [72.896667, 19.199167]}, "properties": {"slope_degrees": 9.95, "provenance": "INFERRED"}}, {"type": "Feature", "geometry": {"type": "Point", "coordinates": [72.902778, 19.199167]}, "properties": {"slope_degrees": 7.22, "provenance": "INFERRED"}}, {"type": "Feature", "geometry": {"type": "Point", "coordinates": [72.908889, 19.199167]}, "properties": {"slope_degrees": 11.18, "provenance": "INFERRED"}}, {"type": "Feature", "geometry": {"type": "Point", "coordinates": [72.915, 19.199167]}, "properties": {"slope_degrees": 15.04, "provenance": "INFERRED"}}, {"type": "Feature", "geometry": {"type": "Point", "coordinates": [72.921111, 19.199167]}, "properties": {"slope_degrees": 1.63, "provenance": "INFERRED"}}, {"type": "Feature", "geometry": {"type": "Point", "coordinates": [72.927222, 19.199167]}, "properties": {"slope_degrees": 4.05, "provenance": "INFERRED"}}, {"type": "Feature", "geometry": {"type": "Point", "coordinates": [72.933333, 19.199167]}, "properties": {"slope_degrees": 29.65, "provenance": "INFERRED"}}, {"type": "Feature", "geometry": {"type": "Point", "coordinates": [72.939444, 19.199167]}, "properties": {"slope_degrees": 14.54, "provenance": "INFERRED"}}, {"type": "Feature", "geometry": {"type": "Point", "coordinates": [72.945556, 19.199167]}, "properties": {"slope_degrees": 3.37, "provenance": "INFERRED"}}, {"type": "Feature", "geometry": {"type": "Point", "coordinates": [72.951667, 19.199167]}, "properties": {"slope_degrees": 5.93, "provenance": "INFERRED"}}, {"type": "Feature", "geometry": {"type": "Point", "coordinates": [72.957778, 19.199167]}, "properties": {"slope_degrees": 2.76, "provenance": "INFERRED"}}, {"type": "Feature", "geometry": {"type": "Point", "coordinates": [72.963889, 19.199167]}, "properties": {"slope_degrees": 6.06, "provenance": "INFERRED"}}, {"type": "Feature", "geometry": {"type": "Point", "coordinates": [72.97, 19.199167]}, "properties": {"slope_degrees": 1.42, "provenance": "INFERRED"}}, {"type": "Feature", "geometry": {"type": "Point", "coordinates": [72.976111, 19.199167]}, "properties": {"slope_degrees": 2.04, "provenance": "INFERRED"}}, {"type": "Feature", "geometry": {"type": "Point", "coordinates": [72.982222, 19.199167]}, "properties": {"slope_degrees": 2.52, "provenance": "INFERRED"}}, {"type": "Feature", "geometry": {"type": "Point", "coordinates": [72.988333, 19.199167]}, "properties": {"slope_degrees": 2.22, "provenance": "INFERRED"}}, {"type": "Feature", "geometry": {"type": "Point", "coordinates": [72.994444, 19.199167]}, "properties": {"slope_degrees": 3.74, "provenance": "INFERRED"}}, {"type": "Feature", "geometry": {"type": "Point", "coordinates": [73.000556, 19.199167]}, "properties": {"slope_degrees": 0.76, "provenance": "INFERRED"}}, {"type": "Feature", "geometry": {"type": "Point", "coordinates": [73.006667, 19.199167]}, "properties": {"slope_degrees": 3.51, "provenance": "INFERRED"}}, {"type": "Feature", "geometry": {"type": "Point", "coordinates": [73.012778, 19.199167]}, "properties": {"slope_degrees": 18.3, "provenance": "INFERRED"}}, {"type": "Feature", "geometry": {"type": "Point", "coordinates": [73.018889, 19.199167]}, "properties": {"slope_degrees": 26.31, "provenance": "INFERRED"}}, {"type": "Feature", "geometry": {"type": "Point", "coordinates": [73.025, 19.199167]}, "properties": {"slope_degrees": 0.0, "provenance": "INFERRED"}}, {"type": "Feature", "geometry": {"type": "Point", "coordinates": [73.031111, 19.199167]}, "properties": {"slope_degrees": 0.0, "provenance": "INFERRED"}}, {"type": "Feature", "geometry": {"type": "Point", "coordinates": [73.037222, 19.199167]}, "properties": {"slope_degrees": 0.0, "provenance": "INFERRED"}}, {"type": "Feature", "geometry": {"type": "Point", "coordinates": [73.043333, 19.199167]}, "properties": {"slope_degrees": 0.0, "provenance": "INFERRED"}}, {"type": "Feature", "geometry": {"type": "Point", "coordinates": [73.049722, 19.199167]}, "properties": {"slope_degrees": 5.91, "provenance": "INFERRED"}}, {"type": "Feature", "geometry": {"type": "Point", "coordinates": [72.75, 19.19]}, "properties": {"slope_degrees": 0.0, "provenance": "INFERRED"}}, {"type": "Feature", "geometry": {"type": "Point", "coordinates": [72.756111, 19.19]}, "properties": {"slope_degrees": 0.0, "provenance": "INFERRED"}}, {"type": "Feature", "geometry": {"type": "Point", "coordinates": [72.762222, 19.19]}, "properties": {"slope_degrees": 0.0, "provenance": "INFERRED"}}, {"type": "Feature", "geometry": {"type": "Point", "coordinates": [72.768333, 19.19]}, "properties": {"slope_degrees": 0.0, "provenance": "INFERRED"}}, {"type": "Feature", "geometry": {"type": "Point", "coordinates": [72.774444, 19.19]}, "properties": {"slope_degrees": 0.0, "provenance": "INFERRED"}}, {"type": "Feature", "geometry": {"type": "Point", "coordinates": [72.780556, 19.19]}, "properties": {"slope_degrees": 0.0, "provenance": "INFERRED"}}, {"type": "Feature", "geometry": {"type": "Point", "coordinates": [72.786667, 19.19]}, "properties": {"slope_degrees": 0.0, "provenance": "INFERRED"}}, {"type": "Feature", "geometry": {"type": "Point", "coordinates": [72.792778, 19.19]}, "properties": {"slope_degrees": 0.0, "provenance": "INFERRED"}}, {"type": "Feature", "geometry": {"type": "Point", "coordinates": [72.798889, 19.19]}, "properties": {"slope_degrees": 1.12, "provenance": "INFERRED"}}, {"type": "Feature", "geometry": {"type": "Point", "coordinates": [72.805, 19.19]}, "properties": {"slope_degrees": 3.81, "provenance": "INFERRED"}}, {"type": "Feature", "geometry": {"type": "Point", "coordinates": [72.811111, 19.19]}, "properties": {"slope_degrees": 0.49, "provenance": "INFERRED"}}, {"type": "Feature", "geometry": {"type": "Point", "coordinates": [72.817222, 19.19]}, "properties": {"slope_degrees": 1.06, "provenance": "INFERRED"}}, {"type": "Feature", "geometry": {"type": "Point", "coordinates": [72.823333, 19.19]}, "properties": {"slope_degrees": 1.36, "provenance": "INFERRED"}}, {"type": "Feature", "geometry": {"type": "Point", "coordinates": [72.829444, 19.19]}, "properties": {"slope_degrees": 1.14, "provenance": "INFERRED"}}, {"type": "Feature", "geometry": {"type": "Point", "coordinates": [72.835556, 19.19]}, "properties": {"slope_degrees": 3.06, "provenance": "INFERRED"}}, {"type": "Feature", "geometry": {"type": "Point", "coordinates": [72.841667, 19.19]}, "properties": {"slope_degrees": 11.67, "provenance": "INFERRED"}}, {"type": "Feature", "geometry": {"type": "Point", "coordinates": [72.847778, 19.19]}, "properties": {"slope_degrees": 1.58, "provenance": "INFERRED"}}, {"type": "Feature", "geometry": {"type": "Point", "coordinates": [72.853889, 19.19]}, "properties": {"slope_degrees": 4.53, "provenance": "INFERRED"}}, {"type": "Feature", "geometry": {"type": "Point", "coordinates": [72.86, 19.19]}, "properties": {"slope_degrees": 3.63, "provenance": "INFERRED"}}, {"type": "Feature", "geometry": {"type": "Point", "coordinates": [72.866111, 19.19]}, "properties": {"slope_degrees": 2.41, "provenance": "INFERRED"}}, {"type": "Feature", "geometry": {"type": "Point", "coordinates": [72.872222, 19.19]}, "properties": {"slope_degrees": 2.75, "provenance": "INFERRED"}}, {"type": "Feature", "geometry": {"type": "Point", "coordinates": [72.878333, 19.19]}, "properties": {"slope_degrees": 13.98, "provenance": "INFERRED"}}, {"type": "Feature", "geometry": {"type": "Point", "coordinates": [72.884444, 19.19]}, "properties": {"slope_degrees": 7.11, "provenance": "INFERRED"}}, {"type": "Feature", "geometry": {"type": "Point", "coordinates": [72.890556, 19.19]}, "properties": {"slope_degrees": 6.23, "provenance": "INFERRED"}}, {"type": "Feature", "geometry": {"type": "Point", "coordinates": [72.896667, 19.19]}, "properties": {"slope_degrees": 14.96, "provenance": "INFERRED"}}, {"type": "Feature", "geometry": {"type": "Point", "coordinates": [72.902778, 19.19]}, "properties": {"slope_degrees": 15.02, "provenance": "INFERRED"}}, {"type": "Feature", "geometry": {"type": "Point", "coordinates": [72.908889, 19.19]}, "properties": {"slope_degrees": 18.82, "provenance": "INFERRED"}}, {"type": "Feature", "geometry": {"type": "Point", "coordinates": [72.915, 19.19]}, "properties": {"slope_degrees": 0.0, "provenance": "INFERRED"}}, {"type": "Feature", "geometry": {"type": "Point", "coordinates": [72.921111, 19.19]}, "properties": {"slope_degrees": 0.0, "provenance": "INFERRED"}}, {"type": "Feature", "geometry": {"type": "Point", "coordinates": [72.927222, 19.19]}, "properties": {"slope_degrees": 8.04, "provenance": "INFERRED"}}, {"type": "Feature", "geometry": {"type": "Point", "coordinates": [72.933333, 19.19]}, "properties": {"slope_degrees": 15.13, "provenance": "INFERRED"}}, {"type": "Feature", "geometry": {"type": "Point", "coordinates": [72.939444, 19.19]}, "properties": {"slope_degrees": 13.36, "provenance": "INFERRED"}}, {"type": "Feature", "geometry": {"type": "Point", "coordinates": [72.945556, 19.19]}, "properties": {"slope_degrees": 4.16, "provenance": "INFERRED"}}, {"type": "Feature", "geometry": {"type": "Point", "coordinates": [72.951667, 19.19]}, "properties": {"slope_degrees": 9.85, "provenance": "INFERRED"}}, {"type": "Feature", "geometry": {"type": "Point", "coordinates": [72.957778, 19.19]}, "properties": {"slope_degrees": 0.0, "provenance": "INFERRED"}}, {"type": "Feature", "geometry": {"type": "Point", "coordinates": [72.963889, 19.19]}, "properties": {"slope_degrees": 4.6, "provenance": "INFERRED"}}, {"type": "Feature", "geometry": {"type": "Point", "coordinates": [72.97, 19.19]}, "properties": {"slope_degrees": 2.81, "provenance": "INFERRED"}}, {"type": "Feature", "geometry": {"type": "Point", "coordinates": [72.976111, 19.19]}, "properties": {"slope_degrees": 1.48, "provenance": "INFERRED"}}, {"type": "Feature", "geometry": {"type": "Point", "coordinates": [72.982222, 19.19]}, "properties": {"slope_degrees": 1.32, "provenance": "INFERRED"}}, {"type": "Feature", "geometry": {"type": "Point", "coordinates": [72.988333, 19.19]}, "properties": {"slope_degrees": 4.48, "provenance": "INFERRED"}}, {"type": "Feature", "geometry": {"type": "Point", "coordinates": [72.994444, 19.19]}, "properties": {"slope_degrees": 0.0, "provenance": "INFERRED"}}, {"type": "Feature", "geometry": {"type": "Point", "coordinates": [73.000556, 19.19]}, "properties": {"slope_degrees": 5.38, "provenance": "INFERRED"}}, {"type": "Feature", "geometry": {"type": "Point", "coordinates": [73.006667, 19.19]}, "properties": {"slope_degrees": 3.94, "provenance": "INFERRED"}}, {"type": "Feature", "geometry": {"type": "Point", "coordinates": [73.012778, 19.19]}, "properties": {"slope_degrees": 9.81, "provenance": "INFERRED"}}, {"type": "Feature", "geometry": {"type": "Point", "coordinates": [73.018889, 19.19]}, "properties": {"slope_degrees": 38.42, "provenance": "INFERRED"}}, {"type": "Feature", "geometry": {"type": "Point", "coordinates": [73.025, 19.19]}, "properties": {"slope_degrees": 1.24, "provenance": "INFERRED"}}, {"type": "Feature", "geometry": {"type": "Point", "coordinates": [73.031111, 19.19]}, "properties": {"slope_degrees": 0.92, "provenance": "INFERRED"}}, {"type": "Feature", "geometry": {"type": "Point", "coordinates": [73.037222, 19.19]}, "properties": {"slope_degrees": 3.81, "provenance": "INFERRED"}}, {"type": "Feature", "geometry": {"type": "Point", "coordinates": [73.043333, 19.19]}, "properties": {"slope_degrees": 5.58, "provenance": "INFERRED"}}, {"type": "Feature", "geometry": {"type": "Point", "coordinates": [73.049722, 19.19]}, "properties": {"slope_degrees": 2.11, "provenance": "INFERRED"}}, {"type": "Feature", "geometry": {"type": "Point", "coordinates": [72.75, 19.180833]}, "properties": {"slope_degrees": 0.0, "provenance": "INFERRED"}}, {"type": "Feature", "geometry": {"type": "Point", "coordinates": [72.756111, 19.180833]}, "properties": {"slope_degrees": 0.0, "provenance": "INFERRED"}}, {"type": "Feature", "geometry": {"type": "Point", "coordinates": [72.762222, 19.180833]}, "properties": {"slope_degrees": 0.0, "provenance": "INFERRED"}}, {"type": "Feature", "geometry": {"type": "Point", "coordinates": [72.768333, 19.180833]}, "properties": {"slope_degrees": 0.0, "provenance": "INFERRED"}}, {"type": "Feature", "geometry": {"type": "Point", "coordinates": [72.774444, 19.180833]}, "properties": {"slope_degrees": 0.0, "provenance": "INFERRED"}}, {"type": "Feature", "geometry": {"type": "Point", "coordinates": [72.780556, 19.180833]}, "properties": {"slope_degrees": 0.0, "provenance": "INFERRED"}}, {"type": "Feature", "geometry": {"type": "Point", "coordinates": [72.786667, 19.180833]}, "properties": {"slope_degrees": 0.0, "provenance": "INFERRED"}}, {"type": "Feature", "geometry": {"type": "Point", "coordinates": [72.792778, 19.180833]}, "properties": {"slope_degrees": 0.0, "provenance": "INFERRED"}}, {"type": "Feature", "geometry": {"type": "Point", "coordinates": [72.798889, 19.180833]}, "properties": {"slope_degrees": 0.0, "provenance": "INFERRED"}}, {"type": "Feature", "geometry": {"type": "Point", "coordinates": [72.805, 19.180833]}, "properties": {"slope_degrees": 3.26, "provenance": "INFERRED"}}, {"type": "Feature", "geometry": {"type": "Point", "coordinates": [72.811111, 19.180833]}, "properties": {"slope_degrees": 0.71, "provenance": "INFERRED"}}, {"type": "Feature", "geometry": {"type": "Point", "coordinates": [72.817222, 19.180833]}, "properties": {"slope_degrees": 7.81, "provenance": "INFERRED"}}, {"type": "Feature", "geometry": {"type": "Point", "coordinates": [72.823333, 19.180833]}, "properties": {"slope_degrees": 0.0, "provenance": "INFERRED"}}, {"type": "Feature", "geometry": {"type": "Point", "coordinates": [72.829444, 19.180833]}, "properties": {"slope_degrees": 0.16, "provenance": "INFERRED"}}, {"type": "Feature", "geometry": {"type": "Point", "coordinates": [72.835556, 19.180833]}, "properties": {"slope_degrees": 4.18, "provenance": "INFERRED"}}, {"type": "Feature", "geometry": {"type": "Point", "coordinates": [72.841667, 19.180833]}, "properties": {"slope_degrees": 1.91, "provenance": "INFERRED"}}, {"type": "Feature", "geometry": {"type": "Point", "coordinates": [72.847778, 19.180833]}, "properties": {"slope_degrees": 2.44, "provenance": "INFERRED"}}, {"type": "Feature", "geometry": {"type": "Point", "coordinates": [72.853889, 19.180833]}, "properties": {"slope_degrees": 7.86, "provenance": "INFERRED"}}, {"type": "Feature", "geometry": {"type": "Point", "coordinates": [72.86, 19.180833]}, "properties": {"slope_degrees": 6.22, "provenance": "INFERRED"}}, {"type": "Feature", "geometry": {"type": "Point", "coordinates": [72.866111, 19.180833]}, "properties": {"slope_degrees": 1.33, "provenance": "INFERRED"}}, {"type": "Feature", "geometry": {"type": "Point", "coordinates": [72.872222, 19.180833]}, "properties": {"slope_degrees": 3.0, "provenance": "INFERRED"}}, {"type": "Feature", "geometry": {"type": "Point", "coordinates": [72.878333, 19.180833]}, "properties": {"slope_degrees": 9.9, "provenance": "INFERRED"}}, {"type": "Feature", "geometry": {"type": "Point", "coordinates": [72.884444, 19.180833]}, "properties": {"slope_degrees": 2.75, "provenance": "INFERRED"}}, {"type": "Feature", "geometry": {"type": "Point", "coordinates": [72.890556, 19.180833]}, "properties": {"slope_degrees": 4.23, "provenance": "INFERRED"}}, {"type": "Feature", "geometry": {"type": "Point", "coordinates": [72.896667, 19.180833]}, "properties": {"slope_degrees": 5.92, "provenance": "INFERRED"}}, {"type": "Feature", "geometry": {"type": "Point", "coordinates": [72.902778, 19.180833]}, "properties": {"slope_degrees": 17.7, "provenance": "INFERRED"}}, {"type": "Feature", "geometry": {"type": "Point", "coordinates": [72.908889, 19.180833]}, "properties": {"slope_degrees": 26.71, "provenance": "INFERRED"}}, {"type": "Feature", "geometry": {"type": "Point", "coordinates": [72.915, 19.180833]}, "properties": {"slope_degrees": 15.58, "provenance": "INFERRED"}}, {"type": "Feature", "geometry": {"type": "Point", "coordinates": [72.921111, 19.180833]}, "properties": {"slope_degrees": 10.62, "provenance": "INFERRED"}}, {"type": "Feature", "geometry": {"type": "Point", "coordinates": [72.927222, 19.180833]}, "properties": {"slope_degrees": 9.51, "provenance": "INFERRED"}}, {"type": "Feature", "geometry": {"type": "Point", "coordinates": [72.933333, 19.180833]}, "properties": {"slope_degrees": 32.09, "provenance": "INFERRED"}}, {"type": "Feature", "geometry": {"type": "Point", "coordinates": [72.939444, 19.180833]}, "properties": {"slope_degrees": 5.88, "provenance": "INFERRED"}}, {"type": "Feature", "geometry": {"type": "Point", "coordinates": [72.945556, 19.180833]}, "properties": {"slope_degrees": 1.77, "provenance": "INFERRED"}}, {"type": "Feature", "geometry": {"type": "Point", "coordinates": [72.951667, 19.180833]}, "properties": {"slope_degrees": 2.07, "provenance": "INFERRED"}}, {"type": "Feature", "geometry": {"type": "Point", "coordinates": [72.957778, 19.180833]}, "properties": {"slope_degrees": 6.0, "provenance": "INFERRED"}}, {"type": "Feature", "geometry": {"type": "Point", "coordinates": [72.963889, 19.180833]}, "properties": {"slope_degrees": 1.95, "provenance": "INFERRED"}}, {"type": "Feature", "geometry": {"type": "Point", "coordinates": [72.97, 19.180833]}, "properties": {"slope_degrees": 2.21, "provenance": "INFERRED"}}, {"type": "Feature", "geometry": {"type": "Point", "coordinates": [72.976111, 19.180833]}, "properties": {"slope_degrees": 4.97, "provenance": "INFERRED"}}, {"type": "Feature", "geometry": {"type": "Point", "coordinates": [72.982222, 19.180833]}, "properties": {"slope_degrees": 1.91, "provenance": "INFERRED"}}, {"type": "Feature", "geometry": {"type": "Point", "coordinates": [72.988333, 19.180833]}, "properties": {"slope_degrees": 0.14, "provenance": "INFERRED"}}, {"type": "Feature", "geometry": {"type": "Point", "coordinates": [72.994444, 19.180833]}, "properties": {"slope_degrees": 1.75, "provenance": "INFERRED"}}, {"type": "Feature", "geometry": {"type": "Point", "coordinates": [73.000556, 19.180833]}, "properties": {"slope_degrees": 0.57, "provenance": "INFERRED"}}, {"type": "Feature", "geometry": {"type": "Point", "coordinates": [73.006667, 19.180833]}, "properties": {"slope_degrees": 23.81, "provenance": "INFERRED"}}, {"type": "Feature", "geometry": {"type": "Point", "coordinates": [73.012778, 19.180833]}, "properties": {"slope_degrees": 19.64, "provenance": "INFERRED"}}, {"type": "Feature", "geometry": {"type": "Point", "coordinates": [73.018889, 19.180833]}, "properties": {"slope_degrees": 37.36, "provenance": "INFERRED"}}, {"type": "Feature", "geometry": {"type": "Point", "coordinates": [73.025, 19.180833]}, "properties": {"slope_degrees": 4.11, "provenance": "INFERRED"}}, {"type": "Feature", "geometry": {"type": "Point", "coordinates": [73.031111, 19.180833]}, "properties": {"slope_degrees": 0.66, "provenance": "INFERRED"}}, {"type": "Feature", "geometry": {"type": "Point", "coordinates": [73.037222, 19.180833]}, "properties": {"slope_degrees": 0.02, "provenance": "INFERRED"}}, {"type": "Feature", "geometry": {"type": "Point", "coordinates": [73.043333, 19.180833]}, "properties": {"slope_degrees": 1.66, "provenance": "INFERRED"}}, {"type": "Feature", "geometry": {"type": "Point", "coordinates": [73.049722, 19.180833]}, "properties": {"slope_degrees": 0.33, "provenance": "INFERRED"}}, {"type": "Feature", "geometry": {"type": "Point", "coordinates": [72.75, 19.171667]}, "properties": {"slope_degrees": 0.0, "provenance": "INFERRED"}}, {"type": "Feature", "geometry": {"type": "Point", "coordinates": [72.756111, 19.171667]}, "properties": {"slope_degrees": 0.0, "provenance": "INFERRED"}}, {"type": "Feature", "geometry": {"type": "Point", "coordinates": [72.762222, 19.171667]}, "properties": {"slope_degrees": 0.0, "provenance": "INFERRED"}}, {"type": "Feature", "geometry": {"type": "Point", "coordinates": [72.768333, 19.171667]}, "properties": {"slope_degrees": 0.0, "provenance": "INFERRED"}}, {"type": "Feature", "geometry": {"type": "Point", "coordinates": [72.774444, 19.171667]}, "properties": {"slope_degrees": 0.0, "provenance": "INFERRED"}}, {"type": "Feature", "geometry": {"type": "Point", "coordinates": [72.780556, 19.171667]}, "properties": {"slope_degrees": 0.0, "provenance": "INFERRED"}}, {"type": "Feature", "geometry": {"type": "Point", "coordinates": [72.786667, 19.171667]}, "properties": {"slope_degrees": 0.0, "provenance": "INFERRED"}}, {"type": "Feature", "geometry": {"type": "Point", "coordinates": [72.792778, 19.171667]}, "properties": {"slope_degrees": 6.17, "provenance": "INFERRED"}}, {"type": "Feature", "geometry": {"type": "Point", "coordinates": [72.798889, 19.171667]}, "properties": {"slope_degrees": 2.03, "provenance": "INFERRED"}}, {"type": "Feature", "geometry": {"type": "Point", "coordinates": [72.805, 19.171667]}, "properties": {"slope_degrees": 0.84, "provenance": "INFERRED"}}, {"type": "Feature", "geometry": {"type": "Point", "coordinates": [72.811111, 19.171667]}, "properties": {"slope_degrees": 1.57, "provenance": "INFERRED"}}, {"type": "Feature", "geometry": {"type": "Point", "coordinates": [72.817222, 19.171667]}, "properties": {"slope_degrees": 1.35, "provenance": "INFERRED"}}, {"type": "Feature", "geometry": {"type": "Point", "coordinates": [72.823333, 19.171667]}, "properties": {"slope_degrees": 1.81, "provenance": "INFERRED"}}, {"type": "Feature", "geometry": {"type": "Point", "coordinates": [72.829444, 19.171667]}, "properties": {"slope_degrees": 0.79, "provenance": "INFERRED"}}, {"type": "Feature", "geometry": {"type": "Point", "coordinates": [72.835556, 19.171667]}, "properties": {"slope_degrees": 3.04, "provenance": "INFERRED"}}, {"type": "Feature", "geometry": {"type": "Point", "coordinates": [72.841667, 19.171667]}, "properties": {"slope_degrees": 2.19, "provenance": "INFERRED"}}, {"type": "Feature", "geometry": {"type": "Point", "coordinates": [72.847778, 19.171667]}, "properties": {"slope_degrees": 1.14, "provenance": "INFERRED"}}, {"type": "Feature", "geometry": {"type": "Point", "coordinates": [72.853889, 19.171667]}, "properties": {"slope_degrees": 4.39, "provenance": "INFERRED"}}, {"type": "Feature", "geometry": {"type": "Point", "coordinates": [72.86, 19.171667]}, "properties": {"slope_degrees": 9.25, "provenance": "INFERRED"}}, {"type": "Feature", "geometry": {"type": "Point", "coordinates": [72.866111, 19.171667]}, "properties": {"slope_degrees": 8.26, "provenance": "INFERRED"}}, {"type": "Feature", "geometry": {"type": "Point", "coordinates": [72.872222, 19.171667]}, "properties": {"slope_degrees": 2.89, "provenance": "INFERRED"}}, {"type": "Feature", "geometry": {"type": "Point", "coordinates": [72.878333, 19.171667]}, "properties": {"slope_degrees": 6.15, "provenance": "INFERRED"}}, {"type": "Feature", "geometry": {"type": "Point", "coordinates": [72.884444, 19.171667]}, "properties": {"slope_degrees": 12.57, "provenance": "INFERRED"}}, {"type": "Feature", "geometry": {"type": "Point", "coordinates": [72.890556, 19.171667]}, "properties": {"slope_degrees": 22.01, "provenance": "INFERRED"}}, {"type": "Feature", "geometry": {"type": "Point", "coordinates": [72.896667, 19.171667]}, "properties": {"slope_degrees": 7.73, "provenance": "INFERRED"}}, {"type": "Feature", "geometry": {"type": "Point", "coordinates": [72.902778, 19.171667]}, "properties": {"slope_degrees": 16.5, "provenance": "INFERRED"}}, {"type": "Feature", "geometry": {"type": "Point", "coordinates": [72.908889, 19.171667]}, "properties": {"slope_degrees": 2.76, "provenance": "INFERRED"}}, {"type": "Feature", "geometry": {"type": "Point", "coordinates": [72.915, 19.171667]}, "properties": {"slope_degrees": 3.6, "provenance": "INFERRED"}}, {"type": "Feature", "geometry": {"type": "Point", "coordinates": [72.921111, 19.171667]}, "properties": {"slope_degrees": 11.06, "provenance": "INFERRED"}}, {"type": "Feature", "geometry": {"type": "Point", "coordinates": [72.927222, 19.171667]}, "properties": {"slope_degrees": 24.93, "provenance": "INFERRED"}}, {"type": "Feature", "geometry": {"type": "Point", "coordinates": [72.933333, 19.171667]}, "properties": {"slope_degrees": 4.39, "provenance": "INFERRED"}}, {"type": "Feature", "geometry": {"type": "Point", "coordinates": [72.939444, 19.171667]}, "properties": {"slope_degrees": 1.14, "provenance": "INFERRED"}}, {"type": "Feature", "geometry": {"type": "Point", "coordinates": [72.945556, 19.171667]}, "properties": {"slope_degrees": 0.87, "provenance": "INFERRED"}}, {"type": "Feature", "geometry": {"type": "Point", "coordinates": [72.951667, 19.171667]}, "properties": {"slope_degrees": 6.23, "provenance": "INFERRED"}}, {"type": "Feature", "geometry": {"type": "Point", "coordinates": [72.957778, 19.171667]}, "properties": {"slope_degrees": 2.22, "provenance": "INFERRED"}}, {"type": "Feature", "geometry": {"type": "Point", "coordinates": [72.963889, 19.171667]}, "properties": {"slope_degrees": 2.25, "provenance": "INFERRED"}}, {"type": "Feature", "geometry": {"type": "Point", "coordinates": [72.97, 19.171667]}, "properties": {"slope_degrees": 1.11, "provenance": "INFERRED"}}, {"type": "Feature", "geometry": {"type": "Point", "coordinates": [72.976111, 19.171667]}, "properties": {"slope_degrees": 5.96, "provenance": "INFERRED"}}, {"type": "Feature", "geometry": {"type": "Point", "coordinates": [72.982222, 19.171667]}, "properties": {"slope_degrees": 0.0, "provenance": "INFERRED"}}, {"type": "Feature", "geometry": {"type": "Point", "coordinates": [72.988333, 19.171667]}, "properties": {"slope_degrees": 0.69, "provenance": "INFERRED"}}, {"type": "Feature", "geometry": {"type": "Point", "coordinates": [72.994444, 19.171667]}, "properties": {"slope_degrees": 0.2, "provenance": "INFERRED"}}, {"type": "Feature", "geometry": {"type": "Point", "coordinates": [73.000556, 19.171667]}, "properties": {"slope_degrees": 2.58, "provenance": "INFERRED"}}, {"type": "Feature", "geometry": {"type": "Point", "coordinates": [73.006667, 19.171667]}, "properties": {"slope_degrees": 2.24, "provenance": "INFERRED"}}, {"type": "Feature", "geometry": {"type": "Point", "coordinates": [73.012778, 19.171667]}, "properties": {"slope_degrees": 34.28, "provenance": "INFERRED"}}, {"type": "Feature", "geometry": {"type": "Point", "coordinates": [73.018889, 19.171667]}, "properties": {"slope_degrees": 11.04, "provenance": "INFERRED"}}, {"type": "Feature", "geometry": {"type": "Point", "coordinates": [73.025, 19.171667]}, "properties": {"slope_degrees": 1.95, "provenance": "INFERRED"}}, {"type": "Feature", "geometry": {"type": "Point", "coordinates": [73.031111, 19.171667]}, "properties": {"slope_degrees": 0.34, "provenance": "INFERRED"}}, {"type": "Feature", "geometry": {"type": "Point", "coordinates": [73.037222, 19.171667]}, "properties": {"slope_degrees": 0.83, "provenance": "INFERRED"}}, {"type": "Feature", "geometry": {"type": "Point", "coordinates": [73.043333, 19.171667]}, "properties": {"slope_degrees": 0.51, "provenance": "INFERRED"}}, {"type": "Feature", "geometry": {"type": "Point", "coordinates": [73.049722, 19.171667]}, "properties": {"slope_degrees": 0.61, "provenance": "INFERRED"}}, {"type": "Feature", "geometry": {"type": "Point", "coordinates": [72.75, 19.1625]}, "properties": {"slope_degrees": 0.0, "provenance": "INFERRED"}}, {"type": "Feature", "geometry": {"type": "Point", "coordinates": [72.756111, 19.1625]}, "properties": {"slope_degrees": 0.0, "provenance": "INFERRED"}}, {"type": "Feature", "geometry": {"type": "Point", "coordinates": [72.762222, 19.1625]}, "properties": {"slope_degrees": 0.0, "provenance": "INFERRED"}}, {"type": "Feature", "geometry": {"type": "Point", "coordinates": [72.768333, 19.1625]}, "properties": {"slope_degrees": 0.0, "provenance": "INFERRED"}}, {"type": "Feature", "geometry": {"type": "Point", "coordinates": [72.774444, 19.1625]}, "properties": {"slope_degrees": 0.0, "provenance": "INFERRED"}}, {"type": "Feature", "geometry": {"type": "Point", "coordinates": [72.780556, 19.1625]}, "properties": {"slope_degrees": 0.0, "provenance": "INFERRED"}}, {"type": "Feature", "geometry": {"type": "Point", "coordinates": [72.786667, 19.1625]}, "properties": {"slope_degrees": 2.34, "provenance": "INFERRED"}}, {"type": "Feature", "geometry": {"type": "Point", "coordinates": [72.792778, 19.1625]}, "properties": {"slope_degrees": 0.61, "provenance": "INFERRED"}}, {"type": "Feature", "geometry": {"type": "Point", "coordinates": [72.798889, 19.1625]}, "properties": {"slope_degrees": 0.77, "provenance": "INFERRED"}}, {"type": "Feature", "geometry": {"type": "Point", "coordinates": [72.805, 19.1625]}, "properties": {"slope_degrees": 4.01, "provenance": "INFERRED"}}, {"type": "Feature", "geometry": {"type": "Point", "coordinates": [72.811111, 19.1625]}, "properties": {"slope_degrees": 1.33, "provenance": "INFERRED"}}, {"type": "Feature", "geometry": {"type": "Point", "coordinates": [72.817222, 19.1625]}, "properties": {"slope_degrees": 0.0, "provenance": "INFERRED"}}, {"type": "Feature", "geometry": {"type": "Point", "coordinates": [72.823333, 19.1625]}, "properties": {"slope_degrees": 0.77, "provenance": "INFERRED"}}, {"type": "Feature", "geometry": {"type": "Point", "coordinates": [72.829444, 19.1625]}, "properties": {"slope_degrees": 3.82, "provenance": "INFERRED"}}, {"type": "Feature", "geometry": {"type": "Point", "coordinates": [72.835556, 19.1625]}, "properties": {"slope_degrees": 2.07, "provenance": "INFERRED"}}, {"type": "Feature", "geometry": {"type": "Point", "coordinates": [72.841667, 19.1625]}, "properties": {"slope_degrees": 4.06, "provenance": "INFERRED"}}, {"type": "Feature", "geometry": {"type": "Point", "coordinates": [72.847778, 19.1625]}, "properties": {"slope_degrees": 1.77, "provenance": "INFERRED"}}, {"type": "Feature", "geometry": {"type": "Point", "coordinates": [72.853889, 19.1625]}, "properties": {"slope_degrees": 4.52, "provenance": "INFERRED"}}, {"type": "Feature", "geometry": {"type": "Point", "coordinates": [72.86, 19.1625]}, "properties": {"slope_degrees": 0.0, "provenance": "INFERRED"}}, {"type": "Feature", "geometry": {"type": "Point", "coordinates": [72.866111, 19.1625]}, "properties": {"slope_degrees": 6.33, "provenance": "INFERRED"}}, {"type": "Feature", "geometry": {"type": "Point", "coordinates": [72.872222, 19.1625]}, "properties": {"slope_degrees": 2.91, "provenance": "INFERRED"}}, {"type": "Feature", "geometry": {"type": "Point", "coordinates": [72.878333, 19.1625]}, "properties": {"slope_degrees": 10.01, "provenance": "INFERRED"}}, {"type": "Feature", "geometry": {"type": "Point", "coordinates": [72.884444, 19.1625]}, "properties": {"slope_degrees": 8.45, "provenance": "INFERRED"}}, {"type": "Feature", "geometry": {"type": "Point", "coordinates": [72.890556, 19.1625]}, "properties": {"slope_degrees": 9.55, "provenance": "INFERRED"}}, {"type": "Feature", "geometry": {"type": "Point", "coordinates": [72.896667, 19.1625]}, "properties": {"slope_degrees": 10.66, "provenance": "INFERRED"}}, {"type": "Feature", "geometry": {"type": "Point", "coordinates": [72.902778, 19.1625]}, "properties": {"slope_degrees": 2.38, "provenance": "INFERRED"}}, {"type": "Feature", "geometry": {"type": "Point", "coordinates": [72.908889, 19.1625]}, "properties": {"slope_degrees": 0.0, "provenance": "INFERRED"}}, {"type": "Feature", "geometry": {"type": "Point", "coordinates": [72.915, 19.1625]}, "properties": {"slope_degrees": 2.19, "provenance": "INFERRED"}}, {"type": "Feature", "geometry": {"type": "Point", "coordinates": [72.921111, 19.1625]}, "properties": {"slope_degrees": 10.88, "provenance": "INFERRED"}}, {"type": "Feature", "geometry": {"type": "Point", "coordinates": [72.927222, 19.1625]}, "properties": {"slope_degrees": 7.72, "provenance": "INFERRED"}}, {"type": "Feature", "geometry": {"type": "Point", "coordinates": [72.933333, 19.1625]}, "properties": {"slope_degrees": 2.69, "provenance": "INFERRED"}}, {"type": "Feature", "geometry": {"type": "Point", "coordinates": [72.939444, 19.1625]}, "properties": {"slope_degrees": 3.21, "provenance": "INFERRED"}}, {"type": "Feature", "geometry": {"type": "Point", "coordinates": [72.945556, 19.1625]}, "properties": {"slope_degrees": 6.63, "provenance": "INFERRED"}}, {"type": "Feature", "geometry": {"type": "Point", "coordinates": [72.951667, 19.1625]}, "properties": {"slope_degrees": 2.04, "provenance": "INFERRED"}}, {"type": "Feature", "geometry": {"type": "Point", "coordinates": [72.957778, 19.1625]}, "properties": {"slope_degrees": 10.47, "provenance": "INFERRED"}}, {"type": "Feature", "geometry": {"type": "Point", "coordinates": [72.963889, 19.1625]}, "properties": {"slope_degrees": 0.0, "provenance": "INFERRED"}}, {"type": "Feature", "geometry": {"type": "Point", "coordinates": [72.97, 19.1625]}, "properties": {"slope_degrees": 0.29, "provenance": "INFERRED"}}, {"type": "Feature", "geometry": {"type": "Point", "coordinates": [72.976111, 19.1625]}, "properties": {"slope_degrees": 1.1, "provenance": "INFERRED"}}, {"type": "Feature", "geometry": {"type": "Point", "coordinates": [72.982222, 19.1625]}, "properties": {"slope_degrees": 4.75, "provenance": "INFERRED"}}, {"type": "Feature", "geometry": {"type": "Point", "coordinates": [72.988333, 19.1625]}, "properties": {"slope_degrees": 0.0, "provenance": "INFERRED"}}, {"type": "Feature", "geometry": {"type": "Point", "coordinates": [72.994444, 19.1625]}, "properties": {"slope_degrees": 1.47, "provenance": "INFERRED"}}, {"type": "Feature", "geometry": {"type": "Point", "coordinates": [73.000556, 19.1625]}, "properties": {"slope_degrees": 0.08, "provenance": "INFERRED"}}, {"type": "Feature", "geometry": {"type": "Point", "coordinates": [73.006667, 19.1625]}, "properties": {"slope_degrees": 9.31, "provenance": "INFERRED"}}, {"type": "Feature", "geometry": {"type": "Point", "coordinates": [73.012778, 19.1625]}, "properties": {"slope_degrees": 14.54, "provenance": "INFERRED"}}, {"type": "Feature", "geometry": {"type": "Point", "coordinates": [73.018889, 19.1625]}, "properties": {"slope_degrees": 24.88, "provenance": "INFERRED"}}, {"type": "Feature", "geometry": {"type": "Point", "coordinates": [73.025, 19.1625]}, "properties": {"slope_degrees": 0.0, "provenance": "INFERRED"}}, {"type": "Feature", "geometry": {"type": "Point", "coordinates": [73.031111, 19.1625]}, "properties": {"slope_degrees": 0.5, "provenance": "INFERRED"}}, {"type": "Feature", "geometry": {"type": "Point", "coordinates": [73.037222, 19.1625]}, "properties": {"slope_degrees": 0.0, "provenance": "INFERRED"}}, {"type": "Feature", "geometry": {"type": "Point", "coordinates": [73.043333, 19.1625]}, "properties": {"slope_degrees": 1.22, "provenance": "INFERRED"}}, {"type": "Feature", "geometry": {"type": "Point", "coordinates": [73.049722, 19.1625]}, "properties": {"slope_degrees": 2.41, "provenance": "INFERRED"}}, {"type": "Feature", "geometry": {"type": "Point", "coordinates": [72.75, 19.153333]}, "properties": {"slope_degrees": 0.0, "provenance": "INFERRED"}}, {"type": "Feature", "geometry": {"type": "Point", "coordinates": [72.756111, 19.153333]}, "properties": {"slope_degrees": 0.0, "provenance": "INFERRED"}}, {"type": "Feature", "geometry": {"type": "Point", "coordinates": [72.762222, 19.153333]}, "properties": {"slope_degrees": 0.0, "provenance": "INFERRED"}}, {"type": "Feature", "geometry": {"type": "Point", "coordinates": [72.768333, 19.153333]}, "properties": {"slope_degrees": 0.0, "provenance": "INFERRED"}}, {"type": "Feature", "geometry": {"type": "Point", "coordinates": [72.774444, 19.153333]}, "properties": {"slope_degrees": 0.0, "provenance": "INFERRED"}}, {"type": "Feature", "geometry": {"type": "Point", "coordinates": [72.780556, 19.153333]}, "properties": {"slope_degrees": 1.63, "provenance": "INFERRED"}}, {"type": "Feature", "geometry": {"type": "Point", "coordinates": [72.786667, 19.153333]}, "properties": {"slope_degrees": 8.32, "provenance": "INFERRED"}}, {"type": "Feature", "geometry": {"type": "Point", "coordinates": [72.792778, 19.153333]}, "properties": {"slope_degrees": 0.58, "provenance": "INFERRED"}}, {"type": "Feature", "geometry": {"type": "Point", "coordinates": [72.798889, 19.153333]}, "properties": {"slope_degrees": 2.39, "provenance": "INFERRED"}}, {"type": "Feature", "geometry": {"type": "Point", "coordinates": [72.805, 19.153333]}, "properties": {"slope_degrees": 2.47, "provenance": "INFERRED"}}, {"type": "Feature", "geometry": {"type": "Point", "coordinates": [72.811111, 19.153333]}, "properties": {"slope_degrees": 2.83, "provenance": "INFERRED"}}, {"type": "Feature", "geometry": {"type": "Point", "coordinates": [72.817222, 19.153333]}, "properties": {"slope_degrees": 0.0, "provenance": "INFERRED"}}, {"type": "Feature", "geometry": {"type": "Point", "coordinates": [72.823333, 19.153333]}, "properties": {"slope_degrees": 0.02, "provenance": "INFERRED"}}, {"type": "Feature", "geometry": {"type": "Point", "coordinates": [72.829444, 19.153333]}, "properties": {"slope_degrees": 4.28, "provenance": "INFERRED"}}, {"type": "Feature", "geometry": {"type": "Point", "coordinates": [72.835556, 19.153333]}, "properties": {"slope_degrees": 2.58, "provenance": "INFERRED"}}, {"type": "Feature", "geometry": {"type": "Point", "coordinates": [72.841667, 19.153333]}, "properties": {"slope_degrees": 3.19, "provenance": "INFERRED"}}, {"type": "Feature", "geometry": {"type": "Point", "coordinates": [72.847778, 19.153333]}, "properties": {"slope_degrees": 2.73, "provenance": "INFERRED"}}, {"type": "Feature", "geometry": {"type": "Point", "coordinates": [72.853889, 19.153333]}, "properties": {"slope_degrees": 1.78, "provenance": "INFERRED"}}, {"type": "Feature", "geometry": {"type": "Point", "coordinates": [72.86, 19.153333]}, "properties": {"slope_degrees": 1.44, "provenance": "INFERRED"}}, {"type": "Feature", "geometry": {"type": "Point", "coordinates": [72.866111, 19.153333]}, "properties": {"slope_degrees": 7.26, "provenance": "INFERRED"}}, {"type": "Feature", "geometry": {"type": "Point", "coordinates": [72.872222, 19.153333]}, "properties": {"slope_degrees": 7.72, "provenance": "INFERRED"}}, {"type": "Feature", "geometry": {"type": "Point", "coordinates": [72.878333, 19.153333]}, "properties": {"slope_degrees": 5.58, "provenance": "INFERRED"}}, {"type": "Feature", "geometry": {"type": "Point", "coordinates": [72.884444, 19.153333]}, "properties": {"slope_degrees": 11.28, "provenance": "INFERRED"}}, {"type": "Feature", "geometry": {"type": "Point", "coordinates": [72.890556, 19.153333]}, "properties": {"slope_degrees": 14.39, "provenance": "INFERRED"}}, {"type": "Feature", "geometry": {"type": "Point", "coordinates": [72.896667, 19.153333]}, "properties": {"slope_degrees": 7.59, "provenance": "INFERRED"}}, {"type": "Feature", "geometry": {"type": "Point", "coordinates": [72.902778, 19.153333]}, "properties": {"slope_degrees": 4.01, "provenance": "INFERRED"}}, {"type": "Feature", "geometry": {"type": "Point", "coordinates": [72.908889, 19.153333]}, "properties": {"slope_degrees": 0.0, "provenance": "INFERRED"}}, {"type": "Feature", "geometry": {"type": "Point", "coordinates": [72.915, 19.153333]}, "properties": {"slope_degrees": 0.0, "provenance": "INFERRED"}}, {"type": "Feature", "geometry": {"type": "Point", "coordinates": [72.921111, 19.153333]}, "properties": {"slope_degrees": 0.0, "provenance": "INFERRED"}}, {"type": "Feature", "geometry": {"type": "Point", "coordinates": [72.927222, 19.153333]}, "properties": {"slope_degrees": 17.49, "provenance": "INFERRED"}}, {"type": "Feature", "geometry": {"type": "Point", "coordinates": [72.933333, 19.153333]}, "properties": {"slope_degrees": 1.38, "provenance": "INFERRED"}}, {"type": "Feature", "geometry": {"type": "Point", "coordinates": [72.939444, 19.153333]}, "properties": {"slope_degrees": 0.79, "provenance": "INFERRED"}}, {"type": "Feature", "geometry": {"type": "Point", "coordinates": [72.945556, 19.153333]}, "properties": {"slope_degrees": 4.93, "provenance": "INFERRED"}}, {"type": "Feature", "geometry": {"type": "Point", "coordinates": [72.951667, 19.153333]}, "properties": {"slope_degrees": 0.0, "provenance": "INFERRED"}}, {"type": "Feature", "geometry": {"type": "Point", "coordinates": [72.957778, 19.153333]}, "properties": {"slope_degrees": 0.0, "provenance": "INFERRED"}}, {"type": "Feature", "geometry": {"type": "Point", "coordinates": [72.963889, 19.153333]}, "properties": {"slope_degrees": 1.15, "provenance": "INFERRED"}}, {"type": "Feature", "geometry": {"type": "Point", "coordinates": [72.97, 19.153333]}, "properties": {"slope_degrees": 0.99, "provenance": "INFERRED"}}, {"type": "Feature", "geometry": {"type": "Point", "coordinates": [72.976111, 19.153333]}, "properties": {"slope_degrees": 1.59, "provenance": "INFERRED"}}, {"type": "Feature", "geometry": {"type": "Point", "coordinates": [72.982222, 19.153333]}, "properties": {"slope_degrees": 3.55, "provenance": "INFERRED"}}, {"type": "Feature", "geometry": {"type": "Point", "coordinates": [72.988333, 19.153333]}, "properties": {"slope_degrees": 10.07, "provenance": "INFERRED"}}, {"type": "Feature", "geometry": {"type": "Point", "coordinates": [72.994444, 19.153333]}, "properties": {"slope_degrees": 2.93, "provenance": "INFERRED"}}, {"type": "Feature", "geometry": {"type": "Point", "coordinates": [73.000556, 19.153333]}, "properties": {"slope_degrees": 5.33, "provenance": "INFERRED"}}, {"type": "Feature", "geometry": {"type": "Point", "coordinates": [73.006667, 19.153333]}, "properties": {"slope_degrees": 17.57, "provenance": "INFERRED"}}, {"type": "Feature", "geometry": {"type": "Point", "coordinates": [73.012778, 19.153333]}, "properties": {"slope_degrees": 11.79, "provenance": "INFERRED"}}, {"type": "Feature", "geometry": {"type": "Point", "coordinates": [73.018889, 19.153333]}, "properties": {"slope_degrees": 22.92, "provenance": "INFERRED"}}, {"type": "Feature", "geometry": {"type": "Point", "coordinates": [73.025, 19.153333]}, "properties": {"slope_degrees": 19.2, "provenance": "INFERRED"}}, {"type": "Feature", "geometry": {"type": "Point", "coordinates": [73.031111, 19.153333]}, "properties": {"slope_degrees": 0.59, "provenance": "INFERRED"}}, {"type": "Feature", "geometry": {"type": "Point", "coordinates": [73.037222, 19.153333]}, "properties": {"slope_degrees": 1.23, "provenance": "INFERRED"}}, {"type": "Feature", "geometry": {"type": "Point", "coordinates": [73.043333, 19.153333]}, "properties": {"slope_degrees": 1.4, "provenance": "INFERRED"}}, {"type": "Feature", "geometry": {"type": "Point", "coordinates": [73.049722, 19.153333]}, "properties": {"slope_degrees": 0.57, "provenance": "INFERRED"}}, {"type": "Feature", "geometry": {"type": "Point", "coordinates": [72.75, 19.144167]}, "properties": {"slope_degrees": 0.0, "provenance": "INFERRED"}}, {"type": "Feature", "geometry": {"type": "Point", "coordinates": [72.756111, 19.144167]}, "properties": {"slope_degrees": 0.0, "provenance": "INFERRED"}}, {"type": "Feature", "geometry": {"type": "Point", "coordinates": [72.762222, 19.144167]}, "properties": {"slope_degrees": 0.0, "provenance": "INFERRED"}}, {"type": "Feature", "geometry": {"type": "Point", "coordinates": [72.768333, 19.144167]}, "properties": {"slope_degrees": 0.0, "provenance": "INFERRED"}}, {"type": "Feature", "geometry": {"type": "Point", "coordinates": [72.774444, 19.144167]}, "properties": {"slope_degrees": 0.0, "provenance": "INFERRED"}}, {"type": "Feature", "geometry": {"type": "Point", "coordinates": [72.780556, 19.144167]}, "properties": {"slope_degrees": 0.0, "provenance": "INFERRED"}}, {"type": "Feature", "geometry": {"type": "Point", "coordinates": [72.786667, 19.144167]}, "properties": {"slope_degrees": 0.0, "provenance": "INFERRED"}}, {"type": "Feature", "geometry": {"type": "Point", "coordinates": [72.792778, 19.144167]}, "properties": {"slope_degrees": 5.74, "provenance": "INFERRED"}}, {"type": "Feature", "geometry": {"type": "Point", "coordinates": [72.798889, 19.144167]}, "properties": {"slope_degrees": 4.17, "provenance": "INFERRED"}}, {"type": "Feature", "geometry": {"type": "Point", "coordinates": [72.805, 19.144167]}, "properties": {"slope_degrees": 6.75, "provenance": "INFERRED"}}, {"type": "Feature", "geometry": {"type": "Point", "coordinates": [72.811111, 19.144167]}, "properties": {"slope_degrees": 1.51, "provenance": "INFERRED"}}, {"type": "Feature", "geometry": {"type": "Point", "coordinates": [72.817222, 19.144167]}, "properties": {"slope_degrees": 2.12, "provenance": "INFERRED"}}, {"type": "Feature", "geometry": {"type": "Point", "coordinates": [72.823333, 19.144167]}, "properties": {"slope_degrees": 8.97, "provenance": "INFERRED"}}, {"type": "Feature", "geometry": {"type": "Point", "coordinates": [72.829444, 19.144167]}, "properties": {"slope_degrees": 1.84, "provenance": "INFERRED"}}, {"type": "Feature", "geometry": {"type": "Point", "coordinates": [72.835556, 19.144167]}, "properties": {"slope_degrees": 0.98, "provenance": "INFERRED"}}, {"type": "Feature", "geometry": {"type": "Point", "coordinates": [72.841667, 19.144167]}, "properties": {"slope_degrees": 2.36, "provenance": "INFERRED"}}, {"type": "Feature", "geometry": {"type": "Point", "coordinates": [72.847778, 19.144167]}, "properties": {"slope_degrees": 0.0, "provenance": "INFERRED"}}, {"type": "Feature", "geometry": {"type": "Point", "coordinates": [72.853889, 19.144167]}, "properties": {"slope_degrees": 2.86, "provenance": "INFERRED"}}, {"type": "Feature", "geometry": {"type": "Point", "coordinates": [72.86, 19.144167]}, "properties": {"slope_degrees": 0.76, "provenance": "INFERRED"}}, {"type": "Feature", "geometry": {"type": "Point", "coordinates": [72.866111, 19.144167]}, "properties": {"slope_degrees": 13.76, "provenance": "INFERRED"}}, {"type": "Feature", "geometry": {"type": "Point", "coordinates": [72.872222, 19.144167]}, "properties": {"slope_degrees": 5.91, "provenance": "INFERRED"}}, {"type": "Feature", "geometry": {"type": "Point", "coordinates": [72.878333, 19.144167]}, "properties": {"slope_degrees": 2.61, "provenance": "INFERRED"}}, {"type": "Feature", "geometry": {"type": "Point", "coordinates": [72.884444, 19.144167]}, "properties": {"slope_degrees": 4.26, "provenance": "INFERRED"}}, {"type": "Feature", "geometry": {"type": "Point", "coordinates": [72.890556, 19.144167]}, "properties": {"slope_degrees": 2.75, "provenance": "INFERRED"}}, {"type": "Feature", "geometry": {"type": "Point", "coordinates": [72.896667, 19.144167]}, "properties": {"slope_degrees": 0.56, "provenance": "INFERRED"}}, {"type": "Feature", "geometry": {"type": "Point", "coordinates": [72.902778, 19.144167]}, "properties": {"slope_degrees": 0.0, "provenance": "INFERRED"}}, {"type": "Feature", "geometry": {"type": "Point", "coordinates": [72.908889, 19.144167]}, "properties": {"slope_degrees": 0.0, "provenance": "INFERRED"}}, {"type": "Feature", "geometry": {"type": "Point", "coordinates": [72.915, 19.144167]}, "properties": {"slope_degrees": 16.68, "provenance": "INFERRED"}}, {"type": "Feature", "geometry": {"type": "Point", "coordinates": [72.921111, 19.144167]}, "properties": {"slope_degrees": 6.1, "provenance": "INFERRED"}}, {"type": "Feature", "geometry": {"type": "Point", "coordinates": [72.927222, 19.144167]}, "properties": {"slope_degrees": 2.48, "provenance": "INFERRED"}}, {"type": "Feature", "geometry": {"type": "Point", "coordinates": [72.933333, 19.144167]}, "properties": {"slope_degrees": 0.0, "provenance": "INFERRED"}}, {"type": "Feature", "geometry": {"type": "Point", "coordinates": [72.939444, 19.144167]}, "properties": {"slope_degrees": 0.57, "provenance": "INFERRED"}}, {"type": "Feature", "geometry": {"type": "Point", "coordinates": [72.945556, 19.144167]}, "properties": {"slope_degrees": 0.0, "provenance": "INFERRED"}}, {"type": "Feature", "geometry": {"type": "Point", "coordinates": [72.951667, 19.144167]}, "properties": {"slope_degrees": 0.0, "provenance": "INFERRED"}}, {"type": "Feature", "geometry": {"type": "Point", "coordinates": [72.957778, 19.144167]}, "properties": {"slope_degrees": 1.48, "provenance": "INFERRED"}}, {"type": "Feature", "geometry": {"type": "Point", "coordinates": [72.963889, 19.144167]}, "properties": {"slope_degrees": 0.55, "provenance": "INFERRED"}}, {"type": "Feature", "geometry": {"type": "Point", "coordinates": [72.97, 19.144167]}, "properties": {"slope_degrees": 0.03, "provenance": "INFERRED"}}, {"type": "Feature", "geometry": {"type": "Point", "coordinates": [72.976111, 19.144167]}, "properties": {"slope_degrees": 1.89, "provenance": "INFERRED"}}, {"type": "Feature", "geometry": {"type": "Point", "coordinates": [72.982222, 19.144167]}, "properties": {"slope_degrees": 0.74, "provenance": "INFERRED"}}, {"type": "Feature", "geometry": {"type": "Point", "coordinates": [72.988333, 19.144167]}, "properties": {"slope_degrees": 0.46, "provenance": "INFERRED"}}, {"type": "Feature", "geometry": {"type": "Point", "coordinates": [72.994444, 19.144167]}, "properties": {"slope_degrees": 5.39, "provenance": "INFERRED"}}, {"type": "Feature", "geometry": {"type": "Point", "coordinates": [73.000556, 19.144167]}, "properties": {"slope_degrees": 1.54, "provenance": "INFERRED"}}, {"type": "Feature", "geometry": {"type": "Point", "coordinates": [73.006667, 19.144167]}, "properties": {"slope_degrees": 2.04, "provenance": "INFERRED"}}, {"type": "Feature", "geometry": {"type": "Point", "coordinates": [73.012778, 19.144167]}, "properties": {"slope_degrees": 4.4, "provenance": "INFERRED"}}, {"type": "Feature", "geometry": {"type": "Point", "coordinates": [73.018889, 19.144167]}, "properties": {"slope_degrees": 18.01, "provenance": "INFERRED"}}, {"type": "Feature", "geometry": {"type": "Point", "coordinates": [73.025, 19.144167]}, "properties": {"slope_degrees": 19.04, "provenance": "INFERRED"}}, {"type": "Feature", "geometry": {"type": "Point", "coordinates": [73.031111, 19.144167]}, "properties": {"slope_degrees": 12.6, "provenance": "INFERRED"}}, {"type": "Feature", "geometry": {"type": "Point", "coordinates": [73.037222, 19.144167]}, "properties": {"slope_degrees": 2.44, "provenance": "INFERRED"}}, {"type": "Feature", "geometry": {"type": "Point", "coordinates": [73.043333, 19.144167]}, "properties": {"slope_degrees": 7.19, "provenance": "INFERRED"}}, {"type": "Feature", "geometry": {"type": "Point", "coordinates": [73.049722, 19.144167]}, "properties": {"slope_degrees": 2.02, "provenance": "INFERRED"}}, {"type": "Feature", "geometry": {"type": "Point", "coordinates": [72.75, 19.135]}, "properties": {"slope_degrees": 0.0, "provenance": "INFERRED"}}, {"type": "Feature", "geometry": {"type": "Point", "coordinates": [72.756111, 19.135]}, "properties": {"slope_degrees": 0.0, "provenance": "INFERRED"}}, {"type": "Feature", "geometry": {"type": "Point", "coordinates": [72.762222, 19.135]}, "properties": {"slope_degrees": 0.0, "provenance": "INFERRED"}}, {"type": "Feature", "geometry": {"type": "Point", "coordinates": [72.768333, 19.135]}, "properties": {"slope_degrees": 0.0, "provenance": "INFERRED"}}, {"type": "Feature", "geometry": {"type": "Point", "coordinates": [72.774444, 19.135]}, "properties": {"slope_degrees": 0.0, "provenance": "INFERRED"}}, {"type": "Feature", "geometry": {"type": "Point", "coordinates": [72.780556, 19.135]}, "properties": {"slope_degrees": 0.02, "provenance": "INFERRED"}}, {"type": "Feature", "geometry": {"type": "Point", "coordinates": [72.786667, 19.135]}, "properties": {"slope_degrees": 0.0, "provenance": "INFERRED"}}, {"type": "Feature", "geometry": {"type": "Point", "coordinates": [72.792778, 19.135]}, "properties": {"slope_degrees": 5.4, "provenance": "INFERRED"}}, {"type": "Feature", "geometry": {"type": "Point", "coordinates": [72.798889, 19.135]}, "properties": {"slope_degrees": 0.0, "provenance": "INFERRED"}}, {"type": "Feature", "geometry": {"type": "Point", "coordinates": [72.805, 19.135]}, "properties": {"slope_degrees": 0.0, "provenance": "INFERRED"}}, {"type": "Feature", "geometry": {"type": "Point", "coordinates": [72.811111, 19.135]}, "properties": {"slope_degrees": 4.46, "provenance": "INFERRED"}}, {"type": "Feature", "geometry": {"type": "Point", "coordinates": [72.817222, 19.135]}, "properties": {"slope_degrees": 3.32, "provenance": "INFERRED"}}, {"type": "Feature", "geometry": {"type": "Point", "coordinates": [72.823333, 19.135]}, "properties": {"slope_degrees": 7.73, "provenance": "INFERRED"}}, {"type": "Feature", "geometry": {"type": "Point", "coordinates": [72.829444, 19.135]}, "properties": {"slope_degrees": 0.64, "provenance": "INFERRED"}}, {"type": "Feature", "geometry": {"type": "Point", "coordinates": [72.835556, 19.135]}, "properties": {"slope_degrees": 0.41, "provenance": "INFERRED"}}, {"type": "Feature", "geometry": {"type": "Point", "coordinates": [72.841667, 19.135]}, "properties": {"slope_degrees": 1.38, "provenance": "INFERRED"}}, {"type": "Feature", "geometry": {"type": "Point", "coordinates": [72.847778, 19.135]}, "properties": {"slope_degrees": 4.68, "provenance": "INFERRED"}}, {"type": "Feature", "geometry": {"type": "Point", "coordinates": [72.853889, 19.135]}, "properties": {"slope_degrees": 4.22, "provenance": "INFERRED"}}, {"type": "Feature", "geometry": {"type": "Point", "coordinates": [72.86, 19.135]}, "properties": {"slope_degrees": 2.64, "provenance": "INFERRED"}}, {"type": "Feature", "geometry": {"type": "Point", "coordinates": [72.866111, 19.135]}, "properties": {"slope_degrees": 2.02, "provenance": "INFERRED"}}, {"type": "Feature", "geometry": {"type": "Point", "coordinates": [72.872222, 19.135]}, "properties": {"slope_degrees": 1.91, "provenance": "INFERRED"}}, {"type": "Feature", "geometry": {"type": "Point", "coordinates": [72.878333, 19.135]}, "properties": {"slope_degrees": 15.15, "provenance": "INFERRED"}}, {"type": "Feature", "geometry": {"type": "Point", "coordinates": [72.884444, 19.135]}, "properties": {"slope_degrees": 0.66, "provenance": "INFERRED"}}, {"type": "Feature", "geometry": {"type": "Point", "coordinates": [72.890556, 19.135]}, "properties": {"slope_degrees": 3.1, "provenance": "INFERRED"}}, {"type": "Feature", "geometry": {"type": "Point", "coordinates": [72.896667, 19.135]}, "properties": {"slope_degrees": 6.3, "provenance": "INFERRED"}}, {"type": "Feature", "geometry": {"type": "Point", "coordinates": [72.902778, 19.135]}, "properties": {"slope_degrees": 0.0, "provenance": "INFERRED"}}, {"type": "Feature", "geometry": {"type": "Point", "coordinates": [72.908889, 19.135]}, "properties": {"slope_degrees": 4.75, "provenance": "INFERRED"}}, {"type": "Feature", "geometry": {"type": "Point", "coordinates": [72.915, 19.135]}, "properties": {"slope_degrees": 6.07, "provenance": "INFERRED"}}, {"type": "Feature", "geometry": {"type": "Point", "coordinates": [72.921111, 19.135]}, "properties": {"slope_degrees": 5.55, "provenance": "INFERRED"}}, {"type": "Feature", "geometry": {"type": "Point", "coordinates": [72.927222, 19.135]}, "properties": {"slope_degrees": 2.42, "provenance": "INFERRED"}}, {"type": "Feature", "geometry": {"type": "Point", "coordinates": [72.933333, 19.135]}, "properties": {"slope_degrees": 7.47, "provenance": "INFERRED"}}, {"type": "Feature", "geometry": {"type": "Point", "coordinates": [72.939444, 19.135]}, "properties": {"slope_degrees": 2.03, "provenance": "INFERRED"}}, {"type": "Feature", "geometry": {"type": "Point", "coordinates": [72.945556, 19.135]}, "properties": {"slope_degrees": 0.78, "provenance": "INFERRED"}}, {"type": "Feature", "geometry": {"type": "Point", "coordinates": [72.951667, 19.135]}, "properties": {"slope_degrees": 0.81, "provenance": "INFERRED"}}, {"type": "Feature", "geometry": {"type": "Point", "coordinates": [72.957778, 19.135]}, "properties": {"slope_degrees": 0.94, "provenance": "INFERRED"}}, {"type": "Feature", "geometry": {"type": "Point", "coordinates": [72.963889, 19.135]}, "properties": {"slope_degrees": 1.31, "provenance": "INFERRED"}}, {"type": "Feature", "geometry": {"type": "Point", "coordinates": [72.97, 19.135]}, "properties": {"slope_degrees": 0.35, "provenance": "INFERRED"}}, {"type": "Feature", "geometry": {"type": "Point", "coordinates": [72.976111, 19.135]}, "properties": {"slope_degrees": 0.0, "provenance": "INFERRED"}}, {"type": "Feature", "geometry": {"type": "Point", "coordinates": [72.982222, 19.135]}, "properties": {"slope_degrees": 2.07, "provenance": "INFERRED"}}, {"type": "Feature", "geometry": {"type": "Point", "coordinates": [72.988333, 19.135]}, "properties": {"slope_degrees": 2.3, "provenance": "INFERRED"}}, {"type": "Feature", "geometry": {"type": "Point", "coordinates": [72.994444, 19.135]}, "properties": {"slope_degrees": 0.34, "provenance": "INFERRED"}}, {"type": "Feature", "geometry": {"type": "Point", "coordinates": [73.000556, 19.135]}, "properties": {"slope_degrees": 0.0, "provenance": "INFERRED"}}, {"type": "Feature", "geometry": {"type": "Point", "coordinates": [73.006667, 19.135]}, "properties": {"slope_degrees": 0.76, "provenance": "INFERRED"}}, {"type": "Feature", "geometry": {"type": "Point", "coordinates": [73.012778, 19.135]}, "properties": {"slope_degrees": 0.9, "provenance": "INFERRED"}}, {"type": "Feature", "geometry": {"type": "Point", "coordinates": [73.018889, 19.135]}, "properties": {"slope_degrees": 2.32, "provenance": "INFERRED"}}, {"type": "Feature", "geometry": {"type": "Point", "coordinates": [73.025, 19.135]}, "properties": {"slope_degrees": 25.72, "provenance": "INFERRED"}}, {"type": "Feature", "geometry": {"type": "Point", "coordinates": [73.031111, 19.135]}, "properties": {"slope_degrees": 32.83, "provenance": "INFERRED"}}, {"type": "Feature", "geometry": {"type": "Point", "coordinates": [73.037222, 19.135]}, "properties": {"slope_degrees": 25.7, "provenance": "INFERRED"}}, {"type": "Feature", "geometry": {"type": "Point", "coordinates": [73.043333, 19.135]}, "properties": {"slope_degrees": 4.38, "provenance": "INFERRED"}}, {"type": "Feature", "geometry": {"type": "Point", "coordinates": [73.049722, 19.135]}, "properties": {"slope_degrees": 7.29, "provenance": "INFERRED"}}, {"type": "Feature", "geometry": {"type": "Point", "coordinates": [72.75, 19.125833]}, "properties": {"slope_degrees": 0.0, "provenance": "INFERRED"}}, {"type": "Feature", "geometry": {"type": "Point", "coordinates": [72.756111, 19.125833]}, "properties": {"slope_degrees": 0.0, "provenance": "INFERRED"}}, {"type": "Feature", "geometry": {"type": "Point", "coordinates": [72.762222, 19.125833]}, "properties": {"slope_degrees": 0.0, "provenance": "INFERRED"}}, {"type": "Feature", "geometry": {"type": "Point", "coordinates": [72.768333, 19.125833]}, "properties": {"slope_degrees": 0.0, "provenance": "INFERRED"}}, {"type": "Feature", "geometry": {"type": "Point", "coordinates": [72.774444, 19.125833]}, "properties": {"slope_degrees": 0.0, "provenance": "INFERRED"}}, {"type": "Feature", "geometry": {"type": "Point", "coordinates": [72.780556, 19.125833]}, "properties": {"slope_degrees": 0.0, "provenance": "INFERRED"}}, {"type": "Feature", "geometry": {"type": "Point", "coordinates": [72.786667, 19.125833]}, "properties": {"slope_degrees": 0.0, "provenance": "INFERRED"}}, {"type": "Feature", "geometry": {"type": "Point", "coordinates": [72.792778, 19.125833]}, "properties": {"slope_degrees": 0.0, "provenance": "INFERRED"}}, {"type": "Feature", "geometry": {"type": "Point", "coordinates": [72.798889, 19.125833]}, "properties": {"slope_degrees": 0.0, "provenance": "INFERRED"}}, {"type": "Feature", "geometry": {"type": "Point", "coordinates": [72.805, 19.125833]}, "properties": {"slope_degrees": 0.0, "provenance": "INFERRED"}}, {"type": "Feature", "geometry": {"type": "Point", "coordinates": [72.811111, 19.125833]}, "properties": {"slope_degrees": 0.0, "provenance": "INFERRED"}}, {"type": "Feature", "geometry": {"type": "Point", "coordinates": [72.817222, 19.125833]}, "properties": {"slope_degrees": 2.49, "provenance": "INFERRED"}}, {"type": "Feature", "geometry": {"type": "Point", "coordinates": [72.823333, 19.125833]}, "properties": {"slope_degrees": 4.47, "provenance": "INFERRED"}}, {"type": "Feature", "geometry": {"type": "Point", "coordinates": [72.829444, 19.125833]}, "properties": {"slope_degrees": 0.0, "provenance": "INFERRED"}}, {"type": "Feature", "geometry": {"type": "Point", "coordinates": [72.835556, 19.125833]}, "properties": {"slope_degrees": 2.38, "provenance": "INFERRED"}}, {"type": "Feature", "geometry": {"type": "Point", "coordinates": [72.841667, 19.125833]}, "properties": {"slope_degrees": 3.25, "provenance": "INFERRED"}}, {"type": "Feature", "geometry": {"type": "Point", "coordinates": [72.847778, 19.125833]}, "properties": {"slope_degrees": 0.29, "provenance": "INFERRED"}}, {"type": "Feature", "geometry": {"type": "Point", "coordinates": [72.853889, 19.125833]}, "properties": {"slope_degrees": 4.6, "provenance": "INFERRED"}}, {"type": "Feature", "geometry": {"type": "Point", "coordinates": [72.86, 19.125833]}, "properties": {"slope_degrees": 2.59, "provenance": "INFERRED"}}, {"type": "Feature", "geometry": {"type": "Point", "coordinates": [72.866111, 19.125833]}, "properties": {"slope_degrees": 4.22, "provenance": "INFERRED"}}, {"type": "Feature", "geometry": {"type": "Point", "coordinates": [72.872222, 19.125833]}, "properties": {"slope_degrees": 7.15, "provenance": "INFERRED"}}, {"type": "Feature", "geometry": {"type": "Point", "coordinates": [72.878333, 19.125833]}, "properties": {"slope_degrees": 1.8, "provenance": "INFERRED"}}, {"type": "Feature", "geometry": {"type": "Point", "coordinates": [72.884444, 19.125833]}, "properties": {"slope_degrees": 3.14, "provenance": "INFERRED"}}, {"type": "Feature", "geometry": {"type": "Point", "coordinates": [72.890556, 19.125833]}, "properties": {"slope_degrees": 3.34, "provenance": "INFERRED"}}, {"type": "Feature", "geometry": {"type": "Point", "coordinates": [72.896667, 19.125833]}, "properties": {"slope_degrees": 0.0, "provenance": "INFERRED"}}, {"type": "Feature", "geometry": {"type": "Point", "coordinates": [72.902778, 19.125833]}, "properties": {"slope_degrees": 0.0, "provenance": "INFERRED"}}, {"type": "Feature", "geometry": {"type": "Point", "coordinates": [72.908889, 19.125833]}, "properties": {"slope_degrees": 2.68, "provenance": "INFERRED"}}, {"type": "Feature", "geometry": {"type": "Point", "coordinates": [72.915, 19.125833]}, "properties": {"slope_degrees": 3.96, "provenance": "INFERRED"}}, {"type": "Feature", "geometry": {"type": "Point", "coordinates": [72.921111, 19.125833]}, "properties": {"slope_degrees": 6.94, "provenance": "INFERRED"}}, {"type": "Feature", "geometry": {"type": "Point", "coordinates": [72.927222, 19.125833]}, "properties": {"slope_degrees": 0.68, "provenance": "INFERRED"}}, {"type": "Feature", "geometry": {"type": "Point", "coordinates": [72.933333, 19.125833]}, "properties": {"slope_degrees": 0.46, "provenance": "INFERRED"}}, {"type": "Feature", "geometry": {"type": "Point", "coordinates": [72.939444, 19.125833]}, "properties": {"slope_degrees": 0.36, "provenance": "INFERRED"}}, {"type": "Feature", "geometry": {"type": "Point", "coordinates": [72.945556, 19.125833]}, "properties": {"slope_degrees": 4.96, "provenance": "INFERRED"}}, {"type": "Feature", "geometry": {"type": "Point", "coordinates": [72.951667, 19.125833]}, "properties": {"slope_degrees": 0.0, "provenance": "INFERRED"}}, {"type": "Feature", "geometry": {"type": "Point", "coordinates": [72.957778, 19.125833]}, "properties": {"slope_degrees": 0.0, "provenance": "INFERRED"}}, {"type": "Feature", "geometry": {"type": "Point", "coordinates": [72.963889, 19.125833]}, "properties": {"slope_degrees": 0.67, "provenance": "INFERRED"}}, {"type": "Feature", "geometry": {"type": "Point", "coordinates": [72.97, 19.125833]}, "properties": {"slope_degrees": 0.0, "provenance": "INFERRED"}}, {"type": "Feature", "geometry": {"type": "Point", "coordinates": [72.976111, 19.125833]}, "properties": {"slope_degrees": 0.0, "provenance": "INFERRED"}}, {"type": "Feature", "geometry": {"type": "Point", "coordinates": [72.982222, 19.125833]}, "properties": {"slope_degrees": 0.21, "provenance": "INFERRED"}}, {"type": "Feature", "geometry": {"type": "Point", "coordinates": [72.988333, 19.125833]}, "properties": {"slope_degrees": 0.81, "provenance": "INFERRED"}}, {"type": "Feature", "geometry": {"type": "Point", "coordinates": [72.994444, 19.125833]}, "properties": {"slope_degrees": 4.44, "provenance": "INFERRED"}}, {"type": "Feature", "geometry": {"type": "Point", "coordinates": [73.000556, 19.125833]}, "properties": {"slope_degrees": 2.03, "provenance": "INFERRED"}}, {"type": "Feature", "geometry": {"type": "Point", "coordinates": [73.006667, 19.125833]}, "properties": {"slope_degrees": 1.28, "provenance": "INFERRED"}}, {"type": "Feature", "geometry": {"type": "Point", "coordinates": [73.012778, 19.125833]}, "properties": {"slope_degrees": 0.36, "provenance": "INFERRED"}}, {"type": "Feature", "geometry": {"type": "Point", "coordinates": [73.018889, 19.125833]}, "properties": {"slope_degrees": 13.42, "provenance": "INFERRED"}}, {"type": "Feature", "geometry": {"type": "Point", "coordinates": [73.025, 19.125833]}, "properties": {"slope_degrees": 35.01, "provenance": "INFERRED"}}, {"type": "Feature", "geometry": {"type": "Point", "coordinates": [73.031111, 19.125833]}, "properties": {"slope_degrees": 15.08, "provenance": "INFERRED"}}, {"type": "Feature", "geometry": {"type": "Point", "coordinates": [73.037222, 19.125833]}, "properties": {"slope_degrees": 5.73, "provenance": "INFERRED"}}, {"type": "Feature", "geometry": {"type": "Point", "coordinates": [73.043333, 19.125833]}, "properties": {"slope_degrees": 9.16, "provenance": "INFERRED"}}, {"type": "Feature", "geometry": {"type": "Point", "coordinates": [73.049722, 19.125833]}, "properties": {"slope_degrees": 5.4, "provenance": "INFERRED"}}, {"type": "Feature", "geometry": {"type": "Point", "coordinates": [72.75, 19.116667]}, "properties": {"slope_degrees": 0.0, "provenance": "INFERRED"}}, {"type": "Feature", "geometry": {"type": "Point", "coordinates": [72.756111, 19.116667]}, "properties": {"slope_degrees": 0.0, "provenance": "INFERRED"}}, {"type": "Feature", "geometry": {"type": "Point", "coordinates": [72.762222, 19.116667]}, "properties": {"slope_degrees": 0.0, "provenance": "INFERRED"}}, {"type": "Feature", "geometry": {"type": "Point", "coordinates": [72.768333, 19.116667]}, "properties": {"slope_degrees": 0.0, "provenance": "INFERRED"}}, {"type": "Feature", "geometry": {"type": "Point", "coordinates": [72.774444, 19.116667]}, "properties": {"slope_degrees": 0.0, "provenance": "INFERRED"}}, {"type": "Feature", "geometry": {"type": "Point", "coordinates": [72.780556, 19.116667]}, "properties": {"slope_degrees": 0.0, "provenance": "INFERRED"}}, {"type": "Feature", "geometry": {"type": "Point", "coordinates": [72.786667, 19.116667]}, "properties": {"slope_degrees": 0.0, "provenance": "INFERRED"}}, {"type": "Feature", "geometry": {"type": "Point", "coordinates": [72.792778, 19.116667]}, "properties": {"slope_degrees": 0.0, "provenance": "INFERRED"}}, {"type": "Feature", "geometry": {"type": "Point", "coordinates": [72.798889, 19.116667]}, "properties": {"slope_degrees": 0.0, "provenance": "INFERRED"}}, {"type": "Feature", "geometry": {"type": "Point", "coordinates": [72.805, 19.116667]}, "properties": {"slope_degrees": 0.0, "provenance": "INFERRED"}}, {"type": "Feature", "geometry": {"type": "Point", "coordinates": [72.811111, 19.116667]}, "properties": {"slope_degrees": 0.0, "provenance": "INFERRED"}}, {"type": "Feature", "geometry": {"type": "Point", "coordinates": [72.817222, 19.116667]}, "properties": {"slope_degrees": 0.0, "provenance": "INFERRED"}}, {"type": "Feature", "geometry": {"type": "Point", "coordinates": [72.823333, 19.116667]}, "properties": {"slope_degrees": 1.3, "provenance": "INFERRED"}}, {"type": "Feature", "geometry": {"type": "Point", "coordinates": [72.829444, 19.116667]}, "properties": {"slope_degrees": 8.13, "provenance": "INFERRED"}}, {"type": "Feature", "geometry": {"type": "Point", "coordinates": [72.835556, 19.116667]}, "properties": {"slope_degrees": 2.85, "provenance": "INFERRED"}}, {"type": "Feature", "geometry": {"type": "Point", "coordinates": [72.841667, 19.116667]}, "properties": {"slope_degrees": 5.48, "provenance": "INFERRED"}}, {"type": "Feature", "geometry": {"type": "Point", "coordinates": [72.847778, 19.116667]}, "properties": {"slope_degrees": 3.42, "provenance": "INFERRED"}}, {"type": "Feature", "geometry": {"type": "Point", "coordinates": [72.853889, 19.116667]}, "properties": {"slope_degrees": 0.0, "provenance": "INFERRED"}}, {"type": "Feature", "geometry": {"type": "Point", "coordinates": [72.86, 19.116667]}, "properties": {"slope_degrees": 8.33, "provenance": "INFERRED"}}, {"type": "Feature", "geometry": {"type": "Point", "coordinates": [72.866111, 19.116667]}, "properties": {"slope_degrees": 1.2, "provenance": "INFERRED"}}, {"type": "Feature", "geometry": {"type": "Point", "coordinates": [72.872222, 19.116667]}, "properties": {"slope_degrees": 0.95, "provenance": "INFERRED"}}, {"type": "Feature", "geometry": {"type": "Point", "coordinates": [72.878333, 19.116667]}, "properties": {"slope_degrees": 3.05, "provenance": "INFERRED"}}, {"type": "Feature", "geometry": {"type": "Point", "coordinates": [72.884444, 19.116667]}, "properties": {"slope_degrees": 3.26, "provenance": "INFERRED"}}, {"type": "Feature", "geometry": {"type": "Point", "coordinates": [72.890556, 19.116667]}, "properties": {"slope_degrees": 5.5, "provenance": "INFERRED"}}, {"type": "Feature", "geometry": {"type": "Point", "coordinates": [72.896667, 19.116667]}, "properties": {"slope_degrees": 0.0, "provenance": "INFERRED"}}, {"type": "Feature", "geometry": {"type": "Point", "coordinates": [72.902778, 19.116667]}, "properties": {"slope_degrees": 4.78, "provenance": "INFERRED"}}, {"type": "Feature", "geometry": {"type": "Point", "coordinates": [72.908889, 19.116667]}, "properties": {"slope_degrees": 7.43, "provenance": "INFERRED"}}, {"type": "Feature", "geometry": {"type": "Point", "coordinates": [72.915, 19.116667]}, "properties": {"slope_degrees": 25.99, "provenance": "INFERRED"}}, {"type": "Feature", "geometry": {"type": "Point", "coordinates": [72.921111, 19.116667]}, "properties": {"slope_degrees": 7.13, "provenance": "INFERRED"}}, {"type": "Feature", "geometry": {"type": "Point", "coordinates": [72.927222, 19.116667]}, "properties": {"slope_degrees": 5.27, "provenance": "INFERRED"}}, {"type": "Feature", "geometry": {"type": "Point", "coordinates": [72.933333, 19.116667]}, "properties": {"slope_degrees": 4.49, "provenance": "INFERRED"}}, {"type": "Feature", "geometry": {"type": "Point", "coordinates": [72.939444, 19.116667]}, "properties": {"slope_degrees": 1.45, "provenance": "INFERRED"}}, {"type": "Feature", "geometry": {"type": "Point", "coordinates": [72.945556, 19.116667]}, "properties": {"slope_degrees": 0.0, "provenance": "INFERRED"}}, {"type": "Feature", "geometry": {"type": "Point", "coordinates": [72.951667, 19.116667]}, "properties": {"slope_degrees": 1.4, "provenance": "INFERRED"}}, {"type": "Feature", "geometry": {"type": "Point", "coordinates": [72.957778, 19.116667]}, "properties": {"slope_degrees": 1.22, "provenance": "INFERRED"}}, {"type": "Feature", "geometry": {"type": "Point", "coordinates": [72.963889, 19.116667]}, "properties": {"slope_degrees": 4.61, "provenance": "INFERRED"}}, {"type": "Feature", "geometry": {"type": "Point", "coordinates": [72.97, 19.116667]}, "properties": {"slope_degrees": 0.0, "provenance": "INFERRED"}}, {"type": "Feature", "geometry": {"type": "Point", "coordinates": [72.976111, 19.116667]}, "properties": {"slope_degrees": 0.0, "provenance": "INFERRED"}}, {"type": "Feature", "geometry": {"type": "Point", "coordinates": [72.982222, 19.116667]}, "properties": {"slope_degrees": 0.0, "provenance": "INFERRED"}}, {"type": "Feature", "geometry": {"type": "Point", "coordinates": [72.988333, 19.116667]}, "properties": {"slope_degrees": 0.37, "provenance": "INFERRED"}}, {"type": "Feature", "geometry": {"type": "Point", "coordinates": [72.994444, 19.116667]}, "properties": {"slope_degrees": 0.66, "provenance": "INFERRED"}}, {"type": "Feature", "geometry": {"type": "Point", "coordinates": [73.000556, 19.116667]}, "properties": {"slope_degrees": 0.41, "provenance": "INFERRED"}}, {"type": "Feature", "geometry": {"type": "Point", "coordinates": [73.006667, 19.116667]}, "properties": {"slope_degrees": 1.96, "provenance": "INFERRED"}}, {"type": "Feature", "geometry": {"type": "Point", "coordinates": [73.012778, 19.116667]}, "properties": {"slope_degrees": 1.82, "provenance": "INFERRED"}}, {"type": "Feature", "geometry": {"type": "Point", "coordinates": [73.018889, 19.116667]}, "properties": {"slope_degrees": 0.98, "provenance": "INFERRED"}}, {"type": "Feature", "geometry": {"type": "Point", "coordinates": [73.025, 19.116667]}, "properties": {"slope_degrees": 5.7, "provenance": "INFERRED"}}, {"type": "Feature", "geometry": {"type": "Point", "coordinates": [73.031111, 19.116667]}, "properties": {"slope_degrees": 4.23, "provenance": "INFERRED"}}, {"type": "Feature", "geometry": {"type": "Point", "coordinates": [73.037222, 19.116667]}, "properties": {"slope_degrees": 7.3, "provenance": "INFERRED"}}, {"type": "Feature", "geometry": {"type": "Point", "coordinates": [73.043333, 19.116667]}, "properties": {"slope_degrees": 1.17, "provenance": "INFERRED"}}, {"type": "Feature", "geometry": {"type": "Point", "coordinates": [73.049722, 19.116667]}, "properties": {"slope_degrees": 26.34, "provenance": "INFERRED"}}, {"type": "Feature", "geometry": {"type": "Point", "coordinates": [72.75, 19.1075]}, "properties": {"slope_degrees": 0.0, "provenance": "INFERRED"}}, {"type": "Feature", "geometry": {"type": "Point", "coordinates": [72.756111, 19.1075]}, "properties": {"slope_degrees": 0.0, "provenance": "INFERRED"}}, {"type": "Feature", "geometry": {"type": "Point", "coordinates": [72.762222, 19.1075]}, "properties": {"slope_degrees": 0.0, "provenance": "INFERRED"}}, {"type": "Feature", "geometry": {"type": "Point", "coordinates": [72.768333, 19.1075]}, "properties": {"slope_degrees": 0.0, "provenance": "INFERRED"}}, {"type": "Feature", "geometry": {"type": "Point", "coordinates": [72.774444, 19.1075]}, "properties": {"slope_degrees": 0.0, "provenance": "INFERRED"}}, {"type": "Feature", "geometry": {"type": "Point", "coordinates": [72.780556, 19.1075]}, "properties": {"slope_degrees": 0.0, "provenance": "INFERRED"}}, {"type": "Feature", "geometry": {"type": "Point", "coordinates": [72.786667, 19.1075]}, "properties": {"slope_degrees": 0.0, "provenance": "INFERRED"}}, {"type": "Feature", "geometry": {"type": "Point", "coordinates": [72.792778, 19.1075]}, "properties": {"slope_degrees": 0.0, "provenance": "INFERRED"}}, {"type": "Feature", "geometry": {"type": "Point", "coordinates": [72.798889, 19.1075]}, "properties": {"slope_degrees": 0.0, "provenance": "INFERRED"}}, {"type": "Feature", "geometry": {"type": "Point", "coordinates": [72.805, 19.1075]}, "properties": {"slope_degrees": 0.0, "provenance": "INFERRED"}}, {"type": "Feature", "geometry": {"type": "Point", "coordinates": [72.811111, 19.1075]}, "properties": {"slope_degrees": 0.0, "provenance": "INFERRED"}}, {"type": "Feature", "geometry": {"type": "Point", "coordinates": [72.817222, 19.1075]}, "properties": {"slope_degrees": 0.0, "provenance": "INFERRED"}}, {"type": "Feature", "geometry": {"type": "Point", "coordinates": [72.823333, 19.1075]}, "properties": {"slope_degrees": 0.0, "provenance": "INFERRED"}}, {"type": "Feature", "geometry": {"type": "Point", "coordinates": [72.829444, 19.1075]}, "properties": {"slope_degrees": 2.14, "provenance": "INFERRED"}}, {"type": "Feature", "geometry": {"type": "Point", "coordinates": [72.835556, 19.1075]}, "properties": {"slope_degrees": 5.4, "provenance": "INFERRED"}}, {"type": "Feature", "geometry": {"type": "Point", "coordinates": [72.841667, 19.1075]}, "properties": {"slope_degrees": 8.15, "provenance": "INFERRED"}}, {"type": "Feature", "geometry": {"type": "Point", "coordinates": [72.847778, 19.1075]}, "properties": {"slope_degrees": 3.89, "provenance": "INFERRED"}}, {"type": "Feature", "geometry": {"type": "Point", "coordinates": [72.853889, 19.1075]}, "properties": {"slope_degrees": 3.68, "provenance": "INFERRED"}}, {"type": "Feature", "geometry": {"type": "Point", "coordinates": [72.86, 19.1075]}, "properties": {"slope_degrees": 2.95, "provenance": "INFERRED"}}, {"type": "Feature", "geometry": {"type": "Point", "coordinates": [72.866111, 19.1075]}, "properties": {"slope_degrees": 4.11, "provenance": "INFERRED"}}, {"type": "Feature", "geometry": {"type": "Point", "coordinates": [72.872222, 19.1075]}, "properties": {"slope_degrees": 4.07, "provenance": "INFERRED"}}, {"type": "Feature", "geometry": {"type": "Point", "coordinates": [72.878333, 19.1075]}, "properties": {"slope_degrees": 1.28, "provenance": "INFERRED"}}, {"type": "Feature", "geometry": {"type": "Point", "coordinates": [72.884444, 19.1075]}, "properties": {"slope_degrees": 4.52, "provenance": "INFERRED"}}, {"type": "Feature", "geometry": {"type": "Point", "coordinates": [72.890556, 19.1075]}, "properties": {"slope_degrees": 4.37, "provenance": "INFERRED"}}, {"type": "Feature", "geometry": {"type": "Point", "coordinates": [72.896667, 19.1075]}, "properties": {"slope_degrees": 4.29, "provenance": "INFERRED"}}, {"type": "Feature", "geometry": {"type": "Point", "coordinates": [72.902778, 19.1075]}, "properties": {"slope_degrees": 5.86, "provenance": "INFERRED"}}, {"type": "Feature", "geometry": {"type": "Point", "coordinates": [72.908889, 19.1075]}, "properties": {"slope_degrees": 9.59, "provenance": "INFERRED"}}, {"type": "Feature", "geometry": {"type": "Point", "coordinates": [72.915, 19.1075]}, "properties": {"slope_degrees": 7.76, "provenance": "INFERRED"}}, {"type": "Feature", "geometry": {"type": "Point", "coordinates": [72.921111, 19.1075]}, "properties": {"slope_degrees": 5.9, "provenance": "INFERRED"}}, {"type": "Feature", "geometry": {"type": "Point", "coordinates": [72.927222, 19.1075]}, "properties": {"slope_degrees": 12.53, "provenance": "INFERRED"}}, {"type": "Feature", "geometry": {"type": "Point", "coordinates": [72.933333, 19.1075]}, "properties": {"slope_degrees": 4.72, "provenance": "INFERRED"}}, {"type": "Feature", "geometry": {"type": "Point", "coordinates": [72.939444, 19.1075]}, "properties": {"slope_degrees": 0.84, "provenance": "INFERRED"}}, {"type": "Feature", "geometry": {"type": "Point", "coordinates": [72.945556, 19.1075]}, "properties": {"slope_degrees": 1.05, "provenance": "INFERRED"}}, {"type": "Feature", "geometry": {"type": "Point", "coordinates": [72.951667, 19.1075]}, "properties": {"slope_degrees": 7.9, "provenance": "INFERRED"}}, {"type": "Feature", "geometry": {"type": "Point", "coordinates": [72.957778, 19.1075]}, "properties": {"slope_degrees": 0.49, "provenance": "INFERRED"}}, {"type": "Feature", "geometry": {"type": "Point", "coordinates": [72.963889, 19.1075]}, "properties": {"slope_degrees": 0.0, "provenance": "INFERRED"}}, {"type": "Feature", "geometry": {"type": "Point", "coordinates": [72.97, 19.1075]}, "properties": {"slope_degrees": 0.0, "provenance": "INFERRED"}}, {"type": "Feature", "geometry": {"type": "Point", "coordinates": [72.976111, 19.1075]}, "properties": {"slope_degrees": 0.0, "provenance": "INFERRED"}}, {"type": "Feature", "geometry": {"type": "Point", "coordinates": [72.982222, 19.1075]}, "properties": {"slope_degrees": 0.0, "provenance": "INFERRED"}}, {"type": "Feature", "geometry": {"type": "Point", "coordinates": [72.988333, 19.1075]}, "properties": {"slope_degrees": 0.0, "provenance": "INFERRED"}}, {"type": "Feature", "geometry": {"type": "Point", "coordinates": [72.994444, 19.1075]}, "properties": {"slope_degrees": 0.28, "provenance": "INFERRED"}}, {"type": "Feature", "geometry": {"type": "Point", "coordinates": [73.000556, 19.1075]}, "properties": {"slope_degrees": 7.05, "provenance": "INFERRED"}}, {"type": "Feature", "geometry": {"type": "Point", "coordinates": [73.006667, 19.1075]}, "properties": {"slope_degrees": 2.06, "provenance": "INFERRED"}}, {"type": "Feature", "geometry": {"type": "Point", "coordinates": [73.012778, 19.1075]}, "properties": {"slope_degrees": 2.33, "provenance": "INFERRED"}}, {"type": "Feature", "geometry": {"type": "Point", "coordinates": [73.018889, 19.1075]}, "properties": {"slope_degrees": 7.64, "provenance": "INFERRED"}}, {"type": "Feature", "geometry": {"type": "Point", "coordinates": [73.025, 19.1075]}, "properties": {"slope_degrees": 1.91, "provenance": "INFERRED"}}, {"type": "Feature", "geometry": {"type": "Point", "coordinates": [73.031111, 19.1075]}, "properties": {"slope_degrees": 5.79, "provenance": "INFERRED"}}, {"type": "Feature", "geometry": {"type": "Point", "coordinates": [73.037222, 19.1075]}, "properties": {"slope_degrees": 1.48, "provenance": "INFERRED"}}, {"type": "Feature", "geometry": {"type": "Point", "coordinates": [73.043333, 19.1075]}, "properties": {"slope_degrees": 5.77, "provenance": "INFERRED"}}, {"type": "Feature", "geometry": {"type": "Point", "coordinates": [73.049722, 19.1075]}, "properties": {"slope_degrees": 33.68, "provenance": "INFERRED"}}, {"type": "Feature", "geometry": {"type": "Point", "coordinates": [72.75, 19.098333]}, "properties": {"slope_degrees": 0.0, "provenance": "INFERRED"}}, {"type": "Feature", "geometry": {"type": "Point", "coordinates": [72.756111, 19.098333]}, "properties": {"slope_degrees": 0.0, "provenance": "INFERRED"}}, {"type": "Feature", "geometry": {"type": "Point", "coordinates": [72.762222, 19.098333]}, "properties": {"slope_degrees": 0.0, "provenance": "INFERRED"}}, {"type": "Feature", "geometry": {"type": "Point", "coordinates": [72.768333, 19.098333]}, "properties": {"slope_degrees": 0.0, "provenance": "INFERRED"}}, {"type": "Feature", "geometry": {"type": "Point", "coordinates": [72.774444, 19.098333]}, "properties": {"slope_degrees": 0.0, "provenance": "INFERRED"}}, {"type": "Feature", "geometry": {"type": "Point", "coordinates": [72.780556, 19.098333]}, "properties": {"slope_degrees": 0.0, "provenance": "INFERRED"}}, {"type": "Feature", "geometry": {"type": "Point", "coordinates": [72.786667, 19.098333]}, "properties": {"slope_degrees": 0.0, "provenance": "INFERRED"}}, {"type": "Feature", "geometry": {"type": "Point", "coordinates": [72.792778, 19.098333]}, "properties": {"slope_degrees": 0.0, "provenance": "INFERRED"}}, {"type": "Feature", "geometry": {"type": "Point", "coordinates": [72.798889, 19.098333]}, "properties": {"slope_degrees": 0.0, "provenance": "INFERRED"}}, {"type": "Feature", "geometry": {"type": "Point", "coordinates": [72.805, 19.098333]}, "properties": {"slope_degrees": 0.0, "provenance": "INFERRED"}}, {"type": "Feature", "geometry": {"type": "Point", "coordinates": [72.811111, 19.098333]}, "properties": {"slope_degrees": 0.0, "provenance": "INFERRED"}}, {"type": "Feature", "geometry": {"type": "Point", "coordinates": [72.817222, 19.098333]}, "properties": {"slope_degrees": 0.0, "provenance": "INFERRED"}}, {"type": "Feature", "geometry": {"type": "Point", "coordinates": [72.823333, 19.098333]}, "properties": {"slope_degrees": 0.0, "provenance": "INFERRED"}}, {"type": "Feature", "geometry": {"type": "Point", "coordinates": [72.829444, 19.098333]}, "properties": {"slope_degrees": 0.0, "provenance": "INFERRED"}}, {"type": "Feature", "geometry": {"type": "Point", "coordinates": [72.835556, 19.098333]}, "properties": {"slope_degrees": 0.0, "provenance": "INFERRED"}}, {"type": "Feature", "geometry": {"type": "Point", "coordinates": [72.841667, 19.098333]}, "properties": {"slope_degrees": 3.01, "provenance": "INFERRED"}}, {"type": "Feature", "geometry": {"type": "Point", "coordinates": [72.847778, 19.098333]}, "properties": {"slope_degrees": 2.15, "provenance": "INFERRED"}}, {"type": "Feature", "geometry": {"type": "Point", "coordinates": [72.853889, 19.098333]}, "properties": {"slope_degrees": 0.3, "provenance": "INFERRED"}}, {"type": "Feature", "geometry": {"type": "Point", "coordinates": [72.86, 19.098333]}, "properties": {"slope_degrees": 0.03, "provenance": "INFERRED"}}, {"type": "Feature", "geometry": {"type": "Point", "coordinates": [72.866111, 19.098333]}, "properties": {"slope_degrees": 2.92, "provenance": "INFERRED"}}, {"type": "Feature", "geometry": {"type": "Point", "coordinates": [72.872222, 19.098333]}, "properties": {"slope_degrees": 1.89, "provenance": "INFERRED"}}, {"type": "Feature", "geometry": {"type": "Point", "coordinates": [72.878333, 19.098333]}, "properties": {"slope_degrees": 0.0, "provenance": "INFERRED"}}, {"type": "Feature", "geometry": {"type": "Point", "coordinates": [72.884444, 19.098333]}, "properties": {"slope_degrees": 6.21, "provenance": "INFERRED"}}, {"type": "Feature", "geometry": {"type": "Point", "coordinates": [72.890556, 19.098333]}, "properties": {"slope_degrees": 1.56, "provenance": "INFERRED"}}, {"type": "Feature", "geometry": {"type": "Point", "coordinates": [72.896667, 19.098333]}, "properties": {"slope_degrees": 0.35, "provenance": "INFERRED"}}, {"type": "Feature", "geometry": {"type": "Point", "coordinates": [72.902778, 19.098333]}, "properties": {"slope_degrees": 5.07, "provenance": "INFERRED"}}, {"type": "Feature", "geometry": {"type": "Point", "coordinates": [72.908889, 19.098333]}, "properties": {"slope_degrees": 2.1, "provenance": "INFERRED"}}, {"type": "Feature", "geometry": {"type": "Point", "coordinates": [72.915, 19.098333]}, "properties": {"slope_degrees": 3.48, "provenance": "INFERRED"}}, {"type": "Feature", "geometry": {"type": "Point", "coordinates": [72.921111, 19.098333]}, "properties": {"slope_degrees": 7.9, "provenance": "INFERRED"}}, {"type": "Feature", "geometry": {"type": "Point", "coordinates": [72.927222, 19.098333]}, "properties": {"slope_degrees": 1.91, "provenance": "INFERRED"}}, {"type": "Feature", "geometry": {"type": "Point", "coordinates": [72.933333, 19.098333]}, "properties": {"slope_degrees": 1.54, "provenance": "INFERRED"}}, {"type": "Feature", "geometry": {"type": "Point", "coordinates": [72.939444, 19.098333]}, "properties": {"slope_degrees": 2.26, "provenance": "INFERRED"}}, {"type": "Feature", "geometry": {"type": "Point", "coordinates": [72.945556, 19.098333]}, "properties": {"slope_degrees": 2.9, "provenance": "INFERRED"}}, {"type": "Feature", "geometry": {"type": "Point", "coordinates": [72.951667, 19.098333]}, "properties": {"slope_degrees": 0.41, "provenance": "INFERRED"}}, {"type": "Feature", "geometry": {"type": "Point", "coordinates": [72.957778, 19.098333]}, "properties": {"slope_degrees": 4.61, "provenance": "INFERRED"}}, {"type": "Feature", "geometry": {"type": "Point", "coordinates": [72.963889, 19.098333]}, "properties": {"slope_degrees": 0.0, "provenance": "INFERRED"}}, {"type": "Feature", "geometry": {"type": "Point", "coordinates": [72.97, 19.098333]}, "properties": {"slope_degrees": 0.0, "provenance": "INFERRED"}}, {"type": "Feature", "geometry": {"type": "Point", "coordinates": [72.976111, 19.098333]}, "properties": {"slope_degrees": 0.0, "provenance": "INFERRED"}}, {"type": "Feature", "geometry": {"type": "Point", "coordinates": [72.982222, 19.098333]}, "properties": {"slope_degrees": 0.0, "provenance": "INFERRED"}}, {"type": "Feature", "geometry": {"type": "Point", "coordinates": [72.988333, 19.098333]}, "properties": {"slope_degrees": 0.0, "provenance": "INFERRED"}}, {"type": "Feature", "geometry": {"type": "Point", "coordinates": [72.994444, 19.098333]}, "properties": {"slope_degrees": 0.29, "provenance": "INFERRED"}}, {"type": "Feature", "geometry": {"type": "Point", "coordinates": [73.000556, 19.098333]}, "properties": {"slope_degrees": 2.64, "provenance": "INFERRED"}}, {"type": "Feature", "geometry": {"type": "Point", "coordinates": [73.006667, 19.098333]}, "properties": {"slope_degrees": 0.3, "provenance": "INFERRED"}}, {"type": "Feature", "geometry": {"type": "Point", "coordinates": [73.012778, 19.098333]}, "properties": {"slope_degrees": 6.76, "provenance": "INFERRED"}}, {"type": "Feature", "geometry": {"type": "Point", "coordinates": [73.018889, 19.098333]}, "properties": {"slope_degrees": 3.93, "provenance": "INFERRED"}}, {"type": "Feature", "geometry": {"type": "Point", "coordinates": [73.025, 19.098333]}, "properties": {"slope_degrees": 7.74, "provenance": "INFERRED"}}, {"type": "Feature", "geometry": {"type": "Point", "coordinates": [73.031111, 19.098333]}, "properties": {"slope_degrees": 4.0, "provenance": "INFERRED"}}, {"type": "Feature", "geometry": {"type": "Point", "coordinates": [73.037222, 19.098333]}, "properties": {"slope_degrees": 15.26, "provenance": "INFERRED"}}, {"type": "Feature", "geometry": {"type": "Point", "coordinates": [73.043333, 19.098333]}, "properties": {"slope_degrees": 33.06, "provenance": "INFERRED"}}, {"type": "Feature", "geometry": {"type": "Point", "coordinates": [73.049722, 19.098333]}, "properties": {"slope_degrees": 28.19, "provenance": "INFERRED"}}, {"type": "Feature", "geometry": {"type": "Point", "coordinates": [72.75, 19.089167]}, "properties": {"slope_degrees": 0.0, "provenance": "INFERRED"}}, {"type": "Feature", "geometry": {"type": "Point", "coordinates": [72.756111, 19.089167]}, "properties": {"slope_degrees": 0.0, "provenance": "INFERRED"}}, {"type": "Feature", "geometry": {"type": "Point", "coordinates": [72.762222, 19.089167]}, "properties": {"slope_degrees": 0.0, "provenance": "INFERRED"}}, {"type": "Feature", "geometry": {"type": "Point", "coordinates": [72.768333, 19.089167]}, "properties": {"slope_degrees": 0.0, "provenance": "INFERRED"}}, {"type": "Feature", "geometry": {"type": "Point", "coordinates": [72.774444, 19.089167]}, "properties": {"slope_degrees": 0.0, "provenance": "INFERRED"}}, {"type": "Feature", "geometry": {"type": "Point", "coordinates": [72.780556, 19.089167]}, "properties": {"slope_degrees": 0.0, "provenance": "INFERRED"}}, {"type": "Feature", "geometry": {"type": "Point", "coordinates": [72.786667, 19.089167]}, "properties": {"slope_degrees": 0.0, "provenance": "INFERRED"}}, {"type": "Feature", "geometry": {"type": "Point", "coordinates": [72.792778, 19.089167]}, "properties": {"slope_degrees": 0.0, "provenance": "INFERRED"}}, {"type": "Feature", "geometry": {"type": "Point", "coordinates": [72.798889, 19.089167]}, "properties": {"slope_degrees": 0.0, "provenance": "INFERRED"}}, {"type": "Feature", "geometry": {"type": "Point", "coordinates": [72.805, 19.089167]}, "properties": {"slope_degrees": 0.0, "provenance": "INFERRED"}}, {"type": "Feature", "geometry": {"type": "Point", "coordinates": [72.811111, 19.089167]}, "properties": {"slope_degrees": 0.0, "provenance": "INFERRED"}}, {"type": "Feature", "geometry": {"type": "Point", "coordinates": [72.817222, 19.089167]}, "properties": {"slope_degrees": 0.0, "provenance": "INFERRED"}}, {"type": "Feature", "geometry": {"type": "Point", "coordinates": [72.823333, 19.089167]}, "properties": {"slope_degrees": 0.0, "provenance": "INFERRED"}}, {"type": "Feature", "geometry": {"type": "Point", "coordinates": [72.829444, 19.089167]}, "properties": {"slope_degrees": 3.05, "provenance": "INFERRED"}}, {"type": "Feature", "geometry": {"type": "Point", "coordinates": [72.835556, 19.089167]}, "properties": {"slope_degrees": 4.85, "provenance": "INFERRED"}}, {"type": "Feature", "geometry": {"type": "Point", "coordinates": [72.841667, 19.089167]}, "properties": {"slope_degrees": 1.41, "provenance": "INFERRED"}}, {"type": "Feature", "geometry": {"type": "Point", "coordinates": [72.847778, 19.089167]}, "properties": {"slope_degrees": 0.0, "provenance": "INFERRED"}}, {"type": "Feature", "geometry": {"type": "Point", "coordinates": [72.853889, 19.089167]}, "properties": {"slope_degrees": 0.0, "provenance": "INFERRED"}}, {"type": "Feature", "geometry": {"type": "Point", "coordinates": [72.86, 19.089167]}, "properties": {"slope_degrees": 0.55, "provenance": "INFERRED"}}, {"type": "Feature", "geometry": {"type": "Point", "coordinates": [72.866111, 19.089167]}, "properties": {"slope_degrees": 0.42, "provenance": "INFERRED"}}, {"type": "Feature", "geometry": {"type": "Point", "coordinates": [72.872222, 19.089167]}, "properties": {"slope_degrees": 0.18, "provenance": "INFERRED"}}, {"type": "Feature", "geometry": {"type": "Point", "coordinates": [72.878333, 19.089167]}, "properties": {"slope_degrees": 0.4, "provenance": "INFERRED"}}, {"type": "Feature", "geometry": {"type": "Point", "coordinates": [72.884444, 19.089167]}, "properties": {"slope_degrees": 1.2, "provenance": "INFERRED"}}, {"type": "Feature", "geometry": {"type": "Point", "coordinates": [72.890556, 19.089167]}, "properties": {"slope_degrees": 2.53, "provenance": "INFERRED"}}, {"type": "Feature", "geometry": {"type": "Point", "coordinates": [72.896667, 19.089167]}, "properties": {"slope_degrees": 1.22, "provenance": "INFERRED"}}, {"type": "Feature", "geometry": {"type": "Point", "coordinates": [72.902778, 19.089167]}, "properties": {"slope_degrees": 2.46, "provenance": "INFERRED"}}, {"type": "Feature", "geometry": {"type": "Point", "coordinates": [72.908889, 19.089167]}, "properties": {"slope_degrees": 1.92, "provenance": "INFERRED"}}, {"type": "Feature", "geometry": {"type": "Point", "coordinates": [72.915, 19.089167]}, "properties": {"slope_degrees": 2.81, "provenance": "INFERRED"}}, {"type": "Feature", "geometry": {"type": "Point", "coordinates": [72.921111, 19.089167]}, "properties": {"slope_degrees": 0.0, "provenance": "INFERRED"}}, {"type": "Feature", "geometry": {"type": "Point", "coordinates": [72.927222, 19.089167]}, "properties": {"slope_degrees": 3.28, "provenance": "INFERRED"}}, {"type": "Feature", "geometry": {"type": "Point", "coordinates": [72.933333, 19.089167]}, "properties": {"slope_degrees": 0.0, "provenance": "INFERRED"}}, {"type": "Feature", "geometry": {"type": "Point", "coordinates": [72.939444, 19.089167]}, "properties": {"slope_degrees": 0.0, "provenance": "INFERRED"}}, {"type": "Feature", "geometry": {"type": "Point", "coordinates": [72.945556, 19.089167]}, "properties": {"slope_degrees": 0.0, "provenance": "INFERRED"}}, {"type": "Feature", "geometry": {"type": "Point", "coordinates": [72.951667, 19.089167]}, "properties": {"slope_degrees": 0.28, "provenance": "INFERRED"}}, {"type": "Feature", "geometry": {"type": "Point", "coordinates": [72.957778, 19.089167]}, "properties": {"slope_degrees": 0.0, "provenance": "INFERRED"}}, {"type": "Feature", "geometry": {"type": "Point", "coordinates": [72.963889, 19.089167]}, "properties": {"slope_degrees": 0.0, "provenance": "INFERRED"}}, {"type": "Feature", "geometry": {"type": "Point", "coordinates": [72.97, 19.089167]}, "properties": {"slope_degrees": 0.0, "provenance": "INFERRED"}}, {"type": "Feature", "geometry": {"type": "Point", "coordinates": [72.976111, 19.089167]}, "properties": {"slope_degrees": 0.0, "provenance": "INFERRED"}}, {"type": "Feature", "geometry": {"type": "Point", "coordinates": [72.982222, 19.089167]}, "properties": {"slope_degrees": 0.0, "provenance": "INFERRED"}}, {"type": "Feature", "geometry": {"type": "Point", "coordinates": [72.988333, 19.089167]}, "properties": {"slope_degrees": 0.67, "provenance": "INFERRED"}}, {"type": "Feature", "geometry": {"type": "Point", "coordinates": [72.994444, 19.089167]}, "properties": {"slope_degrees": 3.39, "provenance": "INFERRED"}}, {"type": "Feature", "geometry": {"type": "Point", "coordinates": [73.000556, 19.089167]}, "properties": {"slope_degrees": 3.72, "provenance": "INFERRED"}}, {"type": "Feature", "geometry": {"type": "Point", "coordinates": [73.006667, 19.089167]}, "properties": {"slope_degrees": 2.45, "provenance": "INFERRED"}}, {"type": "Feature", "geometry": {"type": "Point", "coordinates": [73.012778, 19.089167]}, "properties": {"slope_degrees": 4.08, "provenance": "INFERRED"}}, {"type": "Feature", "geometry": {"type": "Point", "coordinates": [73.018889, 19.089167]}, "properties": {"slope_degrees": 1.14, "provenance": "INFERRED"}}, {"type": "Feature", "geometry": {"type": "Point", "coordinates": [73.025, 19.089167]}, "properties": {"slope_degrees": 1.39, "provenance": "INFERRED"}}, {"type": "Feature", "geometry": {"type": "Point", "coordinates": [73.031111, 19.089167]}, "properties": {"slope_degrees": 5.12, "provenance": "INFERRED"}}, {"type": "Feature", "geometry": {"type": "Point", "coordinates": [73.037222, 19.089167]}, "properties": {"slope_degrees": 3.18, "provenance": "INFERRED"}}, {"type": "Feature", "geometry": {"type": "Point", "coordinates": [73.043333, 19.089167]}, "properties": {"slope_degrees": 16.96, "provenance": "INFERRED"}}, {"type": "Feature", "geometry": {"type": "Point", "coordinates": [73.049722, 19.089167]}, "properties": {"slope_degrees": 22.51, "provenance": "INFERRED"}}, {"type": "Feature", "geometry": {"type": "Point", "coordinates": [72.75, 19.08]}, "properties": {"slope_degrees": 0.0, "provenance": "INFERRED"}}, {"type": "Feature", "geometry": {"type": "Point", "coordinates": [72.756111, 19.08]}, "properties": {"slope_degrees": 0.0, "provenance": "INFERRED"}}, {"type": "Feature", "geometry": {"type": "Point", "coordinates": [72.762222, 19.08]}, "properties": {"slope_degrees": 0.0, "provenance": "INFERRED"}}, {"type": "Feature", "geometry": {"type": "Point", "coordinates": [72.768333, 19.08]}, "properties": {"slope_degrees": 0.0, "provenance": "INFERRED"}}, {"type": "Feature", "geometry": {"type": "Point", "coordinates": [72.774444, 19.08]}, "properties": {"slope_degrees": 0.0, "provenance": "INFERRED"}}, {"type": "Feature", "geometry": {"type": "Point", "coordinates": [72.780556, 19.08]}, "properties": {"slope_degrees": 0.0, "provenance": "INFERRED"}}, {"type": "Feature", "geometry": {"type": "Point", "coordinates": [72.786667, 19.08]}, "properties": {"slope_degrees": 0.0, "provenance": "INFERRED"}}, {"type": "Feature", "geometry": {"type": "Point", "coordinates": [72.792778, 19.08]}, "properties": {"slope_degrees": 0.0, "provenance": "INFERRED"}}, {"type": "Feature", "geometry": {"type": "Point", "coordinates": [72.798889, 19.08]}, "properties": {"slope_degrees": 0.0, "provenance": "INFERRED"}}, {"type": "Feature", "geometry": {"type": "Point", "coordinates": [72.805, 19.08]}, "properties": {"slope_degrees": 0.0, "provenance": "INFERRED"}}, {"type": "Feature", "geometry": {"type": "Point", "coordinates": [72.811111, 19.08]}, "properties": {"slope_degrees": 0.0, "provenance": "INFERRED"}}, {"type": "Feature", "geometry": {"type": "Point", "coordinates": [72.817222, 19.08]}, "properties": {"slope_degrees": 0.0, "provenance": "INFERRED"}}, {"type": "Feature", "geometry": {"type": "Point", "coordinates": [72.823333, 19.08]}, "properties": {"slope_degrees": 0.0, "provenance": "INFERRED"}}, {"type": "Feature", "geometry": {"type": "Point", "coordinates": [72.829444, 19.08]}, "properties": {"slope_degrees": 1.45, "provenance": "INFERRED"}}, {"type": "Feature", "geometry": {"type": "Point", "coordinates": [72.835556, 19.08]}, "properties": {"slope_degrees": 6.13, "provenance": "INFERRED"}}, {"type": "Feature", "geometry": {"type": "Point", "coordinates": [72.841667, 19.08]}, "properties": {"slope_degrees": 6.43, "provenance": "INFERRED"}}, {"type": "Feature", "geometry": {"type": "Point", "coordinates": [72.847778, 19.08]}, "properties": {"slope_degrees": 1.69, "provenance": "INFERRED"}}, {"type": "Feature", "geometry": {"type": "Point", "coordinates": [72.853889, 19.08]}, "properties": {"slope_degrees": 1.0, "provenance": "INFERRED"}}, {"type": "Feature", "geometry": {"type": "Point", "coordinates": [72.86, 19.08]}, "properties": {"slope_degrees": 15.95, "provenance": "INFERRED"}}, {"type": "Feature", "geometry": {"type": "Point", "coordinates": [72.866111, 19.08]}, "properties": {"slope_degrees": 0.2, "provenance": "INFERRED"}}, {"type": "Feature", "geometry": {"type": "Point", "coordinates": [72.872222, 19.08]}, "properties": {"slope_degrees": 1.53, "provenance": "INFERRED"}}, {"type": "Feature", "geometry": {"type": "Point", "coordinates": [72.878333, 19.08]}, "properties": {"slope_degrees": 5.56, "provenance": "INFERRED"}}, {"type": "Feature", "geometry": {"type": "Point", "coordinates": [72.884444, 19.08]}, "properties": {"slope_degrees": 4.82, "provenance": "INFERRED"}}, {"type": "Feature", "geometry": {"type": "Point", "coordinates": [72.890556, 19.08]}, "properties": {"slope_degrees": 4.41, "provenance": "INFERRED"}}, {"type": "Feature", "geometry": {"type": "Point", "coordinates": [72.896667, 19.08]}, "properties": {"slope_degrees": 5.12, "provenance": "INFERRED"}}, {"type": "Feature", "geometry": {"type": "Point", "coordinates": [72.902778, 19.08]}, "properties": {"slope_degrees": 1.96, "provenance": "INFERRED"}}, {"type": "Feature", "geometry": {"type": "Point", "coordinates": [72.908889, 19.08]}, "properties": {"slope_degrees": 1.0, "provenance": "INFERRED"}}, {"type": "Feature", "geometry": {"type": "Point", "coordinates": [72.915, 19.08]}, "properties": {"slope_degrees": 3.49, "provenance": "INFERRED"}}, {"type": "Feature", "geometry": {"type": "Point", "coordinates": [72.921111, 19.08]}, "properties": {"slope_degrees": 1.72, "provenance": "INFERRED"}}, {"type": "Feature", "geometry": {"type": "Point", "coordinates": [72.927222, 19.08]}, "properties": {"slope_degrees": 1.78, "provenance": "INFERRED"}}, {"type": "Feature", "geometry": {"type": "Point", "coordinates": [72.933333, 19.08]}, "properties": {"slope_degrees": 0.46, "provenance": "INFERRED"}}, {"type": "Feature", "geometry": {"type": "Point", "coordinates": [72.939444, 19.08]}, "properties": {"slope_degrees": 0.42, "provenance": "INFERRED"}}, {"type": "Feature", "geometry": {"type": "Point", "coordinates": [72.945556, 19.08]}, "properties": {"slope_degrees": 2.47, "provenance": "INFERRED"}}, {"type": "Feature", "geometry": {"type": "Point", "coordinates": [72.951667, 19.08]}, "properties": {"slope_degrees": 0.45, "provenance": "INFERRED"}}, {"type": "Feature", "geometry": {"type": "Point", "coordinates": [72.957778, 19.08]}, "properties": {"slope_degrees": 0.0, "provenance": "INFERRED"}}, {"type": "Feature", "geometry": {"type": "Point", "coordinates": [72.963889, 19.08]}, "properties": {"slope_degrees": 0.0, "provenance": "INFERRED"}}, {"type": "Feature", "geometry": {"type": "Point", "coordinates": [72.97, 19.08]}, "properties": {"slope_degrees": 0.0, "provenance": "INFERRED"}}, {"type": "Feature", "geometry": {"type": "Point", "coordinates": [72.976111, 19.08]}, "properties": {"slope_degrees": 0.0, "provenance": "INFERRED"}}, {"type": "Feature", "geometry": {"type": "Point", "coordinates": [72.982222, 19.08]}, "properties": {"slope_degrees": 0.0, "provenance": "INFERRED"}}, {"type": "Feature", "geometry": {"type": "Point", "coordinates": [72.988333, 19.08]}, "properties": {"slope_degrees": 4.28, "provenance": "INFERRED"}}, {"type": "Feature", "geometry": {"type": "Point", "coordinates": [72.994444, 19.08]}, "properties": {"slope_degrees": 5.3, "provenance": "INFERRED"}}, {"type": "Feature", "geometry": {"type": "Point", "coordinates": [73.000556, 19.08]}, "properties": {"slope_degrees": 1.27, "provenance": "INFERRED"}}, {"type": "Feature", "geometry": {"type": "Point", "coordinates": [73.006667, 19.08]}, "properties": {"slope_degrees": 0.58, "provenance": "INFERRED"}}, {"type": "Feature", "geometry": {"type": "Point", "coordinates": [73.012778, 19.08]}, "properties": {"slope_degrees": 0.0, "provenance": "INFERRED"}}, {"type": "Feature", "geometry": {"type": "Point", "coordinates": [73.018889, 19.08]}, "properties": {"slope_degrees": 2.39, "provenance": "INFERRED"}}, {"type": "Feature", "geometry": {"type": "Point", "coordinates": [73.025, 19.08]}, "properties": {"slope_degrees": 1.72, "provenance": "INFERRED"}}, {"type": "Feature", "geometry": {"type": "Point", "coordinates": [73.031111, 19.08]}, "properties": {"slope_degrees": 10.11, "provenance": "INFERRED"}}, {"type": "Feature", "geometry": {"type": "Point", "coordinates": [73.037222, 19.08]}, "properties": {"slope_degrees": 26.5, "provenance": "INFERRED"}}, {"type": "Feature", "geometry": {"type": "Point", "coordinates": [73.043333, 19.08]}, "properties": {"slope_degrees": 11.01, "provenance": "INFERRED"}}, {"type": "Feature", "geometry": {"type": "Point", "coordinates": [73.049722, 19.08]}, "properties": {"slope_degrees": 27.05, "provenance": "INFERRED"}}, {"type": "Feature", "geometry": {"type": "Point", "coordinates": [72.75, 19.070556]}, "properties": {"slope_degrees": 0.0, "provenance": "INFERRED"}}, {"type": "Feature", "geometry": {"type": "Point", "coordinates": [72.756111, 19.070556]}, "properties": {"slope_degrees": 0.0, "provenance": "INFERRED"}}, {"type": "Feature", "geometry": {"type": "Point", "coordinates": [72.762222, 19.070556]}, "properties": {"slope_degrees": 0.0, "provenance": "INFERRED"}}, {"type": "Feature", "geometry": {"type": "Point", "coordinates": [72.768333, 19.070556]}, "properties": {"slope_degrees": 0.0, "provenance": "INFERRED"}}, {"type": "Feature", "geometry": {"type": "Point", "coordinates": [72.774444, 19.070556]}, "properties": {"slope_degrees": 0.0, "provenance": "INFERRED"}}, {"type": "Feature", "geometry": {"type": "Point", "coordinates": [72.780556, 19.070556]}, "properties": {"slope_degrees": 0.0, "provenance": "INFERRED"}}, {"type": "Feature", "geometry": {"type": "Point", "coordinates": [72.786667, 19.070556]}, "properties": {"slope_degrees": 0.0, "provenance": "INFERRED"}}, {"type": "Feature", "geometry": {"type": "Point", "coordinates": [72.792778, 19.070556]}, "properties": {"slope_degrees": 0.0, "provenance": "INFERRED"}}, {"type": "Feature", "geometry": {"type": "Point", "coordinates": [72.798889, 19.070556]}, "properties": {"slope_degrees": 0.0, "provenance": "INFERRED"}}, {"type": "Feature", "geometry": {"type": "Point", "coordinates": [72.805, 19.070556]}, "properties": {"slope_degrees": 0.0, "provenance": "INFERRED"}}, {"type": "Feature", "geometry": {"type": "Point", "coordinates": [72.811111, 19.070556]}, "properties": {"slope_degrees": 0.0, "provenance": "INFERRED"}}, {"type": "Feature", "geometry": {"type": "Point", "coordinates": [72.817222, 19.070556]}, "properties": {"slope_degrees": 0.0, "provenance": "INFERRED"}}, {"type": "Feature", "geometry": {"type": "Point", "coordinates": [72.823333, 19.070556]}, "properties": {"slope_degrees": 0.49, "provenance": "INFERRED"}}, {"type": "Feature", "geometry": {"type": "Point", "coordinates": [72.829444, 19.070556]}, "properties": {"slope_degrees": 2.5, "provenance": "INFERRED"}}, {"type": "Feature", "geometry": {"type": "Point", "coordinates": [72.835556, 19.070556]}, "properties": {"slope_degrees": 4.74, "provenance": "INFERRED"}}, {"type": "Feature", "geometry": {"type": "Point", "coordinates": [72.841667, 19.070556]}, "properties": {"slope_degrees": 2.97, "provenance": "INFERRED"}}, {"type": "Feature", "geometry": {"type": "Point", "coordinates": [72.847778, 19.070556]}, "properties": {"slope_degrees": 4.5, "provenance": "INFERRED"}}, {"type": "Feature", "geometry": {"type": "Point", "coordinates": [72.853889, 19.070556]}, "properties": {"slope_degrees": 0.27, "provenance": "INFERRED"}}, {"type": "Feature", "geometry": {"type": "Point", "coordinates": [72.86, 19.070556]}, "properties": {"slope_degrees": 3.76, "provenance": "INFERRED"}}, {"type": "Feature", "geometry": {"type": "Point", "coordinates": [72.866111, 19.070556]}, "properties": {"slope_degrees": 0.08, "provenance": "INFERRED"}}, {"type": "Feature", "geometry": {"type": "Point", "coordinates": [72.872222, 19.070556]}, "properties": {"slope_degrees": 4.97, "provenance": "INFERRED"}}, {"type": "Feature", "geometry": {"type": "Point", "coordinates": [72.878333, 19.070556]}, "properties": {"slope_degrees": 3.3, "provenance": "INFERRED"}}, {"type": "Feature", "geometry": {"type": "Point", "coordinates": [72.884444, 19.070556]}, "properties": {"slope_degrees": 2.32, "provenance": "INFERRED"}}, {"type": "Feature", "geometry": {"type": "Point", "coordinates": [72.890556, 19.070556]}, "properties": {"slope_degrees": 1.25, "provenance": "INFERRED"}}, {"type": "Feature", "geometry": {"type": "Point", "coordinates": [72.896667, 19.070556]}, "properties": {"slope_degrees": 2.31, "provenance": "INFERRED"}}, {"type": "Feature", "geometry": {"type": "Point", "coordinates": [72.902778, 19.070556]}, "properties": {"slope_degrees": 2.54, "provenance": "INFERRED"}}, {"type": "Feature", "geometry": {"type": "Point", "coordinates": [72.908889, 19.070556]}, "properties": {"slope_degrees": 3.87, "provenance": "INFERRED"}}, {"type": "Feature", "geometry": {"type": "Point", "coordinates": [72.915, 19.070556]}, "properties": {"slope_degrees": 3.72, "provenance": "INFERRED"}}, {"type": "Feature", "geometry": {"type": "Point", "coordinates": [72.921111, 19.070556]}, "properties": {"slope_degrees": 0.63, "provenance": "INFERRED"}}, {"type": "Feature", "geometry": {"type": "Point", "coordinates": [72.927222, 19.070556]}, "properties": {"slope_degrees": 3.28, "provenance": "INFERRED"}}, {"type": "Feature", "geometry": {"type": "Point", "coordinates": [72.933333, 19.070556]}, "properties": {"slope_degrees": 2.04, "provenance": "INFERRED"}}, {"type": "Feature", "geometry": {"type": "Point", "coordinates": [72.939444, 19.070556]}, "properties": {"slope_degrees": 0.45, "provenance": "INFERRED"}}, {"type": "Feature", "geometry": {"type": "Point", "coordinates": [72.945556, 19.070556]}, "properties": {"slope_degrees": 0.0, "provenance": "INFERRED"}}, {"type": "Feature", "geometry": {"type": "Point", "coordinates": [72.951667, 19.070556]}, "properties": {"slope_degrees": 1.2, "provenance": "INFERRED"}}, {"type": "Feature", "geometry": {"type": "Point", "coordinates": [72.957778, 19.070556]}, "properties": {"slope_degrees": 0.79, "provenance": "INFERRED"}}, {"type": "Feature", "geometry": {"type": "Point", "coordinates": [72.963889, 19.070556]}, "properties": {"slope_degrees": 0.0, "provenance": "INFERRED"}}, {"type": "Feature", "geometry": {"type": "Point", "coordinates": [72.97, 19.070556]}, "properties": {"slope_degrees": 0.0, "provenance": "INFERRED"}}, {"type": "Feature", "geometry": {"type": "Point", "coordinates": [72.976111, 19.070556]}, "properties": {"slope_degrees": 0.0, "provenance": "INFERRED"}}, {"type": "Feature", "geometry": {"type": "Point", "coordinates": [72.982222, 19.070556]}, "properties": {"slope_degrees": 0.13, "provenance": "INFERRED"}}, {"type": "Feature", "geometry": {"type": "Point", "coordinates": [72.988333, 19.070556]}, "properties": {"slope_degrees": 0.15, "provenance": "INFERRED"}}, {"type": "Feature", "geometry": {"type": "Point", "coordinates": [72.994444, 19.070556]}, "properties": {"slope_degrees": 0.0, "provenance": "INFERRED"}}, {"type": "Feature", "geometry": {"type": "Point", "coordinates": [73.000556, 19.070556]}, "properties": {"slope_degrees": 2.05, "provenance": "INFERRED"}}, {"type": "Feature", "geometry": {"type": "Point", "coordinates": [73.006667, 19.070556]}, "properties": {"slope_degrees": 2.83, "provenance": "INFERRED"}}, {"type": "Feature", "geometry": {"type": "Point", "coordinates": [73.012778, 19.070556]}, "properties": {"slope_degrees": 0.01, "provenance": "INFERRED"}}, {"type": "Feature", "geometry": {"type": "Point", "coordinates": [73.018889, 19.070556]}, "properties": {"slope_degrees": 1.62, "provenance": "INFERRED"}}, {"type": "Feature", "geometry": {"type": "Point", "coordinates": [73.025, 19.070556]}, "properties": {"slope_degrees": 4.73, "provenance": "INFERRED"}}, {"type": "Feature", "geometry": {"type": "Point", "coordinates": [73.031111, 19.070556]}, "properties": {"slope_degrees": 4.0, "provenance": "INFERRED"}}, {"type": "Feature", "geometry": {"type": "Point", "coordinates": [73.037222, 19.070556]}, "properties": {"slope_degrees": 22.17, "provenance": "INFERRED"}}, {"type": "Feature", "geometry": {"type": "Point", "coordinates": [73.043333, 19.070556]}, "properties": {"slope_degrees": 10.99, "provenance": "INFERRED"}}, {"type": "Feature", "geometry": {"type": "Point", "coordinates": [73.049722, 19.070556]}, "properties": {"slope_degrees": 27.63, "provenance": "INFERRED"}}, {"type": "Feature", "geometry": {"type": "Point", "coordinates": [72.75, 19.061389]}, "properties": {"slope_degrees": 0.0, "provenance": "INFERRED"}}, {"type": "Feature", "geometry": {"type": "Point", "coordinates": [72.756111, 19.061389]}, "properties": {"slope_degrees": 0.0, "provenance": "INFERRED"}}, {"type": "Feature", "geometry": {"type": "Point", "coordinates": [72.762222, 19.061389]}, "properties": {"slope_degrees": 0.0, "provenance": "INFERRED"}}, {"type": "Feature", "geometry": {"type": "Point", "coordinates": [72.768333, 19.061389]}, "properties": {"slope_degrees": 0.0, "provenance": "INFERRED"}}, {"type": "Feature", "geometry": {"type": "Point", "coordinates": [72.774444, 19.061389]}, "properties": {"slope_degrees": 0.0, "provenance": "INFERRED"}}, {"type": "Feature", "geometry": {"type": "Point", "coordinates": [72.780556, 19.061389]}, "properties": {"slope_degrees": 0.0, "provenance": "INFERRED"}}, {"type": "Feature", "geometry": {"type": "Point", "coordinates": [72.786667, 19.061389]}, "properties": {"slope_degrees": 0.0, "provenance": "INFERRED"}}, {"type": "Feature", "geometry": {"type": "Point", "coordinates": [72.792778, 19.061389]}, "properties": {"slope_degrees": 0.0, "provenance": "INFERRED"}}, {"type": "Feature", "geometry": {"type": "Point", "coordinates": [72.798889, 19.061389]}, "properties": {"slope_degrees": 0.0, "provenance": "INFERRED"}}, {"type": "Feature", "geometry": {"type": "Point", "coordinates": [72.805, 19.061389]}, "properties": {"slope_degrees": 0.0, "provenance": "INFERRED"}}, {"type": "Feature", "geometry": {"type": "Point", "coordinates": [72.811111, 19.061389]}, "properties": {"slope_degrees": 0.0, "provenance": "INFERRED"}}, {"type": "Feature", "geometry": {"type": "Point", "coordinates": [72.817222, 19.061389]}, "properties": {"slope_degrees": 0.0, "provenance": "INFERRED"}}, {"type": "Feature", "geometry": {"type": "Point", "coordinates": [72.823333, 19.061389]}, "properties": {"slope_degrees": 8.76, "provenance": "INFERRED"}}, {"type": "Feature", "geometry": {"type": "Point", "coordinates": [72.829444, 19.061389]}, "properties": {"slope_degrees": 2.02, "provenance": "INFERRED"}}, {"type": "Feature", "geometry": {"type": "Point", "coordinates": [72.835556, 19.061389]}, "properties": {"slope_degrees": 2.61, "provenance": "INFERRED"}}, {"type": "Feature", "geometry": {"type": "Point", "coordinates": [72.841667, 19.061389]}, "properties": {"slope_degrees": 1.29, "provenance": "INFERRED"}}, {"type": "Feature", "geometry": {"type": "Point", "coordinates": [72.847778, 19.061389]}, "properties": {"slope_degrees": 3.6, "provenance": "INFERRED"}}, {"type": "Feature", "geometry": {"type": "Point", "coordinates": [72.853889, 19.061389]}, "properties": {"slope_degrees": 2.84, "provenance": "INFERRED"}}, {"type": "Feature", "geometry": {"type": "Point", "coordinates": [72.86, 19.061389]}, "properties": {"slope_degrees": 6.42, "provenance": "INFERRED"}}, {"type": "Feature", "geometry": {"type": "Point", "coordinates": [72.866111, 19.061389]}, "properties": {"slope_degrees": 1.14, "provenance": "INFERRED"}}, {"type": "Feature", "geometry": {"type": "Point", "coordinates": [72.872222, 19.061389]}, "properties": {"slope_degrees": 3.43, "provenance": "INFERRED"}}, {"type": "Feature", "geometry": {"type": "Point", "coordinates": [72.878333, 19.061389]}, "properties": {"slope_degrees": 3.53, "provenance": "INFERRED"}}, {"type": "Feature", "geometry": {"type": "Point", "coordinates": [72.884444, 19.061389]}, "properties": {"slope_degrees": 1.89, "provenance": "INFERRED"}}, {"type": "Feature", "geometry": {"type": "Point", "coordinates": [72.890556, 19.061389]}, "properties": {"slope_degrees": 0.5, "provenance": "INFERRED"}}, {"type": "Feature", "geometry": {"type": "Point", "coordinates": [72.896667, 19.061389]}, "properties": {"slope_degrees": 5.13, "provenance": "INFERRED"}}, {"type": "Feature", "geometry": {"type": "Point", "coordinates": [72.902778, 19.061389]}, "properties": {"slope_degrees": 2.25, "provenance": "INFERRED"}}, {"type": "Feature", "geometry": {"type": "Point", "coordinates": [72.908889, 19.061389]}, "properties": {"slope_degrees": 9.39, "provenance": "INFERRED"}}, {"type": "Feature", "geometry": {"type": "Point", "coordinates": [72.915, 19.061389]}, "properties": {"slope_degrees": 0.0, "provenance": "INFERRED"}}, {"type": "Feature", "geometry": {"type": "Point", "coordinates": [72.921111, 19.061389]}, "properties": {"slope_degrees": 1.93, "provenance": "INFERRED"}}, {"type": "Feature", "geometry": {"type": "Point", "coordinates": [72.927222, 19.061389]}, "properties": {"slope_degrees": 0.96, "provenance": "INFERRED"}}, {"type": "Feature", "geometry": {"type": "Point", "coordinates": [72.933333, 19.061389]}, "properties": {"slope_degrees": 2.59, "provenance": "INFERRED"}}, {"type": "Feature", "geometry": {"type": "Point", "coordinates": [72.939444, 19.061389]}, "properties": {"slope_degrees": 1.09, "provenance": "INFERRED"}}, {"type": "Feature", "geometry": {"type": "Point", "coordinates": [72.945556, 19.061389]}, "properties": {"slope_degrees": 0.93, "provenance": "INFERRED"}}, {"type": "Feature", "geometry": {"type": "Point", "coordinates": [72.951667, 19.061389]}, "properties": {"slope_degrees": 1.01, "provenance": "INFERRED"}}, {"type": "Feature", "geometry": {"type": "Point", "coordinates": [72.957778, 19.061389]}, "properties": {"slope_degrees": 0.0, "provenance": "INFERRED"}}, {"type": "Feature", "geometry": {"type": "Point", "coordinates": [72.963889, 19.061389]}, "properties": {"slope_degrees": 0.0, "provenance": "INFERRED"}}, {"type": "Feature", "geometry": {"type": "Point", "coordinates": [72.97, 19.061389]}, "properties": {"slope_degrees": 0.0, "provenance": "INFERRED"}}, {"type": "Feature", "geometry": {"type": "Point", "coordinates": [72.976111, 19.061389]}, "properties": {"slope_degrees": 0.0, "provenance": "INFERRED"}}, {"type": "Feature", "geometry": {"type": "Point", "coordinates": [72.982222, 19.061389]}, "properties": {"slope_degrees": 0.0, "provenance": "INFERRED"}}, {"type": "Feature", "geometry": {"type": "Point", "coordinates": [72.988333, 19.061389]}, "properties": {"slope_degrees": 1.41, "provenance": "INFERRED"}}, {"type": "Feature", "geometry": {"type": "Point", "coordinates": [72.994444, 19.061389]}, "properties": {"slope_degrees": 0.91, "provenance": "INFERRED"}}, {"type": "Feature", "geometry": {"type": "Point", "coordinates": [73.000556, 19.061389]}, "properties": {"slope_degrees": 0.75, "provenance": "INFERRED"}}, {"type": "Feature", "geometry": {"type": "Point", "coordinates": [73.006667, 19.061389]}, "properties": {"slope_degrees": 1.0, "provenance": "INFERRED"}}, {"type": "Feature", "geometry": {"type": "Point", "coordinates": [73.012778, 19.061389]}, "properties": {"slope_degrees": 3.99, "provenance": "INFERRED"}}, {"type": "Feature", "geometry": {"type": "Point", "coordinates": [73.018889, 19.061389]}, "properties": {"slope_degrees": 0.0, "provenance": "INFERRED"}}, {"type": "Feature", "geometry": {"type": "Point", "coordinates": [73.025, 19.061389]}, "properties": {"slope_degrees": 2.12, "provenance": "INFERRED"}}, {"type": "Feature", "geometry": {"type": "Point", "coordinates": [73.031111, 19.061389]}, "properties": {"slope_degrees": 4.92, "provenance": "INFERRED"}}, {"type": "Feature", "geometry": {"type": "Point", "coordinates": [73.037222, 19.061389]}, "properties": {"slope_degrees": 22.14, "provenance": "INFERRED"}}, {"type": "Feature", "geometry": {"type": "Point", "coordinates": [73.043333, 19.061389]}, "properties": {"slope_degrees": 13.39, "provenance": "INFERRED"}}, {"type": "Feature", "geometry": {"type": "Point", "coordinates": [73.049722, 19.061389]}, "properties": {"slope_degrees": 8.36, "provenance": "INFERRED"}}, {"type": "Feature", "geometry": {"type": "Point", "coordinates": [72.75, 19.052222]}, "properties": {"slope_degrees": 0.0, "provenance": "INFERRED"}}, {"type": "Feature", "geometry": {"type": "Point", "coordinates": [72.756111, 19.052222]}, "properties": {"slope_degrees": 0.0, "provenance": "INFERRED"}}, {"type": "Feature", "geometry": {"type": "Point", "coordinates": [72.762222, 19.052222]}, "properties": {"slope_degrees": 0.0, "provenance": "INFERRED"}}, {"type": "Feature", "geometry": {"type": "Point", "coordinates": [72.768333, 19.052222]}, "properties": {"slope_degrees": 0.0, "provenance": "INFERRED"}}, {"type": "Feature", "geometry": {"type": "Point", "coordinates": [72.774444, 19.052222]}, "properties": {"slope_degrees": 0.0, "provenance": "INFERRED"}}, {"type": "Feature", "geometry": {"type": "Point", "coordinates": [72.780556, 19.052222]}, "properties": {"slope_degrees": 0.0, "provenance": "INFERRED"}}, {"type": "Feature", "geometry": {"type": "Point", "coordinates": [72.786667, 19.052222]}, "properties": {"slope_degrees": 0.0, "provenance": "INFERRED"}}, {"type": "Feature", "geometry": {"type": "Point", "coordinates": [72.792778, 19.052222]}, "properties": {"slope_degrees": 0.0, "provenance": "INFERRED"}}, {"type": "Feature", "geometry": {"type": "Point", "coordinates": [72.798889, 19.052222]}, "properties": {"slope_degrees": 0.0, "provenance": "INFERRED"}}, {"type": "Feature", "geometry": {"type": "Point", "coordinates": [72.805, 19.052222]}, "properties": {"slope_degrees": 0.0, "provenance": "INFERRED"}}, {"type": "Feature", "geometry": {"type": "Point", "coordinates": [72.811111, 19.052222]}, "properties": {"slope_degrees": 0.0, "provenance": "INFERRED"}}, {"type": "Feature", "geometry": {"type": "Point", "coordinates": [72.817222, 19.052222]}, "properties": {"slope_degrees": 0.0, "provenance": "INFERRED"}}, {"type": "Feature", "geometry": {"type": "Point", "coordinates": [72.823333, 19.052222]}, "properties": {"slope_degrees": 7.1, "provenance": "INFERRED"}}, {"type": "Feature", "geometry": {"type": "Point", "coordinates": [72.829444, 19.052222]}, "properties": {"slope_degrees": 1.09, "provenance": "INFERRED"}}, {"type": "Feature", "geometry": {"type": "Point", "coordinates": [72.835556, 19.052222]}, "properties": {"slope_degrees": 6.31, "provenance": "INFERRED"}}, {"type": "Feature", "geometry": {"type": "Point", "coordinates": [72.841667, 19.052222]}, "properties": {"slope_degrees": 0.49, "provenance": "INFERRED"}}, {"type": "Feature", "geometry": {"type": "Point", "coordinates": [72.847778, 19.052222]}, "properties": {"slope_degrees": 6.52, "provenance": "INFERRED"}}, {"type": "Feature", "geometry": {"type": "Point", "coordinates": [72.853889, 19.052222]}, "properties": {"slope_degrees": 1.27, "provenance": "INFERRED"}}, {"type": "Feature", "geometry": {"type": "Point", "coordinates": [72.86, 19.052222]}, "properties": {"slope_degrees": 4.19, "provenance": "INFERRED"}}, {"type": "Feature", "geometry": {"type": "Point", "coordinates": [72.866111, 19.052222]}, "properties": {"slope_degrees": 1.08, "provenance": "INFERRED"}}, {"type": "Feature", "geometry": {"type": "Point", "coordinates": [72.872222, 19.052222]}, "properties": {"slope_degrees": 3.27, "provenance": "INFERRED"}}, {"type": "Feature", "geometry": {"type": "Point", "coordinates": [72.878333, 19.052222]}, "properties": {"slope_degrees": 1.77, "provenance": "INFERRED"}}, {"type": "Feature", "geometry": {"type": "Point", "coordinates": [72.884444, 19.052222]}, "properties": {"slope_degrees": 0.97, "provenance": "INFERRED"}}, {"type": "Feature", "geometry": {"type": "Point", "coordinates": [72.890556, 19.052222]}, "properties": {"slope_degrees": 4.33, "provenance": "INFERRED"}}, {"type": "Feature", "geometry": {"type": "Point", "coordinates": [72.896667, 19.052222]}, "properties": {"slope_degrees": 1.75, "provenance": "INFERRED"}}, {"type": "Feature", "geometry": {"type": "Point", "coordinates": [72.902778, 19.052222]}, "properties": {"slope_degrees": 5.26, "provenance": "INFERRED"}}, {"type": "Feature", "geometry": {"type": "Point", "coordinates": [72.908889, 19.052222]}, "properties": {"slope_degrees": 0.03, "provenance": "INFERRED"}}, {"type": "Feature", "geometry": {"type": "Point", "coordinates": [72.915, 19.052222]}, "properties": {"slope_degrees": 1.54, "provenance": "INFERRED"}}, {"type": "Feature", "geometry": {"type": "Point", "coordinates": [72.921111, 19.052222]}, "properties": {"slope_degrees": 3.58, "provenance": "INFERRED"}}, {"type": "Feature", "geometry": {"type": "Point", "coordinates": [72.927222, 19.052222]}, "properties": {"slope_degrees": 3.27, "provenance": "INFERRED"}}, {"type": "Feature", "geometry": {"type": "Point", "coordinates": [72.933333, 19.052222]}, "properties": {"slope_degrees": 1.15, "provenance": "INFERRED"}}, {"type": "Feature", "geometry": {"type": "Point", "coordinates": [72.939444, 19.052222]}, "properties": {"slope_degrees": 1.01, "provenance": "INFERRED"}}, {"type": "Feature", "geometry": {"type": "Point", "coordinates": [72.945556, 19.052222]}, "properties": {"slope_degrees": 1.71, "provenance": "INFERRED"}}, {"type": "Feature", "geometry": {"type": "Point", "coordinates": [72.951667, 19.052222]}, "properties": {"slope_degrees": 0.0, "provenance": "INFERRED"}}, {"type": "Feature", "geometry": {"type": "Point", "coordinates": [72.957778, 19.052222]}, "properties": {"slope_degrees": 0.0, "provenance": "INFERRED"}}, {"type": "Feature", "geometry": {"type": "Point", "coordinates": [72.963889, 19.052222]}, "properties": {"slope_degrees": 0.0, "provenance": "INFERRED"}}, {"type": "Feature", "geometry": {"type": "Point", "coordinates": [72.97, 19.052222]}, "properties": {"slope_degrees": 0.0, "provenance": "INFERRED"}}, {"type": "Feature", "geometry": {"type": "Point", "coordinates": [72.976111, 19.052222]}, "properties": {"slope_degrees": 0.0, "provenance": "INFERRED"}}, {"type": "Feature", "geometry": {"type": "Point", "coordinates": [72.982222, 19.052222]}, "properties": {"slope_degrees": 0.0, "provenance": "INFERRED"}}, {"type": "Feature", "geometry": {"type": "Point", "coordinates": [72.988333, 19.052222]}, "properties": {"slope_degrees": 0.0, "provenance": "INFERRED"}}, {"type": "Feature", "geometry": {"type": "Point", "coordinates": [72.994444, 19.052222]}, "properties": {"slope_degrees": 0.0, "provenance": "INFERRED"}}, {"type": "Feature", "geometry": {"type": "Point", "coordinates": [73.000556, 19.052222]}, "properties": {"slope_degrees": 0.56, "provenance": "INFERRED"}}, {"type": "Feature", "geometry": {"type": "Point", "coordinates": [73.006667, 19.052222]}, "properties": {"slope_degrees": 0.0, "provenance": "INFERRED"}}, {"type": "Feature", "geometry": {"type": "Point", "coordinates": [73.012778, 19.052222]}, "properties": {"slope_degrees": 0.0, "provenance": "INFERRED"}}, {"type": "Feature", "geometry": {"type": "Point", "coordinates": [73.018889, 19.052222]}, "properties": {"slope_degrees": 2.33, "provenance": "INFERRED"}}, {"type": "Feature", "geometry": {"type": "Point", "coordinates": [73.025, 19.052222]}, "properties": {"slope_degrees": 0.28, "provenance": "INFERRED"}}, {"type": "Feature", "geometry": {"type": "Point", "coordinates": [73.031111, 19.052222]}, "properties": {"slope_degrees": 1.82, "provenance": "INFERRED"}}, {"type": "Feature", "geometry": {"type": "Point", "coordinates": [73.037222, 19.052222]}, "properties": {"slope_degrees": 7.15, "provenance": "INFERRED"}}, {"type": "Feature", "geometry": {"type": "Point", "coordinates": [73.043333, 19.052222]}, "properties": {"slope_degrees": 13.87, "provenance": "INFERRED"}}, {"type": "Feature", "geometry": {"type": "Point", "coordinates": [73.049722, 19.052222]}, "properties": {"slope_degrees": 6.0, "provenance": "INFERRED"}}, {"type": "Feature", "geometry": {"type": "Point", "coordinates": [72.75, 19.043056]}, "properties": {"slope_degrees": 0.0, "provenance": "INFERRED"}}, {"type": "Feature", "geometry": {"type": "Point", "coordinates": [72.756111, 19.043056]}, "properties": {"slope_degrees": 0.0, "provenance": "INFERRED"}}, {"type": "Feature", "geometry": {"type": "Point", "coordinates": [72.762222, 19.043056]}, "properties": {"slope_degrees": 0.0, "provenance": "INFERRED"}}, {"type": "Feature", "geometry": {"type": "Point", "coordinates": [72.768333, 19.043056]}, "properties": {"slope_degrees": 0.0, "provenance": "INFERRED"}}, {"type": "Feature", "geometry": {"type": "Point", "coordinates": [72.774444, 19.043056]}, "properties": {"slope_degrees": 0.0, "provenance": "INFERRED"}}, {"type": "Feature", "geometry": {"type": "Point", "coordinates": [72.780556, 19.043056]}, "properties": {"slope_degrees": 0.0, "provenance": "INFERRED"}}, {"type": "Feature", "geometry": {"type": "Point", "coordinates": [72.786667, 19.043056]}, "properties": {"slope_degrees": 0.0, "provenance": "INFERRED"}}, {"type": "Feature", "geometry": {"type": "Point", "coordinates": [72.792778, 19.043056]}, "properties": {"slope_degrees": 0.0, "provenance": "INFERRED"}}, {"type": "Feature", "geometry": {"type": "Point", "coordinates": [72.798889, 19.043056]}, "properties": {"slope_degrees": 0.0, "provenance": "INFERRED"}}, {"type": "Feature", "geometry": {"type": "Point", "coordinates": [72.805, 19.043056]}, "properties": {"slope_degrees": 0.0, "provenance": "INFERRED"}}, {"type": "Feature", "geometry": {"type": "Point", "coordinates": [72.811111, 19.043056]}, "properties": {"slope_degrees": 0.0, "provenance": "INFERRED"}}, {"type": "Feature", "geometry": {"type": "Point", "coordinates": [72.817222, 19.043056]}, "properties": {"slope_degrees": 2.19, "provenance": "INFERRED"}}, {"type": "Feature", "geometry": {"type": "Point", "coordinates": [72.823333, 19.043056]}, "properties": {"slope_degrees": 4.79, "provenance": "INFERRED"}}, {"type": "Feature", "geometry": {"type": "Point", "coordinates": [72.829444, 19.043056]}, "properties": {"slope_degrees": 0.0, "provenance": "INFERRED"}}, {"type": "Feature", "geometry": {"type": "Point", "coordinates": [72.835556, 19.043056]}, "properties": {"slope_degrees": 0.0, "provenance": "INFERRED"}}, {"type": "Feature", "geometry": {"type": "Point", "coordinates": [72.841667, 19.043056]}, "properties": {"slope_degrees": 1.35, "provenance": "INFERRED"}}, {"type": "Feature", "geometry": {"type": "Point", "coordinates": [72.847778, 19.043056]}, "properties": {"slope_degrees": 4.48, "provenance": "INFERRED"}}, {"type": "Feature", "geometry": {"type": "Point", "coordinates": [72.853889, 19.043056]}, "properties": {"slope_degrees": 1.55, "provenance": "INFERRED"}}, {"type": "Feature", "geometry": {"type": "Point", "coordinates": [72.86, 19.043056]}, "properties": {"slope_degrees": 0.0, "provenance": "INFERRED"}}, {"type": "Feature", "geometry": {"type": "Point", "coordinates": [72.866111, 19.043056]}, "properties": {"slope_degrees": 5.59, "provenance": "INFERRED"}}, {"type": "Feature", "geometry": {"type": "Point", "coordinates": [72.872222, 19.043056]}, "properties": {"slope_degrees": 7.37, "provenance": "INFERRED"}}, {"type": "Feature", "geometry": {"type": "Point", "coordinates": [72.878333, 19.043056]}, "properties": {"slope_degrees": 1.6, "provenance": "INFERRED"}}, {"type": "Feature", "geometry": {"type": "Point", "coordinates": [72.884444, 19.043056]}, "properties": {"slope_degrees": 4.85, "provenance": "INFERRED"}}, {"type": "Feature", "geometry": {"type": "Point", "coordinates": [72.890556, 19.043056]}, "properties": {"slope_degrees": 2.02, "provenance": "INFERRED"}}, {"type": "Feature", "geometry": {"type": "Point", "coordinates": [72.896667, 19.043056]}, "properties": {"slope_degrees": 5.12, "provenance": "INFERRED"}}, {"type": "Feature", "geometry": {"type": "Point", "coordinates": [72.902778, 19.043056]}, "properties": {"slope_degrees": 2.22, "provenance": "INFERRED"}}, {"type": "Feature", "geometry": {"type": "Point", "coordinates": [72.908889, 19.043056]}, "properties": {"slope_degrees": 1.88, "provenance": "INFERRED"}}, {"type": "Feature", "geometry": {"type": "Point", "coordinates": [72.915, 19.043056]}, "properties": {"slope_degrees": 3.85, "provenance": "INFERRED"}}, {"type": "Feature", "geometry": {"type": "Point", "coordinates": [72.921111, 19.043056]}, "properties": {"slope_degrees": 1.53, "provenance": "INFERRED"}}, {"type": "Feature", "geometry": {"type": "Point", "coordinates": [72.927222, 19.043056]}, "properties": {"slope_degrees": 1.53, "provenance": "INFERRED"}}, {"type": "Feature", "geometry": {"type": "Point", "coordinates": [72.933333, 19.043056]}, "properties": {"slope_degrees": 2.36, "provenance": "INFERRED"}}, {"type": "Feature", "geometry": {"type": "Point", "coordinates": [72.939444, 19.043056]}, "properties": {"slope_degrees": 0.0, "provenance": "INFERRED"}}, {"type": "Feature", "geometry": {"type": "Point", "coordinates": [72.945556, 19.043056]}, "properties": {"slope_degrees": 0.86, "provenance": "INFERRED"}}, {"type": "Feature", "geometry": {"type": "Point", "coordinates": [72.951667, 19.043056]}, "properties": {"slope_degrees": 0.0, "provenance": "INFERRED"}}, {"type": "Feature", "geometry": {"type": "Point", "coordinates": [72.957778, 19.043056]}, "properties": {"slope_degrees": 0.73, "provenance": "INFERRED"}}, {"type": "Feature", "geometry": {"type": "Point", "coordinates": [72.963889, 19.043056]}, "properties": {"slope_degrees": 0.0, "provenance": "INFERRED"}}, {"type": "Feature", "geometry": {"type": "Point", "coordinates": [72.97, 19.043056]}, "properties": {"slope_degrees": 0.0, "provenance": "INFERRED"}}, {"type": "Feature", "geometry": {"type": "Point", "coordinates": [72.976111, 19.043056]}, "properties": {"slope_degrees": 0.0, "provenance": "INFERRED"}}, {"type": "Feature", "geometry": {"type": "Point", "coordinates": [72.982222, 19.043056]}, "properties": {"slope_degrees": 0.0, "provenance": "INFERRED"}}, {"type": "Feature", "geometry": {"type": "Point", "coordinates": [72.988333, 19.043056]}, "properties": {"slope_degrees": 0.0, "provenance": "INFERRED"}}, {"type": "Feature", "geometry": {"type": "Point", "coordinates": [72.994444, 19.043056]}, "properties": {"slope_degrees": 0.0, "provenance": "INFERRED"}}, {"type": "Feature", "geometry": {"type": "Point", "coordinates": [73.000556, 19.043056]}, "properties": {"slope_degrees": 0.88, "provenance": "INFERRED"}}, {"type": "Feature", "geometry": {"type": "Point", "coordinates": [73.006667, 19.043056]}, "properties": {"slope_degrees": 0.0, "provenance": "INFERRED"}}, {"type": "Feature", "geometry": {"type": "Point", "coordinates": [73.012778, 19.043056]}, "properties": {"slope_degrees": 1.54, "provenance": "INFERRED"}}, {"type": "Feature", "geometry": {"type": "Point", "coordinates": [73.018889, 19.043056]}, "properties": {"slope_degrees": 4.07, "provenance": "INFERRED"}}, {"type": "Feature", "geometry": {"type": "Point", "coordinates": [73.025, 19.043056]}, "properties": {"slope_degrees": 3.97, "provenance": "INFERRED"}}, {"type": "Feature", "geometry": {"type": "Point", "coordinates": [73.031111, 19.043056]}, "properties": {"slope_degrees": 2.96, "provenance": "INFERRED"}}, {"type": "Feature", "geometry": {"type": "Point", "coordinates": [73.037222, 19.043056]}, "properties": {"slope_degrees": 20.52, "provenance": "INFERRED"}}, {"type": "Feature", "geometry": {"type": "Point", "coordinates": [73.043333, 19.043056]}, "properties": {"slope_degrees": 22.57, "provenance": "INFERRED"}}, {"type": "Feature", "geometry": {"type": "Point", "coordinates": [73.049722, 19.043056]}, "properties": {"slope_degrees": 1.81, "provenance": "INFERRED"}}, {"type": "Feature", "geometry": {"type": "Point", "coordinates": [72.75, 19.033889]}, "properties": {"slope_degrees": 0.0, "provenance": "INFERRED"}}, {"type": "Feature", "geometry": {"type": "Point", "coordinates": [72.756111, 19.033889]}, "properties": {"slope_degrees": 0.0, "provenance": "INFERRED"}}, {"type": "Feature", "geometry": {"type": "Point", "coordinates": [72.762222, 19.033889]}, "properties": {"slope_degrees": 0.0, "provenance": "INFERRED"}}, {"type": "Feature", "geometry": {"type": "Point", "coordinates": [72.768333, 19.033889]}, "properties": {"slope_degrees": 0.0, "provenance": "INFERRED"}}, {"type": "Feature", "geometry": {"type": "Point", "coordinates": [72.774444, 19.033889]}, "properties": {"slope_degrees": 0.0, "provenance": "INFERRED"}}, {"type": "Feature", "geometry": {"type": "Point", "coordinates": [72.780556, 19.033889]}, "properties": {"slope_degrees": 0.0, "provenance": "INFERRED"}}, {"type": "Feature", "geometry": {"type": "Point", "coordinates": [72.786667, 19.033889]}, "properties": {"slope_degrees": 0.0, "provenance": "INFERRED"}}, {"type": "Feature", "geometry": {"type": "Point", "coordinates": [72.792778, 19.033889]}, "properties": {"slope_degrees": 0.0, "provenance": "INFERRED"}}, {"type": "Feature", "geometry": {"type": "Point", "coordinates": [72.798889, 19.033889]}, "properties": {"slope_degrees": 0.0, "provenance": "INFERRED"}}, {"type": "Feature", "geometry": {"type": "Point", "coordinates": [72.805, 19.033889]}, "properties": {"slope_degrees": 0.0, "provenance": "INFERRED"}}, {"type": "Feature", "geometry": {"type": "Point", "coordinates": [72.811111, 19.033889]}, "properties": {"slope_degrees": 0.0, "provenance": "INFERRED"}}, {"type": "Feature", "geometry": {"type": "Point", "coordinates": [72.817222, 19.033889]}, "properties": {"slope_degrees": 0.0, "provenance": "INFERRED"}}, {"type": "Feature", "geometry": {"type": "Point", "coordinates": [72.823333, 19.033889]}, "properties": {"slope_degrees": 0.0, "provenance": "INFERRED"}}, {"type": "Feature", "geometry": {"type": "Point", "coordinates": [72.829444, 19.033889]}, "properties": {"slope_degrees": 0.0, "provenance": "INFERRED"}}, {"type": "Feature", "geometry": {"type": "Point", "coordinates": [72.835556, 19.033889]}, "properties": {"slope_degrees": 0.0, "provenance": "INFERRED"}}, {"type": "Feature", "geometry": {"type": "Point", "coordinates": [72.841667, 19.033889]}, "properties": {"slope_degrees": 1.91, "provenance": "INFERRED"}}, {"type": "Feature", "geometry": {"type": "Point", "coordinates": [72.847778, 19.033889]}, "properties": {"slope_degrees": 5.4, "provenance": "INFERRED"}}, {"type": "Feature", "geometry": {"type": "Point", "coordinates": [72.853889, 19.033889]}, "properties": {"slope_degrees": 2.91, "provenance": "INFERRED"}}, {"type": "Feature", "geometry": {"type": "Point", "coordinates": [72.86, 19.033889]}, "properties": {"slope_degrees": 2.91, "provenance": "INFERRED"}}, {"type": "Feature", "geometry": {"type": "Point", "coordinates": [72.866111, 19.033889]}, "properties": {"slope_degrees": 4.81, "provenance": "INFERRED"}}, {"type": "Feature", "geometry": {"type": "Point", "coordinates": [72.872222, 19.033889]}, "properties": {"slope_degrees": 2.47, "provenance": "INFERRED"}}, {"type": "Feature", "geometry": {"type": "Point", "coordinates": [72.878333, 19.033889]}, "properties": {"slope_degrees": 0.0, "provenance": "INFERRED"}}, {"type": "Feature", "geometry": {"type": "Point", "coordinates": [72.884444, 19.033889]}, "properties": {"slope_degrees": 1.15, "provenance": "INFERRED"}}, {"type": "Feature", "geometry": {"type": "Point", "coordinates": [72.890556, 19.033889]}, "properties": {"slope_degrees": 2.64, "provenance": "INFERRED"}}, {"type": "Feature", "geometry": {"type": "Point", "coordinates": [72.896667, 19.033889]}, "properties": {"slope_degrees": 1.88, "provenance": "INFERRED"}}, {"type": "Feature", "geometry": {"type": "Point", "coordinates": [72.902778, 19.033889]}, "properties": {"slope_degrees": 7.32, "provenance": "INFERRED"}}, {"type": "Feature", "geometry": {"type": "Point", "coordinates": [72.908889, 19.033889]}, "properties": {"slope_degrees": 12.23, "provenance": "INFERRED"}}, {"type": "Feature", "geometry": {"type": "Point", "coordinates": [72.915, 19.033889]}, "properties": {"slope_degrees": 22.26, "provenance": "INFERRED"}}, {"type": "Feature", "geometry": {"type": "Point", "coordinates": [72.921111, 19.033889]}, "properties": {"slope_degrees": 4.41, "provenance": "INFERRED"}}, {"type": "Feature", "geometry": {"type": "Point", "coordinates": [72.927222, 19.033889]}, "properties": {"slope_degrees": 1.18, "provenance": "INFERRED"}}, {"type": "Feature", "geometry": {"type": "Point", "coordinates": [72.933333, 19.033889]}, "properties": {"slope_degrees": 15.66, "provenance": "INFERRED"}}, {"type": "Feature", "geometry": {"type": "Point", "coordinates": [72.939444, 19.033889]}, "properties": {"slope_degrees": 24.2, "provenance": "INFERRED"}}, {"type": "Feature", "geometry": {"type": "Point", "coordinates": [72.945556, 19.033889]}, "properties": {"slope_degrees": 7.15, "provenance": "INFERRED"}}, {"type": "Feature", "geometry": {"type": "Point", "coordinates": [72.951667, 19.033889]}, "properties": {"slope_degrees": 0.34, "provenance": "INFERRED"}}, {"type": "Feature", "geometry": {"type": "Point", "coordinates": [72.957778, 19.033889]}, "properties": {"slope_degrees": 6.63, "provenance": "INFERRED"}}, {"type": "Feature", "geometry": {"type": "Point", "coordinates": [72.963889, 19.033889]}, "properties": {"slope_degrees": 0.0, "provenance": "INFERRED"}}, {"type": "Feature", "geometry": {"type": "Point", "coordinates": [72.97, 19.033889]}, "properties": {"slope_degrees": 0.0, "provenance": "INFERRED"}}, {"type": "Feature", "geometry": {"type": "Point", "coordinates": [72.976111, 19.033889]}, "properties": {"slope_degrees": 0.0, "provenance": "INFERRED"}}, {"type": "Feature", "geometry": {"type": "Point", "coordinates": [72.982222, 19.033889]}, "properties": {"slope_degrees": 0.0, "provenance": "INFERRED"}}, {"type": "Feature", "geometry": {"type": "Point", "coordinates": [72.988333, 19.033889]}, "properties": {"slope_degrees": 0.0, "provenance": "INFERRED"}}, {"type": "Feature", "geometry": {"type": "Point", "coordinates": [72.994444, 19.033889]}, "properties": {"slope_degrees": 0.0, "provenance": "INFERRED"}}, {"type": "Feature", "geometry": {"type": "Point", "coordinates": [73.000556, 19.033889]}, "properties": {"slope_degrees": 0.0, "provenance": "INFERRED"}}, {"type": "Feature", "geometry": {"type": "Point", "coordinates": [73.006667, 19.033889]}, "properties": {"slope_degrees": 0.0, "provenance": "INFERRED"}}, {"type": "Feature", "geometry": {"type": "Point", "coordinates": [73.012778, 19.033889]}, "properties": {"slope_degrees": 7.42, "provenance": "INFERRED"}}, {"type": "Feature", "geometry": {"type": "Point", "coordinates": [73.018889, 19.033889]}, "properties": {"slope_degrees": 3.61, "provenance": "INFERRED"}}, {"type": "Feature", "geometry": {"type": "Point", "coordinates": [73.025, 19.033889]}, "properties": {"slope_degrees": 0.0, "provenance": "INFERRED"}}, {"type": "Feature", "geometry": {"type": "Point", "coordinates": [73.031111, 19.033889]}, "properties": {"slope_degrees": 18.81, "provenance": "INFERRED"}}, {"type": "Feature", "geometry": {"type": "Point", "coordinates": [73.037222, 19.033889]}, "properties": {"slope_degrees": 14.74, "provenance": "INFERRED"}}, {"type": "Feature", "geometry": {"type": "Point", "coordinates": [73.043333, 19.033889]}, "properties": {"slope_degrees": 3.68, "provenance": "INFERRED"}}, {"type": "Feature", "geometry": {"type": "Point", "coordinates": [73.049722, 19.033889]}, "properties": {"slope_degrees": 3.04, "provenance": "INFERRED"}}, {"type": "Feature", "geometry": {"type": "Point", "coordinates": [72.75, 19.024722]}, "properties": {"slope_degrees": 0.0, "provenance": "INFERRED"}}, {"type": "Feature", "geometry": {"type": "Point", "coordinates": [72.756111, 19.024722]}, "properties": {"slope_degrees": 0.0, "provenance": "INFERRED"}}, {"type": "Feature", "geometry": {"type": "Point", "coordinates": [72.762222, 19.024722]}, "properties": {"slope_degrees": 0.0, "provenance": "INFERRED"}}, {"type": "Feature", "geometry": {"type": "Point", "coordinates": [72.768333, 19.024722]}, "properties": {"slope_degrees": 0.0, "provenance": "INFERRED"}}, {"type": "Feature", "geometry": {"type": "Point", "coordinates": [72.774444, 19.024722]}, "properties": {"slope_degrees": 0.0, "provenance": "INFERRED"}}, {"type": "Feature", "geometry": {"type": "Point", "coordinates": [72.780556, 19.024722]}, "properties": {"slope_degrees": 0.0, "provenance": "INFERRED"}}, {"type": "Feature", "geometry": {"type": "Point", "coordinates": [72.786667, 19.024722]}, "properties": {"slope_degrees": 0.0, "provenance": "INFERRED"}}, {"type": "Feature", "geometry": {"type": "Point", "coordinates": [72.792778, 19.024722]}, "properties": {"slope_degrees": 0.0, "provenance": "INFERRED"}}, {"type": "Feature", "geometry": {"type": "Point", "coordinates": [72.798889, 19.024722]}, "properties": {"slope_degrees": 0.0, "provenance": "INFERRED"}}, {"type": "Feature", "geometry": {"type": "Point", "coordinates": [72.805, 19.024722]}, "properties": {"slope_degrees": 0.0, "provenance": "INFERRED"}}, {"type": "Feature", "geometry": {"type": "Point", "coordinates": [72.811111, 19.024722]}, "properties": {"slope_degrees": 0.0, "provenance": "INFERRED"}}, {"type": "Feature", "geometry": {"type": "Point", "coordinates": [72.817222, 19.024722]}, "properties": {"slope_degrees": 0.0, "provenance": "INFERRED"}}, {"type": "Feature", "geometry": {"type": "Point", "coordinates": [72.823333, 19.024722]}, "properties": {"slope_degrees": 0.0, "provenance": "INFERRED"}}, {"type": "Feature", "geometry": {"type": "Point", "coordinates": [72.829444, 19.024722]}, "properties": {"slope_degrees": 0.0, "provenance": "INFERRED"}}, {"type": "Feature", "geometry": {"type": "Point", "coordinates": [72.835556, 19.024722]}, "properties": {"slope_degrees": 4.18, "provenance": "INFERRED"}}, {"type": "Feature", "geometry": {"type": "Point", "coordinates": [72.841667, 19.024722]}, "properties": {"slope_degrees": 0.0, "provenance": "INFERRED"}}, {"type": "Feature", "geometry": {"type": "Point", "coordinates": [72.847778, 19.024722]}, "properties": {"slope_degrees": 0.0, "provenance": "INFERRED"}}, {"type": "Feature", "geometry": {"type": "Point", "coordinates": [72.853889, 19.024722]}, "properties": {"slope_degrees": 2.16, "provenance": "INFERRED"}}, {"type": "Feature", "geometry": {"type": "Point", "coordinates": [72.86, 19.024722]}, "properties": {"slope_degrees": 3.19, "provenance": "INFERRED"}}, {"type": "Feature", "geometry": {"type": "Point", "coordinates": [72.866111, 19.024722]}, "properties": {"slope_degrees": 15.38, "provenance": "INFERRED"}}, {"type": "Feature", "geometry": {"type": "Point", "coordinates": [72.872222, 19.024722]}, "properties": {"slope_degrees": 0.46, "provenance": "INFERRED"}}, {"type": "Feature", "geometry": {"type": "Point", "coordinates": [72.878333, 19.024722]}, "properties": {"slope_degrees": 3.34, "provenance": "INFERRED"}}, {"type": "Feature", "geometry": {"type": "Point", "coordinates": [72.884444, 19.024722]}, "properties": {"slope_degrees": 0.89, "provenance": "INFERRED"}}, {"type": "Feature", "geometry": {"type": "Point", "coordinates": [72.890556, 19.024722]}, "properties": {"slope_degrees": 3.47, "provenance": "INFERRED"}}, {"type": "Feature", "geometry": {"type": "Point", "coordinates": [72.896667, 19.024722]}, "properties": {"slope_degrees": 1.07, "provenance": "INFERRED"}}, {"type": "Feature", "geometry": {"type": "Point", "coordinates": [72.902778, 19.024722]}, "properties": {"slope_degrees": 8.85, "provenance": "INFERRED"}}, {"type": "Feature", "geometry": {"type": "Point", "coordinates": [72.908889, 19.024722]}, "properties": {"slope_degrees": 27.54, "provenance": "INFERRED"}}, {"type": "Feature", "geometry": {"type": "Point", "coordinates": [72.915, 19.024722]}, "properties": {"slope_degrees": 25.7, "provenance": "INFERRED"}}, {"type": "Feature", "geometry": {"type": "Point", "coordinates": [72.921111, 19.024722]}, "properties": {"slope_degrees": 20.34, "provenance": "INFERRED"}}, {"type": "Feature", "geometry": {"type": "Point", "coordinates": [72.927222, 19.024722]}, "properties": {"slope_degrees": 2.7, "provenance": "INFERRED"}}, {"type": "Feature", "geometry": {"type": "Point", "coordinates": [72.933333, 19.024722]}, "properties": {"slope_degrees": 0.34, "provenance": "INFERRED"}}, {"type": "Feature", "geometry": {"type": "Point", "coordinates": [72.939444, 19.024722]}, "properties": {"slope_degrees": 0.0, "provenance": "INFERRED"}}, {"type": "Feature", "geometry": {"type": "Point", "coordinates": [72.945556, 19.024722]}, "properties": {"slope_degrees": 0.19, "provenance": "INFERRED"}}, {"type": "Feature", "geometry": {"type": "Point", "coordinates": [72.951667, 19.024722]}, "properties": {"slope_degrees": 2.78, "provenance": "INFERRED"}}, {"type": "Feature", "geometry": {"type": "Point", "coordinates": [72.957778, 19.024722]}, "properties": {"slope_degrees": 0.0, "provenance": "INFERRED"}}, {"type": "Feature", "geometry": {"type": "Point", "coordinates": [72.963889, 19.024722]}, "properties": {"slope_degrees": 0.0, "provenance": "INFERRED"}}, {"type": "Feature", "geometry": {"type": "Point", "coordinates": [72.97, 19.024722]}, "properties": {"slope_degrees": 0.0, "provenance": "INFERRED"}}, {"type": "Feature", "geometry": {"type": "Point", "coordinates": [72.976111, 19.024722]}, "properties": {"slope_degrees": 0.0, "provenance": "INFERRED"}}, {"type": "Feature", "geometry": {"type": "Point", "coordinates": [72.982222, 19.024722]}, "properties": {"slope_degrees": 0.0, "provenance": "INFERRED"}}, {"type": "Feature", "geometry": {"type": "Point", "coordinates": [72.988333, 19.024722]}, "properties": {"slope_degrees": 0.0, "provenance": "INFERRED"}}, {"type": "Feature", "geometry": {"type": "Point", "coordinates": [72.994444, 19.024722]}, "properties": {"slope_degrees": 0.0, "provenance": "INFERRED"}}, {"type": "Feature", "geometry": {"type": "Point", "coordinates": [73.000556, 19.024722]}, "properties": {"slope_degrees": 0.0, "provenance": "INFERRED"}}, {"type": "Feature", "geometry": {"type": "Point", "coordinates": [73.006667, 19.024722]}, "properties": {"slope_degrees": 1.48, "provenance": "INFERRED"}}, {"type": "Feature", "geometry": {"type": "Point", "coordinates": [73.012778, 19.024722]}, "properties": {"slope_degrees": 0.0, "provenance": "INFERRED"}}, {"type": "Feature", "geometry": {"type": "Point", "coordinates": [73.018889, 19.024722]}, "properties": {"slope_degrees": 4.05, "provenance": "INFERRED"}}, {"type": "Feature", "geometry": {"type": "Point", "coordinates": [73.025, 19.024722]}, "properties": {"slope_degrees": 0.55, "provenance": "INFERRED"}}, {"type": "Feature", "geometry": {"type": "Point", "coordinates": [73.031111, 19.024722]}, "properties": {"slope_degrees": 16.5, "provenance": "INFERRED"}}, {"type": "Feature", "geometry": {"type": "Point", "coordinates": [73.037222, 19.024722]}, "properties": {"slope_degrees": 5.07, "provenance": "INFERRED"}}, {"type": "Feature", "geometry": {"type": "Point", "coordinates": [73.043333, 19.024722]}, "properties": {"slope_degrees": 3.65, "provenance": "INFERRED"}}, {"type": "Feature", "geometry": {"type": "Point", "coordinates": [73.049722, 19.024722]}, "properties": {"slope_degrees": 2.55, "provenance": "INFERRED"}}, {"type": "Feature", "geometry": {"type": "Point", "coordinates": [72.75, 19.015556]}, "properties": {"slope_degrees": 0.0, "provenance": "INFERRED"}}, {"type": "Feature", "geometry": {"type": "Point", "coordinates": [72.756111, 19.015556]}, "properties": {"slope_degrees": 0.0, "provenance": "INFERRED"}}, {"type": "Feature", "geometry": {"type": "Point", "coordinates": [72.762222, 19.015556]}, "properties": {"slope_degrees": 0.0, "provenance": "INFERRED"}}, {"type": "Feature", "geometry": {"type": "Point", "coordinates": [72.768333, 19.015556]}, "properties": {"slope_degrees": 0.0, "provenance": "INFERRED"}}, {"type": "Feature", "geometry": {"type": "Point", "coordinates": [72.774444, 19.015556]}, "properties": {"slope_degrees": 0.0, "provenance": "INFERRED"}}, {"type": "Feature", "geometry": {"type": "Point", "coordinates": [72.780556, 19.015556]}, "properties": {"slope_degrees": 0.0, "provenance": "INFERRED"}}, {"type": "Feature", "geometry": {"type": "Point", "coordinates": [72.786667, 19.015556]}, "properties": {"slope_degrees": 0.0, "provenance": "INFERRED"}}, {"type": "Feature", "geometry": {"type": "Point", "coordinates": [72.792778, 19.015556]}, "properties": {"slope_degrees": 0.0, "provenance": "INFERRED"}}, {"type": "Feature", "geometry": {"type": "Point", "coordinates": [72.798889, 19.015556]}, "properties": {"slope_degrees": 0.0, "provenance": "INFERRED"}}, {"type": "Feature", "geometry": {"type": "Point", "coordinates": [72.805, 19.015556]}, "properties": {"slope_degrees": 0.0, "provenance": "INFERRED"}}, {"type": "Feature", "geometry": {"type": "Point", "coordinates": [72.811111, 19.015556]}, "properties": {"slope_degrees": 0.0, "provenance": "INFERRED"}}, {"type": "Feature", "geometry": {"type": "Point", "coordinates": [72.817222, 19.015556]}, "properties": {"slope_degrees": 2.31, "provenance": "INFERRED"}}, {"type": "Feature", "geometry": {"type": "Point", "coordinates": [72.823333, 19.015556]}, "properties": {"slope_degrees": 0.43, "provenance": "INFERRED"}}, {"type": "Feature", "geometry": {"type": "Point", "coordinates": [72.829444, 19.015556]}, "properties": {"slope_degrees": 3.67, "provenance": "INFERRED"}}, {"type": "Feature", "geometry": {"type": "Point", "coordinates": [72.835556, 19.015556]}, "properties": {"slope_degrees": 2.68, "provenance": "INFERRED"}}, {"type": "Feature", "geometry": {"type": "Point", "coordinates": [72.841667, 19.015556]}, "properties": {"slope_degrees": 1.61, "provenance": "INFERRED"}}, {"type": "Feature", "geometry": {"type": "Point", "coordinates": [72.847778, 19.015556]}, "properties": {"slope_degrees": 0.94, "provenance": "INFERRED"}}, {"type": "Feature", "geometry": {"type": "Point", "coordinates": [72.853889, 19.015556]}, "properties": {"slope_degrees": 0.48, "provenance": "INFERRED"}}, {"type": "Feature", "geometry": {"type": "Point", "coordinates": [72.86, 19.015556]}, "properties": {"slope_degrees": 0.0, "provenance": "INFERRED"}}, {"type": "Feature", "geometry": {"type": "Point", "coordinates": [72.866111, 19.015556]}, "properties": {"slope_degrees": 1.19, "provenance": "INFERRED"}}, {"type": "Feature", "geometry": {"type": "Point", "coordinates": [72.872222, 19.015556]}, "properties": {"slope_degrees": 0.65, "provenance": "INFERRED"}}, {"type": "Feature", "geometry": {"type": "Point", "coordinates": [72.878333, 19.015556]}, "properties": {"slope_degrees": 0.0, "provenance": "INFERRED"}}, {"type": "Feature", "geometry": {"type": "Point", "coordinates": [72.884444, 19.015556]}, "properties": {"slope_degrees": 2.85, "provenance": "INFERRED"}}, {"type": "Feature", "geometry": {"type": "Point", "coordinates": [72.890556, 19.015556]}, "properties": {"slope_degrees": 0.33, "provenance": "INFERRED"}}, {"type": "Feature", "geometry": {"type": "Point", "coordinates": [72.896667, 19.015556]}, "properties": {"slope_degrees": 4.41, "provenance": "INFERRED"}}, {"type": "Feature", "geometry": {"type": "Point", "coordinates": [72.902778, 19.015556]}, "properties": {"slope_degrees": 2.55, "provenance": "INFERRED"}}, {"type": "Feature", "geometry": {"type": "Point", "coordinates": [72.908889, 19.015556]}, "properties": {"slope_degrees": 6.35, "provenance": "INFERRED"}}, {"type": "Feature", "geometry": {"type": "Point", "coordinates": [72.915, 19.015556]}, "properties": {"slope_degrees": 12.17, "provenance": "INFERRED"}}, {"type": "Feature", "geometry": {"type": "Point", "coordinates": [72.921111, 19.015556]}, "properties": {"slope_degrees": 9.01, "provenance": "INFERRED"}}, {"type": "Feature", "geometry": {"type": "Point", "coordinates": [72.927222, 19.015556]}, "properties": {"slope_degrees": 0.3, "provenance": "INFERRED"}}, {"type": "Feature", "geometry": {"type": "Point", "coordinates": [72.933333, 19.015556]}, "properties": {"slope_degrees": 0.02, "provenance": "INFERRED"}}, {"type": "Feature", "geometry": {"type": "Point", "coordinates": [72.939444, 19.015556]}, "properties": {"slope_degrees": 0.95, "provenance": "INFERRED"}}, {"type": "Feature", "geometry": {"type": "Point", "coordinates": [72.945556, 19.015556]}, "properties": {"slope_degrees": 0.0, "provenance": "INFERRED"}}, {"type": "Feature", "geometry": {"type": "Point", "coordinates": [72.951667, 19.015556]}, "properties": {"slope_degrees": 0.0, "provenance": "INFERRED"}}, {"type": "Feature", "geometry": {"type": "Point", "coordinates": [72.957778, 19.015556]}, "properties": {"slope_degrees": 0.0, "provenance": "INFERRED"}}, {"type": "Feature", "geometry": {"type": "Point", "coordinates": [72.963889, 19.015556]}, "properties": {"slope_degrees": 0.0, "provenance": "INFERRED"}}, {"type": "Feature", "geometry": {"type": "Point", "coordinates": [72.97, 19.015556]}, "properties": {"slope_degrees": 0.0, "provenance": "INFERRED"}}, {"type": "Feature", "geometry": {"type": "Point", "coordinates": [72.976111, 19.015556]}, "properties": {"slope_degrees": 0.0, "provenance": "INFERRED"}}, {"type": "Feature", "geometry": {"type": "Point", "coordinates": [72.982222, 19.015556]}, "properties": {"slope_degrees": 0.0, "provenance": "INFERRED"}}, {"type": "Feature", "geometry": {"type": "Point", "coordinates": [72.988333, 19.015556]}, "properties": {"slope_degrees": 0.0, "provenance": "INFERRED"}}, {"type": "Feature", "geometry": {"type": "Point", "coordinates": [72.994444, 19.015556]}, "properties": {"slope_degrees": 0.0, "provenance": "INFERRED"}}, {"type": "Feature", "geometry": {"type": "Point", "coordinates": [73.000556, 19.015556]}, "properties": {"slope_degrees": 1.1, "provenance": "INFERRED"}}, {"type": "Feature", "geometry": {"type": "Point", "coordinates": [73.006667, 19.015556]}, "properties": {"slope_degrees": 0.0, "provenance": "INFERRED"}}, {"type": "Feature", "geometry": {"type": "Point", "coordinates": [73.012778, 19.015556]}, "properties": {"slope_degrees": 4.23, "provenance": "INFERRED"}}, {"type": "Feature", "geometry": {"type": "Point", "coordinates": [73.018889, 19.015556]}, "properties": {"slope_degrees": 0.38, "provenance": "INFERRED"}}, {"type": "Feature", "geometry": {"type": "Point", "coordinates": [73.025, 19.015556]}, "properties": {"slope_degrees": 0.2, "provenance": "INFERRED"}}, {"type": "Feature", "geometry": {"type": "Point", "coordinates": [73.031111, 19.015556]}, "properties": {"slope_degrees": 3.71, "provenance": "INFERRED"}}, {"type": "Feature", "geometry": {"type": "Point", "coordinates": [73.037222, 19.015556]}, "properties": {"slope_degrees": 1.64, "provenance": "INFERRED"}}, {"type": "Feature", "geometry": {"type": "Point", "coordinates": [73.043333, 19.015556]}, "properties": {"slope_degrees": 3.08, "provenance": "INFERRED"}}, {"type": "Feature", "geometry": {"type": "Point", "coordinates": [73.049722, 19.015556]}, "properties": {"slope_degrees": 0.0, "provenance": "INFERRED"}}, {"type": "Feature", "geometry": {"type": "Point", "coordinates": [72.75, 19.006389]}, "properties": {"slope_degrees": 0.0, "provenance": "INFERRED"}}, {"type": "Feature", "geometry": {"type": "Point", "coordinates": [72.756111, 19.006389]}, "properties": {"slope_degrees": 0.0, "provenance": "INFERRED"}}, {"type": "Feature", "geometry": {"type": "Point", "coordinates": [72.762222, 19.006389]}, "properties": {"slope_degrees": 0.0, "provenance": "INFERRED"}}, {"type": "Feature", "geometry": {"type": "Point", "coordinates": [72.768333, 19.006389]}, "properties": {"slope_degrees": 0.0, "provenance": "INFERRED"}}, {"type": "Feature", "geometry": {"type": "Point", "coordinates": [72.774444, 19.006389]}, "properties": {"slope_degrees": 0.0, "provenance": "INFERRED"}}, {"type": "Feature", "geometry": {"type": "Point", "coordinates": [72.780556, 19.006389]}, "properties": {"slope_degrees": 0.0, "provenance": "INFERRED"}}, {"type": "Feature", "geometry": {"type": "Point", "coordinates": [72.786667, 19.006389]}, "properties": {"slope_degrees": 0.0, "provenance": "INFERRED"}}, {"type": "Feature", "geometry": {"type": "Point", "coordinates": [72.792778, 19.006389]}, "properties": {"slope_degrees": 0.0, "provenance": "INFERRED"}}, {"type": "Feature", "geometry": {"type": "Point", "coordinates": [72.798889, 19.006389]}, "properties": {"slope_degrees": 0.0, "provenance": "INFERRED"}}, {"type": "Feature", "geometry": {"type": "Point", "coordinates": [72.805, 19.006389]}, "properties": {"slope_degrees": 0.0, "provenance": "INFERRED"}}, {"type": "Feature", "geometry": {"type": "Point", "coordinates": [72.811111, 19.006389]}, "properties": {"slope_degrees": 0.0, "provenance": "INFERRED"}}, {"type": "Feature", "geometry": {"type": "Point", "coordinates": [72.817222, 19.006389]}, "properties": {"slope_degrees": 3.84, "provenance": "INFERRED"}}, {"type": "Feature", "geometry": {"type": "Point", "coordinates": [72.823333, 19.006389]}, "properties": {"slope_degrees": 0.0, "provenance": "INFERRED"}}, {"type": "Feature", "geometry": {"type": "Point", "coordinates": [72.829444, 19.006389]}, "properties": {"slope_degrees": 15.22, "provenance": "INFERRED"}}, {"type": "Feature", "geometry": {"type": "Point", "coordinates": [72.835556, 19.006389]}, "properties": {"slope_degrees": 0.0, "provenance": "INFERRED"}}, {"type": "Feature", "geometry": {"type": "Point", "coordinates": [72.841667, 19.006389]}, "properties": {"slope_degrees": 5.82, "provenance": "INFERRED"}}, {"type": "Feature", "geometry": {"type": "Point", "coordinates": [72.847778, 19.006389]}, "properties": {"slope_degrees": 8.67, "provenance": "INFERRED"}}, {"type": "Feature", "geometry": {"type": "Point", "coordinates": [72.853889, 19.006389]}, "properties": {"slope_degrees": 2.85, "provenance": "INFERRED"}}, {"type": "Feature", "geometry": {"type": "Point", "coordinates": [72.86, 19.006389]}, "properties": {"slope_degrees": 0.83, "provenance": "INFERRED"}}, {"type": "Feature", "geometry": {"type": "Point", "coordinates": [72.866111, 19.006389]}, "properties": {"slope_degrees": 1.93, "provenance": "INFERRED"}}, {"type": "Feature", "geometry": {"type": "Point", "coordinates": [72.872222, 19.006389]}, "properties": {"slope_degrees": 5.04, "provenance": "INFERRED"}}, {"type": "Feature", "geometry": {"type": "Point", "coordinates": [72.878333, 19.006389]}, "properties": {"slope_degrees": 0.82, "provenance": "INFERRED"}}, {"type": "Feature", "geometry": {"type": "Point", "coordinates": [72.884444, 19.006389]}, "properties": {"slope_degrees": 2.08, "provenance": "INFERRED"}}, {"type": "Feature", "geometry": {"type": "Point", "coordinates": [72.890556, 19.006389]}, "properties": {"slope_degrees": 2.26, "provenance": "INFERRED"}}, {"type": "Feature", "geometry": {"type": "Point", "coordinates": [72.896667, 19.006389]}, "properties": {"slope_degrees": 5.86, "provenance": "INFERRED"}}, {"type": "Feature", "geometry": {"type": "Point", "coordinates": [72.902778, 19.006389]}, "properties": {"slope_degrees": 3.59, "provenance": "INFERRED"}}, {"type": "Feature", "geometry": {"type": "Point", "coordinates": [72.908889, 19.006389]}, "properties": {"slope_degrees": 16.19, "provenance": "INFERRED"}}, {"type": "Feature", "geometry": {"type": "Point", "coordinates": [72.915, 19.006389]}, "properties": {"slope_degrees": 21.79, "provenance": "INFERRED"}}, {"type": "Feature", "geometry": {"type": "Point", "coordinates": [72.921111, 19.006389]}, "properties": {"slope_degrees": 1.31, "provenance": "INFERRED"}}, {"type": "Feature", "geometry": {"type": "Point", "coordinates": [72.927222, 19.006389]}, "properties": {"slope_degrees": 5.97, "provenance": "INFERRED"}}, {"type": "Feature", "geometry": {"type": "Point", "coordinates": [72.933333, 19.006389]}, "properties": {"slope_degrees": 0.0, "provenance": "INFERRED"}}, {"type": "Feature", "geometry": {"type": "Point", "coordinates": [72.939444, 19.006389]}, "properties": {"slope_degrees": 0.0, "provenance": "INFERRED"}}, {"type": "Feature", "geometry": {"type": "Point", "coordinates": [72.945556, 19.006389]}, "properties": {"slope_degrees": 0.0, "provenance": "INFERRED"}}, {"type": "Feature", "geometry": {"type": "Point", "coordinates": [72.951667, 19.006389]}, "properties": {"slope_degrees": 0.0, "provenance": "INFERRED"}}, {"type": "Feature", "geometry": {"type": "Point", "coordinates": [72.957778, 19.006389]}, "properties": {"slope_degrees": 0.0, "provenance": "INFERRED"}}, {"type": "Feature", "geometry": {"type": "Point", "coordinates": [72.963889, 19.006389]}, "properties": {"slope_degrees": 0.0, "provenance": "INFERRED"}}, {"type": "Feature", "geometry": {"type": "Point", "coordinates": [72.97, 19.006389]}, "properties": {"slope_degrees": 0.0, "provenance": "INFERRED"}}, {"type": "Feature", "geometry": {"type": "Point", "coordinates": [72.976111, 19.006389]}, "properties": {"slope_degrees": 0.0, "provenance": "INFERRED"}}, {"type": "Feature", "geometry": {"type": "Point", "coordinates": [72.982222, 19.006389]}, "properties": {"slope_degrees": 0.0, "provenance": "INFERRED"}}, {"type": "Feature", "geometry": {"type": "Point", "coordinates": [72.988333, 19.006389]}, "properties": {"slope_degrees": 0.0, "provenance": "INFERRED"}}, {"type": "Feature", "geometry": {"type": "Point", "coordinates": [72.994444, 19.006389]}, "properties": {"slope_degrees": 0.0, "provenance": "INFERRED"}}, {"type": "Feature", "geometry": {"type": "Point", "coordinates": [73.000556, 19.006389]}, "properties": {"slope_degrees": 0.0, "provenance": "INFERRED"}}, {"type": "Feature", "geometry": {"type": "Point", "coordinates": [73.006667, 19.006389]}, "properties": {"slope_degrees": 0.18, "provenance": "INFERRED"}}, {"type": "Feature", "geometry": {"type": "Point", "coordinates": [73.012778, 19.006389]}, "properties": {"slope_degrees": 1.13, "provenance": "INFERRED"}}, {"type": "Feature", "geometry": {"type": "Point", "coordinates": [73.018889, 19.006389]}, "properties": {"slope_degrees": 2.2, "provenance": "INFERRED"}}, {"type": "Feature", "geometry": {"type": "Point", "coordinates": [73.025, 19.006389]}, "properties": {"slope_degrees": 0.57, "provenance": "INFERRED"}}, {"type": "Feature", "geometry": {"type": "Point", "coordinates": [73.031111, 19.006389]}, "properties": {"slope_degrees": 0.0, "provenance": "INFERRED"}}, {"type": "Feature", "geometry": {"type": "Point", "coordinates": [73.037222, 19.006389]}, "properties": {"slope_degrees": 0.0, "provenance": "INFERRED"}}, {"type": "Feature", "geometry": {"type": "Point", "coordinates": [73.043333, 19.006389]}, "properties": {"slope_degrees": 0.0, "provenance": "INFERRED"}}, {"type": "Feature", "geometry": {"type": "Point", "coordinates": [73.049722, 19.006389]}, "properties": {"slope_degrees": 0.34, "provenance": "INFERRED"}}, {"type": "Feature", "geometry": {"type": "Point", "coordinates": [72.75, 18.997222]}, "properties": {"slope_degrees": 0.0, "provenance": "INFERRED"}}, {"type": "Feature", "geometry": {"type": "Point", "coordinates": [72.756111, 18.997222]}, "properties": {"slope_degrees": 0.0, "provenance": "INFERRED"}}, {"type": "Feature", "geometry": {"type": "Point", "coordinates": [72.762222, 18.997222]}, "properties": {"slope_degrees": 0.0, "provenance": "INFERRED"}}, {"type": "Feature", "geometry": {"type": "Point", "coordinates": [72.768333, 18.997222]}, "properties": {"slope_degrees": 0.0, "provenance": "INFERRED"}}, {"type": "Feature", "geometry": {"type": "Point", "coordinates": [72.774444, 18.997222]}, "properties": {"slope_degrees": 0.0, "provenance": "INFERRED"}}, {"type": "Feature", "geometry": {"type": "Point", "coordinates": [72.780556, 18.997222]}, "properties": {"slope_degrees": 0.0, "provenance": "INFERRED"}}, {"type": "Feature", "geometry": {"type": "Point", "coordinates": [72.786667, 18.997222]}, "properties": {"slope_degrees": 0.0, "provenance": "INFERRED"}}, {"type": "Feature", "geometry": {"type": "Point", "coordinates": [72.792778, 18.997222]}, "properties": {"slope_degrees": 0.0, "provenance": "INFERRED"}}, {"type": "Feature", "geometry": {"type": "Point", "coordinates": [72.798889, 18.997222]}, "properties": {"slope_degrees": 0.0, "provenance": "INFERRED"}}, {"type": "Feature", "geometry": {"type": "Point", "coordinates": [72.805, 18.997222]}, "properties": {"slope_degrees": 0.0, "provenance": "INFERRED"}}, {"type": "Feature", "geometry": {"type": "Point", "coordinates": [72.811111, 18.997222]}, "properties": {"slope_degrees": 0.66, "provenance": "INFERRED"}}, {"type": "Feature", "geometry": {"type": "Point", "coordinates": [72.817222, 18.997222]}, "properties": {"slope_degrees": 3.13, "provenance": "INFERRED"}}, {"type": "Feature", "geometry": {"type": "Point", "coordinates": [72.823333, 18.997222]}, "properties": {"slope_degrees": 1.81, "provenance": "INFERRED"}}, {"type": "Feature", "geometry": {"type": "Point", "coordinates": [72.829444, 18.997222]}, "properties": {"slope_degrees": 5.39, "provenance": "INFERRED"}}, {"type": "Feature", "geometry": {"type": "Point", "coordinates": [72.835556, 18.997222]}, "properties": {"slope_degrees": 9.73, "provenance": "INFERRED"}}, {"type": "Feature", "geometry": {"type": "Point", "coordinates": [72.841667, 18.997222]}, "properties": {"slope_degrees": 0.58, "provenance": "INFERRED"}}, {"type": "Feature", "geometry": {"type": "Point", "coordinates": [72.847778, 18.997222]}, "properties": {"slope_degrees": 9.07, "provenance": "INFERRED"}}, {"type": "Feature", "geometry": {"type": "Point", "coordinates": [72.853889, 18.997222]}, "properties": {"slope_degrees": 1.47, "provenance": "INFERRED"}}, {"type": "Feature", "geometry": {"type": "Point", "coordinates": [72.86, 18.997222]}, "properties": {"slope_degrees": 2.11, "provenance": "INFERRED"}}, {"type": "Feature", "geometry": {"type": "Point", "coordinates": [72.866111, 18.997222]}, "properties": {"slope_degrees": 0.0, "provenance": "INFERRED"}}, {"type": "Feature", "geometry": {"type": "Point", "coordinates": [72.872222, 18.997222]}, "properties": {"slope_degrees": 0.0, "provenance": "INFERRED"}}, {"type": "Feature", "geometry": {"type": "Point", "coordinates": [72.878333, 18.997222]}, "properties": {"slope_degrees": 0.0, "provenance": "INFERRED"}}, {"type": "Feature", "geometry": {"type": "Point", "coordinates": [72.884444, 18.997222]}, "properties": {"slope_degrees": 0.0, "provenance": "INFERRED"}}, {"type": "Feature", "geometry": {"type": "Point", "coordinates": [72.890556, 18.997222]}, "properties": {"slope_degrees": 0.4, "provenance": "INFERRED"}}, {"type": "Feature", "geometry": {"type": "Point", "coordinates": [72.896667, 18.997222]}, "properties": {"slope_degrees": 1.17, "provenance": "INFERRED"}}, {"type": "Feature", "geometry": {"type": "Point", "coordinates": [72.902778, 18.997222]}, "properties": {"slope_degrees": 2.03, "provenance": "INFERRED"}}, {"type": "Feature", "geometry": {"type": "Point", "coordinates": [72.908889, 18.997222]}, "properties": {"slope_degrees": 0.23, "provenance": "INFERRED"}}, {"type": "Feature", "geometry": {"type": "Point", "coordinates": [72.915, 18.997222]}, "properties": {"slope_degrees": 0.0, "provenance": "INFERRED"}}, {"type": "Feature", "geometry": {"type": "Point", "coordinates": [72.921111, 18.997222]}, "properties": {"slope_degrees": 0.0, "provenance": "INFERRED"}}, {"type": "Feature", "geometry": {"type": "Point", "coordinates": [72.927222, 18.997222]}, "properties": {"slope_degrees": 0.0, "provenance": "INFERRED"}}, {"type": "Feature", "geometry": {"type": "Point", "coordinates": [72.933333, 18.997222]}, "properties": {"slope_degrees": 0.0, "provenance": "INFERRED"}}, {"type": "Feature", "geometry": {"type": "Point", "coordinates": [72.939444, 18.997222]}, "properties": {"slope_degrees": 0.0, "provenance": "INFERRED"}}, {"type": "Feature", "geometry": {"type": "Point", "coordinates": [72.945556, 18.997222]}, "properties": {"slope_degrees": 0.0, "provenance": "INFERRED"}}, {"type": "Feature", "geometry": {"type": "Point", "coordinates": [72.951667, 18.997222]}, "properties": {"slope_degrees": 0.0, "provenance": "INFERRED"}}, {"type": "Feature", "geometry": {"type": "Point", "coordinates": [72.957778, 18.997222]}, "properties": {"slope_degrees": 0.0, "provenance": "INFERRED"}}, {"type": "Feature", "geometry": {"type": "Point", "coordinates": [72.963889, 18.997222]}, "properties": {"slope_degrees": 0.0, "provenance": "INFERRED"}}, {"type": "Feature", "geometry": {"type": "Point", "coordinates": [72.97, 18.997222]}, "properties": {"slope_degrees": 0.0, "provenance": "INFERRED"}}, {"type": "Feature", "geometry": {"type": "Point", "coordinates": [72.976111, 18.997222]}, "properties": {"slope_degrees": 0.0, "provenance": "INFERRED"}}, {"type": "Feature", "geometry": {"type": "Point", "coordinates": [72.982222, 18.997222]}, "properties": {"slope_degrees": 0.0, "provenance": "INFERRED"}}, {"type": "Feature", "geometry": {"type": "Point", "coordinates": [72.988333, 18.997222]}, "properties": {"slope_degrees": 0.0, "provenance": "INFERRED"}}, {"type": "Feature", "geometry": {"type": "Point", "coordinates": [72.994444, 18.997222]}, "properties": {"slope_degrees": 0.0, "provenance": "INFERRED"}}, {"type": "Feature", "geometry": {"type": "Point", "coordinates": [73.000556, 18.997222]}, "properties": {"slope_degrees": 0.0, "provenance": "INFERRED"}}, {"type": "Feature", "geometry": {"type": "Point", "coordinates": [73.006667, 18.997222]}, "properties": {"slope_degrees": 0.0, "provenance": "INFERRED"}}, {"type": "Feature", "geometry": {"type": "Point", "coordinates": [73.012778, 18.997222]}, "properties": {"slope_degrees": 0.0, "provenance": "INFERRED"}}, {"type": "Feature", "geometry": {"type": "Point", "coordinates": [73.018889, 18.997222]}, "properties": {"slope_degrees": 0.0, "provenance": "INFERRED"}}, {"type": "Feature", "geometry": {"type": "Point", "coordinates": [73.025, 18.997222]}, "properties": {"slope_degrees": 0.0, "provenance": "INFERRED"}}, {"type": "Feature", "geometry": {"type": "Point", "coordinates": [73.031111, 18.997222]}, "properties": {"slope_degrees": 0.0, "provenance": "INFERRED"}}, {"type": "Feature", "geometry": {"type": "Point", "coordinates": [73.037222, 18.997222]}, "properties": {"slope_degrees": 0.0, "provenance": "INFERRED"}}, {"type": "Feature", "geometry": {"type": "Point", "coordinates": [73.043333, 18.997222]}, "properties": {"slope_degrees": 11.09, "provenance": "INFERRED"}}, {"type": "Feature", "geometry": {"type": "Point", "coordinates": [73.049722, 18.997222]}, "properties": {"slope_degrees": 7.62, "provenance": "INFERRED"}}, {"type": "Feature", "geometry": {"type": "Point", "coordinates": [72.75, 18.988056]}, "properties": {"slope_degrees": 0.0, "provenance": "INFERRED"}}, {"type": "Feature", "geometry": {"type": "Point", "coordinates": [72.756111, 18.988056]}, "properties": {"slope_degrees": 0.0, "provenance": "INFERRED"}}, {"type": "Feature", "geometry": {"type": "Point", "coordinates": [72.762222, 18.988056]}, "properties": {"slope_degrees": 0.0, "provenance": "INFERRED"}}, {"type": "Feature", "geometry": {"type": "Point", "coordinates": [72.768333, 18.988056]}, "properties": {"slope_degrees": 0.0, "provenance": "INFERRED"}}, {"type": "Feature", "geometry": {"type": "Point", "coordinates": [72.774444, 18.988056]}, "properties": {"slope_degrees": 0.0, "provenance": "INFERRED"}}, {"type": "Feature", "geometry": {"type": "Point", "coordinates": [72.780556, 18.988056]}, "properties": {"slope_degrees": 0.0, "provenance": "INFERRED"}}, {"type": "Feature", "geometry": {"type": "Point", "coordinates": [72.786667, 18.988056]}, "properties": {"slope_degrees": 0.0, "provenance": "INFERRED"}}, {"type": "Feature", "geometry": {"type": "Point", "coordinates": [72.792778, 18.988056]}, "properties": {"slope_degrees": 0.0, "provenance": "INFERRED"}}, {"type": "Feature", "geometry": {"type": "Point", "coordinates": [72.798889, 18.988056]}, "properties": {"slope_degrees": 0.0, "provenance": "INFERRED"}}, {"type": "Feature", "geometry": {"type": "Point", "coordinates": [72.805, 18.988056]}, "properties": {"slope_degrees": 0.0, "provenance": "INFERRED"}}, {"type": "Feature", "geometry": {"type": "Point", "coordinates": [72.811111, 18.988056]}, "properties": {"slope_degrees": 11.02, "provenance": "INFERRED"}}, {"type": "Feature", "geometry": {"type": "Point", "coordinates": [72.817222, 18.988056]}, "properties": {"slope_degrees": 0.2, "provenance": "INFERRED"}}, {"type": "Feature", "geometry": {"type": "Point", "coordinates": [72.823333, 18.988056]}, "properties": {"slope_degrees": 6.31, "provenance": "INFERRED"}}, {"type": "Feature", "geometry": {"type": "Point", "coordinates": [72.829444, 18.988056]}, "properties": {"slope_degrees": 0.0, "provenance": "INFERRED"}}, {"type": "Feature", "geometry": {"type": "Point", "coordinates": [72.835556, 18.988056]}, "properties": {"slope_degrees": 2.98, "provenance": "INFERRED"}}, {"type": "Feature", "geometry": {"type": "Point", "coordinates": [72.841667, 18.988056]}, "properties": {"slope_degrees": 2.57, "provenance": "INFERRED"}}, {"type": "Feature", "geometry": {"type": "Point", "coordinates": [72.847778, 18.988056]}, "properties": {"slope_degrees": 2.84, "provenance": "INFERRED"}}, {"type": "Feature", "geometry": {"type": "Point", "coordinates": [72.853889, 18.988056]}, "properties": {"slope_degrees": 0.0, "provenance": "INFERRED"}}, {"type": "Feature", "geometry": {"type": "Point", "coordinates": [72.86, 18.988056]}, "properties": {"slope_degrees": 0.0, "provenance": "INFERRED"}}, {"type": "Feature", "geometry": {"type": "Point", "coordinates": [72.866111, 18.988056]}, "properties": {"slope_degrees": 0.0, "provenance": "INFERRED"}}, {"type": "Feature", "geometry": {"type": "Point", "coordinates": [72.872222, 18.988056]}, "properties": {"slope_degrees": 0.0, "provenance": "INFERRED"}}, {"type": "Feature", "geometry": {"type": "Point", "coordinates": [72.878333, 18.988056]}, "properties": {"slope_degrees": 0.0, "provenance": "INFERRED"}}, {"type": "Feature", "geometry": {"type": "Point", "coordinates": [72.884444, 18.988056]}, "properties": {"slope_degrees": 0.0, "provenance": "INFERRED"}}, {"type": "Feature", "geometry": {"type": "Point", "coordinates": [72.890556, 18.988056]}, "properties": {"slope_degrees": 0.0, "provenance": "INFERRED"}}, {"type": "Feature", "geometry": {"type": "Point", "coordinates": [72.896667, 18.988056]}, "properties": {"slope_degrees": 0.0, "provenance": "INFERRED"}}, {"type": "Feature", "geometry": {"type": "Point", "coordinates": [72.902778, 18.988056]}, "properties": {"slope_degrees": 0.0, "provenance": "INFERRED"}}, {"type": "Feature", "geometry": {"type": "Point", "coordinates": [72.908889, 18.988056]}, "properties": {"slope_degrees": 0.0, "provenance": "INFERRED"}}, {"type": "Feature", "geometry": {"type": "Point", "coordinates": [72.915, 18.988056]}, "properties": {"slope_degrees": 0.0, "provenance": "INFERRED"}}, {"type": "Feature", "geometry": {"type": "Point", "coordinates": [72.921111, 18.988056]}, "properties": {"slope_degrees": 0.0, "provenance": "INFERRED"}}, {"type": "Feature", "geometry": {"type": "Point", "coordinates": [72.927222, 18.988056]}, "properties": {"slope_degrees": 0.0, "provenance": "INFERRED"}}, {"type": "Feature", "geometry": {"type": "Point", "coordinates": [72.933333, 18.988056]}, "properties": {"slope_degrees": 0.0, "provenance": "INFERRED"}}, {"type": "Feature", "geometry": {"type": "Point", "coordinates": [72.939444, 18.988056]}, "properties": {"slope_degrees": 0.0, "provenance": "INFERRED"}}, {"type": "Feature", "geometry": {"type": "Point", "coordinates": [72.945556, 18.988056]}, "properties": {"slope_degrees": 0.0, "provenance": "INFERRED"}}, {"type": "Feature", "geometry": {"type": "Point", "coordinates": [72.951667, 18.988056]}, "properties": {"slope_degrees": 0.0, "provenance": "INFERRED"}}, {"type": "Feature", "geometry": {"type": "Point", "coordinates": [72.957778, 18.988056]}, "properties": {"slope_degrees": 0.0, "provenance": "INFERRED"}}, {"type": "Feature", "geometry": {"type": "Point", "coordinates": [72.963889, 18.988056]}, "properties": {"slope_degrees": 0.0, "provenance": "INFERRED"}}, {"type": "Feature", "geometry": {"type": "Point", "coordinates": [72.97, 18.988056]}, "properties": {"slope_degrees": 0.0, "provenance": "INFERRED"}}, {"type": "Feature", "geometry": {"type": "Point", "coordinates": [72.976111, 18.988056]}, "properties": {"slope_degrees": 0.0, "provenance": "INFERRED"}}, {"type": "Feature", "geometry": {"type": "Point", "coordinates": [72.982222, 18.988056]}, "properties": {"slope_degrees": 0.0, "provenance": "INFERRED"}}, {"type": "Feature", "geometry": {"type": "Point", "coordinates": [72.988333, 18.988056]}, "properties": {"slope_degrees": 0.0, "provenance": "INFERRED"}}, {"type": "Feature", "geometry": {"type": "Point", "coordinates": [72.994444, 18.988056]}, "properties": {"slope_degrees": 0.0, "provenance": "INFERRED"}}, {"type": "Feature", "geometry": {"type": "Point", "coordinates": [73.000556, 18.988056]}, "properties": {"slope_degrees": 0.0, "provenance": "INFERRED"}}, {"type": "Feature", "geometry": {"type": "Point", "coordinates": [73.006667, 18.988056]}, "properties": {"slope_degrees": 0.0, "provenance": "INFERRED"}}, {"type": "Feature", "geometry": {"type": "Point", "coordinates": [73.012778, 18.988056]}, "properties": {"slope_degrees": 0.0, "provenance": "INFERRED"}}, {"type": "Feature", "geometry": {"type": "Point", "coordinates": [73.018889, 18.988056]}, "properties": {"slope_degrees": 0.0, "provenance": "INFERRED"}}, {"type": "Feature", "geometry": {"type": "Point", "coordinates": [73.025, 18.988056]}, "properties": {"slope_degrees": 0.75, "provenance": "INFERRED"}}, {"type": "Feature", "geometry": {"type": "Point", "coordinates": [73.031111, 18.988056]}, "properties": {"slope_degrees": 4.29, "provenance": "INFERRED"}}, {"type": "Feature", "geometry": {"type": "Point", "coordinates": [73.037222, 18.988056]}, "properties": {"slope_degrees": 1.05, "provenance": "INFERRED"}}, {"type": "Feature", "geometry": {"type": "Point", "coordinates": [73.043333, 18.988056]}, "properties": {"slope_degrees": 9.77, "provenance": "INFERRED"}}, {"type": "Feature", "geometry": {"type": "Point", "coordinates": [73.049722, 18.988056]}, "properties": {"slope_degrees": 7.31, "provenance": "INFERRED"}}, {"type": "Feature", "geometry": {"type": "Point", "coordinates": [72.75, 18.978889]}, "properties": {"slope_degrees": 0.0, "provenance": "INFERRED"}}, {"type": "Feature", "geometry": {"type": "Point", "coordinates": [72.756111, 18.978889]}, "properties": {"slope_degrees": 0.0, "provenance": "INFERRED"}}, {"type": "Feature", "geometry": {"type": "Point", "coordinates": [72.762222, 18.978889]}, "properties": {"slope_degrees": 0.0, "provenance": "INFERRED"}}, {"type": "Feature", "geometry": {"type": "Point", "coordinates": [72.768333, 18.978889]}, "properties": {"slope_degrees": 0.0, "provenance": "INFERRED"}}, {"type": "Feature", "geometry": {"type": "Point", "coordinates": [72.774444, 18.978889]}, "properties": {"slope_degrees": 0.0, "provenance": "INFERRED"}}, {"type": "Feature", "geometry": {"type": "Point", "coordinates": [72.780556, 18.978889]}, "properties": {"slope_degrees": 0.0, "provenance": "INFERRED"}}, {"type": "Feature", "geometry": {"type": "Point", "coordinates": [72.786667, 18.978889]}, "properties": {"slope_degrees": 0.0, "provenance": "INFERRED"}}, {"type": "Feature", "geometry": {"type": "Point", "coordinates": [72.792778, 18.978889]}, "properties": {"slope_degrees": 0.0, "provenance": "INFERRED"}}, {"type": "Feature", "geometry": {"type": "Point", "coordinates": [72.798889, 18.978889]}, "properties": {"slope_degrees": 0.0, "provenance": "INFERRED"}}, {"type": "Feature", "geometry": {"type": "Point", "coordinates": [72.805, 18.978889]}, "properties": {"slope_degrees": 0.0, "provenance": "INFERRED"}}, {"type": "Feature", "geometry": {"type": "Point", "coordinates": [72.811111, 18.978889]}, "properties": {"slope_degrees": 5.98, "provenance": "INFERRED"}}, {"type": "Feature", "geometry": {"type": "Point", "coordinates": [72.817222, 18.978889]}, "properties": {"slope_degrees": 5.09, "provenance": "INFERRED"}}, {"type": "Feature", "geometry": {"type": "Point", "coordinates": [72.823333, 18.978889]}, "properties": {"slope_degrees": 1.72, "provenance": "INFERRED"}}, {"type": "Feature", "geometry": {"type": "Point", "coordinates": [72.829444, 18.978889]}, "properties": {"slope_degrees": 0.54, "provenance": "INFERRED"}}, {"type": "Feature", "geometry": {"type": "Point", "coordinates": [72.835556, 18.978889]}, "properties": {"slope_degrees": 4.8, "provenance": "INFERRED"}}, {"type": "Feature", "geometry": {"type": "Point", "coordinates": [72.841667, 18.978889]}, "properties": {"slope_degrees": 6.13, "provenance": "INFERRED"}}, {"type": "Feature", "geometry": {"type": "Point", "coordinates": [72.847778, 18.978889]}, "properties": {"slope_degrees": 1.6, "provenance": "INFERRED"}}, {"type": "Feature", "geometry": {"type": "Point", "coordinates": [72.853889, 18.978889]}, "properties": {"slope_degrees": 1.49, "provenance": "INFERRED"}}, {"type": "Feature", "geometry": {"type": "Point", "coordinates": [72.86, 18.978889]}, "properties": {"slope_degrees": 0.0, "provenance": "INFERRED"}}, {"type": "Feature", "geometry": {"type": "Point", "coordinates": [72.866111, 18.978889]}, "properties": {"slope_degrees": 0.0, "provenance": "INFERRED"}}, {"type": "Feature", "geometry": {"type": "Point", "coordinates": [72.872222, 18.978889]}, "properties": {"slope_degrees": 0.0, "provenance": "INFERRED"}}, {"type": "Feature", "geometry": {"type": "Point", "coordinates": [72.878333, 18.978889]}, "properties": {"slope_degrees": 0.0, "provenance": "INFERRED"}}, {"type": "Feature", "geometry": {"type": "Point", "coordinates": [72.884444, 18.978889]}, "properties": {"slope_degrees": 0.0, "provenance": "INFERRED"}}, {"type": "Feature", "geometry": {"type": "Point", "coordinates": [72.890556, 18.978889]}, "properties": {"slope_degrees": 0.0, "provenance": "INFERRED"}}, {"type": "Feature", "geometry": {"type": "Point", "coordinates": [72.896667, 18.978889]}, "properties": {"slope_degrees": 0.0, "provenance": "INFERRED"}}, {"type": "Feature", "geometry": {"type": "Point", "coordinates": [72.902778, 18.978889]}, "properties": {"slope_degrees": 0.0, "provenance": "INFERRED"}}, {"type": "Feature", "geometry": {"type": "Point", "coordinates": [72.908889, 18.978889]}, "properties": {"slope_degrees": 0.0, "provenance": "INFERRED"}}, {"type": "Feature", "geometry": {"type": "Point", "coordinates": [72.915, 18.978889]}, "properties": {"slope_degrees": 0.0, "provenance": "INFERRED"}}, {"type": "Feature", "geometry": {"type": "Point", "coordinates": [72.921111, 18.978889]}, "properties": {"slope_degrees": 0.0, "provenance": "INFERRED"}}, {"type": "Feature", "geometry": {"type": "Point", "coordinates": [72.927222, 18.978889]}, "properties": {"slope_degrees": 0.0, "provenance": "INFERRED"}}, {"type": "Feature", "geometry": {"type": "Point", "coordinates": [72.933333, 18.978889]}, "properties": {"slope_degrees": 0.0, "provenance": "INFERRED"}}, {"type": "Feature", "geometry": {"type": "Point", "coordinates": [72.939444, 18.978889]}, "properties": {"slope_degrees": 0.0, "provenance": "INFERRED"}}, {"type": "Feature", "geometry": {"type": "Point", "coordinates": [72.945556, 18.978889]}, "properties": {"slope_degrees": 0.0, "provenance": "INFERRED"}}, {"type": "Feature", "geometry": {"type": "Point", "coordinates": [72.951667, 18.978889]}, "properties": {"slope_degrees": 0.0, "provenance": "INFERRED"}}, {"type": "Feature", "geometry": {"type": "Point", "coordinates": [72.957778, 18.978889]}, "properties": {"slope_degrees": 0.0, "provenance": "INFERRED"}}, {"type": "Feature", "geometry": {"type": "Point", "coordinates": [72.963889, 18.978889]}, "properties": {"slope_degrees": 0.0, "provenance": "INFERRED"}}, {"type": "Feature", "geometry": {"type": "Point", "coordinates": [72.97, 18.978889]}, "properties": {"slope_degrees": 0.0, "provenance": "INFERRED"}}, {"type": "Feature", "geometry": {"type": "Point", "coordinates": [72.976111, 18.978889]}, "properties": {"slope_degrees": 0.0, "provenance": "INFERRED"}}, {"type": "Feature", "geometry": {"type": "Point", "coordinates": [72.982222, 18.978889]}, "properties": {"slope_degrees": 0.0, "provenance": "INFERRED"}}, {"type": "Feature", "geometry": {"type": "Point", "coordinates": [72.988333, 18.978889]}, "properties": {"slope_degrees": 0.0, "provenance": "INFERRED"}}, {"type": "Feature", "geometry": {"type": "Point", "coordinates": [72.994444, 18.978889]}, "properties": {"slope_degrees": 0.0, "provenance": "INFERRED"}}, {"type": "Feature", "geometry": {"type": "Point", "coordinates": [73.000556, 18.978889]}, "properties": {"slope_degrees": 0.0, "provenance": "INFERRED"}}, {"type": "Feature", "geometry": {"type": "Point", "coordinates": [73.006667, 18.978889]}, "properties": {"slope_degrees": 0.0, "provenance": "INFERRED"}}, {"type": "Feature", "geometry": {"type": "Point", "coordinates": [73.012778, 18.978889]}, "properties": {"slope_degrees": 0.0, "provenance": "INFERRED"}}, {"type": "Feature", "geometry": {"type": "Point", "coordinates": [73.018889, 18.978889]}, "properties": {"slope_degrees": 0.28, "provenance": "INFERRED"}}, {"type": "Feature", "geometry": {"type": "Point", "coordinates": [73.025, 18.978889]}, "properties": {"slope_degrees": 2.01, "provenance": "INFERRED"}}, {"type": "Feature", "geometry": {"type": "Point", "coordinates": [73.031111, 18.978889]}, "properties": {"slope_degrees": 0.83, "provenance": "INFERRED"}}, {"type": "Feature", "geometry": {"type": "Point", "coordinates": [73.037222, 18.978889]}, "properties": {"slope_degrees": 1.69, "provenance": "INFERRED"}}, {"type": "Feature", "geometry": {"type": "Point", "coordinates": [73.043333, 18.978889]}, "properties": {"slope_degrees": 0.68, "provenance": "INFERRED"}}, {"type": "Feature", "geometry": {"type": "Point", "coordinates": [73.049722, 18.978889]}, "properties": {"slope_degrees": 9.53, "provenance": "INFERRED"}}, {"type": "Feature", "geometry": {"type": "Point", "coordinates": [72.75, 18.969722]}, "properties": {"slope_degrees": 0.0, "provenance": "INFERRED"}}, {"type": "Feature", "geometry": {"type": "Point", "coordinates": [72.756111, 18.969722]}, "properties": {"slope_degrees": 0.0, "provenance": "INFERRED"}}, {"type": "Feature", "geometry": {"type": "Point", "coordinates": [72.762222, 18.969722]}, "properties": {"slope_degrees": 0.0, "provenance": "INFERRED"}}, {"type": "Feature", "geometry": {"type": "Point", "coordinates": [72.768333, 18.969722]}, "properties": {"slope_degrees": 0.0, "provenance": "INFERRED"}}, {"type": "Feature", "geometry": {"type": "Point", "coordinates": [72.774444, 18.969722]}, "properties": {"slope_degrees": 0.0, "provenance": "INFERRED"}}, {"type": "Feature", "geometry": {"type": "Point", "coordinates": [72.780556, 18.969722]}, "properties": {"slope_degrees": 0.0, "provenance": "INFERRED"}}, {"type": "Feature", "geometry": {"type": "Point", "coordinates": [72.786667, 18.969722]}, "properties": {"slope_degrees": 0.0, "provenance": "INFERRED"}}, {"type": "Feature", "geometry": {"type": "Point", "coordinates": [72.792778, 18.969722]}, "properties": {"slope_degrees": 0.0, "provenance": "INFERRED"}}, {"type": "Feature", "geometry": {"type": "Point", "coordinates": [72.798889, 18.969722]}, "properties": {"slope_degrees": 0.0, "provenance": "INFERRED"}}, {"type": "Feature", "geometry": {"type": "Point", "coordinates": [72.805, 18.969722]}, "properties": {"slope_degrees": 6.49, "provenance": "INFERRED"}}, {"type": "Feature", "geometry": {"type": "Point", "coordinates": [72.811111, 18.969722]}, "properties": {"slope_degrees": 5.68, "provenance": "INFERRED"}}, {"type": "Feature", "geometry": {"type": "Point", "coordinates": [72.817222, 18.969722]}, "properties": {"slope_degrees": 5.79, "provenance": "INFERRED"}}, {"type": "Feature", "geometry": {"type": "Point", "coordinates": [72.823333, 18.969722]}, "properties": {"slope_degrees": 5.2, "provenance": "INFERRED"}}, {"type": "Feature", "geometry": {"type": "Point", "coordinates": [72.829444, 18.969722]}, "properties": {"slope_degrees": 5.87, "provenance": "INFERRED"}}, {"type": "Feature", "geometry": {"type": "Point", "coordinates": [72.835556, 18.969722]}, "properties": {"slope_degrees": 5.19, "provenance": "INFERRED"}}, {"type": "Feature", "geometry": {"type": "Point", "coordinates": [72.841667, 18.969722]}, "properties": {"slope_degrees": 2.29, "provenance": "INFERRED"}}, {"type": "Feature", "geometry": {"type": "Point", "coordinates": [72.847778, 18.969722]}, "properties": {"slope_degrees": 4.81, "provenance": "INFERRED"}}, {"type": "Feature", "geometry": {"type": "Point", "coordinates": [72.853889, 18.969722]}, "properties": {"slope_degrees": 0.0, "provenance": "INFERRED"}}, {"type": "Feature", "geometry": {"type": "Point", "coordinates": [72.86, 18.969722]}, "properties": {"slope_degrees": 0.0, "provenance": "INFERRED"}}, {"type": "Feature", "geometry": {"type": "Point", "coordinates": [72.866111, 18.969722]}, "properties": {"slope_degrees": 0.0, "provenance": "INFERRED"}}, {"type": "Feature", "geometry": {"type": "Point", "coordinates": [72.872222, 18.969722]}, "properties": {"slope_degrees": 0.0, "provenance": "INFERRED"}}, {"type": "Feature", "geometry": {"type": "Point", "coordinates": [72.878333, 18.969722]}, "properties": {"slope_degrees": 0.0, "provenance": "INFERRED"}}, {"type": "Feature", "geometry": {"type": "Point", "coordinates": [72.884444, 18.969722]}, "properties": {"slope_degrees": 0.0, "provenance": "INFERRED"}}, {"type": "Feature", "geometry": {"type": "Point", "coordinates": [72.890556, 18.969722]}, "properties": {"slope_degrees": 0.0, "provenance": "INFERRED"}}, {"type": "Feature", "geometry": {"type": "Point", "coordinates": [72.896667, 18.969722]}, "properties": {"slope_degrees": 0.0, "provenance": "INFERRED"}}, {"type": "Feature", "geometry": {"type": "Point", "coordinates": [72.902778, 18.969722]}, "properties": {"slope_degrees": 0.0, "provenance": "INFERRED"}}, {"type": "Feature", "geometry": {"type": "Point", "coordinates": [72.908889, 18.969722]}, "properties": {"slope_degrees": 0.0, "provenance": "INFERRED"}}, {"type": "Feature", "geometry": {"type": "Point", "coordinates": [72.915, 18.969722]}, "properties": {"slope_degrees": 0.0, "provenance": "INFERRED"}}, {"type": "Feature", "geometry": {"type": "Point", "coordinates": [72.921111, 18.969722]}, "properties": {"slope_degrees": 0.0, "provenance": "INFERRED"}}, {"type": "Feature", "geometry": {"type": "Point", "coordinates": [72.927222, 18.969722]}, "properties": {"slope_degrees": 0.0, "provenance": "INFERRED"}}, {"type": "Feature", "geometry": {"type": "Point", "coordinates": [72.933333, 18.969722]}, "properties": {"slope_degrees": 3.45, "provenance": "INFERRED"}}, {"type": "Feature", "geometry": {"type": "Point", "coordinates": [72.939444, 18.969722]}, "properties": {"slope_degrees": 9.71, "provenance": "INFERRED"}}, {"type": "Feature", "geometry": {"type": "Point", "coordinates": [72.945556, 18.969722]}, "properties": {"slope_degrees": 0.0, "provenance": "INFERRED"}}, {"type": "Feature", "geometry": {"type": "Point", "coordinates": [72.951667, 18.969722]}, "properties": {"slope_degrees": 0.0, "provenance": "INFERRED"}}, {"type": "Feature", "geometry": {"type": "Point", "coordinates": [72.957778, 18.969722]}, "properties": {"slope_degrees": 1.1, "provenance": "INFERRED"}}, {"type": "Feature", "geometry": {"type": "Point", "coordinates": [72.963889, 18.969722]}, "properties": {"slope_degrees": 0.0, "provenance": "INFERRED"}}, {"type": "Feature", "geometry": {"type": "Point", "coordinates": [72.97, 18.969722]}, "properties": {"slope_degrees": 0.0, "provenance": "INFERRED"}}, {"type": "Feature", "geometry": {"type": "Point", "coordinates": [72.976111, 18.969722]}, "properties": {"slope_degrees": 0.0, "provenance": "INFERRED"}}, {"type": "Feature", "geometry": {"type": "Point", "coordinates": [72.982222, 18.969722]}, "properties": {"slope_degrees": 0.0, "provenance": "INFERRED"}}, {"type": "Feature", "geometry": {"type": "Point", "coordinates": [72.988333, 18.969722]}, "properties": {"slope_degrees": 0.0, "provenance": "INFERRED"}}, {"type": "Feature", "geometry": {"type": "Point", "coordinates": [72.994444, 18.969722]}, "properties": {"slope_degrees": 0.0, "provenance": "INFERRED"}}, {"type": "Feature", "geometry": {"type": "Point", "coordinates": [73.000556, 18.969722]}, "properties": {"slope_degrees": 0.21, "provenance": "INFERRED"}}, {"type": "Feature", "geometry": {"type": "Point", "coordinates": [73.006667, 18.969722]}, "properties": {"slope_degrees": 0.21, "provenance": "INFERRED"}}, {"type": "Feature", "geometry": {"type": "Point", "coordinates": [73.012778, 18.969722]}, "properties": {"slope_degrees": 0.42, "provenance": "INFERRED"}}, {"type": "Feature", "geometry": {"type": "Point", "coordinates": [73.018889, 18.969722]}, "properties": {"slope_degrees": 3.48, "provenance": "INFERRED"}}, {"type": "Feature", "geometry": {"type": "Point", "coordinates": [73.025, 18.969722]}, "properties": {"slope_degrees": 6.34, "provenance": "INFERRED"}}, {"type": "Feature", "geometry": {"type": "Point", "coordinates": [73.031111, 18.969722]}, "properties": {"slope_degrees": 3.76, "provenance": "INFERRED"}}, {"type": "Feature", "geometry": {"type": "Point", "coordinates": [73.037222, 18.969722]}, "properties": {"slope_degrees": 1.27, "provenance": "INFERRED"}}, {"type": "Feature", "geometry": {"type": "Point", "coordinates": [73.043333, 18.969722]}, "properties": {"slope_degrees": 0.54, "provenance": "INFERRED"}}, {"type": "Feature", "geometry": {"type": "Point", "coordinates": [73.049722, 18.969722]}, "properties": {"slope_degrees": 3.15, "provenance": "INFERRED"}}, {"type": "Feature", "geometry": {"type": "Point", "coordinates": [72.75, 18.960556]}, "properties": {"slope_degrees": 0.0, "provenance": "INFERRED"}}, {"type": "Feature", "geometry": {"type": "Point", "coordinates": [72.756111, 18.960556]}, "properties": {"slope_degrees": 0.0, "provenance": "INFERRED"}}, {"type": "Feature", "geometry": {"type": "Point", "coordinates": [72.762222, 18.960556]}, "properties": {"slope_degrees": 0.0, "provenance": "INFERRED"}}, {"type": "Feature", "geometry": {"type": "Point", "coordinates": [72.768333, 18.960556]}, "properties": {"slope_degrees": 0.0, "provenance": "INFERRED"}}, {"type": "Feature", "geometry": {"type": "Point", "coordinates": [72.774444, 18.960556]}, "properties": {"slope_degrees": 0.0, "provenance": "INFERRED"}}, {"type": "Feature", "geometry": {"type": "Point", "coordinates": [72.780556, 18.960556]}, "properties": {"slope_degrees": 0.0, "provenance": "INFERRED"}}, {"type": "Feature", "geometry": {"type": "Point", "coordinates": [72.786667, 18.960556]}, "properties": {"slope_degrees": 0.0, "provenance": "INFERRED"}}, {"type": "Feature", "geometry": {"type": "Point", "coordinates": [72.792778, 18.960556]}, "properties": {"slope_degrees": 0.0, "provenance": "INFERRED"}}, {"type": "Feature", "geometry": {"type": "Point", "coordinates": [72.798889, 18.960556]}, "properties": {"slope_degrees": 0.0, "provenance": "INFERRED"}}, {"type": "Feature", "geometry": {"type": "Point", "coordinates": [72.805, 18.960556]}, "properties": {"slope_degrees": 5.51, "provenance": "INFERRED"}}, {"type": "Feature", "geometry": {"type": "Point", "coordinates": [72.811111, 18.960556]}, "properties": {"slope_degrees": 3.83, "provenance": "INFERRED"}}, {"type": "Feature", "geometry": {"type": "Point", "coordinates": [72.817222, 18.960556]}, "properties": {"slope_degrees": 5.03, "provenance": "INFERRED"}}, {"type": "Feature", "geometry": {"type": "Point", "coordinates": [72.823333, 18.960556]}, "properties": {"slope_degrees": 2.53, "provenance": "INFERRED"}}, {"type": "Feature", "geometry": {"type": "Point", "coordinates": [72.829444, 18.960556]}, "properties": {"slope_degrees": 4.47, "provenance": "INFERRED"}}, {"type": "Feature", "geometry": {"type": "Point", "coordinates": [72.835556, 18.960556]}, "properties": {"slope_degrees": 4.93, "provenance": "INFERRED"}}, {"type": "Feature", "geometry": {"type": "Point", "coordinates": [72.841667, 18.960556]}, "properties": {"slope_degrees": 0.21, "provenance": "INFERRED"}}, {"type": "Feature", "geometry": {"type": "Point", "coordinates": [72.847778, 18.960556]}, "properties": {"slope_degrees": 0.98, "provenance": "INFERRED"}}, {"type": "Feature", "geometry": {"type": "Point", "coordinates": [72.853889, 18.960556]}, "properties": {"slope_degrees": 0.0, "provenance": "INFERRED"}}, {"type": "Feature", "geometry": {"type": "Point", "coordinates": [72.86, 18.960556]}, "properties": {"slope_degrees": 0.0, "provenance": "INFERRED"}}, {"type": "Feature", "geometry": {"type": "Point", "coordinates": [72.866111, 18.960556]}, "properties": {"slope_degrees": 0.0, "provenance": "INFERRED"}}, {"type": "Feature", "geometry": {"type": "Point", "coordinates": [72.872222, 18.960556]}, "properties": {"slope_degrees": 0.0, "provenance": "INFERRED"}}, {"type": "Feature", "geometry": {"type": "Point", "coordinates": [72.878333, 18.960556]}, "properties": {"slope_degrees": 0.0, "provenance": "INFERRED"}}, {"type": "Feature", "geometry": {"type": "Point", "coordinates": [72.884444, 18.960556]}, "properties": {"slope_degrees": 0.0, "provenance": "INFERRED"}}, {"type": "Feature", "geometry": {"type": "Point", "coordinates": [72.890556, 18.960556]}, "properties": {"slope_degrees": 0.0, "provenance": "INFERRED"}}, {"type": "Feature", "geometry": {"type": "Point", "coordinates": [72.896667, 18.960556]}, "properties": {"slope_degrees": 0.0, "provenance": "INFERRED"}}, {"type": "Feature", "geometry": {"type": "Point", "coordinates": [72.902778, 18.960556]}, "properties": {"slope_degrees": 5.76, "provenance": "INFERRED"}}, {"type": "Feature", "geometry": {"type": "Point", "coordinates": [72.908889, 18.960556]}, "properties": {"slope_degrees": 0.0, "provenance": "INFERRED"}}, {"type": "Feature", "geometry": {"type": "Point", "coordinates": [72.915, 18.960556]}, "properties": {"slope_degrees": 0.0, "provenance": "INFERRED"}}, {"type": "Feature", "geometry": {"type": "Point", "coordinates": [72.921111, 18.960556]}, "properties": {"slope_degrees": 0.0, "provenance": "INFERRED"}}, {"type": "Feature", "geometry": {"type": "Point", "coordinates": [72.927222, 18.960556]}, "properties": {"slope_degrees": 15.55, "provenance": "INFERRED"}}, {"type": "Feature", "geometry": {"type": "Point", "coordinates": [72.933333, 18.960556]}, "properties": {"slope_degrees": 20.25, "provenance": "INFERRED"}}, {"type": "Feature", "geometry": {"type": "Point", "coordinates": [72.939444, 18.960556]}, "properties": {"slope_degrees": 0.0, "provenance": "INFERRED"}}, {"type": "Feature", "geometry": {"type": "Point", "coordinates": [72.945556, 18.960556]}, "properties": {"slope_degrees": 0.0, "provenance": "INFERRED"}}, {"type": "Feature", "geometry": {"type": "Point", "coordinates": [72.951667, 18.960556]}, "properties": {"slope_degrees": 3.65, "provenance": "INFERRED"}}, {"type": "Feature", "geometry": {"type": "Point", "coordinates": [72.957778, 18.960556]}, "properties": {"slope_degrees": 0.0, "provenance": "INFERRED"}}, {"type": "Feature", "geometry": {"type": "Point", "coordinates": [72.963889, 18.960556]}, "properties": {"slope_degrees": 3.06, "provenance": "INFERRED"}}, {"type": "Feature", "geometry": {"type": "Point", "coordinates": [72.97, 18.960556]}, "properties": {"slope_degrees": 0.2, "provenance": "INFERRED"}}, {"type": "Feature", "geometry": {"type": "Point", "coordinates": [72.976111, 18.960556]}, "properties": {"slope_degrees": 2.06, "provenance": "INFERRED"}}, {"type": "Feature", "geometry": {"type": "Point", "coordinates": [72.982222, 18.960556]}, "properties": {"slope_degrees": 0.1, "provenance": "INFERRED"}}, {"type": "Feature", "geometry": {"type": "Point", "coordinates": [72.988333, 18.960556]}, "properties": {"slope_degrees": 0.15, "provenance": "INFERRED"}}, {"type": "Feature", "geometry": {"type": "Point", "coordinates": [72.994444, 18.960556]}, "properties": {"slope_degrees": 0.33, "provenance": "INFERRED"}}, {"type": "Feature", "geometry": {"type": "Point", "coordinates": [73.000556, 18.960556]}, "properties": {"slope_degrees": 0.49, "provenance": "INFERRED"}}, {"type": "Feature", "geometry": {"type": "Point", "coordinates": [73.006667, 18.960556]}, "properties": {"slope_degrees": 0.21, "provenance": "INFERRED"}}, {"type": "Feature", "geometry": {"type": "Point", "coordinates": [73.012778, 18.960556]}, "properties": {"slope_degrees": 1.82, "provenance": "INFERRED"}}, {"type": "Feature", "geometry": {"type": "Point", "coordinates": [73.018889, 18.960556]}, "properties": {"slope_degrees": 1.07, "provenance": "INFERRED"}}, {"type": "Feature", "geometry": {"type": "Point", "coordinates": [73.025, 18.960556]}, "properties": {"slope_degrees": 9.14, "provenance": "INFERRED"}}, {"type": "Feature", "geometry": {"type": "Point", "coordinates": [73.031111, 18.960556]}, "properties": {"slope_degrees": 4.1, "provenance": "INFERRED"}}, {"type": "Feature", "geometry": {"type": "Point", "coordinates": [73.037222, 18.960556]}, "properties": {"slope_degrees": 9.34, "provenance": "INFERRED"}}, {"type": "Feature", "geometry": {"type": "Point", "coordinates": [73.043333, 18.960556]}, "properties": {"slope_degrees": 11.12, "provenance": "INFERRED"}}, {"type": "Feature", "geometry": {"type": "Point", "coordinates": [73.049722, 18.960556]}, "properties": {"slope_degrees": 5.59, "provenance": "INFERRED"}}, {"type": "Feature", "geometry": {"type": "Point", "coordinates": [72.75, 18.951389]}, "properties": {"slope_degrees": 0.0, "provenance": "INFERRED"}}, {"type": "Feature", "geometry": {"type": "Point", "coordinates": [72.756111, 18.951389]}, "properties": {"slope_degrees": 0.0, "provenance": "INFERRED"}}, {"type": "Feature", "geometry": {"type": "Point", "coordinates": [72.762222, 18.951389]}, "properties": {"slope_degrees": 0.0, "provenance": "INFERRED"}}, {"type": "Feature", "geometry": {"type": "Point", "coordinates": [72.768333, 18.951389]}, "properties": {"slope_degrees": 0.0, "provenance": "INFERRED"}}, {"type": "Feature", "geometry": {"type": "Point", "coordinates": [72.774444, 18.951389]}, "properties": {"slope_degrees": 0.0, "provenance": "INFERRED"}}, {"type": "Feature", "geometry": {"type": "Point", "coordinates": [72.780556, 18.951389]}, "properties": {"slope_degrees": 0.0, "provenance": "INFERRED"}}, {"type": "Feature", "geometry": {"type": "Point", "coordinates": [72.786667, 18.951389]}, "properties": {"slope_degrees": 0.0, "provenance": "INFERRED"}}, {"type": "Feature", "geometry": {"type": "Point", "coordinates": [72.792778, 18.951389]}, "properties": {"slope_degrees": 6.41, "provenance": "INFERRED"}}, {"type": "Feature", "geometry": {"type": "Point", "coordinates": [72.798889, 18.951389]}, "properties": {"slope_degrees": 8.26, "provenance": "INFERRED"}}, {"type": "Feature", "geometry": {"type": "Point", "coordinates": [72.805, 18.951389]}, "properties": {"slope_degrees": 0.0, "provenance": "INFERRED"}}, {"type": "Feature", "geometry": {"type": "Point", "coordinates": [72.811111, 18.951389]}, "properties": {"slope_degrees": 0.0, "provenance": "INFERRED"}}, {"type": "Feature", "geometry": {"type": "Point", "coordinates": [72.817222, 18.951389]}, "properties": {"slope_degrees": 5.0, "provenance": "INFERRED"}}, {"type": "Feature", "geometry": {"type": "Point", "coordinates": [72.823333, 18.951389]}, "properties": {"slope_degrees": 1.62, "provenance": "INFERRED"}}, {"type": "Feature", "geometry": {"type": "Point", "coordinates": [72.829444, 18.951389]}, "properties": {"slope_degrees": 0.19, "provenance": "INFERRED"}}, {"type": "Feature", "geometry": {"type": "Point", "coordinates": [72.835556, 18.951389]}, "properties": {"slope_degrees": 3.4, "provenance": "INFERRED"}}, {"type": "Feature", "geometry": {"type": "Point", "coordinates": [72.841667, 18.951389]}, "properties": {"slope_degrees": 2.1, "provenance": "INFERRED"}}, {"type": "Feature", "geometry": {"type": "Point", "coordinates": [72.847778, 18.951389]}, "properties": {"slope_degrees": 0.0, "provenance": "INFERRED"}}, {"type": "Feature", "geometry": {"type": "Point", "coordinates": [72.853889, 18.951389]}, "properties": {"slope_degrees": 0.0, "provenance": "INFERRED"}}, {"type": "Feature", "geometry": {"type": "Point", "coordinates": [72.86, 18.951389]}, "properties": {"slope_degrees": 0.0, "provenance": "INFERRED"}}, {"type": "Feature", "geometry": {"type": "Point", "coordinates": [72.866111, 18.951389]}, "properties": {"slope_degrees": 0.0, "provenance": "INFERRED"}}, {"type": "Feature", "geometry": {"type": "Point", "coordinates": [72.872222, 18.951389]}, "properties": {"slope_degrees": 0.0, "provenance": "INFERRED"}}, {"type": "Feature", "geometry": {"type": "Point", "coordinates": [72.878333, 18.951389]}, "properties": {"slope_degrees": 0.0, "provenance": "INFERRED"}}, {"type": "Feature", "geometry": {"type": "Point", "coordinates": [72.884444, 18.951389]}, "properties": {"slope_degrees": 0.0, "provenance": "INFERRED"}}, {"type": "Feature", "geometry": {"type": "Point", "coordinates": [72.890556, 18.951389]}, "properties": {"slope_degrees": 0.0, "provenance": "INFERRED"}}, {"type": "Feature", "geometry": {"type": "Point", "coordinates": [72.896667, 18.951389]}, "properties": {"slope_degrees": 0.0, "provenance": "INFERRED"}}, {"type": "Feature", "geometry": {"type": "Point", "coordinates": [72.902778, 18.951389]}, "properties": {"slope_degrees": 0.0, "provenance": "INFERRED"}}, {"type": "Feature", "geometry": {"type": "Point", "coordinates": [72.908889, 18.951389]}, "properties": {"slope_degrees": 0.0, "provenance": "INFERRED"}}, {"type": "Feature", "geometry": {"type": "Point", "coordinates": [72.915, 18.951389]}, "properties": {"slope_degrees": 0.0, "provenance": "INFERRED"}}, {"type": "Feature", "geometry": {"type": "Point", "coordinates": [72.921111, 18.951389]}, "properties": {"slope_degrees": 0.0, "provenance": "INFERRED"}}, {"type": "Feature", "geometry": {"type": "Point", "coordinates": [72.927222, 18.951389]}, "properties": {"slope_degrees": 0.0, "provenance": "INFERRED"}}, {"type": "Feature", "geometry": {"type": "Point", "coordinates": [72.933333, 18.951389]}, "properties": {"slope_degrees": 0.0, "provenance": "INFERRED"}}, {"type": "Feature", "geometry": {"type": "Point", "coordinates": [72.939444, 18.951389]}, "properties": {"slope_degrees": 0.0, "provenance": "INFERRED"}}, {"type": "Feature", "geometry": {"type": "Point", "coordinates": [72.945556, 18.951389]}, "properties": {"slope_degrees": 0.0, "provenance": "INFERRED"}}, {"type": "Feature", "geometry": {"type": "Point", "coordinates": [72.951667, 18.951389]}, "properties": {"slope_degrees": 1.53, "provenance": "INFERRED"}}, {"type": "Feature", "geometry": {"type": "Point", "coordinates": [72.957778, 18.951389]}, "properties": {"slope_degrees": 1.38, "provenance": "INFERRED"}}, {"type": "Feature", "geometry": {"type": "Point", "coordinates": [72.963889, 18.951389]}, "properties": {"slope_degrees": 0.21, "provenance": "INFERRED"}}, {"type": "Feature", "geometry": {"type": "Point", "coordinates": [72.97, 18.951389]}, "properties": {"slope_degrees": 0.0, "provenance": "INFERRED"}}, {"type": "Feature", "geometry": {"type": "Point", "coordinates": [72.976111, 18.951389]}, "properties": {"slope_degrees": 0.0, "provenance": "INFERRED"}}, {"type": "Feature", "geometry": {"type": "Point", "coordinates": [72.982222, 18.951389]}, "properties": {"slope_degrees": 0.23, "provenance": "INFERRED"}}, {"type": "Feature", "geometry": {"type": "Point", "coordinates": [72.988333, 18.951389]}, "properties": {"slope_degrees": 0.33, "provenance": "INFERRED"}}, {"type": "Feature", "geometry": {"type": "Point", "coordinates": [72.994444, 18.951389]}, "properties": {"slope_degrees": 0.0, "provenance": "INFERRED"}}, {"type": "Feature", "geometry": {"type": "Point", "coordinates": [73.000556, 18.951389]}, "properties": {"slope_degrees": 0.0, "provenance": "INFERRED"}}, {"type": "Feature", "geometry": {"type": "Point", "coordinates": [73.006667, 18.951389]}, "properties": {"slope_degrees": 0.0, "provenance": "INFERRED"}}, {"type": "Feature", "geometry": {"type": "Point", "coordinates": [73.012778, 18.951389]}, "properties": {"slope_degrees": 3.05, "provenance": "INFERRED"}}, {"type": "Feature", "geometry": {"type": "Point", "coordinates": [73.018889, 18.951389]}, "properties": {"slope_degrees": 9.75, "provenance": "INFERRED"}}, {"type": "Feature", "geometry": {"type": "Point", "coordinates": [73.025, 18.951389]}, "properties": {"slope_degrees": 1.64, "provenance": "INFERRED"}}, {"type": "Feature", "geometry": {"type": "Point", "coordinates": [73.031111, 18.951389]}, "properties": {"slope_degrees": 2.95, "provenance": "INFERRED"}}, {"type": "Feature", "geometry": {"type": "Point", "coordinates": [73.037222, 18.951389]}, "properties": {"slope_degrees": 13.24, "provenance": "INFERRED"}}, {"type": "Feature", "geometry": {"type": "Point", "coordinates": [73.043333, 18.951389]}, "properties": {"slope_degrees": 3.81, "provenance": "INFERRED"}}, {"type": "Feature", "geometry": {"type": "Point", "coordinates": [73.049722, 18.951389]}, "properties": {"slope_degrees": 8.28, "provenance": "INFERRED"}}, {"type": "Feature", "geometry": {"type": "Point", "coordinates": [72.75, 18.942222]}, "properties": {"slope_degrees": 0.0, "provenance": "INFERRED"}}, {"type": "Feature", "geometry": {"type": "Point", "coordinates": [72.756111, 18.942222]}, "properties": {"slope_degrees": 0.0, "provenance": "INFERRED"}}, {"type": "Feature", "geometry": {"type": "Point", "coordinates": [72.762222, 18.942222]}, "properties": {"slope_degrees": 0.0, "provenance": "INFERRED"}}, {"type": "Feature", "geometry": {"type": "Point", "coordinates": [72.768333, 18.942222]}, "properties": {"slope_degrees": 0.0, "provenance": "INFERRED"}}, {"type": "Feature", "geometry": {"type": "Point", "coordinates": [72.774444, 18.942222]}, "properties": {"slope_degrees": 0.0, "provenance": "INFERRED"}}, {"type": "Feature", "geometry": {"type": "Point", "coordinates": [72.780556, 18.942222]}, "properties": {"slope_degrees": 0.0, "provenance": "INFERRED"}}, {"type": "Feature", "geometry": {"type": "Point", "coordinates": [72.786667, 18.942222]}, "properties": {"slope_degrees": 0.0, "provenance": "INFERRED"}}, {"type": "Feature", "geometry": {"type": "Point", "coordinates": [72.792778, 18.942222]}, "properties": {"slope_degrees": 0.0, "provenance": "INFERRED"}}, {"type": "Feature", "geometry": {"type": "Point", "coordinates": [72.798889, 18.942222]}, "properties": {"slope_degrees": 0.0, "provenance": "INFERRED"}}, {"type": "Feature", "geometry": {"type": "Point", "coordinates": [72.805, 18.942222]}, "properties": {"slope_degrees": 0.0, "provenance": "INFERRED"}}, {"type": "Feature", "geometry": {"type": "Point", "coordinates": [72.811111, 18.942222]}, "properties": {"slope_degrees": 0.0, "provenance": "INFERRED"}}, {"type": "Feature", "geometry": {"type": "Point", "coordinates": [72.817222, 18.942222]}, "properties": {"slope_degrees": 0.0, "provenance": "INFERRED"}}, {"type": "Feature", "geometry": {"type": "Point", "coordinates": [72.823333, 18.942222]}, "properties": {"slope_degrees": 5.41, "provenance": "INFERRED"}}, {"type": "Feature", "geometry": {"type": "Point", "coordinates": [72.829444, 18.942222]}, "properties": {"slope_degrees": 9.85, "provenance": "INFERRED"}}, {"type": "Feature", "geometry": {"type": "Point", "coordinates": [72.835556, 18.942222]}, "properties": {"slope_degrees": 2.52, "provenance": "INFERRED"}}, {"type": "Feature", "geometry": {"type": "Point", "coordinates": [72.841667, 18.942222]}, "properties": {"slope_degrees": 2.48, "provenance": "INFERRED"}}, {"type": "Feature", "geometry": {"type": "Point", "coordinates": [72.847778, 18.942222]}, "properties": {"slope_degrees": 0.0, "provenance": "INFERRED"}}, {"type": "Feature", "geometry": {"type": "Point", "coordinates": [72.853889, 18.942222]}, "properties": {"slope_degrees": 1.23, "provenance": "INFERRED"}}, {"type": "Feature", "geometry": {"type": "Point", "coordinates": [72.86, 18.942222]}, "properties": {"slope_degrees": 0.0, "provenance": "INFERRED"}}, {"type": "Feature", "geometry": {"type": "Point", "coordinates": [72.866111, 18.942222]}, "properties": {"slope_degrees": 0.0, "provenance": "INFERRED"}}, {"type": "Feature", "geometry": {"type": "Point", "coordinates": [72.872222, 18.942222]}, "properties": {"slope_degrees": 0.0, "provenance": "INFERRED"}}, {"type": "Feature", "geometry": {"type": "Point", "coordinates": [72.878333, 18.942222]}, "properties": {"slope_degrees": 0.0, "provenance": "INFERRED"}}, {"type": "Feature", "geometry": {"type": "Point", "coordinates": [72.884444, 18.942222]}, "properties": {"slope_degrees": 0.0, "provenance": "INFERRED"}}, {"type": "Feature", "geometry": {"type": "Point", "coordinates": [72.890556, 18.942222]}, "properties": {"slope_degrees": 0.0, "provenance": "INFERRED"}}, {"type": "Feature", "geometry": {"type": "Point", "coordinates": [72.896667, 18.942222]}, "properties": {"slope_degrees": 0.0, "provenance": "INFERRED"}}, {"type": "Feature", "geometry": {"type": "Point", "coordinates": [72.902778, 18.942222]}, "properties": {"slope_degrees": 0.0, "provenance": "INFERRED"}}, {"type": "Feature", "geometry": {"type": "Point", "coordinates": [72.908889, 18.942222]}, "properties": {"slope_degrees": 0.0, "provenance": "INFERRED"}}, {"type": "Feature", "geometry": {"type": "Point", "coordinates": [72.915, 18.942222]}, "properties": {"slope_degrees": 0.0, "provenance": "INFERRED"}}, {"type": "Feature", "geometry": {"type": "Point", "coordinates": [72.921111, 18.942222]}, "properties": {"slope_degrees": 0.0, "provenance": "INFERRED"}}, {"type": "Feature", "geometry": {"type": "Point", "coordinates": [72.927222, 18.942222]}, "properties": {"slope_degrees": 0.0, "provenance": "INFERRED"}}, {"type": "Feature", "geometry": {"type": "Point", "coordinates": [72.933333, 18.942222]}, "properties": {"slope_degrees": 0.0, "provenance": "INFERRED"}}, {"type": "Feature", "geometry": {"type": "Point", "coordinates": [72.939444, 18.942222]}, "properties": {"slope_degrees": 0.0, "provenance": "INFERRED"}}, {"type": "Feature", "geometry": {"type": "Point", "coordinates": [72.945556, 18.942222]}, "properties": {"slope_degrees": 2.24, "provenance": "INFERRED"}}, {"type": "Feature", "geometry": {"type": "Point", "coordinates": [72.951667, 18.942222]}, "properties": {"slope_degrees": 1.86, "provenance": "INFERRED"}}, {"type": "Feature", "geometry": {"type": "Point", "coordinates": [72.957778, 18.942222]}, "properties": {"slope_degrees": 3.47, "provenance": "INFERRED"}}, {"type": "Feature", "geometry": {"type": "Point", "coordinates": [72.963889, 18.942222]}, "properties": {"slope_degrees": 10.76, "provenance": "INFERRED"}}, {"type": "Feature", "geometry": {"type": "Point", "coordinates": [72.97, 18.942222]}, "properties": {"slope_degrees": 0.98, "provenance": "INFERRED"}}, {"type": "Feature", "geometry": {"type": "Point", "coordinates": [72.976111, 18.942222]}, "properties": {"slope_degrees": 0.48, "provenance": "INFERRED"}}, {"type": "Feature", "geometry": {"type": "Point", "coordinates": [72.982222, 18.942222]}, "properties": {"slope_degrees": 0.38, "provenance": "INFERRED"}}, {"type": "Feature", "geometry": {"type": "Point", "coordinates": [72.988333, 18.942222]}, "properties": {"slope_degrees": 0.94, "provenance": "INFERRED"}}, {"type": "Feature", "geometry": {"type": "Point", "coordinates": [72.994444, 18.942222]}, "properties": {"slope_degrees": 0.41, "provenance": "INFERRED"}}, {"type": "Feature", "geometry": {"type": "Point", "coordinates": [73.000556, 18.942222]}, "properties": {"slope_degrees": 0.7, "provenance": "INFERRED"}}, {"type": "Feature", "geometry": {"type": "Point", "coordinates": [73.006667, 18.942222]}, "properties": {"slope_degrees": 4.46, "provenance": "INFERRED"}}, {"type": "Feature", "geometry": {"type": "Point", "coordinates": [73.012778, 18.942222]}, "properties": {"slope_degrees": 13.94, "provenance": "INFERRED"}}, {"type": "Feature", "geometry": {"type": "Point", "coordinates": [73.018889, 18.942222]}, "properties": {"slope_degrees": 11.63, "provenance": "INFERRED"}}, {"type": "Feature", "geometry": {"type": "Point", "coordinates": [73.025, 18.942222]}, "properties": {"slope_degrees": 7.29, "provenance": "INFERRED"}}, {"type": "Feature", "geometry": {"type": "Point", "coordinates": [73.031111, 18.942222]}, "properties": {"slope_degrees": 0.5, "provenance": "INFERRED"}}, {"type": "Feature", "geometry": {"type": "Point", "coordinates": [73.037222, 18.942222]}, "properties": {"slope_degrees": 7.53, "provenance": "INFERRED"}}, {"type": "Feature", "geometry": {"type": "Point", "coordinates": [73.043333, 18.942222]}, "properties": {"slope_degrees": 5.82, "provenance": "INFERRED"}}, {"type": "Feature", "geometry": {"type": "Point", "coordinates": [73.049722, 18.942222]}, "properties": {"slope_degrees": 22.51, "provenance": "INFERRED"}}, {"type": "Feature", "geometry": {"type": "Point", "coordinates": [72.75, 18.933056]}, "properties": {"slope_degrees": 0.0, "provenance": "INFERRED"}}, {"type": "Feature", "geometry": {"type": "Point", "coordinates": [72.756111, 18.933056]}, "properties": {"slope_degrees": 0.0, "provenance": "INFERRED"}}, {"type": "Feature", "geometry": {"type": "Point", "coordinates": [72.762222, 18.933056]}, "properties": {"slope_degrees": 0.0, "provenance": "INFERRED"}}, {"type": "Feature", "geometry": {"type": "Point", "coordinates": [72.768333, 18.933056]}, "properties": {"slope_degrees": 0.0, "provenance": "INFERRED"}}, {"type": "Feature", "geometry": {"type": "Point", "coordinates": [72.774444, 18.933056]}, "properties": {"slope_degrees": 0.0, "provenance": "INFERRED"}}, {"type": "Feature", "geometry": {"type": "Point", "coordinates": [72.780556, 18.933056]}, "properties": {"slope_degrees": 0.0, "provenance": "INFERRED"}}, {"type": "Feature", "geometry": {"type": "Point", "coordinates": [72.786667, 18.933056]}, "properties": {"slope_degrees": 0.0, "provenance": "INFERRED"}}, {"type": "Feature", "geometry": {"type": "Point", "coordinates": [72.792778, 18.933056]}, "properties": {"slope_degrees": 0.0, "provenance": "INFERRED"}}, {"type": "Feature", "geometry": {"type": "Point", "coordinates": [72.798889, 18.933056]}, "properties": {"slope_degrees": 0.0, "provenance": "INFERRED"}}, {"type": "Feature", "geometry": {"type": "Point", "coordinates": [72.805, 18.933056]}, "properties": {"slope_degrees": 0.0, "provenance": "INFERRED"}}, {"type": "Feature", "geometry": {"type": "Point", "coordinates": [72.811111, 18.933056]}, "properties": {"slope_degrees": 0.0, "provenance": "INFERRED"}}, {"type": "Feature", "geometry": {"type": "Point", "coordinates": [72.817222, 18.933056]}, "properties": {"slope_degrees": 0.0, "provenance": "INFERRED"}}, {"type": "Feature", "geometry": {"type": "Point", "coordinates": [72.823333, 18.933056]}, "properties": {"slope_degrees": 4.38, "provenance": "INFERRED"}}, {"type": "Feature", "geometry": {"type": "Point", "coordinates": [72.829444, 18.933056]}, "properties": {"slope_degrees": 3.71, "provenance": "INFERRED"}}, {"type": "Feature", "geometry": {"type": "Point", "coordinates": [72.835556, 18.933056]}, "properties": {"slope_degrees": 3.43, "provenance": "INFERRED"}}, {"type": "Feature", "geometry": {"type": "Point", "coordinates": [72.841667, 18.933056]}, "properties": {"slope_degrees": 3.53, "provenance": "INFERRED"}}, {"type": "Feature", "geometry": {"type": "Point", "coordinates": [72.847778, 18.933056]}, "properties": {"slope_degrees": 0.0, "provenance": "INFERRED"}}, {"type": "Feature", "geometry": {"type": "Point", "coordinates": [72.853889, 18.933056]}, "properties": {"slope_degrees": 0.0, "provenance": "INFERRED"}}, {"type": "Feature", "geometry": {"type": "Point", "coordinates": [72.86, 18.933056]}, "properties": {"slope_degrees": 0.0, "provenance": "INFERRED"}}, {"type": "Feature", "geometry": {"type": "Point", "coordinates": [72.866111, 18.933056]}, "properties": {"slope_degrees": 0.0, "provenance": "INFERRED"}}, {"type": "Feature", "geometry": {"type": "Point", "coordinates": [72.872222, 18.933056]}, "properties": {"slope_degrees": 0.0, "provenance": "INFERRED"}}, {"type": "Feature", "geometry": {"type": "Point", "coordinates": [72.878333, 18.933056]}, "properties": {"slope_degrees": 0.0, "provenance": "INFERRED"}}, {"type": "Feature", "geometry": {"type": "Point", "coordinates": [72.884444, 18.933056]}, "properties": {"slope_degrees": 0.0, "provenance": "INFERRED"}}, {"type": "Feature", "geometry": {"type": "Point", "coordinates": [72.890556, 18.933056]}, "properties": {"slope_degrees": 0.0, "provenance": "INFERRED"}}, {"type": "Feature", "geometry": {"type": "Point", "coordinates": [72.896667, 18.933056]}, "properties": {"slope_degrees": 0.0, "provenance": "INFERRED"}}, {"type": "Feature", "geometry": {"type": "Point", "coordinates": [72.902778, 18.933056]}, "properties": {"slope_degrees": 0.0, "provenance": "INFERRED"}}, {"type": "Feature", "geometry": {"type": "Point", "coordinates": [72.908889, 18.933056]}, "properties": {"slope_degrees": 0.0, "provenance": "INFERRED"}}, {"type": "Feature", "geometry": {"type": "Point", "coordinates": [72.915, 18.933056]}, "properties": {"slope_degrees": 0.0, "provenance": "INFERRED"}}, {"type": "Feature", "geometry": {"type": "Point", "coordinates": [72.921111, 18.933056]}, "properties": {"slope_degrees": 0.0, "provenance": "INFERRED"}}, {"type": "Feature", "geometry": {"type": "Point", "coordinates": [72.927222, 18.933056]}, "properties": {"slope_degrees": 0.0, "provenance": "INFERRED"}}, {"type": "Feature", "geometry": {"type": "Point", "coordinates": [72.933333, 18.933056]}, "properties": {"slope_degrees": 0.0, "provenance": "INFERRED"}}, {"type": "Feature", "geometry": {"type": "Point", "coordinates": [72.939444, 18.933056]}, "properties": {"slope_degrees": 0.0, "provenance": "INFERRED"}}, {"type": "Feature", "geometry": {"type": "Point", "coordinates": [72.945556, 18.933056]}, "properties": {"slope_degrees": 0.0, "provenance": "INFERRED"}}, {"type": "Feature", "geometry": {"type": "Point", "coordinates": [72.951667, 18.933056]}, "properties": {"slope_degrees": 4.07, "provenance": "INFERRED"}}, {"type": "Feature", "geometry": {"type": "Point", "coordinates": [72.957778, 18.933056]}, "properties": {"slope_degrees": 15.04, "provenance": "INFERRED"}}, {"type": "Feature", "geometry": {"type": "Point", "coordinates": [72.963889, 18.933056]}, "properties": {"slope_degrees": 0.0, "provenance": "INFERRED"}}, {"type": "Feature", "geometry": {"type": "Point", "coordinates": [72.97, 18.933056]}, "properties": {"slope_degrees": 0.62, "provenance": "INFERRED"}}, {"type": "Feature", "geometry": {"type": "Point", "coordinates": [72.976111, 18.933056]}, "properties": {"slope_degrees": 0.17, "provenance": "INFERRED"}}, {"type": "Feature", "geometry": {"type": "Point", "coordinates": [72.982222, 18.933056]}, "properties": {"slope_degrees": 0.47, "provenance": "INFERRED"}}, {"type": "Feature", "geometry": {"type": "Point", "coordinates": [72.988333, 18.933056]}, "properties": {"slope_degrees": 0.66, "provenance": "INFERRED"}}, {"type": "Feature", "geometry": {"type": "Point", "coordinates": [72.994444, 18.933056]}, "properties": {"slope_degrees": 0.24, "provenance": "INFERRED"}}, {"type": "Feature", "geometry": {"type": "Point", "coordinates": [73.000556, 18.933056]}, "properties": {"slope_degrees": 0.03, "provenance": "INFERRED"}}, {"type": "Feature", "geometry": {"type": "Point", "coordinates": [73.006667, 18.933056]}, "properties": {"slope_degrees": 6.42, "provenance": "INFERRED"}}, {"type": "Feature", "geometry": {"type": "Point", "coordinates": [73.012778, 18.933056]}, "properties": {"slope_degrees": 8.38, "provenance": "INFERRED"}}, {"type": "Feature", "geometry": {"type": "Point", "coordinates": [73.018889, 18.933056]}, "properties": {"slope_degrees": 2.81, "provenance": "INFERRED"}}, {"type": "Feature", "geometry": {"type": "Point", "coordinates": [73.025, 18.933056]}, "properties": {"slope_degrees": 1.17, "provenance": "INFERRED"}}, {"type": "Feature", "geometry": {"type": "Point", "coordinates": [73.031111, 18.933056]}, "properties": {"slope_degrees": 1.88, "provenance": "INFERRED"}}, {"type": "Feature", "geometry": {"type": "Point", "coordinates": [73.037222, 18.933056]}, "properties": {"slope_degrees": 9.56, "provenance": "INFERRED"}}, {"type": "Feature", "geometry": {"type": "Point", "coordinates": [73.043333, 18.933056]}, "properties": {"slope_degrees": 1.58, "provenance": "INFERRED"}}, {"type": "Feature", "geometry": {"type": "Point", "coordinates": [73.049722, 18.933056]}, "properties": {"slope_degrees": 6.64, "provenance": "INFERRED"}}, {"type": "Feature", "geometry": {"type": "Point", "coordinates": [72.75, 18.923889]}, "properties": {"slope_degrees": 0.0, "provenance": "INFERRED"}}, {"type": "Feature", "geometry": {"type": "Point", "coordinates": [72.756111, 18.923889]}, "properties": {"slope_degrees": 0.0, "provenance": "INFERRED"}}, {"type": "Feature", "geometry": {"type": "Point", "coordinates": [72.762222, 18.923889]}, "properties": {"slope_degrees": 0.0, "provenance": "INFERRED"}}, {"type": "Feature", "geometry": {"type": "Point", "coordinates": [72.768333, 18.923889]}, "properties": {"slope_degrees": 0.0, "provenance": "INFERRED"}}, {"type": "Feature", "geometry": {"type": "Point", "coordinates": [72.774444, 18.923889]}, "properties": {"slope_degrees": 0.0, "provenance": "INFERRED"}}, {"type": "Feature", "geometry": {"type": "Point", "coordinates": [72.780556, 18.923889]}, "properties": {"slope_degrees": 0.0, "provenance": "INFERRED"}}, {"type": "Feature", "geometry": {"type": "Point", "coordinates": [72.786667, 18.923889]}, "properties": {"slope_degrees": 0.0, "provenance": "INFERRED"}}, {"type": "Feature", "geometry": {"type": "Point", "coordinates": [72.792778, 18.923889]}, "properties": {"slope_degrees": 0.0, "provenance": "INFERRED"}}, {"type": "Feature", "geometry": {"type": "Point", "coordinates": [72.798889, 18.923889]}, "properties": {"slope_degrees": 0.0, "provenance": "INFERRED"}}, {"type": "Feature", "geometry": {"type": "Point", "coordinates": [72.805, 18.923889]}, "properties": {"slope_degrees": 0.0, "provenance": "INFERRED"}}, {"type": "Feature", "geometry": {"type": "Point", "coordinates": [72.811111, 18.923889]}, "properties": {"slope_degrees": 0.0, "provenance": "INFERRED"}}, {"type": "Feature", "geometry": {"type": "Point", "coordinates": [72.817222, 18.923889]}, "properties": {"slope_degrees": 0.0, "provenance": "INFERRED"}}, {"type": "Feature", "geometry": {"type": "Point", "coordinates": [72.823333, 18.923889]}, "properties": {"slope_degrees": 6.14, "provenance": "INFERRED"}}, {"type": "Feature", "geometry": {"type": "Point", "coordinates": [72.829444, 18.923889]}, "properties": {"slope_degrees": 11.8, "provenance": "INFERRED"}}, {"type": "Feature", "geometry": {"type": "Point", "coordinates": [72.835556, 18.923889]}, "properties": {"slope_degrees": 4.82, "provenance": "INFERRED"}}, {"type": "Feature", "geometry": {"type": "Point", "coordinates": [72.841667, 18.923889]}, "properties": {"slope_degrees": 0.0, "provenance": "INFERRED"}}, {"type": "Feature", "geometry": {"type": "Point", "coordinates": [72.847778, 18.923889]}, "properties": {"slope_degrees": 0.0, "provenance": "INFERRED"}}, {"type": "Feature", "geometry": {"type": "Point", "coordinates": [72.853889, 18.923889]}, "properties": {"slope_degrees": 0.0, "provenance": "INFERRED"}}, {"type": "Feature", "geometry": {"type": "Point", "coordinates": [72.86, 18.923889]}, "properties": {"slope_degrees": 0.0, "provenance": "INFERRED"}}, {"type": "Feature", "geometry": {"type": "Point", "coordinates": [72.866111, 18.923889]}, "properties": {"slope_degrees": 0.0, "provenance": "INFERRED"}}, {"type": "Feature", "geometry": {"type": "Point", "coordinates": [72.872222, 18.923889]}, "properties": {"slope_degrees": 0.0, "provenance": "INFERRED"}}, {"type": "Feature", "geometry": {"type": "Point", "coordinates": [72.878333, 18.923889]}, "properties": {"slope_degrees": 0.0, "provenance": "INFERRED"}}, {"type": "Feature", "geometry": {"type": "Point", "coordinates": [72.884444, 18.923889]}, "properties": {"slope_degrees": 0.0, "provenance": "INFERRED"}}, {"type": "Feature", "geometry": {"type": "Point", "coordinates": [72.890556, 18.923889]}, "properties": {"slope_degrees": 0.0, "provenance": "INFERRED"}}, {"type": "Feature", "geometry": {"type": "Point", "coordinates": [72.896667, 18.923889]}, "properties": {"slope_degrees": 0.0, "provenance": "INFERRED"}}, {"type": "Feature", "geometry": {"type": "Point", "coordinates": [72.902778, 18.923889]}, "properties": {"slope_degrees": 0.0, "provenance": "INFERRED"}}, {"type": "Feature", "geometry": {"type": "Point", "coordinates": [72.908889, 18.923889]}, "properties": {"slope_degrees": 0.0, "provenance": "INFERRED"}}, {"type": "Feature", "geometry": {"type": "Point", "coordinates": [72.915, 18.923889]}, "properties": {"slope_degrees": 0.0, "provenance": "INFERRED"}}, {"type": "Feature", "geometry": {"type": "Point", "coordinates": [72.921111, 18.923889]}, "properties": {"slope_degrees": 0.0, "provenance": "INFERRED"}}, {"type": "Feature", "geometry": {"type": "Point", "coordinates": [72.927222, 18.923889]}, "properties": {"slope_degrees": 0.0, "provenance": "INFERRED"}}, {"type": "Feature", "geometry": {"type": "Point", "coordinates": [72.933333, 18.923889]}, "properties": {"slope_degrees": 0.0, "provenance": "INFERRED"}}, {"type": "Feature", "geometry": {"type": "Point", "coordinates": [72.939444, 18.923889]}, "properties": {"slope_degrees": 0.0, "provenance": "INFERRED"}}, {"type": "Feature", "geometry": {"type": "Point", "coordinates": [72.945556, 18.923889]}, "properties": {"slope_degrees": 0.0, "provenance": "INFERRED"}}, {"type": "Feature", "geometry": {"type": "Point", "coordinates": [72.951667, 18.923889]}, "properties": {"slope_degrees": 0.0, "provenance": "INFERRED"}}, {"type": "Feature", "geometry": {"type": "Point", "coordinates": [72.957778, 18.923889]}, "properties": {"slope_degrees": 0.0, "provenance": "INFERRED"}}, {"type": "Feature", "geometry": {"type": "Point", "coordinates": [72.963889, 18.923889]}, "properties": {"slope_degrees": 0.0, "provenance": "INFERRED"}}, {"type": "Feature", "geometry": {"type": "Point", "coordinates": [72.97, 18.923889]}, "properties": {"slope_degrees": 0.45, "provenance": "INFERRED"}}, {"type": "Feature", "geometry": {"type": "Point", "coordinates": [72.976111, 18.923889]}, "properties": {"slope_degrees": 0.3, "provenance": "INFERRED"}}, {"type": "Feature", "geometry": {"type": "Point", "coordinates": [72.982222, 18.923889]}, "properties": {"slope_degrees": 0.0, "provenance": "INFERRED"}}, {"type": "Feature", "geometry": {"type": "Point", "coordinates": [72.988333, 18.923889]}, "properties": {"slope_degrees": 0.24, "provenance": "INFERRED"}}, {"type": "Feature", "geometry": {"type": "Point", "coordinates": [72.994444, 18.923889]}, "properties": {"slope_degrees": 0.41, "provenance": "INFERRED"}}, {"type": "Feature", "geometry": {"type": "Point", "coordinates": [73.000556, 18.923889]}, "properties": {"slope_degrees": 0.26, "provenance": "INFERRED"}}, {"type": "Feature", "geometry": {"type": "Point", "coordinates": [73.006667, 18.923889]}, "properties": {"slope_degrees": 0.0, "provenance": "INFERRED"}}, {"type": "Feature", "geometry": {"type": "Point", "coordinates": [73.012778, 18.923889]}, "properties": {"slope_degrees": 0.0, "provenance": "INFERRED"}}, {"type": "Feature", "geometry": {"type": "Point", "coordinates": [73.018889, 18.923889]}, "properties": {"slope_degrees": 0.0, "provenance": "INFERRED"}}, {"type": "Feature", "geometry": {"type": "Point", "coordinates": [73.025, 18.923889]}, "properties": {"slope_degrees": 0.64, "provenance": "INFERRED"}}, {"type": "Feature", "geometry": {"type": "Point", "coordinates": [73.031111, 18.923889]}, "properties": {"slope_degrees": 1.78, "provenance": "INFERRED"}}, {"type": "Feature", "geometry": {"type": "Point", "coordinates": [73.037222, 18.923889]}, "properties": {"slope_degrees": 0.0, "provenance": "INFERRED"}}, {"type": "Feature", "geometry": {"type": "Point", "coordinates": [73.043333, 18.923889]}, "properties": {"slope_degrees": 1.44, "provenance": "INFERRED"}}, {"type": "Feature", "geometry": {"type": "Point", "coordinates": [73.049722, 18.923889]}, "properties": {"slope_degrees": 0.95, "provenance": "INFERRED"}}, {"type": "Feature", "geometry": {"type": "Point", "coordinates": [72.75, 18.914722]}, "properties": {"slope_degrees": 0.0, "provenance": "INFERRED"}}, {"type": "Feature", "geometry": {"type": "Point", "coordinates": [72.756111, 18.914722]}, "properties": {"slope_degrees": 0.0, "provenance": "INFERRED"}}, {"type": "Feature", "geometry": {"type": "Point", "coordinates": [72.762222, 18.914722]}, "properties": {"slope_degrees": 0.0, "provenance": "INFERRED"}}, {"type": "Feature", "geometry": {"type": "Point", "coordinates": [72.768333, 18.914722]}, "properties": {"slope_degrees": 0.0, "provenance": "INFERRED"}}, {"type": "Feature", "geometry": {"type": "Point", "coordinates": [72.774444, 18.914722]}, "properties": {"slope_degrees": 0.0, "provenance": "INFERRED"}}, {"type": "Feature", "geometry": {"type": "Point", "coordinates": [72.780556, 18.914722]}, "properties": {"slope_degrees": 0.0, "provenance": "INFERRED"}}, {"type": "Feature", "geometry": {"type": "Point", "coordinates": [72.786667, 18.914722]}, "properties": {"slope_degrees": 0.0, "provenance": "INFERRED"}}, {"type": "Feature", "geometry": {"type": "Point", "coordinates": [72.792778, 18.914722]}, "properties": {"slope_degrees": 0.0, "provenance": "INFERRED"}}, {"type": "Feature", "geometry": {"type": "Point", "coordinates": [72.798889, 18.914722]}, "properties": {"slope_degrees": 0.0, "provenance": "INFERRED"}}, {"type": "Feature", "geometry": {"type": "Point", "coordinates": [72.805, 18.914722]}, "properties": {"slope_degrees": 0.0, "provenance": "INFERRED"}}, {"type": "Feature", "geometry": {"type": "Point", "coordinates": [72.811111, 18.914722]}, "properties": {"slope_degrees": 0.0, "provenance": "INFERRED"}}, {"type": "Feature", "geometry": {"type": "Point", "coordinates": [72.817222, 18.914722]}, "properties": {"slope_degrees": 3.42, "provenance": "INFERRED"}}, {"type": "Feature", "geometry": {"type": "Point", "coordinates": [72.823333, 18.914722]}, "properties": {"slope_degrees": 5.8, "provenance": "INFERRED"}}, {"type": "Feature", "geometry": {"type": "Point", "coordinates": [72.829444, 18.914722]}, "properties": {"slope_degrees": 10.62, "provenance": "INFERRED"}}, {"type": "Feature", "geometry": {"type": "Point", "coordinates": [72.835556, 18.914722]}, "properties": {"slope_degrees": 0.0, "provenance": "INFERRED"}}, {"type": "Feature", "geometry": {"type": "Point", "coordinates": [72.841667, 18.914722]}, "properties": {"slope_degrees": 0.0, "provenance": "INFERRED"}}, {"type": "Feature", "geometry": {"type": "Point", "coordinates": [72.847778, 18.914722]}, "properties": {"slope_degrees": 0.0, "provenance": "INFERRED"}}, {"type": "Feature", "geometry": {"type": "Point", "coordinates": [72.853889, 18.914722]}, "properties": {"slope_degrees": 0.0, "provenance": "INFERRED"}}, {"type": "Feature", "geometry": {"type": "Point", "coordinates": [72.86, 18.914722]}, "properties": {"slope_degrees": 0.0, "provenance": "INFERRED"}}, {"type": "Feature", "geometry": {"type": "Point", "coordinates": [72.866111, 18.914722]}, "properties": {"slope_degrees": 0.0, "provenance": "INFERRED"}}, {"type": "Feature", "geometry": {"type": "Point", "coordinates": [72.872222, 18.914722]}, "properties": {"slope_degrees": 0.0, "provenance": "INFERRED"}}, {"type": "Feature", "geometry": {"type": "Point", "coordinates": [72.878333, 18.914722]}, "properties": {"slope_degrees": 0.0, "provenance": "INFERRED"}}, {"type": "Feature", "geometry": {"type": "Point", "coordinates": [72.884444, 18.914722]}, "properties": {"slope_degrees": 0.0, "provenance": "INFERRED"}}, {"type": "Feature", "geometry": {"type": "Point", "coordinates": [72.890556, 18.914722]}, "properties": {"slope_degrees": 0.0, "provenance": "INFERRED"}}, {"type": "Feature", "geometry": {"type": "Point", "coordinates": [72.896667, 18.914722]}, "properties": {"slope_degrees": 0.0, "provenance": "INFERRED"}}, {"type": "Feature", "geometry": {"type": "Point", "coordinates": [72.902778, 18.914722]}, "properties": {"slope_degrees": 0.0, "provenance": "INFERRED"}}, {"type": "Feature", "geometry": {"type": "Point", "coordinates": [72.908889, 18.914722]}, "properties": {"slope_degrees": 0.0, "provenance": "INFERRED"}}, {"type": "Feature", "geometry": {"type": "Point", "coordinates": [72.915, 18.914722]}, "properties": {"slope_degrees": 0.0, "provenance": "INFERRED"}}, {"type": "Feature", "geometry": {"type": "Point", "coordinates": [72.921111, 18.914722]}, "properties": {"slope_degrees": 0.0, "provenance": "INFERRED"}}, {"type": "Feature", "geometry": {"type": "Point", "coordinates": [72.927222, 18.914722]}, "properties": {"slope_degrees": 0.0, "provenance": "INFERRED"}}, {"type": "Feature", "geometry": {"type": "Point", "coordinates": [72.933333, 18.914722]}, "properties": {"slope_degrees": 0.0, "provenance": "INFERRED"}}, {"type": "Feature", "geometry": {"type": "Point", "coordinates": [72.939444, 18.914722]}, "properties": {"slope_degrees": 0.0, "provenance": "INFERRED"}}, {"type": "Feature", "geometry": {"type": "Point", "coordinates": [72.945556, 18.914722]}, "properties": {"slope_degrees": 0.0, "provenance": "INFERRED"}}, {"type": "Feature", "geometry": {"type": "Point", "coordinates": [72.951667, 18.914722]}, "properties": {"slope_degrees": 0.0, "provenance": "INFERRED"}}, {"type": "Feature", "geometry": {"type": "Point", "coordinates": [72.957778, 18.914722]}, "properties": {"slope_degrees": 0.0, "provenance": "INFERRED"}}, {"type": "Feature", "geometry": {"type": "Point", "coordinates": [72.963889, 18.914722]}, "properties": {"slope_degrees": 0.19, "provenance": "INFERRED"}}, {"type": "Feature", "geometry": {"type": "Point", "coordinates": [72.97, 18.914722]}, "properties": {"slope_degrees": 0.78, "provenance": "INFERRED"}}, {"type": "Feature", "geometry": {"type": "Point", "coordinates": [72.976111, 18.914722]}, "properties": {"slope_degrees": 1.73, "provenance": "INFERRED"}}, {"type": "Feature", "geometry": {"type": "Point", "coordinates": [72.982222, 18.914722]}, "properties": {"slope_degrees": 0.0, "provenance": "INFERRED"}}, {"type": "Feature", "geometry": {"type": "Point", "coordinates": [72.988333, 18.914722]}, "properties": {"slope_degrees": 1.58, "provenance": "INFERRED"}}, {"type": "Feature", "geometry": {"type": "Point", "coordinates": [72.994444, 18.914722]}, "properties": {"slope_degrees": 0.35, "provenance": "INFERRED"}}, {"type": "Feature", "geometry": {"type": "Point", "coordinates": [73.000556, 18.914722]}, "properties": {"slope_degrees": 0.33, "provenance": "INFERRED"}}, {"type": "Feature", "geometry": {"type": "Point", "coordinates": [73.006667, 18.914722]}, "properties": {"slope_degrees": 0.0, "provenance": "INFERRED"}}, {"type": "Feature", "geometry": {"type": "Point", "coordinates": [73.012778, 18.914722]}, "properties": {"slope_degrees": 0.17, "provenance": "INFERRED"}}, {"type": "Feature", "geometry": {"type": "Point", "coordinates": [73.018889, 18.914722]}, "properties": {"slope_degrees": 0.0, "provenance": "INFERRED"}}, {"type": "Feature", "geometry": {"type": "Point", "coordinates": [73.025, 18.914722]}, "properties": {"slope_degrees": 0.0, "provenance": "INFERRED"}}, {"type": "Feature", "geometry": {"type": "Point", "coordinates": [73.031111, 18.914722]}, "properties": {"slope_degrees": 0.23, "provenance": "INFERRED"}}, {"type": "Feature", "geometry": {"type": "Point", "coordinates": [73.037222, 18.914722]}, "properties": {"slope_degrees": 0.3, "provenance": "INFERRED"}}, {"type": "Feature", "geometry": {"type": "Point", "coordinates": [73.043333, 18.914722]}, "properties": {"slope_degrees": 0.31, "provenance": "INFERRED"}}, {"type": "Feature", "geometry": {"type": "Point", "coordinates": [73.049722, 18.914722]}, "properties": {"slope_degrees": 3.5, "provenance": "INFERRED"}}, {"type": "Feature", "geometry": {"type": "Point", "coordinates": [72.75, 18.905556]}, "properties": {"slope_degrees": 0.0, "provenance": "INFERRED"}}, {"type": "Feature", "geometry": {"type": "Point", "coordinates": [72.756111, 18.905556]}, "properties": {"slope_degrees": 0.0, "provenance": "INFERRED"}}, {"type": "Feature", "geometry": {"type": "Point", "coordinates": [72.762222, 18.905556]}, "properties": {"slope_degrees": 0.0, "provenance": "INFERRED"}}, {"type": "Feature", "geometry": {"type": "Point", "coordinates": [72.768333, 18.905556]}, "properties": {"slope_degrees": 0.0, "provenance": "INFERRED"}}, {"type": "Feature", "geometry": {"type": "Point", "coordinates": [72.774444, 18.905556]}, "properties": {"slope_degrees": 0.0, "provenance": "INFERRED"}}, {"type": "Feature", "geometry": {"type": "Point", "coordinates": [72.780556, 18.905556]}, "properties": {"slope_degrees": 0.0, "provenance": "INFERRED"}}, {"type": "Feature", "geometry": {"type": "Point", "coordinates": [72.786667, 18.905556]}, "properties": {"slope_degrees": 0.0, "provenance": "INFERRED"}}, {"type": "Feature", "geometry": {"type": "Point", "coordinates": [72.792778, 18.905556]}, "properties": {"slope_degrees": 0.0, "provenance": "INFERRED"}}, {"type": "Feature", "geometry": {"type": "Point", "coordinates": [72.798889, 18.905556]}, "properties": {"slope_degrees": 0.0, "provenance": "INFERRED"}}, {"type": "Feature", "geometry": {"type": "Point", "coordinates": [72.805, 18.905556]}, "properties": {"slope_degrees": 1.23, "provenance": "INFERRED"}}, {"type": "Feature", "geometry": {"type": "Point", "coordinates": [72.811111, 18.905556]}, "properties": {"slope_degrees": 0.0, "provenance": "INFERRED"}}, {"type": "Feature", "geometry": {"type": "Point", "coordinates": [72.817222, 18.905556]}, "properties": {"slope_degrees": 0.7, "provenance": "INFERRED"}}, {"type": "Feature", "geometry": {"type": "Point", "coordinates": [72.823333, 18.905556]}, "properties": {"slope_degrees": 0.0, "provenance": "INFERRED"}}, {"type": "Feature", "geometry": {"type": "Point", "coordinates": [72.829444, 18.905556]}, "properties": {"slope_degrees": 0.0, "provenance": "INFERRED"}}, {"type": "Feature", "geometry": {"type": "Point", "coordinates": [72.835556, 18.905556]}, "properties": {"slope_degrees": 0.0, "provenance": "INFERRED"}}, {"type": "Feature", "geometry": {"type": "Point", "coordinates": [72.841667, 18.905556]}, "properties": {"slope_degrees": 0.0, "provenance": "INFERRED"}}, {"type": "Feature", "geometry": {"type": "Point", "coordinates": [72.847778, 18.905556]}, "properties": {"slope_degrees": 0.0, "provenance": "INFERRED"}}, {"type": "Feature", "geometry": {"type": "Point", "coordinates": [72.853889, 18.905556]}, "properties": {"slope_degrees": 0.0, "provenance": "INFERRED"}}, {"type": "Feature", "geometry": {"type": "Point", "coordinates": [72.86, 18.905556]}, "properties": {"slope_degrees": 0.0, "provenance": "INFERRED"}}, {"type": "Feature", "geometry": {"type": "Point", "coordinates": [72.866111, 18.905556]}, "properties": {"slope_degrees": 0.0, "provenance": "INFERRED"}}, {"type": "Feature", "geometry": {"type": "Point", "coordinates": [72.872222, 18.905556]}, "properties": {"slope_degrees": 0.0, "provenance": "INFERRED"}}, {"type": "Feature", "geometry": {"type": "Point", "coordinates": [72.878333, 18.905556]}, "properties": {"slope_degrees": 0.0, "provenance": "INFERRED"}}, {"type": "Feature", "geometry": {"type": "Point", "coordinates": [72.884444, 18.905556]}, "properties": {"slope_degrees": 0.0, "provenance": "INFERRED"}}, {"type": "Feature", "geometry": {"type": "Point", "coordinates": [72.890556, 18.905556]}, "properties": {"slope_degrees": 0.0, "provenance": "INFERRED"}}, {"type": "Feature", "geometry": {"type": "Point", "coordinates": [72.896667, 18.905556]}, "properties": {"slope_degrees": 0.0, "provenance": "INFERRED"}}, {"type": "Feature", "geometry": {"type": "Point", "coordinates": [72.902778, 18.905556]}, "properties": {"slope_degrees": 0.0, "provenance": "INFERRED"}}, {"type": "Feature", "geometry": {"type": "Point", "coordinates": [72.908889, 18.905556]}, "properties": {"slope_degrees": 0.0, "provenance": "INFERRED"}}, {"type": "Feature", "geometry": {"type": "Point", "coordinates": [72.915, 18.905556]}, "properties": {"slope_degrees": 0.0, "provenance": "INFERRED"}}, {"type": "Feature", "geometry": {"type": "Point", "coordinates": [72.921111, 18.905556]}, "properties": {"slope_degrees": 14.2, "provenance": "INFERRED"}}, {"type": "Feature", "geometry": {"type": "Point", "coordinates": [72.927222, 18.905556]}, "properties": {"slope_degrees": 21.76, "provenance": "INFERRED"}}, {"type": "Feature", "geometry": {"type": "Point", "coordinates": [72.933333, 18.905556]}, "properties": {"slope_degrees": 0.0, "provenance": "INFERRED"}}, {"type": "Feature", "geometry": {"type": "Point", "coordinates": [72.939444, 18.905556]}, "properties": {"slope_degrees": 0.0, "provenance": "INFERRED"}}, {"type": "Feature", "geometry": {"type": "Point", "coordinates": [72.945556, 18.905556]}, "properties": {"slope_degrees": 0.6, "provenance": "INFERRED"}}, {"type": "Feature", "geometry": {"type": "Point", "coordinates": [72.951667, 18.905556]}, "properties": {"slope_degrees": 9.83, "provenance": "INFERRED"}}, {"type": "Feature", "geometry": {"type": "Point", "coordinates": [72.957778, 18.905556]}, "properties": {"slope_degrees": 0.31, "provenance": "INFERRED"}}, {"type": "Feature", "geometry": {"type": "Point", "coordinates": [72.963889, 18.905556]}, "properties": {"slope_degrees": 0.03, "provenance": "INFERRED"}}, {"type": "Feature", "geometry": {"type": "Point", "coordinates": [72.97, 18.905556]}, "properties": {"slope_degrees": 0.28, "provenance": "INFERRED"}}, {"type": "Feature", "geometry": {"type": "Point", "coordinates": [72.976111, 18.905556]}, "properties": {"slope_degrees": 1.18, "provenance": "INFERRED"}}, {"type": "Feature", "geometry": {"type": "Point", "coordinates": [72.982222, 18.905556]}, "properties": {"slope_degrees": 5.45, "provenance": "INFERRED"}}, {"type": "Feature", "geometry": {"type": "Point", "coordinates": [72.988333, 18.905556]}, "properties": {"slope_degrees": 4.59, "provenance": "INFERRED"}}, {"type": "Feature", "geometry": {"type": "Point", "coordinates": [72.994444, 18.905556]}, "properties": {"slope_degrees": 0.0, "provenance": "INFERRED"}}, {"type": "Feature", "geometry": {"type": "Point", "coordinates": [73.000556, 18.905556]}, "properties": {"slope_degrees": 0.52, "provenance": "INFERRED"}}, {"type": "Feature", "geometry": {"type": "Point", "coordinates": [73.006667, 18.905556]}, "properties": {"slope_degrees": 0.26, "provenance": "INFERRED"}}, {"type": "Feature", "geometry": {"type": "Point", "coordinates": [73.012778, 18.905556]}, "properties": {"slope_degrees": 2.7, "provenance": "INFERRED"}}, {"type": "Feature", "geometry": {"type": "Point", "coordinates": [73.018889, 18.905556]}, "properties": {"slope_degrees": 0.36, "provenance": "INFERRED"}}, {"type": "Feature", "geometry": {"type": "Point", "coordinates": [73.025, 18.905556]}, "properties": {"slope_degrees": 0.24, "provenance": "INFERRED"}}, {"type": "Feature", "geometry": {"type": "Point", "coordinates": [73.031111, 18.905556]}, "properties": {"slope_degrees": 0.19, "provenance": "INFERRED"}}, {"type": "Feature", "geometry": {"type": "Point", "coordinates": [73.037222, 18.905556]}, "properties": {"slope_degrees": 0.62, "provenance": "INFERRED"}}, {"type": "Feature", "geometry": {"type": "Point", "coordinates": [73.043333, 18.905556]}, "properties": {"slope_degrees": 6.57, "provenance": "INFERRED"}}, {"type": "Feature", "geometry": {"type": "Point", "coordinates": [73.049722, 18.905556]}, "properties": {"slope_degrees": 0.46, "provenance": "INFERRED"}}, {"type": "Feature", "geometry": {"type": "Point", "coordinates": [72.75, 18.896389]}, "properties": {"slope_degrees": 0.0, "provenance": "INFERRED"}}, {"type": "Feature", "geometry": {"type": "Point", "coordinates": [72.756111, 18.896389]}, "properties": {"slope_degrees": 0.0, "provenance": "INFERRED"}}, {"type": "Feature", "geometry": {"type": "Point", "coordinates": [72.762222, 18.896389]}, "properties": {"slope_degrees": 0.0, "provenance": "INFERRED"}}, {"type": "Feature", "geometry": {"type": "Point", "coordinates": [72.768333, 18.896389]}, "properties": {"slope_degrees": 0.0, "provenance": "INFERRED"}}, {"type": "Feature", "geometry": {"type": "Point", "coordinates": [72.774444, 18.896389]}, "properties": {"slope_degrees": 0.0, "provenance": "INFERRED"}}, {"type": "Feature", "geometry": {"type": "Point", "coordinates": [72.780556, 18.896389]}, "properties": {"slope_degrees": 0.0, "provenance": "INFERRED"}}, {"type": "Feature", "geometry": {"type": "Point", "coordinates": [72.786667, 18.896389]}, "properties": {"slope_degrees": 0.0, "provenance": "INFERRED"}}, {"type": "Feature", "geometry": {"type": "Point", "coordinates": [72.792778, 18.896389]}, "properties": {"slope_degrees": 0.0, "provenance": "INFERRED"}}, {"type": "Feature", "geometry": {"type": "Point", "coordinates": [72.798889, 18.896389]}, "properties": {"slope_degrees": 0.0, "provenance": "INFERRED"}}, {"type": "Feature", "geometry": {"type": "Point", "coordinates": [72.805, 18.896389]}, "properties": {"slope_degrees": 0.0, "provenance": "INFERRED"}}, {"type": "Feature", "geometry": {"type": "Point", "coordinates": [72.811111, 18.896389]}, "properties": {"slope_degrees": 8.25, "provenance": "INFERRED"}}, {"type": "Feature", "geometry": {"type": "Point", "coordinates": [72.817222, 18.896389]}, "properties": {"slope_degrees": 0.0, "provenance": "INFERRED"}}, {"type": "Feature", "geometry": {"type": "Point", "coordinates": [72.823333, 18.896389]}, "properties": {"slope_degrees": 0.0, "provenance": "INFERRED"}}, {"type": "Feature", "geometry": {"type": "Point", "coordinates": [72.829444, 18.896389]}, "properties": {"slope_degrees": 0.0, "provenance": "INFERRED"}}, {"type": "Feature", "geometry": {"type": "Point", "coordinates": [72.835556, 18.896389]}, "properties": {"slope_degrees": 0.0, "provenance": "INFERRED"}}, {"type": "Feature", "geometry": {"type": "Point", "coordinates": [72.841667, 18.896389]}, "properties": {"slope_degrees": 0.0, "provenance": "INFERRED"}}, {"type": "Feature", "geometry": {"type": "Point", "coordinates": [72.847778, 18.896389]}, "properties": {"slope_degrees": 0.0, "provenance": "INFERRED"}}, {"type": "Feature", "geometry": {"type": "Point", "coordinates": [72.853889, 18.896389]}, "properties": {"slope_degrees": 0.0, "provenance": "INFERRED"}}, {"type": "Feature", "geometry": {"type": "Point", "coordinates": [72.86, 18.896389]}, "properties": {"slope_degrees": 0.0, "provenance": "INFERRED"}}, {"type": "Feature", "geometry": {"type": "Point", "coordinates": [72.866111, 18.896389]}, "properties": {"slope_degrees": 0.0, "provenance": "INFERRED"}}, {"type": "Feature", "geometry": {"type": "Point", "coordinates": [72.872222, 18.896389]}, "properties": {"slope_degrees": 0.0, "provenance": "INFERRED"}}, {"type": "Feature", "geometry": {"type": "Point", "coordinates": [72.878333, 18.896389]}, "properties": {"slope_degrees": 0.0, "provenance": "INFERRED"}}, {"type": "Feature", "geometry": {"type": "Point", "coordinates": [72.884444, 18.896389]}, "properties": {"slope_degrees": 0.0, "provenance": "INFERRED"}}, {"type": "Feature", "geometry": {"type": "Point", "coordinates": [72.890556, 18.896389]}, "properties": {"slope_degrees": 0.0, "provenance": "INFERRED"}}, {"type": "Feature", "geometry": {"type": "Point", "coordinates": [72.896667, 18.896389]}, "properties": {"slope_degrees": 0.0, "provenance": "INFERRED"}}, {"type": "Feature", "geometry": {"type": "Point", "coordinates": [72.902778, 18.896389]}, "properties": {"slope_degrees": 0.0, "provenance": "INFERRED"}}, {"type": "Feature", "geometry": {"type": "Point", "coordinates": [72.908889, 18.896389]}, "properties": {"slope_degrees": 4.77, "provenance": "INFERRED"}}, {"type": "Feature", "geometry": {"type": "Point", "coordinates": [72.915, 18.896389]}, "properties": {"slope_degrees": 9.49, "provenance": "INFERRED"}}, {"type": "Feature", "geometry": {"type": "Point", "coordinates": [72.921111, 18.896389]}, "properties": {"slope_degrees": 33.1, "provenance": "INFERRED"}}, {"type": "Feature", "geometry": {"type": "Point", "coordinates": [72.927222, 18.896389]}, "properties": {"slope_degrees": 29.59, "provenance": "INFERRED"}}, {"type": "Feature", "geometry": {"type": "Point", "coordinates": [72.933333, 18.896389]}, "properties": {"slope_degrees": 0.0, "provenance": "INFERRED"}}, {"type": "Feature", "geometry": {"type": "Point", "coordinates": [72.939444, 18.896389]}, "properties": {"slope_degrees": 0.24, "provenance": "INFERRED"}}, {"type": "Feature", "geometry": {"type": "Point", "coordinates": [72.945556, 18.896389]}, "properties": {"slope_degrees": 1.12, "provenance": "INFERRED"}}, {"type": "Feature", "geometry": {"type": "Point", "coordinates": [72.951667, 18.896389]}, "properties": {"slope_degrees": 0.0, "provenance": "INFERRED"}}, {"type": "Feature", "geometry": {"type": "Point", "coordinates": [72.957778, 18.896389]}, "properties": {"slope_degrees": 12.49, "provenance": "INFERRED"}}, {"type": "Feature", "geometry": {"type": "Point", "coordinates": [72.963889, 18.896389]}, "properties": {"slope_degrees": 0.4, "provenance": "INFERRED"}}, {"type": "Feature", "geometry": {"type": "Point", "coordinates": [72.97, 18.896389]}, "properties": {"slope_degrees": 0.45, "provenance": "INFERRED"}}, {"type": "Feature", "geometry": {"type": "Point", "coordinates": [72.976111, 18.896389]}, "properties": {"slope_degrees": 5.78, "provenance": "INFERRED"}}, {"type": "Feature", "geometry": {"type": "Point", "coordinates": [72.982222, 18.896389]}, "properties": {"slope_degrees": 0.1, "provenance": "INFERRED"}}, {"type": "Feature", "geometry": {"type": "Point", "coordinates": [72.988333, 18.896389]}, "properties": {"slope_degrees": 0.53, "provenance": "INFERRED"}}, {"type": "Feature", "geometry": {"type": "Point", "coordinates": [72.994444, 18.896389]}, "properties": {"slope_degrees": 0.75, "provenance": "INFERRED"}}, {"type": "Feature", "geometry": {"type": "Point", "coordinates": [73.000556, 18.896389]}, "properties": {"slope_degrees": 0.34, "provenance": "INFERRED"}}, {"type": "Feature", "geometry": {"type": "Point", "coordinates": [73.006667, 18.896389]}, "properties": {"slope_degrees": 0.16, "provenance": "INFERRED"}}, {"type": "Feature", "geometry": {"type": "Point", "coordinates": [73.012778, 18.896389]}, "properties": {"slope_degrees": 0.55, "provenance": "INFERRED"}}, {"type": "Feature", "geometry": {"type": "Point", "coordinates": [73.018889, 18.896389]}, "properties": {"slope_degrees": 0.23, "provenance": "INFERRED"}}, {"type": "Feature", "geometry": {"type": "Point", "coordinates": [73.025, 18.896389]}, "properties": {"slope_degrees": 0.5, "provenance": "INFERRED"}}, {"type": "Feature", "geometry": {"type": "Point", "coordinates": [73.031111, 18.896389]}, "properties": {"slope_degrees": 0.21, "provenance": "INFERRED"}}, {"type": "Feature", "geometry": {"type": "Point", "coordinates": [73.037222, 18.896389]}, "properties": {"slope_degrees": 0.13, "provenance": "INFERRED"}}, {"type": "Feature", "geometry": {"type": "Point", "coordinates": [73.043333, 18.896389]}, "properties": {"slope_degrees": 3.35, "provenance": "INFERRED"}}, {"type": "Feature", "geometry": {"type": "Point", "coordinates": [73.049722, 18.896389]}, "properties": {"slope_degrees": 2.68, "provenance": "INFERRED"}}, {"type": "Feature", "geometry": {"type": "Point", "coordinates": [72.75, 18.887222]}, "properties": {"slope_degrees": 0.0, "provenance": "INFERRED"}}, {"type": "Feature", "geometry": {"type": "Point", "coordinates": [72.756111, 18.887222]}, "properties": {"slope_degrees": 0.0, "provenance": "INFERRED"}}, {"type": "Feature", "geometry": {"type": "Point", "coordinates": [72.762222, 18.887222]}, "properties": {"slope_degrees": 0.0, "provenance": "INFERRED"}}, {"type": "Feature", "geometry": {"type": "Point", "coordinates": [72.768333, 18.887222]}, "properties": {"slope_degrees": 0.0, "provenance": "INFERRED"}}, {"type": "Feature", "geometry": {"type": "Point", "coordinates": [72.774444, 18.887222]}, "properties": {"slope_degrees": 0.0, "provenance": "INFERRED"}}, {"type": "Feature", "geometry": {"type": "Point", "coordinates": [72.780556, 18.887222]}, "properties": {"slope_degrees": 0.0, "provenance": "INFERRED"}}, {"type": "Feature", "geometry": {"type": "Point", "coordinates": [72.786667, 18.887222]}, "properties": {"slope_degrees": 0.0, "provenance": "INFERRED"}}, {"type": "Feature", "geometry": {"type": "Point", "coordinates": [72.792778, 18.887222]}, "properties": {"slope_degrees": 0.0, "provenance": "INFERRED"}}, {"type": "Feature", "geometry": {"type": "Point", "coordinates": [72.798889, 18.887222]}, "properties": {"slope_degrees": 0.0, "provenance": "INFERRED"}}, {"type": "Feature", "geometry": {"type": "Point", "coordinates": [72.805, 18.887222]}, "properties": {"slope_degrees": 0.0, "provenance": "INFERRED"}}, {"type": "Feature", "geometry": {"type": "Point", "coordinates": [72.811111, 18.887222]}, "properties": {"slope_degrees": 0.0, "provenance": "INFERRED"}}, {"type": "Feature", "geometry": {"type": "Point", "coordinates": [72.817222, 18.887222]}, "properties": {"slope_degrees": 0.0, "provenance": "INFERRED"}}, {"type": "Feature", "geometry": {"type": "Point", "coordinates": [72.823333, 18.887222]}, "properties": {"slope_degrees": 0.0, "provenance": "INFERRED"}}, {"type": "Feature", "geometry": {"type": "Point", "coordinates": [72.829444, 18.887222]}, "properties": {"slope_degrees": 0.0, "provenance": "INFERRED"}}, {"type": "Feature", "geometry": {"type": "Point", "coordinates": [72.835556, 18.887222]}, "properties": {"slope_degrees": 0.0, "provenance": "INFERRED"}}, {"type": "Feature", "geometry": {"type": "Point", "coordinates": [72.841667, 18.887222]}, "properties": {"slope_degrees": 0.0, "provenance": "INFERRED"}}, {"type": "Feature", "geometry": {"type": "Point", "coordinates": [72.847778, 18.887222]}, "properties": {"slope_degrees": 0.0, "provenance": "INFERRED"}}, {"type": "Feature", "geometry": {"type": "Point", "coordinates": [72.853889, 18.887222]}, "properties": {"slope_degrees": 0.0, "provenance": "INFERRED"}}, {"type": "Feature", "geometry": {"type": "Point", "coordinates": [72.86, 18.887222]}, "properties": {"slope_degrees": 0.0, "provenance": "INFERRED"}}, {"type": "Feature", "geometry": {"type": "Point", "coordinates": [72.866111, 18.887222]}, "properties": {"slope_degrees": 0.0, "provenance": "INFERRED"}}, {"type": "Feature", "geometry": {"type": "Point", "coordinates": [72.872222, 18.887222]}, "properties": {"slope_degrees": 0.0, "provenance": "INFERRED"}}, {"type": "Feature", "geometry": {"type": "Point", "coordinates": [72.878333, 18.887222]}, "properties": {"slope_degrees": 0.0, "provenance": "INFERRED"}}, {"type": "Feature", "geometry": {"type": "Point", "coordinates": [72.884444, 18.887222]}, "properties": {"slope_degrees": 0.0, "provenance": "INFERRED"}}, {"type": "Feature", "geometry": {"type": "Point", "coordinates": [72.890556, 18.887222]}, "properties": {"slope_degrees": 0.0, "provenance": "INFERRED"}}, {"type": "Feature", "geometry": {"type": "Point", "coordinates": [72.896667, 18.887222]}, "properties": {"slope_degrees": 0.0, "provenance": "INFERRED"}}, {"type": "Feature", "geometry": {"type": "Point", "coordinates": [72.902778, 18.887222]}, "properties": {"slope_degrees": 0.0, "provenance": "INFERRED"}}, {"type": "Feature", "geometry": {"type": "Point", "coordinates": [72.908889, 18.887222]}, "properties": {"slope_degrees": 1.41, "provenance": "INFERRED"}}, {"type": "Feature", "geometry": {"type": "Point", "coordinates": [72.915, 18.887222]}, "properties": {"slope_degrees": 5.25, "provenance": "INFERRED"}}, {"type": "Feature", "geometry": {"type": "Point", "coordinates": [72.921111, 18.887222]}, "properties": {"slope_degrees": 3.39, "provenance": "INFERRED"}}, {"type": "Feature", "geometry": {"type": "Point", "coordinates": [72.927222, 18.887222]}, "properties": {"slope_degrees": 3.59, "provenance": "INFERRED"}}, {"type": "Feature", "geometry": {"type": "Point", "coordinates": [72.933333, 18.887222]}, "properties": {"slope_degrees": 2.81, "provenance": "INFERRED"}}, {"type": "Feature", "geometry": {"type": "Point", "coordinates": [72.939444, 18.887222]}, "properties": {"slope_degrees": 0.58, "provenance": "INFERRED"}}, {"type": "Feature", "geometry": {"type": "Point", "coordinates": [72.945556, 18.887222]}, "properties": {"slope_degrees": 0.23, "provenance": "INFERRED"}}, {"type": "Feature", "geometry": {"type": "Point", "coordinates": [72.951667, 18.887222]}, "properties": {"slope_degrees": 0.39, "provenance": "INFERRED"}}, {"type": "Feature", "geometry": {"type": "Point", "coordinates": [72.957778, 18.887222]}, "properties": {"slope_degrees": 2.23, "provenance": "INFERRED"}}, {"type": "Feature", "geometry": {"type": "Point", "coordinates": [72.963889, 18.887222]}, "properties": {"slope_degrees": 4.08, "provenance": "INFERRED"}}, {"type": "Feature", "geometry": {"type": "Point", "coordinates": [72.97, 18.887222]}, "properties": {"slope_degrees": 2.49, "provenance": "INFERRED"}}, {"type": "Feature", "geometry": {"type": "Point", "coordinates": [72.976111, 18.887222]}, "properties": {"slope_degrees": 1.75, "provenance": "INFERRED"}}, {"type": "Feature", "geometry": {"type": "Point", "coordinates": [72.982222, 18.887222]}, "properties": {"slope_degrees": 0.0, "provenance": "INFERRED"}}, {"type": "Feature", "geometry": {"type": "Point", "coordinates": [72.988333, 18.887222]}, "properties": {"slope_degrees": 3.57, "provenance": "INFERRED"}}, {"type": "Feature", "geometry": {"type": "Point", "coordinates": [72.994444, 18.887222]}, "properties": {"slope_degrees": 0.79, "provenance": "INFERRED"}}, {"type": "Feature", "geometry": {"type": "Point", "coordinates": [73.000556, 18.887222]}, "properties": {"slope_degrees": 1.12, "provenance": "INFERRED"}}, {"type": "Feature", "geometry": {"type": "Point", "coordinates": [73.006667, 18.887222]}, "properties": {"slope_degrees": 2.64, "provenance": "INFERRED"}}, {"type": "Feature", "geometry": {"type": "Point", "coordinates": [73.012778, 18.887222]}, "properties": {"slope_degrees": 0.54, "provenance": "INFERRED"}}, {"type": "Feature", "geometry": {"type": "Point", "coordinates": [73.018889, 18.887222]}, "properties": {"slope_degrees": 0.34, "provenance": "INFERRED"}}, {"type": "Feature", "geometry": {"type": "Point", "coordinates": [73.025, 18.887222]}, "properties": {"slope_degrees": 0.0, "provenance": "INFERRED"}}, {"type": "Feature", "geometry": {"type": "Point", "coordinates": [73.031111, 18.887222]}, "properties": {"slope_degrees": 0.31, "provenance": "INFERRED"}}, {"type": "Feature", "geometry": {"type": "Point", "coordinates": [73.037222, 18.887222]}, "properties": {"slope_degrees": 0.09, "provenance": "INFERRED"}}, {"type": "Feature", "geometry": {"type": "Point", "coordinates": [73.043333, 18.887222]}, "properties": {"slope_degrees": 1.28, "provenance": "INFERRED"}}, {"type": "Feature", "geometry": {"type": "Point", "coordinates": [73.049722, 18.887222]}, "properties": {"slope_degrees": 6.01, "provenance": "INFERRED"}}, {"type": "Feature", "geometry": {"type": "Point", "coordinates": [72.75, 18.878056]}, "properties": {"slope_degrees": 0.0, "provenance": "INFERRED"}}, {"type": "Feature", "geometry": {"type": "Point", "coordinates": [72.756111, 18.878056]}, "properties": {"slope_degrees": 0.0, "provenance": "INFERRED"}}, {"type": "Feature", "geometry": {"type": "Point", "coordinates": [72.762222, 18.878056]}, "properties": {"slope_degrees": 0.0, "provenance": "INFERRED"}}, {"type": "Feature", "geometry": {"type": "Point", "coordinates": [72.768333, 18.878056]}, "properties": {"slope_degrees": 0.0, "provenance": "INFERRED"}}, {"type": "Feature", "geometry": {"type": "Point", "coordinates": [72.774444, 18.878056]}, "properties": {"slope_degrees": 0.0, "provenance": "INFERRED"}}, {"type": "Feature", "geometry": {"type": "Point", "coordinates": [72.780556, 18.878056]}, "properties": {"slope_degrees": 0.0, "provenance": "INFERRED"}}, {"type": "Feature", "geometry": {"type": "Point", "coordinates": [72.786667, 18.878056]}, "properties": {"slope_degrees": 0.0, "provenance": "INFERRED"}}, {"type": "Feature", "geometry": {"type": "Point", "coordinates": [72.792778, 18.878056]}, "properties": {"slope_degrees": 0.0, "provenance": "INFERRED"}}, {"type": "Feature", "geometry": {"type": "Point", "coordinates": [72.798889, 18.878056]}, "properties": {"slope_degrees": 0.0, "provenance": "INFERRED"}}, {"type": "Feature", "geometry": {"type": "Point", "coordinates": [72.805, 18.878056]}, "properties": {"slope_degrees": 0.0, "provenance": "INFERRED"}}, {"type": "Feature", "geometry": {"type": "Point", "coordinates": [72.811111, 18.878056]}, "properties": {"slope_degrees": 0.0, "provenance": "INFERRED"}}, {"type": "Feature", "geometry": {"type": "Point", "coordinates": [72.817222, 18.878056]}, "properties": {"slope_degrees": 0.0, "provenance": "INFERRED"}}, {"type": "Feature", "geometry": {"type": "Point", "coordinates": [72.823333, 18.878056]}, "properties": {"slope_degrees": 0.0, "provenance": "INFERRED"}}, {"type": "Feature", "geometry": {"type": "Point", "coordinates": [72.829444, 18.878056]}, "properties": {"slope_degrees": 0.0, "provenance": "INFERRED"}}, {"type": "Feature", "geometry": {"type": "Point", "coordinates": [72.835556, 18.878056]}, "properties": {"slope_degrees": 0.0, "provenance": "INFERRED"}}, {"type": "Feature", "geometry": {"type": "Point", "coordinates": [72.841667, 18.878056]}, "properties": {"slope_degrees": 0.0, "provenance": "INFERRED"}}, {"type": "Feature", "geometry": {"type": "Point", "coordinates": [72.847778, 18.878056]}, "properties": {"slope_degrees": 0.0, "provenance": "INFERRED"}}, {"type": "Feature", "geometry": {"type": "Point", "coordinates": [72.853889, 18.878056]}, "properties": {"slope_degrees": 0.0, "provenance": "INFERRED"}}, {"type": "Feature", "geometry": {"type": "Point", "coordinates": [72.86, 18.878056]}, "properties": {"slope_degrees": 0.0, "provenance": "INFERRED"}}, {"type": "Feature", "geometry": {"type": "Point", "coordinates": [72.866111, 18.878056]}, "properties": {"slope_degrees": 0.0, "provenance": "INFERRED"}}, {"type": "Feature", "geometry": {"type": "Point", "coordinates": [72.872222, 18.878056]}, "properties": {"slope_degrees": 0.0, "provenance": "INFERRED"}}, {"type": "Feature", "geometry": {"type": "Point", "coordinates": [72.878333, 18.878056]}, "properties": {"slope_degrees": 0.0, "provenance": "INFERRED"}}, {"type": "Feature", "geometry": {"type": "Point", "coordinates": [72.884444, 18.878056]}, "properties": {"slope_degrees": 0.0, "provenance": "INFERRED"}}, {"type": "Feature", "geometry": {"type": "Point", "coordinates": [72.890556, 18.878056]}, "properties": {"slope_degrees": 0.0, "provenance": "INFERRED"}}, {"type": "Feature", "geometry": {"type": "Point", "coordinates": [72.896667, 18.878056]}, "properties": {"slope_degrees": 0.0, "provenance": "INFERRED"}}, {"type": "Feature", "geometry": {"type": "Point", "coordinates": [72.902778, 18.878056]}, "properties": {"slope_degrees": 0.0, "provenance": "INFERRED"}}, {"type": "Feature", "geometry": {"type": "Point", "coordinates": [72.908889, 18.878056]}, "properties": {"slope_degrees": 0.0, "provenance": "INFERRED"}}, {"type": "Feature", "geometry": {"type": "Point", "coordinates": [72.915, 18.878056]}, "properties": {"slope_degrees": 2.64, "provenance": "INFERRED"}}, {"type": "Feature", "geometry": {"type": "Point", "coordinates": [72.921111, 18.878056]}, "properties": {"slope_degrees": 0.34, "provenance": "INFERRED"}}, {"type": "Feature", "geometry": {"type": "Point", "coordinates": [72.927222, 18.878056]}, "properties": {"slope_degrees": 4.73, "provenance": "INFERRED"}}, {"type": "Feature", "geometry": {"type": "Point", "coordinates": [72.933333, 18.878056]}, "properties": {"slope_degrees": 3.58, "provenance": "INFERRED"}}, {"type": "Feature", "geometry": {"type": "Point", "coordinates": [72.939444, 18.878056]}, "properties": {"slope_degrees": 0.65, "provenance": "INFERRED"}}, {"type": "Feature", "geometry": {"type": "Point", "coordinates": [72.945556, 18.878056]}, "properties": {"slope_degrees": 0.85, "provenance": "INFERRED"}}, {"type": "Feature", "geometry": {"type": "Point", "coordinates": [72.951667, 18.878056]}, "properties": {"slope_degrees": 1.23, "provenance": "INFERRED"}}, {"type": "Feature", "geometry": {"type": "Point", "coordinates": [72.957778, 18.878056]}, "properties": {"slope_degrees": 0.75, "provenance": "INFERRED"}}, {"type": "Feature", "geometry": {"type": "Point", "coordinates": [72.963889, 18.878056]}, "properties": {"slope_degrees": 0.38, "provenance": "INFERRED"}}, {"type": "Feature", "geometry": {"type": "Point", "coordinates": [72.97, 18.878056]}, "properties": {"slope_degrees": 0.0, "provenance": "INFERRED"}}, {"type": "Feature", "geometry": {"type": "Point", "coordinates": [72.976111, 18.878056]}, "properties": {"slope_degrees": 0.43, "provenance": "INFERRED"}}, {"type": "Feature", "geometry": {"type": "Point", "coordinates": [72.982222, 18.878056]}, "properties": {"slope_degrees": 0.63, "provenance": "INFERRED"}}, {"type": "Feature", "geometry": {"type": "Point", "coordinates": [72.988333, 18.878056]}, "properties": {"slope_degrees": 3.12, "provenance": "INFERRED"}}, {"type": "Feature", "geometry": {"type": "Point", "coordinates": [72.994444, 18.878056]}, "properties": {"slope_degrees": 0.28, "provenance": "INFERRED"}}, {"type": "Feature", "geometry": {"type": "Point", "coordinates": [73.000556, 18.878056]}, "properties": {"slope_degrees": 2.24, "provenance": "INFERRED"}}, {"type": "Feature", "geometry": {"type": "Point", "coordinates": [73.006667, 18.878056]}, "properties": {"slope_degrees": 0.0, "provenance": "INFERRED"}}, {"type": "Feature", "geometry": {"type": "Point", "coordinates": [73.012778, 18.878056]}, "properties": {"slope_degrees": 0.4, "provenance": "INFERRED"}}, {"type": "Feature", "geometry": {"type": "Point", "coordinates": [73.018889, 18.878056]}, "properties": {"slope_degrees": 0.27, "provenance": "INFERRED"}}, {"type": "Feature", "geometry": {"type": "Point", "coordinates": [73.025, 18.878056]}, "properties": {"slope_degrees": 0.74, "provenance": "INFERRED"}}, {"type": "Feature", "geometry": {"type": "Point", "coordinates": [73.031111, 18.878056]}, "properties": {"slope_degrees": 13.03, "provenance": "INFERRED"}}, {"type": "Feature", "geometry": {"type": "Point", "coordinates": [73.037222, 18.878056]}, "properties": {"slope_degrees": 0.09, "provenance": "INFERRED"}}, {"type": "Feature", "geometry": {"type": "Point", "coordinates": [73.043333, 18.878056]}, "properties": {"slope_degrees": 0.59, "provenance": "INFERRED"}}, {"type": "Feature", "geometry": {"type": "Point", "coordinates": [73.049722, 18.878056]}, "properties": {"slope_degrees": 6.35, "provenance": "INFERRED"}}, {"type": "Feature", "geometry": {"type": "Point", "coordinates": [72.75, 18.868889]}, "properties": {"slope_degrees": 0.0, "provenance": "INFERRED"}}, {"type": "Feature", "geometry": {"type": "Point", "coordinates": [72.756111, 18.868889]}, "properties": {"slope_degrees": 0.0, "provenance": "INFERRED"}}, {"type": "Feature", "geometry": {"type": "Point", "coordinates": [72.762222, 18.868889]}, "properties": {"slope_degrees": 0.0, "provenance": "INFERRED"}}, {"type": "Feature", "geometry": {"type": "Point", "coordinates": [72.768333, 18.868889]}, "properties": {"slope_degrees": 0.0, "provenance": "INFERRED"}}, {"type": "Feature", "geometry": {"type": "Point", "coordinates": [72.774444, 18.868889]}, "properties": {"slope_degrees": 0.0, "provenance": "INFERRED"}}, {"type": "Feature", "geometry": {"type": "Point", "coordinates": [72.780556, 18.868889]}, "properties": {"slope_degrees": 0.0, "provenance": "INFERRED"}}, {"type": "Feature", "geometry": {"type": "Point", "coordinates": [72.786667, 18.868889]}, "properties": {"slope_degrees": 0.0, "provenance": "INFERRED"}}, {"type": "Feature", "geometry": {"type": "Point", "coordinates": [72.792778, 18.868889]}, "properties": {"slope_degrees": 0.0, "provenance": "INFERRED"}}, {"type": "Feature", "geometry": {"type": "Point", "coordinates": [72.798889, 18.868889]}, "properties": {"slope_degrees": 0.0, "provenance": "INFERRED"}}, {"type": "Feature", "geometry": {"type": "Point", "coordinates": [72.805, 18.868889]}, "properties": {"slope_degrees": 0.0, "provenance": "INFERRED"}}, {"type": "Feature", "geometry": {"type": "Point", "coordinates": [72.811111, 18.868889]}, "properties": {"slope_degrees": 0.0, "provenance": "INFERRED"}}, {"type": "Feature", "geometry": {"type": "Point", "coordinates": [72.817222, 18.868889]}, "properties": {"slope_degrees": 0.0, "provenance": "INFERRED"}}, {"type": "Feature", "geometry": {"type": "Point", "coordinates": [72.823333, 18.868889]}, "properties": {"slope_degrees": 0.0, "provenance": "INFERRED"}}, {"type": "Feature", "geometry": {"type": "Point", "coordinates": [72.829444, 18.868889]}, "properties": {"slope_degrees": 0.0, "provenance": "INFERRED"}}, {"type": "Feature", "geometry": {"type": "Point", "coordinates": [72.835556, 18.868889]}, "properties": {"slope_degrees": 0.0, "provenance": "INFERRED"}}, {"type": "Feature", "geometry": {"type": "Point", "coordinates": [72.841667, 18.868889]}, "properties": {"slope_degrees": 0.0, "provenance": "INFERRED"}}, {"type": "Feature", "geometry": {"type": "Point", "coordinates": [72.847778, 18.868889]}, "properties": {"slope_degrees": 0.0, "provenance": "INFERRED"}}, {"type": "Feature", "geometry": {"type": "Point", "coordinates": [72.853889, 18.868889]}, "properties": {"slope_degrees": 0.0, "provenance": "INFERRED"}}, {"type": "Feature", "geometry": {"type": "Point", "coordinates": [72.86, 18.868889]}, "properties": {"slope_degrees": 0.0, "provenance": "INFERRED"}}, {"type": "Feature", "geometry": {"type": "Point", "coordinates": [72.866111, 18.868889]}, "properties": {"slope_degrees": 0.0, "provenance": "INFERRED"}}, {"type": "Feature", "geometry": {"type": "Point", "coordinates": [72.872222, 18.868889]}, "properties": {"slope_degrees": 0.0, "provenance": "INFERRED"}}, {"type": "Feature", "geometry": {"type": "Point", "coordinates": [72.878333, 18.868889]}, "properties": {"slope_degrees": 0.0, "provenance": "INFERRED"}}, {"type": "Feature", "geometry": {"type": "Point", "coordinates": [72.884444, 18.868889]}, "properties": {"slope_degrees": 0.0, "provenance": "INFERRED"}}, {"type": "Feature", "geometry": {"type": "Point", "coordinates": [72.890556, 18.868889]}, "properties": {"slope_degrees": 0.0, "provenance": "INFERRED"}}, {"type": "Feature", "geometry": {"type": "Point", "coordinates": [72.896667, 18.868889]}, "properties": {"slope_degrees": 0.0, "provenance": "INFERRED"}}, {"type": "Feature", "geometry": {"type": "Point", "coordinates": [72.902778, 18.868889]}, "properties": {"slope_degrees": 0.0, "provenance": "INFERRED"}}, {"type": "Feature", "geometry": {"type": "Point", "coordinates": [72.908889, 18.868889]}, "properties": {"slope_degrees": 0.0, "provenance": "INFERRED"}}, {"type": "Feature", "geometry": {"type": "Point", "coordinates": [72.915, 18.868889]}, "properties": {"slope_degrees": 0.0, "provenance": "INFERRED"}}, {"type": "Feature", "geometry": {"type": "Point", "coordinates": [72.921111, 18.868889]}, "properties": {"slope_degrees": 11.01, "provenance": "INFERRED"}}, {"type": "Feature", "geometry": {"type": "Point", "coordinates": [72.927222, 18.868889]}, "properties": {"slope_degrees": 4.93, "provenance": "INFERRED"}}, {"type": "Feature", "geometry": {"type": "Point", "coordinates": [72.933333, 18.868889]}, "properties": {"slope_degrees": 19.62, "provenance": "INFERRED"}}, {"type": "Feature", "geometry": {"type": "Point", "coordinates": [72.939444, 18.868889]}, "properties": {"slope_degrees": 25.1, "provenance": "INFERRED"}}, {"type": "Feature", "geometry": {"type": "Point", "coordinates": [72.945556, 18.868889]}, "properties": {"slope_degrees": 2.34, "provenance": "INFERRED"}}, {"type": "Feature", "geometry": {"type": "Point", "coordinates": [72.951667, 18.868889]}, "properties": {"slope_degrees": 4.9, "provenance": "INFERRED"}}, {"type": "Feature", "geometry": {"type": "Point", "coordinates": [72.957778, 18.868889]}, "properties": {"slope_degrees": 0.17, "provenance": "INFERRED"}}, {"type": "Feature", "geometry": {"type": "Point", "coordinates": [72.963889, 18.868889]}, "properties": {"slope_degrees": 0.68, "provenance": "INFERRED"}}, {"type": "Feature", "geometry": {"type": "Point", "coordinates": [72.97, 18.868889]}, "properties": {"slope_degrees": 0.4, "provenance": "INFERRED"}}, {"type": "Feature", "geometry": {"type": "Point", "coordinates": [72.976111, 18.868889]}, "properties": {"slope_degrees": 0.59, "provenance": "INFERRED"}}, {"type": "Feature", "geometry": {"type": "Point", "coordinates": [72.982222, 18.868889]}, "properties": {"slope_degrees": 0.0, "provenance": "INFERRED"}}, {"type": "Feature", "geometry": {"type": "Point", "coordinates": [72.988333, 18.868889]}, "properties": {"slope_degrees": 3.27, "provenance": "INFERRED"}}, {"type": "Feature", "geometry": {"type": "Point", "coordinates": [72.994444, 18.868889]}, "properties": {"slope_degrees": 0.66, "provenance": "INFERRED"}}, {"type": "Feature", "geometry": {"type": "Point", "coordinates": [73.000556, 18.868889]}, "properties": {"slope_degrees": 1.76, "provenance": "INFERRED"}}, {"type": "Feature", "geometry": {"type": "Point", "coordinates": [73.006667, 18.868889]}, "properties": {"slope_degrees": 1.25, "provenance": "INFERRED"}}, {"type": "Feature", "geometry": {"type": "Point", "coordinates": [73.012778, 18.868889]}, "properties": {"slope_degrees": 0.27, "provenance": "INFERRED"}}, {"type": "Feature", "geometry": {"type": "Point", "coordinates": [73.018889, 18.868889]}, "properties": {"slope_degrees": 0.12, "provenance": "INFERRED"}}, {"type": "Feature", "geometry": {"type": "Point", "coordinates": [73.025, 18.868889]}, "properties": {"slope_degrees": 0.27, "provenance": "INFERRED"}}, {"type": "Feature", "geometry": {"type": "Point", "coordinates": [73.031111, 18.868889]}, "properties": {"slope_degrees": 0.14, "provenance": "INFERRED"}}, {"type": "Feature", "geometry": {"type": "Point", "coordinates": [73.037222, 18.868889]}, "properties": {"slope_degrees": 2.17, "provenance": "INFERRED"}}, {"type": "Feature", "geometry": {"type": "Point", "coordinates": [73.043333, 18.868889]}, "properties": {"slope_degrees": 0.77, "provenance": "INFERRED"}}, {"type": "Feature", "geometry": {"type": "Point", "coordinates": [73.049722, 18.868889]}, "properties": {"slope_degrees": 3.06, "provenance": "INFERRED"}}, {"type": "Feature", "geometry": {"type": "Point", "coordinates": [72.75, 18.859722]}, "properties": {"slope_degrees": 0.0, "provenance": "INFERRED"}}, {"type": "Feature", "geometry": {"type": "Point", "coordinates": [72.756111, 18.859722]}, "properties": {"slope_degrees": 0.0, "provenance": "INFERRED"}}, {"type": "Feature", "geometry": {"type": "Point", "coordinates": [72.762222, 18.859722]}, "properties": {"slope_degrees": 0.0, "provenance": "INFERRED"}}, {"type": "Feature", "geometry": {"type": "Point", "coordinates": [72.768333, 18.859722]}, "properties": {"slope_degrees": 0.0, "provenance": "INFERRED"}}, {"type": "Feature", "geometry": {"type": "Point", "coordinates": [72.774444, 18.859722]}, "properties": {"slope_degrees": 0.0, "provenance": "INFERRED"}}, {"type": "Feature", "geometry": {"type": "Point", "coordinates": [72.780556, 18.859722]}, "properties": {"slope_degrees": 0.0, "provenance": "INFERRED"}}, {"type": "Feature", "geometry": {"type": "Point", "coordinates": [72.786667, 18.859722]}, "properties": {"slope_degrees": 0.0, "provenance": "INFERRED"}}, {"type": "Feature", "geometry": {"type": "Point", "coordinates": [72.792778, 18.859722]}, "properties": {"slope_degrees": 0.0, "provenance": "INFERRED"}}, {"type": "Feature", "geometry": {"type": "Point", "coordinates": [72.798889, 18.859722]}, "properties": {"slope_degrees": 0.0, "provenance": "INFERRED"}}, {"type": "Feature", "geometry": {"type": "Point", "coordinates": [72.805, 18.859722]}, "properties": {"slope_degrees": 0.0, "provenance": "INFERRED"}}, {"type": "Feature", "geometry": {"type": "Point", "coordinates": [72.811111, 18.859722]}, "properties": {"slope_degrees": 0.0, "provenance": "INFERRED"}}, {"type": "Feature", "geometry": {"type": "Point", "coordinates": [72.817222, 18.859722]}, "properties": {"slope_degrees": 0.0, "provenance": "INFERRED"}}, {"type": "Feature", "geometry": {"type": "Point", "coordinates": [72.823333, 18.859722]}, "properties": {"slope_degrees": 0.0, "provenance": "INFERRED"}}, {"type": "Feature", "geometry": {"type": "Point", "coordinates": [72.829444, 18.859722]}, "properties": {"slope_degrees": 0.0, "provenance": "INFERRED"}}, {"type": "Feature", "geometry": {"type": "Point", "coordinates": [72.835556, 18.859722]}, "properties": {"slope_degrees": 0.0, "provenance": "INFERRED"}}, {"type": "Feature", "geometry": {"type": "Point", "coordinates": [72.841667, 18.859722]}, "properties": {"slope_degrees": 0.0, "provenance": "INFERRED"}}, {"type": "Feature", "geometry": {"type": "Point", "coordinates": [72.847778, 18.859722]}, "properties": {"slope_degrees": 0.0, "provenance": "INFERRED"}}, {"type": "Feature", "geometry": {"type": "Point", "coordinates": [72.853889, 18.859722]}, "properties": {"slope_degrees": 0.0, "provenance": "INFERRED"}}, {"type": "Feature", "geometry": {"type": "Point", "coordinates": [72.86, 18.859722]}, "properties": {"slope_degrees": 0.0, "provenance": "INFERRED"}}, {"type": "Feature", "geometry": {"type": "Point", "coordinates": [72.866111, 18.859722]}, "properties": {"slope_degrees": 0.0, "provenance": "INFERRED"}}, {"type": "Feature", "geometry": {"type": "Point", "coordinates": [72.872222, 18.859722]}, "properties": {"slope_degrees": 0.0, "provenance": "INFERRED"}}, {"type": "Feature", "geometry": {"type": "Point", "coordinates": [72.878333, 18.859722]}, "properties": {"slope_degrees": 0.0, "provenance": "INFERRED"}}, {"type": "Feature", "geometry": {"type": "Point", "coordinates": [72.884444, 18.859722]}, "properties": {"slope_degrees": 0.0, "provenance": "INFERRED"}}, {"type": "Feature", "geometry": {"type": "Point", "coordinates": [72.890556, 18.859722]}, "properties": {"slope_degrees": 0.0, "provenance": "INFERRED"}}, {"type": "Feature", "geometry": {"type": "Point", "coordinates": [72.896667, 18.859722]}, "properties": {"slope_degrees": 0.0, "provenance": "INFERRED"}}, {"type": "Feature", "geometry": {"type": "Point", "coordinates": [72.902778, 18.859722]}, "properties": {"slope_degrees": 0.0, "provenance": "INFERRED"}}, {"type": "Feature", "geometry": {"type": "Point", "coordinates": [72.908889, 18.859722]}, "properties": {"slope_degrees": 0.0, "provenance": "INFERRED"}}, {"type": "Feature", "geometry": {"type": "Point", "coordinates": [72.915, 18.859722]}, "properties": {"slope_degrees": 0.0, "provenance": "INFERRED"}}, {"type": "Feature", "geometry": {"type": "Point", "coordinates": [72.921111, 18.859722]}, "properties": {"slope_degrees": 0.0, "provenance": "INFERRED"}}, {"type": "Feature", "geometry": {"type": "Point", "coordinates": [72.927222, 18.859722]}, "properties": {"slope_degrees": 3.38, "provenance": "INFERRED"}}, {"type": "Feature", "geometry": {"type": "Point", "coordinates": [72.933333, 18.859722]}, "properties": {"slope_degrees": 38.16, "provenance": "INFERRED"}}, {"type": "Feature", "geometry": {"type": "Point", "coordinates": [72.939444, 18.859722]}, "properties": {"slope_degrees": 46.54, "provenance": "INFERRED"}}, {"type": "Feature", "geometry": {"type": "Point", "coordinates": [72.945556, 18.859722]}, "properties": {"slope_degrees": 4.08, "provenance": "INFERRED"}}, {"type": "Feature", "geometry": {"type": "Point", "coordinates": [72.951667, 18.859722]}, "properties": {"slope_degrees": 0.95, "provenance": "INFERRED"}}, {"type": "Feature", "geometry": {"type": "Point", "coordinates": [72.957778, 18.859722]}, "properties": {"slope_degrees": 0.0, "provenance": "INFERRED"}}, {"type": "Feature", "geometry": {"type": "Point", "coordinates": [72.963889, 18.859722]}, "properties": {"slope_degrees": 0.13, "provenance": "INFERRED"}}, {"type": "Feature", "geometry": {"type": "Point", "coordinates": [72.97, 18.859722]}, "properties": {"slope_degrees": 2.58, "provenance": "INFERRED"}}, {"type": "Feature", "geometry": {"type": "Point", "coordinates": [72.976111, 18.859722]}, "properties": {"slope_degrees": 0.0, "provenance": "INFERRED"}}, {"type": "Feature", "geometry": {"type": "Point", "coordinates": [72.982222, 18.859722]}, "properties": {"slope_degrees": 0.0, "provenance": "INFERRED"}}, {"type": "Feature", "geometry": {"type": "Point", "coordinates": [72.988333, 18.859722]}, "properties": {"slope_degrees": 0.51, "provenance": "INFERRED"}}, {"type": "Feature", "geometry": {"type": "Point", "coordinates": [72.994444, 18.859722]}, "properties": {"slope_degrees": 0.0, "provenance": "INFERRED"}}, {"type": "Feature", "geometry": {"type": "Point", "coordinates": [73.000556, 18.859722]}, "properties": {"slope_degrees": 0.1, "provenance": "INFERRED"}}, {"type": "Feature", "geometry": {"type": "Point", "coordinates": [73.006667, 18.859722]}, "properties": {"slope_degrees": 0.39, "provenance": "INFERRED"}}, {"type": "Feature", "geometry": {"type": "Point", "coordinates": [73.012778, 18.859722]}, "properties": {"slope_degrees": 0.29, "provenance": "INFERRED"}}, {"type": "Feature", "geometry": {"type": "Point", "coordinates": [73.018889, 18.859722]}, "properties": {"slope_degrees": 0.59, "provenance": "INFERRED"}}, {"type": "Feature", "geometry": {"type": "Point", "coordinates": [73.025, 18.859722]}, "properties": {"slope_degrees": 6.0, "provenance": "INFERRED"}}, {"type": "Feature", "geometry": {"type": "Point", "coordinates": [73.031111, 18.859722]}, "properties": {"slope_degrees": 6.78, "provenance": "INFERRED"}}, {"type": "Feature", "geometry": {"type": "Point", "coordinates": [73.037222, 18.859722]}, "properties": {"slope_degrees": 10.8, "provenance": "INFERRED"}}, {"type": "Feature", "geometry": {"type": "Point", "coordinates": [73.043333, 18.859722]}, "properties": {"slope_degrees": 5.04, "provenance": "INFERRED"}}, {"type": "Feature", "geometry": {"type": "Point", "coordinates": [73.049722, 18.859722]}, "properties": {"slope_degrees": 13.91, "provenance": "INFERRED"}}, {"type": "Feature", "geometry": {"type": "Point", "coordinates": [72.75, 18.850278]}, "properties": {"slope_degrees": 0.0, "provenance": "INFERRED"}}, {"type": "Feature", "geometry": {"type": "Point", "coordinates": [72.756111, 18.850278]}, "properties": {"slope_degrees": 0.0, "provenance": "INFERRED"}}, {"type": "Feature", "geometry": {"type": "Point", "coordinates": [72.762222, 18.850278]}, "properties": {"slope_degrees": 0.0, "provenance": "INFERRED"}}, {"type": "Feature", "geometry": {"type": "Point", "coordinates": [72.768333, 18.850278]}, "properties": {"slope_degrees": 0.0, "provenance": "INFERRED"}}, {"type": "Feature", "geometry": {"type": "Point", "coordinates": [72.774444, 18.850278]}, "properties": {"slope_degrees": 0.0, "provenance": "INFERRED"}}, {"type": "Feature", "geometry": {"type": "Point", "coordinates": [72.780556, 18.850278]}, "properties": {"slope_degrees": 0.0, "provenance": "INFERRED"}}, {"type": "Feature", "geometry": {"type": "Point", "coordinates": [72.786667, 18.850278]}, "properties": {"slope_degrees": 0.0, "provenance": "INFERRED"}}, {"type": "Feature", "geometry": {"type": "Point", "coordinates": [72.792778, 18.850278]}, "properties": {"slope_degrees": 0.0, "provenance": "INFERRED"}}, {"type": "Feature", "geometry": {"type": "Point", "coordinates": [72.798889, 18.850278]}, "properties": {"slope_degrees": 0.0, "provenance": "INFERRED"}}, {"type": "Feature", "geometry": {"type": "Point", "coordinates": [72.805, 18.850278]}, "properties": {"slope_degrees": 0.0, "provenance": "INFERRED"}}, {"type": "Feature", "geometry": {"type": "Point", "coordinates": [72.811111, 18.850278]}, "properties": {"slope_degrees": 0.0, "provenance": "INFERRED"}}, {"type": "Feature", "geometry": {"type": "Point", "coordinates": [72.817222, 18.850278]}, "properties": {"slope_degrees": 0.0, "provenance": "INFERRED"}}, {"type": "Feature", "geometry": {"type": "Point", "coordinates": [72.823333, 18.850278]}, "properties": {"slope_degrees": 0.0, "provenance": "INFERRED"}}, {"type": "Feature", "geometry": {"type": "Point", "coordinates": [72.829444, 18.850278]}, "properties": {"slope_degrees": 0.0, "provenance": "INFERRED"}}, {"type": "Feature", "geometry": {"type": "Point", "coordinates": [72.835556, 18.850278]}, "properties": {"slope_degrees": 0.0, "provenance": "INFERRED"}}, {"type": "Feature", "geometry": {"type": "Point", "coordinates": [72.841667, 18.850278]}, "properties": {"slope_degrees": 0.0, "provenance": "INFERRED"}}, {"type": "Feature", "geometry": {"type": "Point", "coordinates": [72.847778, 18.850278]}, "properties": {"slope_degrees": 0.0, "provenance": "INFERRED"}}, {"type": "Feature", "geometry": {"type": "Point", "coordinates": [72.853889, 18.850278]}, "properties": {"slope_degrees": 0.0, "provenance": "INFERRED"}}, {"type": "Feature", "geometry": {"type": "Point", "coordinates": [72.86, 18.850278]}, "properties": {"slope_degrees": 0.0, "provenance": "INFERRED"}}, {"type": "Feature", "geometry": {"type": "Point", "coordinates": [72.866111, 18.850278]}, "properties": {"slope_degrees": 0.0, "provenance": "INFERRED"}}, {"type": "Feature", "geometry": {"type": "Point", "coordinates": [72.872222, 18.850278]}, "properties": {"slope_degrees": 0.0, "provenance": "INFERRED"}}, {"type": "Feature", "geometry": {"type": "Point", "coordinates": [72.878333, 18.850278]}, "properties": {"slope_degrees": 0.0, "provenance": "INFERRED"}}, {"type": "Feature", "geometry": {"type": "Point", "coordinates": [72.884444, 18.850278]}, "properties": {"slope_degrees": 0.0, "provenance": "INFERRED"}}, {"type": "Feature", "geometry": {"type": "Point", "coordinates": [72.890556, 18.850278]}, "properties": {"slope_degrees": 0.0, "provenance": "INFERRED"}}, {"type": "Feature", "geometry": {"type": "Point", "coordinates": [72.896667, 18.850278]}, "properties": {"slope_degrees": 0.0, "provenance": "INFERRED"}}, {"type": "Feature", "geometry": {"type": "Point", "coordinates": [72.902778, 18.850278]}, "properties": {"slope_degrees": 0.0, "provenance": "INFERRED"}}, {"type": "Feature", "geometry": {"type": "Point", "coordinates": [72.908889, 18.850278]}, "properties": {"slope_degrees": 0.0, "provenance": "INFERRED"}}, {"type": "Feature", "geometry": {"type": "Point", "coordinates": [72.915, 18.850278]}, "properties": {"slope_degrees": 0.0, "provenance": "INFERRED"}}, {"type": "Feature", "geometry": {"type": "Point", "coordinates": [72.921111, 18.850278]}, "properties": {"slope_degrees": 0.0, "provenance": "INFERRED"}}, {"type": "Feature", "geometry": {"type": "Point", "coordinates": [72.927222, 18.850278]}, "properties": {"slope_degrees": 0.0, "provenance": "INFERRED"}}, {"type": "Feature", "geometry": {"type": "Point", "coordinates": [72.933333, 18.850278]}, "properties": {"slope_degrees": 28.43, "provenance": "INFERRED"}}, {"type": "Feature", "geometry": {"type": "Point", "coordinates": [72.939444, 18.850278]}, "properties": {"slope_degrees": 9.29, "provenance": "INFERRED"}}, {"type": "Feature", "geometry": {"type": "Point", "coordinates": [72.945556, 18.850278]}, "properties": {"slope_degrees": 7.55, "provenance": "INFERRED"}}, {"type": "Feature", "geometry": {"type": "Point", "coordinates": [72.951667, 18.850278]}, "properties": {"slope_degrees": 5.61, "provenance": "INFERRED"}}, {"type": "Feature", "geometry": {"type": "Point", "coordinates": [72.957778, 18.850278]}, "properties": {"slope_degrees": 0.0, "provenance": "INFERRED"}}, {"type": "Feature", "geometry": {"type": "Point", "coordinates": [72.963889, 18.850278]}, "properties": {"slope_degrees": 0.0, "provenance": "INFERRED"}}, {"type": "Feature", "geometry": {"type": "Point", "coordinates": [72.97, 18.850278]}, "properties": {"slope_degrees": 0.0, "provenance": "INFERRED"}}, {"type": "Feature", "geometry": {"type": "Point", "coordinates": [72.976111, 18.850278]}, "properties": {"slope_degrees": 0.0, "provenance": "INFERRED"}}, {"type": "Feature", "geometry": {"type": "Point", "coordinates": [72.982222, 18.850278]}, "properties": {"slope_degrees": 0.71, "provenance": "INFERRED"}}, {"type": "Feature", "geometry": {"type": "Point", "coordinates": [72.988333, 18.850278]}, "properties": {"slope_degrees": 0.36, "provenance": "INFERRED"}}, {"type": "Feature", "geometry": {"type": "Point", "coordinates": [72.994444, 18.850278]}, "properties": {"slope_degrees": 0.34, "provenance": "INFERRED"}}, {"type": "Feature", "geometry": {"type": "Point", "coordinates": [73.000556, 18.850278]}, "properties": {"slope_degrees": 0.34, "provenance": "INFERRED"}}, {"type": "Feature", "geometry": {"type": "Point", "coordinates": [73.006667, 18.850278]}, "properties": {"slope_degrees": 0.94, "provenance": "INFERRED"}}, {"type": "Feature", "geometry": {"type": "Point", "coordinates": [73.012778, 18.850278]}, "properties": {"slope_degrees": 0.46, "provenance": "INFERRED"}}, {"type": "Feature", "geometry": {"type": "Point", "coordinates": [73.018889, 18.850278]}, "properties": {"slope_degrees": 1.7, "provenance": "INFERRED"}}, {"type": "Feature", "geometry": {"type": "Point", "coordinates": [73.025, 18.850278]}, "properties": {"slope_degrees": 9.48, "provenance": "INFERRED"}}, {"type": "Feature", "geometry": {"type": "Point", "coordinates": [73.031111, 18.850278]}, "properties": {"slope_degrees": 20.29, "provenance": "INFERRED"}}, {"type": "Feature", "geometry": {"type": "Point", "coordinates": [73.037222, 18.850278]}, "properties": {"slope_degrees": 21.37, "provenance": "INFERRED"}}, {"type": "Feature", "geometry": {"type": "Point", "coordinates": [73.043333, 18.850278]}, "properties": {"slope_degrees": 5.07, "provenance": "INFERRED"}}, {"type": "Feature", "geometry": {"type": "Point", "coordinates": [73.049722, 18.850278]}, "properties": {"slope_degrees": 19.95, "provenance": "INFERRED"}}]}