{"type": "FeatureCollection", "features": [{"type": "Feature", "geometry": {"type": "LineString", "coordinates": [[72.89833758389261, 19.1006644295302], [72.89833758389261, 19.101]]}, "properties": {"edge_id": 0, "from_node": 0, "to_node": 1, "direction_provenance": "INFERRED (D8 steepest-descent on real Copernicus DEM GLO-30)", "flow_accumulation_cells": 18, "flow_accumulation_provenance": "INFERRED", "length_m": 37.31, "capacity_m3s": 0.225, "capacity_provenance": "ESTIMATED"}}, {"type": "Feature", "geometry": {"type": "LineString", "coordinates": [[72.8533711409396, 19.1003288590604], [72.8537067114094, 19.099993288590603]]}, "properties": {"edge_id": 1, "from_node": 2, "to_node": 3, "direction_provenance": "INFERRED (D8 steepest-descent on real Copernicus DEM GLO-30)", "flow_accumulation_cells": 12, "flow_accumulation_provenance": "INFERRED", "length_m": 51.34, "capacity_m3s": 0.15, "capacity_provenance": "ESTIMATED"}}, {"type": "Feature", "geometry": {"type": "LineString", "coordinates": [[72.89296845637584, 19.1003288590604], [72.89296845637584, 19.1006644295302]]}, "properties": {"edge_id": 2, "from_node": 4, "to_node": 5, "direction_provenance": "INFERRED (D8 steepest-descent on real Copernicus DEM GLO-30)", "flow_accumulation_cells": 24, "flow_accumulation_provenance": "INFERRED", "length_m": 37.31, "capacity_m3s": 0.3, "capacity_provenance": "ESTIMATED"}}, {"type": "Feature", "geometry": {"type": "LineString", "coordinates": [[72.89833758389261, 19.1003288590604], [72.89833758389261, 19.1006644295302]]}, "properties": {"edge_id": 3, "from_node": 6, "to_node": 0, "direction_provenance": "INFERRED (D8 steepest-descent on real Copernicus DEM GLO-30)", "flow_accumulation_cells": 16, "flow_accumulation_provenance": "INFERRED", "length_m": 37.31, "capacity_m3s": 0.2, "capacity_provenance": "ESTIMATED"}}, {"type": "Feature", "geometry": {"type": "LineString", "coordinates": [[72.89867315436241, 19.1003288590604], [72.89833758389261, 19.1003288590604]]}, "properties": {"edge_id": 4, "from_node": 7, "to_node": 6, "direction_provenance": "INFERRED (D8 steepest-descent on real Copernicus DEM GLO-30)", "flow_accumulation_cells": 15, "flow_accumulation_provenance": "INFERRED", "length_m": 35.26, "capacity_m3s": 0.1875, "capacity_provenance": "ESTIMATED"}}, {"type": "Feature", "geometry": {"type": "LineString", "coordinates": [[72.89900872483221, 19.1003288590604], [72.89867315436241, 19.1003288590604]]}, "properties": {"edge_id": 5, "from_node": 8, "to_node": 7, "direction_provenance": "INFERRED (D8 steepest-descent on real Copernicus DEM GLO-30)", "flow_accumulation_cells": 14, "flow_accumulation_provenance": "INFERRED", "length_m": 35.26, "capacity_m3s": 0.175, "capacity_provenance": "ESTIMATED"}}, {"type": "Feature", "geometry": {"type": "LineString", "coordinates": [[72.89934429530201, 19.1003288590604], [72.89900872483221, 19.1003288590604]]}, "properties": {"edge_id": 6, "from_node": 9, "to_node": 8, "direction_provenance": "INFERRED (D8 steepest-descent on real Copernicus DEM GLO-30)", "flow_accumulation_cells": 13, "flow_accumulation_provenance": "INFERRED", "length_m": 35.26, "capacity_m3s": 0.1625, "capacity_provenance": "ESTIMATED"}}, {"type": "Feature", "geometry": {"type": "LineString", "coordinates": [[72.87921006711409, 19.099993288590603], [72.87921006711409, 19.099657718120806]]}, "properties": {"edge_id": 7, "from_node": 10, "to_node": 11, "direction_provenance": "INFERRED (D8 steepest-descent on real Copernicus DEM GLO-30)", "flow_accumulation_cells": 10, "flow_accumulation_provenance": "INFERRED", "length_m": 37.31, "capacity_m3s": 0.125, "capacity_provenance": "ESTIMATED"}}, {"type": "Feature", "geometry": {"type": "LineString", "coordinates": [[72.89162617449664, 19.099993288590603], [72.89162617449664, 19.1003288590604]]}, "properties": {"edge_id": 8, "from_node": 12, "to_node": 13, "direction_provenance": "INFERRED (D8 steepest-descent on real Copernicus DEM GLO-30)", "flow_accumulation_cells": 14, "flow_accumulation_provenance": "INFERRED", "length_m": 37.31, "capacity_m3s": 0.175, "capacity_provenance": "ESTIMATED"}}, {"type": "Feature", "geometry": {"type": "LineString", "coordinates": [[72.89196174496644, 19.099993288590603], [72.89162617449664, 19.1003288590604]]}, "properties": {"edge_id": 9, "from_node": 14, "to_node": 13, "direction_provenance": "INFERRED (D8 steepest-descent on real Copernicus DEM GLO-30)", "flow_accumulation_cells": 31, "flow_accumulation_provenance": "INFERRED", "length_m": 51.34, "capacity_m3s": 0.3875, "capacity_provenance": "ESTIMATED"}}, {"type": "Feature", "geometry": {"type": "LineString", "coordinates": [[72.89263288590604, 19.099993288590603], [72.89296845637584, 19.1003288590604]]}, "properties": {"edge_id": 10, "from_node": 15, "to_node": 4, "direction_provenance": "INFERRED (D8 steepest-descent on real Copernicus DEM GLO-30)", "flow_accumulation_cells": 17, "flow_accumulation_provenance": "INFERRED", "length_m": 51.34, "capacity_m3s": 0.2125, "capacity_provenance": "ESTIMATED"}}, {"type": "Feature", "geometry": {"type": "LineString", "coordinates": [[72.89833758389261, 19.099993288590603], [72.89800201342281, 19.099657718120806]]}, "properties": {"edge_id": 11, "from_node": 16, "to_node": 17, "direction_provenance": "INFERRED (D8 steepest-descent on real Copernicus DEM GLO-30)", "flow_accumulation_cells": 27, "flow_accumulation_provenance": "INFERRED", "length_m": 51.34, "capacity_m3s": 0.3375, "capacity_provenance": "ESTIMATED"}}, {"type": "Feature", "geometry": {"type": "LineString", "coordinates": [[72.86343825503356, 19.099657718120806], [72.86377382550336, 19.099657718120806]]}, "properties": {"edge_id": 12, "from_node": 18, "to_node": 19, "direction_provenance": "INFERRED (D8 steepest-descent on real Copernicus DEM GLO-30)", "flow_accumulation_cells": 10, "flow_accumulation_provenance": "INFERRED", "length_m": 35.26, "capacity_m3s": 0.125, "capacity_provenance": "ESTIMATED"}}, {"type": "Feature", "geometry": {"type": "LineString", "coordinates": [[72.88894161073826, 19.099657718120806], [72.88894161073826, 19.099993288590603]]}, "properties": {"edge_id": 13, "from_node": 20, "to_node": 21, "direction_provenance": "INFERRED (D8 steepest-descent on real Copernicus DEM GLO-30)", "flow_accumulation_cells": 68, "flow_accumulation_provenance": "INFERRED", "length_m": 37.31, "capacity_m3s": 0.85, "capacity_provenance": "ESTIMATED"}}, {"type": "Feature", "geometry": {"type": "LineString", "coordinates": [[72.89196174496644, 19.099657718120806], [72.89196174496644, 19.099993288590603]]}, "properties": {"edge_id": 14, "from_node": 22, "to_node": 14, "direction_provenance": "INFERRED (D8 steepest-descent on real Copernicus DEM GLO-30)", "flow_accumulation_cells": 29, "flow_accumulation_provenance": "INFERRED", "length_m": 37.31, "capacity_m3s": 0.3625, "capacity_provenance": "ESTIMATED"}}, {"type": "Feature", "geometry": {"type": "LineString", "coordinates": [[72.89296845637584, 19.099657718120806], [72.89263288590604, 19.099993288590603]]}, "properties": {"edge_id": 15, "from_node": 23, "to_node": 15, "direction_provenance": "INFERRED (D8 steepest-descent on real Copernicus DEM GLO-30)", "flow_accumulation_cells": 16, "flow_accumulation_provenance": "INFERRED", "length_m": 51.34, "capacity_m3s": 0.2, "capacity_provenance": "ESTIMATED"}}, {"type": "Feature", "geometry": {"type": "LineString", "coordinates": [[72.89867315436241, 19.099657718120806], [72.89833758389261, 19.099993288590603]]}, "properties": {"edge_id": 16, "from_node": 24, "to_node": 16, "direction_provenance": "INFERRED (D8 steepest-descent on real Copernicus DEM GLO-30)", "flow_accumulation_cells": 23, "flow_accumulation_provenance": "INFERRED", "length_m": 51.34, "capacity_m3s": 0.2875, "capacity_provenance": "ESTIMATED"}}, {"type": "Feature", "geometry": {"type": "LineString", "coordinates": [[72.89900872483221, 19.099657718120806], [72.89867315436241, 19.099657718120806]]}, "properties": {"edge_id": 17, "from_node": 25, "to_node": 24, "direction_provenance": "INFERRED (D8 steepest-descent on real Copernicus DEM GLO-30)", "flow_accumulation_cells": 13, "flow_accumulation_provenance": "INFERRED", "length_m": 35.26, "capacity_m3s": 0.1625, "capacity_provenance": "ESTIMATED"}}, {"type": "Feature", "geometry": {"type": "LineString", "coordinates": [[72.89934429530201, 19.099657718120806], [72.89900872483221, 19.099657718120806]]}, "properties": {"edge_id": 18, "from_node": 26, "to_node": 25, "direction_provenance": "INFERRED (D8 steepest-descent on real Copernicus DEM GLO-30)", "flow_accumulation_cells": 12, "flow_accumulation_provenance": "INFERRED", "length_m": 35.26, "capacity_m3s": 0.15, "capacity_provenance": "ESTIMATED"}}, {"type": "Feature", "geometry": {"type": "LineString", "coordinates": [[72.9020288590604, 19.099657718120806], [72.9023644295302, 19.099322147651005]]}, "properties": {"edge_id": 19, "from_node": 27, "to_node": 28, "direction_provenance": "INFERRED (D8 steepest-descent on real Copernicus DEM GLO-30)", "flow_accumulation_cells": 16, "flow_accumulation_provenance": "INFERRED", "length_m": 51.34, "capacity_m3s": 0.2, "capacity_provenance": "ESTIMATED"}}, {"type": "Feature", "geometry": {"type": "LineString", "coordinates": [[72.9023644295302, 19.099657718120806], [72.9027, 19.099322147651005]]}, "properties": {"edge_id": 20, "from_node": 29, "to_node": 30, "direction_provenance": "INFERRED (D8 steepest-descent on real Copernicus DEM GLO-30)", "flow_accumulation_cells": 10, "flow_accumulation_provenance": "INFERRED", "length_m": 51.34, "capacity_m3s": 0.125, "capacity_provenance": "ESTIMATED"}}, {"type": "Feature", "geometry": {"type": "LineString", "coordinates": [[72.88927718120804, 19.099322147651005], [72.88894161073826, 19.099657718120806]]}, "properties": {"edge_id": 21, "from_node": 31, "to_node": 20, "direction_provenance": "INFERRED (D8 steepest-descent on real Copernicus DEM GLO-30)", "flow_accumulation_cells": 66, "flow_accumulation_provenance": "INFERRED", "length_m": 51.34, "capacity_m3s": 0.825, "capacity_provenance": "ESTIMATED"}}, {"type": "Feature", "geometry": {"type": "LineString", "coordinates": [[72.89229731543624, 19.099322147651005], [72.89196174496644, 19.099657718120806]]}, "properties": {"edge_id": 22, "from_node": 32, "to_node": 22, "direction_provenance": "INFERRED (D8 steepest-descent on real Copernicus DEM GLO-30)", "flow_accumulation_cells": 22, "flow_accumulation_provenance": "INFERRED", "length_m": 51.34, "capacity_m3s": 0.275, "capacity_provenance": "ESTIMATED"}}, {"type": "Feature", "geometry": {"type": "LineString", "coordinates": [[72.89296845637584, 19.099322147651005], [72.89296845637584, 19.099657718120806]]}, "properties": {"edge_id": 23, "from_node": 33, "to_node": 23, "direction_provenance": "INFERRED (D8 steepest-descent on real Copernicus DEM GLO-30)", "flow_accumulation_cells": 10, "flow_accumulation_provenance": "INFERRED", "length_m": 37.31, "capacity_m3s": 0.125, "capacity_provenance": "ESTIMATED"}}, {"type": "Feature", "geometry": {"type": "LineString", "coordinates": [[72.89766644295301, 19.099322147651005], [72.89766644295301, 19.099657718120806]]}, "properties": {"edge_id": 24, "from_node": 34, "to_node": 35, "direction_provenance": "INFERRED (D8 steepest-descent on real Copernicus DEM GLO-30)", "flow_accumulation_cells": 10, "flow_accumulation_provenance": "INFERRED", "length_m": 37.31, "capacity_m3s": 0.125, "capacity_provenance": "ESTIMATED"}}, {"type": "Feature", "geometry": {"type": "LineString", "coordinates": [[72.9023644295302, 19.099322147651005], [72.9027, 19.098986577181208]]}, "properties": {"edge_id": 25, "from_node": 28, "to_node": 36, "direction_provenance": "INFERRED (D8 steepest-descent on real Copernicus DEM GLO-30)", "flow_accumulation_cells": 17, "flow_accumulation_provenance": "INFERRED", "length_m": 51.34, "capacity_m3s": 0.2125, "capacity_provenance": "ESTIMATED"}}, {"type": "Feature", "geometry": {"type": "LineString", "coordinates": [[72.9027, 19.099322147651005], [72.9027, 19.098986577181208]]}, "properties": {"edge_id": 26, "from_node": 30, "to_node": 36, "direction_provenance": "INFERRED (D8 steepest-descent on real Copernicus DEM GLO-30)", "flow_accumulation_cells": 14, "flow_accumulation_provenance": "INFERRED", "length_m": 37.31, "capacity_m3s": 0.175, "capacity_provenance": "ESTIMATED"}}, {"type": "Feature", "geometry": {"type": "LineString", "coordinates": [[72.88961275167784, 19.098986577181208], [72.88927718120804, 19.099322147651005]]}, "properties": {"edge_id": 27, "from_node": 37, "to_node": 31, "direction_provenance": "INFERRED (D8 steepest-descent on real Copernicus DEM GLO-30)", "flow_accumulation_cells": 64, "flow_accumulation_provenance": "INFERRED", "length_m": 51.34, "capacity_m3s": 0.8, "capacity_provenance": "ESTIMATED"}}, {"type": "Feature", "geometry": {"type": "LineString", "coordinates": [[72.89229731543624, 19.098986577181208], [72.89229731543624, 19.099322147651005]]}, "properties": {"edge_id": 28, "from_node": 38, "to_node": 32, "direction_provenance": "INFERRED (D8 steepest-descent on real Copernicus DEM GLO-30)", "flow_accumulation_cells": 19, "flow_accumulation_provenance": "INFERRED", "length_m": 37.31, "capacity_m3s": 0.2375, "capacity_provenance": "ESTIMATED"}}, {"type": "Feature", "geometry": {"type": "LineString", "coordinates": [[72.9027, 19.098986577181208], [72.9023644295302, 19.098651006711407]]}, "properties": {"edge_id": 29, "from_node": 36, "to_node": 39, "direction_provenance": "INFERRED (D8 steepest-descent on real Copernicus DEM GLO-30)", "flow_accumulation_cells": 32, "flow_accumulation_provenance": "INFERRED", "length_m": 51.34, "capacity_m3s": 0.4, "capacity_provenance": "ESTIMATED"}}, {"type": "Feature", "geometry": {"type": "LineString", "coordinates": [[72.8771966442953, 19.098651006711407], [72.8775322147651, 19.09831543624161]]}, "properties": {"edge_id": 30, "from_node": 40, "to_node": 41, "direction_provenance": "INFERRED (D8 steepest-descent on real Copernicus DEM GLO-30)", "flow_accumulation_cells": 10, "flow_accumulation_provenance": "INFERRED", "length_m": 51.34, "capacity_m3s": 0.125, "capacity_provenance": "ESTIMATED"}}, {"type": "Feature", "geometry": {"type": "LineString", "coordinates": [[72.88961275167784, 19.098651006711407], [72.88961275167784, 19.098986577181208]]}, "properties": {"edge_id": 31, "from_node": 42, "to_node": 37, "direction_provenance": "INFERRED (D8 steepest-descent on real Copernicus DEM GLO-30)", "flow_accumulation_cells": 60, "flow_accumulation_provenance": "INFERRED", "length_m": 37.31, "capacity_m3s": 0.75, "capacity_provenance": "ESTIMATED"}}, {"type": "Feature", "geometry": {"type": "LineString", "coordinates": [[72.9023644295302, 19.098651006711407], [72.9023644295302, 19.09831543624161]]}, "properties": {"edge_id": 32, "from_node": 39, "to_node": 43, "direction_provenance": "INFERRED (D8 steepest-descent on real Copernicus DEM GLO-30)", "flow_accumulation_cells": 36, "flow_accumulation_provenance": "INFERRED", "length_m": 37.31, "capacity_m3s": 0.45, "capacity_provenance": "ESTIMATED"}}, {"type": "Feature", "geometry": {"type": "LineString", "coordinates": [[72.88961275167784, 19.09831543624161], [72.88961275167784, 19.098651006711407]]}, "properties": {"edge_id": 33, "from_node": 44, "to_node": 42, "direction_provenance": "INFERRED (D8 steepest-descent on real Copernicus DEM GLO-30)", "flow_accumulation_cells": 51, "flow_accumulation_provenance": "INFERRED", "length_m": 37.31, "capacity_m3s": 0.6375, "capacity_provenance": "ESTIMATED"}}, {"type": "Feature", "geometry": {"type": "LineString", "coordinates": [[72.9016932885906, 19.09831543624161], [72.9016932885906, 19.097979865771812]]}, "properties": {"edge_id": 34, "from_node": 45, "to_node": 46, "direction_provenance": "INFERRED (D8 steepest-descent on real Copernicus DEM GLO-30)", "flow_accumulation_cells": 13, "flow_accumulation_provenance": "INFERRED", "length_m": 37.31, "capacity_m3s": 0.1625, "capacity_provenance": "ESTIMATED"}}, {"type": "Feature", "geometry": {"type": "LineString", "coordinates": [[72.9023644295302, 19.09831543624161], [72.9020288590604, 19.097979865771812]]}, "properties": {"edge_id": 35, "from_node": 43, "to_node": 47, "direction_provenance": "INFERRED (D8 steepest-descent on real Copernicus DEM GLO-30)", "flow_accumulation_cells": 39, "flow_accumulation_provenance": "INFERRED", "length_m": 51.34, "capacity_m3s": 0.4875, "capacity_provenance": "ESTIMATED"}}, {"type": "Feature", "geometry": {"type": "LineString", "coordinates": [[72.8758543624161, 19.097979865771812], [72.87618993288591, 19.09831543624161]]}, "properties": {"edge_id": 36, "from_node": 48, "to_node": 49, "direction_provenance": "INFERRED (D8 steepest-descent on real Copernicus DEM GLO-30)", "flow_accumulation_cells": 13, "flow_accumulation_provenance": "INFERRED", "length_m": 51.34, "capacity_m3s": 0.1625, "capacity_provenance": "ESTIMATED"}}, {"type": "Feature", "geometry": {"type": "LineString", "coordinates": [[72.88055234899329, 19.097979865771812], [72.88088791946308, 19.09764429530201]]}, "properties": {"edge_id": 37, "from_node": 50, "to_node": 51, "direction_provenance": "INFERRED (D8 steepest-descent on real Copernicus DEM GLO-30)", "flow_accumulation_cells": 13, "flow_accumulation_provenance": "INFERRED", "length_m": 51.34, "capacity_m3s": 0.1625, "capacity_provenance": "ESTIMATED"}}, {"type": "Feature", "geometry": {"type": "LineString", "coordinates": [[72.88927718120804, 19.097979865771812], [72.88961275167784, 19.09831543624161]]}, "properties": {"edge_id": 38, "from_node": 52, "to_node": 44, "direction_provenance": "INFERRED (D8 steepest-descent on real Copernicus DEM GLO-30)", "flow_accumulation_cells": 47, "flow_accumulation_provenance": "INFERRED", "length_m": 51.34, "capacity_m3s": 0.5875, "capacity_provenance": "ESTIMATED"}}, {"type": "Feature", "geometry": {"type": "LineString", "coordinates": [[72.89598859060402, 19.097979865771812], [72.89598859060402, 19.09764429530201]]}, "properties": {"edge_id": 39, "from_node": 53, "to_node": 54, "direction_provenance": "INFERRED (D8 steepest-descent on real Copernicus DEM GLO-30)", "flow_accumulation_cells": 12, "flow_accumulation_provenance": "INFERRED", "length_m": 37.31, "capacity_m3s": 0.15, "capacity_provenance": "ESTIMATED"}}, {"type": "Feature", "geometry": {"type": "LineString", "coordinates": [[72.9016932885906, 19.097979865771812], [72.9016932885906, 19.09764429530201]]}, "properties": {"edge_id": 40, "from_node": 46, "to_node": 55, "direction_provenance": "INFERRED (D8 steepest-descent on real Copernicus DEM GLO-30)", "flow_accumulation_cells": 14, "flow_accumulation_provenance": "INFERRED", "length_m": 37.31, "capacity_m3s": 0.175, "capacity_provenance": "ESTIMATED"}}, {"type": "Feature", "geometry": {"type": "LineString", "coordinates": [[72.9020288590604, 19.097979865771812], [72.9016932885906, 19.09764429530201]]}, "properties": {"edge_id": 41, "from_node": 47, "to_node": 55, "direction_provenance": "INFERRED (D8 steepest-descent on real Copernicus DEM GLO-30)", "flow_accumulation_cells": 43, "flow_accumulation_provenance": "INFERRED", "length_m": 51.34, "capacity_m3s": 0.5375, "capacity_provenance": "ESTIMATED"}}, {"type": "Feature", "geometry": {"type": "LineString", "coordinates": [[72.8758543624161, 19.09764429530201], [72.8758543624161, 19.097979865771812]]}, "properties": {"edge_id": 42, "from_node": 56, "to_node": 48, "direction_provenance": "INFERRED (D8 steepest-descent on real Copernicus DEM GLO-30)", "flow_accumulation_cells": 10, "flow_accumulation_provenance": "INFERRED", "length_m": 37.31, "capacity_m3s": 0.125, "capacity_provenance": "ESTIMATED"}}, {"type": "Feature", "geometry": {"type": "LineString", "coordinates": [[72.88088791946308, 19.09764429530201], [72.88088791946308, 19.097308724832214]]}, "properties": {"edge_id": 43, "from_node": 51, "to_node": 57, "direction_provenance": "INFERRED (D8 steepest-descent on real Copernicus DEM GLO-30)", "flow_accumulation_cells": 24, "flow_accumulation_provenance": "INFERRED", "length_m": 37.31, "capacity_m3s": 0.3, "capacity_provenance": "ESTIMATED"}}, {"type": "Feature", "geometry": {"type": "LineString", "coordinates": [[72.88793489932885, 19.09764429530201], [72.88759932885905, 19.09764429530201]]}, "properties": {"edge_id": 44, "from_node": 58, "to_node": 59, "direction_provenance": "INFERRED (D8 steepest-descent on real Copernicus DEM GLO-30)", "flow_accumulation_cells": 14, "flow_accumulation_provenance": "INFERRED", "length_m": 35.26, "capacity_m3s": 0.175, "capacity_provenance": "ESTIMATED"}}, {"type": "Feature", "geometry": {"type": "LineString", "coordinates": [[72.88827046979866, 19.09764429530201], [72.88793489932885, 19.09764429530201]]}, "properties": {"edge_id": 45, "from_node": 60, "to_node": 58, "direction_provenance": "INFERRED (D8 steepest-descent on real Copernicus DEM GLO-30)", "flow_accumulation_cells": 13, "flow_accumulation_provenance": "INFERRED", "length_m": 35.26, "capacity_m3s": 0.1625, "capacity_provenance": "ESTIMATED"}}, {"type": "Feature", "geometry": {"type": "LineString", "coordinates": [[72.88961275167784, 19.09764429530201], [72.88927718120804, 19.097979865771812]]}, "properties": {"edge_id": 46, "from_node": 61, "to_node": 52, "direction_provenance": "INFERRED (D8 steepest-descent on real Copernicus DEM GLO-30)", "flow_accumulation_cells": 44, "flow_accumulation_provenance": "INFERRED", "length_m": 51.34, "capacity_m3s": 0.55, "capacity_provenance": "ESTIMATED"}}, {"type": "Feature", "geometry": {"type": "LineString", "coordinates": [[72.88994832214765, 19.09764429530201], [72.88961275167784, 19.09764429530201]]}, "properties": {"edge_id": 47, "from_node": 62, "to_node": 61, "direction_provenance": "INFERRED (D8 steepest-descent on real Copernicus DEM GLO-30)", "flow_accumulation_cells": 33, "flow_accumulation_provenance": "INFERRED", "length_m": 35.26, "capacity_m3s": 0.4125, "capacity_provenance": "ESTIMATED"}}, {"type": "Feature", "geometry": {"type": "LineString", "coordinates": [[72.89028389261745, 19.09764429530201], [72.88994832214765, 19.09764429530201]]}, "properties": {"edge_id": 48, "from_node": 63, "to_node": 62, "direction_provenance": "INFERRED (D8 steepest-descent on real Copernicus DEM GLO-30)", "flow_accumulation_cells": 28, "flow_accumulation_provenance": "INFERRED", "length_m": 35.26, "capacity_m3s": 0.35, "capacity_provenance": "ESTIMATED"}}, {"type": "Feature", "geometry": {"type": "LineString", "coordinates": [[72.89061946308725, 19.09764429530201], [72.89028389261745, 19.09764429530201]]}, "properties": {"edge_id": 49, "from_node": 64, "to_node": 63, "direction_provenance": "INFERRED (D8 steepest-descent on real Copernicus DEM GLO-30)", "flow_accumulation_cells": 24, "flow_accumulation_provenance": "INFERRED", "length_m": 35.26, "capacity_m3s": 0.3, "capacity_provenance": "ESTIMATED"}}, {"type": "Feature", "geometry": {"type": "LineString", "coordinates": [[72.89095503355705, 19.09764429530201], [72.89061946308725, 19.09764429530201]]}, "properties": {"edge_id": 50, "from_node": 65, "to_node": 64, "direction_provenance": "INFERRED (D8 steepest-descent on real Copernicus DEM GLO-30)", "flow_accumulation_cells": 23, "flow_accumulation_provenance": "INFERRED", "length_m": 35.26, "capacity_m3s": 0.2875, "capacity_provenance": "ESTIMATED"}}, {"type": "Feature", "geometry": {"type": "LineString", "coordinates": [[72.89632416107382, 19.09764429530201], [72.89598859060402, 19.09764429530201]]}, "properties": {"edge_id": 51, "from_node": 66, "to_node": 54, "direction_provenance": "INFERRED (D8 steepest-descent on real Copernicus DEM GLO-30)", "flow_accumulation_cells": 11, "flow_accumulation_provenance": "INFERRED", "length_m": 35.26, "capacity_m3s": 0.1375, "capacity_provenance": "ESTIMATED"}}, {"type": "Feature", "geometry": {"type": "LineString", "coordinates": [[72.9013577181208, 19.09764429530201], [72.9016932885906, 19.09764429530201]]}, "properties": {"edge_id": 52, "from_node": 67, "to_node": 55, "direction_provenance": "INFERRED (D8 steepest-descent on real Copernicus DEM GLO-30)", "flow_accumulation_cells": 12, "flow_accumulation_provenance": "INFERRED", "length_m": 35.26, "capacity_m3s": 0.15, "capacity_provenance": "ESTIMATED"}}, {"type": "Feature", "geometry": {"type": "LineString", "coordinates": [[72.9016932885906, 19.09764429530201], [72.9020288590604, 19.097308724832214]]}, "properties": {"edge_id": 53, "from_node": 55, "to_node": 68, "direction_provenance": "INFERRED (D8 steepest-descent on real Copernicus DEM GLO-30)", "flow_accumulation_cells": 71, "flow_accumulation_provenance": "INFERRED", "length_m": 51.34, "capacity_m3s": 0.8875, "capacity_provenance": "ESTIMATED"}}, {"type": "Feature", "geometry": {"type": "LineString", "coordinates": [[72.88860604026846, 19.097308724832214], [72.88827046979866, 19.09764429530201]]}, "properties": {"edge_id": 54, "from_node": 69, "to_node": 60, "direction_provenance": "INFERRED (D8 steepest-descent on real Copernicus DEM GLO-30)", "flow_accumulation_cells": 10, "flow_accumulation_provenance": "INFERRED", "length_m": 51.34, "capacity_m3s": 0.125, "capacity_provenance": "ESTIMATED"}}, {"type": "Feature", "geometry": {"type": "LineString", "coordinates": [[72.88961275167784, 19.097308724832214], [72.88961275167784, 19.09764429530201]]}, "properties": {"edge_id": 55, "from_node": 70, "to_node": 61, "direction_provenance": "INFERRED (D8 steepest-descent on real Copernicus DEM GLO-30)", "flow_accumulation_cells": 10, "flow_accumulation_provenance": "INFERRED", "length_m": 37.31, "capacity_m3s": 0.125, "capacity_provenance": "ESTIMATED"}}, {"type": "Feature", "geometry": {"type": "LineString", "coordinates": [[72.89095503355705, 19.097308724832214], [72.89095503355705, 19.09764429530201]]}, "properties": {"edge_id": 56, "from_node": 71, "to_node": 65, "direction_provenance": "INFERRED (D8 steepest-descent on real Copernicus DEM GLO-30)", "flow_accumulation_cells": 14, "flow_accumulation_provenance": "INFERRED", "length_m": 37.31, "capacity_m3s": 0.175, "capacity_provenance": "ESTIMATED"}}, {"type": "Feature", "geometry": {"type": "LineString", "coordinates": [[72.89800201342281, 19.097308724832214], [72.89766644295301, 19.096973154362416]]}, "properties": {"edge_id": 57, "from_node": 72, "to_node": 73, "direction_provenance": "INFERRED (D8 steepest-descent on real Copernicus DEM GLO-30)", "flow_accumulation_cells": 31, "flow_accumulation_provenance": "INFERRED", "length_m": 51.34, "capacity_m3s": 0.3875, "capacity_provenance": "ESTIMATED"}}, {"type": "Feature", "geometry": {"type": "LineString", "coordinates": [[72.89833758389261, 19.097308724832214], [72.89800201342281, 19.097308724832214]]}, "properties": {"edge_id": 58, "from_node": 74, "to_node": 72, "direction_provenance": "INFERRED (D8 steepest-descent on real Copernicus DEM GLO-30)", "flow_accumulation_cells": 19, "flow_accumulation_provenance": "INFERRED", "length_m": 35.26, "capacity_m3s": 0.2375, "capacity_provenance": "ESTIMATED"}}, {"type": "Feature", "geometry": {"type": "LineString", "coordinates": [[72.89867315436241, 19.097308724832214], [72.89833758389261, 19.097308724832214]]}, "properties": {"edge_id": 59, "from_node": 75, "to_node": 74, "direction_provenance": "INFERRED (D8 steepest-descent on real Copernicus DEM GLO-30)", "flow_accumulation_cells": 13, "flow_accumulation_provenance": "INFERRED", "length_m": 35.26, "capacity_m3s": 0.1625, "capacity_provenance": "ESTIMATED"}}, {"type": "Feature", "geometry": {"type": "LineString", "coordinates": [[72.9020288590604, 19.097308724832214], [72.9023644295302, 19.096973154362416]]}, "properties": {"edge_id": 60, "from_node": 68, "to_node": 76, "direction_provenance": "INFERRED (D8 steepest-descent on real Copernicus DEM GLO-30)", "flow_accumulation_cells": 73, "flow_accumulation_provenance": "INFERRED", "length_m": 51.34, "capacity_m3s": 0.9125, "capacity_provenance": "ESTIMATED"}}, {"type": "Feature", "geometry": {"type": "LineString", "coordinates": [[72.88793489932885, 19.096973154362416], [72.88759932885905, 19.097308724832214]]}, "properties": {"edge_id": 61, "from_node": 77, "to_node": 78, "direction_provenance": "INFERRED (D8 steepest-descent on real Copernicus DEM GLO-30)", "flow_accumulation_cells": 33, "flow_accumulation_provenance": "INFERRED", "length_m": 51.34, "capacity_m3s": 0.4125, "capacity_provenance": "ESTIMATED"}}, {"type": "Feature", "geometry": {"type": "LineString", "coordinates": [[72.89498187919463, 19.096973154362416], [72.89464630872483, 19.096637583892615]]}, "properties": {"edge_id": 62, "from_node": 79, "to_node": 80, "direction_provenance": "INFERRED (D8 steepest-descent on real Copernicus DEM GLO-30)", "flow_accumulation_cells": 11, "flow_accumulation_provenance": "INFERRED", "length_m": 51.34, "capacity_m3s": 0.1375, "capacity_provenance": "ESTIMATED"}}, {"type": "Feature", "geometry": {"type": "LineString", "coordinates": [[72.89766644295301, 19.096973154362416], [72.89766644295301, 19.096637583892615]]}, "properties": {"edge_id": 63, "from_node": 73, "to_node": 81, "direction_provenance": "INFERRED (D8 steepest-descent on real Copernicus DEM GLO-30)", "flow_accumulation_cells": 37, "flow_accumulation_provenance": "INFERRED", "length_m": 37.31, "capacity_m3s": 0.4625, "capacity_provenance": "ESTIMATED"}}, {"type": "Feature", "geometry": {"type": "LineString", "coordinates": [[72.89833758389261, 19.096973154362416], [72.89800201342281, 19.097308724832214]]}, "properties": {"edge_id": 64, "from_node": 82, "to_node": 72, "direction_provenance": "INFERRED (D8 steepest-descent on real Copernicus DEM GLO-30)", "flow_accumulation_cells": 11, "flow_accumulation_provenance": "INFERRED", "length_m": 51.34, "capacity_m3s": 0.1375, "capacity_provenance": "ESTIMATED"}}, {"type": "Feature", "geometry": {"type": "LineString", "coordinates": [[72.9023644295302, 19.096973154362416], [72.9027, 19.096637583892615]]}, "properties": {"edge_id": 65, "from_node": 76, "to_node": 83, "direction_provenance": "INFERRED (D8 steepest-descent on real Copernicus DEM GLO-30)", "flow_accumulation_cells": 76, "flow_accumulation_provenance": "INFERRED", "length_m": 51.34, "capacity_m3s": 0.95, "capacity_provenance": "ESTIMATED"}}, {"type": "Feature", "geometry": {"type": "LineString", "coordinates": [[72.88793489932885, 19.096637583892615], [72.88793489932885, 19.096973154362416]]}, "properties": {"edge_id": 66, "from_node": 84, "to_node": 77, "direction_provenance": "INFERRED (D8 steepest-descent on real Copernicus DEM GLO-30)", "flow_accumulation_cells": 30, "flow_accumulation_provenance": "INFERRED", "length_m": 37.31, "capacity_m3s": 0.375, "capacity_provenance": "ESTIMATED"}}, {"type": "Feature", "geometry": {"type": "LineString", "coordinates": [[72.88827046979866, 19.096637583892615], [72.88793489932885, 19.096637583892615]]}, "properties": {"edge_id": 67, "from_node": 85, "to_node": 84, "direction_provenance": "INFERRED (D8 steepest-descent on real Copernicus DEM GLO-30)", "flow_accumulation_cells": 17, "flow_accumulation_provenance": "INFERRED", "length_m": 35.26, "capacity_m3s": 0.2125, "capacity_provenance": "ESTIMATED"}}, {"type": "Feature", "geometry": {"type": "LineString", "coordinates": [[72.88860604026846, 19.096637583892615], [72.88827046979866, 19.096637583892615]]}, "properties": {"edge_id": 68, "from_node": 86, "to_node": 85, "direction_provenance": "INFERRED (D8 steepest-descent on real Copernicus DEM GLO-30)", "flow_accumulation_cells": 14, "flow_accumulation_provenance": "INFERRED", "length_m": 35.26, "capacity_m3s": 0.175, "capacity_provenance": "ESTIMATED"}}, {"type": "Feature", "geometry": {"type": "LineString", "coordinates": [[72.89330402684564, 19.096637583892615], [72.89363959731543, 19.096973154362416]]}, "properties": {"edge_id": 69, "from_node": 87, "to_node": 88, "direction_provenance": "INFERRED (D8 steepest-descent on real Copernicus DEM GLO-30)", "flow_accumulation_cells": 10, "flow_accumulation_provenance": "INFERRED", "length_m": 51.34, "capacity_m3s": 0.125, "capacity_provenance": "ESTIMATED"}}, {"type": "Feature", "geometry": {"type": "LineString", "coordinates": [[72.89464630872483, 19.096637583892615], [72.89431073825503, 19.096637583892615]]}, "properties": {"edge_id": 70, "from_node": 80, "to_node": 89, "direction_provenance": "INFERRED (D8 steepest-descent on real Copernicus DEM GLO-30)", "flow_accumulation_cells": 19, "flow_accumulation_provenance": "INFERRED", "length_m": 35.26, "capacity_m3s": 0.2375, "capacity_provenance": "ESTIMATED"}}, {"type": "Feature", "geometry": {"type": "LineString", "coordinates": [[72.89766644295301, 19.096637583892615], [72.89733087248322, 19.096302013422818]]}, "properties": {"edge_id": 71, "from_node": 81, "to_node": 90, "direction_provenance": "INFERRED (D8 steepest-descent on real Copernicus DEM GLO-30)", "flow_accumulation_cells": 41, "flow_accumulation_provenance": "INFERRED", "length_m": 51.34, "capacity_m3s": 0.5125, "capacity_provenance": "ESTIMATED"}}, {"type": "Feature", "geometry": {"type": "LineString", "coordinates": [[72.901022147651, 19.096637583892615], [72.9013577181208, 19.096302013422818]]}, "properties": {"edge_id": 72, "from_node": 91, "to_node": 92, "direction_provenance": "INFERRED (D8 steepest-descent on real Copernicus DEM GLO-30)", "flow_accumulation_cells": 13, "flow_accumulation_provenance": "INFERRED", "length_m": 51.34, "capacity_m3s": 0.1625, "capacity_provenance": "ESTIMATED"}}, {"type": "Feature", "geometry": {"type": "LineString", "coordinates": [[72.9027, 19.096637583892615], [72.9023644295302, 19.096302013422818]]}, "properties": {"edge_id": 73, "from_node": 83, "to_node": 93, "direction_provenance": "INFERRED (D8 steepest-descent on real Copernicus DEM GLO-30)", "flow_accumulation_cells": 82, "flow_accumulation_provenance": "INFERRED", "length_m": 51.34, "capacity_m3s": 1.025, "capacity_provenance": "ESTIMATED"}}, {"type": "Feature", "geometry": {"type": "LineString", "coordinates": [[72.88894161073826, 19.096302013422818], [72.88860604026846, 19.096637583892615]]}, "properties": {"edge_id": 74, "from_node": 94, "to_node": 86, "direction_provenance": "INFERRED (D8 steepest-descent on real Copernicus DEM GLO-30)", "flow_accumulation_cells": 11, "flow_accumulation_provenance": "INFERRED", "length_m": 51.34, "capacity_m3s": 0.1375, "capacity_provenance": "ESTIMATED"}}, {"type": "Feature", "geometry": {"type": "LineString", "coordinates": [[72.89397516778523, 19.096302013422818], [72.89397516778523, 19.096637583892615]]}, "properties": {"edge_id": 75, "from_node": 95, "to_node": 96, "direction_provenance": "INFERRED (D8 steepest-descent on real Copernicus DEM GLO-30)", "flow_accumulation_cells": 50, "flow_accumulation_provenance": "INFERRED", "length_m": 37.31, "capacity_m3s": 0.625, "capacity_provenance": "ESTIMATED"}}, {"type": "Feature", "geometry": {"type": "LineString", "coordinates": [[72.89733087248322, 19.096302013422818], [72.89699530201342, 19.09596644295302]]}, "properties": {"edge_id": 76, "from_node": 90, "to_node": 97, "direction_provenance": "INFERRED (D8 steepest-descent on real Copernicus DEM GLO-30)", "flow_accumulation_cells": 61, "flow_accumulation_provenance": "INFERRED", "length_m": 51.34, "capacity_m3s": 0.7625, "capacity_provenance": "ESTIMATED"}}, {"type": "Feature", "geometry": {"type": "LineString", "coordinates": [[72.89766644295301, 19.096302013422818], [72.89733087248322, 19.096302013422818]]}, "properties": {"edge_id": 77, "from_node": 98, "to_node": 90, "direction_provenance": "INFERRED (D8 steepest-descent on real Copernicus DEM GLO-30)", "flow_accumulation_cells": 17, "flow_accumulation_provenance": "INFERRED", "length_m": 35.26, "capacity_m3s": 0.2125, "capacity_provenance": "ESTIMATED"}}, {"type": "Feature", "geometry": {"type": "LineString", "coordinates": [[72.89800201342281, 19.096302013422818], [72.89766644295301, 19.096302013422818]]}, "properties": {"edge_id": 78, "from_node": 99, "to_node": 98, "direction_provenance": "INFERRED (D8 steepest-descent on real Copernicus DEM GLO-30)", "flow_accumulation_cells": 15, "flow_accumulation_provenance": "INFERRED", "length_m": 35.26, "capacity_m3s": 0.1875, "capacity_provenance": "ESTIMATED"}}, {"type": "Feature", "geometry": {"type": "LineString", "coordinates": [[72.9013577181208, 19.096302013422818], [72.9016932885906, 19.09596644295302]]}, "properties": {"edge_id": 79, "from_node": 92, "to_node": 100, "direction_provenance": "INFERRED (D8 steepest-descent on real Copernicus DEM GLO-30)", "flow_accumulation_cells": 19, "flow_accumulation_provenance": "INFERRED", "length_m": 51.34, "capacity_m3s": 0.2375, "capacity_provenance": "ESTIMATED"}}, {"type": "Feature", "geometry": {"type": "LineString", "coordinates": [[72.9023644295302, 19.096302013422818], [72.9023644295302, 19.09596644295302]]}, "properties": {"edge_id": 80, "from_node": 93, "to_node": 101, "direction_provenance": "INFERRED (D8 steepest-descent on real Copernicus DEM GLO-30)", "flow_accumulation_cells": 89, "flow_accumulation_provenance": "INFERRED", "length_m": 37.31, "capacity_m3s": 1.1125, "capacity_provenance": "ESTIMATED"}}, {"type": "Feature", "geometry": {"type": "LineString", "coordinates": [[72.88457919463087, 19.09596644295302], [72.88424362416107, 19.09596644295302]]}, "properties": {"edge_id": 81, "from_node": 102, "to_node": 103, "direction_provenance": "INFERRED (D8 steepest-descent on real Copernicus DEM GLO-30)", "flow_accumulation_cells": 11, "flow_accumulation_provenance": "INFERRED", "length_m": 35.26, "capacity_m3s": 0.1375, "capacity_provenance": "ESTIMATED"}}, {"type": "Feature", "geometry": {"type": "LineString", "coordinates": [[72.88927718120804, 19.09596644295302], [72.88894161073826, 19.096302013422818]]}, "properties": {"edge_id": 82, "from_node": 104, "to_node": 94, "direction_provenance": "INFERRED (D8 steepest-descent on real Copernicus DEM GLO-30)", "flow_accumulation_cells": 10, "flow_accumulation_provenance": "INFERRED", "length_m": 51.34, "capacity_m3s": 0.125, "capacity_provenance": "ESTIMATED"}}, {"type": "Feature", "geometry": {"type": "LineString", "coordinates": [[72.89363959731543, 19.09596644295302], [72.89397516778523, 19.096302013422818]]}, "properties": {"edge_id": 83, "from_node": 105, "to_node": 95, "direction_provenance": "INFERRED (D8 steepest-descent on real Copernicus DEM GLO-30)", "flow_accumulation_cells": 44, "flow_accumulation_provenance": "INFERRED", "length_m": 51.34, "capacity_m3s": 0.55, "capacity_provenance": "ESTIMATED"}}, {"type": "Feature", "geometry": {"type": "LineString", "coordinates": [[72.89665973154362, 19.09596644295302], [72.89632416107382, 19.09563087248322]]}, "properties": {"edge_id": 84, "from_node": 106, "to_node": 107, "direction_provenance": "INFERRED (D8 steepest-descent on real Copernicus DEM GLO-30)", "flow_accumulation_cells": 72, "flow_accumulation_provenance": "INFERRED", "length_m": 51.34, "capacity_m3s": 0.9, "capacity_provenance": "ESTIMATED"}}, {"type": "Feature", "geometry": {"type": "LineString", "coordinates": [[72.89699530201342, 19.09596644295302], [72.89665973154362, 19.09596644295302]]}, "properties": {"edge_id": 85, "from_node": 97, "to_node": 106, "direction_provenance": "INFERRED (D8 steepest-descent on real Copernicus DEM GLO-30)", "flow_accumulation_cells": 71, "flow_accumulation_provenance": "INFERRED", "length_m": 35.26, "capacity_m3s": 0.8875, "capacity_provenance": "ESTIMATED"}}, {"type": "Feature", "geometry": {"type": "LineString", "coordinates": [[72.89833758389261, 19.09596644295302], [72.89800201342281, 19.096302013422818]]}, "properties": {"edge_id": 86, "from_node": 108, "to_node": 99, "direction_provenance": "INFERRED (D8 steepest-descent on real Copernicus DEM GLO-30)", "flow_accumulation_cells": 14, "flow_accumulation_provenance": "INFERRED", "length_m": 51.34, "capacity_m3s": 0.175, "capacity_provenance": "ESTIMATED"}}, {"type": "Feature", "geometry": {"type": "LineString", "coordinates": [[72.9016932885906, 19.09596644295302], [72.9016932885906, 19.09563087248322]]}, "properties": {"edge_id": 87, "from_node": 100, "to_node": 109, "direction_provenance": "INFERRED (D8 steepest-descent on real Copernicus DEM GLO-30)", "flow_accumulation_cells": 24, "flow_accumulation_provenance": "INFERRED", "length_m": 37.31, "capacity_m3s": 0.3, "capacity_provenance": "ESTIMATED"}}, {"type": "Feature", "geometry": {"type": "LineString", "coordinates": [[72.9023644295302, 19.09596644295302], [72.9027, 19.09563087248322]]}, "properties": {"edge_id": 88, "from_node": 101, "to_node": 110, "direction_provenance": "INFERRED (D8 steepest-descent on real Copernicus DEM GLO-30)", "flow_accumulation_cells": 90, "flow_accumulation_provenance": "INFERRED", "length_m": 51.34, "capacity_m3s": 1.125, "capacity_provenance": "ESTIMATED"}}, {"type": "Feature", "geometry": {"type": "LineString", "coordinates": [[72.89330402684564, 19.09563087248322], [72.89363959731543, 19.09596644295302]]}, "properties": {"edge_id": 89, "from_node": 111, "to_node": 105, "direction_provenance": "INFERRED (D8 steepest-descent on real Copernicus DEM GLO-30)", "flow_accumulation_cells": 11, "flow_accumulation_provenance": "INFERRED", "length_m": 51.34, "capacity_m3s": 0.1375, "capacity_provenance": "ESTIMATED"}}, {"type": "Feature", "geometry": {"type": "LineString", "coordinates": [[72.89397516778523, 19.09563087248322], [72.89363959731543, 19.09596644295302]]}, "properties": {"edge_id": 90, "from_node": 112, "to_node": 105, "direction_provenance": "INFERRED (D8 steepest-descent on real Copernicus DEM GLO-30)", "flow_accumulation_cells": 30, "flow_accumulation_provenance": "INFERRED", "length_m": 51.34, "capacity_m3s": 0.375, "capacity_provenance": "ESTIMATED"}}, {"type": "Feature", "geometry": {"type": "LineString", "coordinates": [[72.89632416107382, 19.09563087248322], [72.89598859060402, 19.09563087248322]]}, "properties": {"edge_id": 91, "from_node": 107, "to_node": 113, "direction_provenance": "INFERRED (D8 steepest-descent on real Copernicus DEM GLO-30)", "flow_accumulation_cells": 106, "flow_accumulation_provenance": "INFERRED", "length_m": 35.26, "capacity_m3s": 1.325, "capacity_provenance": "ESTIMATED"}}, {"type": "Feature", "geometry": {"type": "LineString", "coordinates": [[72.9016932885906, 19.09563087248322], [72.9016932885906, 19.095295302013422]]}, "properties": {"edge_id": 92, "from_node": 109, "to_node": 114, "direction_provenance": "INFERRED (D8 steepest-descent on real Copernicus DEM GLO-30)", "flow_accumulation_cells": 25, "flow_accumulation_provenance": "INFERRED", "length_m": 37.31, "capacity_m3s": 0.3125, "capacity_provenance": "ESTIMATED"}}, {"type": "Feature", "geometry": {"type": "LineString", "coordinates": [[72.9027, 19.09563087248322], [72.9027, 19.095295302013422]]}, "properties": {"edge_id": 93, "from_node": 110, "to_node": 115, "direction_provenance": "INFERRED (D8 steepest-descent on real Copernicus DEM GLO-30)", "flow_accumulation_cells": 93, "flow_accumulation_provenance": "INFERRED", "length_m": 37.31, "capacity_m3s": 1.1625, "capacity_provenance": "ESTIMATED"}}, {"type": "Feature", "geometry": {"type": "LineString", "coordinates": [[72.89397516778523, 19.095295302013422], [72.89397516778523, 19.09563087248322]]}, "properties": {"edge_id": 94, "from_node": 116, "to_node": 112, "direction_provenance": "INFERRED (D8 steepest-descent on real Copernicus DEM GLO-30)", "flow_accumulation_cells": 26, "flow_accumulation_provenance": "INFERRED", "length_m": 37.31, "capacity_m3s": 0.325, "capacity_provenance": "ESTIMATED"}}, {"type": "Feature", "geometry": {"type": "LineString", "coordinates": [[72.89565302013422, 19.095295302013422], [72.89565302013422, 19.09563087248322]]}, "properties": {"edge_id": 95, "from_node": 117, "to_node": 118, "direction_provenance": "INFERRED (D8 steepest-descent on real Copernicus DEM GLO-30)", "flow_accumulation_cells": 11, "flow_accumulation_provenance": "INFERRED", "length_m": 37.31, "capacity_m3s": 0.1375, "capacity_provenance": "ESTIMATED"}}, {"type": "Feature", "geometry": {"type": "LineString", "coordinates": [[72.89665973154362, 19.095295302013422], [72.89632416107382, 19.09563087248322]]}, "properties": {"edge_id": 96, "from_node": 119, "to_node": 107, "direction_provenance": "INFERRED (D8 steepest-descent on real Copernicus DEM GLO-30)", "flow_accumulation_cells": 32, "flow_accumulation_provenance": "INFERRED", "length_m": 51.34, "capacity_m3s": 0.4, "capacity_provenance": "ESTIMATED"}}, {"type": "Feature", "geometry": {"type": "LineString", "coordinates": [[72.9016932885906, 19.095295302013422], [72.9020288590604, 19.09495973154362]]}, "properties": {"edge_id": 97, "from_node": 114, "to_node": 120, "direction_provenance": "INFERRED (D8 steepest-descent on real Copernicus DEM GLO-30)", "flow_accumulation_cells": 34, "flow_accumulation_provenance": "INFERRED", "length_m": 51.34, "capacity_m3s": 0.425, "capacity_provenance": "ESTIMATED"}}, {"type": "Feature", "geometry": {"type": "LineString", "coordinates": [[72.9027, 19.095295302013422], [72.9027, 19.09495973154362]]}, "properties": {"edge_id": 98, "from_node": 115, "to_node": 121, "direction_provenance": "INFERRED (D8 steepest-descent on real Copernicus DEM GLO-30)", "flow_accumulation_cells": 94, "flow_accumulation_provenance": "INFERRED", "length_m": 37.31, "capacity_m3s": 1.175, "capacity_provenance": "ESTIMATED"}}, {"type": "Feature", "geometry": {"type": "LineString", "coordinates": [[72.88759932885905, 19.09495973154362], [72.88759932885905, 19.095295302013422]]}, "properties": {"edge_id": 99, "from_node": 122, "to_node": 123, "direction_provenance": "INFERRED (D8 steepest-descent on real Copernicus DEM GLO-30)", "flow_accumulation_cells": 11, "flow_accumulation_provenance": "INFERRED", "length_m": 37.31, "capacity_m3s": 0.1375, "capacity_provenance": "ESTIMATED"}}, {"type": "Feature", "geometry": {"type": "LineString", "coordinates": [[72.88894161073826, 19.09495973154362], [72.88860604026846, 19.095295302013422]]}, "properties": {"edge_id": 100, "from_node": 124, "to_node": 125, "direction_provenance": "INFERRED (D8 steepest-descent on real Copernicus DEM GLO-30)", "flow_accumulation_cells": 51, "flow_accumulation_provenance": "INFERRED", "length_m": 51.34, "capacity_m3s": 0.6375, "capacity_provenance": "ESTIMATED"}}, {"type": "Feature", "geometry": {"type": "LineString", "coordinates": [[72.88927718120804, 19.09495973154362], [72.88894161073826, 19.09495973154362]]}, "properties": {"edge_id": 101, "from_node": 126, "to_node": 124, "direction_provenance": "INFERRED (D8 steepest-descent on real Copernicus DEM GLO-30)", "flow_accumulation_cells": 24, "flow_accumulation_provenance": "INFERRED", "length_m": 35.26, "capacity_m3s": 0.3, "capacity_provenance": "ESTIMATED"}}, {"type": "Feature", "geometry": {"type": "LineString", "coordinates": [[72.88961275167784, 19.09495973154362], [72.88927718120804, 19.09495973154362]]}, "properties": {"edge_id": 102, "from_node": 127, "to_node": 126, "direction_provenance": "INFERRED (D8 steepest-descent on real Copernicus DEM GLO-30)", "flow_accumulation_cells": 10, "flow_accumulation_provenance": "INFERRED", "length_m": 35.26, "capacity_m3s": 0.125, "capacity_provenance": "ESTIMATED"}}, {"type": "Feature", "geometry": {"type": "LineString", "coordinates": [[72.89397516778523, 19.09495973154362], [72.89397516778523, 19.095295302013422]]}, "properties": {"edge_id": 103, "from_node": 128, "to_node": 116, "direction_provenance": "INFERRED (D8 steepest-descent on real Copernicus DEM GLO-30)", "flow_accumulation_cells": 15, "flow_accumulation_provenance": "INFERRED", "length_m": 37.31, "capacity_m3s": 0.1875, "capacity_provenance": "ESTIMATED"}}, {"type": "Feature", "geometry": {"type": "LineString", "coordinates": [[72.89431073825503, 19.09495973154362], [72.89397516778523, 19.095295302013422]]}, "properties": {"edge_id": 104, "from_node": 129, "to_node": 116, "direction_provenance": "INFERRED (D8 steepest-descent on real Copernicus DEM GLO-30)", "flow_accumulation_cells": 10, "flow_accumulation_provenance": "INFERRED", "length_m": 51.34, "capacity_m3s": 0.125, "capacity_provenance": "ESTIMATED"}}, {"type": "Feature", "geometry": {"type": "LineString", "coordinates": [[72.89565302013422, 19.09495973154362], [72.89565302013422, 19.095295302013422]]}, "properties": {"edge_id": 105, "from_node": 130, "to_node": 117, "direction_provenance": "INFERRED (D8 steepest-descent on real Copernicus DEM GLO-30)", "flow_accumulation_cells": 10, "flow_accumulation_provenance": "INFERRED", "length_m": 37.31, "capacity_m3s": 0.125, "capacity_provenance": "ESTIMATED"}}, {"type": "Feature", "geometry": {"type": "LineString", "coordinates": [[72.89699530201342, 19.09495973154362], [72.89665973154362, 19.095295302013422]]}, "properties": {"edge_id": 106, "from_node": 131, "to_node": 119, "direction_provenance": "INFERRED (D8 steepest-descent on real Copernicus DEM GLO-30)", "flow_accumulation_cells": 24, "flow_accumulation_provenance": "INFERRED", "length_m": 51.34, "capacity_m3s": 0.3, "capacity_provenance": "ESTIMATED"}}, {"type": "Feature", "geometry": {"type": "LineString", "coordinates": [[72.9020288590604, 19.09495973154362], [72.9020288590604, 19.094624161073824]]}, "properties": {"edge_id": 107, "from_node": 120, "to_node": 132, "direction_provenance": "INFERRED (D8 steepest-descent on real Copernicus DEM GLO-30)", "flow_accumulation_cells": 37, "flow_accumulation_provenance": "INFERRED", "length_m": 37.31, "capacity_m3s": 0.4625, "capacity_provenance": "ESTIMATED"}}, {"type": "Feature", "geometry": {"type": "LineString", "coordinates": [[72.9027, 19.09495973154362], [72.9027, 19.094624161073824]]}, "properties": {"edge_id": 108, "from_node": 121, "to_node": 133, "direction_provenance": "INFERRED (D8 steepest-descent on real Copernicus DEM GLO-30)", "flow_accumulation_cells": 100, "flow_accumulation_provenance": "INFERRED", "length_m": 37.31, "capacity_m3s": 1.25, "capacity_provenance": "ESTIMATED"}}, {"type": "Feature", "geometry": {"type": "LineString", "coordinates": [[72.88927718120804, 19.094624161073824], [72.88894161073826, 19.09495973154362]]}, "properties": {"edge_id": 109, "from_node": 134, "to_node": 124, "direction_provenance": "INFERRED (D8 steepest-descent on real Copernicus DEM GLO-30)", "flow_accumulation_cells": 23, "flow_accumulation_provenance": "INFERRED", "length_m": 51.34, "capacity_m3s": 0.2875, "capacity_provenance": "ESTIMATED"}}, {"type": "Feature", "geometry": {"type": "LineString", "coordinates": [[72.88961275167784, 19.094624161073824], [72.88927718120804, 19.09495973154362]]}, "properties": {"edge_id": 110, "from_node": 135, "to_node": 126, "direction_provenance": "INFERRED (D8 steepest-descent on real Copernicus DEM GLO-30)", "flow_accumulation_cells": 13, "flow_accumulation_provenance": "INFERRED", "length_m": 51.34, "capacity_m3s": 0.1625, "capacity_provenance": "ESTIMATED"}}, {"type": "Feature", "geometry": {"type": "LineString", "coordinates": [[72.88994832214765, 19.094624161073824], [72.88961275167784, 19.094624161073824]]}, "properties": {"edge_id": 111, "from_node": 136, "to_node": 135, "direction_provenance": "INFERRED (D8 steepest-descent on real Copernicus DEM GLO-30)", "flow_accumulation_cells": 12, "flow_accumulation_provenance": "INFERRED", "length_m": 35.26, "capacity_m3s": 0.15, "capacity_provenance": "ESTIMATED"}}, {"type": "Feature", "geometry": {"type": "LineString", "coordinates": [[72.89397516778523, 19.094624161073824], [72.89397516778523, 19.09495973154362]]}, "properties": {"edge_id": 112, "from_node": 137, "to_node": 128, "direction_provenance": "INFERRED (D8 steepest-descent on real Copernicus DEM GLO-30)", "flow_accumulation_cells": 11, "flow_accumulation_provenance": "INFERRED", "length_m": 37.31, "capacity_m3s": 0.1375, "capacity_provenance": "ESTIMATED"}}, {"type": "Feature", "geometry": {"type": "LineString", "coordinates": [[72.89699530201342, 19.094624161073824], [72.89699530201342, 19.09495973154362]]}, "properties": {"edge_id": 113, "from_node": 138, "to_node": 131, "direction_provenance": "INFERRED (D8 steepest-descent on real Copernicus DEM GLO-30)", "flow_accumulation_cells": 19, "flow_accumulation_provenance": "INFERRED", "length_m": 37.31, "capacity_m3s": 0.2375, "capacity_provenance": "ESTIMATED"}}, {"type": "Feature", "geometry": {"type": "LineString", "coordinates": [[72.89800201342281, 19.094624161073824], [72.89766644295301, 19.094624161073824]]}, "properties": {"edge_id": 114, "from_node": 139, "to_node": 140, "direction_provenance": "INFERRED (D8 steepest-descent on real Copernicus DEM GLO-30)", "flow_accumulation_cells": 45, "flow_accumulation_provenance": "INFERRED", "length_m": 35.26, "capacity_m3s": 0.5625, "capacity_provenance": "ESTIMATED"}}, {"type": "Feature", "geometry": {"type": "LineString", "coordinates": [[72.9020288590604, 19.094624161073824], [72.9023644295302, 19.094288590604027]]}, "properties": {"edge_id": 115, "from_node": 132, "to_node": 141, "direction_provenance": "INFERRED (D8 steepest-descent on real Copernicus DEM GLO-30)", "flow_accumulation_cells": 38, "flow_accumulation_provenance": "INFERRED", "length_m": 51.34, "capacity_m3s": 0.475, "capacity_provenance": "ESTIMATED"}}, {"type": "Feature", "geometry": {"type": "LineString", "coordinates": [[72.88961275167784, 19.094288590604027], [72.88927718120804, 19.094624161073824]]}, "properties": {"edge_id": 116, "from_node": 142, "to_node": 134, "direction_provenance": "INFERRED (D8 steepest-descent on real Copernicus DEM GLO-30)", "flow_accumulation_cells": 21, "flow_accumulation_provenance": "INFERRED", "length_m": 51.34, "capacity_m3s": 0.2625, "capacity_provenance": "ESTIMATED"}}, {"type": "Feature", "geometry": {"type": "LineString", "coordinates": [[72.89665973154362, 19.094288590604027], [72.89699530201342, 19.094624161073824]]}, "properties": {"edge_id": 117, "from_node": 143, "to_node": 138, "direction_provenance": "INFERRED (D8 steepest-descent on real Copernicus DEM GLO-30)", "flow_accumulation_cells": 17, "flow_accumulation_provenance": "INFERRED", "length_m": 51.34, "capacity_m3s": 0.2125, "capacity_provenance": "ESTIMATED"}}, {"type": "Feature", "geometry": {"type": "LineString", "coordinates": [[72.89833758389261, 19.094288590604027], [72.89800201342281, 19.094624161073824]]}, "properties": {"edge_id": 118, "from_node": 144, "to_node": 139, "direction_provenance": "INFERRED (D8 steepest-descent on real Copernicus DEM GLO-30)", "flow_accumulation_cells": 39, "flow_accumulation_provenance": "INFERRED", "length_m": 51.34, "capacity_m3s": 0.4875, "capacity_provenance": "ESTIMATED"}}, {"type": "Feature", "geometry": {"type": "LineString", "coordinates": [[72.89934429530201, 19.094288590604027], [72.89900872483221, 19.093953020134226]]}, "properties": {"edge_id": 119, "from_node": 145, "to_node": 146, "direction_provenance": "INFERRED (D8 steepest-descent on real Copernicus DEM GLO-30)", "flow_accumulation_cells": 14, "flow_accumulation_provenance": "INFERRED", "length_m": 51.34, "capacity_m3s": 0.175, "capacity_provenance": "ESTIMATED"}}, {"type": "Feature", "geometry": {"type": "LineString", "coordinates": [[72.8755187919463, 19.093953020134226], [72.8758543624161, 19.093953020134226]]}, "properties": {"edge_id": 120, "from_node": 147, "to_node": 148, "direction_provenance": "INFERRED (D8 steepest-descent on real Copernicus DEM GLO-30)", "flow_accumulation_cells": 10, "flow_accumulation_provenance": "INFERRED", "length_m": 35.26, "capacity_m3s": 0.125, "capacity_provenance": "ESTIMATED"}}, {"type": "Feature", "geometry": {"type": "LineString", "coordinates": [[72.88726375838925, 19.093953020134226], [72.88692818791947, 19.09361744966443]]}, "properties": {"edge_id": 121, "from_node": 149, "to_node": 150, "direction_provenance": "INFERRED (D8 steepest-descent on real Copernicus DEM GLO-30)", "flow_accumulation_cells": 44, "flow_accumulation_provenance": "INFERRED", "length_m": 51.34, "capacity_m3s": 0.55, "capacity_provenance": "ESTIMATED"}}, {"type": "Feature", "geometry": {"type": "LineString", "coordinates": [[72.88759932885905, 19.093953020134226], [72.88726375838925, 19.093953020134226]]}, "properties": {"edge_id": 122, "from_node": 151, "to_node": 149, "direction_provenance": "INFERRED (D8 steepest-descent on real Copernicus DEM GLO-30)", "flow_accumulation_cells": 37, "flow_accumulation_provenance": "INFERRED", "length_m": 35.26, "capacity_m3s": 0.4625, "capacity_provenance": "ESTIMATED"}}, {"type": "Feature", "geometry": {"type": "LineString", "coordinates": [[72.88961275167784, 19.093953020134226], [72.88961275167784, 19.094288590604027]]}, "properties": {"edge_id": 123, "from_node": 152, "to_node": 142, "direction_provenance": "INFERRED (D8 steepest-descent on real Copernicus DEM GLO-30)", "flow_accumulation_cells": 19, "flow_accumulation_provenance": "INFERRED", "length_m": 37.31, "capacity_m3s": 0.2375, "capacity_provenance": "ESTIMATED"}}, {"type": "Feature", "geometry": {"type": "LineString", "coordinates": [[72.89665973154362, 19.093953020134226], [72.89665973154362, 19.094288590604027]]}, "properties": {"edge_id": 124, "from_node": 153, "to_node": 143, "direction_provenance": "INFERRED (D8 steepest-descent on real Copernicus DEM GLO-30)", "flow_accumulation_cells": 14, "flow_accumulation_provenance": "INFERRED", "length_m": 37.31, "capacity_m3s": 0.175, "capacity_provenance": "ESTIMATED"}}, {"type": "Feature", "geometry": {"type": "LineString", "coordinates": [[72.89867315436241, 19.093953020134226], [72.89833758389261, 19.094288590604027]]}, "properties": {"edge_id": 125, "from_node": 154, "to_node": 144, "direction_provenance": "INFERRED (D8 steepest-descent on real Copernicus DEM GLO-30)", "flow_accumulation_cells": 31, "flow_accumulation_provenance": "INFERRED", "length_m": 51.34, "capacity_m3s": 0.3875, "capacity_provenance": "ESTIMATED"}}, {"type": "Feature", "geometry": {"type": "LineString", "coordinates": [[72.89900872483221, 19.093953020134226], [72.89867315436241, 19.093953020134226]]}, "properties": {"edge_id": 126, "from_node": 146, "to_node": 154, "direction_provenance": "INFERRED (D8 steepest-descent on real Copernicus DEM GLO-30)", "flow_accumulation_cells": 22, "flow_accumulation_provenance": "INFERRED", "length_m": 35.26, "capacity_m3s": 0.275, "capacity_provenance": "ESTIMATED"}}, {"type": "Feature", "geometry": {"type": "LineString", "coordinates": [[72.88692818791947, 19.09361744966443], [72.88659261744966, 19.09361744966443]]}, "properties": {"edge_id": 127, "from_node": 150, "to_node": 155, "direction_provenance": "INFERRED (D8 steepest-descent on real Copernicus DEM GLO-30)", "flow_accumulation_cells": 54, "flow_accumulation_provenance": "INFERRED", "length_m": 35.26, "capacity_m3s": 0.675, "capacity_provenance": "ESTIMATED"}}, {"type": "Feature", "geometry": {"type": "LineString", "coordinates": [[72.88793489932885, 19.09361744966443], [72.88759932885905, 19.093953020134226]]}, "properties": {"edge_id": 128, "from_node": 156, "to_node": 151, "direction_provenance": "INFERRED (D8 steepest-descent on real Copernicus DEM GLO-30)", "flow_accumulation_cells": 34, "flow_accumulation_provenance": "INFERRED", "length_m": 51.34, "capacity_m3s": 0.425, "capacity_provenance": "ESTIMATED"}}, {"type": "Feature", "geometry": {"type": "LineString", "coordinates": [[72.88827046979866, 19.09361744966443], [72.88793489932885, 19.09361744966443]]}, "properties": {"edge_id": 129, "from_node": 157, "to_node": 156, "direction_provenance": "INFERRED (D8 steepest-descent on real Copernicus DEM GLO-30)", "flow_accumulation_cells": 32, "flow_accumulation_provenance": "INFERRED", "length_m": 35.26, "capacity_m3s": 0.4, "capacity_provenance": "ESTIMATED"}}, {"type": "Feature", "geometry": {"type": "LineString", "coordinates": [[72.88860604026846, 19.09361744966443], [72.88827046979866, 19.09361744966443]]}, "properties": {"edge_id": 130, "from_node": 158, "to_node": 157, "direction_provenance": "INFERRED (D8 steepest-descent on real Copernicus DEM GLO-30)", "flow_accumulation_cells": 28, "flow_accumulation_provenance": "INFERRED", "length_m": 35.26, "capacity_m3s": 0.35, "capacity_provenance": "ESTIMATED"}}, {"type": "Feature", "geometry": {"type": "LineString", "coordinates": [[72.88961275167784, 19.09361744966443], [72.88961275167784, 19.093953020134226]]}, "properties": {"edge_id": 131, "from_node": 159, "to_node": 152, "direction_provenance": "INFERRED (D8 steepest-descent on real Copernicus DEM GLO-30)", "flow_accumulation_cells": 17, "flow_accumulation_provenance": "INFERRED", "length_m": 37.31, "capacity_m3s": 0.2125, "capacity_provenance": "ESTIMATED"}}, {"type": "Feature", "geometry": {"type": "LineString", "coordinates": [[72.89296845637584, 19.09361744966443], [72.89330402684564, 19.093953020134226]]}, "properties": {"edge_id": 132, "from_node": 160, "to_node": 161, "direction_provenance": "INFERRED (D8 steepest-descent on real Copernicus DEM GLO-30)", "flow_accumulation_cells": 13, "flow_accumulation_provenance": "INFERRED", "length_m": 51.34, "capacity_m3s": 0.1625, "capacity_provenance": "ESTIMATED"}}, {"type": "Feature", "geometry": {"type": "LineString", "coordinates": [[72.89363959731543, 19.09361744966443], [72.89330402684564, 19.093953020134226]]}, "properties": {"edge_id": 133, "from_node": 162, "to_node": 161, "direction_provenance": "INFERRED (D8 steepest-descent on real Copernicus DEM GLO-30)", "flow_accumulation_cells": 17, "flow_accumulation_provenance": "INFERRED", "length_m": 51.34, "capacity_m3s": 0.2125, "capacity_provenance": "ESTIMATED"}}, {"type": "Feature", "geometry": {"type": "LineString", "coordinates": [[72.88894161073826, 19.09328187919463], [72.88860604026846, 19.09361744966443]]}, "properties": {"edge_id": 134, "from_node": 163, "to_node": 158, "direction_provenance": "INFERRED (D8 steepest-descent on real Copernicus DEM GLO-30)", "flow_accumulation_cells": 26, "flow_accumulation_provenance": "INFERRED", "length_m": 51.34, "capacity_m3s": 0.325, "capacity_provenance": "ESTIMATED"}}, {"type": "Feature", "geometry": {"type": "LineString", "coordinates": [[72.88961275167784, 19.09328187919463], [72.88961275167784, 19.09361744966443]]}, "properties": {"edge_id": 135, "from_node": 164, "to_node": 159, "direction_provenance": "INFERRED (D8 steepest-descent on real Copernicus DEM GLO-30)", "flow_accumulation_cells": 12, "flow_accumulation_provenance": "INFERRED", "length_m": 37.31, "capacity_m3s": 0.15, "capacity_provenance": "ESTIMATED"}}, {"type": "Feature", "geometry": {"type": "LineString", "coordinates": [[72.89363959731543, 19.09328187919463], [72.89363959731543, 19.09361744966443]]}, "properties": {"edge_id": 136, "from_node": 165, "to_node": 162, "direction_provenance": "INFERRED (D8 steepest-descent on real Copernicus DEM GLO-30)", "flow_accumulation_cells": 14, "flow_accumulation_provenance": "INFERRED", "length_m": 37.31, "capacity_m3s": 0.175, "capacity_provenance": "ESTIMATED"}}, {"type": "Feature", "geometry": {"type": "LineString", "coordinates": [[72.88894161073826, 19.09294630872483], [72.88894161073826, 19.09328187919463]]}, "properties": {"edge_id": 137, "from_node": 166, "to_node": 163, "direction_provenance": "INFERRED (D8 steepest-descent on real Copernicus DEM GLO-30)", "flow_accumulation_cells": 17, "flow_accumulation_provenance": "INFERRED", "length_m": 37.31, "capacity_m3s": 0.2125, "capacity_provenance": "ESTIMATED"}}, {"type": "Feature", "geometry": {"type": "LineString", "coordinates": [[72.901022147651, 19.09294630872483], [72.901022147651, 19.092610738255033]]}, "properties": {"edge_id": 138, "from_node": 167, "to_node": 168, "direction_provenance": "INFERRED (D8 steepest-descent on real Copernicus DEM GLO-30)", "flow_accumulation_cells": 12, "flow_accumulation_provenance": "INFERRED", "length_m": 37.31, "capacity_m3s": 0.15, "capacity_provenance": "ESTIMATED"}}, {"type": "Feature", "geometry": {"type": "LineString", "coordinates": [[72.88894161073826, 19.092610738255033], [72.88894161073826, 19.09294630872483]]}, "properties": {"edge_id": 139, "from_node": 169, "to_node": 166, "direction_provenance": "INFERRED (D8 steepest-descent on real Copernicus DEM GLO-30)", "flow_accumulation_cells": 10, "flow_accumulation_provenance": "INFERRED", "length_m": 37.31, "capacity_m3s": 0.125, "capacity_provenance": "ESTIMATED"}}, {"type": "Feature", "geometry": {"type": "LineString", "coordinates": [[72.89229731543624, 19.092610738255033], [72.89263288590604, 19.092275167785235]]}, "properties": {"edge_id": 140, "from_node": 170, "to_node": 171, "direction_provenance": "INFERRED (D8 steepest-descent on real Copernicus DEM GLO-30)", "flow_accumulation_cells": 11, "flow_accumulation_provenance": "INFERRED", "length_m": 51.34, "capacity_m3s": 0.1375, "capacity_provenance": "ESTIMATED"}}, {"type": "Feature", "geometry": {"type": "LineString", "coordinates": [[72.901022147651, 19.092610738255033], [72.9013577181208, 19.092275167785235]]}, "properties": {"edge_id": 141, "from_node": 168, "to_node": 172, "direction_provenance": "INFERRED (D8 steepest-descent on real Copernicus DEM GLO-30)", "flow_accumulation_cells": 17, "flow_accumulation_provenance": "INFERRED", "length_m": 51.34, "capacity_m3s": 0.2125, "capacity_provenance": "ESTIMATED"}}, {"type": "Feature", "geometry": {"type": "LineString", "coordinates": [[72.89263288590604, 19.092275167785235], [72.89296845637584, 19.092275167785235]]}, "properties": {"edge_id": 142, "from_node": 171, "to_node": 173, "direction_provenance": "INFERRED (D8 steepest-descent on real Copernicus DEM GLO-30)", "flow_accumulation_cells": 24, "flow_accumulation_provenance": "INFERRED", "length_m": 35.26, "capacity_m3s": 0.3, "capacity_provenance": "ESTIMATED"}}, {"type": "Feature", "geometry": {"type": "LineString", "coordinates": [[72.9013577181208, 19.092275167785235], [72.9013577181208, 19.091939597315434]]}, "properties": {"edge_id": 143, "from_node": 172, "to_node": 174, "direction_provenance": "INFERRED (D8 steepest-descent on real Copernicus DEM GLO-30)", "flow_accumulation_cells": 20, "flow_accumulation_provenance": "INFERRED", "length_m": 37.31, "capacity_m3s": 0.25, "capacity_provenance": "ESTIMATED"}}, {"type": "Feature", "geometry": {"type": "LineString", "coordinates": [[72.88256577181208, 19.091939597315434], [72.88290134228188, 19.092275167785235]]}, "properties": {"edge_id": 144, "from_node": 175, "to_node": 176, "direction_provenance": "INFERRED (D8 steepest-descent on real Copernicus DEM GLO-30)", "flow_accumulation_cells": 10, "flow_accumulation_provenance": "INFERRED", "length_m": 51.34, "capacity_m3s": 0.125, "capacity_provenance": "ESTIMATED"}}, {"type": "Feature", "geometry": {"type": "LineString", "coordinates": [[72.88592147651006, 19.091939597315434], [72.88558590604026, 19.091604026845637]]}, "properties": {"edge_id": 145, "from_node": 177, "to_node": 178, "direction_provenance": "INFERRED (D8 steepest-descent on real Copernicus DEM GLO-30)", "flow_accumulation_cells": 22, "flow_accumulation_provenance": "INFERRED", "length_m": 51.34, "capacity_m3s": 0.275, "capacity_provenance": "ESTIMATED"}}, {"type": "Feature", "geometry": {"type": "LineString", "coordinates": [[72.88625704697986, 19.091939597315434], [72.88592147651006, 19.091939597315434]]}, "properties": {"edge_id": 146, "from_node": 179, "to_node": 177, "direction_provenance": "INFERRED (D8 steepest-descent on real Copernicus DEM GLO-30)", "flow_accumulation_cells": 13, "flow_accumulation_provenance": "INFERRED", "length_m": 35.26, "capacity_m3s": 0.1625, "capacity_provenance": "ESTIMATED"}}, {"type": "Feature", "geometry": {"type": "LineString", "coordinates": [[72.9013577181208, 19.091939597315434], [72.9013577181208, 19.091604026845637]]}, "properties": {"edge_id": 147, "from_node": 174, "to_node": 180, "direction_provenance": "INFERRED (D8 steepest-descent on real Copernicus DEM GLO-30)", "flow_accumulation_cells": 26, "flow_accumulation_provenance": "INFERRED", "length_m": 37.31, "capacity_m3s": 0.325, "capacity_provenance": "ESTIMATED"}}, {"type": "Feature", "geometry": {"type": "LineString", "coordinates": [[72.9016932885906, 19.091939597315434], [72.9013577181208, 19.091604026845637]]}, "properties": {"edge_id": 148, "from_node": 181, "to_node": 180, "direction_provenance": "INFERRED (D8 steepest-descent on real Copernicus DEM GLO-30)", "flow_accumulation_cells": 12, "flow_accumulation_provenance": "INFERRED", "length_m": 51.34, "capacity_m3s": 0.15, "capacity_provenance": "ESTIMATED"}}, {"type": "Feature", "geometry": {"type": "LineString", "coordinates": [[72.86947852348993, 19.091604026845637], [72.86947852348993, 19.091268456375836]]}, "properties": {"edge_id": 149, "from_node": 182, "to_node": 183, "direction_provenance": "INFERRED (D8 steepest-descent on real Copernicus DEM GLO-30)", "flow_accumulation_cells": 10, "flow_accumulation_provenance": "INFERRED", "length_m": 37.31, "capacity_m3s": 0.125, "capacity_provenance": "ESTIMATED"}}, {"type": "Feature", "geometry": {"type": "LineString", "coordinates": [[72.88659261744966, 19.091604026845637], [72.88625704697986, 19.091939597315434]]}, "properties": {"edge_id": 150, "from_node": 184, "to_node": 179, "direction_provenance": "INFERRED (D8 steepest-descent on real Copernicus DEM GLO-30)", "flow_accumulation_cells": 10, "flow_accumulation_provenance": "INFERRED", "length_m": 51.34, "capacity_m3s": 0.125, "capacity_provenance": "ESTIMATED"}}, {"type": "Feature", "geometry": {"type": "LineString", "coordinates": [[72.89766644295301, 19.091268456375836], [72.89766644295301, 19.09093288590604]]}, "properties": {"edge_id": 151, "from_node": 185, "to_node": 186, "direction_provenance": "INFERRED (D8 steepest-descent on real Copernicus DEM GLO-30)", "flow_accumulation_cells": 10, "flow_accumulation_provenance": "INFERRED", "length_m": 37.31, "capacity_m3s": 0.125, "capacity_provenance": "ESTIMATED"}}, {"type": "Feature", "geometry": {"type": "LineString", "coordinates": [[72.89129060402684, 19.09093288590604], [72.89129060402684, 19.09059731543624]]}, "properties": {"edge_id": 152, "from_node": 187, "to_node": 188, "direction_provenance": "INFERRED (D8 steepest-descent on real Copernicus DEM GLO-30)", "flow_accumulation_cells": 16, "flow_accumulation_provenance": "INFERRED", "length_m": 37.31, "capacity_m3s": 0.2, "capacity_provenance": "ESTIMATED"}}, {"type": "Feature", "geometry": {"type": "LineString", "coordinates": [[72.89665973154362, 19.09093288590604], [72.89665973154362, 19.09059731543624]]}, "properties": {"edge_id": 153, "from_node": 189, "to_node": 190, "direction_provenance": "INFERRED (D8 steepest-descent on real Copernicus DEM GLO-30)", "flow_accumulation_cells": 14, "flow_accumulation_provenance": "INFERRED", "length_m": 37.31, "capacity_m3s": 0.175, "capacity_provenance": "ESTIMATED"}}, {"type": "Feature", "geometry": {"type": "LineString", "coordinates": [[72.89766644295301, 19.09093288590604], [72.89766644295301, 19.09059731543624]]}, "properties": {"edge_id": 154, "from_node": 186, "to_node": 191, "direction_provenance": "INFERRED (D8 steepest-descent on real Copernicus DEM GLO-30)", "flow_accumulation_cells": 11, "flow_accumulation_provenance": "INFERRED", "length_m": 37.31, "capacity_m3s": 0.1375, "capacity_provenance": "ESTIMATED"}}, {"type": "Feature", "geometry": {"type": "LineString", "coordinates": [[72.89934429530201, 19.09093288590604], [72.89934429530201, 19.09059731543624]]}, "properties": {"edge_id": 155, "from_node": 192, "to_node": 193, "direction_provenance": "INFERRED (D8 steepest-descent on real Copernicus DEM GLO-30)", "flow_accumulation_cells": 12, "flow_accumulation_provenance": "INFERRED", "length_m": 37.31, "capacity_m3s": 0.15, "capacity_provenance": "ESTIMATED"}}, {"type": "Feature", "geometry": {"type": "LineString", "coordinates": [[72.88894161073826, 19.09059731543624], [72.88927718120804, 19.09026174496644]]}, "properties": {"edge_id": 156, "from_node": 194, "to_node": 195, "direction_provenance": "INFERRED (D8 steepest-descent on real Copernicus DEM GLO-30)", "flow_accumulation_cells": 13, "flow_accumulation_provenance": "INFERRED", "length_m": 51.34, "capacity_m3s": 0.1625, "capacity_provenance": "ESTIMATED"}}, {"type": "Feature", "geometry": {"type": "LineString", "coordinates": [[72.89129060402684, 19.09059731543624], [72.89095503355705, 19.09026174496644]]}, "properties": {"edge_id": 157, "from_node": 188, "to_node": 196, "direction_provenance": "INFERRED (D8 steepest-descent on real Copernicus DEM GLO-30)", "flow_accumulation_cells": 19, "flow_accumulation_provenance": "INFERRED", "length_m": 51.34, "capacity_m3s": 0.2375, "capacity_provenance": "ESTIMATED"}}, {"type": "Feature", "geometry": {"type": "LineString", "coordinates": [[72.89363959731543, 19.09059731543624], [72.89397516778523, 19.09059731543624]]}, "properties": {"edge_id": 158, "from_node": 197, "to_node": 198, "direction_provenance": "INFERRED (D8 steepest-descent on real Copernicus DEM GLO-30)", "flow_accumulation_cells": 21, "flow_accumulation_provenance": "INFERRED", "length_m": 35.26, "capacity_m3s": 0.2625, "capacity_provenance": "ESTIMATED"}}, {"type": "Feature", "geometry": {"type": "LineString", "coordinates": [[72.89498187919463, 19.09059731543624], [72.89498187919463, 19.09026174496644]]}, "properties": {"edge_id": 159, "from_node": 199, "to_node": 200, "direction_provenance": "INFERRED (D8 steepest-descent on real Copernicus DEM GLO-30)", "flow_accumulation_cells": 16, "flow_accumulation_provenance": "INFERRED", "length_m": 37.31, "capacity_m3s": 0.2, "capacity_provenance": "ESTIMATED"}}, {"type": "Feature", "geometry": {"type": "LineString", "coordinates": [[72.89665973154362, 19.09059731543624], [72.89665973154362, 19.09026174496644]]}, "properties": {"edge_id": 160, "from_node": 190, "to_node": 201, "direction_provenance": "INFERRED (D8 steepest-descent on real Copernicus DEM GLO-30)", "flow_accumulation_cells": 15, "flow_accumulation_provenance": "INFERRED", "length_m": 37.31, "capacity_m3s": 0.1875, "capacity_provenance": "ESTIMATED"}}, {"type": "Feature", "geometry": {"type": "LineString", "coordinates": [[72.89766644295301, 19.09059731543624], [72.89766644295301, 19.09026174496644]]}, "properties": {"edge_id": 161, "from_node": 191, "to_node": 202, "direction_provenance": "INFERRED (D8 steepest-descent on real Copernicus DEM GLO-30)", "flow_accumulation_cells": 12, "flow_accumulation_provenance": "INFERRED", "length_m": 37.31, "capacity_m3s": 0.15, "capacity_provenance": "ESTIMATED"}}, {"type": "Feature", "geometry": {"type": "LineString", "coordinates": [[72.89800201342281, 19.09059731543624], [72.89800201342281, 19.09026174496644]]}, "properties": {"edge_id": 162, "from_node": 203, "to_node": 204, "direction_provenance": "INFERRED (D8 steepest-descent on real Copernicus DEM GLO-30)", "flow_accumulation_cells": 10, "flow_accumulation_provenance": "INFERRED", "length_m": 37.31, "capacity_m3s": 0.125, "capacity_provenance": "ESTIMATED"}}, {"type": "Feature", "geometry": {"type": "LineString", "coordinates": [[72.89934429530201, 19.09059731543624], [72.89900872483221, 19.09026174496644]]}, "properties": {"edge_id": 163, "from_node": 193, "to_node": 205, "direction_provenance": "INFERRED (D8 steepest-descent on real Copernicus DEM GLO-30)", "flow_accumulation_cells": 14, "flow_accumulation_provenance": "INFERRED", "length_m": 51.34, "capacity_m3s": 0.175, "capacity_provenance": "ESTIMATED"}}, {"type": "Feature", "geometry": {"type": "LineString", "coordinates": [[72.88692818791947, 19.09026174496644], [72.88659261744966, 19.089926174496643]]}, "properties": {"edge_id": 164, "from_node": 206, "to_node": 207, "direction_provenance": "INFERRED (D8 steepest-descent on real Copernicus DEM GLO-30)", "flow_accumulation_cells": 16, "flow_accumulation_provenance": "INFERRED", "length_m": 51.34, "capacity_m3s": 0.2, "capacity_provenance": "ESTIMATED"}}, {"type": "Feature", "geometry": {"type": "LineString", "coordinates": [[72.88927718120804, 19.09026174496644], [72.88927718120804, 19.089926174496643]]}, "properties": {"edge_id": 165, "from_node": 195, "to_node": 208, "direction_provenance": "INFERRED (D8 steepest-descent on real Copernicus DEM GLO-30)", "flow_accumulation_cells": 19, "flow_accumulation_provenance": "INFERRED", "length_m": 37.31, "capacity_m3s": 0.2375, "capacity_provenance": "ESTIMATED"}}, {"type": "Feature", "geometry": {"type": "LineString", "coordinates": [[72.89095503355705, 19.09026174496644], [72.89061946308725, 19.089926174496643]]}, "properties": {"edge_id": 166, "from_node": 196, "to_node": 209, "direction_provenance": "INFERRED (D8 steepest-descent on real Copernicus DEM GLO-30)", "flow_accumulation_cells": 21, "flow_accumulation_provenance": "INFERRED", "length_m": 51.34, "capacity_m3s": 0.2625, "capacity_provenance": "ESTIMATED"}}, {"type": "Feature", "geometry": {"type": "LineString", "coordinates": [[72.89330402684564, 19.09026174496644], [72.89363959731543, 19.09059731543624]]}, "properties": {"edge_id": 167, "from_node": 210, "to_node": 197, "direction_provenance": "INFERRED (D8 steepest-descent on real Copernicus DEM GLO-30)", "flow_accumulation_cells": 10, "flow_accumulation_provenance": "INFERRED", "length_m": 51.34, "capacity_m3s": 0.125, "capacity_provenance": "ESTIMATED"}}, {"type": "Feature", "geometry": {"type": "LineString", "coordinates": [[72.89363959731543, 19.09026174496644], [72.89397516778523, 19.09059731543624]]}, "properties": {"edge_id": 168, "from_node": 211, "to_node": 198, "direction_provenance": "INFERRED (D8 steepest-descent on real Copernicus DEM GLO-30)", "flow_accumulation_cells": 15, "flow_accumulation_provenance": "INFERRED", "length_m": 51.34, "capacity_m3s": 0.1875, "capacity_provenance": "ESTIMATED"}}, {"type": "Feature", "geometry": {"type": "LineString", "coordinates": [[72.89498187919463, 19.09026174496644], [72.89498187919463, 19.089926174496643]]}, "properties": {"edge_id": 169, "from_node": 200, "to_node": 212, "direction_provenance": "INFERRED (D8 steepest-descent on real Copernicus DEM GLO-30)", "flow_accumulation_cells": 26, "flow_accumulation_provenance": "INFERRED", "length_m": 37.31, "capacity_m3s": 0.325, "capacity_provenance": "ESTIMATED"}}, {"type": "Feature", "geometry": {"type": "LineString", "coordinates": [[72.89531744966443, 19.09026174496644], [72.89531744966443, 19.089926174496643]]}, "properties": {"edge_id": 170, "from_node": 213, "to_node": 214, "direction_provenance": "INFERRED (D8 steepest-descent on real Copernicus DEM GLO-30)", "flow_accumulation_cells": 12, "flow_accumulation_provenance": "INFERRED", "length_m": 37.31, "capacity_m3s": 0.15, "capacity_provenance": "ESTIMATED"}}, {"type": "Feature", "geometry": {"type": "LineString", "coordinates": [[72.89665973154362, 19.09026174496644], [72.89699530201342, 19.089926174496643]]}, "properties": {"edge_id": 171, "from_node": 201, "to_node": 215, "direction_provenance": "INFERRED (D8 steepest-descent on real Copernicus DEM GLO-30)", "flow_accumulation_cells": 16, "flow_accumulation_provenance": "INFERRED", "length_m": 51.34, "capacity_m3s": 0.2, "capacity_provenance": "ESTIMATED"}}, {"type": "Feature", "geometry": {"type": "LineString", "coordinates": [[72.89766644295301, 19.09026174496644], [72.89766644295301, 19.089926174496643]]}, "properties": {"edge_id": 172, "from_node": 202, "to_node": 216, "direction_provenance": "INFERRED (D8 steepest-descent on real Copernicus DEM GLO-30)", "flow_accumulation_cells": 13, "flow_accumulation_provenance": "INFERRED", "length_m": 37.31, "capacity_m3s": 0.1625, "capacity_provenance": "ESTIMATED"}}, {"type": "Feature", "geometry": {"type": "LineString", "coordinates": [[72.89800201342281, 19.09026174496644], [72.89800201342281, 19.089926174496643]]}, "properties": {"edge_id": 173, "from_node": 204, "to_node": 217, "direction_provenance": "INFERRED (D8 steepest-descent on real Copernicus DEM GLO-30)", "flow_accumulation_cells": 11, "flow_accumulation_provenance": "INFERRED", "length_m": 37.31, "capacity_m3s": 0.1375, "capacity_provenance": "ESTIMATED"}}, {"type": "Feature", "geometry": {"type": "LineString", "coordinates": [[72.89900872483221, 19.09026174496644], [72.89867315436241, 19.089926174496643]]}, "properties": {"edge_id": 174, "from_node": 205, "to_node": 218, "direction_provenance": "INFERRED (D8 steepest-descent on real Copernicus DEM GLO-30)", "flow_accumulation_cells": 24, "flow_accumulation_provenance": "INFERRED", "length_m": 51.34, "capacity_m3s": 0.3, "capacity_provenance": "ESTIMATED"}}, {"type": "Feature", "geometry": {"type": "LineString", "coordinates": [[72.9006865771812, 19.09026174496644], [72.9003510067114, 19.089926174496643]]}, "properties": {"edge_id": 175, "from_node": 219, "to_node": 220, "direction_provenance": "INFERRED (D8 steepest-descent on real Copernicus DEM GLO-30)", "flow_accumulation_cells": 11, "flow_accumulation_provenance": "INFERRED", "length_m": 51.34, "capacity_m3s": 0.1375, "capacity_provenance": "ESTIMATED"}}, {"type": "Feature", "geometry": {"type": "LineString", "coordinates": [[72.88625704697986, 19.089926174496643], [72.88592147651006, 19.09026174496644]]}, "properties": {"edge_id": 176, "from_node": 221, "to_node": 222, "direction_provenance": "INFERRED (D8 steepest-descent on real Copernicus DEM GLO-30)", "flow_accumulation_cells": 22, "flow_accumulation_provenance": "INFERRED", "length_m": 51.34, "capacity_m3s": 0.275, "capacity_provenance": "ESTIMATED"}}, {"type": "Feature", "geometry": {"type": "LineString", "coordinates": [[72.88659261744966, 19.089926174496643], [72.88625704697986, 19.089926174496643]]}, "properties": {"edge_id": 177, "from_node": 207, "to_node": 221, "direction_provenance": "INFERRED (D8 steepest-descent on real Copernicus DEM GLO-30)", "flow_accumulation_cells": 21, "flow_accumulation_provenance": "INFERRED", "length_m": 35.26, "capacity_m3s": 0.2625, "capacity_provenance": "ESTIMATED"}}, {"type": "Feature", "geometry": {"type": "LineString", "coordinates": [[72.88927718120804, 19.089926174496643], [72.88927718120804, 19.089590604026846]]}, "properties": {"edge_id": 178, "from_node": 208, "to_node": 223, "direction_provenance": "INFERRED (D8 steepest-descent on real Copernicus DEM GLO-30)", "flow_accumulation_cells": 27, "flow_accumulation_provenance": "INFERRED", "length_m": 37.31, "capacity_m3s": 0.3375, "capacity_provenance": "ESTIMATED"}}, {"type": "Feature", "geometry": {"type": "LineString", "coordinates": [[72.89061946308725, 19.089926174496643], [72.89028389261745, 19.089590604026846]]}, "properties": {"edge_id": 179, "from_node": 209, "to_node": 224, "direction_provenance": "INFERRED (D8 steepest-descent on real Copernicus DEM GLO-30)", "flow_accumulation_cells": 24, "flow_accumulation_provenance": "INFERRED", "length_m": 51.34, "capacity_m3s": 0.3, "capacity_provenance": "ESTIMATED"}}, {"type": "Feature", "geometry": {"type": "LineString", "coordinates": [[72.89330402684564, 19.089926174496643], [72.89363959731543, 19.09026174496644]]}, "properties": {"edge_id": 180, "from_node": 225, "to_node": 211, "direction_provenance": "INFERRED (D8 steepest-descent on real Copernicus DEM GLO-30)", "flow_accumulation_cells": 12, "flow_accumulation_provenance": "INFERRED", "length_m": 51.34, "capacity_m3s": 0.15, "capacity_provenance": "ESTIMATED"}}, {"type": "Feature", "geometry": {"type": "LineString", "coordinates": [[72.89498187919463, 19.089926174496643], [72.89531744966443, 19.089926174496643]]}, "properties": {"edge_id": 181, "from_node": 212, "to_node": 214, "direction_provenance": "INFERRED (D8 steepest-descent on real Copernicus DEM GLO-30)", "flow_accumulation_cells": 27, "flow_accumulation_provenance": "INFERRED", "length_m": 35.26, "capacity_m3s": 0.3375, "capacity_provenance": "ESTIMATED"}}, {"type": "Feature", "geometry": {"type": "LineString", "coordinates": [[72.89699530201342, 19.089926174496643], [72.89733087248322, 19.089590604026846]]}, "properties": {"edge_id": 182, "from_node": 215, "to_node": 226, "direction_provenance": "INFERRED (D8 steepest-descent on real Copernicus DEM GLO-30)", "flow_accumulation_cells": 22, "flow_accumulation_provenance": "INFERRED", "length_m": 51.34, "capacity_m3s": 0.275, "capacity_provenance": "ESTIMATED"}}, {"type": "Feature", "geometry": {"type": "LineString", "coordinates": [[72.89766644295301, 19.089926174496643], [72.89733087248322, 19.089590604026846]]}, "properties": {"edge_id": 183, "from_node": 216, "to_node": 226, "direction_provenance": "INFERRED (D8 steepest-descent on real Copernicus DEM GLO-30)", "flow_accumulation_cells": 31, "flow_accumulation_provenance": "INFERRED", "length_m": 51.34, "capacity_m3s": 0.3875, "capacity_provenance": "ESTIMATED"}}, {"type": "Feature", "geometry": {"type": "LineString", "coordinates": [[72.89800201342281, 19.089926174496643], [72.89766644295301, 19.089926174496643]]}, "properties": {"edge_id": 184, "from_node": 217, "to_node": 216, "direction_provenance": "INFERRED (D8 steepest-descent on real Copernicus DEM GLO-30)", "flow_accumulation_cells": 17, "flow_accumulation_provenance": "INFERRED", "length_m": 35.26, "capacity_m3s": 0.2125, "capacity_provenance": "ESTIMATED"}}, {"type": "Feature", "geometry": {"type": "LineString", "coordinates": [[72.89867315436241, 19.089926174496643], [72.89867315436241, 19.089590604026846]]}, "properties": {"edge_id": 185, "from_node": 218, "to_node": 227, "direction_provenance": "INFERRED (D8 steepest-descent on real Copernicus DEM GLO-30)", "flow_accumulation_cells": 27, "flow_accumulation_provenance": "INFERRED", "length_m": 37.31, "capacity_m3s": 0.3375, "capacity_provenance": "ESTIMATED"}}, {"type": "Feature", "geometry": {"type": "LineString", "coordinates": [[72.88189463087248, 19.089590604026846], [72.88189463087248, 19.089255033557045]]}, "properties": {"edge_id": 186, "from_node": 228, "to_node": 229, "direction_provenance": "INFERRED (D8 steepest-descent on real Copernicus DEM GLO-30)", "flow_accumulation_cells": 13, "flow_accumulation_provenance": "INFERRED", "length_m": 37.31, "capacity_m3s": 0.1625, "capacity_provenance": "ESTIMATED"}}, {"type": "Feature", "geometry": {"type": "LineString", "coordinates": [[72.89028389261745, 19.089590604026846], [72.88994832214765, 19.089255033557045]]}, "properties": {"edge_id": 187, "from_node": 224, "to_node": 230, "direction_provenance": "INFERRED (D8 steepest-descent on real Copernicus DEM GLO-30)", "flow_accumulation_cells": 25, "flow_accumulation_provenance": "INFERRED", "length_m": 51.34, "capacity_m3s": 0.3125, "capacity_provenance": "ESTIMATED"}}, {"type": "Feature", "geometry": {"type": "LineString", "coordinates": [[72.89632416107382, 19.089590604026846], [72.89665973154362, 19.089590604026846]]}, "properties": {"edge_id": 188, "from_node": 231, "to_node": 232, "direction_provenance": "INFERRED (D8 steepest-descent on real Copernicus DEM GLO-30)", "flow_accumulation_cells": 10, "flow_accumulation_provenance": "INFERRED", "length_m": 35.26, "capacity_m3s": 0.125, "capacity_provenance": "ESTIMATED"}}, {"type": "Feature", "geometry": {"type": "LineString", "coordinates": [[72.89665973154362, 19.089590604026846], [72.89699530201342, 19.089255033557045]]}, "properties": {"edge_id": 189, "from_node": 232, "to_node": 233, "direction_provenance": "INFERRED (D8 steepest-descent on real Copernicus DEM GLO-30)", "flow_accumulation_cells": 15, "flow_accumulation_provenance": "INFERRED", "length_m": 51.34, "capacity_m3s": 0.1875, "capacity_provenance": "ESTIMATED"}}, {"type": "Feature", "geometry": {"type": "LineString", "coordinates": [[72.89733087248322, 19.089590604026846], [72.89699530201342, 19.089255033557045]]}, "properties": {"edge_id": 190, "from_node": 226, "to_node": 233, "direction_provenance": "INFERRED (D8 steepest-descent on real Copernicus DEM GLO-30)", "flow_accumulation_cells": 58, "flow_accumulation_provenance": "INFERRED", "length_m": 51.34, "capacity_m3s": 0.725, "capacity_provenance": "ESTIMATED"}}, {"type": "Feature", "geometry": {"type": "LineString", "coordinates": [[72.89867315436241, 19.089590604026846], [72.89867315436241, 19.089255033557045]]}, "properties": {"edge_id": 191, "from_node": 227, "to_node": 234, "direction_provenance": "INFERRED (D8 steepest-descent on real Copernicus DEM GLO-30)", "flow_accumulation_cells": 31, "flow_accumulation_provenance": "INFERRED", "length_m": 37.31, "capacity_m3s": 0.3875, "capacity_provenance": "ESTIMATED"}}, {"type": "Feature", "geometry": {"type": "LineString", "coordinates": [[72.88994832214765, 19.089255033557045], [72.88961275167784, 19.089255033557045]]}, "properties": {"edge_id": 192, "from_node": 230, "to_node": 235, "direction_provenance": "INFERRED (D8 steepest-descent on real Copernicus DEM GLO-30)", "flow_accumulation_cells": 26, "flow_accumulation_provenance": "INFERRED", "length_m": 35.26, "capacity_m3s": 0.325, "capacity_provenance": "ESTIMATED"}}, {"type": "Feature", "geometry": {"type": "LineString", "coordinates": [[72.89699530201342, 19.089255033557045], [72.89733087248322, 19.088919463087247]]}, "properties": {"edge_id": 193, "from_node": 233, "to_node": 236, "direction_provenance": "INFERRED (D8 steepest-descent on real Copernicus DEM GLO-30)", "flow_accumulation_cells": 81, "flow_accumulation_provenance": "INFERRED", "length_m": 51.34, "capacity_m3s": 1.0125, "capacity_provenance": "ESTIMATED"}}, {"type": "Feature", "geometry": {"type": "LineString", "coordinates": [[72.89867315436241, 19.089255033557045], [72.89833758389261, 19.088919463087247]]}, "properties": {"edge_id": 194, "from_node": 234, "to_node": 237, "direction_provenance": "INFERRED (D8 steepest-descent on real Copernicus DEM GLO-30)", "flow_accumulation_cells": 40, "flow_accumulation_provenance": "INFERRED", "length_m": 51.34, "capacity_m3s": 0.5, "capacity_provenance": "ESTIMATED"}}, {"type": "Feature", "geometry": {"type": "LineString", "coordinates": [[72.9016932885906, 19.089255033557045], [72.9016932885906, 19.088919463087247]]}, "properties": {"edge_id": 195, "from_node": 238, "to_node": 239, "direction_provenance": "INFERRED (D8 steepest-descent on real Copernicus DEM GLO-30)", "flow_accumulation_cells": 10, "flow_accumulation_provenance": "INFERRED", "length_m": 37.31, "capacity_m3s": 0.125, "capacity_provenance": "ESTIMATED"}}, {"type": "Feature", "geometry": {"type": "LineString", "coordinates": [[72.88692818791947, 19.088919463087247], [72.88692818791947, 19.08858389261745]]}, "properties": {"edge_id": 196, "from_node": 240, "to_node": 241, "direction_provenance": "INFERRED (D8 steepest-descent on real Copernicus DEM GLO-30)", "flow_accumulation_cells": 12, "flow_accumulation_provenance": "INFERRED", "length_m": 37.31, "capacity_m3s": 0.15, "capacity_provenance": "ESTIMATED"}}, {"type": "Feature", "geometry": {"type": "LineString", "coordinates": [[72.88726375838925, 19.088919463087247], [72.88692818791947, 19.088919463087247]]}, "properties": {"edge_id": 197, "from_node": 242, "to_node": 240, "direction_provenance": "INFERRED (D8 steepest-descent on real Copernicus DEM GLO-30)", "flow_accumulation_cells": 10, "flow_accumulation_provenance": "INFERRED", "length_m": 35.26, "capacity_m3s": 0.125, "capacity_provenance": "ESTIMATED"}}, {"type": "Feature", "geometry": {"type": "LineString", "coordinates": [[72.89733087248322, 19.088919463087247], [72.89733087248322, 19.08858389261745]]}, "properties": {"edge_id": 198, "from_node": 236, "to_node": 243, "direction_provenance": "INFERRED (D8 steepest-descent on real Copernicus DEM GLO-30)", "flow_accumulation_cells": 84, "flow_accumulation_provenance": "INFERRED", "length_m": 37.31, "capacity_m3s": 1.05, "capacity_provenance": "ESTIMATED"}}, {"type": "Feature", "geometry": {"type": "LineString", "coordinates": [[72.89833758389261, 19.088919463087247], [72.89800201342281, 19.08858389261745]]}, "properties": {"edge_id": 199, "from_node": 237, "to_node": 244, "direction_provenance": "INFERRED (D8 steepest-descent on real Copernicus DEM GLO-30)", "flow_accumulation_cells": 44, "flow_accumulation_provenance": "INFERRED", "length_m": 51.34, "capacity_m3s": 0.55, "capacity_provenance": "ESTIMATED"}}, {"type": "Feature", "geometry": {"type": "LineString", "coordinates": [[72.9016932885906, 19.088919463087247], [72.9016932885906, 19.08858389261745]]}, "properties": {"edge_id": 200, "from_node": 239, "to_node": 245, "direction_provenance": "INFERRED (D8 steepest-descent on real Copernicus DEM GLO-30)", "flow_accumulation_cells": 13, "flow_accumulation_provenance": "INFERRED", "length_m": 37.31, "capacity_m3s": 0.1625, "capacity_provenance": "ESTIMATED"}}, {"type": "Feature", "geometry": {"type": "LineString", "coordinates": [[72.88994832214765, 19.08858389261745], [72.89028389261745, 19.08824832214765]]}, "properties": {"edge_id": 201, "from_node": 246, "to_node": 247, "direction_provenance": "INFERRED (D8 steepest-descent on real Copernicus DEM GLO-30)", "flow_accumulation_cells": 15, "flow_accumulation_provenance": "INFERRED", "length_m": 51.34, "capacity_m3s": 0.1875, "capacity_provenance": "ESTIMATED"}}, {"type": "Feature", "geometry": {"type": "LineString", "coordinates": [[72.89028389261745, 19.08858389261745], [72.89028389261745, 19.08824832214765]]}, "properties": {"edge_id": 202, "from_node": 248, "to_node": 247, "direction_provenance": "INFERRED (D8 steepest-descent on real Copernicus DEM GLO-30)", "flow_accumulation_cells": 12, "flow_accumulation_provenance": "INFERRED", "length_m": 37.31, "capacity_m3s": 0.15, "capacity_provenance": "ESTIMATED"}}, {"type": "Feature", "geometry": {"type": "LineString", "coordinates": [[72.89464630872483, 19.08858389261745], [72.89498187919463, 19.088919463087247]]}, "properties": {"edge_id": 203, "from_node": 249, "to_node": 250, "direction_provenance": "INFERRED (D8 steepest-descent on real Copernicus DEM GLO-30)", "flow_accumulation_cells": 13, "flow_accumulation_provenance": "INFERRED", "length_m": 51.34, "capacity_m3s": 0.1625, "capacity_provenance": "ESTIMATED"}}, {"type": "Feature", "geometry": {"type": "LineString", "coordinates": [[72.89733087248322, 19.08858389261745], [72.89733087248322, 19.08824832214765]]}, "properties": {"edge_id": 204, "from_node": 243, "to_node": 251, "direction_provenance": "INFERRED (D8 steepest-descent on real Copernicus DEM GLO-30)", "flow_accumulation_cells": 86, "flow_accumulation_provenance": "INFERRED", "length_m": 37.31, "capacity_m3s": 1.075, "capacity_provenance": "ESTIMATED"}}, {"type": "Feature", "geometry": {"type": "LineString", "coordinates": [[72.89766644295301, 19.08858389261745], [72.89733087248322, 19.08824832214765]]}, "properties": {"edge_id": 205, "from_node": 252, "to_node": 251, "direction_provenance": "INFERRED (D8 steepest-descent on real Copernicus DEM GLO-30)", "flow_accumulation_cells": 48, "flow_accumulation_provenance": "INFERRED", "length_m": 51.34, "capacity_m3s": 0.6, "capacity_provenance": "ESTIMATED"}}, {"type": "Feature", "geometry": {"type": "LineString", "coordinates": [[72.89800201342281, 19.08858389261745], [72.89766644295301, 19.08858389261745]]}, "properties": {"edge_id": 206, "from_node": 244, "to_node": 252, "direction_provenance": "INFERRED (D8 steepest-descent on real Copernicus DEM GLO-30)", "flow_accumulation_cells": 45, "flow_accumulation_provenance": "INFERRED", "length_m": 35.26, "capacity_m3s": 0.5625, "capacity_provenance": "ESTIMATED"}}, {"type": "Feature", "geometry": {"type": "LineString", "coordinates": [[72.9016932885906, 19.08858389261745], [72.9013577181208, 19.08824832214765]]}, "properties": {"edge_id": 207, "from_node": 245, "to_node": 253, "direction_provenance": "INFERRED (D8 steepest-descent on real Copernicus DEM GLO-30)", "flow_accumulation_cells": 14, "flow_accumulation_provenance": "INFERRED", "length_m": 51.34, "capacity_m3s": 0.175, "capacity_provenance": "ESTIMATED"}}, {"type": "Feature", "geometry": {"type": "LineString", "coordinates": [[72.89028389261745, 19.08824832214765], [72.89028389261745, 19.08791275167785]]}, "properties": {"edge_id": 208, "from_node": 247, "to_node": 254, "direction_provenance": "INFERRED (D8 steepest-descent on real Copernicus DEM GLO-30)", "flow_accumulation_cells": 28, "flow_accumulation_provenance": "INFERRED", "length_m": 37.31, "capacity_m3s": 0.35, "capacity_provenance": "ESTIMATED"}}, {"type": "Feature", "geometry": {"type": "LineString", "coordinates": [[72.89464630872483, 19.08824832214765], [72.89464630872483, 19.08858389261745]]}, "properties": {"edge_id": 209, "from_node": 255, "to_node": 249, "direction_provenance": "INFERRED (D8 steepest-descent on real Copernicus DEM GLO-30)", "flow_accumulation_cells": 10, "flow_accumulation_provenance": "INFERRED", "length_m": 37.31, "capacity_m3s": 0.125, "capacity_provenance": "ESTIMATED"}}, {"type": "Feature", "geometry": {"type": "LineString", "coordinates": [[72.901022147651, 19.08824832214765], [72.901022147651, 19.08791275167785]]}, "properties": {"edge_id": 210, "from_node": 256, "to_node": 257, "direction_provenance": "INFERRED (D8 steepest-descent on real Copernicus DEM GLO-30)", "flow_accumulation_cells": 22, "flow_accumulation_provenance": "INFERRED", "length_m": 37.31, "capacity_m3s": 0.275, "capacity_provenance": "ESTIMATED"}}, {"type": "Feature", "geometry": {"type": "LineString", "coordinates": [[72.9013577181208, 19.08824832214765], [72.901022147651, 19.08824832214765]]}, "properties": {"edge_id": 211, "from_node": 253, "to_node": 256, "direction_provenance": "INFERRED (D8 steepest-descent on real Copernicus DEM GLO-30)", "flow_accumulation_cells": 19, "flow_accumulation_provenance": "INFERRED", "length_m": 35.26, "capacity_m3s": 0.2375, "capacity_provenance": "ESTIMATED"}}, {"type": "Feature", "geometry": {"type": "LineString", "coordinates": [[72.88759932885905, 19.08791275167785], [72.88759932885905, 19.087577181208054]]}, "properties": {"edge_id": 212, "from_node": 258, "to_node": 259, "direction_provenance": "INFERRED (D8 steepest-descent on real Copernicus DEM GLO-30)", "flow_accumulation_cells": 10, "flow_accumulation_provenance": "INFERRED", "length_m": 37.31, "capacity_m3s": 0.125, "capacity_provenance": "ESTIMATED"}}, {"type": "Feature", "geometry": {"type": "LineString", "coordinates": [[72.89028389261745, 19.08791275167785], [72.89028389261745, 19.087577181208054]]}, "properties": {"edge_id": 213, "from_node": 254, "to_node": 260, "direction_provenance": "INFERRED (D8 steepest-descent on real Copernicus DEM GLO-30)", "flow_accumulation_cells": 35, "flow_accumulation_provenance": "INFERRED", "length_m": 37.31, "capacity_m3s": 0.4375, "capacity_provenance": "ESTIMATED"}}, {"type": "Feature", "geometry": {"type": "LineString", "coordinates": [[72.9027, 19.08791275167785], [72.9027, 19.087577181208054]]}, "properties": {"edge_id": 214, "from_node": 261, "to_node": 262, "direction_provenance": "INFERRED (D8 steepest-descent on real Copernicus DEM GLO-30)", "flow_accumulation_cells": 10, "flow_accumulation_provenance": "INFERRED", "length_m": 37.31, "capacity_m3s": 0.125, "capacity_provenance": "ESTIMATED"}}, {"type": "Feature", "geometry": {"type": "LineString", "coordinates": [[72.89028389261745, 19.087577181208054], [72.89061946308725, 19.087241610738253]]}, "properties": {"edge_id": 215, "from_node": 260, "to_node": 263, "direction_provenance": "INFERRED (D8 steepest-descent on real Copernicus DEM GLO-30)", "flow_accumulation_cells": 37, "flow_accumulation_provenance": "INFERRED", "length_m": 51.34, "capacity_m3s": 0.4625, "capacity_provenance": "ESTIMATED"}}, {"type": "Feature", "geometry": {"type": "LineString", "coordinates": [[72.89431073825503, 19.087577181208054], [72.89431073825503, 19.087241610738253]]}, "properties": {"edge_id": 216, "from_node": 264, "to_node": 265, "direction_provenance": "INFERRED (D8 steepest-descent on real Copernicus DEM GLO-30)", "flow_accumulation_cells": 11, "flow_accumulation_provenance": "INFERRED", "length_m": 37.31, "capacity_m3s": 0.1375, "capacity_provenance": "ESTIMATED"}}, {"type": "Feature", "geometry": {"type": "LineString", "coordinates": [[72.9027, 19.087577181208054], [72.9027, 19.087241610738253]]}, "properties": {"edge_id": 217, "from_node": 262, "to_node": 266, "direction_provenance": "INFERRED (D8 steepest-descent on real Copernicus DEM GLO-30)", "flow_accumulation_cells": 11, "flow_accumulation_provenance": "INFERRED", "length_m": 37.31, "capacity_m3s": 0.1375, "capacity_provenance": "ESTIMATED"}}, {"type": "Feature", "geometry": {"type": "LineString", "coordinates": [[72.88793489932885, 19.087241610738253], [72.88759932885905, 19.087577181208054]]}, "properties": {"edge_id": 218, "from_node": 267, "to_node": 259, "direction_provenance": "INFERRED (D8 steepest-descent on real Copernicus DEM GLO-30)", "flow_accumulation_cells": 12, "flow_accumulation_provenance": "INFERRED", "length_m": 51.34, "capacity_m3s": 0.15, "capacity_provenance": "ESTIMATED"}}, {"type": "Feature", "geometry": {"type": "LineString", "coordinates": [[72.89061946308725, 19.087241610738253], [72.89095503355705, 19.086906040268456]]}, "properties": {"edge_id": 219, "from_node": 263, "to_node": 268, "direction_provenance": "INFERRED (D8 steepest-descent on real Copernicus DEM GLO-30)", "flow_accumulation_cells": 47, "flow_accumulation_provenance": "INFERRED", "length_m": 51.34, "capacity_m3s": 0.5875, "capacity_provenance": "ESTIMATED"}}, {"type": "Feature", "geometry": {"type": "LineString", "coordinates": [[72.89431073825503, 19.087241610738253], [72.89464630872483, 19.086906040268456]]}, "properties": {"edge_id": 220, "from_node": 265, "to_node": 269, "direction_provenance": "INFERRED (D8 steepest-descent on real Copernicus DEM GLO-30)", "flow_accumulation_cells": 17, "flow_accumulation_provenance": "INFERRED", "length_m": 51.34, "capacity_m3s": 0.2125, "capacity_provenance": "ESTIMATED"}}, {"type": "Feature", "geometry": {"type": "LineString", "coordinates": [[72.9027, 19.087241610738253], [72.9027, 19.086906040268456]]}, "properties": {"edge_id": 221, "from_node": 266, "to_node": 270, "direction_provenance": "INFERRED (D8 steepest-descent on real Copernicus DEM GLO-30)", "flow_accumulation_cells": 12, "flow_accumulation_provenance": "INFERRED", "length_m": 37.31, "capacity_m3s": 0.15, "capacity_provenance": "ESTIMATED"}}, {"type": "Feature", "geometry": {"type": "LineString", "coordinates": [[72.89095503355705, 19.086906040268456], [72.89095503355705, 19.086570469798655]]}, "properties": {"edge_id": 222, "from_node": 268, "to_node": 271, "direction_provenance": "INFERRED (D8 steepest-descent on real Copernicus DEM GLO-30)", "flow_accumulation_cells": 58, "flow_accumulation_provenance": "INFERRED", "length_m": 37.31, "capacity_m3s": 0.725, "capacity_provenance": "ESTIMATED"}}, {"type": "Feature", "geometry": {"type": "LineString", "coordinates": [[72.89464630872483, 19.086906040268456], [72.89498187919463, 19.086906040268456]]}, "properties": {"edge_id": 223, "from_node": 269, "to_node": 272, "direction_provenance": "INFERRED (D8 steepest-descent on real Copernicus DEM GLO-30)", "flow_accumulation_cells": 18, "flow_accumulation_provenance": "INFERRED", "length_m": 35.26, "capacity_m3s": 0.225, "capacity_provenance": "ESTIMATED"}}, {"type": "Feature", "geometry": {"type": "LineString", "coordinates": [[72.89498187919463, 19.086906040268456], [72.89531744966443, 19.086570469798655]]}, "properties": {"edge_id": 224, "from_node": 272, "to_node": 273, "direction_provenance": "INFERRED (D8 steepest-descent on real Copernicus DEM GLO-30)", "flow_accumulation_cells": 20, "flow_accumulation_provenance": "INFERRED", "length_m": 51.34, "capacity_m3s": 0.25, "capacity_provenance": "ESTIMATED"}}, {"type": "Feature", "geometry": {"type": "LineString", "coordinates": [[72.89095503355705, 19.086570469798655], [72.89095503355705, 19.086234899328858]]}, "properties": {"edge_id": 225, "from_node": 271, "to_node": 274, "direction_provenance": "INFERRED (D8 steepest-descent on real Copernicus DEM GLO-30)", "flow_accumulation_cells": 59, "flow_accumulation_provenance": "INFERRED", "length_m": 37.31, "capacity_m3s": 0.7375, "capacity_provenance": "ESTIMATED"}}, {"type": "Feature", "geometry": {"type": "LineString", "coordinates": [[72.89129060402684, 19.086570469798655], [72.89129060402684, 19.086234899328858]]}, "properties": {"edge_id": 226, "from_node": 275, "to_node": 276, "direction_provenance": "INFERRED (D8 steepest-descent on real Copernicus DEM GLO-30)", "flow_accumulation_cells": 11, "flow_accumulation_provenance": "INFERRED", "length_m": 37.31, "capacity_m3s": 0.1375, "capacity_provenance": "ESTIMATED"}}, {"type": "Feature", "geometry": {"type": "LineString", "coordinates": [[72.89531744966443, 19.086570469798655], [72.89531744966443, 19.086234899328858]]}, "properties": {"edge_id": 227, "from_node": 273, "to_node": 277, "direction_provenance": "INFERRED (D8 steepest-descent on real Copernicus DEM GLO-30)", "flow_accumulation_cells": 26, "flow_accumulation_provenance": "INFERRED", "length_m": 37.31, "capacity_m3s": 0.325, "capacity_provenance": "ESTIMATED"}}, {"type": "Feature", "geometry": {"type": "LineString", "coordinates": [[72.85941140939597, 19.086234899328858], [72.85907583892617, 19.086570469798655]]}, "properties": {"edge_id": 228, "from_node": 278, "to_node": 279, "direction_provenance": "INFERRED (D8 steepest-descent on real Copernicus DEM GLO-30)", "flow_accumulation_cells": 13, "flow_accumulation_provenance": "INFERRED", "length_m": 51.34, "capacity_m3s": 0.1625, "capacity_provenance": "ESTIMATED"}}, {"type": "Feature", "geometry": {"type": "LineString", "coordinates": [[72.89531744966443, 19.086234899328858], [72.89531744966443, 19.08589932885906]]}, "properties": {"edge_id": 229, "from_node": 277, "to_node": 280, "direction_provenance": "INFERRED (D8 steepest-descent on real Copernicus DEM GLO-30)", "flow_accumulation_cells": 28, "flow_accumulation_provenance": "INFERRED", "length_m": 37.31, "capacity_m3s": 0.35, "capacity_provenance": "ESTIMATED"}}, {"type": "Feature", "geometry": {"type": "LineString", "coordinates": [[72.85974697986578, 19.08589932885906], [72.85941140939597, 19.086234899328858]]}, "properties": {"edge_id": 230, "from_node": 281, "to_node": 278, "direction_provenance": "INFERRED (D8 steepest-descent on real Copernicus DEM GLO-30)", "flow_accumulation_cells": 11, "flow_accumulation_provenance": "INFERRED", "length_m": 51.34, "capacity_m3s": 0.1375, "capacity_provenance": "ESTIMATED"}}, {"type": "Feature", "geometry": {"type": "LineString", "coordinates": [[72.89363959731543, 19.08556375838926], [72.89363959731543, 19.085228187919462]]}, "properties": {"edge_id": 231, "from_node": 282, "to_node": 283, "direction_provenance": "INFERRED (D8 steepest-descent on real Copernicus DEM GLO-30)", "flow_accumulation_cells": 10, "flow_accumulation_provenance": "INFERRED", "length_m": 37.31, "capacity_m3s": 0.125, "capacity_provenance": "ESTIMATED"}}, {"type": "Feature", "geometry": {"type": "LineString", "coordinates": [[72.89431073825503, 19.08556375838926], [72.89397516778523, 19.085228187919462]]}, "properties": {"edge_id": 232, "from_node": 284, "to_node": 285, "direction_provenance": "INFERRED (D8 steepest-descent on real Copernicus DEM GLO-30)", "flow_accumulation_cells": 11, "flow_accumulation_provenance": "INFERRED", "length_m": 51.34, "capacity_m3s": 0.1375, "capacity_provenance": "ESTIMATED"}}, {"type": "Feature", "geometry": {"type": "LineString", "coordinates": [[72.85572013422819, 19.085228187919462], [72.85605570469798, 19.085228187919462]]}, "properties": {"edge_id": 233, "from_node": 286, "to_node": 287, "direction_provenance": "INFERRED (D8 steepest-descent on real Copernicus DEM GLO-30)", "flow_accumulation_cells": 18, "flow_accumulation_provenance": "INFERRED", "length_m": 35.26, "capacity_m3s": 0.225, "capacity_provenance": "ESTIMATED"}}, {"type": "Feature", "geometry": {"type": "LineString", "coordinates": [[72.85605570469798, 19.085228187919462], [72.85605570469798, 19.08556375838926]]}, "properties": {"edge_id": 234, "from_node": 287, "to_node": 288, "direction_provenance": "INFERRED (D8 steepest-descent on real Copernicus DEM GLO-30)", "flow_accumulation_cells": 25, "flow_accumulation_provenance": "INFERRED", "length_m": 37.31, "capacity_m3s": 0.3125, "capacity_provenance": "ESTIMATED"}}, {"type": "Feature", "geometry": {"type": "LineString", "coordinates": [[72.87887449664429, 19.085228187919462], [72.87887449664429, 19.08556375838926]]}, "properties": {"edge_id": 235, "from_node": 289, "to_node": 290, "direction_provenance": "INFERRED (D8 steepest-descent on real Copernicus DEM GLO-30)", "flow_accumulation_cells": 11, "flow_accumulation_provenance": "INFERRED", "length_m": 37.31, "capacity_m3s": 0.1375, "capacity_provenance": "ESTIMATED"}}, {"type": "Feature", "geometry": {"type": "LineString", "coordinates": [[72.85538456375839, 19.084892617449665], [72.85572013422819, 19.085228187919462]]}, "properties": {"edge_id": 236, "from_node": 291, "to_node": 286, "direction_provenance": "INFERRED (D8 steepest-descent on real Copernicus DEM GLO-30)", "flow_accumulation_cells": 15, "flow_accumulation_provenance": "INFERRED", "length_m": 51.34, "capacity_m3s": 0.1875, "capacity_provenance": "ESTIMATED"}}, {"type": "Feature", "geometry": {"type": "LineString", "coordinates": [[72.89296845637584, 19.084892617449665], [72.89263288590604, 19.084557046979864]]}, "properties": {"edge_id": 237, "from_node": 292, "to_node": 293, "direction_provenance": "INFERRED (D8 steepest-descent on real Copernicus DEM GLO-30)", "flow_accumulation_cells": 14, "flow_accumulation_provenance": "INFERRED", "length_m": 51.34, "capacity_m3s": 0.175, "capacity_provenance": "ESTIMATED"}}, {"type": "Feature", "geometry": {"type": "LineString", "coordinates": [[72.85504899328859, 19.084557046979864], [72.85538456375839, 19.084892617449665]]}, "properties": {"edge_id": 238, "from_node": 294, "to_node": 291, "direction_provenance": "INFERRED (D8 steepest-descent on real Copernicus DEM GLO-30)", "flow_accumulation_cells": 11, "flow_accumulation_provenance": "INFERRED", "length_m": 51.34, "capacity_m3s": 0.1375, "capacity_provenance": "ESTIMATED"}}, {"type": "Feature", "geometry": {"type": "LineString", "coordinates": [[72.85907583892617, 19.083550335570468], [72.85907583892617, 19.08388590604027]]}, "properties": {"edge_id": 239, "from_node": 295, "to_node": 296, "direction_provenance": "INFERRED (D8 steepest-descent on real Copernicus DEM GLO-30)", "flow_accumulation_cells": 10, "flow_accumulation_provenance": "INFERRED", "length_m": 37.31, "capacity_m3s": 0.125, "capacity_provenance": "ESTIMATED"}}, {"type": "Feature", "geometry": {"type": "LineString", "coordinates": [[72.86142483221477, 19.082543624161072], [72.86142483221477, 19.08287919463087]]}, "properties": {"edge_id": 240, "from_node": 297, "to_node": 298, "direction_provenance": "INFERRED (D8 steepest-descent on real Copernicus DEM GLO-30)", "flow_accumulation_cells": 22, "flow_accumulation_provenance": "INFERRED", "length_m": 37.31, "capacity_m3s": 0.275, "capacity_provenance": "ESTIMATED"}}, {"type": "Feature", "geometry": {"type": "LineString", "coordinates": [[72.85874026845637, 19.082208053691275], [72.85874026845637, 19.081872483221474]]}, "properties": {"edge_id": 241, "from_node": 299, "to_node": 300, "direction_provenance": "INFERRED (D8 steepest-descent on real Copernicus DEM GLO-30)", "flow_accumulation_cells": 10, "flow_accumulation_provenance": "INFERRED", "length_m": 37.31, "capacity_m3s": 0.125, "capacity_provenance": "ESTIMATED"}}, {"type": "Feature", "geometry": {"type": "LineString", "coordinates": [[72.86142483221477, 19.082208053691275], [72.86142483221477, 19.082543624161072]]}, "properties": {"edge_id": 242, "from_node": 301, "to_node": 297, "direction_provenance": "INFERRED (D8 steepest-descent on real Copernicus DEM GLO-30)", "flow_accumulation_cells": 18, "flow_accumulation_provenance": "INFERRED", "length_m": 37.31, "capacity_m3s": 0.225, "capacity_provenance": "ESTIMATED"}}, {"type": "Feature", "geometry": {"type": "LineString", "coordinates": [[72.86142483221477, 19.081872483221474], [72.86142483221477, 19.082208053691275]]}, "properties": {"edge_id": 243, "from_node": 302, "to_node": 301, "direction_provenance": "INFERRED (D8 steepest-descent on real Copernicus DEM GLO-30)", "flow_accumulation_cells": 13, "flow_accumulation_provenance": "INFERRED", "length_m": 37.31, "capacity_m3s": 0.1625, "capacity_provenance": "ESTIMATED"}}, {"type": "Feature", "geometry": {"type": "LineString", "coordinates": [[72.85907583892617, 19.08120134228188], [72.85874026845637, 19.081536912751677]]}, "properties": {"edge_id": 244, "from_node": 303, "to_node": 304, "direction_provenance": "INFERRED (D8 steepest-descent on real Copernicus DEM GLO-30)", "flow_accumulation_cells": 12, "flow_accumulation_provenance": "INFERRED", "length_m": 51.34, "capacity_m3s": 0.15, "capacity_provenance": "ESTIMATED"}}, {"type": "Feature", "geometry": {"type": "LineString", "coordinates": [[72.9003510067114, 19.08120134228188], [72.9000154362416, 19.08120134228188]]}, "properties": {"edge_id": 245, "from_node": 305, "to_node": 306, "direction_provenance": "INFERRED (D8 steepest-descent on real Copernicus DEM GLO-30)", "flow_accumulation_cells": 10, "flow_accumulation_provenance": "INFERRED", "length_m": 35.26, "capacity_m3s": 0.125, "capacity_provenance": "ESTIMATED"}}, {"type": "Feature", "geometry": {"type": "LineString", "coordinates": [[72.89934429530201, 19.08086577181208], [72.89900872483221, 19.08053020134228]]}, "properties": {"edge_id": 246, "from_node": 307, "to_node": 308, "direction_provenance": "INFERRED (D8 steepest-descent on real Copernicus DEM GLO-30)", "flow_accumulation_cells": 16, "flow_accumulation_provenance": "INFERRED", "length_m": 51.34, "capacity_m3s": 0.2, "capacity_provenance": "ESTIMATED"}}, {"type": "Feature", "geometry": {"type": "LineString", "coordinates": [[72.89766644295301, 19.08053020134228], [72.89766644295301, 19.080194630872484]]}, "properties": {"edge_id": 247, "from_node": 309, "to_node": 310, "direction_provenance": "INFERRED (D8 steepest-descent on real Copernicus DEM GLO-30)", "flow_accumulation_cells": 11, "flow_accumulation_provenance": "INFERRED", "length_m": 37.31, "capacity_m3s": 0.1375, "capacity_provenance": "ESTIMATED"}}, {"type": "Feature", "geometry": {"type": "LineString", "coordinates": [[72.86142483221477, 19.080194630872484], [72.86142483221477, 19.08053020134228]]}, "properties": {"edge_id": 248, "from_node": 311, "to_node": 312, "direction_provenance": "INFERRED (D8 steepest-descent on real Copernicus DEM GLO-30)", "flow_accumulation_cells": 14, "flow_accumulation_provenance": "INFERRED", "length_m": 37.31, "capacity_m3s": 0.175, "capacity_provenance": "ESTIMATED"}}, {"type": "Feature", "geometry": {"type": "LineString", "coordinates": [[72.85907583892617, 19.079859060402683], [72.85907583892617, 19.079523489932885]]}, "properties": {"edge_id": 249, "from_node": 313, "to_node": 314, "direction_provenance": "INFERRED (D8 steepest-descent on real Copernicus DEM GLO-30)", "flow_accumulation_cells": 10, "flow_accumulation_provenance": "INFERRED", "length_m": 37.31, "capacity_m3s": 0.125, "capacity_provenance": "ESTIMATED"}}, {"type": "Feature", "geometry": {"type": "LineString", "coordinates": [[72.86377382550336, 19.079859060402683], [72.86410939597316, 19.079859060402683]]}, "properties": {"edge_id": 250, "from_node": 315, "to_node": 316, "direction_provenance": "INFERRED (D8 steepest-descent on real Copernicus DEM GLO-30)", "flow_accumulation_cells": 20, "flow_accumulation_provenance": "INFERRED", "length_m": 35.26, "capacity_m3s": 0.25, "capacity_provenance": "ESTIMATED"}}, {"type": "Feature", "geometry": {"type": "LineString", "coordinates": [[72.86343825503356, 19.079523489932885], [72.86377382550336, 19.079859060402683]]}, "properties": {"edge_id": 251, "from_node": 317, "to_node": 315, "direction_provenance": "INFERRED (D8 steepest-descent on real Copernicus DEM GLO-30)", "flow_accumulation_cells": 11, "flow_accumulation_provenance": "INFERRED", "length_m": 51.34, "capacity_m3s": 0.1375, "capacity_provenance": "ESTIMATED"}}, {"type": "Feature", "geometry": {"type": "LineString", "coordinates": [[72.86108926174497, 19.07851677852349], [72.86108926174497, 19.07818120805369]]}, "properties": {"edge_id": 252, "from_node": 318, "to_node": 319, "direction_provenance": "INFERRED (D8 steepest-descent on real Copernicus DEM GLO-30)", "flow_accumulation_cells": 10, "flow_accumulation_provenance": "INFERRED", "length_m": 37.31, "capacity_m3s": 0.125, "capacity_provenance": "ESTIMATED"}}, {"type": "Feature", "geometry": {"type": "LineString", "coordinates": [[72.87182751677852, 19.07818120805369], [72.87149194630872, 19.07784563758389]]}, "properties": {"edge_id": 253, "from_node": 320, "to_node": 321, "direction_provenance": "INFERRED (D8 steepest-descent on real Copernicus DEM GLO-30)", "flow_accumulation_cells": 11, "flow_accumulation_provenance": "INFERRED", "length_m": 51.34, "capacity_m3s": 0.1375, "capacity_provenance": "ESTIMATED"}}, {"type": "Feature", "geometry": {"type": "LineString", "coordinates": [[72.85672684563758, 19.077174496644293], [72.85672684563758, 19.076838926174496]]}, "properties": {"edge_id": 254, "from_node": 322, "to_node": 323, "direction_provenance": "INFERRED (D8 steepest-descent on real Copernicus DEM GLO-30)", "flow_accumulation_cells": 12, "flow_accumulation_provenance": "INFERRED", "length_m": 37.31, "capacity_m3s": 0.15, "capacity_provenance": "ESTIMATED"}}, {"type": "Feature", "geometry": {"type": "LineString", "coordinates": [[72.9003510067114, 19.074825503355704], [72.9003510067114, 19.074489932885903]]}, "properties": {"edge_id": 255, "from_node": 324, "to_node": 325, "direction_provenance": "INFERRED (D8 steepest-descent on real Copernicus DEM GLO-30)", "flow_accumulation_cells": 13, "flow_accumulation_provenance": "INFERRED", "length_m": 37.31, "capacity_m3s": 0.1625, "capacity_provenance": "ESTIMATED"}}, {"type": "Feature", "geometry": {"type": "LineString", "coordinates": [[72.9003510067114, 19.074489932885903], [72.9006865771812, 19.074489932885903]]}, "properties": {"edge_id": 256, "from_node": 325, "to_node": 326, "direction_provenance": "INFERRED (D8 steepest-descent on real Copernicus DEM GLO-30)", "flow_accumulation_cells": 17, "flow_accumulation_provenance": "INFERRED", "length_m": 35.27, "capacity_m3s": 0.2125, "capacity_provenance": "ESTIMATED"}}, {"type": "Feature", "geometry": {"type": "LineString", "coordinates": [[72.86880738255033, 19.073483221476508], [72.86880738255033, 19.07314765100671]]}, "properties": {"edge_id": 257, "from_node": 327, "to_node": 328, "direction_provenance": "INFERRED (D8 steepest-descent on real Copernicus DEM GLO-30)", "flow_accumulation_cells": 13, "flow_accumulation_provenance": "INFERRED", "length_m": 37.31, "capacity_m3s": 0.1625, "capacity_provenance": "ESTIMATED"}}, {"type": "Feature", "geometry": {"type": "LineString", "coordinates": [[72.8768610738255, 19.07113422818792], [72.87652550335571, 19.07113422818792]]}, "properties": {"edge_id": 258, "from_node": 329, "to_node": 330, "direction_provenance": "INFERRED (D8 steepest-descent on real Copernicus DEM GLO-30)", "flow_accumulation_cells": 12, "flow_accumulation_provenance": "INFERRED", "length_m": 35.27, "capacity_m3s": 0.15, "capacity_provenance": "ESTIMATED"}}, {"type": "Feature", "geometry": {"type": "LineString", "coordinates": [[72.86243154362415, 19.070798657718118], [72.86276711409396, 19.07046308724832]]}, "properties": {"edge_id": 259, "from_node": 331, "to_node": 332, "direction_provenance": "INFERRED (D8 steepest-descent on real Copernicus DEM GLO-30)", "flow_accumulation_cells": 10, "flow_accumulation_provenance": "INFERRED", "length_m": 51.34, "capacity_m3s": 0.125, "capacity_provenance": "ESTIMATED"}}, {"type": "Feature", "geometry": {"type": "LineString", "coordinates": [[72.85739798657718, 19.070127516778523], [72.85706241610738, 19.070127516778523]]}, "properties": {"edge_id": 260, "from_node": 333, "to_node": 334, "direction_provenance": "INFERRED (D8 steepest-descent on real Copernicus DEM GLO-30)", "flow_accumulation_cells": 17, "flow_accumulation_provenance": "INFERRED", "length_m": 35.27, "capacity_m3s": 0.2125, "capacity_provenance": "ESTIMATED"}}, {"type": "Feature", "geometry": {"type": "LineString", "coordinates": [[72.85773355704698, 19.070127516778523], [72.85739798657718, 19.070127516778523]]}, "properties": {"edge_id": 261, "from_node": 335, "to_node": 333, "direction_provenance": "INFERRED (D8 steepest-descent on real Copernicus DEM GLO-30)", "flow_accumulation_cells": 15, "flow_accumulation_provenance": "INFERRED", "length_m": 35.27, "capacity_m3s": 0.1875, "capacity_provenance": "ESTIMATED"}}, {"type": "Feature", "geometry": {"type": "LineString", "coordinates": [[72.85806912751677, 19.070127516778523], [72.85773355704698, 19.070127516778523]]}, "properties": {"edge_id": 262, "from_node": 336, "to_node": 335, "direction_provenance": "INFERRED (D8 steepest-descent on real Copernicus DEM GLO-30)", "flow_accumulation_cells": 11, "flow_accumulation_provenance": "INFERRED", "length_m": 35.27, "capacity_m3s": 0.1375, "capacity_provenance": "ESTIMATED"}}, {"type": "Feature", "geometry": {"type": "LineString", "coordinates": [[72.87652550335571, 19.069456375838925], [72.87618993288591, 19.069456375838925]]}, "properties": {"edge_id": 263, "from_node": 337, "to_node": 338, "direction_provenance": "INFERRED (D8 steepest-descent on real Copernicus DEM GLO-30)", "flow_accumulation_cells": 10, "flow_accumulation_provenance": "INFERRED", "length_m": 35.27, "capacity_m3s": 0.125, "capacity_provenance": "ESTIMATED"}}, {"type": "Feature", "geometry": {"type": "LineString", "coordinates": [[72.85840469798657, 19.06844966442953], [72.85874026845637, 19.06844966442953]]}, "properties": {"edge_id": 264, "from_node": 339, "to_node": 340, "direction_provenance": "INFERRED (D8 steepest-descent on real Copernicus DEM GLO-30)", "flow_accumulation_cells": 13, "flow_accumulation_provenance": "INFERRED", "length_m": 35.27, "capacity_m3s": 0.1625, "capacity_provenance": "ESTIMATED"}}, {"type": "Feature", "geometry": {"type": "LineString", "coordinates": [[72.85874026845637, 19.06844966442953], [72.85907583892617, 19.06844966442953]]}, "properties": {"edge_id": 265, "from_node": 340, "to_node": 341, "direction_provenance": "INFERRED (D8 steepest-descent on real Copernicus DEM GLO-30)", "flow_accumulation_cells": 15, "flow_accumulation_provenance": "INFERRED", "length_m": 35.27, "capacity_m3s": 0.1875, "capacity_provenance": "ESTIMATED"}}, {"type": "Feature", "geometry": {"type": "LineString", "coordinates": [[72.9013577181208, 19.066771812080535], [72.9016932885906, 19.066771812080535]]}, "properties": {"edge_id": 266, "from_node": 342, "to_node": 343, "direction_provenance": "INFERRED (D8 steepest-descent on real Copernicus DEM GLO-30)", "flow_accumulation_cells": 12, "flow_accumulation_provenance": "INFERRED", "length_m": 35.27, "capacity_m3s": 0.15, "capacity_provenance": "ESTIMATED"}}, {"type": "Feature", "geometry": {"type": "LineString", "coordinates": [[72.87988120805369, 19.066100671140937], [72.88021677852349, 19.06576510067114]]}, "properties": {"edge_id": 267, "from_node": 344, "to_node": 345, "direction_provenance": "INFERRED (D8 steepest-descent on real Copernicus DEM GLO-30)", "flow_accumulation_cells": 11, "flow_accumulation_provenance": "INFERRED", "length_m": 51.34, "capacity_m3s": 0.1375, "capacity_provenance": "ESTIMATED"}}, {"type": "Feature", "geometry": {"type": "LineString", "coordinates": [[72.88659261744966, 19.066100671140937], [72.88659261744966, 19.066436241610738]]}, "properties": {"edge_id": 268, "from_node": 346, "to_node": 347, "direction_provenance": "INFERRED (D8 steepest-descent on real Copernicus DEM GLO-30)", "flow_accumulation_cells": 14, "flow_accumulation_provenance": "INFERRED", "length_m": 37.31, "capacity_m3s": 0.175, "capacity_provenance": "ESTIMATED"}}, {"type": "Feature", "geometry": {"type": "LineString", "coordinates": [[72.88021677852349, 19.06576510067114], [72.88055234899329, 19.06576510067114]]}, "properties": {"edge_id": 269, "from_node": 345, "to_node": 348, "direction_provenance": "INFERRED (D8 steepest-descent on real Copernicus DEM GLO-30)", "flow_accumulation_cells": 13, "flow_accumulation_provenance": "INFERRED", "length_m": 35.27, "capacity_m3s": 0.1625, "capacity_provenance": "ESTIMATED"}}, {"type": "Feature", "geometry": {"type": "LineString", "coordinates": [[72.88659261744966, 19.06576510067114], [72.88659261744966, 19.066100671140937]]}, "properties": {"edge_id": 270, "from_node": 349, "to_node": 346, "direction_provenance": "INFERRED (D8 steepest-descent on real Copernicus DEM GLO-30)", "flow_accumulation_cells": 11, "flow_accumulation_provenance": "INFERRED", "length_m": 37.31, "capacity_m3s": 0.1375, "capacity_provenance": "ESTIMATED"}}, {"type": "Feature", "geometry": {"type": "LineString", "coordinates": [[72.8785389261745, 19.064758389261744], [72.8785389261745, 19.064422818791943]]}, "properties": {"edge_id": 271, "from_node": 350, "to_node": 351, "direction_provenance": "INFERRED (D8 steepest-descent on real Copernicus DEM GLO-30)", "flow_accumulation_cells": 12, "flow_accumulation_provenance": "INFERRED", "length_m": 37.31, "capacity_m3s": 0.15, "capacity_provenance": "ESTIMATED"}}, {"type": "Feature", "geometry": {"type": "LineString", "coordinates": [[72.8785389261745, 19.064422818791943], [72.8785389261745, 19.064087248322146]]}, "properties": {"edge_id": 272, "from_node": 351, "to_node": 352, "direction_provenance": "INFERRED (D8 steepest-descent on real Copernicus DEM GLO-30)", "flow_accumulation_cells": 13, "flow_accumulation_provenance": "INFERRED", "length_m": 37.31, "capacity_m3s": 0.1625, "capacity_provenance": "ESTIMATED"}}, {"type": "Feature", "geometry": {"type": "LineString", "coordinates": [[72.86008255033556, 19.06375167785235], [72.85974697986578, 19.06375167785235]]}, "properties": {"edge_id": 273, "from_node": 353, "to_node": 354, "direction_provenance": "INFERRED (D8 steepest-descent on real Copernicus DEM GLO-30)", "flow_accumulation_cells": 12, "flow_accumulation_provenance": "INFERRED", "length_m": 35.27, "capacity_m3s": 0.15, "capacity_provenance": "ESTIMATED"}}, {"type": "Feature", "geometry": {"type": "LineString", "coordinates": [[72.86041812080536, 19.06375167785235], [72.86008255033556, 19.06375167785235]]}, "properties": {"edge_id": 274, "from_node": 355, "to_node": 353, "direction_provenance": "INFERRED (D8 steepest-descent on real Copernicus DEM GLO-30)", "flow_accumulation_cells": 10, "flow_accumulation_provenance": "INFERRED", "length_m": 35.27, "capacity_m3s": 0.125, "capacity_provenance": "ESTIMATED"}}, {"type": "Feature", "geometry": {"type": "LineString", "coordinates": [[72.89565302013422, 19.06240939597315], [72.89531744966443, 19.06240939597315]]}, "properties": {"edge_id": 275, "from_node": 356, "to_node": 357, "direction_provenance": "INFERRED (D8 steepest-descent on real Copernicus DEM GLO-30)", "flow_accumulation_cells": 12, "flow_accumulation_provenance": "INFERRED", "length_m": 35.27, "capacity_m3s": 0.15, "capacity_provenance": "ESTIMATED"}}, {"type": "Feature", "geometry": {"type": "LineString", "coordinates": [[72.8751832214765, 19.061402684563756], [72.8748476510067, 19.061402684563756]]}, "properties": {"edge_id": 276, "from_node": 358, "to_node": 359, "direction_provenance": "INFERRED (D8 steepest-descent on real Copernicus DEM GLO-30)", "flow_accumulation_cells": 10, "flow_accumulation_provenance": "INFERRED", "length_m": 35.27, "capacity_m3s": 0.125, "capacity_provenance": "ESTIMATED"}}, {"type": "Feature", "geometry": {"type": "LineString", "coordinates": [[72.8996798657718, 19.061402684563756], [72.8996798657718, 19.061738255033557]]}, "properties": {"edge_id": 277, "from_node": 360, "to_node": 361, "direction_provenance": "INFERRED (D8 steepest-descent on real Copernicus DEM GLO-30)", "flow_accumulation_cells": 11, "flow_accumulation_provenance": "INFERRED", "length_m": 37.31, "capacity_m3s": 0.1375, "capacity_provenance": "ESTIMATED"}}, {"type": "Feature", "geometry": {"type": "LineString", "coordinates": [[72.8996798657718, 19.06106711409396], [72.8996798657718, 19.061402684563756]]}, "properties": {"edge_id": 278, "from_node": 362, "to_node": 360, "direction_provenance": "INFERRED (D8 steepest-descent on real Copernicus DEM GLO-30)", "flow_accumulation_cells": 10, "flow_accumulation_provenance": "INFERRED", "length_m": 37.31, "capacity_m3s": 0.125, "capacity_provenance": "ESTIMATED"}}, {"type": "Feature", "geometry": {"type": "LineString", "coordinates": [[72.8778677852349, 19.060060402684563], [72.8782033557047, 19.059724832214762]]}, "properties": {"edge_id": 279, "from_node": 363, "to_node": 364, "direction_provenance": "INFERRED (D8 steepest-descent on real Copernicus DEM GLO-30)", "flow_accumulation_cells": 14, "flow_accumulation_provenance": "INFERRED", "length_m": 51.34, "capacity_m3s": 0.175, "capacity_provenance": "ESTIMATED"}}, {"type": "Feature", "geometry": {"type": "LineString", "coordinates": [[72.8775322147651, 19.059389261744965], [72.8778677852349, 19.059389261744965]]}, "properties": {"edge_id": 280, "from_node": 365, "to_node": 366, "direction_provenance": "INFERRED (D8 steepest-descent on real Copernicus DEM GLO-30)", "flow_accumulation_cells": 14, "flow_accumulation_provenance": "INFERRED", "length_m": 35.27, "capacity_m3s": 0.175, "capacity_provenance": "ESTIMATED"}}, {"type": "Feature", "geometry": {"type": "LineString", "coordinates": [[72.89800201342281, 19.057375838926173], [72.89766644295301, 19.057375838926173]]}, "properties": {"edge_id": 281, "from_node": 367, "to_node": 368, "direction_provenance": "INFERRED (D8 steepest-descent on real Copernicus DEM GLO-30)", "flow_accumulation_cells": 11, "flow_accumulation_provenance": "INFERRED", "length_m": 35.27, "capacity_m3s": 0.1375, "capacity_provenance": "ESTIMATED"}}, {"type": "Feature", "geometry": {"type": "LineString", "coordinates": [[72.9023644295302, 19.057375838926173], [72.9027, 19.057375838926173]]}, "properties": {"edge_id": 282, "from_node": 369, "to_node": 370, "direction_provenance": "INFERRED (D8 steepest-descent on real Copernicus DEM GLO-30)", "flow_accumulation_cells": 10, "flow_accumulation_provenance": "INFERRED", "length_m": 35.27, "capacity_m3s": 0.125, "capacity_provenance": "ESTIMATED"}}, {"type": "Feature", "geometry": {"type": "LineString", "coordinates": [[72.89867315436241, 19.056704697986575], [72.89900872483221, 19.056704697986575]]}, "properties": {"edge_id": 283, "from_node": 371, "to_node": 372, "direction_provenance": "INFERRED (D8 steepest-descent on real Copernicus DEM GLO-30)", "flow_accumulation_cells": 11, "flow_accumulation_provenance": "INFERRED", "length_m": 35.27, "capacity_m3s": 0.1375, "capacity_provenance": "ESTIMATED"}}, {"type": "Feature", "geometry": {"type": "LineString", "coordinates": [[72.88759932885905, 19.056033557046977], [72.88726375838925, 19.05569798657718]]}, "properties": {"edge_id": 284, "from_node": 373, "to_node": 374, "direction_provenance": "INFERRED (D8 steepest-descent on real Copernicus DEM GLO-30)", "flow_accumulation_cells": 13, "flow_accumulation_provenance": "INFERRED", "length_m": 51.34, "capacity_m3s": 0.1625, "capacity_provenance": "ESTIMATED"}}, {"type": "Feature", "geometry": {"type": "LineString", "coordinates": [[72.88793489932885, 19.056033557046977], [72.88759932885905, 19.056033557046977]]}, "properties": {"edge_id": 285, "from_node": 375, "to_node": 373, "direction_provenance": "INFERRED (D8 steepest-descent on real Copernicus DEM GLO-30)", "flow_accumulation_cells": 11, "flow_accumulation_provenance": "INFERRED", "length_m": 35.27, "capacity_m3s": 0.1375, "capacity_provenance": "ESTIMATED"}}, {"type": "Feature", "geometry": {"type": "LineString", "coordinates": [[72.89431073825503, 19.056033557046977], [72.89397516778523, 19.056033557046977]]}, "properties": {"edge_id": 286, "from_node": 376, "to_node": 377, "direction_provenance": "INFERRED (D8 steepest-descent on real Copernicus DEM GLO-30)", "flow_accumulation_cells": 12, "flow_accumulation_provenance": "INFERRED", "length_m": 35.27, "capacity_m3s": 0.15, "capacity_provenance": "ESTIMATED"}}, {"type": "Feature", "geometry": {"type": "LineString", "coordinates": [[72.89464630872483, 19.056033557046977], [72.89431073825503, 19.056033557046977]]}, "properties": {"edge_id": 287, "from_node": 378, "to_node": 376, "direction_provenance": "INFERRED (D8 steepest-descent on real Copernicus DEM GLO-30)", "flow_accumulation_cells": 10, "flow_accumulation_provenance": "INFERRED", "length_m": 35.27, "capacity_m3s": 0.125, "capacity_provenance": "ESTIMATED"}}, {"type": "Feature", "geometry": {"type": "LineString", "coordinates": [[72.9006865771812, 19.056033557046977], [72.9006865771812, 19.056369127516778]]}, "properties": {"edge_id": 288, "from_node": 379, "to_node": 380, "direction_provenance": "INFERRED (D8 steepest-descent on real Copernicus DEM GLO-30)", "flow_accumulation_cells": 20, "flow_accumulation_provenance": "INFERRED", "length_m": 37.31, "capacity_m3s": 0.25, "capacity_provenance": "ESTIMATED"}}, {"type": "Feature", "geometry": {"type": "LineString", "coordinates": [[72.901022147651, 19.05569798657718], [72.9006865771812, 19.056033557046977]]}, "properties": {"edge_id": 289, "from_node": 381, "to_node": 379, "direction_provenance": "INFERRED (D8 steepest-descent on real Copernicus DEM GLO-30)", "flow_accumulation_cells": 17, "flow_accumulation_provenance": "INFERRED", "length_m": 51.34, "capacity_m3s": 0.2125, "capacity_provenance": "ESTIMATED"}}, {"type": "Feature", "geometry": {"type": "LineString", "coordinates": [[72.9003510067114, 19.055362416107382], [72.9006865771812, 19.055362416107382]]}, "properties": {"edge_id": 290, "from_node": 382, "to_node": 383, "direction_provenance": "INFERRED (D8 steepest-descent on real Copernicus DEM GLO-30)", "flow_accumulation_cells": 12, "flow_accumulation_provenance": "INFERRED", "length_m": 35.27, "capacity_m3s": 0.15, "capacity_provenance": "ESTIMATED"}}, {"type": "Feature", "geometry": {"type": "LineString", "coordinates": [[72.9006865771812, 19.055362416107382], [72.901022147651, 19.055362416107382]]}, "properties": {"edge_id": 291, "from_node": 383, "to_node": 384, "direction_provenance": "INFERRED (D8 steepest-descent on real Copernicus DEM GLO-30)", "flow_accumulation_cells": 14, "flow_accumulation_provenance": "INFERRED", "length_m": 35.27, "capacity_m3s": 0.175, "capacity_provenance": "ESTIMATED"}}, {"type": "Feature", "geometry": {"type": "LineString", "coordinates": [[72.901022147651, 19.055362416107382], [72.901022147651, 19.05569798657718]]}, "properties": {"edge_id": 292, "from_node": 384, "to_node": 381, "direction_provenance": "INFERRED (D8 steepest-descent on real Copernicus DEM GLO-30)", "flow_accumulation_cells": 16, "flow_accumulation_provenance": "INFERRED", "length_m": 37.31, "capacity_m3s": 0.2, "capacity_provenance": "ESTIMATED"}}, {"type": "Feature", "geometry": {"type": "LineString", "coordinates": [[72.89431073825503, 19.05502684563758], [72.89397516778523, 19.055362416107382]]}, "properties": {"edge_id": 293, "from_node": 385, "to_node": 386, "direction_provenance": "INFERRED (D8 steepest-descent on real Copernicus DEM GLO-30)", "flow_accumulation_cells": 14, "flow_accumulation_provenance": "INFERRED", "length_m": 51.34, "capacity_m3s": 0.175, "capacity_provenance": "ESTIMATED"}}, {"type": "Feature", "geometry": {"type": "LineString", "coordinates": [[72.89464630872483, 19.054691275167784], [72.89431073825503, 19.05502684563758]]}, "properties": {"edge_id": 294, "from_node": 387, "to_node": 385, "direction_provenance": "INFERRED (D8 steepest-descent on real Copernicus DEM GLO-30)", "flow_accumulation_cells": 10, "flow_accumulation_provenance": "INFERRED", "length_m": 51.34, "capacity_m3s": 0.125, "capacity_provenance": "ESTIMATED"}}, {"type": "Feature", "geometry": {"type": "LineString", "coordinates": [[72.89431073825503, 19.054020134228185], [72.89431073825503, 19.053684563758388]]}, "properties": {"edge_id": 295, "from_node": 388, "to_node": 389, "direction_provenance": "INFERRED (D8 steepest-descent on real Copernicus DEM GLO-30)", "flow_accumulation_cells": 15, "flow_accumulation_provenance": "INFERRED", "length_m": 37.31, "capacity_m3s": 0.1875, "capacity_provenance": "ESTIMATED"}}, {"type": "Feature", "geometry": {"type": "LineString", "coordinates": [[72.89464630872483, 19.054020134228185], [72.89431073825503, 19.054020134228185]]}, "properties": {"edge_id": 296, "from_node": 390, "to_node": 388, "direction_provenance": "INFERRED (D8 steepest-descent on real Copernicus DEM GLO-30)", "flow_accumulation_cells": 12, "flow_accumulation_provenance": "INFERRED", "length_m": 35.27, "capacity_m3s": 0.15, "capacity_provenance": "ESTIMATED"}}, {"type": "Feature", "geometry": {"type": "LineString", "coordinates": [[72.89498187919463, 19.054020134228185], [72.89464630872483, 19.054020134228185]]}, "properties": {"edge_id": 297, "from_node": 391, "to_node": 390, "direction_provenance": "INFERRED (D8 steepest-descent on real Copernicus DEM GLO-30)", "flow_accumulation_cells": 11, "flow_accumulation_provenance": "INFERRED", "length_m": 35.27, "capacity_m3s": 0.1375, "capacity_provenance": "ESTIMATED"}}, {"type": "Feature", "geometry": {"type": "LineString", "coordinates": [[72.86880738255033, 19.052677852348992], [72.86914295302013, 19.05301342281879]]}, "properties": {"edge_id": 298, "from_node": 392, "to_node": 393, "direction_provenance": "INFERRED (D8 steepest-descent on real Copernicus DEM GLO-30)", "flow_accumulation_cells": 10, "flow_accumulation_provenance": "INFERRED", "length_m": 51.34, "capacity_m3s": 0.125, "capacity_provenance": "ESTIMATED"}}, {"type": "Feature", "geometry": {"type": "LineString", "coordinates": [[72.86041812080536, 19.051335570469796], [72.86008255033556, 19.051335570469796]]}, "properties": {"edge_id": 299, "from_node": 394, "to_node": 395, "direction_provenance": "INFERRED (D8 steepest-descent on real Copernicus DEM GLO-30)", "flow_accumulation_cells": 11, "flow_accumulation_provenance": "INFERRED", "length_m": 35.27, "capacity_m3s": 0.1375, "capacity_provenance": "ESTIMATED"}}]}